frame,time,gated,centroid,spread,rolloff,slope,obsir_std,flatness,crest,skewness,kurtosis,tonality,entropy,tpr,n_peaks,flux,irregularity,zcr
0,0.000000,0,-3.386154,-0.463353,-0.039746,-3.568525,-1.043353,0.760889,0.289233,-2.146805,-1.185131,-0.766770,8.430011,-0.028387,-2.506519,-1.904720,-1.478331,-0.897924
1,0.042700,0,-3.529310,-0.274417,-0.039746,-3.349909,-2.099823,1.674625,-0.042902,-1.937144,-1.136294,-1.543704,10.364233,-0.160185,-1.771936,-0.532121,-1.286376,-0.897924
2,0.085300,0,-3.353828,-0.615273,-0.039746,-3.305901,-1.620646,2.750834,-0.479511,-2.378622,-1.278986,-2.374196,7.861073,-2.447609,-1.817847,-0.514448,-1.442518,-0.897924
3,0.128000,0,-2.723480,-1.015043,-0.039746,-2.889612,-2.530089,2.218008,-0.486061,-2.268617,-1.063006,-1.973427,4.141998,-1.468390,-2.001493,-0.308264,-1.919405,-0.897924
4,0.170700,0,-2.952068,-0.752229,-0.039746,-2.940232,-2.478930,1.169641,-0.512257,-2.048996,-0.850387,-1.123251,4.539751,0.342768,-2.139227,-0.461429,-1.505988,1.113680
5,0.213300,0,-2.619577,-1.121380,-0.039746,-2.564606,-2.155869,1.755721,-0.648729,-2.653634,-1.097100,-1.609278,2.135610,0.335258,-2.185139,-0.608704,-1.744584,1.113680
6,0.256000,0,-1.970757,-1.486332,-0.039746,-1.382653,-2.538710,0.386332,-0.708170,-1.806197,-0.170263,-0.425853,0.179571,1.345677,-1.726024,0.039304,-1.023061,-0.897924
7,0.298700,0,-2.434860,-1.179846,-0.039746,-2.615333,-1.835663,0.416416,-0.298880,-2.503544,-0.944535,-0.453776,1.593525,1.386630,-1.909670,-0.149207,-1.305038,-0.897924
8,0.341300,0,-2.379444,-1.309983,-0.039746,-1.993010,-2.143279,2.340680,-1.118208,-2.295341,-0.503847,-2.067382,1.182345,-0.160231,-2.047404,-0.043170,-1.734711,-0.897924
9,0.384000,0,-1.989229,-1.735178,-0.039746,-0.389844,-1.681570,2.667028,-1.543279,-2.730842,-0.864044,-2.312398,-0.474120,0.988326,-1.726024,-0.031388,-2.358752,-0.897924
10,0.426700,0,-2.164710,-0.429980,-0.039746,-2.939403,-3.346185,1.011466,2.194159,-1.005503,-0.462909,-0.987182,3.339778,-0.928841,-3.424748,1.046662,-0.388645,-0.897924
11,0.469300,0,6.251471,10.492192,25.159491,-2.633242,-3.605475,4.150961,17.191874,-0.054086,-0.689265,-3.343275,12.994102,-2.714668,-3.516571,5.977415,-0.941936,1.113680
12,0.512000,0,-2.564162,-1.351897,-0.039746,-1.949498,-2.843985,3.519474,-1.435623,-3.319835,-1.372250,-2.920190,1.934216,0.888193,-1.955582,6.943536,-1.540111,1.113680
13,0.554700,0,-2.492584,-1.351951,-0.039746,-1.836302,-2.489823,2.172041,-1.396079,-3.345150,-1.307471,-1.937950,1.485275,1.322089,-2.276962,0.327962,-2.301748,-0.897924
14,0.597300,0,-2.400225,-1.485848,-0.039746,-0.482680,-2.290439,3.717918,-1.915644,-3.559086,-1.275030,-3.055458,0.769488,1.475579,-1.496467,-0.131534,-2.244551,-0.897924
15,0.640000,0,-1.940741,-1.807819,-0.039746,-0.480789,-0.722400,1.569050,-1.517955,-2.969461,-0.903448,-1.457530,-0.526147,1.278742,-1.955582,0.799241,-2.379047,-0.897924
16,0.682700,0,-1.776804,-2.059114,-0.039746,1.181577,-3.225551,0.017474,-1.758839,-3.333149,-1.028203,-0.075895,-0.589922,1.973765,-2.185139,0.699094,-2.264553,-0.897924
17,0.725300,0,-1.790658,-1.965830,-0.039746,-0.576591,-1.827757,-0.727809,-1.484025,-2.920921,-0.928590,0.679753,-0.608383,1.385974,-1.909670,0.540038,-1.607613,-0.897924
18,0.768000,0,-1.790658,-2.076715,-0.039746,3.560277,-1.894019,1.657060,-2.342398,-3.701014,-0.992299,-1.529513,-0.678032,2.010093,-1.863759,0.775677,-2.631301,-0.897924
19,0.810700,0,-1.719080,-2.105899,-0.039746,1.685325,-1.300526,-0.889161,-1.738755,-2.938219,-0.776407,0.852787,-0.772855,1.886481,-1.909670,0.657857,-2.131292,1.113680
20,0.853300,0,-1.721389,-2.092254,-0.039746,0.781655,-2.071610,-1.368545,-1.447474,-2.890991,-0.822730,1.389511,-0.820686,1.901703,-1.817847,0.663748,-2.127892,1.113680
21,0.896000,0,-1.792967,-1.916910,-0.039746,-0.305939,-1.356548,-0.693054,-1.176652,-2.794931,-0.732376,0.642904,-0.775372,2.026564,-1.726024,1.282302,-2.276368,-0.897924
22,0.938700,0,-1.896870,-1.896374,-0.039746,0.584329,-2.126006,0.147901,-1.784162,-3.424836,-0.966719,-0.201321,-0.677193,1.937254,-1.817847,1.618088,-2.069736,-0.897924
23,0.981300,0,-1.809130,-2.029150,-0.039746,0.947844,-1.473004,0.245441,-1.769754,-3.448838,-1.075551,-0.293903,-0.497616,1.910705,-2.001493,2.165949,-2.122117,-0.897924
24,1.024000,0,-1.728316,-2.145848,-0.039746,2.334647,-1.439469,0.966620,-2.344394,-3.161970,-1.191875,-0.948157,-0.678871,1.648859,-1.634201,2.006892,-1.904863,-0.897924
25,1.066700,0,-1.776804,-2.017702,-0.039746,1.204912,-0.794529,1.933330,-2.361609,-2.677929,-0.399603,-1.751069,-0.570622,1.723700,-2.047404,2.283769,-1.854583,-0.897924
26,1.109300,0,-1.813748,-1.872295,-0.039746,-0.257865,-0.737526,0.285709,-1.494877,-2.221874,-0.043007,-0.331897,-0.594118,1.441106,-1.680113,2.519408,-2.259310,-0.897924
27,1.152000,0,-1.670592,-1.973249,-0.039746,0.021997,-0.759725,-1.184210,-1.181641,-1.422492,0.471802,1.179056,-0.454820,1.576680,-1.496467,3.243999,-1.794366,1.113680
28,1.194700,0,-1.760641,-1.820217,-0.039746,-0.730324,-0.958876,-0.477139,-0.932712,-1.540805,0.167685,0.417800,-0.429646,1.194143,-1.083264,3.079051,-1.689218,1.113680
29,1.237300,0,-1.721389,-1.838312,-0.039746,-0.369458,-0.625015,-0.571502,-0.919239,-1.293877,0.313068,0.515417,-0.688941,1.253683,-1.588290,2.825739,-1.112391,-0.897924
30,1.280000,0,-1.594396,-1.879239,-0.039746,-0.972123,-0.113314,-2.238837,-0.609808,-0.829951,0.575090,2.462731,-0.512721,1.277182,-1.450556,3.473747,-1.226282,-0.897924
31,1.322700,0,-1.656738,-1.779550,-0.039746,-0.896084,-0.402015,-1.306228,-0.331376,-1.089173,0.321332,1.317757,-0.861804,1.289664,-1.404644,3.090833,-2.037965,-0.897924
32,1.365300,0,-1.502037,-1.904467,-0.039746,0.903650,0.619846,-1.204671,-1.462381,0.060487,1.390716,1.202058,-0.726702,1.515454,-1.450556,4.433977,-1.145853,-0.897924
33,1.408000,0,-1.495110,-1.788028,-0.039746,0.146665,-0.006802,-0.950451,-0.892731,-0.202524,0.929820,0.919506,-0.918865,1.411072,-1.220998,3.143852,-1.143541,-0.897924
34,1.450700,0,-1.497419,-1.779173,-0.039746,0.968332,-0.364729,-1.244472,-1.172473,-0.146745,1.040781,1.247148,-1.040541,1.445528,-1.083264,2.967123,-0.588542,-0.897924
35,1.493300,0,-1.384280,-1.808617,-0.039746,-0.684849,0.440544,-1.527749,-1.458514,0.680674,1.626953,1.575705,-0.875230,1.518273,-1.496467,3.785969,-0.256092,1.113680
36,1.536000,0,-1.388898,-1.716150,-0.039746,0.364940,0.403686,-1.578480,-0.887367,0.336811,1.208286,1.635901,-0.803903,1.467937,-0.945530,2.914104,-0.736146,1.113680
37,1.578700,0,-1.333483,-1.657684,-0.039746,1.172341,1.369618,-2.201092,-0.595088,0.563915,1.196474,2.413178,-0.788798,1.379630,-1.450556,3.202762,-0.789416,-0.897924
38,1.621300,0,-1.335792,-1.590866,-0.039746,0.686869,1.590174,-1.646964,-0.608186,0.438167,1.002275,1.717954,-0.899565,1.306643,-1.542378,2.584209,-0.699349,-0.897924
39,1.664000,0,-1.273450,-1.525851,-0.039746,0.733408,0.859286,-1.984523,-0.330815,0.480051,0.882511,2.134516,-0.645305,1.241647,-1.083264,2.725592,-1.240397,-0.897924
40,1.706700,0,-1.234197,-1.435653,-0.039746,0.046173,0.274539,-1.435627,-0.614985,0.594429,0.836342,1.467445,-1.007814,1.364115,-1.175087,1.623979,-0.627071,-0.897924
41,1.749300,0,-1.176473,-1.406362,-0.039746,0.132772,-0.149005,-1.840829,-0.332499,0.644621,0.790667,1.954502,-0.845021,1.236982,-0.899618,2.283769,-0.622963,1.113680
42,1.792000,0,-1.118749,-1.197322,-0.039746,0.170286,-0.458380,-2.087108,0.228232,1.216608,1.873977,2.265322,-0.747680,1.113092,-0.899618,1.959765,-0.693684,1.113680
43,1.834700,0,-1.118749,-1.114795,-0.039746,-0.317816,-0.570518,-1.631642,0.503171,1.046693,1.622238,1.699529,-0.968375,1.134249,-1.037353,1.093790,-1.227207,-0.897924
44,1.877300,0,-1.026390,-1.095175,-0.039746,0.276212,-0.189146,-1.512613,-0.072716,1.245907,1.746002,1.557853,-0.679710,1.083496,-1.129175,1.753580,-0.315935,-0.897924
45,1.920000,0,-0.968666,-0.923123,-0.039746,0.381601,-0.020161,-2.142792,0.500053,1.368545,1.868842,2.337190,-0.684745,1.034787,-1.220998,0.451673,-0.551616,-0.897924
46,1.962700,0,-0.934031,-0.907926,-0.039746,-0.102635,0.379456,-2.096918,0.214198,1.410575,1.881045,2.278024,-0.693975,1.052408,-0.991441,0.257271,0.005712,-0.897924
47,2.005300,0,-0.899397,-0.865859,-0.039746,0.154099,0.273901,-1.889412,0.210705,1.380644,1.797246,2.014926,-0.824042,1.026856,-1.220998,-0.632268,-0.000491,1.113680
48,2.048000,0,-0.887852,-0.857372,-0.039746,0.085101,0.047314,-2.116725,0.208585,1.435549,1.857914,2.303430,-0.674675,0.983027,-1.037353,-0.314155,-0.017064,1.113680
49,2.090700,0,-0.862454,-0.888871,-0.039746,-0.224257,0.054932,-1.981907,-0.364434,1.533601,1.915173,2.131198,-0.803903,0.961228,-1.083264,-0.879689,-0.348460,-0.897924
50,2.133300,0,-0.890161,-0.857022,-0.039746,0.468197,-0.620276,-1.780100,-0.082259,1.472282,1.890640,1.879773,-0.911313,0.971476,-1.175087,-1.268494,-0.182294,-0.897924
51,2.176000,0,-0.885543,-0.846077,-0.039746,0.426406,-0.807009,-2.241266,0.483773,1.394200,1.805720,2.465821,-0.711597,0.895756,-1.266910,-0.596922,-0.548632,-0.897924
52,2.218700,0,-0.860145,-0.859624,-0.039746,-0.111187,-0.528229,-1.327810,-0.378156,1.445218,1.825867,1.342476,-0.954948,0.942812,-1.175087,-0.702960,0.371799,-0.897924
53,2.261300,0,-0.797802,-0.828225,-0.039746,-1.614676,-0.488990,-2.012178,0.190996,1.350470,1.628004,2.169535,-0.845860,0.882362,-0.715972,0.204252,-0.474774,1.113680
54,2.304000,0,-0.800111,-0.921338,-0.039746,-0.819187,0.327231,-0.839831,-0.683158,1.133959,1.196285,0.799572,-0.764463,0.842954,-1.129175,0.186579,0.335733,1.113680
55,2.346700,0,-0.765477,-0.885426,-0.039746,-0.764738,0.077558,-0.631017,-0.688834,1.048442,1.024034,0.577673,-0.780407,0.849912,-1.037353,-0.738306,0.337869,-0.897924
56,2.389300,0,-0.735460,-0.803096,-0.039746,0.667776,0.483992,-1.266614,0.149206,0.770806,0.608693,1.272439,-0.543769,0.758439,-0.715972,0.422218,-0.784383,-0.897924
57,2.432000,0,-0.696208,-0.761792,-0.039746,0.236101,0.909247,-1.171690,0.147272,0.691704,0.463954,1.164865,-0.631879,0.770147,-1.083264,0.157124,-0.506152,-0.897924
58,2.474700,0,-0.659264,-0.730724,-0.039746,0.255128,0.931998,-1.320990,0.137916,0.629704,0.342635,1.334694,-0.574817,0.718944,-0.853707,0.964188,-0.450781,-0.897924
59,2.517300,0,-0.675427,-0.825901,-0.039746,1.100686,1.042378,-0.698379,-0.435601,0.407168,-0.102943,0.648511,-0.698171,0.689393,-0.670061,1.241065,-0.475593,1.113680
60,2.560000,0,-0.656956,-0.802271,-0.039746,1.400159,1.197022,-0.505261,-0.438532,0.382582,-0.135289,0.446753,-0.802225,0.699045,-0.119124,1.082008,-0.452385,1.113680
61,2.602700,0,-0.620012,-0.791873,-0.039746,0.934355,1.079952,-0.493302,-0.451444,0.396915,-0.148136,0.434394,-0.624327,0.621597,-0.440504,1.500268,-0.694000,-0.897924
62,2.645300,0,-0.589995,-0.728213,-0.039746,1.278585,1.436338,-0.006537,-0.748962,0.350610,-0.210101,-0.052549,-0.502651,0.563206,0.018611,1.647542,-0.443425,-0.897924
63,2.688000,0,-0.553052,-0.711553,-0.039746,1.399658,1.335273,0.017474,-0.745032,0.359259,-0.228850,-0.075895,-0.721667,0.616541,-0.256858,0.793350,-0.146462,-0.897924
64,2.730700,0,-0.516109,-0.647291,-0.039746,1.424868,1.159246,-0.055214,-0.198023,0.248671,-0.327433,-0.005171,-0.595796,0.537323,-0.440504,1.341211,-1.285843,1.113680
65,2.773300,0,-0.460693,-0.597797,-0.039746,1.630690,1.737007,-0.068200,-0.489179,0.236329,-0.364957,0.007532,-0.355801,0.482395,-0.348681,1.830163,-0.384461,1.113680
66,2.816000,0,-0.384498,-0.561427,-0.039746,-0.215316,1.700475,0.484432,-0.774098,0.251635,-0.397719,-0.516489,-0.537895,0.496745,0.064522,0.828696,-1.303089,-0.897924
67,2.858700,0,-0.352172,-0.409408,-0.039746,0.982618,1.432697,-0.016534,-0.223222,0.304402,-0.202245,-0.042822,-0.504329,0.458204,-0.027301,1.076117,0.269659,-0.897924
68,2.901300,0,-0.308302,-0.361466,-0.039746,1.022578,1.509603,-0.051290,0.043547,0.268252,-0.263426,-0.009062,-0.277761,0.415748,0.385902,1.370666,-0.716091,-0.897924
69,2.944000,0,-0.248268,-0.334202,-0.039746,0.813763,1.518792,-0.135002,-0.239252,0.283120,-0.273950,0.073106,-0.247552,0.375074,0.202257,1.158591,-0.126384,1.113680
70,2.986700,0,-0.236724,-0.312904,-0.039746,0.613568,1.394283,0.367646,-0.520615,0.278116,-0.282959,-0.408458,-0.444750,0.397106,-0.256858,0.192470,0.019020,1.113680
71,3.029300,0,-0.202089,-0.273646,-0.039746,0.717938,1.195023,-0.016067,-0.247672,0.256640,-0.303816,-0.043394,-0.251748,0.361904,-0.210946,1.364775,-0.033999,-0.897924
72,3.072000,0,-0.197471,-0.230144,-0.039746,0.584478,1.251722,0.657556,-0.536832,0.227243,-0.332055,-0.674073,-0.207273,0.321317,-0.165035,0.304398,0.233558,-0.897924
73,3.114700,0,-0.142056,-0.197049,-0.039746,0.914628,1.108787,-0.960074,0.311749,0.197167,-0.362889,0.930034,-0.425450,0.387195,0.294079,0.062868,-0.290970,-0.897924
74,3.157300,0,-0.098186,-0.166645,-0.039746,0.887567,1.086013,-0.030829,-0.260708,0.206253,-0.373059,-0.028974,-0.231608,0.325910,0.156345,0.593057,-0.003036,1.113680
75,3.200000,0,-0.084332,-0.151340,-0.039746,0.721111,1.024645,1.907357,-1.106919,0.224036,-0.360352,-1.730470,-0.258461,0.319742,-0.027301,0.198361,0.580292,1.113680
76,3.242700,0,-0.065860,-0.116469,-0.039746,-0.844463,0.908990,0.682595,-0.278110,0.168062,-0.401128,-0.696618,-0.276083,0.296432,0.064522,0.581275,-0.278353,-0.897924
77,3.285300,0,-0.047388,-0.090784,-0.039746,1.654830,0.906267,0.233389,-0.278110,0.182347,-0.394336,-0.282574,-0.136785,0.256692,0.339991,1.647542,0.006005,-0.897924
78,3.328000,0,0.035734,0.018218,-0.039746,-0.662297,0.692317,1.212151,-0.565835,0.272722,-0.264249,-1.159528,-0.310488,0.228836,0.202257,0.604839,0.672700,-0.897924
79,3.370700,0,0.137329,0.137177,-0.039746,-1.310796,0.567418,-0.077730,-0.013899,0.287056,-0.256056,0.016916,-0.093989,0.210885,0.156345,2.089366,-0.606449,1.113680
80,3.413300,0,0.100385,0.108236,-0.039746,0.948293,0.529510,-0.112112,-0.019076,0.206739,-0.334706,0.050676,-0.110772,0.185233,-0.027301,1.064335,0.361517,1.113680
81,3.456000,0,0.211216,0.232641,-0.039746,0.098231,0.309008,-0.467703,0.525002,0.230207,-0.309529,0.408073,-0.183777,0.179925,0.202257,0.675530,0.096458,-0.897924
82,3.498700,0,0.255086,0.288989,-0.039746,0.405529,0.315038,0.039337,-0.048079,0.212035,-0.344223,-0.097066,0.093979,0.082737,0.156345,0.887606,0.760409,-0.897924
83,3.541300,0,0.257395,0.311202,-0.039746,0.046019,0.257934,0.162943,-0.047019,0.193474,-0.360089,-0.215626,0.019295,0.109054,0.431814,-0.267027,0.386516,-0.897924
84,3.584000,0,0.345136,0.341211,-0.039746,-2.599546,0.201204,1.177489,-0.608685,0.189976,-0.383421,-1.130003,0.017617,0.087056,0.064522,-0.166880,0.102521,1.113680
85,3.626700,0,0.386697,0.392159,-0.039746,-1.110066,0.147967,0.194802,-0.062737,0.154603,-0.423128,-0.245953,0.157753,0.059121,0.294079,-0.373065,-0.497193,1.113680
86,3.669300,0,0.405169,0.420213,-0.039746,0.541674,0.083308,-0.003454,0.212514,0.129191,-0.445067,-0.055639,0.069643,0.101478,0.431814,-0.944490,0.074830,-0.897924
87,3.712000,0,0.430568,0.457668,-0.039746,0.107536,0.149742,-0.194983,0.477411,0.086676,-0.487345,0.132615,0.193836,0.078836,0.248168,-1.068201,-0.200329,-0.897924
88,3.754700,0,0.525235,0.527429,-0.039746,-1.546012,0.182398,-0.353346,0.479033,0.066997,-0.532849,0.291458,0.211458,0.081914,0.569548,-0.885580,0.060048,1.113680
89,3.797300,0,0.499837,0.491167,-0.039746,-0.917205,0.140171,0.582626,-0.074088,0.083275,-0.507238,-0.606325,0.200550,0.103225,0.385902,-1.150674,-0.522871,1.113680
90,3.840000,0,0.518308,0.554118,-0.039746,-0.071666,0.205235,-0.417158,0.472047,0.046639,-0.545227,0.356346,0.310477,0.072768,0.339991,-0.820779,0.991942,-0.897924
91,3.882700,0,0.550634,0.580835,-0.039746,0.458334,0.168478,-0.737059,1.020553,0.020061,-0.570781,0.689595,0.153558,0.105817,0.431814,-0.679396,0.749396,-0.897924
92,3.925300,0,0.534471,0.577506,-0.039746,-0.871824,0.201850,0.539088,-0.086251,0.039982,-0.553762,-0.566500,0.287820,0.062912,0.523637,0.257271,1.664472,-0.897924
93,3.968000,0,0.569106,0.567414,-0.039746,0.210787,0.064821,-0.473215,0.741747,0.027155,-0.563253,0.413795,0.177054,0.078839,0.202257,0.056977,0.132805,1.113680
94,4.010700,0,0.587577,0.603622,-0.039746,0.020202,0.123185,-0.037556,0.186193,0.037115,-0.564331,-0.022451,0.323064,0.029871,0.248168,0.481128,0.719803,1.113680
95,4.053300,0,0.606049,0.602859,-0.039746,-1.254130,0.009600,0.278702,0.180579,0.035026,-0.565391,-0.325260,0.328938,0.032143,0.294079,-0.832561,0.107366,-0.897924
96,4.096000,0,0.615285,0.630024,-0.039746,0.328313,0.080865,-0.202925,0.454645,0.014765,-0.586090,0.140512,0.363343,0.041352,0.385902,-0.691178,0.719838,-0.897924
97,4.138700,0,0.659155,0.647186,-0.039746,-1.400040,-0.045838,-0.003360,0.454521,0.008545,-0.595857,-0.055753,0.254255,0.043944,0.339991,-0.850234,0.113704,1.113680
98,4.181300,0,0.670700,0.669085,-0.039746,0.428983,0.026804,-0.179941,0.445165,-0.008024,-0.611806,0.117624,0.423761,0.009824,0.569548,-0.396629,0.729236,1.113680
99,4.224000,0,0.675318,0.698359,-0.039746,-0.400632,-0.063571,-0.728183,1.267425,-0.044951,-0.638552,0.680211,0.348238,0.044575,0.064522,-0.449647,0.480984,-0.897924
100,4.266700,0,0.679936,0.701615,-0.039746,-0.159416,-0.109906,-0.083616,0.713243,-0.039412,-0.637978,0.022638,0.402783,0.030814,0.294079,-0.667614,0.831183,-0.897924
101,4.309300,0,0.654537,0.698762,-0.039746,-0.020928,0.043587,0.502371,0.162367,-0.039023,-0.636554,-0.532969,0.541241,0.013381,0.431814,-0.178662,1.086749,-0.897924
102,4.352000,0,0.721497,0.705527,-0.039746,-1.307826,-0.101588,-0.265989,0.450716,-0.027799,-0.638214,0.203454,0.343204,0.081288,0.477725,-0.249354,0.755909,1.113680
103,4.394700,0,0.709952,0.705437,-0.039746,0.190727,0.004815,-0.502085,0.719168,-0.038829,-0.645645,0.443435,0.403622,0.040350,0.431814,-1.074092,0.727586,1.113680
104,4.437300,0,0.714570,0.709833,-0.039746,-0.266093,0.035503,-0.405853,0.715987,-0.045145,-0.652945,0.344787,0.452292,0.033860,0.339991,-1.015182,0.141080,-0.897924
105,4.480000,0,0.716879,0.716014,-0.039746,0.144124,0.094762,-0.416317,0.717921,-0.053357,-0.661205,0.355545,0.459005,0.055313,0.661371,-1.021073,0.731074,-0.897924
106,4.522700,0,0.728424,0.715297,-0.039746,-0.212786,0.095073,-0.341667,0.715488,-0.053551,-0.662068,0.279556,0.445579,0.045314,0.294079,-0.944490,0.136632,-0.897924
107,4.565300,0,0.721497,0.701893,-0.039746,-1.114131,0.114619,0.241610,0.170288,-0.042376,-0.654694,-0.290241,0.494249,0.060798,0.523637,-0.838452,0.124928,1.113680
108,4.608000,0,0.698408,0.716212,-0.039746,-0.361704,0.184397,-0.535719,0.995479,-0.076922,-0.675625,0.478339,0.430474,0.091506,0.339991,-0.484993,1.062282,-0.897924
109,4.650700,0,0.682245,0.698430,-0.039746,-0.036698,0.231013,-0.079599,0.446163,-0.057244,-0.663128,0.018747,0.485858,0.072104,0.248168,-0.620486,1.411468,-0.897924
110,4.693300,0,0.673009,0.701768,-0.039746,-0.207307,0.287813,-0.298223,0.451527,-0.055932,-0.662703,0.235840,0.482501,0.078923,0.248168,-0.744197,1.033274,-0.897924
111,4.736000,0,0.703026,0.683081,-0.039746,-1.404829,0.288879,-0.336248,0.458887,-0.042910,-0.655636,0.274178,0.373413,0.121390,0.339991,-0.549794,0.733578,1.113680
112,4.778700,0,0.703026,0.685198,-0.039746,-1.349014,0.335440,-0.020551,0.178833,-0.045340,-0.661279,-0.039045,0.474110,0.075676,0.431814,-1.115328,0.730371,1.113680
113,4.821300,0,0.691481,0.676235,-0.039746,-1.393245,0.248722,-0.289347,0.458637,-0.040287,-0.653370,0.226914,0.401104,0.116739,0.431814,-1.085873,0.121552,-0.897924
114,4.864000,0,0.677627,0.681582,-0.039746,-0.260897,0.285253,-0.089128,0.453897,-0.045243,-0.654325,0.028017,0.422922,0.100086,0.523637,-1.250821,0.756056,-0.897924
115,4.906700,0,0.682245,0.676271,-0.039746,-0.208081,0.337089,-0.575987,0.731331,-0.043396,-0.653300,0.520109,0.452292,0.094876,0.248168,-1.345077,0.102995,-0.897924
116,4.949300,0,0.684554,0.665703,-0.039746,-1.403314,0.295345,-0.193115,0.459386,-0.035962,-0.648025,0.130670,0.422083,0.106872,0.248168,-1.256712,0.120668,1.113680
117,4.992000,0,0.677627,0.656893,-0.039746,-1.381209,0.373169,-0.446121,0.459136,-0.036934,-0.651377,0.385986,0.458166,0.096720,0.431814,-1.345077,0.117760,1.113680
118,5.034700,0,0.656846,0.672297,-0.039746,-0.387035,0.313000,-1.054717,1.285014,-0.059722,-0.659391,1.034289,0.371734,0.137802,0.385902,-0.655832,0.448682,-0.897924
119,5.077300,0,0.654537,0.665613,-0.039746,0.003801,0.398706,-0.287572,0.456142,-0.047478,-0.655601,0.225083,0.459005,0.099017,0.294079,-0.726524,1.357256,-0.897924
120,5.120000,0,0.652228,0.660042,-0.039746,-0.254122,0.433113,0.008412,0.185070,-0.041841,-0.654593,-0.067083,0.434670,0.110002,0.248168,-0.832561,0.711768,1.113680
121,5.162700,0,0.629139,0.608251,-0.039746,0.194526,0.490847,-0.642976,0.740001,-0.045340,-0.647591,0.590147,0.334812,0.132089,0.385902,-0.208117,0.138019,1.113680
122,5.205300,0,0.626830,0.629630,-0.039746,0.293171,0.463544,-0.355401,0.465062,-0.027459,-0.633951,0.293518,0.406139,0.128757,0.339991,-1.150674,0.704172,-0.897924
123,5.248000,0,0.592195,0.608143,-0.039746,-0.027882,0.445235,-0.377824,0.739439,-0.038877,-0.632176,0.316292,0.335651,0.148133,0.202257,-0.490884,-0.167629,-0.897924
124,5.290700,0,0.619903,0.596041,-0.039746,-1.194837,0.525277,0.132392,0.188501,-0.018859,-0.625705,-0.186558,0.390196,0.116650,0.248168,-1.209584,-0.484968,-0.897924
125,5.333300,0,0.654537,0.631307,-0.039746,-1.392577,0.545406,-0.297475,0.465436,-0.027508,-0.639945,0.235039,0.386839,0.117604,0.248168,-1.415769,0.092678,1.113680
126,5.376000,0,0.642992,0.620775,-0.039746,-1.442872,0.542115,-0.304015,0.467120,-0.027362,-0.640370,0.241677,0.378448,0.122216,0.339991,-1.521806,0.067245,1.113680
127,5.418700,0,0.626830,0.624911,-0.039746,-0.468678,0.557303,-0.068761,0.187690,-0.030277,-0.641632,0.007990,0.428796,0.100449,0.110434,-1.091764,1.318370,-0.897924
128,5.461300,0,0.569106,0.578233,-0.039746,0.231670,0.481284,0.194429,0.191557,-0.015992,-0.616065,-0.245724,0.347399,0.135704,0.110434,-0.779542,0.745621,-0.897924
129,5.504000,0,0.589886,0.604887,-0.039746,-0.095921,0.556548,0.429403,-0.086813,-0.011182,-0.619995,-0.465792,0.484179,0.101239,0.248168,-0.708851,0.706864,-0.897924
130,5.546700,0,0.576032,0.572393,-0.039746,-0.014774,0.565714,-0.157145,0.196110,-0.011425,-0.617270,0.095079,0.404461,0.130212,0.477725,-0.879689,0.107308,1.113680
131,5.589300,0,0.587577,0.569809,-0.039746,-0.254663,0.555988,0.049333,0.195362,-0.012542,-0.615303,-0.106794,0.299568,0.144651,0.248168,-0.644050,0.110158,1.113680
132,5.632000,0,0.612976,0.610754,-0.039746,-0.362844,0.618352,-0.612144,0.743119,-0.023961,-0.631493,0.557875,0.348238,0.123559,0.385902,-1.074092,0.090285,-0.897924
133,5.674700,0,0.566797,0.559214,-0.039746,-0.120964,0.624514,-0.252255,0.471923,-0.010599,-0.612595,0.189721,0.326421,0.145562,0.523637,-1.374532,-0.493430,-0.897924
134,5.717300,0,0.580650,0.553427,-0.039746,-0.740417,0.641126,0.063722,0.195487,-0.005546,-0.610356,-0.120641,0.325582,0.127192,0.431814,-1.403987,0.089506,1.113680
135,5.760000,0,0.543707,0.529384,-0.039746,0.208548,0.715465,0.009252,0.196859,0.003929,-0.596746,-0.067884,0.360826,0.123585,0.248168,-1.003400,-0.528764,1.113680
136,5.802700,0,0.543707,0.564902,-0.039746,-1.322105,0.707972,0.049240,0.192805,-0.006323,-0.605571,-0.106679,0.405300,0.105239,0.018611,-1.121219,1.032391,-0.897924
137,5.845300,0,0.525235,0.571029,-0.039746,0.679660,0.644402,0.281037,0.189623,-0.006857,-0.604655,-0.327434,0.408657,0.111316,-0.119124,-0.915035,0.705331,-0.897924
138,5.888000,0,0.532162,0.547067,-0.039746,-0.097349,0.646145,0.371570,-0.078330,0.003541,-0.599069,-0.412120,0.339008,0.131077,0.156345,-1.097655,0.178316,-0.897924
139,5.930700,0,0.559870,0.540410,-0.039746,-1.361459,0.616632,-0.063249,0.201786,0.008545,-0.595002,0.002726,0.245024,0.145717,0.202257,-0.909144,0.108794,1.113680
140,5.973300,0,0.557561,0.528200,-0.039746,-2.643162,0.679183,0.281411,-0.072654,0.018457,-0.588193,-0.327777,0.239989,0.154309,0.294079,-1.032855,-0.490013,1.113680
141,6.016000,0,0.566797,0.565888,-0.039746,-0.336174,0.624211,-0.700248,0.748359,0.001500,-0.603590,0.650571,0.311316,0.119700,0.064522,-0.968054,0.067052,-0.897924
142,6.058700,0,0.548325,0.575452,-0.039746,-0.387503,0.643679,-0.882995,1.026042,-0.017450,-0.615298,0.846149,0.311316,0.143372,-0.027301,-1.121219,0.409538,-0.897924
143,6.101300,0,0.539089,0.517354,-0.039746,-1.269225,0.679245,0.046998,0.201287,0.019040,-0.583978,-0.104505,0.281946,0.126450,0.339991,-0.956272,-0.519899,-0.897924
144,6.144000,0,0.571415,0.569755,-0.039746,-0.442411,0.615955,-0.078851,0.200476,0.006796,-0.600996,0.017946,0.260129,0.112291,0.294079,-0.732415,1.283018,1.113680
145,6.186700,0,0.539089,0.535458,-0.039746,-0.224690,0.533323,-0.237681,0.472858,0.009080,-0.588557,0.175072,0.236633,0.112091,0.339991,-0.915035,0.102972,1.113680
146,6.229300,0,0.527544,0.562067,-0.039746,-0.117311,0.532117,-0.433227,0.472671,0.013113,-0.581288,0.372825,0.299568,0.109437,0.477725,-0.160989,1.038956,-0.897924
147,6.272000,0,0.569106,0.580467,-0.039746,0.536936,0.481261,-1.213453,1.297675,-0.004865,-0.603174,1.212015,0.274394,0.110419,0.202257,-0.543903,0.107249,-0.897924
148,6.314700,0,0.557561,0.539342,-0.039746,0.241310,0.462727,-0.609808,0.746612,0.007379,-0.588763,0.555471,0.229080,0.098459,0.202257,-1.103546,0.091432,1.113680
149,6.357300,0,0.552943,0.558702,-0.039746,-0.100092,0.450106,0.009439,0.192867,0.026232,-0.575539,-0.068113,0.327260,0.083708,0.523637,-0.119752,0.701697,1.113680
150,6.400000,0,0.566797,0.575533,-0.039746,0.025665,0.396449,-0.068294,0.191744,0.026620,-0.575776,0.007647,0.318029,0.087008,0.799105,-0.885580,0.698244,-0.897924
151,6.442700,0,0.571415,0.589564,-0.039746,0.769261,0.282818,-0.403424,0.732765,0.006602,-0.588399,0.342270,0.358308,0.057755,0.477725,-0.797215,0.068316,-0.897924
152,6.485300,0,0.631448,0.612871,-0.039746,-2.859079,0.364633,0.054659,0.184696,0.007476,-0.602863,-0.111829,0.374252,0.060854,0.615460,-0.573358,0.101965,-0.897924
153,6.528000,0,0.580650,0.583957,-0.039746,0.852193,0.326320,-0.356149,0.731892,0.001937,-0.588934,0.294319,0.276072,0.059683,0.431814,-0.272918,-0.461192,1.113680
154,6.570700,0,0.601431,0.608036,-0.039746,0.235472,0.270641,-0.289627,0.455269,0.008448,-0.590082,0.227143,0.342364,0.032465,0.064522,0.098214,0.825173,1.113680
155,6.613300,0,0.589886,0.612889,-0.039746,0.710830,0.201157,-0.467983,0.726092,0.001548,-0.592641,0.408416,0.321386,0.033542,0.431814,-1.091764,0.123067,-0.897924
156,6.656000,0,0.571415,0.627207,-0.039746,-0.228152,0.236171,0.625604,0.168542,-0.012494,-0.604695,-0.645234,0.407818,0.017095,0.248168,-0.096188,1.081922,-0.897924
157,6.698700,0,0.659155,0.657575,-0.039746,0.049341,0.160907,-0.334099,0.718544,-0.025467,-0.628588,0.272003,0.342364,0.013250,0.339991,-0.449647,1.338992,1.113680
158,6.741300,0,0.656846,0.663478,-0.039746,0.483393,0.091128,-0.844876,1.270668,-0.036885,-0.633754,0.804951,0.260968,0.035146,0.385902,-0.767760,0.245080,1.113680
159,6.784000,0,0.668391,0.681493,-0.039746,-1.315525,0.044194,0.077736,0.707255,-0.052968,-0.645992,-0.134030,0.367539,-0.003491,0.753194,0.157124,1.761047,-0.897924
160,6.826700,0,0.659155,0.670530,-0.039746,0.387975,0.022556,-0.055868,0.437493,-0.020997,-0.621516,-0.004599,0.473271,-0.001584,0.385902,0.021631,0.792291,-0.897924
161,6.869300,0,0.700717,0.675805,-0.039746,-1.412297,-0.067975,0.050455,0.440674,-0.018956,-0.625661,-0.107824,0.304603,0.023150,0.339991,-0.196335,0.119158,-0.897924
162,6.912000,0,0.673009,0.683395,-0.039746,0.351390,-0.038944,-0.233102,0.708191,-0.036983,-0.632601,0.170495,0.428796,-0.021969,0.248168,-0.261136,0.443356,1.113680
163,6.954700,0,0.686863,0.709887,-0.039746,0.590363,-0.065267,-1.012674,1.527457,-0.062589,-0.653107,0.987826,0.428796,-0.017067,0.615460,-0.585140,-0.129304,1.113680
164,6.997300,0,0.677627,0.680784,-0.039746,0.127305,-0.040485,-0.011582,0.431692,-0.028431,-0.628649,-0.047628,0.429635,-0.027103,0.569548,-0.284700,0.848253,-0.897924
165,7.040000,0,0.698408,0.722877,-0.039746,-0.433117,-0.092010,-0.407161,0.974210,-0.062103,-0.656446,0.346160,0.428796,-0.034446,0.569548,-0.314155,1.107857,-0.897924
166,7.082700,0,0.739969,0.710210,-0.039746,0.102034,-0.110972,-0.579070,0.976892,-0.047186,-0.650211,0.523314,0.341525,-0.033511,-0.027301,-0.431974,0.757893,1.113680
167,7.125300,0,0.739969,0.719863,-0.039746,-1.226452,-0.054039,0.140707,0.156005,-0.024398,-0.637333,-0.194455,0.445579,-0.062872,0.523637,0.115887,0.767607,1.113680
168,7.168000,0,0.735351,0.720464,-0.039746,0.622820,-0.116356,-0.666333,1.246156,-0.048498,-0.646736,0.614751,0.297890,-0.033490,0.248168,-0.308264,0.143415,-0.897924
169,7.210700,0,0.691481,0.715898,-0.039746,0.768744,0.047773,-0.325504,0.961861,-0.055592,-0.647359,0.263306,0.517745,-0.100165,0.156345,0.669639,-0.143665,-0.897924
170,7.253300,0,0.737660,0.728736,-0.039746,-0.066191,0.080686,-0.060726,0.689229,-0.051851,-0.653524,0.000208,0.484179,-0.087590,0.385902,-0.066733,0.819865,-0.897924
171,7.296000,0,0.739969,0.730297,-0.039746,0.273126,0.143696,-0.621394,0.965104,-0.057924,-0.658641,0.567488,0.424600,-0.099071,0.431814,-0.337719,0.445165,1.113680
172,7.338700,0,0.749205,0.742148,-0.039746,-0.237978,0.117894,-0.612331,0.959054,-0.059188,-0.661340,0.557989,0.474110,-0.126361,0.523637,-0.231681,0.468297,1.113680
173,7.381300,0,0.756132,0.746875,-0.039746,-0.373975,-0.070683,-0.230113,0.958430,-0.059625,-0.656954,0.167519,0.334812,-0.087884,0.339991,-0.243463,1.102327,-0.897924
174,7.424000,0,0.765368,0.745781,-0.039746,0.063393,-0.063096,-0.262439,0.680871,-0.047818,-0.652161,0.199792,0.446418,-0.146836,0.615460,0.675530,1.452900,-0.897924
175,7.466700,0,0.783839,0.744983,-0.039746,-1.377605,-0.136026,-0.052130,0.412419,-0.035185,-0.645124,-0.008261,0.401104,-0.134678,0.569548,-0.726524,0.806008,1.113680
176,7.509300,0,0.786148,0.762782,-0.039746,0.632035,-0.295534,-0.587572,1.222828,-0.054232,-0.652941,0.532240,0.359986,-0.141671,0.799105,-0.331828,0.192366,1.113680
177,7.552000,0,0.744587,0.741385,-0.039746,0.853193,-0.204156,-0.240297,0.675382,-0.033436,-0.633443,0.177705,0.490893,-0.174881,0.156345,0.528256,0.209308,-0.897924
178,7.594700,0,0.781530,0.757740,-0.039746,-0.332815,-0.259477,-0.574959,1.215032,-0.054280,-0.650312,0.519080,0.349917,-0.174933,0.431814,0.080541,0.496065,-0.897924
179,7.637300,0,0.776913,0.729606,-0.039746,-1.106963,-0.164131,0.620745,0.125754,-0.020171,-0.627847,-0.640771,0.426279,-0.202826,0.431814,1.052553,0.172089,1.113680
180,7.680000,0,0.793075,0.743888,-0.039746,-0.217409,-0.323421,-0.481997,0.942774,-0.034602,-0.638521,0.422835,0.349078,-0.206546,0.523637,0.445782,0.195409,1.113680
181,7.722700,0,0.746896,0.716355,-0.039746,0.292319,-0.330135,0.230679,0.391462,-0.015409,-0.614864,-0.279942,0.384322,-0.245887,0.294079,1.034880,0.846012,-0.897924
182,7.765300,0,0.730733,0.728771,-0.039746,-0.285440,-0.329077,0.146219,0.388031,-0.024204,-0.622712,-0.199719,0.417887,-0.274719,0.845017,1.258738,1.144479,-0.897924
183,7.808000,0,0.753823,0.705285,-0.039746,-0.739959,-0.264177,0.939152,-0.157481,0.003152,-0.600037,-0.924125,0.337330,-0.291743,0.661371,1.152700,1.480551,1.113680
184,7.850700,0,0.763059,0.710622,-0.039746,-1.367626,-0.281840,0.415762,0.112656,0.000674,-0.606977,-0.453204,0.366700,-0.331427,0.661371,1.447249,0.848669,1.113680
185,7.893300,0,0.758441,0.705877,-0.039746,-0.067913,-0.350016,-0.240483,0.920008,-0.018276,-0.614014,0.177933,0.286981,-0.334462,0.431814,0.869933,0.880152,-0.897924
186,7.936000,0,0.712261,0.664026,-0.039746,-0.123756,-0.242313,0.288045,0.375370,0.016368,-0.580241,-0.334072,0.319708,-0.370190,0.845017,1.376557,0.213802,-0.897924
187,7.978700,0,0.730733,0.657414,-0.039746,-1.443071,-0.315391,0.129402,0.377365,0.020790,-0.581064,-0.183697,0.277751,-0.387754,0.477725,0.581275,0.216026,1.113680
188,8.021300,0,0.673009,0.574573,-0.039746,-0.038480,-0.308660,0.160421,0.378301,0.000431,-0.597123,-0.213223,0.146844,-0.385456,0.339991,0.858151,0.855919,1.113680
189,8.064000,0,0.612976,0.525554,-0.039746,0.579373,-0.140850,0.478360,0.104859,0.026717,-0.566272,-0.510882,0.207263,-0.416454,0.661371,1.517941,0.844742,-0.897924
190,8.106700,0,0.587577,0.510248,-0.039746,-0.011615,-0.079366,-0.048860,0.644508,0.016028,-0.564716,-0.011351,0.153558,-0.428692,0.339991,0.793350,0.531978,-0.897924
191,8.149300,0,0.569106,0.481217,-0.039746,0.397299,0.013312,0.508350,0.106293,0.045278,-0.541437,-0.538462,0.069643,-0.434839,0.569548,0.722658,1.533154,1.113680
192,8.192000,0,0.550634,0.441797,-0.039746,-1.113206,0.166323,1.083313,-0.436038,0.075841,-0.519007,-1.049323,0.137614,-0.478135,0.569548,1.076117,0.847235,1.113680
193,8.234700,0,0.543707,0.434190,-0.039746,-0.032287,0.106674,0.028032,0.375931,0.068212,-0.515795,-0.086194,0.059574,-0.483062,0.385902,0.487019,0.220356,-0.897924
194,8.277300,0,0.490601,0.409510,-0.039746,0.056817,0.246691,-0.016534,0.373436,0.076910,-0.498229,-0.042822,0.092300,-0.519346,0.523637,0.763895,0.518712,-0.897924
195,8.320000,0,0.485983,0.343418,-0.039746,-0.902999,0.339151,0.841798,-0.166962,0.114323,-0.460814,-0.838524,0.015099,-0.514956,0.615460,0.640184,-0.435630,1.113680
196,8.362700,0,0.490601,0.363604,-0.039746,-1.131867,0.437478,0.750518,-0.167086,0.126276,-0.455289,-0.757386,-0.017627,-0.540511,0.661371,0.227816,0.171972,1.113680
197,8.405300,0,0.451348,0.323619,-0.039746,0.254365,0.522305,0.258895,0.100181,0.125013,-0.442455,-0.306606,0.019295,-0.562268,0.661371,0.322071,-0.407032,-0.897924
198,8.448000,0,0.416714,0.320559,-0.039746,1.392177,0.529066,0.593371,-0.168708,0.133370,-0.428355,-0.616052,-0.020145,-0.550340,0.615460,0.163015,0.235975,-0.897924
199,8.490700,0,0.430568,0.310960,-0.039746,0.520154,0.530467,1.043605,-0.443398,0.154895,-0.409830,-1.014990,-0.030214,-0.585776,0.707283,-0.049061,0.252922,1.113680
200,8.533300,0,0.442112,0.322147,-0.039746,0.415621,0.497881,0.705205,-0.170891,0.152951,-0.409952,-0.716874,-0.048676,-0.573996,0.753194,-0.166880,0.237608,1.113680
201,8.576000,0,0.435186,0.326992,-0.039746,1.155430,0.426126,0.077829,0.365140,0.141921,-0.409260,-0.134259,-0.062941,-0.597550,0.707283,0.168906,-0.386076,-0.897924
202,8.618700,0,0.419023,0.336806,-0.039746,1.299994,0.322959,0.048960,0.361024,0.143671,-0.401320,-0.106336,-0.013432,-0.625442,0.431814,0.475237,-0.700408,-0.897924
203,8.661300,0,0.460584,0.325790,-0.039746,-0.681259,0.223364,1.529623,-0.450196,0.180938,-0.379403,-1.425144,-0.063780,-0.611648,0.707283,-0.072624,-0.412978,1.113680
204,8.704000,0,0.476747,0.338358,-0.039746,-0.479293,0.184576,1.048370,-0.184114,0.167576,-0.388263,-1.019110,-0.089793,-0.623634,0.569548,0.192470,0.296291,1.113680
205,8.746700,0,0.449039,0.350676,-0.039746,1.117115,0.207717,0.135662,0.356658,0.153923,-0.394406,-0.189648,-0.080563,-0.631554,0.569548,-0.090297,-0.381763,-0.897924
206,8.789300,0,0.458275,0.356705,-0.039746,-0.868262,0.170088,1.017819,-0.187295,0.164758,-0.384289,-0.992675,-0.070493,-0.649223,0.845017,0.139451,0.590498,-0.897924
207,8.832000,0,0.472129,0.347850,-0.039746,-0.778584,0.111304,1.408446,-0.455498,0.196827,-0.359397,-1.324780,-0.122520,-0.646704,0.707283,-0.473211,0.265457,1.113680
208,8.874700,0,0.467511,0.354399,-0.039746,0.657776,0.017358,0.462196,0.083839,0.185894,-0.361268,-0.496004,-0.130072,-0.660194,0.661371,-0.325937,0.274176,1.113680
209,8.917300,0,0.444421,0.354641,-0.039746,1.115421,0.013141,0.077456,0.352479,0.183416,-0.359191,-0.133801,-0.088115,-0.670922,0.799105,-0.084406,-0.376315,-0.897924
210,8.960000,0,0.462893,0.348442,-0.039746,0.302861,-0.030673,0.497045,0.080845,0.203143,-0.342177,-0.528048,-0.129233,-0.681729,0.523637,-0.384847,-0.367555,1.113680
211,9.002700,0,0.488292,0.355960,-0.039746,-0.860806,-0.162808,1.007074,-0.193033,0.211695,-0.337782,-0.983405,-0.128394,-0.705059,0.385902,0.021631,-0.410818,1.113680
212,9.045300,0,0.446730,0.354336,-0.039746,0.702919,-0.179864,1.080043,-0.195653,0.212861,-0.328695,-1.046462,-0.052871,-0.709547,0.523637,0.251380,0.305531,-0.897924
213,9.088000,0,0.455966,0.372315,-0.039746,0.214774,-0.252498,0.217786,0.342811,0.191968,-0.341848,-0.267811,-0.109094,-0.708618,0.799105,0.139451,-0.017034,-0.897924
214,9.130700,0,0.472129,0.369821,-0.039746,0.516667,-0.301432,0.718005,-0.192909,0.228555,-0.316592,-0.728432,-0.122520,-0.710202,0.845017,-0.155098,0.282393,1.113680
215,9.173300,0,0.490601,0.376549,-0.039746,-0.725516,-0.370114,1.473846,-0.467910,0.234920,-0.312820,-1.379025,-0.128394,-0.726472,0.615460,-0.561576,0.287484,1.113680
216,9.216000,0,0.481365,0.388867,-0.039746,0.572013,-0.360566,0.605610,0.067560,0.218643,-0.319677,-0.627153,-0.104059,-0.737167,0.569548,-0.113861,0.329466,-0.897924
217,9.258700,0,0.469820,0.397659,-0.039746,0.265468,-0.241488,0.411184,0.335389,0.210383,-0.318183,-0.448855,-0.139303,-0.745343,0.569548,0.145342,-0.044146,-0.897924
218,9.301300,0,0.476747,0.378227,-0.039746,0.946828,-0.172277,0.786021,-0.202264,0.246290,-0.294268,-0.789086,-0.117485,-0.767344,0.936840,0.504692,0.266984,1.113680
219,9.344000,0,0.495219,0.389109,-0.039746,0.376255,-0.231863,0.674841,0.061447,0.239925,-0.296814,-0.689637,-0.118324,-0.775531,0.845017,0.245489,-0.364301,1.113680
220,9.386700,0,0.474438,0.399955,-0.039746,1.159287,-0.225498,0.163130,0.332083,0.234677,-0.295951,-0.215855,-0.169512,-0.775206,0.615460,-0.049061,-0.315829,-0.897924
221,9.429300,0,0.481365,0.388750,-0.039746,0.463482,-0.423070,0.900565,-0.209313,0.259458,-0.277311,-0.890365,-0.128394,-0.803652,0.661371,0.286725,0.299387,1.113680
222,9.472000,0,0.495219,0.385772,-0.039746,-0.676566,-0.540328,1.407605,-0.477703,0.275784,-0.263119,-1.324093,-0.185456,-0.794525,0.661371,-0.732415,0.304601,1.113680
223,9.514700,0,0.488292,0.397677,-0.039746,0.584588,-0.677419,0.724078,0.055522,0.252850,-0.276128,-0.733811,-0.177064,-0.805925,0.661371,-0.272918,0.350135,-0.897924
224,9.557300,0,0.474438,0.406424,-0.039746,0.285703,-0.779403,0.260296,0.322477,0.247845,-0.275961,-0.307979,-0.136785,-0.827068,0.845017,0.434000,-0.023869,-0.897924
225,9.600000,0,0.492910,0.385458,-0.039746,-0.647755,-0.846194,1.674905,-0.483753,0.291526,-0.242416,-1.543933,-0.189651,-0.822770,0.799105,-0.202226,-0.376970,1.113680
226,9.642700,0,0.495219,0.391657,-0.039746,0.412342,-0.825419,0.483498,0.053027,0.281663,-0.247858,-0.515688,-0.193847,-0.844842,1.028663,-0.314155,-0.353592,1.113680
227,9.685300,0,0.469820,0.392698,-0.039746,1.205126,-0.901640,0.119125,0.319983,0.275006,-0.247490,-0.173856,-0.184616,-0.851033,0.936840,-0.455538,-0.344059,-0.897924
228,9.728000,0,0.465202,0.389531,-0.039746,0.464122,-0.811717,0.457151,0.050844,0.281809,-0.238604,-0.491312,-0.212308,-0.857471,0.982751,-0.355392,0.628863,1.113680
229,9.770700,0,0.476747,0.371193,-0.039746,-0.336880,-0.793011,2.331711,-0.759066,0.321117,-0.205654,-2.060516,-0.228252,-0.864751,0.661371,-0.667614,0.315093,1.113680
230,9.813300,0,0.472129,0.397560,-0.039746,1.171349,-0.910393,0.362694,0.312311,0.277144,-0.240439,-0.403880,-0.228252,-0.869293,1.074574,-0.208117,-0.344457,-0.897924
231,9.856000,0,0.460584,0.390805,-0.039746,1.123661,-0.848263,0.176023,0.317862,0.284335,-0.233757,-0.228100,-0.188812,-0.864822,0.799105,-0.467320,-0.336346,-0.897924
232,9.898700,0,0.462893,0.369812,-0.039746,0.641410,-0.871131,1.123674,-0.219978,0.318882,-0.199646,-1.083998,-0.250069,-0.865069,0.799105,-0.396629,-0.366706,1.113680
233,9.941300,0,0.476747,0.373571,-0.039746,-0.700724,-0.827597,1.566808,-0.490052,0.321311,-0.205062,-1.455699,-0.213147,-0.880945,0.661371,-0.031388,-0.339015,1.113680
234,9.984000,0,0.476747,0.382811,-0.039746,0.257942,-0.896894,0.685585,0.045293,0.297114,-0.225060,-0.699250,-0.208112,-0.880253,1.074574,-0.649941,-0.355558,-0.897924
235,10.026700,0,0.465202,0.373983,-0.039746,0.856274,-0.946497,1.405549,-0.493982,0.321991,-0.199984,-1.322377,-0.218182,-0.896488,1.028663,-0.308264,0.315515,1.113680
236,10.069300,0,0.469820,0.372064,-0.039746,0.402145,-0.889276,0.885150,-0.223097,0.306929,-0.216796,-0.876747,-0.199721,-0.896928,0.890928,-0.661723,0.316422,1.113680
237,10.112000,0,0.446730,0.386310,-0.039746,1.381596,-1.091376,0.542078,0.307196,0.276998,-0.227054,-0.569361,-0.281118,-0.893586,0.845017,-0.231681,-0.664770,-0.897924
238,10.154700,0,0.453657,0.375903,-0.039746,1.101211,-1.020391,0.201903,0.312186,0.291186,-0.223452,-0.252705,-0.199721,-0.898762,0.615460,0.263162,-0.309000,-0.897924
239,10.197300,0,0.455966,0.352165,-0.039746,0.675485,-1.082965,0.960080,-0.224781,0.326121,-0.190147,-0.942435,-0.267691,-0.900454,0.753194,-0.037279,-0.307625,1.113680
240,10.240000,0,0.453657,0.353340,-0.039746,-0.597688,-1.074865,1.133204,-0.225717,0.318056,-0.194704,-1.092123,-0.274405,-0.901359,0.753194,-0.591031,-0.047804,1.113680
241,10.282700,0,0.425950,0.338502,-0.039746,1.428573,-1.057102,0.646532,0.040740,0.315481,-0.192912,-0.664117,-0.226574,-0.917284,0.615460,0.045195,-0.338915,-0.897924
242,10.325300,0,0.455966,0.348837,-0.039746,0.415004,-1.130553,2.740370,-0.772040,0.324275,-0.188280,-2.366528,-0.319718,-0.926374,0.615460,0.180688,1.015449,1.113680
243,10.368000,0,0.409787,0.333281,-0.039746,1.459915,-1.046465,0.960734,-0.229210,0.325879,-0.182751,-0.942893,-0.237482,-0.934401,0.982751,0.734440,0.306614,1.113680
244,10.410700,0,0.421332,0.326310,-0.039746,1.308174,-0.923496,0.859550,0.034378,0.307755,-0.194082,-0.854202,-0.292866,-0.929394,0.799105,-0.113861,-0.256631,-0.897924
245,10.453300,0,0.425950,0.330706,-0.039746,1.407444,-0.944411,0.805174,0.032694,0.316161,-0.189669,-0.806137,-0.263496,-0.959023,0.936840,0.310289,-0.326146,-0.897924
246,10.496000,0,0.423641,0.290900,-0.039746,-0.355886,-0.789463,2.226417,-0.768671,0.358336,-0.155720,-1.979835,-0.257622,-0.955837,0.385902,0.098214,-0.370592,1.113680
247,10.538700,0,0.439803,0.307066,-0.039746,0.660881,-0.760425,1.206732,-0.236008,0.333556,-0.175595,-1.154951,-0.325592,-0.963555,0.523637,-0.025497,-0.352053,1.113680
248,10.581300,0,0.393624,0.289384,-0.039746,1.334913,-0.619125,0.424451,0.034003,0.330057,-0.172791,-0.461215,-0.267691,-0.978836,0.799105,-0.013715,-0.342227,-0.897924
249,10.624000,0,0.412096,0.285760,-0.039746,0.949001,-0.697252,1.916139,-0.506831,0.331758,-0.172914,-1.737451,-0.347410,-0.976753,0.661371,-0.155098,0.989800,1.113680
250,10.666700,0,0.398242,0.271890,-0.039746,0.631706,-0.628960,1.396954,-0.503712,0.356781,-0.149411,-1.315281,-0.308809,-0.995871,0.982751,0.569493,0.302371,1.113680
251,10.709300,0,0.363608,0.257509,-0.039746,1.558752,-0.599299,0.416510,0.029326,0.326850,-0.164238,-0.453891,-0.282796,-1.008697,0.661371,0.104105,-0.013207,-0.897924
252,10.752000,0,0.402860,0.255840,-0.039746,0.477603,-0.511220,1.187766,-0.242433,0.341670,-0.161386,-1.138815,-0.336501,-1.015388,0.845017,0.304398,-0.367566,-0.897924
253,10.794700,0,0.409787,0.273083,-0.039746,0.718498,-0.524019,0.699600,-0.240561,0.346772,-0.168900,-0.711839,-0.306292,-1.038462,0.799105,0.681421,0.922532,1.113680
254,10.837300,0,0.368225,0.228200,-0.039746,0.387974,-0.379762,0.490505,0.024585,0.328502,-0.165640,-0.522097,-0.335662,-1.034608,0.339991,0.269053,-0.028691,1.113680
255,10.880000,0,0.363608,0.215048,-0.039746,0.351459,-0.264722,0.653352,0.018597,0.325393,-0.166184,-0.670297,-0.320557,-1.060348,0.936840,-0.096188,-0.052778,-0.897924
256,10.922700,0,0.405169,0.250601,-0.039746,0.510577,-0.199985,1.036691,-0.248919,0.325587,-0.187895,-1.009040,-0.380976,-1.069153,0.431814,0.239598,1.620968,1.113680
257,10.965300,0,0.379770,0.231322,-0.039746,1.181841,-0.053853,0.197512,0.022465,0.331078,-0.180520,-0.248585,-0.354962,-1.074366,0.477725,-0.096188,0.949410,1.113680
258,11.008000,0,0.370534,0.223858,-0.039746,-0.068117,-0.075818,0.204239,0.284118,0.308581,-0.192421,-0.254879,-0.371745,-1.075131,0.523637,-0.102079,0.611413,-0.897924
259,11.050700,0,0.393624,0.217685,-0.039746,0.003976,-0.053012,0.548712,0.016040,0.326170,-0.187299,-0.575426,-0.397758,-1.087900,0.569548,-0.331828,0.254227,1.113680
260,11.093300,0,0.375152,0.197617,-0.039746,0.689335,0.007134,0.575339,-0.250416,0.346820,-0.165640,-0.599573,-0.354123,-1.104955,0.707283,0.522365,0.933440,1.113680
261,11.136000,0,0.361299,0.195087,-0.039746,0.950324,0.143704,0.041112,0.281748,0.319756,-0.186602,-0.098783,-0.399437,-1.104746,0.615460,-0.314155,0.272842,-0.897924
262,11.178700,0,0.340518,0.187147,-0.039746,1.069890,0.228927,-0.126220,0.280313,0.310962,-0.190261,0.064523,-0.386010,-1.123492,0.799105,-0.184553,0.621168,-0.897924
263,11.221300,0,0.370534,0.164405,-0.039746,-1.116595,0.417621,1.138716,-0.521426,0.349007,-0.170482,-1.096815,-0.402793,-1.130806,0.799105,-0.284700,0.942926,1.113680
264,11.264000,0,0.342827,0.164737,-0.039746,1.053317,0.576685,0.251514,0.011861,0.323158,-0.186151,-0.299625,-0.410346,-1.134029,1.258220,-0.408410,0.959452,1.113680
265,11.306700,0,0.333591,0.159686,-0.039746,-0.110624,0.623760,0.022706,0.272766,0.311836,-0.188307,-0.080930,-0.391045,-1.158133,0.523637,0.504692,0.649281,-0.897924
266,11.349300,0,0.352063,0.128888,-0.039746,-1.120357,0.513629,1.234668,-0.528911,0.354789,-0.162109,-1.178640,-0.423772,-1.168452,0.615460,0.834587,0.278314,1.113680
267,11.392000,0,0.356681,0.135472,-0.039746,-0.049014,0.373356,0.430804,0.000634,0.332389,-0.177453,-0.467051,-0.423772,-1.180122,0.431814,0.604839,0.267827,1.113680
268,11.434700,0,0.340518,0.139196,-0.039746,0.824708,0.426320,0.005702,0.260042,0.307512,-0.200023,-0.064451,-0.401115,-1.212090,0.339991,0.687312,0.307702,-0.897924
269,11.477300,0,0.328973,0.112004,-0.039746,0.031841,0.447196,0.217506,-0.005042,0.311108,-0.195918,-0.267582,-0.422933,-1.220361,0.385902,0.545929,1.279021,1.113680
270,11.520000,0,0.356681,0.120185,-0.039746,-1.190038,0.371831,0.786956,-0.275053,0.311739,-0.203226,-0.789887,-0.460694,-1.224255,0.156345,-0.649941,1.288776,1.113680
271,11.562700,0,0.340518,0.120499,-0.039746,0.815593,0.470788,-0.000090,0.253306,0.292741,-0.218334,-0.058843,-0.427968,-1.240835,0.615460,0.027522,0.331900,-0.897924
272,11.605300,0,0.384388,0.171743,-0.039746,-0.371105,0.505879,-0.404638,0.519451,0.281663,-0.243844,0.343528,-0.443072,-1.245795,0.569548,-0.149207,0.614315,1.113680
273,11.648000,0,0.402860,0.156914,-0.039746,-1.593724,0.483603,0.134260,-0.011778,0.315966,-0.222786,-0.188389,-0.453981,-1.258818,0.753194,-0.337719,0.294652,1.113680
274,11.690700,0,0.460584,0.466074,-0.039746,-0.703850,0.560034,-0.696978,0.778609,1.117341,1.721040,0.647138,-0.431324,-1.268820,0.615460,-0.102079,1.290327,-0.897924
275,11.733300,0,0.462893,0.483030,-0.039746,0.294660,0.677673,-0.858984,0.781603,1.196590,1.884471,0.820171,-0.443911,-1.264367,0.569548,-0.484993,0.980367,1.113680
276,11.776000,0,0.499837,0.503699,-0.039746,-1.718251,0.711621,0.308225,-0.020697,1.246830,1.960309,-0.352954,-0.464890,-1.279263,0.890928,-0.178662,1.639648,1.113680
277,11.818700,0,0.469820,0.521229,-0.039746,-0.634278,0.748510,-0.412860,0.507288,1.254799,2.002548,0.351997,-0.421254,-1.295247,0.890928,-0.096188,1.974824,-0.897924
278,11.861300,0,0.490601,0.541729,-0.039746,0.305392,0.744581,-0.596635,0.766946,1.281814,2.058370,0.541624,-0.421254,-1.309871,0.477725,-0.296482,0.973976,-0.897924
279,11.904000,0,0.536780,0.562524,-0.039746,-1.677603,0.633431,0.004861,0.236216,1.320199,2.106997,-0.063650,-0.445589,-1.312237,0.523637,-0.367174,0.985803,1.113680
280,11.946700,0,0.520617,0.580108,-0.039746,-0.600914,0.698759,-0.366893,0.499304,1.361597,2.200497,0.305191,-0.414541,-1.316922,1.074574,-0.791324,0.986874,1.113680
281,11.989300,0,0.518308,0.615311,-0.039746,0.355496,0.749242,-0.639799,0.762642,1.381956,2.245151,0.586828,-0.440555,-1.319244,0.982751,-1.026964,1.035796,-0.897924
282,12.032000,0,0.527544,0.615356,-0.039746,-0.537953,0.805007,-0.021112,0.233783,1.436861,2.344636,-0.038473,-0.446429,-1.325029,0.615460,-0.791324,1.672290,1.113680
283,12.074700,0,0.497528,0.584630,-0.039746,0.098301,0.905139,0.480882,-0.034669,1.498423,2.509193,-0.513170,-0.443911,-1.325080,0.753194,-0.879689,2.352685,1.113680
284,12.117300,0,0.534471,0.654238,-0.039746,-0.622378,0.813449,-0.462284,0.754159,1.421507,2.322767,0.402465,-0.407828,-1.344438,0.707283,-0.143316,1.367315,-0.897924
285,12.160000,0,0.640683,0.919008,-0.039746,-0.719847,0.770040,-0.654374,0.759773,1.744039,2.822634,0.602163,-0.443911,-1.339986,0.799105,-0.897362,1.016854,1.113680
286,12.202700,0,0.638375,0.921349,-0.039746,-0.737873,0.909138,-0.648488,0.758712,1.749919,2.833343,0.595983,-0.418737,-1.338933,0.753194,-1.380423,1.017661,1.113680
287,12.245300,0,0.536780,0.667058,-0.039746,-0.636185,0.915293,-0.491621,0.756592,1.445801,2.367258,0.432677,-0.412863,-1.326825,0.845017,-0.726524,1.334989,-0.897924
288,12.288000,0,0.640683,0.927827,-0.039746,-0.374346,0.842822,-0.202271,0.491757,1.731358,2.799451,0.139825,-0.453142,-1.331049,0.615460,0.015740,2.370873,1.113680
289,12.330700,0,0.543707,0.667408,-0.039746,0.520262,0.850292,-0.382495,0.495499,1.451000,2.360125,0.321098,-0.433002,-1.332004,0.707283,-1.085873,1.689471,1.113680
290,12.373300,0,0.612976,0.931774,-0.039746,0.089838,0.846759,-0.921020,1.283953,1.698755,2.758894,0.887462,-0.435520,-1.326802,0.936840,-0.520339,0.723460,-0.897924
291,12.416000,0,0.564488,0.668691,-0.039746,-0.141823,0.682879,-0.228618,0.494065,1.420049,2.291298,0.166032,-0.428807,-1.330126,0.936840,-0.579249,1.684427,1.113680
292,12.458700,0,0.557561,0.656822,-0.039746,-0.514542,0.787609,-0.325223,0.496685,1.434966,2.323731,0.263077,-0.435520,-1.325585,0.753194,-1.103546,1.003388,1.113680
293,12.501300,0,0.622212,0.931361,-0.039746,0.109553,0.775175,-1.006882,1.285700,1.678007,2.713343,0.981418,-0.412863,-1.326084,0.845017,-0.761869,0.754206,-0.897924
294,12.544000,0,0.527544,0.626723,-0.039746,-0.325644,0.771479,0.641206,-0.039160,1.469270,2.420399,-0.659311,-0.386010,-1.330032,0.845017,-0.296482,1.693421,1.113680
295,12.586700,0,0.578341,0.658185,-0.039746,-1.564628,0.738605,0.447808,-0.036353,1.406396,2.257411,-0.482729,-0.432163,-1.316353,0.799105,-0.814888,1.692222,1.113680
296,12.629300,0,0.548325,0.672746,-0.039746,-0.549694,0.739912,-0.122389,0.490634,1.368351,2.200103,0.060747,-0.393563,-1.321267,0.982751,-0.808997,2.037253,-0.897924
297,12.672000,0,0.569106,0.660930,-0.039746,-0.551915,0.819868,-0.233102,0.492755,1.385260,2.223269,0.170495,-0.399437,-1.325552,0.799105,-0.720633,1.021096,1.113680
298,12.714700,0,0.582959,0.660338,-0.039746,-1.617443,0.822039,0.096235,0.229667,1.394297,2.231918,-0.151883,-0.427968,-1.323240,0.890928,-1.180129,1.016871,1.113680
299,12.757300,0,0.564488,0.660159,-0.039746,-0.587092,0.826225,-0.169384,0.490884,1.387786,2.232426,0.107209,-0.397758,-1.326282,0.936840,-0.820779,1.008520,-0.897924
300,12.800000,0,0.566797,0.677904,-0.039746,0.424090,0.741313,-0.572343,0.756030,1.372287,2.202517,0.516333,-0.411185,-1.325009,0.753194,-0.814888,1.060591,1.113680
301,12.842700,0,0.582959,0.664734,-0.039746,-1.537843,0.809216,0.485740,-0.038224,1.406833,2.255995,-0.517634,-0.418737,-1.331189,1.028663,-0.591031,1.695774,1.113680
302,12.885300,0,0.562179,0.679761,-0.039746,-0.560858,0.762516,-0.124164,0.486892,1.378166,2.223203,0.062463,-0.411185,-1.332401,0.936840,-0.897362,2.036053,-0.897924
303,12.928000,0,0.645301,0.935694,-0.039746,0.134164,0.803381,-0.768638,1.018869,1.681700,2.709951,0.723241,-0.397758,-1.327837,1.120486,-0.461429,1.037453,-0.897924
304,12.970700,0,0.594504,0.684776,-0.039746,-0.441025,0.872809,-0.251041,0.489886,1.395172,2.238355,0.188462,-0.424611,-1.334211,0.936840,-0.714742,1.023285,1.113680
305,13.013300,0,0.576032,0.675599,-0.039746,-0.558808,0.869324,-0.196198,0.489512,1.406202,2.266949,0.133760,-0.394402,-1.331426,1.028663,-1.085873,1.021050,1.113680
306,13.056000,0,0.569106,0.683852,-0.039746,0.362288,0.816997,-0.426407,0.751477,1.379526,2.224570,0.365730,-0.399437,-1.333923,0.707283,-0.979836,1.077521,-0.897924
307,13.098700,0,0.599122,0.682121,-0.039746,-1.573300,0.763597,0.629154,-0.042777,1.398039,2.235428,-0.648439,-0.417059,-1.334426,0.845017,-0.750087,1.704476,1.113680
308,13.141300,0,0.578341,0.678801,-0.039746,-0.509370,0.783088,0.182750,0.222931,1.394443,2.239726,-0.234509,-0.401954,-1.326952,1.258220,-1.121219,1.713400,1.113680
309,13.184000,0,0.571415,0.686140,-0.039746,0.365135,0.724109,-0.496853,0.751727,1.375688,2.211728,0.438056,-0.393563,-1.328878,1.304131,-0.832561,1.045446,-0.897924
310,13.226700,0,0.608358,0.691388,-0.039746,-1.611197,0.710617,0.196484,0.223305,1.384482,2.204301,-0.247669,-0.405311,-1.332607,0.890928,-0.808997,1.029330,1.113680
311,13.269300,0,0.550634,0.635371,-0.039746,-0.346908,0.779470,0.197886,0.224053,1.448717,2.382423,-0.248928,-0.391045,-1.327455,0.477725,-0.903253,1.017304,1.113680
312,13.312000,0,0.562179,0.688795,-0.039746,0.374016,0.742690,-0.640266,1.013817,1.355961,2.194140,0.587286,-0.390206,-1.327358,0.707283,-0.467320,0.720089,-0.897924
313,13.354700,0,0.596813,0.696932,-0.039746,-0.432571,0.649125,0.122488,0.222806,1.376417,2.190796,-0.177060,-0.389367,-1.334553,1.166397,-0.443756,1.710427,1.113680
314,13.397300,0,0.582959,0.685978,-0.039746,-0.085618,0.671371,0.119218,0.224365,1.387495,2.223632,-0.173970,-0.388528,-1.328572,0.982751,-1.144783,2.367882,1.113680
315,13.440000,0,0.562179,0.692662,-0.039746,0.392133,0.706213,-0.757146,1.015501,1.346486,2.164292,0.710996,-0.376780,-1.327972,0.477725,-0.585140,0.737651,-0.897924
316,13.482700,0,0.677627,0.943383,-0.039746,-0.721892,0.680287,-0.522546,0.753972,1.659641,2.653761,0.464606,-0.390206,-1.323857,0.982751,-0.390738,1.018176,1.113680
317,13.525300,0,0.606049,0.682336,-0.039746,-1.568611,0.649110,0.073064,0.228107,1.359945,2.157229,-0.129567,-0.399437,-1.313043,0.845017,-0.608704,1.016485,1.113680
318,13.568000,0,0.573723,0.683565,-0.039746,0.368843,0.619815,-0.403797,0.755594,1.330257,2.117588,0.342727,-0.375102,-1.310476,1.028663,-0.591031,1.031173,-0.897924
319,13.610700,0,0.543707,0.623556,-0.039746,-0.293417,0.621900,0.614953,-0.037226,1.380207,2.234950,-0.635621,-0.361675,-1.311596,1.074574,-0.785433,1.697102,1.113680
320,13.653300,0,0.582959,0.639175,-0.039746,-1.597767,0.542496,0.466120,-0.033796,1.322580,2.093016,-0.499667,-0.406150,-1.296685,1.028663,-0.755978,1.685094,1.113680
321,13.696000,0,0.562179,0.659486,-0.039746,-0.576839,0.472741,-0.105572,0.491258,1.269376,2.000721,0.044153,-0.372584,-1.305660,0.753194,-0.714742,2.030283,-0.897924
322,13.738700,0,0.564488,0.642925,-0.039746,0.396713,0.530949,-0.547117,0.761831,1.259026,1.977971,0.490126,-0.362514,-1.296425,0.707283,-0.479102,1.013799,1.113680
323,13.781300,0,0.599122,0.637372,-0.039746,-1.614760,0.457903,0.152479,0.233097,1.250232,1.942353,-0.205670,-0.405311,-1.286418,0.707283,-0.214008,0.991357,1.113680
324,13.824000,0,0.522926,0.589806,-0.039746,-0.423248,0.418057,-0.136030,0.498306,1.263836,2.027527,0.074136,-0.350766,-1.281198,0.615460,-0.208117,1.326761,-0.897924
325,13.866700,0,0.555252,0.617106,-0.039746,0.338045,0.443990,-0.574959,0.767881,1.188961,1.844357,0.519080,-0.359997,-1.267231,0.569548,0.439891,1.054610,-0.897924
326,13.909300,0,0.557561,0.593188,-0.039746,-0.492965,0.417971,-0.085485,0.245010,1.170400,1.785165,0.024469,-0.387689,-1.247850,0.523637,0.074650,1.655945,1.113680
327,13.952000,0,0.504454,0.514573,-0.039746,-0.324162,0.422056,0.403710,-0.022880,1.175405,1.830055,-0.441989,-0.334823,-1.251221,0.890928,-0.626377,1.646787,1.113680
328,13.994700,0,0.522926,0.551911,-0.039746,-0.649567,0.290295,-0.659886,0.778547,1.075944,1.615648,0.607999,-0.362514,-1.231121,1.028663,0.198361,1.312658,-0.897924
329,14.037300,0,0.462893,0.228119,-0.039746,-1.536423,0.377946,0.341579,-0.014398,0.273986,-0.274739,-0.384196,-0.377619,-1.221535,0.890928,0.157124,0.304507,1.113680
330,14.080000,0,0.458275,0.228909,-0.039746,-1.569420,0.334374,0.445846,-0.014710,0.275978,-0.270787,-0.481013,-0.375102,-1.220522,0.982751,-1.068201,0.300522,1.113680
331,14.122700,0,0.425950,0.244294,-0.039746,0.662189,0.374033,-0.695016,0.784348,0.236572,-0.295149,0.644964,-0.354962,-1.213616,0.661371,-0.331828,0.012378,-0.897924
332,14.165300,0,0.449039,0.234390,-0.039746,-0.187339,0.380732,0.280383,-0.010967,0.265969,-0.280834,-0.326862,-0.356640,-1.205791,0.661371,-0.514448,0.978728,1.113680
333,14.208000,0,0.453657,0.241881,-0.039746,-0.219101,0.455880,0.386986,-0.011217,0.260527,-0.286258,-0.426425,-0.375102,-1.202555,0.799105,-0.879689,0.984381,1.113680
334,14.250700,0,0.379770,0.186725,-0.039746,0.915209,0.555599,0.424358,-0.009845,0.261547,-0.263693,-0.461100,-0.322236,-1.191617,0.569548,-0.361283,1.012845,-0.897924
335,14.293300,0,0.412096,0.200927,-0.039746,0.016380,0.637851,0.062227,0.258920,0.246242,-0.281842,-0.119153,-0.351606,-1.179833,0.431814,0.269053,0.618710,1.113680
336,14.336000,0,0.453657,0.238041,-0.039746,-1.299703,0.618780,0.670356,-0.269315,0.281371,-0.270555,-0.685517,-0.354962,-1.170784,0.569548,0.504692,0.297584,1.113680
337,14.378700,0,0.405169,0.192754,-0.039746,-0.091546,0.567924,0.488263,-0.002734,0.267135,-0.265244,-0.520037,-0.319718,-1.155337,0.936840,0.056977,0.303518,-0.897924
338,14.421300,0,0.407478,0.199653,-0.039746,-0.044980,0.664407,0.379138,0.001694,0.269321,-0.265353,-0.419215,-0.336501,-1.144606,0.799105,-0.337719,0.318991,1.113680
339,14.464000,0,0.419023,0.196388,-0.039746,-1.119506,0.586816,1.465531,-0.533464,0.285161,-0.253282,-1.372273,-0.356640,-1.150180,0.569548,-0.443756,0.969909,1.113680
340,14.506700,0,0.393624,0.212213,-0.039746,0.105815,0.524421,0.437064,0.001507,0.259555,-0.266918,-0.472888,-0.344053,-1.140112,0.339991,-0.591031,1.301867,-0.897924
341,14.549300,0,0.428259,0.259572,-0.039746,0.655242,0.421916,-0.363156,0.539535,0.251635,-0.286907,0.301414,-0.333145,-1.119554,0.385902,0.404545,0.308469,-0.897924
342,14.592000,0,0.430568,0.211782,-0.039746,-1.179122,0.375418,0.859737,-0.259710,0.281857,-0.256857,-0.854317,-0.344053,-1.118168,0.569548,-0.131534,0.280976,1.113680
343,14.634700,0,0.428259,0.217802,-0.039746,-1.172525,0.549647,0.782284,-0.255905,0.284675,-0.254356,-0.785767,-0.349088,-1.099600,0.569548,-0.190444,0.285769,1.113680
344,14.677300,0,0.395933,0.230963,-0.039746,-0.053938,0.665216,0.062787,0.278817,0.256688,-0.267952,-0.119725,-0.307131,-1.089315,0.845017,-0.378956,0.630835,-0.897924
345,14.720000,0,0.414405,0.228379,-0.039746,0.608336,0.627098,0.889914,-0.255344,0.280545,-0.251359,-0.880981,-0.329788,-1.091317,0.845017,-0.237572,1.610441,1.113680
346,14.762700,0,0.409787,0.228738,-0.039746,0.227363,0.692963,0.676990,-0.250853,0.291526,-0.242135,-0.691583,-0.328949,-1.082095,0.982751,-0.343610,0.964964,1.113680
347,14.805300,0,0.391315,0.235063,-0.039746,1.065890,0.597779,0.389041,0.015354,0.276755,-0.248826,-0.428370,-0.288670,-1.074398,0.753194,-0.755978,0.981572,-0.897924
348,14.848000,0,0.412096,0.253571,-0.039746,0.043510,0.500301,-0.015973,0.284617,0.272139,-0.252270,-0.043508,-0.302096,-1.073658,0.661371,-0.066733,0.610506,1.113680
349,14.890700,0,0.416714,0.239620,-0.039746,0.352919,0.466384,0.746407,-0.245052,0.296239,-0.237175,-0.753838,-0.313844,-1.049832,0.431814,-0.184553,0.276225,1.113680
350,14.933300,0,0.421332,0.269243,-0.039746,1.049491,0.255966,0.132392,0.289420,0.266989,-0.259276,-0.186558,-0.323914,-1.029504,0.936840,0.316180,0.284195,-0.897924
351,14.976000,0,0.414405,0.279184,-0.039746,0.037528,0.176617,0.081193,0.291416,0.265969,-0.257537,-0.137464,-0.294544,-1.021136,1.028663,0.003958,0.646501,-0.897924
352,15.018700,0,0.449039,0.281462,-0.039746,-1.008301,0.043891,1.535883,-0.511883,0.293324,-0.244212,-1.430294,-0.323075,-1.020458,1.028663,0.039304,0.962945,1.113680
353,15.061300,0,0.439803,0.292210,-0.039746,0.252300,-0.077950,0.791440,-0.239439,0.288757,-0.246460,-0.793892,-0.304614,-1.005214,0.936840,-0.573358,0.961436,1.113680
354,15.104000,0,0.430568,0.302787,-0.039746,1.056799,-0.093309,0.007851,0.296281,0.273889,-0.253208,-0.066625,-0.275244,-0.999733,0.845017,-0.632268,0.314028,-0.897924
355,15.146700,0,0.451348,0.302626,-0.039746,0.220908,-0.159089,0.259269,0.029949,0.287979,-0.246661,-0.306949,-0.271887,-1.001297,0.523637,-0.532121,0.284687,1.113680
356,15.189300,0,0.442112,0.299692,-0.039746,0.376543,-0.215500,0.792468,-0.236881,0.296434,-0.238095,-0.794808,-0.277761,-0.991555,0.890928,-0.355392,0.277775,1.113680
357,15.232000,0,0.444421,0.307380,-0.039746,0.063894,-0.321919,0.513022,0.028203,0.283801,-0.247332,-0.542696,-0.248391,-0.987149,0.799105,-0.926817,0.299246,-0.897924
358,15.274700,0,0.451348,0.314620,-0.039746,0.078604,-0.297114,0.445566,0.029513,0.281225,-0.250885,-0.480669,-0.268531,-0.978898,0.799105,-0.632268,0.310775,-0.897924
359,15.317300,0,0.462893,0.312988,-0.039746,-0.965120,-0.241675,1.490570,-0.504648,0.296580,-0.240755,-1.392986,-0.300418,-0.974161,0.615460,-0.608704,0.954601,1.113680
360,15.360000,0,0.451348,0.319214,-0.039746,0.654339,-0.300179,1.013614,-0.238378,0.285501,-0.245141,-0.989013,-0.279439,-0.979835,0.707283,-0.950381,1.592867,1.113680
361,15.402700,0,0.444421,0.333317,-0.039746,0.054062,-0.337916,0.150143,0.299088,0.264268,-0.259929,-0.203495,-0.271887,-0.969271,0.753194,0.239598,0.652096,-0.897924
362,15.445300,0,0.476747,0.341391,-0.039746,0.156766,-0.456380,0.611029,0.032070,0.275978,-0.257747,-0.632074,-0.277761,-0.964877,0.615460,0.292616,0.276236,1.113680
363,15.488000,0,0.474438,0.340763,-0.039746,-0.834514,-0.506325,1.359302,-0.499034,0.301244,-0.237924,-1.283696,-0.244195,-0.943947,0.661371,0.204252,0.276260,1.113680
364,15.530700,0,0.462893,0.368331,-0.039746,0.116236,-0.552660,0.111277,0.308631,0.258923,-0.269301,-0.166417,-0.225734,-0.908444,0.845017,0.881715,0.612887,-0.897924
365,15.573300,0,0.483674,0.392976,-0.039746,0.981711,-0.543596,-0.139673,0.311437,0.252412,-0.284685,0.077798,-0.177903,-0.906727,0.936840,0.917061,0.942803,-0.897924
366,15.616000,0,0.467511,0.343517,-0.039746,-0.499750,-0.454388,2.128036,-0.761561,0.294733,-0.238214,-1.903847,-0.187134,-0.882335,0.936840,0.811023,0.311120,1.113680
367,15.658700,0,0.455966,0.362581,-0.039746,1.640758,-0.605983,0.984371,-0.222349,0.275784,-0.248208,-0.963607,-0.204756,-0.867258,0.615460,-0.078515,0.330513,1.113680
368,15.701300,0,0.469820,0.391809,-0.039746,0.176169,-0.556808,0.246282,0.312747,0.243326,-0.279581,-0.294704,-0.135107,-0.878863,0.615460,-0.172771,0.015602,-0.897924
369,15.744000,0,0.472129,0.374522,-0.039746,1.590187,-0.668113,0.407073,0.048973,0.270050,-0.256292,-0.445079,-0.203917,-0.862487,1.258220,0.251380,-0.358156,1.113680
370,15.786700,0,0.488292,0.390320,-0.039746,0.885201,-0.650092,0.979139,-0.220852,0.269953,-0.263141,-0.959029,-0.171190,-0.865690,0.799105,-0.355392,0.280028,1.113680
371,15.829300,0,0.476747,0.401095,-0.039746,0.212783,-0.642459,0.286737,0.316552,0.244006,-0.280724,-0.332813,-0.161960,-0.847170,0.661371,-0.072624,-0.017503,-0.897924
372,15.872000,0,0.485983,0.408029,-0.039746,1.330477,-0.696731,0.621119,0.046416,0.249497,-0.280299,-0.641229,-0.179582,-0.845322,0.799105,-0.143316,0.330314,-0.897924
373,15.914700,0,0.504454,0.401400,-0.039746,-0.803650,-0.799220,1.331553,-0.484501,0.277290,-0.263404,-1.260465,-0.171190,-0.838611,0.523637,-0.726524,0.308562,1.113680
374,15.957300,0,0.502146,0.406765,-0.039746,0.829497,-0.847781,1.088264,-0.220353,0.255571,-0.278257,-1.053442,-0.187134,-0.837911,0.661371,-0.697069,0.979196,1.113680
375,16.000000,0,0.485983,0.426842,-0.039746,0.211391,-0.865871,0.376989,0.317176,0.235406,-0.289137,-0.417155,-0.149372,-0.836108,0.385902,-0.243463,-0.000707,-0.897924
376,16.042700,0,0.520617,0.413009,-0.039746,-0.842526,-0.932958,0.909908,-0.215238,0.268592,-0.271387,-0.898490,-0.159442,-0.825618,0.569548,-0.437865,-0.355125,1.113680
377,16.085300,0,0.527544,0.419629,-0.039746,-0.823527,-0.953601,1.016230,-0.214864,0.267135,-0.272614,-0.991301,-0.172029,-0.819795,0.661371,-0.755978,-0.345475,1.113680
378,16.128000,0,0.513690,0.440380,-0.039746,1.307695,-1.082172,0.055126,0.323538,0.243035,-0.291727,-0.112287,-0.126716,-0.813775,0.477725,-0.467320,-0.329441,-0.897924
379,16.170700,0,0.513690,0.444157,-0.039746,0.324264,-1.014852,0.071943,0.323164,0.235941,-0.296744,-0.128537,-0.101541,-0.807600,1.166397,-0.538012,-0.007068,-0.897924
380,16.213300,0,0.548325,0.450832,-0.039746,-0.685404,-0.914626,1.709754,-0.484314,0.250663,-0.294562,-1.572199,-0.142659,-0.791493,0.707283,0.227816,0.325469,1.113680
381,16.256000,0,0.525235,0.459570,-0.039746,1.478206,-0.804013,0.430617,0.060387,0.232831,-0.307597,-0.466937,-0.103220,-0.773689,1.074574,-0.037279,0.320448,1.113680
382,16.298700,0,0.534471,0.477701,-0.039746,0.356228,-0.677030,0.415762,0.326157,0.207322,-0.328905,-0.453204,-0.080563,-0.757773,0.799105,0.799241,-0.009152,-0.897924
383,16.341300,0,0.580650,0.540724,-0.039746,0.572255,-0.710620,0.505080,0.064878,0.237836,-0.313569,-0.535486,-0.049515,-0.732396,0.661371,0.922952,0.300182,1.113680
384,16.384000,0,0.562179,0.475296,-0.039746,-0.542172,-0.784211,1.836724,-0.475520,0.232345,-0.318314,-1.674280,-0.088954,-0.726311,0.936840,0.445782,-0.342924,1.113680
385,16.426700,0,0.571415,0.552288,-0.039746,1.035183,-0.781760,0.166774,0.334328,0.222336,-0.326267,-0.219403,-0.050354,-0.723834,0.661371,0.386872,-0.304330,-0.897924
386,16.469300,0,0.532162,0.491355,-0.039746,0.321784,-0.640141,0.566837,0.334640,0.184388,-0.353227,-0.591905,-0.077206,-0.692192,0.523637,0.304398,-0.002200,-0.897924
387,16.512000,0,0.539089,0.479486,-0.039746,1.423117,-0.475824,0.485647,0.069681,0.202463,-0.343934,-0.517634,-0.046997,-0.709862,0.477725,-0.131534,0.338858,1.113680
388,16.554700,0,0.599122,0.544456,-0.039746,-1.137435,-0.439013,0.937096,-0.199770,0.221024,-0.339127,-0.922408,-0.018466,-0.699840,0.753194,-0.520339,0.309873,1.113680
389,16.597300,0,0.552943,0.490736,-0.039746,1.358998,-0.206964,0.190598,0.339318,0.183805,-0.363813,-0.242062,-0.073011,-0.677703,0.431814,0.039304,-0.331828,-0.897924
390,16.640000,0,0.548325,0.484788,-0.039746,0.417912,-0.223950,0.171071,0.339942,0.179383,-0.367994,-0.223408,-0.045319,-0.685943,0.661371,-0.779542,-0.038850,-0.897924
391,16.682700,0,0.566797,0.472174,-0.039746,-0.511956,-0.028962,1.745537,-0.469906,0.202123,-0.356102,-1.601038,-0.033571,-0.680574,0.569548,-0.826670,-0.366712,1.113680
392,16.725300,0,0.569106,0.471995,-0.039746,-0.802600,0.070299,1.161606,-0.199458,0.191288,-0.366293,-1.116499,-0.015949,-0.680994,0.753194,-1.392205,-0.360292,1.113680
393,16.768000,0,0.552943,0.479235,-0.039746,1.355636,0.069350,0.229838,0.337759,0.170054,-0.379929,-0.279140,-0.029375,-0.683790,0.294079,-0.873798,-0.346669,-0.897924
394,16.810700,0,0.585268,0.532121,-0.039746,0.128300,0.154675,0.426600,0.072425,0.200325,-0.358297,-0.463160,-0.022662,-0.677006,0.523637,-1.074092,0.303869,1.113680
395,16.853300,0,0.587577,0.527796,-0.039746,0.109792,0.109647,0.318409,0.074733,0.200714,-0.358656,-0.362567,-0.012592,-0.680718,0.156345,-1.350968,0.305812,1.113680
396,16.896000,0,0.587577,0.534839,-0.039746,0.470400,0.192085,0.580571,0.071926,0.189247,-0.368506,-0.604379,-0.028536,-0.669508,0.523637,-1.133001,0.932825,-0.897924
397,16.938700,0,0.557561,0.472408,-0.039746,0.415942,0.285066,0.662602,0.068870,0.172095,-0.382996,-0.678536,-0.024340,-0.672913,0.661371,-0.461429,-0.291380,-0.897924
398,16.981300,0,0.566797,0.467751,-0.039746,0.526427,0.136156,0.466307,0.070367,0.172824,-0.385621,-0.499781,-0.010075,-0.687852,0.431814,-0.879689,-0.366349,1.113680
399,17.024000,0,0.566797,0.469761,-0.039746,0.476623,0.126414,0.571321,0.073423,0.173650,-0.383360,-0.596025,-0.044480,-0.663099,0.569548,-1.021073,-0.361188,1.113680
400,17.066700,0,0.582959,0.534632,-0.039746,0.925577,0.200683,-0.249172,0.610203,0.179481,-0.375158,0.186631,0.006708,-0.683993,0.523637,-0.773651,-0.364365,-0.897924
401,17.109300,0,0.543707,0.463338,-0.039746,1.303278,0.244730,0.167334,0.339942,0.159122,-0.393026,-0.219860,-0.027697,-0.679596,0.615460,-1.250821,-0.348308,-0.897924
402,17.152000,0,0.589886,0.525643,-0.039746,0.113974,0.134289,0.369982,0.071988,0.189295,-0.371823,-0.410632,-0.010075,-0.688195,0.431814,-1.038746,0.304355,1.113680
403,17.194700,0,0.552943,0.464423,-0.039746,0.923190,0.282755,0.942141,-0.197275,0.172581,-0.385069,-0.926757,-0.017627,-0.671264,0.385902,-0.726524,0.941428,1.113680
404,17.237300,0,0.550634,0.482186,-0.039746,0.320478,0.322025,0.439680,0.339193,0.143816,-0.405812,-0.475291,-0.031893,-0.660446,1.028663,-0.054952,-0.020563,-0.897924
405,17.280000,0,0.580650,0.538194,-0.039746,1.093542,0.399881,-0.043255,0.343871,0.174184,-0.384731,-0.016844,0.038595,-0.662438,0.707283,-0.208117,-0.325263,-0.897924
406,17.322700,0,0.580650,0.482195,-0.039746,0.479476,0.351694,0.619157,0.075793,0.151688,-0.408905,-0.639398,-0.051193,-0.633954,0.431814,0.975970,-0.352814,1.113680
407,17.365300,0,0.608358,0.536714,-0.039746,-1.002920,0.302597,0.952699,-0.195528,0.179966,-0.387566,-0.935912,0.041113,-0.647298,0.845017,-0.308264,-0.330611,1.113680
408,17.408000,0,0.559870,0.491857,-0.039746,0.347960,0.359661,0.222925,0.346117,0.132252,-0.423693,-0.272617,0.066287,-0.624113,0.569548,0.286725,-0.046271,-0.897924
409,17.450700,0,0.569106,0.487246,-0.039746,0.962330,0.238825,0.957183,-0.189041,0.144740,-0.418948,-0.939918,-0.002523,-0.601621,0.661371,0.168906,0.929285,1.113680
410,17.493300,0,0.576032,0.477082,-0.039746,-0.658857,0.213521,1.510563,-0.460675,0.151250,-0.417870,-1.409466,0.052861,-0.614089,0.477725,-0.856125,0.296654,1.113680
411,17.536000,0,0.552943,0.484052,-0.039746,0.548023,0.245664,0.572069,0.082093,0.124818,-0.434227,-0.596597,0.027686,-0.592078,0.799105,-0.284700,0.610740,-0.897924
412,17.578700,0,0.562179,0.480311,-0.039746,0.579832,0.358697,0.785087,0.079348,0.118210,-0.444129,-0.788285,0.066287,-0.593298,0.799105,-0.455538,0.312899,-0.897924
413,17.621300,0,0.564488,0.482348,-0.039746,0.495053,0.299438,0.208723,0.352416,0.105917,-0.453983,-0.259228,0.040274,-0.588760,0.707283,-0.131534,-0.040641,1.113680
414,17.664000,0,0.571415,0.483388,-0.039746,0.471474,0.374927,0.124170,0.357032,0.102176,-0.461643,-0.178662,0.036078,-0.565795,0.569548,-1.021073,-0.061585,1.113680
415,17.706700,0,0.569106,0.471690,-0.039746,1.354085,0.484739,0.339617,0.351107,0.098289,-0.464732,-0.382365,0.004190,-0.581420,0.707283,-0.426083,-0.360093,-0.897924
416,17.749300,0,0.550634,0.465733,-0.039746,0.739554,0.385533,1.079762,-0.187669,0.108881,-0.459653,-1.046233,0.093139,-0.582876,0.431814,-0.331828,0.934329,-0.897924
417,17.792000,0,0.564488,0.460368,-0.039746,0.537724,0.499865,0.939806,-0.184052,0.108492,-0.463325,-0.924697,0.073839,-0.566431,0.385902,-0.573358,0.289631,1.113680
418,17.834700,0,0.552943,0.456645,-0.039746,0.615224,0.531121,1.443388,-0.456122,0.108395,-0.465573,-1.353848,0.078035,-0.574541,0.569548,-0.744197,0.293371,1.113680
419,17.877300,0,0.543707,0.462091,-0.039746,1.344740,0.511373,0.494710,0.085960,0.089786,-0.478043,-0.525988,0.120831,-0.559847,0.707283,-0.514448,0.302541,-0.897924
420,17.920000,0,0.550634,0.465302,-0.039746,0.359890,0.647304,0.374747,0.356034,0.073363,-0.489781,-0.415095,0.099853,-0.552120,0.707283,0.009849,-0.053545,-0.897924
421,17.962700,0,0.569106,0.453110,-0.039746,-0.611712,0.597382,1.619035,-0.452753,0.104508,-0.474993,-1.498500,0.123349,-0.546103,0.477725,-0.349501,-0.389728,1.113680
422,18.005300,0,0.589886,0.463463,-0.039746,-0.327940,0.659357,1.275122,-0.181432,0.082157,-0.493260,-1.212857,0.023491,-0.507423,0.477725,0.634293,0.284160,1.113680
423,18.048000,0,0.546016,0.460494,-0.039746,0.769576,0.619332,1.032861,-0.180247,0.084295,-0.490018,-1.005721,0.140970,-0.523825,0.845017,-0.166880,0.295624,-0.897924
424,18.090700,0,0.569106,0.469573,-0.039746,-0.896302,0.605319,0.598416,0.091262,0.063888,-0.507672,-0.620515,0.108244,-0.512209,0.661371,-0.007824,-0.040688,-0.897924
425,18.133300,0,0.573723,0.462754,-0.039746,0.632155,0.587337,0.713240,-0.174696,0.070787,-0.511221,-0.724084,0.099853,-0.501215,0.615460,-0.096188,0.269577,1.113680
426,18.176000,0,0.566797,0.465347,-0.039746,0.828819,0.557622,0.990257,-0.175631,0.065394,-0.512605,-0.968757,0.125027,-0.495808,0.661371,-0.543903,0.905690,1.113680
427,18.218700,0,0.555252,0.468030,-0.039746,0.338236,0.529899,0.685865,0.092696,0.043189,-0.530141,-0.699593,0.154397,-0.498979,0.661371,-0.131534,0.572076,-0.897924
428,18.261300,0,0.571415,0.466199,-0.039746,0.974668,0.445912,0.957183,-0.175444,0.058786,-0.523437,-0.939918,0.182088,-0.487588,0.799105,-0.225790,0.219414,-0.897924
429,18.304000,0,0.606049,0.475853,-0.039746,-0.311943,0.390645,1.144602,-0.177004,0.049263,-0.533927,-1.101851,0.099853,-0.475943,0.936840,0.239598,0.271520,1.113680
430,18.346700,0,0.571415,0.468622,-0.039746,0.871231,0.470453,1.072194,-0.176754,0.046930,-0.535368,-1.039710,0.187962,-0.484775,0.936840,0.186579,0.250997,1.113680
431,18.389300,0,0.573723,0.474982,-0.039746,0.396966,0.442800,-0.020738,0.368633,0.030119,-0.547794,-0.038816,0.185445,-0.466825,0.982751,-0.638159,-0.075437,-0.897924
432,18.432000,0,0.585268,0.476050,-0.039746,0.499672,0.428849,0.783872,-0.174197,0.042363,-0.544329,-0.787140,0.205584,-0.473005,0.661371,-0.814888,0.260337,1.113680
433,18.474700,0,0.592195,0.474911,-0.039746,-0.597841,0.360113,2.121589,-0.718773,0.047756,-0.543619,-1.898812,0.214815,-0.471210,0.753194,-0.838452,0.260717,1.113680
434,18.517300,0,0.592195,0.476723,-0.039746,-0.750462,0.268571,1.684155,-0.444957,0.045230,-0.542948,-1.551371,0.149362,-0.444990,0.707283,-0.602813,0.258388,-0.897924
435,18.560000,0,0.578341,0.483765,-0.039746,0.390019,0.315139,0.100346,0.366201,0.019186,-0.558293,-0.155888,0.255094,-0.471552,0.385902,-0.655832,-0.060795,-0.897924
436,18.602700,0,0.631448,0.538167,-0.039746,-1.094028,0.300457,0.972693,-0.172513,0.063936,-0.524703,-0.953422,0.232437,-0.450199,0.845017,-0.349501,-0.386398,1.113680
437,18.645300,0,0.615285,0.481092,-0.039746,-0.691131,0.355499,1.078828,-0.169893,0.032791,-0.557136,-1.045432,0.151040,-0.425759,0.385902,-0.331828,-0.390951,1.113680
438,18.688000,0,0.594504,0.479531,-0.039746,0.423813,0.331324,0.534604,0.100618,0.026523,-0.559739,-0.562494,0.178732,-0.435114,0.799105,-0.968054,-0.381869,-0.897924
439,18.730700,0,0.573723,0.488664,-0.039746,0.345862,0.295454,0.573564,0.100618,0.013453,-0.567214,-0.597971,0.229920,-0.426959,0.523637,-0.502666,0.555094,-0.897924
440,18.773300,0,0.594504,0.489785,-0.039746,0.826463,0.420578,0.981755,-0.167024,0.019283,-0.567306,-0.961318,0.187962,-0.401571,0.799105,0.534147,0.902793,1.113680
441,18.816000,0,0.642992,0.520207,-0.039746,-0.971150,0.327986,0.782004,-0.165776,0.006019,-0.592264,-0.785538,0.239150,-0.402084,0.615460,0.333853,0.255257,1.113680
442,18.858700,0,0.601431,0.517731,-0.039746,0.512047,0.328655,0.254223,0.109662,-0.010453,-0.597614,-0.302257,0.272716,-0.364615,0.615460,1.193937,0.597959,-0.897924
443,18.901300,0,0.615285,0.526020,-0.039746,1.260136,0.281767,0.152853,0.381420,-0.025030,-0.613112,-0.206013,0.294533,-0.334562,0.477725,1.435467,-0.404100,-0.897924
444,18.944000,0,0.647610,0.540939,-0.039746,0.332284,0.278686,0.352230,0.113466,-0.031589,-0.632965,-0.394153,0.353273,-0.324289,0.615460,0.917061,-0.411866,1.113680
445,18.986700,0,0.666082,0.544196,-0.039746,-0.876398,0.272111,1.082565,-0.153863,-0.034990,-0.638788,-1.048636,0.269359,-0.276120,0.982751,1.276411,-0.421205,1.113680
446,19.029300,0,0.659155,0.565754,-0.039746,0.581974,0.332304,0.426226,0.116211,-0.046895,-0.651254,-0.462817,0.412013,-0.294220,0.707283,0.746222,0.829375,-0.897924
447,19.072000,0,0.733042,0.666340,-0.039746,-0.072748,0.296644,-0.592804,0.939219,-0.055203,-0.657953,0.537619,0.361665,-0.231778,0.339991,1.193937,0.832096,-0.897924
448,19.114700,0,0.700717,0.612557,-0.039746,0.340641,0.204931,-0.003828,0.395329,-0.074250,-0.682092,-0.055296,0.369217,-0.237477,0.202257,0.581275,1.454053,-0.897924
449,19.157300,0,0.705335,0.659701,-0.039746,-0.020151,0.210876,0.681287,-0.146379,-0.033193,-0.642074,-0.695359,0.478305,-0.228033,0.477725,0.822805,0.836555,1.113680
450,19.200000,0,0.716879,0.672997,-0.039746,0.323184,0.204005,0.276833,0.131243,-0.041355,-0.646465,-0.323429,0.429635,-0.175238,0.110434,0.799241,1.478491,1.113680
451,19.242700,0,0.728424,0.693164,-0.039746,-0.124462,0.152325,-0.290468,0.671079,-0.062054,-0.661209,0.227944,0.478305,-0.186606,0.707283,0.375090,0.511210,-0.897924
452,19.285300,0,0.772295,0.722052,-0.039746,-0.294603,0.095392,-0.246463,0.675507,-0.066573,-0.674945,0.183884,0.455649,-0.159644,0.523637,0.469346,0.211771,-0.897924
453,19.328000,0,0.806929,0.734073,-0.039746,-2.753502,0.068945,0.449677,0.132677,-0.062200,-0.676483,-0.484446,0.478305,-0.138854,0.569548,0.080541,0.194836,1.113680
454,19.370700,0,0.797693,0.741529,-0.039746,-0.097300,0.089393,-0.368294,0.679250,-0.076680,-0.687275,0.306564,0.493410,-0.124155,0.661371,-0.013715,0.203169,1.113680
455,19.413300,0,0.811547,0.760880,-0.039746,-1.457834,0.047400,0.106512,0.405807,-0.080907,-0.693199,-0.161725,0.521102,-0.106083,0.523637,0.540038,0.229561,-0.897924
456,19.456000,0,0.795384,0.767133,-0.039746,0.204495,0.067474,-0.013638,0.410049,-0.086446,-0.697603,-0.045683,0.554667,-0.080917,0.110434,0.145342,1.452871,-0.897924
457,19.498700,0,0.836946,0.787480,-0.039746,-1.446757,-0.008397,0.087359,0.409924,-0.091985,-0.705578,-0.143414,0.532010,-0.067219,0.523637,0.021631,0.834144,1.113680
458,19.541300,0,0.843873,0.789444,-0.039746,-1.373761,-0.026122,-0.063996,0.414851,-0.094172,-0.708526,0.003412,0.524458,-0.042779,0.156345,-0.384847,0.824184,1.113680
459,19.584000,0,0.818474,0.804041,-0.039746,-0.176202,-0.049900,-0.639332,0.959677,-0.108700,-0.714354,0.586370,0.579842,-0.044537,0.523637,-0.214008,0.522896,-0.897924
460,19.626700,0,0.832328,0.812563,-0.039746,0.689672,-0.016333,-0.501431,0.954937,-0.115453,-0.722469,0.442862,0.626833,-0.046463,0.477725,-0.378956,0.250101,-0.897924
461,19.669300,0,0.841564,0.820503,-0.039746,-0.101997,-0.033716,-0.537868,0.961798,-0.117348,-0.723893,0.480513,0.579002,-0.003036,0.431814,0.027522,0.534296,-0.897924
462,19.712000,0,0.857726,0.826002,-0.039746,-0.137240,0.092070,0.406513,0.414103,-0.114773,-0.726049,-0.444621,0.544598,0.005321,0.248168,0.198361,0.868987,1.113680
463,19.754700,0,0.857726,0.835010,-0.039746,0.113131,0.102006,-0.076983,0.687795,-0.120847,-0.731210,0.016115,0.667112,0.001351,0.294079,-0.043170,0.836175,1.113680
464,19.797300,0,0.871580,0.844035,-0.039746,-0.127637,0.032196,-0.250293,0.689541,-0.119195,-0.732104,0.187775,0.660399,0.012810,0.661371,-0.361283,0.200547,-0.897924
465,19.840000,0,0.843873,0.841496,-0.039746,-0.081874,0.090599,-0.285796,0.693034,-0.127163,-0.735636,0.223252,0.661238,0.028306,0.615460,-0.549794,1.129176,-0.897924
466,19.882700,0,0.887743,0.851400,-0.039746,-1.303308,-0.062069,0.024014,0.420403,-0.117591,-0.734181,-0.082303,0.668791,0.036116,0.431814,-0.697069,0.818192,1.113680
467,19.925300,0,0.892361,0.864103,-0.039746,0.260964,-0.130408,-0.587852,0.971341,-0.128767,-0.740193,0.532469,0.584876,0.073433,0.431814,-0.284700,0.816336,1.113680
468,19.968000,0,0.901597,0.867360,-0.039746,-1.351365,-0.125553,-0.159480,0.694281,-0.126289,-0.740990,0.097368,0.631029,0.066866,0.431814,-0.808997,0.202683,-0.897924
469,20.010700,0,0.873889,0.856621,-0.039746,-0.203631,-0.095581,-0.011115,0.692972,-0.128864,-0.740320,-0.048086,0.647812,0.072486,0.018611,-0.384847,0.199587,-0.897924
470,20.053300,0,0.878507,0.861762,-0.039746,0.263034,-0.066388,-0.170598,0.695716,-0.127406,-0.739509,0.108354,0.730048,0.054748,0.569548,-0.679396,0.805142,-0.897924
471,20.096000,0,0.901597,0.858111,-0.039746,-2.548850,-0.014474,0.668955,0.152325,-0.117640,-0.735176,-0.684258,0.667112,0.091820,0.661371,-0.296482,0.167671,1.113680
472,20.138700,0,0.873889,0.859268,-0.039746,0.273291,0.020283,-0.245622,0.697525,-0.126240,-0.739088,0.183083,0.751026,0.063926,0.523637,-0.726524,0.787738,1.113680
473,20.181300,0,0.855417,0.851221,-0.039746,-0.179213,0.074127,0.076802,0.430569,-0.123859,-0.737932,-0.133229,0.720817,0.110439,0.615460,-0.290591,0.828936,-0.897924
474,20.224000,0,0.848490,0.855016,-0.039746,0.766374,0.098084,-0.255899,0.703575,-0.130905,-0.740762,0.193383,0.668791,0.114029,0.294079,-0.579249,0.801443,-0.897924
475,20.266700,0,0.871580,0.853715,-0.039746,-0.850359,0.097641,0.350175,0.160870,-0.121478,-0.738646,-0.392207,0.644455,0.124035,0.294079,-0.826670,1.405979,1.113680
476,20.309300,0,0.871580,0.834498,-0.039746,-1.281137,0.102986,-0.475925,0.712806,-0.118757,-0.734080,0.416541,0.632707,0.120321,0.615460,-0.473211,0.185408,1.113680
477,20.352000,0,0.811547,0.841074,-0.039746,0.892701,0.014681,0.245254,0.430133,-0.117834,-0.726189,-0.293674,0.756900,0.111252,0.569548,-0.461429,0.808787,-0.897924
478,20.394700,0,0.841564,0.840670,-0.039746,0.029402,0.003329,-0.353439,0.987932,-0.127212,-0.734860,0.291573,0.548793,0.181500,0.523637,0.192470,0.815722,-0.897924
479,20.437300,0,0.834637,0.826846,-0.039746,-0.172894,0.094287,-0.151632,0.710311,-0.118514,-0.731526,0.089700,0.668791,0.107362,0.477725,-0.932708,0.213035,-0.897924
480,20.480000,0,0.839255,0.823661,-0.039746,-1.197003,0.020097,0.036253,0.445726,-0.101217,-0.718635,-0.094091,0.620959,0.155837,0.845017,-0.985727,0.137527,1.113680
481,20.522700,0,0.827710,0.804462,-0.039746,-1.220209,0.043463,0.072878,0.445352,-0.098496,-0.714060,-0.129453,0.592429,0.154713,0.569548,-1.032855,0.128164,1.113680
482,20.565300,0,0.800002,0.810931,-0.039746,0.218338,0.088740,-0.139487,0.445539,-0.107533,-0.721855,0.077569,0.706552,0.153950,0.156345,-0.973945,1.390097,-0.897924
483,20.608000,0,0.788457,0.801968,-0.039746,0.499948,0.025263,-0.611116,1.271042,-0.118272,-0.721676,0.556845,0.491732,0.200355,0.385902,0.104105,0.202613,-0.897924
484,20.650700,0,0.779221,0.804660,-0.039746,0.287428,0.058690,0.500876,0.167419,-0.104472,-0.715717,-0.531595,0.718300,0.128702,0.248168,-0.349501,1.427555,-0.897924
485,20.693300,0,0.783839,0.793472,-0.039746,0.115773,0.009904,-0.443505,0.730083,-0.097330,-0.708728,0.383239,0.574807,0.182054,0.156345,-0.396629,1.392807,1.113680
486,20.736000,0,0.774604,0.781316,-0.039746,-0.289346,0.027909,-0.752942,1.276157,-0.108019,-0.711729,0.706418,0.501801,0.178032,0.294079,-0.596922,0.470106,1.113680
487,20.778700,0,0.760750,0.774911,-0.039746,-0.157904,0.132141,-0.180595,0.454458,-0.084600,-0.699952,0.118310,0.650329,0.164643,0.431814,-0.797215,0.745007,-0.897924
488,20.821300,0,0.733042,0.757614,-0.039746,0.752293,0.114012,-0.181997,0.731892,-0.089701,-0.695999,0.119683,0.458166,0.214465,0.385902,-0.184553,0.794614,-0.897924
489,20.864000,0,0.737660,0.755344,-0.039746,0.016432,0.208798,-0.306444,0.731955,-0.089507,-0.700214,0.244080,0.619281,0.184815,0.661371,-0.573358,0.770445,1.113680
490,20.906700,0,0.760750,0.756457,-0.039746,-0.251712,0.083682,-0.586638,1.013131,-0.085620,-0.695710,0.531210,0.461523,0.224007,0.707283,-0.019606,0.143842,1.113680
491,20.949300,0,0.730733,0.735518,-0.039746,0.204802,0.225597,-0.493583,0.737693,-0.081344,-0.692525,0.434737,0.580681,0.191604,0.661371,-0.514448,0.740361,-0.897924
492,20.992000,0,0.661464,0.711044,-0.039746,-0.063310,0.315886,-0.159667,0.467432,-0.070995,-0.675248,0.097596,0.601659,0.222192,0.156345,-0.461429,1.050356,-0.897924
493,21.034700,0,0.691481,0.707644,-0.039746,-0.162608,0.279153,-0.542353,1.018245,-0.082024,-0.686066,0.485205,0.448096,0.232400,0.431814,0.251380,0.816325,-0.897924
494,21.077300,0,0.640683,0.680721,-0.039746,0.927813,0.438528,0.019997,0.195861,-0.058702,-0.667830,-0.078412,0.603338,0.215556,0.248168,-0.473211,0.746757,1.113680
495,21.120000,0,0.679936,0.676514,-0.039746,-2.672339,0.371418,0.281505,-0.067227,-0.042133,-0.661156,-0.327892,0.408657,0.280840,0.569548,-0.325937,0.723460,1.113680
496,21.162700,0,0.633757,0.654677,-0.039746,0.242004,0.370057,-0.292430,0.475852,-0.042910,-0.650115,0.230004,0.510193,0.216646,0.431814,-0.915035,0.744398,-0.897924
497,21.205300,0,0.636066,0.658804,-0.039746,-1.438609,0.415979,-0.577762,0.756592,-0.059285,-0.665582,0.522055,0.432992,0.268660,0.202257,-0.408410,0.488493,-0.897924
498,21.248000,0,0.622212,0.633075,-0.039746,-0.232226,0.405452,-0.656336,0.762455,-0.037128,-0.646964,0.604223,0.403622,0.267986,0.202257,-1.186020,0.129908,-0.897924
499,21.290700,0,0.617594,0.646935,-0.039746,0.010950,0.377581,-0.574772,0.760646,-0.037517,-0.645404,0.518851,0.479984,0.249489,0.156345,-1.062310,0.755306,1.113680
500,21.333300,0,0.573723,0.614585,-0.039746,0.341122,0.410587,-0.408095,1.044504,-0.052920,-0.648003,0.347076,0.137614,0.346376,0.018611,1.246956,0.778375,1.113680
501,21.376000,0,0.527544,0.586343,-0.039746,0.252745,0.503662,-0.187509,0.479969,-0.037031,-0.632360,0.125177,0.572289,0.222447,0.385902,0.734440,1.080734,-0.897924
502,21.418700,0,0.562179,0.598535,-0.039746,-0.639183,0.561443,-0.462377,0.769004,-0.035330,-0.642355,0.402694,0.371734,0.299252,0.018611,0.398654,0.720347,-0.897924
503,21.461300,0,0.555252,0.576179,-0.039746,-0.238174,0.541438,-0.735657,1.047186,-0.034067,-0.633929,0.687993,0.229080,0.290048,0.248168,0.021631,0.781980,-0.897924
504,21.504000,0,0.495219,0.552728,-0.039746,0.521772,0.599857,-0.390157,0.490385,-0.018130,-0.616823,0.328766,0.558863,0.228231,0.339991,-0.160989,0.751988,1.113680
505,21.546700,0,0.476747,0.538571,-0.039746,0.636861,0.595632,-0.340452,0.507475,-0.001999,-0.598376,0.278412,0.257611,0.342663,0.294079,0.534147,0.749677,1.113680
506,21.589300,0,0.490601,0.506848,-0.039746,0.461197,0.649413,-0.780503,1.335161,-0.028237,-0.618010,0.735944,0.048665,0.352798,0.156345,1.417794,-0.531813,-0.897924
507,21.632000,0,0.465202,0.524369,-0.039746,0.091979,0.798401,-0.626532,0.777861,-0.022114,-0.618795,0.572866,0.408657,0.288583,0.248168,0.752113,1.037657,-0.897924
508,21.674700,0,0.460584,0.503484,-0.039746,0.037650,0.725199,-0.305977,0.512215,0.009954,-0.589240,0.243622,0.239150,0.336579,0.615460,-0.638159,1.317656,-0.897924
509,21.717300,0,0.407478,0.445960,-0.039746,0.693586,0.874988,-0.942322,1.070015,-0.001318,-0.586397,0.910694,0.178732,0.342752,0.385902,-0.514448,-0.829642,1.113680
510,21.760000,0,0.407478,0.441609,-0.039746,-0.364102,0.854501,-0.477046,0.513213,0.047319,-0.550827,0.417686,0.274394,0.299669,0.339991,-0.714742,0.044464,1.113680
511,21.802700,0,0.331282,0.438038,-0.039746,0.563862,0.959675,-0.483959,0.508910,0.020790,-0.561689,0.424895,0.344882,0.322347,0.477725,-0.160989,0.463622,-0.897924
512,21.845300,0,0.324355,0.364608,-0.039746,0.399294,0.995031,-0.373900,0.790086,-0.017450,-0.613160,0.312401,0.130062,0.362036,-0.027301,0.534147,0.687950,-0.897924
513,21.888000,0,0.347445,0.376011,-0.039746,-0.131949,0.956812,-0.466301,0.795013,0.027689,-0.559108,0.406699,0.091461,0.348582,0.294079,-0.007824,0.079137,-0.897924
514,21.930700,0,0.282794,0.329827,-0.039746,-0.252896,1.124513,0.300190,-0.034170,0.077881,-0.509998,-0.345516,0.239989,0.336365,0.018611,-0.420192,0.068229,1.113680
515,21.973300,0,0.266631,0.285033,-0.039746,0.498220,1.134083,-0.222171,0.810981,-0.000978,-0.582856,0.159623,-0.175386,0.440151,0.064522,1.847836,-0.494589,1.113680
516,22.016000,0,0.255086,0.280117,-0.039746,0.665347,1.099793,-0.538429,0.530241,0.024774,-0.577870,0.481085,0.267681,0.342288,0.523637,1.099681,0.068474,-0.897924
517,22.058700,0,0.201980,0.221687,-0.039746,0.937917,1.148610,0.044475,0.260354,0.054802,-0.523529,-0.101987,-0.000844,0.388499,0.294079,-0.031388,-0.508517,-0.897924
518,22.101300,0,0.204289,0.195840,-0.039746,1.105507,1.140082,-0.190405,0.256487,0.045910,-0.548780,0.128038,0.178732,0.316587,0.615460,-0.596922,-0.487356,-0.897924
519,22.144000,0,0.176581,0.107643,-0.039746,-0.325850,1.181009,0.883842,-0.570887,0.032208,-0.600032,-0.875602,0.165306,0.366630,0.339991,-0.585140,-0.595049,1.113680
520,22.186700,0,0.135020,0.087117,-0.039746,1.402625,1.229671,1.423768,-0.565399,0.021324,-0.594200,-1.337483,-0.160281,0.445733,0.523637,0.758004,0.674462,1.113680
521,22.229300,0,0.148874,0.172605,-0.039746,0.732011,1.154274,1.177676,-0.572260,0.078853,-0.517123,-1.130117,0.170340,0.382249,0.110434,0.009849,0.682526,-0.897924
522,22.272000,0,0.118857,0.175072,-0.039746,0.751995,1.180877,-0.188257,0.548579,0.057863,-0.498523,0.125863,-0.161960,0.427090,0.248168,0.781568,-0.221367,-0.897924
523,22.314700,0,0.125784,0.082030,-0.039746,0.355597,1.279282,-0.084924,0.275074,0.011558,-0.602328,0.023897,-0.156086,0.409874,-0.119124,-0.278809,0.139751,-0.897924
524,22.357300,0,0.074987,0.043346,-0.039746,1.788451,1.199621,0.074186,-0.281478,0.061798,-0.551940,-0.130712,0.088105,0.359460,-0.165035,-0.031388,0.068316,1.113680
525,22.400000,0,0.079605,0.029064,-0.039746,1.356710,1.295194,0.713520,-0.556916,0.074626,-0.542870,-0.724427,-0.023501,0.405935,0.156345,-0.909144,0.600698,1.113680
526,22.442700,0,0.072678,0.020945,-0.039746,-0.059054,1.283942,1.882037,-0.841585,0.080311,-0.536551,-1.710329,0.046147,0.390335,0.294079,-1.032855,0.669856,-0.897924
527,22.485300,0,0.070369,0.024318,-0.039746,1.072649,1.216490,0.240396,-0.277237,0.075403,-0.537011,-0.289097,0.044469,0.400131,-0.027301,-0.915035,0.028014,-0.897924
528,22.528000,0,0.077296,0.010969,-0.039746,0.924047,1.336175,0.371290,-0.278422,0.077979,-0.538058,-0.411891,-0.015949,0.396006,0.110434,-0.585140,-0.596407,-0.897924
529,22.570700,0,0.070369,0.012323,-0.039746,1.205571,1.396882,0.133139,-0.276675,0.068212,-0.551352,-0.187245,0.119992,0.381462,-0.210946,0.822805,0.030144,1.113680
530,22.613300,0,0.038043,0.034483,-0.039746,1.421096,1.612575,-0.390998,0.292227,-0.003116,-0.607004,0.329681,0.001673,0.501894,0.339991,2.702028,-0.284217,1.113680
531,22.656000,0,0.019572,-0.014644,-0.039746,1.657538,2.067086,0.129496,-0.252724,0.029341,-0.598302,-0.183812,-0.131751,0.595310,0.018611,2.584209,-0.001018,-0.897924
532,22.698700,0,-0.017372,-0.049022,-0.039746,0.841048,2.141635,0.982689,-0.812707,0.062576,-0.578628,-0.962119,0.049504,0.592896,-0.256858,1.735907,-0.080107,-0.897924
533,22.741300,0,-0.148983,-0.172916,-0.039746,1.941877,2.434125,0.291221,-0.232079,-0.069780,-0.733554,-0.337047,-0.334823,0.702031,-0.440504,3.243999,-0.931624,-0.897924
534,22.784000,0,-0.192853,-0.226860,-0.039746,1.378737,2.373349,1.116013,-0.512756,-0.043979,-0.699246,-1.077360,-0.267691,0.680531,-0.119124,1.859618,-0.279998,1.113680
535,22.826700,0,-0.259813,-0.294935,-0.039746,1.986745,2.513996,-0.084457,-0.218544,0.013404,-0.638565,0.023439,-0.058745,0.678482,0.064522,1.034880,-0.940332,1.113680
536,22.869300,0,-0.331391,-0.359698,-0.039746,1.689140,2.260620,-0.359979,0.087395,0.037844,-0.595419,0.298210,-0.485029,0.802981,-0.027301,2.330896,-1.560206,-0.897924
537,22.912000,0,-0.400660,-0.456140,-0.039746,1.850051,1.346228,0.792001,-0.482006,0.123944,-0.509823,-0.794464,-0.271887,0.743516,-0.348681,2.012783,-0.668901,-0.897924
538,22.954700,0,-0.479165,-0.548185,-0.039746,1.501289,1.687590,-0.531608,-0.176941,0.197653,-0.414903,0.474105,-0.207273,0.785400,-0.348681,1.482595,-1.211646,-0.897924
539,22.997300,0,-0.520727,-0.657438,-0.039746,0.195632,1.212903,0.032236,-0.722827,0.328891,-0.294391,-0.090200,-0.537895,0.877551,-0.394592,1.671106,-0.752771,-0.897924
540,23.040000,0,-0.583069,-0.641711,-0.039746,0.405991,0.497507,-0.759295,-0.147501,0.586363,0.206213,0.713170,-0.435520,0.817861,-0.440504,1.176264,-0.187707,1.113680
541,23.082700,0,-0.650029,-0.730105,-0.039746,-0.694411,0.503685,-0.315507,-0.702868,0.727271,0.409569,0.253235,-0.532860,0.877636,-0.165035,1.618088,0.383655,1.113680
542,23.125300,0,-0.751623,-0.771122,-0.039746,1.226590,0.428359,-1.046402,-0.118498,0.723869,0.537750,1.025134,-0.700689,0.927797,-0.624149,1.512050,-0.452385,-0.897924
543,23.168000,0,-0.783949,-0.812354,-0.039746,1.194974,0.678537,-1.253815,-0.105025,0.839754,0.732948,1.257905,-0.747680,0.988244,-0.761884,1.140918,-0.501559,-0.897924
544,23.210700,0,-0.850909,-0.831382,-0.039746,0.809601,0.616819,-0.823107,-0.106460,0.813807,0.795233,0.781491,-0.745163,0.997350,-1.083264,1.264629,-0.501020,-0.897924
545,23.253300,0,-0.797802,-0.882178,-0.039746,-1.026819,0.414672,-0.249359,-0.956663,1.082503,1.060835,0.186860,-0.827399,1.051484,-0.440504,1.541505,-0.276487,-0.897924
546,23.296000,0,-0.830128,-0.880787,-0.039746,0.854097,0.467022,-1.947992,0.205965,1.006510,1.024008,2.088397,-0.813134,1.074500,-0.853707,1.241065,-0.752198,1.113680
547,23.338700,0,-0.825510,-0.904795,-0.039746,-1.194109,-0.084696,-1.068732,-0.653656,1.150236,1.192903,1.049853,-0.820686,1.137469,-1.312821,1.500268,-0.264057,1.113680
548,23.381300,0,-0.885543,-0.902606,-0.039746,1.028342,-0.132805,-1.937715,0.221371,1.053058,1.164439,2.075465,-0.813134,1.205753,-0.991441,1.635760,-0.563285,-0.897924
549,23.424000,0,-0.846291,-0.828350,-0.039746,-0.448886,0.163973,-1.698350,-0.063173,1.355475,1.583833,1.779981,-0.747680,1.227757,-1.266910,1.517941,-0.342315,-0.897924
550,23.466700,0,-0.908633,-0.874185,-0.039746,0.398975,0.062775,-2.129992,0.235655,1.394832,1.738580,2.320711,-0.677193,1.273537,-1.266910,1.270520,-0.385865,-0.897924
551,23.509300,0,-0.982520,-0.907199,-0.039746,0.149571,-0.664853,-2.296296,0.535356,1.390653,1.891355,2.538719,-0.834951,1.356289,-0.945530,2.059911,-0.569353,-0.897924
552,23.552000,0,-1.095659,-1.104191,-0.039746,0.072248,-0.919832,-1.919870,-0.044649,1.267869,1.866484,2.053035,-0.608383,1.361619,-0.991441,1.912637,-0.358273,1.113680
553,23.594700,0,-1.074878,-1.056993,-0.039746,-0.286090,-1.331673,-2.162132,-0.310980,1.747975,2.633448,2.362367,-0.787959,1.433653,-0.899618,2.749156,0.171340,1.113680
554,23.637300,0,-1.190327,-1.252307,-0.039746,0.190249,-1.274888,-2.024511,-0.300813,1.528791,2.533038,2.185213,-0.827399,1.529751,-1.817847,2.607773,-0.429164,-0.897924
555,23.680000,0,-1.215725,-1.223240,-0.039746,0.295347,-1.738044,-2.674777,0.004189,1.998305,3.605560,3.057591,-0.746841,1.587563,-1.266910,1.918528,-0.761567,-0.897924
556,23.722700,0,-1.321938,-1.417217,-0.039746,0.445982,-1.240248,-2.069730,-0.281852,1.585251,3.371155,2.243006,-0.865160,1.708178,-1.588290,1.600415,-0.783114,-0.897924
557,23.765300,0,-1.349645,-1.515372,-0.039746,0.201380,-1.449996,-2.152041,-0.569578,1.871877,4.132953,2.349206,-0.779568,1.730658,-1.037353,0.869933,-0.541088,-0.897924
558,23.808000,0,-1.423532,-1.565118,-0.039746,0.527355,-0.904418,-1.782343,-0.855182,1.773873,4.458343,1.882519,-0.944879,1.809907,-1.726024,1.023098,-0.852711,-0.897924
559,23.850700,0,-1.365808,-1.744239,-0.039746,0.827356,-1.117839,-2.774279,-0.839527,0.830084,1.523761,3.199496,-0.941522,1.871251,-1.266910,0.651966,-0.867897,-0.897924
560,23.893300,0,-1.365808,-1.747092,-0.039746,0.865630,-0.542452,-2.424761,-1.136421,0.912199,1.595558,2.711180,-0.902922,1.885758,-1.312821,0.045195,-0.606554,1.113680
561,23.936000,0,-1.349645,-1.742158,-0.039746,0.903521,0.499803,-2.484742,-1.134612,1.018123,1.642933,2.792891,-0.886139,1.934450,-0.945530,-0.219899,-0.698167,1.113680
562,23.978700,0,-1.423532,-1.686159,-0.039746,0.667745,0.549242,-2.152695,-0.558101,0.450071,1.192736,2.350007,-0.890335,1.865052,-1.129175,0.163015,-1.415961,-0.897924
563,24.021300,0,-1.414296,-1.799072,-0.039746,1.423585,1.265432,-1.946497,-1.432255,0.815702,1.727038,2.086452,-0.880265,1.926964,-1.450556,-0.001933,-0.969176,-0.897924
564,24.064000,0,-1.402752,-1.772992,-0.039746,1.089437,1.890702,-2.633201,-0.837780,0.806179,1.587921,2.998883,-0.932292,1.943802,-1.129175,0.068759,-1.217996,-0.897924
565,24.106700,0,-1.455858,-1.820998,-0.039746,0.656766,2.073280,-2.661229,-0.836284,0.409694,1.511974,3.038250,-0.885300,1.972153,-1.450556,0.009849,-0.942263,-0.897924
566,24.149300,0,-1.432768,-1.763240,-0.039746,0.962876,2.509818,-2.708878,-0.546001,0.556432,1.439436,3.105884,-0.832434,1.967197,-1.542378,0.051086,-1.507919,-0.897924
567,24.192000,0,-1.515891,-1.761984,-0.039746,0.417698,2.073202,-1.989194,-0.560908,-0.122645,1.002708,2.140467,-0.917187,1.857040,-1.358733,0.769786,-1.345984,-0.897924
568,24.234700,0,-1.520509,-1.804903,-0.039746,0.454416,2.030796,-1.167019,-1.152264,0.107180,1.225633,1.159715,-0.823203,1.871798,-1.588290,0.463455,-0.688645,1.113680
569,24.277300,0,-1.444313,-1.803243,-0.039746,0.752329,2.586700,-2.601902,-0.839090,0.685193,1.592298,2.955052,-0.826560,1.928226,-1.496467,0.204252,-1.246787,1.113680
570,24.320000,0,-1.490492,-1.928115,-0.039746,-1.003841,2.321497,0.277394,-2.321566,0.828044,2.079831,-0.324001,-0.912991,1.933598,-1.450556,0.257271,-1.329955,-0.897924
571,24.362700,0,-1.543599,-1.834338,-0.039746,0.373037,1.504795,-1.265120,-1.156505,0.061361,1.261011,1.270722,-0.702367,1.867129,-0.945530,-0.007824,-1.317730,-0.897924
572,24.405300,0,-1.557452,-1.870564,-0.039746,1.007252,1.512692,-1.600530,-1.143532,-0.139942,1.325259,1.662336,-0.788798,1.904754,-0.991441,0.009849,-1.537073,-0.897924
573,24.448000,0,-1.518200,-1.907301,-0.039746,0.992917,0.587205,-2.122611,-1.138105,0.316015,1.562144,2.311098,-0.787120,1.898680,-1.542378,0.074650,-1.299338,-0.897924
574,24.490700,0,-1.522818,-1.934242,-0.039746,1.291677,1.333398,-1.964249,-1.424022,0.338852,1.756834,2.108767,-0.881104,1.996981,-1.450556,-0.125643,-1.260387,-0.897924
575,24.533300,0,-1.612868,-1.895872,-0.039746,0.874779,1.228029,-1.243724,-1.434625,-0.495806,1.184166,1.246461,-0.893691,1.945755,-1.771936,-0.225790,-1.590443,-0.897924
576,24.576000,0,-1.594396,-1.871820,-0.039746,0.276850,1.074373,-1.315478,-1.436309,-0.451493,1.204829,1.328400,-0.857608,2.042557,-1.404644,-0.543903,-1.051730,1.113680
577,24.618700,0,-1.617485,-1.854568,-0.039746,0.764646,1.157356,-1.798132,-1.143282,-0.663098,1.046704,1.901860,-0.818168,2.062182,-1.129175,-0.579249,-1.568258,1.113680
578,24.661300,0,-1.656738,-1.855716,-0.039746,0.422622,0.096085,-1.507848,-1.147336,-0.888015,0.848777,1.552245,-0.917187,1.923789,-1.542378,-0.090297,-1.528518,-0.897924
579,24.704000,0,-1.571306,-1.881401,-0.039746,-0.400215,0.704291,-2.680476,-0.839465,-0.417141,1.061760,3.065601,-0.810616,2.116977,-1.680113,-0.155098,-1.014915,-0.897924
580,24.746700,0,-1.596705,-1.947376,-0.039746,1.340035,0.960935,-1.751044,-1.424459,-0.326912,1.477753,1.844067,-0.855930,2.153229,-1.266910,-0.054952,-2.090539,-0.897924
581,24.789300,0,-1.564379,-1.951162,-0.039746,1.206082,0.762523,-2.418594,-1.124757,-0.207772,1.411906,2.702826,-0.830755,2.051094,-1.542378,0.098214,-1.676268,-0.897924
582,24.832000,0,-1.668283,-1.954625,-0.039746,0.603751,0.013841,-1.043132,-1.440114,-0.931356,0.976519,1.021472,-0.815651,2.013586,-1.817847,0.640184,-2.202616,-0.897924
583,24.874700,0,-1.626721,-1.936001,-0.039746,-0.271701,0.534653,-1.756650,-1.140974,-0.559506,0.917231,1.850934,-0.879426,2.010449,-2.093316,0.575384,-1.071902,-0.897924
584,24.917300,0,-1.672901,-1.958967,-0.039746,0.479968,-0.514698,-0.572530,-1.733079,-0.858522,1.021322,0.516562,-0.882782,2.001264,-2.139227,0.392763,-1.939705,-0.897924
585,24.960000,0,-1.670592,-2.018411,-0.039746,0.721986,-1.631431,-1.601651,-1.426579,-0.966632,0.978964,1.663595,-0.900404,2.137992,-1.909670,0.168906,-2.213823,1.113680
586,25.002700,0,-1.557452,-2.041404,-0.039746,0.428501,-0.471794,-2.231643,-1.715427,0.120008,1.647025,2.453232,-0.846699,2.046692,-1.817847,-0.043170,-0.692859,1.113680
587,25.045300,0,-1.684445,-2.039036,-0.039746,0.878424,-1.022593,0.162943,-2.033716,-1.089270,0.899805,-0.215741,-0.779568,1.932385,-2.047404,0.168906,-2.068571,-0.897924
588,25.088000,0,-1.684445,-2.053884,-0.039746,0.282471,-0.132494,-2.034881,-1.135797,-1.975918,-0.009439,2.198374,-0.782085,1.974384,-1.588290,0.104105,-1.821314,-0.897924
589,25.130700,0,-1.645193,-2.047173,-0.039746,1.298034,-2.114926,-2.493431,-1.414229,-1.056424,1.060805,2.804792,-0.858447,2.115723,-1.771936,0.009849,-1.763632,-0.897924
590,25.173300,0,-1.742170,-2.104823,-0.039746,1.320582,-2.072006,-0.840391,-1.735636,-2.304475,-0.172673,0.800144,-0.706563,2.026194,-2.598342,-0.155098,-2.257250,-0.897924
591,25.216000,0,-1.684445,-2.031733,-0.039746,0.285502,-2.288423,-1.855217,-1.447162,-0.935000,0.732448,1.972355,-0.682227,1.792571,-1.955582,-0.361283,-1.586013,-0.897924
592,25.258700,0,-1.723698,-2.063949,-0.039746,1.486275,-1.972178,-0.925318,-1.740813,-1.893609,0.039758,0.892154,-0.665445,1.829298,-1.817847,-0.443756,-1.809599,-0.897924
593,25.301300,0,-1.656738,-2.126390,-0.039746,1.226320,-1.510251,-2.217068,-1.419843,-1.764022,0.087001,2.434121,-0.753554,2.087676,-2.093316,-0.378956,-1.908040,1.113680
594,25.344000,0,-1.702917,-1.998845,-0.039746,0.320693,-2.079204,-1.678823,-1.428575,-1.599695,0.379366,1.756406,-0.736772,2.087133,-2.185139,-0.431974,-1.752179,1.113680
595,25.386700,0,-1.742170,-2.125851,-0.039746,1.426838,-1.127503,-1.202989,-1.726966,-3.083839,-0.899794,1.200113,-0.819007,1.991061,-1.588290,-0.785433,-2.182655,-0.897924
596,25.429300,0,-1.765259,-2.160319,-0.039746,2.389161,-2.586804,1.024265,-2.333105,-3.314976,-1.204551,-0.998168,-0.756072,1.843520,-1.909670,-0.767760,-2.361444,-0.897924
597,25.472000,0,-1.756023,-1.978345,-0.039746,0.433834,-2.141801,-0.229646,-1.748547,-1.608101,0.494538,0.167062,-0.672997,1.884279,-2.093316,-0.591031,-2.311164,-0.897924
598,25.514700,0,-1.737552,-2.097986,-0.039746,1.049015,-1.715627,-0.224881,-2.032406,-2.823258,-0.871585,0.162370,-0.737611,2.145585,-2.276962,-0.626377,-1.574620,-0.897924
599,25.557300,0,-1.825292,-2.020779,-0.039746,0.508745,-1.806687,0.230866,-1.745928,-3.000753,-0.832961,-0.280170,-0.853412,1.938016,-2.139227,-0.543903,-1.963213,-0.897924
600,25.600000,0,-1.772186,-1.877974,-0.039746,-0.392584,-1.552999,-1.700312,-0.863728,-2.409573,-0.534124,1.782384,-0.680549,2.230449,-1.771936,-0.785433,-1.828202,-0.897924
601,25.642700,0,-1.749097,-2.017532,-0.039746,1.298071,-1.766358,-0.659045,-1.736073,-2.816455,-0.575942,0.607084,-0.805581,2.069596,-2.047404,-0.838452,-2.224251,-0.897924
602,25.685300,0,-1.841455,-2.063366,-0.039746,2.104760,-2.459268,1.362759,-2.044069,-3.603059,-1.067870,-1.286557,-0.759428,1.946483,-2.001493,-0.755978,-2.735594,1.113680
603,25.728000,0,-1.843764,-1.969221,-0.039746,-0.096798,-1.913487,0.523766,-1.770814,-2.682205,-0.828662,-0.552538,-0.621809,1.595958,-2.322873,-0.697069,-1.979662,1.113680
604,25.770700,0,-1.887635,-1.853824,-0.039746,-0.563233,-2.543379,0.346531,-1.480594,-2.384841,-0.349521,-0.388774,-0.655375,1.608640,-2.322873,-0.856125,-1.913173,-0.897924
605,25.813300,0,-1.869163,-1.997607,-0.039746,1.359349,-2.516574,1.544572,-2.051305,-3.253512,-0.884051,-1.437503,-0.787959,1.802967,-1.909670,-1.026964,-2.259035,-0.897924
606,25.856000,0,-1.903797,-1.970854,-0.039746,3.258790,-2.758621,1.579981,-2.348823,-3.848578,-0.992361,-1.466571,-0.633557,2.262430,-1.909670,-0.909144,-2.630698,-0.897924
607,25.898700,0,-1.873781,-1.754377,-0.039746,-0.616680,-1.551435,-0.351290,-1.186881,-2.058713,0.159495,0.289284,-0.597474,2.181246,-1.909670,-0.920926,-1.939114,-0.897924
608,25.941300,0,-1.788349,-1.842574,-0.039746,0.213658,-2.457105,-0.977358,-1.450156,-1.751049,0.640180,0.949031,-0.677193,2.248665,-1.680113,-0.932708,-1.853740,-0.897924
609,25.984000,0,-1.848382,-1.808043,-0.039746,0.020618,-0.741020,0.948121,-1.481717,-2.395288,-0.594336,-0.932021,-0.649501,2.064392,-2.185139,-0.879689,-2.245043,-0.897924
610,26.026700,0,-1.919960,-1.720052,-0.039746,-0.954335,-1.057934,0.470605,-1.224429,-1.810862,0.242221,-0.503786,-0.309649,1.708290,-1.909670,-0.973945,-1.952644,-0.897924
611,26.069300,0,-1.973066,-1.934825,-0.039746,1.091379,-3.379230,1.954258,-2.090101,-3.659762,-1.171053,-1.767663,-0.269370,1.264390,-2.644253,-0.897362,-2.692278,1.113680
612,26.112000,0,-1.712153,-1.970083,-0.039746,0.214760,-1.282708,-1.249891,-1.148833,-2.197143,-0.552032,1.253442,-0.715793,1.967583,-2.139227,-0.591031,-2.170787,1.113680
613,26.154700,0,-1.864545,-1.789042,-0.039746,-0.855814,-1.882107,-0.795639,-0.889799,-2.538625,-0.673118,0.752080,-0.548804,1.711029,-2.093316,-0.685287,-1.613687,-0.897924
614,26.197300,0,-2.280159,-1.612011,-0.039746,-0.109312,-3.236553,2.053199,-1.855018,-3.758932,-1.239749,-1.845368,0.307121,2.013633,-1.771936,-0.585140,-2.726934,-0.897924
615,26.240000,0,-2.157784,-1.408623,-0.039746,-1.861100,-1.844914,0.449116,-0.735053,-2.355639,-0.690698,-0.483988,0.500962,1.635328,-2.139227,-0.932708,-1.914788,-0.897924
616,26.282700,0,-1.973066,-1.708794,-0.039746,-0.618679,-2.975598,1.032207,-1.527623,-2.260891,0.056330,-1.005149,0.011743,1.675790,-2.093316,-0.838452,-1.595429,-0.897924
617,26.325300,0,-1.901488,-1.325333,-0.039746,-1.894325,-1.854695,-0.608594,-0.116190,-0.894818,0.310706,0.554098,0.201389,1.764504,-1.588290,-0.838452,-1.570037,-0.897924
618,26.368000,0,-2.169328,-1.326607,-0.039746,-2.030998,-2.286447,0.217412,-0.448637,-1.838363,-0.248594,-0.267468,0.333973,0.504874,-2.231050,-0.708851,-1.676104,-0.897924
619,26.410700,0,-2.238597,-1.442974,-0.039746,-1.294714,-3.224788,2.062916,-1.298278,-2.603053,-0.604199,-1.853036,0.166984,0.515580,-2.414696,-0.944490,-1.803823,-0.897924
620,26.453300,0,-2.164710,-1.072719,-0.039746,-2.416082,-2.122870,-0.842820,0.364330,-1.294703,-0.096296,0.802777,0.774522,0.193296,-2.093316,-1.009291,-0.975848,1.113680
621,26.496000,0,-1.894561,-1.251948,-0.039746,-2.073032,-2.598779,-0.705947,0.147584,-0.162342,1.359366,0.656637,0.143488,0.642404,-2.368785,-0.738306,-1.889677,1.113680
622,26.538700,0,-1.949977,-1.499690,-0.039746,-1.642891,-2.481490,0.189944,-0.683595,-1.254034,0.432639,-0.241375,0.012582,0.994160,-2.368785,-0.926817,-1.720286,-0.897924
623,26.581300,0,-2.102368,-1.559628,-0.039746,-1.329104,-2.943977,0.625697,-0.952609,-2.364191,-0.280010,-0.645349,-0.279439,2.268299,-2.185139,-0.826670,-1.829261,-0.897924
624,26.624000,0,-2.139312,-1.297163,-0.039746,-1.814299,-0.917964,1.114705,-0.483628,-2.021446,-0.724914,-1.076330,0.675504,1.533242,-2.231050,-1.127110,-1.951959,-0.897924
625,26.666700,0,-2.333265,-1.213829,-0.039746,-2.687253,-2.133919,0.144444,-0.258026,-1.811396,-0.273144,-0.198002,1.058991,1.058978,-1.680113,-1.127110,-1.181181,-0.897924
626,26.709300,0,-2.351737,-1.226667,-0.039746,-2.543520,-2.023493,1.747593,-0.167523,-1.661597,-0.671839,-1.602755,3.372505,-1.191284,-2.276962,-0.567467,-1.660158,-0.897924
627,26.752000,0,-1.811439,-1.336906,-0.039746,-1.650490,-2.333848,-0.086419,0.605275,-0.617667,0.031876,0.025385,1.429892,-0.243970,-2.231050,-0.461429,-1.993894,-0.897924
628,26.794700,0,-1.640575,-0.708099,-0.039746,-2.308895,-2.994272,-1.574930,2.314663,0.669936,0.962410,1.631666,0.378448,-0.467035,-2.276962,-0.549794,-0.932011,-0.897924
629,26.837300,0,-2.023864,-1.369122,-0.039746,-1.846833,-2.494920,0.005889,0.292788,-1.093497,-0.121377,-0.064680,0.766131,-0.696554,-2.047404,-1.168347,-1.582297,1.113680
630,26.880000,0,-2.571089,-0.875127,-0.039746,-2.678972,-2.238626,1.528969,0.085835,-1.790649,-0.798140,-1.424686,3.301178,-1.123712,-2.460607,-0.714742,-2.003813,1.113680
631,26.922700,0,-2.240906,-0.853757,-0.039746,-2.762281,-1.868583,0.019156,1.290128,-1.412482,-0.573191,-0.077611,1.989599,-0.516105,-2.185139,-0.844343,-2.037298,-0.897924
632,26.965300,0,-1.749097,-0.731451,-0.039746,-2.039445,-1.164462,-0.707255,1.524088,-0.351060,0.374060,0.658010,0.776201,0.703651,-2.139227,-0.814888,-0.742998,-0.897924
633,27.008000,0,-1.742170,-1.443512,-0.039746,-1.424122,-3.145454,-1.450389,0.509471,-1.009293,0.091803,1.484725,0.224046,1.376279,-2.139227,-0.962163,-0.919166,-0.897924
634,27.050700,1,-23.497249,-3.215371,-226.811385,1.033781,-4.254189,-8.530534,-6.215497,-2.324494,-1.750662,-19.885825,-108.814014,-9.039933,-3.608394,-1.904720,-3.766088,-33.100076
635,27.093300,1,-23.497249,-3.215371,-226.811385,1.033781,-4.254189,-8.530534,-6.215497,-2.324494,-1.750662,-19.885825,-108.814014,-9.039933,-3.608394,-1.904720,-3.766088,-33.100076
636,27.136000,1,-23.497249,-3.215371,-226.811385,1.033781,-4.254189,-8.530534,-6.215497,-2.324494,-1.750662,-19.885825,-108.814014,-9.039933,-3.608394,-1.904720,-3.766088,-33.100076
637,27.178700,1,-23.497249,-3.215371,-226.811385,1.033781,-4.254189,-8.530534,-6.215497,-2.324494,-1.750662,-19.885825,-108.814014,-9.039933,-3.608394,-1.904720,-3.766088,-33.100076
638,27.221300,1,-23.497249,-3.215371,-226.811385,1.033781,-4.254189,-8.530534,-6.215497,-2.324494,-1.750662,-19.885825,-108.814014,-9.039933,-3.608394,-1.904720,-3.766088,-33.100076
639,27.264000,1,-23.497249,-3.215371,-226.811385,1.033781,-4.254189,-8.530534,-6.215497,-2.324494,-1.750662,-19.885825,-108.814014,-9.039933,-3.608394,-1.904720,-3.766088,-33.100076
640,27.306700,1,-23.497249,-3.215371,-226.811385,1.033781,-4.254189,-8.530534,-6.215497,-2.324494,-1.750662,-19.885825,-108.814014,-9.039933,-3.608394,-1.904720,-3.766088,-33.100076
641,27.349300,1,-23.497249,-3.215371,-226.811385,1.033781,-4.254189,-8.530534,-6.215497,-2.324494,-1.750662,-19.885825,-108.814014,-9.039933,-3.608394,-1.904720,-3.766088,-33.100076
642,27.392000,1,-23.497249,-3.215371,-226.811385,1.033781,-4.254189,-8.530534,-6.215497,-2.324494,-1.750662,-19.885825,-108.814014,-9.039933,-3.608394,-1.904720,-3.766088,-33.100076
643,27.434700,1,-23.497249,-3.215371,-226.811385,1.033781,-4.254189,-8.530534,-6.215497,-2.324494,-1.750662,-19.885825,-108.814014,-9.039933,-3.608394,-1.904720,-3.766088,-33.100076
644,27.477300,1,-23.497249,-3.215371,-226.811385,1.033781,-4.254189,-8.530534,-6.215497,-2.324494,-1.750662,-19.885825,-108.814014,-9.039933,-3.608394,-1.904720,-3.766088,-33.100076
645,27.520000,1,-23.497249,-3.215371,-226.811385,1.033781,-4.254189,-8.530534,-6.215497,-2.324494,-1.750662,-19.885825,-108.814014,-9.039933,-3.608394,-1.904720,-3.766088,-33.100076
646,27.562700,1,-23.497249,-3.215371,-226.811385,1.033781,-4.254189,-8.530534,-6.215497,-2.324494,-1.750662,-19.885825,-108.814014,-9.039933,-3.608394,-1.904720,-3.766088,-33.100076
647,27.605300,1,-23.497249,-3.215371,-226.811385,1.033781,-4.254189,-8.530534,-6.215497,-2.324494,-1.750662,-19.885825,-108.814014,-9.039933,-3.608394,-1.904720,-3.766088,-33.100076
648,27.648000,1,-23.497249,-3.215371,-226.811385,1.033781,-4.254189,-8.530534,-6.215497,-2.324494,-1.750662,-19.885825,-108.814014,-9.039933,-3.608394,-1.904720,-3.766088,-33.100076
649,27.690700,1,-23.497249,-3.215371,-226.811385,1.033781,-4.254189,-8.530534,-6.215497,-2.324494,-1.750662,-19.885825,-108.814014,-9.039933,-3.608394,-1.904720,-3.766088,-33.100076
650,27.733300,1,-23.497249,-3.215371,-226.811385,1.033781,-4.254189,-8.530534,-6.215497,-2.324494,-1.750662,-19.885825,-108.814014,-9.039933,-3.608394,-1.904720,-3.766088,-33.100076
