frame,time,centroid,spread,rolloff,slope,obsir_std,flatness,crest,skewness,kurtosis,tonality,entropy,tpr,n_peaks,flux,irregularity,zcr,gated
0,0.0,8214.89,7436.4568,17578.12,-5.753647354,0.294906,0.480107,25.3655,0.8175,-0.2392,0.05311,0.674456,-5.939154,161,0.0,2397.9409,0.119399,0
1,0.0427,8363.03,7563.4605,17613.28,-6.1423351734,0.203474,0.447431,22.708,0.7802,-0.2848,0.058212,0.697969,-4.017074,158,0.579218,2739.9671,0.121353,0
2,0.0853,8170.4,7559.4091,17636.72,-6.525027021,0.26606,0.4136,19.7055,0.8784,-0.068,0.063903,0.704205,-2.757801,150,0.610995,2761.9268,0.120498,0
3,0.128,8098.73,7487.1724,17613.28,-5.6469208105,0.22137,0.481589,25.4858,0.8183,-0.3109,0.052887,0.6781,-1.687002,181,0.601854,2503.4602,0.115981,0
4,0.1707,8012.2,7511.3038,17496.09,-6.1045263299,0.342658,0.448918,22.3212,0.8517,-0.2049,0.057972,0.686942,-7.748252,133,0.588993,2542.3479,0.116225,0
5,0.2133,7987.03,7441.2093,17531.25,-5.5799871443,0.339345,0.477062,27.0956,0.8437,-0.272,0.053571,0.672863,-2.921995,154,0.609649,2368.4359,0.114394,0
6,0.256,7935.81,7429.7861,17273.44,-5.9299851238,0.31383,0.456914,23.3094,0.8467,-0.2602,0.056694,0.688079,-3.423489,148,0.622774,2467.3958,0.113539,0
7,0.2987,7885.77,7343.9206,17132.81,-5.3168434319,0.144693,0.502511,29.103,0.8284,-0.3453,0.049809,0.656307,-5.415321,168,0.643168,2187.5223,0.109022,0
8,0.3413,8048.4,7376.0649,17167.97,-5.88072046,0.208113,0.458556,23.656,0.8834,-0.0867,0.056435,0.694967,-2.2119,152,0.619339,2626.8485,0.111708,0
9,0.384,8153.12,7479.5402,17449.22,-6.7960929124,0.276178,0.401593,18.1873,0.9063,0.0807,0.066036,0.715841,-6.383294,154,0.605697,2744.3973,0.118667,0
10,0.4267,8196.71,7537.8794,17683.59,-6.3948167072,0.351944,0.418125,19.441,0.8363,-0.1568,0.063116,0.678965,-9.372054,140,0.616284,2656.262,0.116347,0
11,0.4693,8248.91,7553.5922,17613.28,-6.1231847221,0.363083,0.444517,22.2501,0.8241,-0.2021,0.058685,0.69992,-5.003538,164,0.609992,2715.0225,0.116103,0
12,0.512,8264.13,7444.756,17507.81,-6.4669176655,0.347882,0.415593,19.2289,0.8479,-0.106,0.063555,0.719584,-4.411435,144,0.581248,2833.6856,0.123672,0
13,0.5547,8203.77,7423.711,17507.81,-6.1084731878,0.325598,0.44909,22.0359,0.8603,-0.1127,0.057945,0.712426,-2.754513,161,0.600505,2723.0672,0.12294,0
14,0.5973,8105.52,7420.4259,17449.22,-5.9239690465,0.221653,0.463474,23.7559,0.8278,-0.248,0.055662,0.70358,-2.368675,144,0.623081,2596.3871,0.119155,0
15,0.64,8276.12,7539.6077,17730.47,-6.7378240725,0.190945,0.402935,17.9174,0.8793,-0.0117,0.065794,0.716272,-2.634832,146,0.592146,2857.4234,0.113783,0
16,0.6827,7777.36,7422.2931,17378.91,-5.2115875544,0.33318,0.500642,32.3431,0.8271,-0.4479,0.050079,0.634313,-2.200898,148,0.635736,2209.0349,0.113417,0
17,0.7253,8462.09,7574.3806,17824.22,-6.6636549787,0.165294,0.409245,18.221,0.8091,-0.1725,0.064669,0.722232,-5.604367,157,0.636875,2749.9525,0.120742,0
18,0.768,8247.79,7467.1639,17519.53,-6.4143897794,0.185983,0.428614,20.5341,0.8354,-0.135,0.061322,0.721254,-4.780763,141,0.572592,2728.799,0.128556,0
19,0.8107,7982.82,7517.1029,17378.91,-6.7440212594,0.283097,0.402201,18.5126,0.8988,-0.0185,0.065926,0.698621,-2.011533,156,0.62237,2736.7944,0.127701,0
20,0.8533,8355.29,7611.5783,17742.19,-7.0974343568,0.244782,0.378281,14.9865,0.8658,-0.0361,0.070364,0.731873,-2.648191,174,0.611984,2993.2205,0.124161,0
21,0.896,8245.68,7507.7105,17707.03,-6.1988609836,0.313929,0.45158,22.3577,0.8342,-0.1989,0.057544,0.701958,-4.712442,127,0.599542,2589.0897,0.122451,0
22,0.9387,8188.5,7441.929,17519.53,-5.8883874977,0.341852,0.46683,23.0341,0.8178,-0.2278,0.05514,0.677153,-2.53522,154,0.611167,2588.868,0.118667,0
23,0.9813,8075.88,7499.9994,17484.38,-6.3705406747,0.268654,0.431336,20.8745,0.8604,-0.1279,0.060864,0.689217,-6.974568,124,0.618458,2567.0129,0.116713,0
24,1.024,8079.94,7503.8745,17496.09,-6.0680393228,0.371139,0.452074,22.3712,0.828,-0.2692,0.057465,0.683801,-3.435316,154,0.603602,2389.2685,0.116958,0
25,1.0667,8318.92,7503.221,17566.41,-5.9752456782,0.314223,0.455345,21.9318,0.7877,-0.3005,0.056943,0.700728,-2.604057,169,0.601757,2641.8144,0.12001,0
26,1.1093,8150.24,7506.3318,17496.09,-7.1844532666,0.293021,0.371648,16.6982,0.8843,0.0337,0.071645,0.713845,-5.97383,151,0.620958,2995.1633,0.114516,0
27,1.152,8026.38,7450.0426,17460.94,-5.4434033976,0.404775,0.49877,27.5835,0.788,-0.4472,0.05035,0.657754,-0.393987,161,0.611997,2327.0345,0.110731,0
28,1.1947,8028.94,7523.6532,17414.06,-6.0855179735,0.299085,0.445434,22.6754,0.8493,-0.1896,0.058536,0.685579,-2.050313,146,0.584642,2508.3379,0.116591,0
29,1.2373,8150.83,7520.8018,17554.69,-6.8464242388,0.191727,0.396936,17.2693,0.8721,-0.043,0.06688,0.711882,-5.119125,132,0.624707,2726.2708,0.109877,0
30,1.28,7732.93,7398.6363,16980.47,-6.2750166434,0.22704,0.439409,21.0688,0.9418,0.04,0.059522,0.689947,-5.343676,149,0.615418,2620.066,0.109999,0
31,1.3227,8194.56,7601.5351,17718.75,-6.2505829925,0.251502,0.433036,21.2715,0.8167,-0.2691,0.060579,0.697287,-2.115017,156,0.611762,2761.4029,0.115126,0
32,1.3653,8154.71,7566.1483,17613.28,-6.7842335052,0.269753,0.391911,17.391,0.8875,-0.0304,0.067802,0.717217,-6.692403,148,0.620051,2821.0542,0.112563,0
33,1.408,8098.93,7455.3238,17542.97,-5.2961405536,0.172929,0.506507,30.8504,0.7912,-0.4218,0.049236,0.658805,-2.780137,147,0.607357,2339.0982,0.119399,0
34,1.4507,8012.03,7499.1264,17332.03,-6.6198079573,0.279775,0.409912,19.2956,0.8784,-0.0585,0.064552,0.697041,-6.364411,156,0.612896,2720.9703,0.122085,0
35,1.4933,8394.37,7598.4843,17648.44,-6.8212249386,0.245202,0.399372,17.1742,0.8181,-0.1413,0.066437,0.719976,-4.076816,145,0.596476,2703.8119,0.129777,0
36,1.536,8446.91,7482.1275,17660.16,-6.3178059402,0.224381,0.430427,20.964,0.7825,-0.2295,0.061017,0.728225,-3.925212,152,0.599865,2744.6773,0.128922,0
37,1.5787,7996.08,7451.9952,17425.78,-5.6796674764,0.216956,0.473351,27.0472,0.8388,-0.2722,0.054136,0.670064,-0.845481,180,0.608947,2511.8026,0.113906,0
38,1.6213,7827.2,7396.8843,17320.31,-5.0209578012,0.265232,0.519671,32.8831,0.8066,-0.4849,0.047379,0.622429,-7.029437,153,0.615824,2091.9594,0.113173,0
39,1.664,8010.91,7529.5126,17554.69,-5.9964695897,0.307751,0.447516,23.8495,0.8438,-0.2456,0.058199,0.670539,-4.852148,155,0.630247,2651.0996,0.119033,0
40,1.7067,7960.05,7374.8785,17343.75,-5.2893298409,0.346711,0.508149,30.7477,0.8127,-0.4122,0.049001,0.661897,-2.768774,166,0.586369,2355.6524,0.116713,0
41,1.7493,8066.57,7487.1564,17519.53,-6.1520143957,0.300993,0.445753,21.3158,0.8549,-0.2066,0.058484,0.703285,-3.112736,163,0.627587,2659.7839,0.116469,0
42,1.792,8165.61,7451.4377,17191.41,-6.450567806,0.25356,0.430269,20.7922,0.8545,-0.0254,0.061043,0.691514,-3.657317,174,0.59459,2726.8748,0.11708,0
43,1.8347,8011.73,7401.2594,17449.22,-5.8356158972,0.278303,0.467499,25.6697,0.8511,-0.2015,0.055037,0.671913,-1.101631,171,0.612223,2511.5945,0.121963,0
44,1.8773,8401.09,7559.9364,17859.38,-6.455530655,0.24154,0.423126,19.5551,0.8226,-0.1786,0.062255,0.716459,-4.18004,147,0.619902,2718.6942,0.134904,0
45,1.92,8446.43,7568.976,17824.22,-7.0681451182,0.247989,0.378838,15.2176,0.8128,-0.1277,0.070258,0.733405,-8.102178,143,0.60298,2837.0568,0.133683,0
46,1.9627,8212.11,7496.5774,17554.69,-6.7314554812,0.334505,0.409287,17.6614,0.8793,-0.0357,0.064662,0.725151,-7.768224,129,0.581182,2732.3927,0.13112,0
47,2.0053,8285.62,7462.3513,17484.38,-5.5064810015,0.215146,0.496782,26.2122,0.7841,-0.3716,0.050639,0.692496,-7.996429,145,0.57568,2377.2432,0.132707,0
48,2.048,8458.22,7537.3396,17753.91,-6.9799762398,0.223695,0.392181,15.8278,0.821,-0.1353,0.067752,0.738002,-6.474852,144,0.589853,2825.9362,0.133561,0
49,2.0907,8249.35,7518.6659,17601.56,-6.6185508787,0.32872,0.413162,19.2921,0.8571,-0.1008,0.06398,0.726,-2.555747,172,0.592795,2895.8501,0.126847,0
50,2.1333,8307.86,7456.7377,17554.69,-6.4846696492,0.296313,0.421312,19.8213,0.867,-0.0293,0.062566,0.718822,-4.952556,163,0.608175,2768.6461,0.125015,0
51,2.176,8118.48,7500.7625,17460.94,-6.0686707138,0.301109,0.450275,22.342,0.8277,-0.2566,0.057754,0.688506,-4.391536,154,0.610182,2452.2424,0.125992,0
52,2.2187,8233.36,7541.5569,17437.5,-6.8782101207,0.265151,0.39489,17.0268,0.8805,0.0161,0.067254,0.717036,-6.150982,157,0.592011,2884.1235,0.124527,0
53,2.2613,8442.59,7530.9325,17718.75,-6.6866069484,0.334043,0.406267,17.055,0.8045,-0.1726,0.065198,0.730419,-5.532242,143,0.58684,2788.3221,0.126724,0
54,2.304,8302.05,7535.7615,17683.59,-6.1856574944,0.2552,0.433293,19.9847,0.827,-0.1939,0.060536,0.700089,-3.574913,150,0.588128,2896.2609,0.124527,0
55,2.3467,7995.1,7398.461,17425.78,-4.9544639526,0.276093,0.530474,35.8355,0.7911,-0.479,0.045889,0.635576,-2.367956,150,0.614794,2267.7685,0.109999,0
56,2.3893,8136.44,7451.8637,17554.69,-5.7103816519,0.189444,0.477798,26.2345,0.8368,-0.2603,0.053459,0.698119,-5.33523,158,0.591945,2540.4177,0.111708,0
57,2.432,8040.67,7419.607,17425.78,-5.5056991975,0.229357,0.48215,25.9132,0.8048,-0.401,0.052803,0.68154,-8.204036,153,0.601238,2432.6687,0.116713,0
58,2.4747,8200.87,7469.6899,17531.25,-5.5865957321,0.346679,0.475355,26.5105,0.8116,-0.2736,0.05383,0.669722,-2.938059,135,0.639307,2624.0526,0.104139,0
59,2.5173,7927.51,7524.9775,17437.5,-5.7569323796,0.341936,0.460268,25.1537,0.8294,-0.2969,0.056165,0.649757,-3.085811,180,0.623878,2581.4954,0.110487,0
60,2.56,8144.42,7468.4464,17472.66,-6.1929369101,0.221573,0.447478,20.8227,0.8537,-0.1532,0.058205,0.704103,-3.542316,169,0.618139,2666.4907,0.127701,0
61,2.6027,8462.17,7597.2674,17929.69,-6.3632921666,0.176221,0.434806,19.8684,0.8009,-0.2423,0.060284,0.72472,-3.902637,159,0.594407,2843.8741,0.128434,0
62,2.6453,8158.2,7474.5014,17554.69,-6.272900732,0.219288,0.431552,21.5454,0.8404,-0.136,0.060828,0.687934,-4.98579,141,0.596451,2644.5069,0.121719,0
63,2.688,8016.71,7550.6186,17460.94,-6.8546059163,0.239159,0.39408,17.0453,0.8638,-0.1162,0.067403,0.704661,-4.224817,177,0.608884,2908.0,0.120986,0
64,2.7307,8114.14,7523.3709,17378.91,-6.7502683062,0.344024,0.40161,18.3033,0.8734,-0.0561,0.066033,0.701445,-3.278166,137,0.598359,2790.7583,0.116591,0
65,2.7733,8301.56,7517.5214,17765.62,-7.0903883359,0.200345,0.377881,15.7873,0.8679,-0.0096,0.070441,0.725106,-4.514162,149,0.61534,3015.1981,0.110365,0
66,2.816,8020.26,7348.2519,17355.47,-5.4105713969,0.230679,0.500299,31.1041,0.801,-0.3643,0.050128,0.662067,-0.983861,153,0.636547,2300.7527,0.110731,0
67,2.8587,8084.94,7534.1222,17472.66,-6.6777494179,0.255327,0.408531,19.3055,0.8773,-0.0606,0.064796,0.711295,-7.859428,149,0.59874,2791.6872,0.117446,0
68,2.9013,8090.92,7551.2065,17367.19,-6.4473122977,0.245642,0.42391,19.9453,0.8686,-0.0809,0.062121,0.694139,-6.27157,155,0.574606,2748.3314,0.12648,0
69,2.944,8342.31,7555.9972,17707.03,-7.0623105064,0.336825,0.378033,14.9226,0.8671,-0.0213,0.070412,0.73457,-6.660143,143,0.612368,2892.2199,0.129532,0
70,2.9867,8092.54,7511.1746,17589.84,-6.2448639729,0.315746,0.431841,20.1636,0.8798,-0.1178,0.060779,0.697556,-2.658838,164,0.622973,2685.1091,0.122451,0
71,3.0293,8145.18,7480.1964,17531.25,-6.4309368181,0.321983,0.421888,19.7366,0.8551,-0.1462,0.062467,0.706579,-4.909789,154,0.593948,2760.9466,0.118301,0
72,3.072,7956.05,7408.735,17355.47,-5.7659683619,0.285719,0.466106,25.752,0.854,-0.2465,0.055253,0.677873,-1.729,155,0.633815,2552.7467,0.119399,0
73,3.1147,7988.47,7416.6656,17167.97,-5.8860318353,0.383133,0.458819,24.8767,0.8534,-0.1815,0.056393,0.679262,-2.034174,157,0.61421,2610.1124,0.121109,0
74,3.1573,8242.35,7551.1042,17472.66,-6.4935346362,0.325786,0.416808,18.7099,0.8274,-0.1773,0.063344,0.700857,-4.452612,168,0.619822,2863.6277,0.122329,0
75,3.2,8157.68,7494.4842,17531.25,-6.0579083646,0.296183,0.443488,22.4258,0.8282,-0.2136,0.058853,0.692719,-5.782428,143,0.580339,2609.0682,0.11708,0
76,3.2427,8133.72,7534.444,17578.12,-5.7168388341,0.271117,0.473799,24.0826,0.793,-0.3972,0.054068,0.684404,-2.060068,131,0.600423,2443.1982,0.119155,0
77,3.2853,8037.22,7444.616,17425.78,-6.3883212987,0.474841,0.419997,19.689,0.872,-0.1255,0.062792,0.694939,-0.573806,161,0.618325,2788.9808,0.127579,0
78,3.328,8190.06,7464.8543,17648.44,-5.8055075569,0.390784,0.471842,24.6204,0.8424,-0.2205,0.054367,0.68907,-4.35652,159,0.600324,2432.0633,0.122818,0
79,3.3707,8351.61,7526.9405,17777.34,-6.0738486777,0.316924,0.447518,21.5439,0.8039,-0.2679,0.058198,0.712987,-3.232856,152,0.614307,2627.8749,0.120498,0
80,3.4133,8288.01,7462.4722,17273.44,-6.5825884741,0.276723,0.418002,18.708,0.8619,-0.0339,0.063137,0.729526,-2.681238,166,0.603877,2766.2853,0.121841,0
81,3.456,8155.56,7391.3485,17660.16,-5.2020646674,0.224194,0.519719,31.6032,0.8094,-0.4043,0.047372,0.681463,-1.866468,143,0.603206,2348.6713,0.113295,0
82,3.4987,7819.95,7487.6055,17390.62,-5.6854875854,0.217326,0.478446,25.9011,0.8532,-0.2895,0.053361,0.659052,-2.920517,160,0.604866,2509.029,0.105848,0
83,3.5413,8322.6,7545.4411,17625.0,-6.9468332195,0.234741,0.385032,15.7899,0.8443,-0.0675,0.069084,0.717801,-6.631686,170,0.6177,2939.5746,0.115004,0
84,3.584,7892.98,7456.8955,17296.88,-5.4769499241,0.189822,0.486625,27.9897,0.8357,-0.3468,0.052134,0.654886,-0.523368,166,0.624723,2360.9018,0.11476,0
85,3.6267,8032.59,7452.5988,17226.56,-6.1615064337,0.284879,0.443448,22.2411,0.8725,-0.1014,0.05886,0.690729,-6.220719,162,0.64625,2714.7253,0.105482,0
86,3.6693,7834.09,7451.8718,17273.44,-5.4598798019,0.385895,0.493393,29.2108,0.8539,-0.3149,0.051135,0.648078,-2.147276,148,0.624212,2264.4065,0.109388,0
87,3.712,8058.04,7494.0433,17519.53,-5.9747948151,0.394137,0.453398,22.7447,0.8487,-0.2088,0.057253,0.677871,-4.649939,170,0.588124,2713.4249,0.106336,0
88,3.7547,8062.44,7415.1117,17273.44,-5.8884055071,0.316644,0.463342,23.5874,0.829,-0.2373,0.055683,0.689809,-3.801623,153,0.588745,2322.6027,0.111098,0
89,3.7973,7950.66,7464.2952,17414.06,-5.664210905,0.350371,0.481929,25.9235,0.8516,-0.2749,0.052836,0.67152,-4.667777,148,0.624845,2454.356,0.122329,0
90,3.84,8346.92,7498.4711,17472.66,-6.9798252661,0.255953,0.390714,16.388,0.8717,0.0377,0.068023,0.735446,-4.61669,158,0.612096,2836.607,0.123794,0
91,3.8827,8156.84,7552.7203,17671.88,-6.6277613067,0.308047,0.418137,18.2615,0.8458,-0.176,0.063114,0.711098,-6.476407,137,0.612382,2699.1011,0.120742,0
92,3.9253,7884.12,7346.3498,17179.69,-5.7069323746,0.359576,0.479333,24.6271,0.8641,-0.2536,0.053227,0.691663,-3.921602,147,0.61253,2432.3489,0.11769,0
93,3.968,8425.34,7553.261,17625.0,-6.4362163823,0.284673,0.428179,19.9946,0.7928,-0.2343,0.061396,0.713527,-5.794155,143,0.597962,2695.739,0.126847,0
94,4.0107,8177.97,7519.0081,17601.56,-6.398171825,0.245708,0.426986,19.9685,0.8344,-0.1609,0.061598,0.691876,-5.124328,158,0.606373,2705.5868,0.123428,0
95,4.0533,8210.08,7529.2873,17707.03,-5.8918351486,0.250136,0.468335,23.9273,0.8015,-0.3361,0.054907,0.692827,-7.866252,159,0.579356,2448.9709,0.122085,0
96,4.096,8324.78,7592.9693,17718.75,-6.9719186812,0.29206,0.383251,16.6651,0.8587,-0.0156,0.069419,0.70413,-4.726031,160,0.604163,2953.1219,0.121231,0
97,4.1387,8131.45,7499.7053,17660.16,-5.4589228401,0.19479,0.491116,28.9445,0.8199,-0.2871,0.051469,0.663024,-0.646043,162,0.628481,2556.7289,0.112318,0
98,4.1813,8008.87,7469.2055,17402.34,-6.1165441067,0.284671,0.448172,22.7455,0.8668,-0.1713,0.058093,0.689349,-6.463783,142,0.597228,2603.8892,0.115126,0
99,4.224,8289.43,7518.3082,17613.28,-6.9556942953,0.201025,0.384867,16.6868,0.8602,-0.0362,0.069115,0.718985,-6.798558,142,0.615139,2799.2589,0.126969,0
100,4.2667,8270.49,7541.4056,17625.0,-6.3697540577,0.335416,0.425616,19.5161,0.8335,-0.1487,0.06183,0.712156,-6.295406,148,0.608024,2747.4074,0.126602,0
101,4.3093,7990.99,7476.168,17238.28,-6.3808502771,0.262822,0.426446,19.9351,0.8563,-0.1523,0.061689,0.70601,-8.354688,151,0.608509,2626.6303,0.117812,0
102,4.352,8302.29,7428.1574,17472.66,-6.4872459983,0.237422,0.420971,18.9784,0.838,-0.0999,0.062625,0.722782,-6.535716,151,0.622162,2784.2383,0.115126,0
103,4.3947,8120.8,7493.1169,17542.97,-6.2807809022,0.269362,0.4345,22.2184,0.8555,-0.129,0.060335,0.683921,-3.564708,166,0.599552,2596.8119,0.117568,0
104,4.4373,8137.61,7512.0242,17496.09,-6.3093043577,0.365335,0.433148,19.8786,0.8372,-0.2221,0.060561,0.70339,-8.973428,159,0.617666,2641.7162,0.124649,0
105,4.48,8196.07,7584.5416,17601.56,-6.9073401057,0.201871,0.392736,17.6011,0.8513,-0.1105,0.06765,0.711729,-4.145313,153,0.618355,2960.3242,0.125259,0
106,4.5227,8023.79,7479.9579,17507.81,-6.744468864,0.245276,0.406233,17.5244,0.8927,-0.0494,0.065204,0.708245,-3.844044,144,0.621275,2808.6263,0.127091,0
107,4.5653,8186.78,7414.3965,17296.88,-6.192942688,0.185379,0.44891,21.9453,0.8473,-0.0968,0.057973,0.713752,-3.31486,169,0.611364,2556.0885,0.126602,0
108,4.608,8171.17,7542.391,17636.72,-5.4802368933,0.20786,0.494359,27.8706,0.7924,-0.3927,0.050993,0.663435,-6.217576,161,0.594658,2433.1264,0.11708,0
109,4.6507,8053.49,7497.2134,17296.88,-6.1833626579,0.183248,0.441616,20.284,0.8373,-0.2133,0.059159,0.687956,-6.632257,156,0.61687,2661.445,0.115126,0
110,4.6933,8329.63,7483.8636,17496.09,-5.7331319961,0.306407,0.468922,24.6207,0.791,-0.2486,0.054817,0.68795,-2.907402,171,0.621087,2639.7481,0.127213,0
111,4.736,8369.75,7610.5471,17800.78,-6.8567537695,0.286271,0.391848,17.6,0.8242,-0.1571,0.067814,0.707791,-4.827057,142,0.593531,2751.8391,0.127213,0
112,4.7787,8216.99,7422.6766,17566.41,-4.9176868086,0.307909,0.529045,33.6461,0.7387,-0.5489,0.046085,0.640776,-0.896784,154,0.609709,2337.8017,0.11415,0
113,4.8213,8029.75,7406.583,17472.66,-5.0982473748,0.202273,0.522573,30.4002,0.8108,-0.4206,0.046975,0.661231,-1.096522,169,0.658109,2291.398,0.112685,0
114,4.864,7912.09,7517.3375,17296.88,-6.7805979172,0.316026,0.398933,16.8657,0.9087,0.0034,0.066517,0.690577,-6.326988,168,0.655587,2774.142,0.117324,0
115,4.9067,8286.71,7472.0721,17355.47,-6.4993728743,0.16556,0.417979,20.2362,0.8438,-0.0633,0.063141,0.708585,-4.757642,158,0.60055,2829.8389,0.122451,0
116,4.9493,8180.47,7538.1727,17496.09,-6.2873970233,0.21581,0.429425,20.6576,0.8437,-0.1489,0.061186,0.687758,-1.314353,161,0.608322,2808.7352,0.121109,0
117,4.992,8206.06,7458.9823,17695.31,-5.6512202987,0.347971,0.484859,25.3983,0.7914,-0.382,0.052397,0.692617,-3.013122,147,0.60515,2408.6377,0.115126,0
118,5.0347,8028.04,7478.0952,17402.34,-6.1775391851,0.338088,0.438166,21.348,0.8778,-0.0878,0.059727,0.678069,-2.5339,149,0.599742,2701.4619,0.117568,0
119,5.0773,8313.41,7594.6916,17542.97,-6.8749873919,0.254717,0.393063,17.0705,0.861,-0.0436,0.06759,0.724091,-6.244194,153,0.619873,2814.5957,0.122818,0
120,5.12,8405.96,7539.7313,17859.38,-6.8444801305,0.35256,0.397224,17.4228,0.8308,-0.1146,0.066827,0.730245,-4.561777,161,0.600707,2969.1209,0.119277,0
121,5.1627,7853.8,7458.188,17273.44,-5.9933490408,0.267243,0.45275,24.1152,0.8793,-0.1409,0.057357,0.66459,-0.402827,145,0.63166,2484.0662,0.116591,0
122,5.2053,8070.62,7431.7413,17542.97,-5.6267265336,0.439878,0.489208,26.0808,0.8362,-0.2946,0.051751,0.683378,-2.940446,143,0.62421,2312.1827,0.120986,0
123,5.248,8195.85,7443.1959,17554.69,-5.4190997974,0.243263,0.497313,29.105,0.7862,-0.3839,0.050562,0.677389,-5.670879,141,0.614759,2341.6729,0.118545,0
124,5.2907,8208.48,7479.7423,17425.78,-6.2199400606,0.312754,0.439804,21.777,0.8433,-0.1484,0.059457,0.697638,-4.316127,142,0.616945,2674.5054,0.118667,0
125,5.3333,8137.92,7459.1803,17566.41,-6.0526759838,0.321111,0.457588,22.7208,0.8316,-0.2264,0.056588,0.695364,-3.15873,136,0.594946,2558.0594,0.126724,0
126,5.376,8443.62,7572.4529,17835.94,-6.7833822574,0.262529,0.39951,16.9179,0.8261,-0.1116,0.066412,0.718979,-5.01928,156,0.602847,2859.2772,0.129654,0
127,5.4187,8289.8,7553.3053,17812.5,-6.6253524084,0.277302,0.411454,18.3018,0.8474,-0.1076,0.06428,0.718249,-6.569852,144,0.607518,2886.9916,0.124405,0
128,5.4613,8008.16,7433.018,17390.62,-6.897811597,0.272344,0.389135,16.8719,0.8795,-0.0429,0.068317,0.705616,-6.127535,168,0.607324,2755.2514,0.12355,0
129,5.504,8312.27,7535.8283,17683.59,-6.4233248701,0.28416,0.424127,19.9795,0.8284,-0.1399,0.062084,0.709064,-6.034928,142,0.620932,2542.3607,0.120498,0
130,5.5467,7992.1,7420.5728,17507.81,-5.6292427626,0.280147,0.480148,26.2149,0.8482,-0.271,0.053104,0.662324,-5.02249,145,0.606919,2497.2715,0.11244,0
131,5.5893,8145.52,7515.7092,17519.53,-5.7322257594,0.403457,0.472504,26.5018,0.811,-0.3088,0.054266,0.665475,-1.11415,164,0.602025,2481.6947,0.114028,0
132,5.632,8125.71,7498.4664,17273.44,-6.2827282227,0.277627,0.433793,20.6619,0.8299,-0.1693,0.060453,0.691215,-2.141568,190,0.5862,2714.5184,0.119644,0
133,5.6747,7932.0,7467.9584,17320.31,-6.2565017792,0.26776,0.432075,21.5603,0.89,-0.0862,0.06074,0.692104,-2.997827,158,0.584358,2589.0908,0.117812,0
134,5.7173,8104.07,7573.0793,17578.12,-6.410490127,0.287982,0.420416,19.6474,0.8397,-0.2176,0.06272,0.697364,-5.885316,146,0.604727,2794.3638,0.112074,0
135,5.76,8190.88,7559.852,17613.28,-6.0994309728,0.459602,0.448564,22.4739,0.8546,-0.158,0.058029,0.689434,-3.988279,138,0.599476,2606.8021,0.123428,0
136,5.8027,8427.94,7707.5915,17929.69,-7.314993024,0.14903,0.362324,14.3473,0.8273,-0.1244,0.073484,0.726682,-8.575208,127,0.588804,2997.2549,0.130387,0
137,5.8453,8429.89,7580.3748,17812.5,-6.8308242577,0.2252,0.399821,17.5165,0.834,-0.0914,0.066356,0.724884,-5.920516,163,0.589917,2894.6926,0.12648,0
138,5.888,8065.86,7410.6997,17449.22,-5.6376513149,0.250022,0.4853,26.8858,0.8175,-0.3082,0.052332,0.670989,-6.171897,161,0.600942,2412.3855,0.115248,0
139,5.9307,8064.11,7420.0432,17425.78,-4.8273620772,0.248793,0.542735,38.2505,0.7596,-0.5425,0.044235,0.617247,-0.917812,142,0.585191,2131.2196,0.107679,0
140,5.9733,7903.41,7471.0318,17285.16,-6.198051133,0.341841,0.440616,21.4201,0.8641,-0.1777,0.059323,0.669702,-4.850638,148,0.62711,2574.0456,0.11476,0
141,6.016,8196.82,7552.0625,17531.25,-7.1095818617,0.268915,0.377971,15.7786,0.9063,0.0721,0.070424,0.730228,-4.38345,152,0.636928,2907.0741,0.119521,0
142,6.0587,8160.65,7527.8784,17472.66,-6.8707203449,0.323733,0.391884,17.5502,0.8673,-0.0481,0.067807,0.713014,-8.483124,150,0.608627,2916.5108,0.125748,0
143,6.1013,8065.57,7489.2996,17437.5,-6.2815771249,0.259818,0.444039,21.9767,0.8526,-0.1699,0.058763,0.710265,-7.08686,142,0.576706,2692.3677,0.128189,0
144,6.144,8300.15,7553.0803,17765.62,-6.3770785073,0.252109,0.42722,18.728,0.8346,-0.1936,0.061558,0.720251,-5.148755,147,0.603803,2668.4054,0.122696,0
145,6.1867,7865.86,7459.3042,17285.16,-6.009310921,0.294734,0.451744,23.1169,0.8611,-0.2137,0.057518,0.672644,-5.200614,158,0.613385,2522.033,0.118301,0
146,6.2293,8388.64,7582.3616,17847.66,-6.3935125562,0.36755,0.427298,20.1604,0.8081,-0.2092,0.061545,0.700585,-5.088922,156,0.599683,2699.0844,0.127457,0
147,6.272,8263.67,7455.7796,17507.81,-6.3849723523,0.272377,0.433051,20.0787,0.847,-0.1187,0.060577,0.721385,-5.814939,175,0.607032,2777.141,0.119399,0
148,6.3147,7875.0,7469.6542,17332.03,-5.5284563271,0.2316,0.481366,27.3144,0.8141,-0.3802,0.052921,0.643681,-7.594535,153,0.605,2320.7626,0.102063,0
149,6.3573,7697.29,7438.4636,17308.59,-5.2600005327,0.294345,0.497252,32.7608,0.8555,-0.3618,0.050571,0.638169,-3.099255,150,0.62185,2276.1444,0.105726,0
150,6.4,8095.26,7506.564,17402.34,-6.3994790583,0.297372,0.42787,20.1852,0.8558,-0.1259,0.061448,0.70908,-5.741052,119,0.600449,2769.475,0.119644,0
151,6.4427,7922.93,7360.8765,17285.16,-5.1013781528,0.300457,0.520145,34.9457,0.8023,-0.4598,0.047313,0.636534,-2.723933,143,0.618205,2175.4088,0.119277,0
152,6.4853,7957.74,7476.7236,17214.84,-6.4424696297,0.292589,0.416742,20.4162,0.8805,-0.074,0.063355,0.680927,-6.888403,149,0.615192,2723.4152,0.113539,0
153,6.528,8142.74,7490.0249,17589.84,-5.7378200964,0.223455,0.469812,24.8135,0.8199,-0.282,0.054679,0.676058,-7.485425,156,0.64513,2568.4391,0.115126,0
154,6.5707,8146.69,7482.5305,17695.31,-5.3521087461,0.313452,0.504544,28.9399,0.7799,-0.4585,0.049517,0.666661,-2.09794,148,0.606202,2412.6767,0.115371,0
155,6.6133,7965.82,7373.4218,17308.59,-5.574949597,0.224342,0.494385,26.763,0.8538,-0.2529,0.050989,0.669662,-7.036247,152,0.606407,2445.0458,0.12294,0
156,6.656,8137.38,7456.2647,17425.78,-6.5435310616,0.301099,0.412997,18.9037,0.8814,-0.0221,0.064009,0.702771,-5.201644,165,0.619035,2753.5508,0.127457,0
157,6.6987,7981.98,7479.9303,17226.56,-7.2160337778,0.294589,0.371708,15.4345,0.9241,0.0812,0.071633,0.717901,-7.961356,144,0.597679,2884.7476,0.118911,0
158,6.7413,7913.9,7485.9377,17437.5,-5.7337580037,0.29976,0.470597,25.4701,0.8547,-0.2772,0.054558,0.673119,-2.750403,155,0.636544,2623.7112,0.10536,0
159,6.784,7744.82,7345.6953,17050.78,-5.0094275801,0.264019,0.520145,34.2993,0.8164,-0.4414,0.047313,0.601576,-5.969297,145,0.602961,2270.5184,0.107923,0
160,6.8267,8218.73,7560.7568,17519.53,-6.6958642879,0.270008,0.406498,17.6561,0.8651,-0.0856,0.065157,0.719287,-6.570727,129,0.64351,2597.659,0.113783,0
161,6.8693,8035.3,7515.2269,17378.91,-6.6166410709,0.411952,0.406831,18.9268,0.8947,-0.0139,0.065098,0.695305,-5.516754,164,0.598644,2990.5044,0.109999,0
162,6.912,7970.15,7386.0718,17273.44,-5.6281327456,0.298101,0.488347,26.8226,0.8448,-0.2814,0.051879,0.685123,-1.857435,133,0.617757,2447.2786,0.116836,0
163,6.9547,8376.71,7556.5248,17671.88,-6.4473548937,0.389621,0.419962,20.1781,0.8291,-0.118,0.062798,0.708425,-1.984639,157,0.581723,2807.5406,0.125504,0
164,6.9973,8208.15,7602.9449,17648.44,-6.8796228471,0.298468,0.392092,17.4807,0.8779,-0.0234,0.067769,0.711666,-4.808126,139,0.565163,2941.0882,0.122574,0
165,7.04,7961.16,7378.8112,17296.88,-5.0927358152,0.293259,0.515512,34.0395,0.8151,-0.4023,0.04796,0.632348,-2.563713,167,0.602974,2235.1881,0.113539,0
166,7.0827,7947.61,7428.493,17273.44,-6.1008226352,0.335824,0.453696,23.4631,0.8608,-0.1726,0.057206,0.679731,-5.488096,135,0.600635,2650.0502,0.108168,0
167,7.1253,8085.6,7501.8101,17531.25,-6.3588089919,0.178629,0.432092,20.741,0.8541,-0.1417,0.060737,0.705057,-5.359824,150,0.611117,2842.9604,0.116347,0
168,7.168,8344.69,7585.2707,17707.03,-7.125172627,0.211561,0.373498,15.7438,0.8568,-0.0461,0.071285,0.723462,-4.929814,159,0.598946,2911.2367,0.126847,0
169,7.2107,8291.62,7500.0714,17625.0,-6.8635247728,0.230047,0.394926,17.2322,0.8689,-0.0263,0.067247,0.725529,-3.986382,141,0.592737,2758.5641,0.128189,0
170,7.2533,8168.5,7600.8923,17800.78,-6.7917061597,0.28511,0.398911,17.2675,0.8752,-0.0981,0.066521,0.719247,-6.050363,152,0.586839,2826.4779,0.129166,0
171,7.296,8439.58,7567.8318,17824.22,-6.5536109386,0.407084,0.415022,18.1032,0.8143,-0.17,0.063655,0.719552,-4.231366,191,0.599526,2915.347,0.1288,0
172,7.3387,8084.87,7496.8161,17472.66,-6.2408575887,0.316784,0.439677,21.546,0.8432,-0.1858,0.059478,0.68215,-3.405057,153,0.588598,2601.3863,0.115126,0
173,7.3813,8021.38,7499.4206,17261.72,-5.8992795964,0.189105,0.459929,23.4089,0.8295,-0.2239,0.056218,0.664252,-5.028958,181,0.612189,2546.6144,0.116347,0
174,7.424,8026.99,7560.6889,17343.75,-6.7313883585,0.309718,0.402248,18.4795,0.8556,-0.1186,0.065918,0.682864,-7.493467,157,0.628737,2647.0925,0.124161,0
175,7.4667,7928.22,7516.7974,17378.91,-6.1276722461,0.321572,0.440098,21.0409,0.8591,-0.2051,0.059408,0.678642,-3.132288,152,0.606285,2496.1945,0.114882,0
176,7.5093,8148.51,7458.6701,17566.41,-5.9429798381,0.334761,0.463075,23.3394,0.829,-0.2228,0.055725,0.687064,-7.544849,149,0.626289,2486.671,0.113783,0
177,7.552,8084.26,7441.9205,17378.91,-5.8360214598,0.292393,0.461448,23.8996,0.8417,-0.2324,0.05598,0.685566,-3.976925,151,0.617354,2529.4142,0.119155,0
178,7.5947,8308.04,7586.3719,17601.56,-7.1707221105,0.314075,0.372442,16.2547,0.848,-0.035,0.07149,0.721436,-4.916508,153,0.625927,2969.4434,0.127335,0
179,7.6373,8210.02,7575.3264,17601.56,-7.1692159229,0.196493,0.374174,15.233,0.8877,0.0255,0.071154,0.722675,-6.021855,158,0.612046,2859.3862,0.124649,0
180,7.68,8184.86,7451.8612,17449.22,-6.3720838365,0.283542,0.429404,20.0264,0.8465,-0.1383,0.061189,0.704764,-6.139754,137,0.638116,2749.553,0.121109,0
181,7.7227,8282.8,7514.4189,17765.62,-5.8310806293,0.356252,0.468224,23.0995,0.7912,-0.3608,0.054924,0.701941,-2.412847,141,0.608187,2430.459,0.12294,0
182,7.7653,8124.59,7549.0008,17531.25,-6.4311999006,0.300306,0.423535,20.2048,0.859,-0.1494,0.062185,0.700731,-6.517841,157,0.627002,2809.7047,0.118545,0
183,7.808,7949.65,7515.6352,17390.62,-6.3026780679,0.238933,0.437846,21.2668,0.8687,-0.1228,0.05978,0.681901,-7.777452,170,0.603213,2583.4092,0.12062,0
184,7.8507,8253.65,7564.5331,17578.12,-6.5998265271,0.14581,0.411598,19.047,0.8401,-0.1271,0.064255,0.715448,-5.91738,169,0.592026,2809.7018,0.124527,0
185,7.8933,8133.23,7453.0992,17496.09,-5.3296056569,0.19521,0.504089,29.5824,0.7996,-0.3668,0.049582,0.665709,-1.994912,145,0.587687,2273.6377,0.124405,0
186,7.936,8288.36,7652.993,17753.91,-7.2657273744,0.254805,0.370234,15.7367,0.8745,0.0043,0.071921,0.723728,-5.65216,148,0.59245,3107.0648,0.127091,0
187,7.9787,8297.36,7532.124,17742.19,-6.1074605958,0.199661,0.4472,22.6797,0.8217,-0.202,0.05825,0.71189,-2.537103,147,0.577689,2584.7665,0.131608,0
188,8.0213,8344.56,7458.3186,17531.25,-5.8743101638,0.305043,0.460461,23.7503,0.8135,-0.2038,0.056135,0.712632,-3.648436,159,0.583097,2634.9066,0.126358,0
189,8.064,8193.82,7559.4548,17683.59,-6.2674928395,0.155625,0.437315,21.6375,0.8304,-0.185,0.059868,0.701157,-5.859106,152,0.622605,2651.0279,0.12294,0
190,8.1067,8037.85,7582.0697,17472.66,-7.1767662933,0.249908,0.376459,15.4963,0.9209,0.062,0.070714,0.72773,-8.315932,152,0.60535,2847.5541,0.121719,0
191,8.1493,8316.17,7600.0197,17554.69,-6.7955663773,0.215941,0.396768,17.1671,0.84,-0.123,0.066911,0.72221,-4.274813,119,0.588659,2782.2439,0.119644,0
192,8.192,8357.62,7632.7927,17812.5,-6.3284848671,0.211046,0.42982,20.3032,0.8273,-0.1892,0.061119,0.719991,-4.389542,159,0.588396,2802.4792,0.124405,0
193,8.2347,8240.4,7581.5926,17683.59,-6.4964419177,0.33336,0.414493,19.5678,0.8394,-0.1646,0.063747,0.709225,-4.198776,148,0.599566,2822.7664,0.118667,0
194,8.2773,7937.07,7445.4361,17402.34,-6.2053875456,0.332807,0.445659,23.0105,0.8979,-0.0672,0.0585,0.689495,-3.024528,151,0.612091,2706.489,0.113173,0
195,8.32,8162.93,7496.9513,17320.31,-6.4981936766,0.34104,0.418438,19.5585,0.8591,-0.0774,0.063061,0.69189,-2.608616,142,0.597655,2709.435,0.114516,0
196,8.3627,8224.68,7590.215,17753.91,-6.7235997949,0.235747,0.404009,18.196,0.859,-0.0939,0.065602,0.714766,-7.509322,151,0.606526,2718.6099,0.121353,0
197,8.4053,8457.17,7557.9171,17800.78,-6.6076664683,0.266678,0.418822,18.0505,0.8023,-0.1957,0.062995,0.726075,-3.031084,157,0.610293,2760.142,0.129777,0
198,8.448,8517.97,7573.8834,17953.12,-6.0114339508,0.231892,0.448407,21.2911,0.7676,-0.326,0.058055,0.710135,-6.905699,151,0.59514,2714.4994,0.129654,0
199,8.4907,8450.35,7602.4777,17777.34,-6.6921990781,0.342969,0.399232,18.392,0.8347,-0.0617,0.066462,0.698413,-4.687122,155,0.601855,2789.7736,0.131486,0
200,8.5333,8370.83,7604.9184,17871.09,-6.4344263465,0.298882,0.427747,19.5907,0.8111,-0.194,0.061469,0.70261,-1.766379,157,0.616352,2758.3251,0.12587,0
201,8.576,8254.44,7521.9508,17742.19,-6.085876126,0.262125,0.455207,22.3541,0.8335,-0.1878,0.056965,0.698034,-2.943354,119,0.600783,2620.8923,0.126358,0
202,8.6187,8268.89,7526.8388,17777.34,-6.2773092877,0.291477,0.437176,21.6897,0.8322,-0.195,0.059891,0.706615,-3.356323,136,0.584104,2736.9936,0.126236,0
203,8.6613,8390.21,7599.2476,17964.84,-6.5437735567,0.186862,0.420785,18.9559,0.8043,-0.2264,0.062657,0.718298,-6.193354,162,0.585056,2791.782,0.117202,0
204,8.704,8265.86,7453.6399,17671.88,-5.7061080209,0.420052,0.483873,26.0651,0.8089,-0.2727,0.052545,0.692482,-2.830268,135,0.601175,2486.5557,0.118178,0
205,8.7467,8097.54,7538.2277,17507.81,-6.4138203614,0.272186,0.424076,20.3675,0.8433,-0.157,0.062093,0.685907,-4.496662,152,0.583106,2696.7048,0.11708,0
206,8.7893,8199.85,7611.6285,17625.0,-6.4546599455,0.182227,0.420787,19.4511,0.8234,-0.1887,0.062656,0.704522,-6.271208,142,0.594385,2799.5685,0.117202,0
207,8.832,8095.74,7635.4258,17613.28,-7.103278107,0.229074,0.37718,16.2561,0.8639,-0.0819,0.070575,0.698714,-6.622895,141,0.585772,2908.3523,0.124405,0
208,8.8747,8307.71,7533.252,17601.56,-6.9638963856,0.317784,0.386204,15.5306,0.848,-0.0497,0.068864,0.729642,-5.769575,133,0.601763,2873.2719,0.122574,0
209,8.9173,8197.13,7644.9601,17789.06,-7.0883703687,0.252344,0.375822,16.3961,0.8651,-0.0664,0.070836,0.714109,-8.152034,148,0.611127,2764.9722,0.119888,0
210,8.96,8042.75,7521.9413,17578.12,-6.002714464,0.225893,0.450546,22.8121,0.8383,-0.2401,0.05771,0.677176,-8.463463,155,0.61443,2623.9625,0.119644,0
211,9.0027,8044.8,7545.4651,17425.78,-5.9881018642,0.247048,0.458417,23.208,0.8447,-0.2506,0.056456,0.69294,-6.438341,165,0.631778,2507.8643,0.114638,0
212,9.0453,8197.96,7490.9381,17542.97,-6.377782233,0.330168,0.430216,20.545,0.8433,-0.1484,0.061052,0.705217,-3.299131,140,0.604032,2751.3409,0.119277,0
213,9.088,8014.62,7501.6237,17566.41,-6.2398007803,0.424672,0.44035,21.4996,0.8816,-0.1213,0.059367,0.689691,-6.95176,147,0.615244,2589.6419,0.122451,0
214,9.1307,8332.28,7513.9624,17765.62,-6.3475443585,0.18609,0.432733,20.232,0.8157,-0.1959,0.06063,0.716898,-4.198749,146,0.60158,2835.7462,0.122818,0
215,9.1733,8224.81,7502.8176,17472.66,-6.5942329307,0.307287,0.407716,18.0668,0.8804,-0.0025,0.06494,0.710365,-3.278833,158,0.610511,2782.0154,0.127579,0
216,9.216,8248.02,7557.4719,17519.53,-6.2940403652,0.30409,0.429252,20.0485,0.8253,-0.1679,0.061215,0.698237,-6.166846,147,0.610601,2707.037,0.128312,0
217,9.2587,8374.8,7594.5105,17742.19,-7.0504530652,0.323613,0.377616,15.1939,0.8651,-0.0367,0.070492,0.731834,-6.728461,149,0.603962,2822.9853,0.116591,0
218,9.3013,7979.79,7516.1916,17496.09,-5.8299777058,0.270587,0.46423,24.8534,0.8578,-0.2351,0.055545,0.679375,-3.076619,149,0.614189,2555.759,0.104627,0
219,9.344,7989.22,7447.4214,17425.78,-5.7209552209,0.406817,0.471674,25.6927,0.8353,-0.3134,0.054393,0.671978,-6.234051,140,0.606477,2466.1319,0.115371,0
220,9.3867,8350.97,7547.5443,17742.19,-6.6113549594,0.421267,0.406777,18.7853,0.8512,-0.0741,0.065107,0.704508,-7.359628,146,0.626688,2829.202,0.116713,0
221,9.4293,7945.43,7513.5768,17460.94,-5.6418140887,0.300736,0.474894,27.4342,0.8211,-0.3337,0.053901,0.654028,-7.740499,155,0.643482,2409.8487,0.116836,0
222,9.472,8124.44,7469.2541,17449.22,-6.0678358539,0.301526,0.449646,22.2396,0.8432,-0.2001,0.057855,0.692125,-7.101052,160,0.626881,2756.1892,0.121109,0
223,9.5147,8113.72,7462.9955,17402.34,-6.0582282976,0.305086,0.447738,21.7666,0.8527,-0.1685,0.058163,0.69626,-6.356556,153,0.618644,2692.3534,0.114638,0
224,9.5573,8010.45,7497.8576,17296.88,-5.958516327,0.34973,0.45294,22.4242,0.8434,-0.2258,0.057326,0.667896,-9.317035,159,0.59222,2573.4112,0.115371,0
225,9.6,8290.08,7577.4646,17824.22,-6.4805456077,0.283942,0.419462,18.8396,0.8179,-0.211,0.062885,0.715313,-4.617445,130,0.616277,2718.5275,0.122696,0
226,9.6427,8316.48,7546.6199,17601.56,-6.3413534506,0.305692,0.429073,19.8697,0.8354,-0.1577,0.061245,0.71465,-2.075523,186,0.636103,2813.0576,0.124893,0
227,9.6853,8127.0,7551.0283,17425.78,-6.4308950275,0.305444,0.413359,19.931,0.8887,-0.015,0.063945,0.707845,-4.154692,157,0.585268,2728.8928,0.119644,0
228,9.728,8000.21,7411.2716,17355.47,-6.241125724,0.270247,0.433443,21.1408,0.8719,-0.1291,0.060511,0.69641,-6.387408,151,0.608689,2658.8064,0.120132,0
229,9.7707,8384.99,7529.2927,17753.91,-5.8752634535,0.252411,0.463692,23.0806,0.7959,-0.3,0.055628,0.704188,-2.883999,147,0.598665,2509.6369,0.115737,0
230,9.8133,8051.96,7370.5589,17250.0,-5.6706048812,0.232648,0.482716,25.7822,0.8412,-0.2609,0.052718,0.697817,-3.901412,140,0.597717,2500.4892,0.109633,0
231,9.856,8029.86,7429.4011,17332.03,-6.2886105841,0.260586,0.436459,20.8052,0.8647,-0.1392,0.060009,0.700847,-3.671886,152,0.59046,2552.2951,0.111098,0
232,9.8987,8244.85,7500.1153,17531.25,-6.5092535117,0.150577,0.420213,19.8047,0.8389,-0.1106,0.062755,0.706997,-2.337141,149,0.606459,2803.9833,0.114882,0
233,9.9413,8112.45,7505.5137,17531.25,-6.1797021682,0.331695,0.436069,21.1644,0.8616,-0.1515,0.060074,0.694932,-3.691876,157,0.624809,2570.384,0.120376,0
234,9.984,8218.47,7517.926,17578.12,-6.1778182341,0.250483,0.438142,21.7633,0.8266,-0.2082,0.059731,0.699253,-2.57619,165,0.609575,2596.0574,0.121475,0
235,10.0267,8227.75,7482.1834,17625.0,-6.0885704223,0.21145,0.44972,21.7839,0.8315,-0.1798,0.057843,0.71594,-5.197057,158,0.587677,2686.502,0.127091,0
236,10.0693,8137.57,7488.6286,17414.06,-6.9509561373,0.209691,0.386723,16.64,0.8703,-0.0498,0.068767,0.705789,-2.650583,177,0.61791,2946.2313,0.134904,0
237,10.112,8230.97,7509.0365,17601.56,-6.0755818447,0.182488,0.443671,21.5579,0.8505,-0.1587,0.058823,0.704719,-3.563519,154,0.597877,2467.2616,0.122085,0
238,10.1547,7992.46,7487.6171,17414.06,-5.5241882356,0.331024,0.487818,27.5242,0.826,-0.3084,0.051957,0.64539,-8.434796,142,0.6323,2471.0401,0.121963,0
239,10.1973,8692.68,7620.022,18000.0,-6.8254078524,0.280753,0.395646,16.6016,0.8054,-0.091,0.067116,0.736504,-4.036377,175,0.619595,2934.0462,0.134904,0
240,10.24,8269.07,7621.1756,17718.75,-6.9743734598,0.241899,0.386212,16.7028,0.8717,-0.0549,0.068862,0.721632,-8.927645,122,0.596788,2797.116,0.128312,0
241,10.2827,8196.76,7439.8064,17507.81,-5.5615587501,0.227121,0.487688,25.5937,0.7889,-0.3567,0.051976,0.686119,-3.053425,163,0.583724,2500.4214,0.121231,0
242,10.3253,8249.15,7559.219,17636.72,-6.2135011078,0.183763,0.444844,21.1214,0.8201,-0.2282,0.058632,0.696905,-4.262169,148,0.587688,2570.07,0.121353,0
243,10.368,7925.7,7388.0591,17355.47,-6.0240056121,0.247215,0.45669,23.4913,0.8772,-0.167,0.05673,0.680543,-5.428413,149,0.607763,2516.4454,0.120986,0
244,10.4107,8223.0,7445.3595,17472.66,-6.2567135806,0.173378,0.446185,21.4154,0.839,-0.1415,0.058414,0.716731,-3.194131,151,0.614381,2556.3989,0.12587,0
245,10.4533,8206.78,7545.1281,17578.12,-6.726875892,0.251212,0.402652,17.4144,0.8622,-0.0783,0.065845,0.7195,-6.064213,144,0.62168,2735.5749,0.133317,0
246,10.496,8422.63,7636.8029,17882.81,-6.9369206131,0.19765,0.387672,16.7607,0.8493,-0.0542,0.068589,0.729015,-3.905453,157,0.620465,2843.7468,0.13527,0
247,10.5387,8318.56,7539.7578,17660.16,-6.4920676001,0.28809,0.4214,20.2903,0.8288,-0.1347,0.062551,0.701361,-1.248604,143,0.590847,2822.4831,0.125259,0
248,10.5813,7987.39,7480.8528,17332.03,-6.2853490684,0.364024,0.43682,21.7036,0.8626,-0.1379,0.05995,0.682793,-3.639757,174,0.598415,2738.9887,0.118911,0
249,10.624,8129.72,7449.7062,17390.62,-6.2481373735,0.366201,0.441537,21.1318,0.8539,-0.1234,0.059172,0.688689,-4.184053,178,0.607013,2793.0571,0.115371,0
250,10.6667,8212.13,7472.4414,17601.56,-5.7306161779,0.314002,0.472303,24.0097,0.8165,-0.2649,0.054296,0.685531,-1.57602,161,0.618776,2550.3856,0.116469,0
251,10.7093,8178.74,7419.4847,17460.94,-5.7272203527,0.348882,0.471733,24.9438,0.8241,-0.2579,0.054384,0.701056,-2.966817,123,0.615199,2459.0593,0.122818,0
252,10.752,8294.49,7477.1055,17671.88,-5.9958206253,0.285052,0.456039,22.0375,0.8028,-0.2629,0.056833,0.701755,-4.121597,145,0.599447,2650.4204,0.127091,0
253,10.7947,8474.61,7545.4375,17753.91,-6.0068975601,0.257249,0.455712,22.4871,0.7523,-0.3571,0.056885,0.711363,-1.612059,148,0.60432,2542.0851,0.126602,0
254,10.8373,8192.67,7514.037,17730.47,-6.0884723841,0.211275,0.449744,22.5174,0.839,-0.2241,0.057839,0.701594,-2.373082,130,0.603609,2651.4902,0.121109,0
255,10.88,7960.47,7438.5216,17308.59,-5.8696017021,0.220164,0.462259,24.112,0.8588,-0.1989,0.055852,0.677821,-2.571283,145,0.592556,2442.8701,0.120742,0
256,10.9227,8099.93,7558.0751,17660.16,-6.3499484869,0.242647,0.432894,21.2333,0.835,-0.1987,0.060603,0.674564,-4.094722,154,0.610581,2620.0478,0.118789,0
257,10.9653,8248.24,7495.3053,17566.41,-6.1590182768,0.313812,0.438821,20.6162,0.8335,-0.1821,0.059619,0.694983,-1.246032,147,0.615057,2711.5157,0.117202,0
258,11.008,7956.81,7518.454,17214.84,-6.9635890405,0.251463,0.387968,17.1114,0.9259,0.0791,0.068534,0.707405,-8.000672,142,0.603133,2792.3294,0.113783,0
259,11.0507,7962.43,7399.4476,17179.69,-5.7263953563,0.260132,0.474756,27.0591,0.8633,-0.1994,0.053922,0.676321,-1.933569,166,0.604334,2436.5134,0.115737,0
260,11.0933,8038.14,7458.631,17097.66,-6.5723279203,0.230564,0.41722,18.8435,0.888,-0.0332,0.063272,0.707349,-3.612471,155,0.609528,2842.7368,0.120376,0
261,11.136,8283.01,7552.7019,17589.84,-6.0905871494,0.315326,0.444508,20.5855,0.8115,-0.2452,0.058687,0.689819,-4.371867,138,0.590877,2666.1856,0.117568,0
262,11.1787,8092.13,7452.9063,17402.34,-6.3604626044,0.315149,0.435384,20.1782,0.8482,-0.1588,0.060188,0.70617,-7.396143,157,0.607533,2757.905,0.120498,0
263,11.2213,8317.86,7518.8769,17437.5,-6.9147697125,0.247161,0.392966,16.0667,0.8537,-0.0348,0.067607,0.730329,-6.729939,160,0.588288,2862.6254,0.121597,0
264,11.264,8076.59,7580.4678,17484.38,-6.4698166218,0.250413,0.413248,19.5669,0.859,-0.1416,0.063965,0.703906,-4.664726,152,0.610621,2706.8023,0.120742,0
265,11.3067,8376.82,7585.7726,17578.12,-7.2636111635,0.234235,0.362894,15.1941,0.8684,0.0287,0.07337,0.728339,-2.745529,167,0.611431,2939.4946,0.131486,0
266,11.3493,8217.62,7567.208,17636.72,-6.4778639905,0.293493,0.416697,19.6059,0.8368,-0.16,0.063363,0.690715,-3.588567,154,0.610336,2914.8152,0.132585,0
267,11.392,8611.98,7576.8335,17941.41,-6.8219676116,0.20491,0.400516,16.9074,0.7995,-0.1539,0.06623,0.741405,-4.873165,154,0.611099,2833.6263,0.127457,0
268,11.4347,8055.16,7536.9808,17589.84,-6.1844716838,0.282812,0.439967,22.7713,0.8665,-0.1413,0.05943,0.694354,-5.627854,159,0.608049,2696.3172,0.123916,0
269,11.4773,7920.86,7457.4547,17308.59,-5.9607911599,0.374245,0.461682,24.7527,0.8922,-0.1319,0.055943,0.684773,-3.734163,157,0.595127,2635.0274,0.114394,0
270,11.52,8062.56,7449.8811,17484.38,-5.9923006031,0.233822,0.456551,23.2561,0.8346,-0.26,0.056752,0.691296,-6.109217,156,0.589576,2557.0527,0.115004,0
271,11.5627,8351.29,7418.4793,17273.44,-6.2179600467,0.286766,0.44109,20.5602,0.827,-0.1459,0.059245,0.724158,-1.909462,169,0.633966,2814.5814,0.115615,0
272,11.6053,8323.26,7488.3353,17636.72,-5.6025709458,0.29318,0.482335,24.871,0.7652,-0.3878,0.052775,0.687049,-1.541932,155,0.607053,2569.3633,0.110975,0
273,11.648,7999.08,7390.3574,17402.34,-6.1710673844,0.279809,0.44843,21.6989,0.8741,-0.1364,0.058051,0.700376,-2.939438,153,0.607357,2541.3612,0.112196,0
274,11.6907,8035.75,7472.0211,17449.22,-5.5356638221,0.213502,0.481326,27.5026,0.8034,-0.3816,0.052927,0.671454,-7.838117,139,0.606787,2400.4535,0.119766,0
275,11.7333,8324.17,7566.8985,17765.62,-6.7239968519,0.295328,0.397907,17.2946,0.8435,-0.1074,0.066703,0.70705,-7.013699,142,0.598919,2910.9002,0.119277,0
276,11.776,8162.78,7514.2551,17683.59,-6.2191307052,0.297998,0.438507,21.2641,0.8281,-0.2272,0.059671,0.694515,-2.398102,176,0.618095,2674.2735,0.123062,0
277,11.8187,8244.4,7562.4568,17660.16,-6.5661473541,0.251909,0.41771,19.3826,0.8598,-0.0713,0.063187,0.709675,-6.369488,148,0.592713,2642.2389,0.129288,0
278,11.8613,8476.41,7561.399,17777.34,-6.6738853338,0.190001,0.415244,18.5473,0.8307,-0.0733,0.063616,0.732982,-3.441055,137,0.583672,2747.8005,0.126236,0
279,11.904,8584.74,7573.1676,17871.09,-6.8683928088,0.232594,0.387427,17.0481,0.8075,-0.1287,0.068635,0.7304,-5.100102,162,0.568534,2813.8477,0.127091,0
280,11.9467,8298.64,7556.1853,17695.31,-6.9990050793,0.226735,0.382331,15.7455,0.8666,-0.0373,0.069593,0.732019,-4.645692,167,0.611239,2904.5126,0.11708,0
281,11.9893,8088.39,7418.693,17367.19,-5.6066100924,0.21831,0.482756,25.8307,0.8265,-0.3005,0.052712,0.690276,-4.618959,153,0.580512,2493.4817,0.116469,0
282,12.032,8254.05,7591.4138,17660.16,-6.6918830958,0.306158,0.402168,17.1803,0.8505,-0.1231,0.065932,0.71031,-5.517693,156,0.607017,2819.4017,0.1288,0
283,12.0747,8054.22,7502.8944,17484.38,-5.8374982876,0.40027,0.467883,24.2261,0.8498,-0.2158,0.054977,0.678989,-5.132309,153,0.610497,2575.9017,0.12001,0
284,12.1173,7853.3,7328.4562,17132.81,-4.9410985361,0.256669,0.528769,38.7241,0.8224,-0.4176,0.046122,0.608643,-0.130813,158,0.63245,2294.5245,0.106092,0
285,12.16,7986.8,7389.1035,17390.62,-5.0159151431,0.247992,0.527558,35.2539,0.776,-0.5247,0.046288,0.638164,-0.56227,175,0.60615,2219.811,0.110243,0
286,12.2027,8264.0,7479.2724,17718.75,-5.8453399407,0.215258,0.467923,24.0494,0.812,-0.2837,0.054971,0.711126,-4.29267,158,0.60351,2562.2085,0.119521,0
287,12.2453,8222.42,7535.1601,17695.31,-6.4906342729,0.210812,0.425798,20.1667,0.839,-0.1775,0.061799,0.720995,-5.761221,134,0.592799,2721.7021,0.124405,0
288,12.288,8289.44,7467.2118,17484.38,-6.2431952662,0.242881,0.434486,21.5604,0.829,-0.1205,0.060337,0.7148,-3.123916,169,0.583755,2682.6952,0.129777,0
289,12.3307,8359.96,7511.3514,17578.12,-6.4794466721,0.268542,0.418343,19.0695,0.8249,-0.1579,0.063078,0.737403,-6.773483,141,0.588834,2765.4939,0.127091,0
290,12.3733,8091.57,7401.3158,17367.19,-5.2158441269,0.253208,0.522111,32.2734,0.7849,-0.4121,0.04704,0.657582,-1.949025,160,0.599781,2269.409,0.122207,0
291,12.416,8227.85,7513.2856,17683.59,-5.9004362497,0.336766,0.464927,23.7339,0.8118,-0.3009,0.055436,0.696348,-6.004526,145,0.59666,2615.9074,0.127457,0
292,12.4587,7933.16,7429.718,17261.72,-6.5143990494,0.217835,0.416117,19.6761,0.9156,-0.0337,0.063464,0.70885,-4.465941,155,0.623868,2880.9167,0.120742,0
293,12.5013,8206.94,7495.2362,17578.12,-6.04215947,0.255298,0.456852,23.6067,0.8287,-0.2099,0.056704,0.707528,-6.867639,141,0.602013,2632.9888,0.119277,0
294,12.544,8346.89,7517.1633,17683.59,-7.1966088442,0.298593,0.375217,14.8551,0.8481,-0.031,0.070953,0.736321,-8.086108,158,0.602704,2731.9452,0.127213,0
295,12.5867,8224.33,7461.5314,17542.97,-5.9468127695,0.248844,0.458725,22.9156,0.8053,-0.2896,0.056408,0.69357,-1.604007,146,0.601308,2492.913,0.122329,0
296,12.6293,8258.75,7535.1178,17683.59,-5.9724205248,0.299791,0.455855,22.192,0.8062,-0.2534,0.056862,0.694938,-3.155739,151,0.619932,2640.0713,0.126358,0
297,12.672,8511.66,7574.59,17859.38,-6.76664091,0.291281,0.403673,17.4297,0.8345,-0.0747,0.065662,0.731547,-4.178188,141,0.594782,2839.2091,0.127579,0
298,12.7147,8098.86,7494.9655,17191.41,-6.8504469619,0.191906,0.392796,17.3303,0.8765,-0.049,0.067639,0.717412,-4.276456,175,0.619597,2874.5616,0.124161,0
299,12.7573,8322.62,7536.2177,17765.62,-6.6602163598,0.326694,0.410484,18.2147,0.8656,-0.0554,0.064451,0.716838,-6.503199,134,0.628268,2746.3698,0.1288,0
300,12.8,8273.26,7426.6337,17531.25,-5.2294213459,0.26419,0.513602,29.5132,0.7695,-0.458,0.048229,0.666778,-2.681267,157,0.595697,2242.5697,0.133439,0
301,12.8427,8160.62,7556.7786,17519.53,-6.5340561593,0.29141,0.417378,19.8202,0.8431,-0.1396,0.063245,0.709083,-7.921492,154,0.609014,2761.2911,0.124649,0
302,12.8853,8389.5,7532.0399,17531.25,-6.6643815155,0.207801,0.406324,18.0926,0.8424,-0.0591,0.065188,0.710463,-2.389731,158,0.602262,2808.5323,0.123916,0
303,12.928,8370.74,7551.6342,17765.62,-6.3381617896,0.255014,0.428891,18.8651,0.8074,-0.2089,0.061276,0.715531,-2.849622,138,0.600607,2707.9718,0.132096,0
304,12.9707,8253.31,7547.5716,17648.44,-6.7174839057,0.27696,0.403573,17.8315,0.8493,-0.1238,0.06568,0.715396,-5.863522,149,0.590692,2900.3844,0.125137,0
305,13.0133,7981.95,7533.864,17355.47,-6.8267317417,0.263885,0.396051,17.07,0.9134,0.0122,0.067041,0.701377,-6.826394,130,0.601414,2835.0657,0.122451,0
306,13.056,8128.74,7525.0073,17507.81,-6.5421562087,0.220152,0.418787,18.5261,0.8558,-0.1183,0.063001,0.703421,-4.779702,166,0.59288,2741.3184,0.120986,0
307,13.0987,8008.74,7437.043,17285.16,-5.9693486964,0.3677,0.45028,23.1304,0.8299,-0.2321,0.057753,0.678118,-4.116578,149,0.62366,2596.5946,0.122085,0
308,13.1413,8210.64,7573.4315,17707.03,-5.8861778655,0.161006,0.462301,24.1395,0.8125,-0.298,0.055846,0.681931,-1.325369,156,0.626334,2551.4134,0.120376,0
309,13.184,8239.15,7514.9329,17671.88,-6.0966327817,0.449096,0.448403,22.171,0.8219,-0.1991,0.058055,0.692279,-2.349011,162,0.604938,2635.3704,0.112318,0
310,13.2267,7982.83,7456.6601,17449.22,-5.4980923143,0.298042,0.491571,28.9109,0.8277,-0.3325,0.051402,0.661259,-0.391934,163,0.59597,2570.202,0.107191,0
311,13.2693,8261.2,7469.6008,17390.62,-6.3441705547,0.27334,0.429643,20.3652,0.8357,-0.1533,0.061149,0.713106,-6.046817,158,0.617969,2698.6295,0.10829,0
312,13.312,8158.25,7461.8316,17531.25,-5.3885565456,0.31567,0.503164,28.7316,0.7952,-0.3974,0.049715,0.662368,-1.508318,174,0.599198,2441.5702,0.112685,0
313,13.3547,8130.54,7515.846,17636.72,-6.0113052773,0.233379,0.452609,23.3596,0.8439,-0.2057,0.057379,0.686974,-7.783451,150,0.579949,2668.0872,0.121475,0
314,13.3973,8205.9,7491.0532,17531.25,-5.8795453484,0.318422,0.469624,23.1363,0.8104,-0.3008,0.054708,0.691077,-3.336929,157,0.61533,2420.0915,0.128067,0
315,13.44,8179.68,7478.3678,17449.22,-5.9265641192,0.421449,0.465274,23.7724,0.8566,-0.1597,0.055382,0.703725,-3.163643,159,0.582632,2572.4724,0.119644,0
316,13.4827,8326.38,7606.3906,17847.66,-6.9181358158,0.26426,0.384779,16.5134,0.8555,-0.0416,0.069132,0.722217,-7.281001,168,0.597933,2925.0494,0.113661,0
317,13.5253,7960.82,7479.819,17144.53,-6.5844299236,0.141078,0.414501,19.3265,0.885,-0.047,0.063746,0.692419,-4.116538,147,0.615379,2616.011,0.120254,0
318,13.568,8184.56,7495.7828,17507.81,-6.0593819327,0.228868,0.454758,22.6714,0.8164,-0.2336,0.057037,0.700336,-4.897307,151,0.611357,2632.9056,0.121841,0
319,13.6107,7958.5,7523.0207,17343.75,-6.5659502537,0.302129,0.412652,19.1121,0.9013,-0.0475,0.064069,0.703342,-5.385178,152,0.638194,2751.1696,0.122451,0
320,13.6533,8156.92,7528.5731,17378.91,-6.7620252858,0.236445,0.403408,18.3982,0.864,-0.0606,0.065709,0.711458,-2.455079,169,0.614319,2786.8584,0.115126,0
321,13.696,7774.12,7410.1922,17144.53,-5.486441651,0.299457,0.491138,29.5652,0.8702,-0.2616,0.051466,0.650898,-1.433508,144,0.597186,2352.6536,0.106702,0
322,13.7387,8120.91,7464.3076,17531.25,-6.0455727733,0.178467,0.446142,23.3391,0.8355,-0.201,0.058421,0.685584,-5.260438,156,0.628194,2535.2463,0.115493,0
323,13.7813,8151.62,7581.1084,17660.16,-6.2419295551,0.412225,0.431741,21.1,0.8495,-0.1872,0.060796,0.692531,-2.506362,161,0.616582,2669.8432,0.123428,0
324,13.824,8408.77,7529.103,17695.31,-6.2736812804,0.214293,0.434525,20.1811,0.7931,-0.251,0.060331,0.71342,-1.058971,154,0.62007,2829.6936,0.123916,0
325,13.8667,8106.25,7471.7992,17496.09,-6.4969008435,0.230979,0.422991,19.8471,0.8863,-0.0467,0.062278,0.717276,-3.427716,167,0.598889,2682.0981,0.121353,0
326,13.9093,8150.1,7475.7963,17589.84,-5.5030388843,0.359943,0.491534,28.7779,0.8055,-0.3573,0.051408,0.673922,-3.821831,139,0.597909,2366.8683,0.111098,0
327,13.952,7964.23,7509.9297,17519.53,-5.6636379059,0.275282,0.468324,25.4715,0.8538,-0.2553,0.054909,0.67303,-5.370089,154,0.611622,2417.1429,0.105848,0
328,13.9947,8369.5,7598.8724,17859.38,-5.8614270688,0.26323,0.458564,23.2255,0.7603,-0.3684,0.056433,0.680893,-1.214085,173,0.623106,2702.6484,0.112929,0
329,14.0373,8251.0,7530.7409,17671.88,-7.0948190004,0.263514,0.381227,15.9593,0.8896,0.0485,0.069803,0.733353,-6.738633,152,0.59462,2937.4502,0.125015,0
330,14.08,8228.86,7427.474,17496.09,-6.3453556756,0.260594,0.435032,19.7679,0.8525,-0.1246,0.060246,0.711707,-2.395323,157,0.613332,2678.9901,0.125504,0
331,14.1227,7850.48,7307.6849,17156.25,-4.9732299568,0.341559,0.52633,35.4973,0.8098,-0.4353,0.046457,0.622395,-0.692574,168,0.619982,2378.8181,0.112929,0
332,14.1653,8252.72,7513.676,17601.56,-7.0722023329,0.29185,0.384495,16.2656,0.8783,0.0381,0.069185,0.718404,-3.471938,144,0.612166,2788.1666,0.123794,0
333,14.208,8297.72,7463.0502,17554.69,-6.6501573616,0.292856,0.41178,18.1246,0.8283,-0.1594,0.064223,0.723861,-7.895055,160,0.598577,2969.2579,0.13112,0
334,14.2507,8240.25,7458.7071,17625.0,-5.5834916597,0.304067,0.484139,26.7813,0.8021,-0.3193,0.052505,0.694181,-3.049167,157,0.587978,2560.6587,0.120498,0
335,14.2933,8260.83,7452.5103,17542.97,-6.0757243028,0.228193,0.454638,22.2804,0.8221,-0.182,0.057056,0.699403,-1.819494,139,0.603366,2752.8858,0.124161,0
336,14.336,8158.35,7573.8613,17554.69,-6.8745798303,0.221183,0.391473,17.3313,0.8825,-0.0183,0.067883,0.722443,-2.595189,152,0.606654,2856.4541,0.121963,0
337,14.3787,8053.57,7391.1731,17414.06,-5.8133301296,0.283955,0.474196,25.5777,0.831,-0.2451,0.054007,0.690372,-2.011506,156,0.601153,2613.6062,0.113173,0
338,14.4213,8189.12,7509.2565,17660.16,-6.3358451845,0.221553,0.43415,21.9641,0.8409,-0.1597,0.060393,0.703749,-2.579345,153,0.59551,2630.4824,0.12062,0
339,14.464,8376.69,7495.9918,17531.25,-6.7225330993,0.199361,0.410405,18.3373,0.8531,-0.0375,0.064464,0.734742,-4.097432,172,0.594369,2779.5055,0.132462,0
340,14.5067,8219.5,7503.8299,17496.09,-6.7013130137,0.228318,0.406863,18.312,0.8717,-0.0241,0.065092,0.715469,-4.486596,161,0.607911,2828.5375,0.125504,0
341,14.5493,8078.13,7422.4081,17226.56,-6.3802259109,0.356948,0.423013,20.1849,0.8826,-0.0338,0.062274,0.708061,-4.979776,157,0.612544,2846.273,0.113051,0
342,14.592,8078.49,7450.7624,17484.38,-5.9571232017,0.278378,0.463577,24.8902,0.8332,-0.2475,0.055646,0.689518,-2.470087,163,0.611707,2623.26,0.110609,0
343,14.6347,8528.44,7670.2506,17953.12,-6.7212646968,0.284679,0.398841,18.0476,0.8029,-0.1796,0.066533,0.719006,-1.544714,150,0.60765,2736.3329,0.121109,0
344,14.6773,8110.67,7500.2616,17425.78,-6.076511703,0.152371,0.455808,23.6003,0.8396,-0.1834,0.05687,0.687572,-6.780686,141,0.599679,2662.6581,0.126969,0
345,14.72,8059.28,7546.3536,17472.66,-6.1601684985,0.240687,0.438558,21.3231,0.8484,-0.2039,0.059662,0.69501,-3.499637,125,0.599121,2607.0762,0.119155,0
346,14.7627,8145.75,7549.0915,17636.72,-6.7087866524,0.286507,0.40791,18.2867,0.8685,-0.0756,0.064906,0.705725,-2.982942,158,0.640997,2692.3307,0.12294,0
347,14.8053,8381.26,7544.7922,17730.47,-6.5368987399,0.306443,0.415958,19.4007,0.8259,-0.113,0.063492,0.714859,-6.050895,149,0.61634,2690.5851,0.121353,0
348,14.848,7681.44,7414.6692,17027.34,-6.0045961986,0.296331,0.452591,24.4416,0.9162,-0.1114,0.057382,0.665259,-3.175536,149,0.616633,2401.273,0.114028,0
349,14.8907,7843.44,7437.7803,17214.84,-5.7640837979,0.309775,0.46448,24.8528,0.9026,-0.1575,0.055505,0.672255,-3.307355,166,0.631305,2538.8269,0.108168,0
350,14.9333,7853.72,7358.2386,17250.0,-5.2158891553,0.222654,0.511305,31.781,0.8124,-0.4462,0.048553,0.643239,-1.719136,149,0.651418,2187.1529,0.121231,0
351,14.976,8502.01,7545.9625,17519.53,-6.6265988577,0.226549,0.414817,19.0559,0.8213,-0.0733,0.063691,0.723956,-3.677068,149,0.660104,2843.2705,0.13405,0
352,15.0187,8187.06,7549.4566,17402.34,-6.9236773433,0.243436,0.388569,17.5243,0.8701,-0.0254,0.068422,0.721444,-4.976306,160,0.617188,2906.6851,0.134782,0
353,15.0613,8375.87,7605.5762,17789.06,-6.9453056813,0.257407,0.386474,16.283,0.8516,-0.073,0.068813,0.724079,-4.88583,148,0.594422,2819.4419,0.129166,0
354,15.104,8237.94,7485.2858,17355.47,-6.6414824977,0.313295,0.411063,19.1085,0.8728,-0.024,0.064349,0.719249,-4.277349,148,0.58907,2640.5315,0.120864,0
355,15.1467,8235.77,7469.2465,17507.81,-6.1225697747,0.418438,0.448311,21.2808,0.8354,-0.2062,0.05807,0.700781,-3.377166,150,0.597262,2641.031,0.123062,0
356,15.1893,8098.75,7449.0498,17460.94,-5.8607379449,0.258829,0.463561,23.4521,0.8102,-0.3281,0.055649,0.692444,-5.360755,138,0.603338,2565.4293,0.117202,0
357,15.232,7983.08,7472.1187,17355.47,-6.23942183,0.249438,0.441184,21.0705,0.8967,-0.0686,0.05923,0.704299,-6.256221,167,0.596179,2654.9462,0.115371,0
358,15.2747,8155.0,7478.9918,17449.22,-6.6297781231,0.248113,0.409277,18.5421,0.8854,-0.0422,0.064664,0.715951,-4.043113,164,0.598786,2818.3858,0.123062,0
359,15.3173,8350.02,7493.5237,17460.94,-7.1620040219,0.326951,0.371312,16.3433,0.8845,0.1011,0.07171,0.732493,-4.197273,174,0.603253,3031.7601,0.128678,0
360,15.36,7988.69,7523.6701,17519.53,-6.496062897,0.253187,0.416868,18.7269,0.8825,-0.107,0.063334,0.687078,-5.492135,151,0.628634,2710.2954,0.129532,0
361,15.4027,8261.01,7548.1394,17718.75,-6.3898891399,0.277009,0.426045,19.3562,0.8431,-0.15,0.061757,0.715527,-3.676404,158,0.630095,2634.4634,0.124283,0
362,15.4453,8224.73,7522.4311,17613.28,-6.1718230767,0.302817,0.445501,21.7083,0.8201,-0.2393,0.058525,0.689167,-7.543874,139,0.611965,2609.1109,0.124771,0
363,15.488,8299.15,7564.3,17671.88,-7.2545293697,0.382782,0.364078,14.7714,0.8998,0.0823,0.073134,0.72372,-4.328919,152,0.607295,2877.0885,0.120254,0
364,15.5307,7957.35,7474.6078,17214.84,-6.0382913345,0.218421,0.450651,22.9224,0.8866,-0.1089,0.057693,0.693272,-3.046677,171,0.596983,2630.151,0.113539,0
365,15.5733,8292.48,7490.8189,17472.66,-6.4321296155,0.232778,0.426493,19.9752,0.843,-0.114,0.061681,0.71292,-3.874068,153,0.597827,2767.2287,0.117934,0
366,15.616,7992.27,7426.1344,17296.88,-5.9761952156,0.337296,0.456471,23.0804,0.8574,-0.1816,0.056764,0.680116,-4.198128,155,0.610066,2503.0776,0.117812,0
367,15.6587,7970.37,7528.9179,17343.75,-6.0666282883,0.204024,0.445091,23.0845,0.8688,-0.1531,0.058592,0.678497,-3.588965,157,0.602338,2702.7894,0.115615,0
368,15.7013,8177.0,7454.6502,17566.41,-5.7429320521,0.390558,0.479254,25.3704,0.8122,-0.3076,0.053239,0.685767,-3.027808,147,0.633594,2353.9961,0.116103,0
369,15.744,8301.3,7594.6255,17765.62,-6.4251831361,0.277176,0.429855,18.9024,0.8262,-0.1893,0.061113,0.700557,-4.819141,135,0.592827,2642.7366,0.119399,0
370,15.7867,8239.04,7549.7684,17578.12,-6.4490234794,0.285586,0.419175,19.7555,0.8563,-0.0938,0.062934,0.706064,-4.029639,156,0.603949,2757.3873,0.121841,0
371,15.8293,8186.14,7581.3757,17777.34,-7.1733325298,0.207866,0.373018,15.7635,0.8904,0.0072,0.071378,0.721703,-6.006083,156,0.607167,2953.0367,0.115493,0
372,15.872,7993.39,7527.7503,17484.38,-6.1334302383,0.248051,0.443407,21.7212,0.8692,-0.1394,0.058866,0.688863,-7.607372,167,0.60235,2642.981,0.113661,0
373,15.9147,8101.1,7482.4757,17578.12,-5.4588387057,0.162112,0.499442,29.1254,0.7931,-0.3714,0.050252,0.648847,-7.343007,148,0.608211,2349.4252,0.11769,0
374,15.9573,8171.45,7490.0076,17449.22,-6.4003279463,0.230428,0.423567,20.3752,0.8632,-0.0884,0.06218,0.699334,-3.674742,170,0.593171,2771.2435,0.119766,0
375,16.0,8119.74,7579.7315,17648.44,-6.1549671075,0.307876,0.443962,21.6877,0.8344,-0.2681,0.058776,0.692257,-2.295234,141,0.608356,2598.81,0.12355,0
376,16.0427,8027.58,7407.6594,17250.0,-6.1267059541,0.356,0.444222,21.6176,0.8524,-0.1816,0.058733,0.69415,-5.272761,142,0.592704,2592.0147,0.115493,0
377,16.0853,7678.66,7292.2244,16792.97,-5.6131226087,0.292306,0.487681,29.1576,0.896,-0.1288,0.051977,0.644487,-3.956118,153,0.615786,2392.3823,0.097668,0
378,16.128,8012.87,7523.2601,17531.25,-5.9024938513,0.339586,0.462357,24.5139,0.8368,-0.2762,0.055837,0.675864,-3.575324,140,0.622689,2602.4177,0.10536,0
379,16.1707,8088.39,7508.1067,17414.06,-6.547899273,0.266859,0.421158,19.6752,0.8921,0.0003,0.062592,0.69967,-5.488334,164,0.599363,2861.6526,0.117812,0
380,16.2133,7919.66,7436.2453,16992.19,-5.8114178186,0.356538,0.463532,25.2726,0.8846,-0.1095,0.055653,0.66911,-2.27719,155,0.595311,2561.5297,0.109999,0
381,16.256,7944.33,7427.1719,17250.0,-5.9089238588,0.325698,0.461473,22.8802,0.871,-0.1599,0.055976,0.666278,-4.380677,163,0.632882,2451.3683,0.104627,0
382,16.2987,8055.82,7555.7025,17753.91,-6.1273036548,0.211616,0.439939,21.3778,0.823,-0.2855,0.059435,0.676226,-3.720016,165,0.600307,2661.8627,0.110975,0
383,16.3413,8201.27,7475.538,17566.41,-5.4120457543,0.511651,0.492105,27.9994,0.7769,-0.4035,0.051324,0.654884,-0.470375,138,0.619761,2454.8668,0.115126,0
384,16.384,7999.88,7540.619,17367.19,-6.3873959386,0.286049,0.424774,20.4825,0.8794,-0.0818,0.061974,0.683262,-3.272322,148,0.604787,2631.3434,0.109877,0
385,16.4267,8141.41,7524.694,17531.25,-6.170829753,0.300644,0.435441,21.4585,0.8167,-0.2266,0.060178,0.685638,-7.668411,154,0.599054,2594.228,0.12648,0
386,16.4693,8270.32,7515.7917,17484.38,-6.3862045351,0.339992,0.421074,20.1651,0.847,-0.1187,0.062607,0.709766,-3.08523,155,0.604785,2710.2397,0.134172,0
387,16.512,8213.38,7512.6418,17648.44,-6.1003228869,0.282417,0.443767,21.3182,0.8382,-0.2101,0.058808,0.706594,-2.579208,146,0.612713,2555.3217,0.120986,0
388,16.5547,8482.72,7639.4747,17753.91,-7.4727179474,0.381532,0.347274,14.2347,0.8782,0.0782,0.076555,0.73292,-3.899537,189,0.622034,3010.9646,0.118056,0
389,16.5973,8221.37,7558.4079,17519.53,-6.3684144989,0.211963,0.427846,20.0594,0.8383,-0.1354,0.061452,0.697987,-4.175975,140,0.595714,2538.4151,0.120864,0
390,16.64,8152.81,7486.4547,17402.34,-6.8694397897,0.202089,0.389114,17.1482,0.8849,0.0441,0.068321,0.711217,-5.184461,159,0.616057,2955.3659,0.123794,0
391,16.6827,8156.33,7389.5937,17273.44,-6.3961166501,0.223294,0.434689,20.5114,0.8621,-0.049,0.060303,0.718844,-4.401681,140,0.621632,2638.2921,0.124283,0
392,16.7253,8178.78,7524.5285,17531.25,-6.381030709,0.36179,0.427824,21.0174,0.8559,-0.1224,0.061456,0.701373,-3.717907,169,0.58543,2753.7858,0.121353,0
393,16.768,8447.71,7571.7509,17847.66,-5.8190225846,0.194226,0.464533,24.0852,0.7831,-0.2746,0.055497,0.694346,-2.112688,144,0.596519,2510.5436,0.123794,0
394,16.8107,8342.24,7493.4252,17578.12,-6.1483721007,0.232747,0.443886,22.2408,0.8193,-0.1616,0.058788,0.715611,-4.23545,148,0.591726,2698.8678,0.131364,0
395,16.8533,8395.61,7566.6116,17800.78,-6.4041962332,0.167683,0.420328,19.5128,0.8041,-0.2099,0.062735,0.707762,-3.281625,155,0.621818,2904.4741,0.126847,0
396,16.896,8264.39,7605.9891,17730.47,-7.0481507018,0.254393,0.376843,15.9079,0.8826,-0.0298,0.07064,0.723927,-7.289778,148,0.610476,2925.1362,0.125992,0
397,16.9387,8117.16,7559.2058,17531.25,-6.4117265811,0.294986,0.430138,20.3741,0.8547,-0.1277,0.061065,0.700972,-5.247317,152,0.595909,2832.3406,0.125259,0
398,16.9813,8221.37,7588.1338,17625.0,-7.2412994405,0.225034,0.368815,15.1832,0.873,-0.0192,0.072199,0.728561,-5.704911,157,0.606043,2769.1659,0.119521,0
399,17.024,8403.72,7543.2812,17824.22,-6.680569065,0.246694,0.408395,18.6445,0.8277,-0.1318,0.06482,0.713471,-1.619731,181,0.585843,2838.908,0.12587,0
400,17.0667,8448.79,7591.7051,17800.78,-6.4173413957,0.256402,0.427575,19.2439,0.7824,-0.2783,0.061498,0.723348,-4.494598,139,0.608481,2706.9616,0.132707,0
401,17.1093,8268.0,7486.5762,17589.84,-6.456024328,0.226056,0.424919,19.4961,0.8372,-0.1601,0.061949,0.72303,-5.15247,153,0.591409,2746.7519,0.128189,0
402,17.152,8150.06,7538.2564,17613.28,-7.1211800387,0.27085,0.37562,15.5879,0.8943,0.0093,0.070875,0.718962,-5.679693,156,0.607058,2857.6309,0.121231,0
403,17.1947,8069.21,7498.6694,17519.53,-6.1862877718,0.423425,0.438231,22.0929,0.8597,-0.1523,0.059716,0.685709,-3.955707,156,0.622605,2629.0052,0.120498,0
404,17.2373,8395.93,7559.205,17777.34,-7.0932139351,0.286609,0.376475,15.5057,0.8501,-0.0321,0.070711,0.730407,-5.403352,179,0.621414,2780.5251,0.1288,0
405,17.28,8279.24,7480.9844,17531.25,-7.3120906756,0.216919,0.363238,14.5456,0.907,0.1575,0.073301,0.735824,-4.238127,163,0.592957,2938.5366,0.126602,0
406,17.3227,8260.92,7631.4959,17636.72,-6.8751590622,0.243175,0.390149,16.204,0.8297,-0.1419,0.068128,0.707046,-5.849643,161,0.59763,2907.2855,0.122085,0
407,17.3653,8388.82,7501.5202,17578.12,-6.04171724,0.30511,0.460113,21.8205,0.8071,-0.2473,0.056189,0.717403,-4.846214,150,0.605035,2673.7505,0.130509,0
408,17.408,8241.09,7601.127,17695.31,-6.5492746147,0.284718,0.422583,19.0836,0.8598,-0.1007,0.062348,0.705693,-4.475235,149,0.586832,2665.3243,0.123428,0
409,17.4507,7952.64,7481.0571,17296.88,-6.0916141299,0.324426,0.44687,22.6797,0.8739,-0.1404,0.058303,0.669119,-1.905081,157,0.598669,2696.3355,0.110731,0
410,17.4933,8134.53,7509.4895,17578.12,-6.4963771597,0.32241,0.42038,19.4441,0.8681,-0.0735,0.062726,0.702767,-7.543016,146,0.596415,2606.0704,0.118178,0
411,17.536,8205.51,7553.5247,17636.72,-6.7688851966,0.329697,0.397703,17.4632,0.88,-0.0316,0.06674,0.720579,-5.094269,150,0.600099,2907.9715,0.12587,0
412,17.5787,8139.63,7578.6185,17425.78,-7.1113230977,0.202722,0.375794,16.2797,0.8799,-0.0003,0.070842,0.709815,-4.147152,143,0.626098,2852.6423,0.125382,0
413,17.6213,8260.99,7610.6376,17777.34,-6.2681018505,0.368114,0.434565,20.5972,0.8184,-0.228,0.060324,0.679973,-4.124169,157,0.604356,2687.9958,0.123428,0
414,17.664,8310.23,7595.2382,17800.78,-6.6251830911,0.250983,0.413948,18.3877,0.8486,-0.1242,0.063842,0.722669,-5.8507,146,0.599808,2657.8338,0.117568,0
415,17.7067,8229.23,7445.6957,17578.12,-5.6895909333,0.222859,0.486281,26.583,0.8076,-0.2924,0.052185,0.685613,-2.2157,160,0.60209,2547.5859,0.117202,0
416,17.7493,8187.79,7522.246,17402.34,-6.3990564341,0.287942,0.424203,20.0067,0.8546,-0.0769,0.062071,0.705816,-2.599759,154,0.612349,2642.9232,0.122207,0
417,17.792,8118.1,7476.0096,17531.25,-5.7947390576,0.237258,0.467448,23.9163,0.8174,-0.2879,0.055044,0.681175,-2.461538,136,0.632577,2538.2378,0.125992,0
418,17.8347,8250.13,7587.4474,17625.0,-6.2844668784,0.207714,0.439168,20.461,0.8322,-0.1942,0.059562,0.704256,-6.707595,137,0.636912,2634.5117,0.128678,0
419,17.8773,8130.72,7481.708,17636.72,-5.7878842955,0.283611,0.474349,24.3953,0.8325,-0.2839,0.053984,0.703634,-2.975,130,0.575844,2468.828,0.125992,0
420,17.92,8142.59,7527.4463,17730.47,-5.9980752325,0.269859,0.453996,21.5974,0.8249,-0.2638,0.057158,0.685332,-7.172755,146,0.621626,2582.7172,0.115248,0
421,17.9627,8251.67,7489.571,17566.41,-5.3058490929,0.220136,0.50299,30.0426,0.7707,-0.417,0.04974,0.640589,-6.801109,158,0.62303,2379.4977,0.11769,0
422,18.0053,8268.32,7517.2924,17707.03,-6.1514327742,0.368119,0.44773,22.427,0.8325,-0.1873,0.058164,0.705176,-3.313728,170,0.60423,2650.6307,0.13112,0
423,18.048,8436.96,7462.4313,17519.53,-6.2086463726,0.1966,0.44981,20.4004,0.7938,-0.2041,0.057829,0.722174,-3.342012,172,0.600776,2783.1136,0.131486,0
424,18.0907,8018.73,7414.0226,17332.03,-5.2814591437,0.266378,0.50801,31.9033,0.8021,-0.3977,0.049021,0.653679,-2.811443,168,0.600117,2395.3258,0.116958,0
425,18.1333,8212.26,7538.821,17765.62,-5.2742909065,0.319601,0.504638,30.8768,0.7986,-0.39,0.049503,0.661458,-5.446809,153,0.608281,2327.6541,0.113661,0
426,18.176,8416.56,7575.0146,17789.06,-6.6902139947,0.311869,0.404439,18.0721,0.8307,-0.1395,0.065524,0.722268,-3.042214,173,0.617332,2821.8577,0.123062,0
427,18.2187,8199.4,7521.2589,17542.97,-5.915002431,0.160124,0.460354,24.2228,0.7837,-0.3401,0.056151,0.688932,-5.14129,153,0.595271,2555.0642,0.124527,0
428,18.2613,8118.46,7510.3313,17566.41,-5.9258826947,0.375521,0.457695,24.2617,0.8302,-0.2638,0.056571,0.692256,-6.871186,162,0.604071,2634.6214,0.115615,0
429,18.304,7993.41,7466.7909,17320.31,-6.3891917808,0.247635,0.426736,20.3192,0.9017,-0.0168,0.06164,0.707172,-5.36218,135,0.616255,2671.882,0.113295,0
430,18.3467,8231.46,7509.2713,17613.28,-5.9318198577,0.269335,0.458427,22.5379,0.8002,-0.3034,0.056455,0.696892,-4.308935,151,0.613267,2520.4852,0.118301,0
431,18.3893,8204.19,7508.5603,17753.91,-6.171293464,0.340023,0.447642,21.8715,0.8379,-0.1758,0.058178,0.704642,-4.027858,145,0.605713,2575.5418,0.114272,0
432,18.432,8100.43,7512.666,17625.0,-6.0873642167,0.193212,0.44599,21.6591,0.8253,-0.2408,0.058446,0.687522,-6.925208,153,0.604999,2591.0017,0.115371,0
433,18.4747,8070.92,7556.7132,17496.09,-6.5741169972,0.283524,0.408932,18.3126,0.875,-0.0813,0.064725,0.685116,-6.768007,159,0.614476,2754.9624,0.121231,0
434,18.5173,8165.81,7507.9019,17378.91,-6.9129171124,0.245857,0.388628,16.6179,0.8936,0.0301,0.068411,0.7175,-4.876193,157,0.609602,2924.6515,0.120742,0
435,18.56,8198.12,7575.6921,17589.84,-7.1092282724,0.187422,0.378701,16.4134,0.8863,0.0067,0.070284,0.716925,-2.425946,161,0.603847,2964.0322,0.115737,0
436,18.6027,8248.49,7558.0966,17695.31,-6.2912275976,0.368561,0.441549,21.0259,0.8229,-0.2071,0.05917,0.695609,-3.679349,147,0.588427,2753.5723,0.122451,0
437,18.6453,8104.05,7581.9445,17460.94,-6.5606039501,0.321751,0.411037,18.4275,0.8641,-0.1275,0.064353,0.695608,-4.312656,148,0.617671,2863.6805,0.125259,0
438,18.688,8085.9,7389.4375,17449.22,-5.4262146531,0.331314,0.504719,29.2959,0.8058,-0.3932,0.049492,0.682386,-2.623683,163,0.618497,2341.557,0.11769,0
439,18.7307,8175.43,7589.014,17777.34,-7.0416774206,0.23779,0.3784,16.3276,0.8959,0.0029,0.070341,0.71702,-4.680167,162,0.629523,2881.1371,0.121963,0
440,18.7733,8334.96,7543.2688,17671.88,-6.6301844296,0.189906,0.409067,17.1048,0.8372,-0.1043,0.064701,0.716644,-6.604272,160,0.634731,2648.7417,0.125748,0
441,18.816,8387.41,7519.4115,17613.28,-6.9645095089,0.24352,0.388512,16.3166,0.8493,-0.0357,0.068433,0.735819,-4.138648,154,0.626042,2893.7256,0.125626,0
442,18.8587,8152.09,7543.6546,17554.69,-6.8178107553,0.267194,0.401728,17.9131,0.8608,-0.0851,0.066011,0.71508,-3.6127,143,0.591716,2923.8018,0.125137,0
443,18.9013,7936.92,7497.922,17367.19,-6.3758734494,0.257431,0.422809,20.3203,0.8794,-0.1254,0.062309,0.690849,-6.98789,166,0.608177,2516.4259,0.116347,0
444,18.944,7996.35,7369.0493,17250.0,-5.9640169855,0.261226,0.459289,23.5817,0.8628,-0.1647,0.056319,0.680821,-0.973122,165,0.630266,2625.276,0.108412,0
445,18.9867,8233.52,7416.7004,17496.09,-5.8606245916,0.195553,0.470266,24.1362,0.8201,-0.2274,0.054609,0.707999,-5.79904,165,0.602451,2550.6112,0.115004,0
446,19.0293,8119.74,7374.4042,17484.38,-5.3194472865,0.268642,0.507088,29.8694,0.766,-0.4602,0.049153,0.67271,-2.833437,152,0.611329,2346.5646,0.121597,0
447,19.072,8128.84,7508.2653,17472.66,-6.8637162589,0.204527,0.395538,17.0331,0.893,0.0122,0.067135,0.713832,-4.916108,158,0.634428,2827.2872,0.122329,0
448,19.1147,8162.35,7551.3544,17613.28,-6.7902945517,0.176358,0.398339,17.2518,0.8807,-0.0323,0.066625,0.706953,-2.44398,153,0.615806,2755.9657,0.124161,0
449,19.1573,8085.06,7497.8505,17589.84,-6.0094184658,0.343433,0.455651,23.406,0.8584,-0.1913,0.056895,0.690793,-7.848361,151,0.630259,2510.3771,0.118178,0
450,19.2,8210.96,7566.5169,17695.31,-6.7648248857,0.234927,0.401983,17.8012,0.8606,-0.0826,0.065965,0.719519,-4.405578,155,0.613885,2817.0161,0.11708,0
451,19.2427,8155.63,7515.8671,17742.19,-5.633492547,0.217322,0.479425,26.097,0.8229,-0.3024,0.053213,0.687401,-1.743542,148,0.606927,2432.5782,0.120254,0
452,19.2853,8424.72,7630.4268,17976.56,-7.2151074976,0.304511,0.371763,15.6084,0.8582,-0.0326,0.071622,0.728878,-5.402114,143,0.601585,2929.2046,0.128678,0
453,19.328,8152.63,7492.5057,17472.66,-6.8454168335,0.324766,0.391938,16.9515,0.883,-0.023,0.067797,0.711643,-5.858687,173,0.622684,2966.1474,0.129044,0
454,19.3707,8428.89,7616.1603,17742.19,-6.9302508737,0.236473,0.39383,16.1281,0.8085,-0.1419,0.067449,0.719346,-3.337374,176,0.609507,2714.8265,0.124527,0
455,19.4133,8303.11,7509.0572,17390.62,-6.5796494135,0.28012,0.422821,19.4329,0.8429,-0.1044,0.062307,0.724995,-5.94827,157,0.605252,2832.0544,0.127213,0
456,19.456,8257.68,7540.9143,17613.28,-6.8005716056,0.286456,0.40387,17.9816,0.8689,-0.0797,0.065626,0.729105,-4.70735,146,0.587702,2894.8711,0.125382,0
457,19.4987,8178.51,7510.185,17683.59,-6.2272428197,0.297456,0.440011,21.3193,0.848,-0.174,0.059423,0.69684,-8.096281,162,0.610286,2582.0657,0.121475,0
458,19.5413,8219.03,7491.2515,17578.12,-5.9714449421,0.400283,0.459659,23.8369,0.7933,-0.3203,0.056261,0.677012,-6.232382,139,0.595376,2623.1623,0.11244,0
459,19.584,7820.35,7395.3409,17121.09,-5.3224713842,0.38101,0.496028,29.8112,0.8526,-0.2873,0.050749,0.625946,-1.334041,158,0.616567,2339.2108,0.108168,0
460,19.6267,8257.72,7636.5515,17765.62,-6.8156775784,0.3276,0.396514,17.1733,0.861,-0.084,0.066957,0.708875,-5.939426,146,0.628437,2775.2607,0.111952,0
461,19.6693,7894.94,7523.1056,17378.91,-6.6121890065,0.281232,0.402213,19.1389,0.9058,-0.0314,0.065924,0.684986,-4.773941,134,0.600341,2787.9698,0.115737,0
462,19.712,8316.71,7602.4532,17929.69,-6.289120603,0.222188,0.434323,20.6353,0.7927,-0.2958,0.060364,0.697766,-2.080778,181,0.634554,2858.9813,0.119888,0
463,19.7547,8198.83,7588.052,17566.41,-6.4617258177,0.32031,0.418249,18.7312,0.8528,-0.1293,0.063094,0.702394,-6.356363,150,0.632932,2727.0501,0.126114,0
464,19.7973,8329.02,7529.2944,17613.28,-6.7263951306,0.329802,0.403175,18.376,0.8608,-0.036,0.065751,0.71592,-3.454989,177,0.63884,2819.5502,0.125748,0
465,19.84,8271.59,7566.6824,17601.56,-6.8319732026,0.276762,0.391917,16.7193,0.8505,-0.0949,0.067801,0.71375,-4.549214,158,0.619412,2679.7994,0.125382,0
466,19.8827,8008.88,7509.7687,17566.41,-6.3476878904,0.22969,0.428508,20.3325,0.8742,-0.1795,0.06134,0.703986,-3.71186,165,0.619288,2597.6147,0.121475,0
467,19.9253,8028.24,7497.9288,17425.78,-6.0259206612,0.335531,0.451538,23.3314,0.8512,-0.2206,0.057551,0.683439,-7.311947,142,0.609536,2536.4653,0.109144,0
468,19.968,8156.66,7459.6389,17542.97,-6.0608358711,0.329919,0.455965,22.3864,0.822,-0.2588,0.056845,0.689834,-4.470368,141,0.603451,2671.4631,0.11708,0
469,20.0107,8405.52,7490.7174,17695.31,-5.7583972616,0.253198,0.473853,24.4624,0.7569,-0.3705,0.054059,0.693177,-4.162515,159,0.621949,2563.9759,0.123062,0
470,20.0533,8319.87,7579.2442,17625.0,-6.8389273666,0.266777,0.39318,17.2611,0.8707,0.007,0.067568,0.722873,-5.752607,155,0.613939,2899.4977,0.122329,0
471,20.096,8328.58,7485.9651,17660.16,-6.3176499666,0.304892,0.432518,19.933,0.8263,-0.1963,0.060666,0.715012,-5.777772,153,0.619089,2789.2967,0.119888,0
472,20.1387,7941.3,7467.7901,17273.44,-6.319121585,0.380914,0.436228,20.6042,0.9004,-0.0708,0.060048,0.70093,-5.703438,163,0.626103,2613.4268,0.113051,0
473,20.1813,7810.45,7487.4304,17367.19,-5.8931492818,0.442566,0.453507,24.0989,0.8957,-0.195,0.057236,0.669771,-1.304725,156,0.5987,2495.2382,0.113051,0
474,20.224,8091.02,7542.9032,17507.81,-6.8012269368,0.289508,0.393175,17.4674,0.8726,-0.0813,0.067569,0.711049,-5.328487,147,0.627202,2864.1407,0.116469,0
475,20.2667,8301.98,7571.4226,17742.19,-6.4137139699,0.191753,0.432485,20.2811,0.8206,-0.1985,0.060672,0.725975,-4.929816,130,0.606232,2636.2558,0.127091,0
476,20.3093,8506.4,7546.1489,17765.62,-6.6986886719,0.316509,0.402895,17.1107,0.8309,-0.0831,0.065801,0.729632,-6.93847,145,0.598921,2841.2062,0.127823,0
477,20.352,8029.44,7481.7671,17402.34,-5.5193437444,0.538121,0.481117,28.5731,0.8111,-0.3319,0.052958,0.632735,-3.536862,164,0.607243,2474.1605,0.119888,0
478,20.3947,8154.17,7502.8869,17589.84,-6.240296927,0.277177,0.443917,21.1318,0.8576,-0.1477,0.058783,0.710119,-3.247643,140,0.612923,2553.2478,0.124649,0
479,20.4373,8421.22,7651.382,17929.69,-7.0521561382,0.266135,0.378635,16.05,0.8525,-0.0708,0.070296,0.73003,-5.368644,140,0.613342,2804.8584,0.130021,0
480,20.48,8177.87,7413.8746,17613.28,-5.1958034832,0.342728,0.520146,30.6272,0.79,-0.4371,0.047313,0.664707,-2.259495,156,0.625582,2250.4371,0.113539,0
481,20.5227,7947.21,7491.4495,17460.94,-5.8804523609,0.334667,0.457057,24.4801,0.8567,-0.2312,0.056672,0.672938,-5.744228,170,0.603028,2561.5325,0.111464,0
482,20.5653,8275.22,7522.288,17589.84,-6.3550861072,0.180961,0.433081,20.7433,0.8494,-0.112,0.060572,0.713722,-2.370007,144,0.599377,2838.0375,0.118667,0
483,20.608,8438.77,7621.9589,17742.19,-7.1129259323,0.214034,0.3737,15.5847,0.8462,-0.0422,0.071246,0.725146,-5.194377,169,0.613129,2954.549,0.118301,0
484,20.6507,7941.09,7463.0627,17355.47,-5.6461558441,0.280646,0.480633,27.0128,0.8411,-0.3035,0.053031,0.667158,-1.590397,168,0.603368,2379.0095,0.121841,0
485,20.6933,8215.19,7528.1098,17484.38,-6.7997750367,0.177113,0.401928,17.7051,0.8888,0.0402,0.065975,0.71193,-3.738901,145,0.620884,2683.5341,0.120864,0
486,20.736,8321.43,7576.9626,17730.47,-7.5991619947,0.272434,0.348623,13.1506,0.899,0.0789,0.076274,0.735805,-3.498876,155,0.571809,3010.4644,0.123306,0
487,20.7787,8269.73,7583.2861,17730.47,-6.2421384625,0.274482,0.436237,20.9677,0.8287,-0.2087,0.060046,0.71522,-6.323001,131,0.595237,2692.8132,0.129899,0
488,20.8213,8187.52,7546.4376,17578.12,-6.8162938189,0.271781,0.401153,17.9338,0.8696,-0.0406,0.066115,0.717207,-6.04407,147,0.579024,2982.375,0.134172,0
489,20.864,8468.74,7556.814,17730.47,-6.1613939764,0.27408,0.44688,21.8449,0.7988,-0.2048,0.058301,0.708387,-4.267964,146,0.599847,2516.5926,0.121109,0
490,20.9067,7974.39,7445.4753,17437.5,-5.4730788038,0.326838,0.492196,28.7841,0.8266,-0.3155,0.05131,0.653309,-1.495122,166,0.588768,2328.4359,0.112807,0
491,20.9493,8114.15,7512.6706,17542.97,-6.7962243753,0.253234,0.399142,17.8545,0.8867,-0.0021,0.066479,0.695452,-7.082606,167,0.634577,2725.0075,0.119766,0
492,20.992,8254.28,7608.0721,17765.62,-6.5916085211,0.208619,0.41568,18.8835,0.8578,-0.1031,0.06354,0.714452,-5.087119,147,0.610746,2887.1867,0.121841,0
493,21.0347,8212.22,7507.6524,17496.09,-5.9141306635,0.267746,0.458628,23.898,0.8296,-0.2031,0.056423,0.685101,-4.147875,152,0.608113,2488.7097,0.123306,0
494,21.0773,8110.02,7435.6519,17378.91,-5.5814090196,0.30999,0.491771,26.6462,0.8288,-0.2783,0.051373,0.679503,-3.668417,162,0.621758,2303.0147,0.122329,0
495,21.12,8045.41,7528.4853,17472.66,-6.5997127538,0.154759,0.415738,19.1278,0.8652,-0.1056,0.06353,0.696066,-7.048204,163,0.613595,2765.6767,0.119033,0
496,21.1627,8330.71,7635.1609,17976.56,-6.7653323043,0.296622,0.397761,17.41,0.8454,-0.1233,0.06673,0.719393,-2.801009,156,0.620635,2905.9072,0.126114,0
497,21.2053,8333.59,7589.0488,17742.19,-7.3911802532,0.30498,0.362095,14.4061,0.88,0.0503,0.07353,0.73914,-5.917876,154,0.597256,2965.0147,0.129288,0
498,21.248,8095.15,7532.5496,17578.12,-6.8237051108,0.27812,0.394765,17.9501,0.9018,0.0241,0.067277,0.714575,-4.490407,134,0.591572,2852.5866,0.118667,0
499,21.2907,8115.53,7499.3075,17566.41,-5.9639970282,0.204313,0.456422,22.8004,0.8337,-0.2474,0.056772,0.698021,-4.634557,168,0.631881,2709.5727,0.111464,0
500,21.3333,8009.94,7545.9846,17496.09,-5.7825268614,0.327582,0.467895,24.1367,0.8222,-0.314,0.054975,0.67609,-9.145272,137,0.608459,2569.4998,0.112196,0
501,21.376,8234.37,7577.1536,17589.84,-6.3671105063,0.310454,0.426676,20.7232,0.8576,-0.1214,0.06165,0.712028,-6.371296,140,0.602723,2818.9628,0.118056,0
502,21.4187,8277.28,7577.1398,17835.94,-6.2232360522,0.326782,0.439931,21.0574,0.831,-0.2103,0.059436,0.70248,-5.081599,141,0.575227,2665.9005,0.122329,0
503,21.4613,8186.22,7496.6798,17578.12,-5.653484054,0.312768,0.472887,24.4744,0.7929,-0.3801,0.054207,0.682321,-4.647977,127,0.598198,2479.0213,0.113906,0
504,21.504,7929.86,7526.2079,17425.78,-6.0673775832,0.241705,0.44345,22.7484,0.8817,-0.1534,0.058859,0.671739,-9.398081,122,0.591698,2656.7944,0.112807,0
505,21.5467,8115.64,7541.7037,17566.41,-6.8338918328,0.372248,0.395001,17.529,0.8968,-0.0064,0.067234,0.716673,-5.161594,159,0.617924,2848.6913,0.11415,0
506,21.5893,8104.22,7389.5424,17355.47,-5.4755485584,0.301193,0.49118,27.4692,0.82,-0.2823,0.05146,0.672697,-0.769079,152,0.608701,2489.4432,0.124283,0
507,21.632,8613.45,7592.6689,17906.25,-6.6336246324,0.321088,0.40743,18.0508,0.8046,-0.1231,0.064991,0.726506,-5.966455,165,0.608754,2817.7144,0.132218,0
508,21.6747,8048.46,7477.6285,17355.47,-5.8133150698,0.241016,0.467088,25.6428,0.8297,-0.2369,0.0551,0.665576,-4.926442,145,0.625562,2515.579,0.11769,0
509,21.7173,8169.01,7577.6113,17601.56,-6.5906266032,0.225316,0.413813,19.1727,0.8833,-0.0132,0.063866,0.698564,-5.414833,131,0.612732,2603.9194,0.115248,0
510,21.76,8074.65,7576.1819,17472.66,-6.1077175119,0.262033,0.453551,22.0191,0.8422,-0.1972,0.057229,0.685117,-7.207167,157,0.614547,2514.611,0.118667,0
511,21.8027,8605.09,7566.504,17847.66,-6.4604670189,0.182208,0.424159,19.901,0.799,-0.163,0.062079,0.73789,-3.432747,165,0.599377,2720.6359,0.119033,0
512,21.8453,8269.04,7499.0808,17226.56,-6.651503782,0.165707,0.409749,19.0758,0.8313,-0.0979,0.06458,0.709121,-3.27464,185,0.598931,2824.4682,0.124527,0
513,21.888,8336.89,7549.1053,17742.19,-6.0276057528,0.316289,0.456455,22.7718,0.8093,-0.2624,0.056767,0.711713,-2.220928,141,0.604872,2721.2348,0.125015,0
514,21.9307,7869.09,7522.1935,17578.12,-5.884293356,0.324514,0.458404,24.8436,0.8592,-0.2808,0.056459,0.668632,-0.347329,158,0.631769,2391.8295,0.123672,0
515,21.9733,8338.22,7553.2972,17683.59,-5.8573088334,0.240759,0.465201,23.9019,0.775,-0.3435,0.055393,0.692546,-7.032754,152,0.657877,2623.4578,0.124039,0
516,22.016,8154.96,7544.49,17554.69,-6.4812866782,0.314234,0.419843,19.094,0.8768,-0.0793,0.062819,0.714878,-4.682624,189,0.609236,2768.3459,0.128678,0
517,22.0587,8239.92,7524.5726,17648.44,-6.3106747702,0.268812,0.438678,22.1548,0.8492,-0.1286,0.059642,0.717977,-4.543238,151,0.591071,2639.1346,0.12648,0
518,22.1013,8313.82,7544.9116,17660.16,-6.427260455,0.277291,0.421949,19.5588,0.8382,-0.1107,0.062457,0.708379,-3.754979,164,0.593288,2729.2845,0.119033,0
519,22.144,8192.68,7569.8724,17695.31,-6.6199515467,0.367592,0.407386,18.6882,0.8519,-0.1178,0.064999,0.703881,-8.487401,140,0.611384,2761.8597,0.131608,0
520,22.1867,8536.62,7630.3276,18152.34,-6.4124544851,0.219783,0.430402,19.6348,0.793,-0.228,0.061021,0.710892,-4.556539,156,0.626458,2766.8976,0.13527,0
521,22.2293,8123.29,7528.9312,17519.53,-6.0906762747,0.388743,0.451219,23.0053,0.8411,-0.1908,0.057602,0.672974,-0.092647,159,0.607182,2647.1527,0.120376,0
522,22.272,7978.64,7450.2573,17566.41,-5.4410608847,0.174198,0.503159,30.9916,0.8249,-0.3884,0.049716,0.66731,-2.996785,148,0.612072,2389.5294,0.119766,0
523,22.3147,8260.35,7561.068,17660.16,-6.8279250336,0.207828,0.394896,17.1956,0.8606,-0.0506,0.067253,0.713176,-5.293463,144,0.622308,2865.4429,0.124771,0
524,22.3573,8241.17,7563.5755,17589.84,-6.7585632278,0.311802,0.400753,17.3518,0.8654,-0.0327,0.066187,0.706545,-4.420503,162,0.581137,2829.3578,0.113906,0
525,22.4,8104.38,7482.9578,17496.09,-5.8061781694,0.238543,0.471102,24.4979,0.8286,-0.2605,0.054481,0.686739,-2.986585,153,0.602091,2709.0107,0.113906,0
526,22.4427,8369.4,7589.3541,17765.62,-6.4548666789,0.264237,0.426078,19.2253,0.8402,-0.1334,0.061752,0.704246,-2.997359,147,0.635143,2638.9733,0.12062,0
527,22.4853,8215.99,7586.8441,17613.28,-6.5669453781,0.320165,0.414655,18.9735,0.8631,-0.0652,0.063719,0.70684,-5.488788,163,0.579423,2753.3823,0.117202,0
528,22.528,8212.17,7532.5018,17355.47,-6.6842474933,0.193478,0.407403,19.7215,0.8551,-0.0333,0.064996,0.713234,-5.319476,151,0.577604,2727.7383,0.117934,0
529,22.5707,8104.07,7393.4669,17496.09,-4.7465229885,0.221706,0.545147,39.3792,0.7299,-0.6257,0.043914,0.59185,0.895155,148,0.619637,2141.875,0.123428,0
530,22.6133,8492.05,7613.3368,17847.66,-6.9151473002,0.175702,0.390554,16.4416,0.807,-0.143,0.068053,0.727547,-6.527258,151,0.630444,2925.1706,0.121841,0
531,22.656,8050.04,7448.4657,17519.53,-5.936278859,0.39537,0.454925,22.9257,0.848,-0.2139,0.05701,0.673481,-3.872505,152,0.626531,2540.5067,0.119888,0
532,22.6987,7975.76,7386.309,17308.59,-5.9507894551,0.243224,0.461454,24.2632,0.8628,-0.1661,0.055979,0.690863,-3.596756,147,0.611225,2566.5886,0.122329,0
533,22.7413,8089.33,7443.3109,17496.09,-5.6297949136,0.208067,0.486778,26.9036,0.8194,-0.2956,0.052111,0.679021,-2.887427,158,0.611383,2538.1523,0.118911,0
534,22.784,8135.78,7468.7343,17519.53,-5.8210080904,0.261166,0.470989,23.8647,0.8197,-0.3268,0.054498,0.703723,-4.59552,164,0.613545,2512.0506,0.113783,0
535,22.8267,7977.41,7401.1638,17039.06,-6.6322506405,0.38682,0.409082,19.4388,0.9276,0.1114,0.064698,0.703024,-4.640046,158,0.629095,2746.9175,0.118911,0
536,22.8693,8308.12,7614.78,17882.81,-6.2285072182,0.190504,0.435852,20.0294,0.8057,-0.2849,0.06011,0.712743,-4.763219,162,0.620602,2785.4206,0.12001,0
537,22.912,8204.5,7576.357,17800.78,-6.1592850372,0.337017,0.432545,21.7325,0.8291,-0.2176,0.060662,0.684402,-6.415927,158,0.605659,2768.2194,0.119888,0
538,22.9547,8192.69,7551.5051,17566.41,-7.0066032726,0.32474,0.385238,16.9309,0.8859,0.0277,0.069045,0.713303,-7.844295,142,0.610476,2839.7211,0.123428,0
539,22.9973,8388.77,7558.685,17871.09,-5.9571546326,0.256188,0.460979,21.1644,0.7925,-0.2956,0.056053,0.69919,-6.391287,148,0.612287,2614.5179,0.121719,0
540,23.04,8031.56,7483.8047,17437.5,-6.6373457108,0.310996,0.407985,18.1109,0.8769,-0.1048,0.064893,0.706785,-10.718052,150,0.5829,2830.1461,0.123916,0
541,23.0827,8307.52,7550.7808,17730.47,-6.4066802563,0.246448,0.423138,20.0213,0.8216,-0.1817,0.062253,0.718391,-4.932117,157,0.60781,2927.8117,0.121231,0
542,23.1253,8057.5,7552.3625,17542.97,-6.7025534716,0.274475,0.408318,18.3616,0.9135,0.0034,0.064834,0.709463,-6.569848,141,0.607168,2747.4706,0.121109,0
543,23.168,8260.64,7461.0157,17589.84,-6.3613426764,0.253214,0.429989,20.3561,0.8391,-0.1583,0.06109,0.721015,-6.089685,164,0.602631,2674.6985,0.125137,0
544,23.2107,8090.5,7590.7989,17613.28,-6.7237520251,0.31418,0.398711,17.5806,0.8693,-0.1098,0.066557,0.698539,-3.428517,152,0.619317,2872.6013,0.122696,0
545,23.2533,7861.77,7391.2085,17167.97,-5.8190339062,0.297975,0.46236,24.6706,0.8729,-0.2042,0.055837,0.677194,-3.909321,150,0.624839,2497.1136,0.117324,0
546,23.296,8118.16,7528.8362,17542.97,-6.2903564892,0.319516,0.436779,20.2566,0.828,-0.2183,0.059956,0.69833,-3.52389,149,0.616362,2689.921,0.115004,0
547,23.3387,8357.94,7580.781,17953.12,-5.565241791,0.3764,0.480133,25.4941,0.7793,-0.3901,0.053106,0.68831,-2.912002,152,0.60626,2445.7862,0.118178,0
548,23.3813,8241.99,7531.8603,17636.72,-6.1082647321,0.358914,0.445166,21.4774,0.8235,-0.2471,0.05858,0.69836,-3.933505,137,0.618073,2638.4273,0.120986,0
549,23.424,8503.49,7610.5023,17859.38,-7.1060374825,0.252406,0.37575,15.4079,0.8283,-0.0804,0.07085,0.735978,-7.154111,144,0.59852,3024.809,0.127091,0
550,23.4667,8378.78,7565.2315,17835.94,-6.3824358375,0.313688,0.42167,20.2148,0.8074,-0.1916,0.062504,0.712654,-4.105535,155,0.597708,2780.3388,0.119399,0
551,23.5093,8388.35,7606.3734,17730.47,-6.3526270993,0.272744,0.432756,20.5143,0.8014,-0.2173,0.060626,0.710356,-5.337139,156,0.600908,2674.8582,0.111586,0
552,23.552,8103.2,7520.929,17589.84,-5.5348797487,0.245822,0.481082,26.3934,0.8058,-0.355,0.052963,0.672245,-1.566408,154,0.610813,2480.8367,0.116958,0
553,23.5947,7920.02,7473.6744,17296.88,-5.8406829407,0.381,0.460422,25.3417,0.8462,-0.2262,0.056141,0.670565,-8.241136,153,0.597018,2586.0883,0.111952,0
554,23.6373,7928.6,7425.431,17250.0,-5.9684340226,0.265724,0.457635,24.5033,0.8842,-0.1326,0.05658,0.68365,-5.360116,144,0.608868,2506.7998,0.113906,0
555,23.68,7967.86,7555.3076,17566.41,-6.3168523421,0.165413,0.429333,21.9639,0.8853,-0.1178,0.061201,0.688472,-2.190857,156,0.593211,2685.6554,0.117446,0
556,23.7227,8133.28,7438.7626,17554.69,-5.4119106868,0.352017,0.495811,28.3341,0.7902,-0.3877,0.050781,0.639342,-8.54992,141,0.623641,2390.2719,0.109877,0
557,23.7653,8364.9,7434.4341,17449.22,-5.6937855377,0.202178,0.479513,25.6355,0.7857,-0.2791,0.0532,0.687543,-7.855863,162,0.607334,2495.2804,0.121719,0
558,23.808,8112.53,7511.6786,17437.5,-6.6841148987,0.237163,0.400263,18.7325,0.8673,-0.0639,0.066276,0.696182,-1.493145,150,0.650693,2784.9334,0.124039,0
559,23.8507,8176.75,7529.2632,17601.56,-6.0183799632,0.321474,0.454635,23.2102,0.8335,-0.2101,0.057056,0.689365,-3.632105,158,0.630065,2684.3929,0.116958,0
560,23.8933,8142.99,7402.9465,17343.75,-6.1681274387,0.324253,0.448536,20.1215,0.8461,-0.1545,0.058034,0.707335,-6.060732,173,0.593559,2704.8658,0.119033,0
561,23.936,7674.64,7356.1084,17085.94,-5.3998568414,0.387831,0.487949,29.3215,0.8534,-0.3509,0.051938,0.646674,-2.187507,164,0.637206,2136.0539,0.111342,0
562,23.9787,8128.82,7513.9974,17519.53,-6.6428033027,0.27752,0.406404,18.3182,0.8816,-0.063,0.065174,0.713185,-4.682991,158,0.671916,2930.6719,0.116103,0
563,24.0213,8277.07,7533.4055,17671.88,-5.8161381218,0.431413,0.463544,23.1274,0.8138,-0.2712,0.055652,0.67659,-2.427346,125,0.630642,2654.8563,0.123916,0
564,24.064,8350.58,7561.9905,17695.31,-6.3826155887,0.359139,0.425858,20.2371,0.8304,-0.1465,0.061789,0.706307,-3.838467,165,0.61318,2702.4979,0.123428,0
565,24.1067,8270.4,7551.2356,17742.19,-7.1970853344,0.241322,0.371212,15.0484,0.9023,0.0887,0.07173,0.727865,-6.572551,138,0.59826,2920.3529,0.125137,0
566,24.1493,8311.47,7543.5918,17730.47,-6.2537851654,0.299385,0.439181,21.161,0.8179,-0.2158,0.059559,0.719451,-4.559073,157,0.578777,2623.1308,0.118789,0
567,24.192,8212.46,7559.6861,17753.91,-6.6239950163,0.223045,0.406672,19.3539,0.8787,-0.0475,0.065126,0.713621,-4.806233,159,0.587473,2870.0452,0.117324,0
568,24.2347,8385.33,7514.2087,17765.62,-6.8982821928,0.505867,0.390371,15.8626,0.87,-0.0098,0.068087,0.735553,-6.028977,148,0.607221,2788.1096,0.126602,0
569,24.2773,8117.09,7487.0954,17484.38,-6.1966141464,0.300305,0.44499,21.4643,0.8538,-0.1655,0.058608,0.699033,-3.230605,144,0.620926,2650.0702,0.119644,0
570,24.32,7910.21,7465.3824,17226.56,-6.2623759974,0.205149,0.434061,21.5985,0.8856,-0.0952,0.060408,0.684933,-2.864914,165,0.633675,2786.9843,0.115126,0
571,24.3627,8174.34,7475.8067,17683.59,-5.8829449436,0.266619,0.473475,25.1762,0.8208,-0.2732,0.054117,0.702887,-7.606673,139,0.606449,2522.3413,0.113173,0
572,24.4053,8010.9,7573.6238,17484.38,-6.610153628,0.345925,0.399127,18.8551,0.9014,-0.0264,0.066481,0.685505,-5.31764,139,0.610054,2771.3889,0.107557,0
573,24.448,8031.87,7502.3794,17437.5,-6.0732096197,0.328591,0.449346,21.3548,0.8642,-0.1631,0.057903,0.686946,-3.101511,154,0.597143,2713.1501,0.117934,0
574,24.4907,8430.52,7581.9482,17824.22,-6.7893094895,0.228088,0.393189,17.8754,0.8515,-0.0078,0.067566,0.720685,-3.306837,150,0.611872,2915.2821,0.122207,0
575,24.5333,8075.84,7476.6741,17496.09,-5.755970105,0.308906,0.468624,23.9256,0.8554,-0.2056,0.054863,0.689897,-1.161656,163,0.605921,2549.1168,0.118056,0
576,24.576,8186.58,7457.3596,17449.22,-6.0368451497,0.22618,0.454776,23.3801,0.8252,-0.1985,0.057034,0.703682,-2.750463,155,0.618244,2679.289,0.119155,0
577,24.6187,8142.55,7497.8603,17472.66,-6.6719178814,0.445345,0.403338,18.706,0.861,-0.0547,0.065722,0.699536,-5.613481,153,0.599115,2826.9167,0.123062,0
578,24.6613,7899.06,7475.643,17367.19,-5.9206090212,0.18169,0.458394,25.0571,0.8778,-0.1515,0.05646,0.671542,-9.196685,142,0.616181,2526.4547,0.123916,0
579,24.704,8187.8,7447.6951,17402.34,-5.4507170121,0.329514,0.490836,28.2099,0.786,-0.3727,0.051511,0.672625,-0.958956,173,0.615621,2538.7596,0.124039,0
580,24.7467,8028.02,7521.372,17554.69,-6.2552167711,0.220597,0.437906,22.0963,0.8642,-0.1455,0.05977,0.686843,-6.209271,152,0.604804,2613.5507,0.111952,0
581,24.7893,8018.28,7429.8074,17425.78,-5.2454021104,0.216839,0.510741,31.4475,0.8283,-0.3281,0.048633,0.646687,-1.336092,138,0.598342,2356.531,0.108656,0
582,24.832,8210.11,7517.1609,17707.03,-6.1418390328,0.300013,0.440224,20.9224,0.8328,-0.222,0.059388,0.701636,-5.638194,154,0.621251,2670.5095,0.118545,0
583,24.8747,7929.92,7518.278,17414.06,-6.1038157124,0.316846,0.43893,21.6014,0.8886,-0.1184,0.059601,0.680546,-3.987486,148,0.624162,2617.6432,0.114394,0
584,24.9173,8138.21,7504.7102,17683.59,-5.9030742304,0.327759,0.466377,24.2789,0.8167,-0.2864,0.055211,0.680505,-1.970799,147,0.629844,2557.7712,0.117812,0
585,24.96,8156.21,7540.6346,17554.69,-6.2556967093,0.238141,0.429641,20.665,0.8581,-0.1127,0.061149,0.696298,-1.490433,161,0.598053,2671.3464,0.120498,0
586,25.0027,8254.54,7460.501,17578.12,-6.0304272675,0.315832,0.458477,22.7205,0.8302,-0.1674,0.056447,0.705727,-2.648897,168,0.586474,2527.4886,0.119277,0
587,25.0453,8248.16,7524.565,17636.72,-6.5271788554,0.27085,0.418301,19.7445,0.844,-0.1197,0.063085,0.712224,-4.461125,140,0.609384,2663.6148,0.123794,0
588,25.088,8205.15,7399.779,17542.97,-5.3967438714,0.259529,0.504545,27.6544,0.7801,-0.4104,0.049517,0.672095,-2.774775,137,0.604035,2330.0292,0.125626,0
589,25.1307,8491.36,7490.3265,17601.56,-6.3732949985,0.333429,0.428004,19.8095,0.7943,-0.1804,0.061425,0.712776,-3.193082,161,0.595181,2836.7929,0.123428,0
590,25.1733,8246.8,7432.8716,17625.0,-5.3557251825,0.269989,0.510111,29.6482,0.771,-0.423,0.048723,0.673897,-1.868933,158,0.623306,2459.2573,0.128678,0
591,25.216,8553.13,7642.8063,17917.97,-6.8231733677,0.244405,0.396101,17.9479,0.7971,-0.1511,0.067032,0.720861,-2.420271,139,0.562882,2762.7449,0.126602,0
592,25.2587,8016.4,7458.6352,17250.0,-5.8043942361,0.312036,0.465396,25.0836,0.8092,-0.3266,0.055363,0.65547,-1.166285,157,0.620034,2519.6827,0.116103,0
593,25.3013,8093.73,7536.953,17554.69,-5.7894574163,0.22125,0.473414,24.7666,0.8157,-0.3015,0.054127,0.682329,-4.401293,141,0.635597,2423.7348,0.117202,0
594,25.344,8307.5,7458.7376,17707.03,-5.6660374101,0.291167,0.483671,25.8969,0.779,-0.3598,0.052575,0.691326,-2.694605,145,0.605445,2441.7334,0.123794,0
595,25.3867,8294.77,7629.0218,17625.0,-6.8191877837,0.233837,0.398666,18.4252,0.8374,-0.1079,0.066565,0.712051,-7.025791,160,0.58474,2878.2177,0.127701,0
596,25.4293,8356.01,7458.6144,17589.84,-5.9769112992,0.256344,0.463624,22.0795,0.7955,-0.255,0.055639,0.719067,-3.873663,141,0.600914,2699.4112,0.127701,0
597,25.472,8122.72,7527.9332,17472.66,-6.3209313727,0.226933,0.432434,20.9741,0.8514,-0.1596,0.06068,0.696009,-8.699536,158,0.618231,2667.7633,0.121963,0
598,25.5147,8109.01,7498.8132,17460.94,-6.1339768805,0.304181,0.446196,23.32,0.8524,-0.152,0.058412,0.691464,-6.418049,160,0.602461,2644.3717,0.118911,0
599,25.5573,8026.05,7459.309,17449.22,-5.9636420523,0.256019,0.458006,24.1053,0.8539,-0.1977,0.056521,0.679494,-2.387124,146,0.593638,2586.2781,0.115493,0
600,25.6,7946.17,7453.717,17390.62,-5.5678952514,0.318263,0.488325,26.4505,0.8238,-0.3735,0.051882,0.672171,-1.61693,158,0.622331,2393.4981,0.105604,0
601,25.6427,8363.19,7603.5519,17660.16,-7.135756325,0.216067,0.373463,15.3316,0.8298,-0.0944,0.071292,0.722951,-7.220952,153,0.628307,2926.3153,0.113173,0
602,25.6853,8209.16,7481.2112,17343.75,-6.260320839,0.327384,0.43564,20.9028,0.8531,-0.0861,0.060145,0.70031,-5.449152,160,0.603,2725.6864,0.116103,0
603,25.728,7946.31,7463.5883,17308.59,-6.1762992488,0.247111,0.446265,23.056,0.8828,-0.0876,0.058401,0.684493,-1.504067,167,0.611812,2568.0425,0.104871,0
604,25.7707,7979.46,7529.504,17460.94,-6.4864598148,0.247935,0.418211,21.1281,0.8899,-0.0563,0.063101,0.683843,-4.415026,129,0.613842,2721.2991,0.109633,0
605,25.8133,8095.13,7605.3666,17660.16,-6.6539242103,0.20179,0.407611,18.4698,0.884,-0.0329,0.064959,0.70176,-6.382028,154,0.606425,2877.5129,0.117812,0
606,25.856,8166.79,7536.3377,17683.59,-5.9835748009,0.28286,0.45352,23.0166,0.7992,-0.3217,0.057234,0.693176,-4.474454,167,0.629943,2613.8301,0.110853,0
607,25.8987,8106.31,7468.9479,17531.25,-5.3495680127,0.291838,0.496782,29.3936,0.7688,-0.4556,0.050639,0.654682,-2.420417,154,0.593413,2352.5839,0.106336,0
608,25.9413,8083.39,7568.1854,17578.12,-6.1052058862,0.221698,0.445179,23.2041,0.8542,-0.1888,0.058578,0.694375,-3.144174,162,0.623906,2619.3589,0.114882,0
609,25.984,8172.41,7519.2396,17460.94,-6.174957422,0.25175,0.439703,21.67,0.8431,-0.1833,0.059473,0.704123,-1.93942,159,0.60322,2570.1377,0.117202,0
610,26.0267,8301.07,7540.6891,17648.44,-6.709510342,0.260255,0.406356,18.3373,0.8628,-0.0502,0.065182,0.716218,-1.826176,160,0.598746,2887.1367,0.124039,0
611,26.0693,8317.32,7533.8009,17625.0,-6.4740833173,0.248506,0.427827,19.0449,0.8415,-0.1215,0.061455,0.722938,-3.784503,155,0.580435,2718.2735,0.13466,0
612,26.112,8244.82,7479.853,17472.66,-5.9942386788,0.323683,0.44819,21.7086,0.8118,-0.2532,0.05809,0.703532,-6.489791,147,0.612615,2607.0614,0.122696,0
613,26.1547,8085.47,7536.6608,17707.03,-5.273482155,0.38115,0.499607,29.9032,0.7996,-0.4476,0.050229,0.659645,-2.768802,154,0.619756,2358.2546,0.107679,0
614,26.1973,8058.31,7539.4905,17519.53,-6.1920765081,0.31769,0.443553,21.4143,0.8616,-0.1699,0.058842,0.684661,-4.95958,157,0.587771,2584.9775,0.103772,0
615,26.24,8030.7,7503.766,17578.12,-5.9456217145,0.374371,0.457809,24.2678,0.8507,-0.2234,0.056553,0.680318,-5.841067,139,0.619549,2450.0688,0.110731,0
616,26.2827,8151.37,7589.0987,17707.03,-6.7643431531,0.367499,0.394241,17.5199,0.8893,-0.0175,0.067373,0.69977,-3.357369,172,0.632707,2884.6007,0.116958,0
617,26.3253,7947.14,7451.6756,17390.62,-5.6715555092,0.33512,0.48238,26.5937,0.8368,-0.2988,0.052769,0.674729,-6.296616,148,0.628489,2531.1249,0.105848,0
618,26.368,7951.08,7529.4798,17496.09,-6.3565959298,0.287091,0.422424,20.9386,0.8776,-0.1086,0.062375,0.670767,-5.064974,162,0.607156,2654.8124,0.104505,0
619,26.4107,8120.89,7480.3766,17402.34,-6.5179418915,0.262018,0.424091,20.275,0.8817,-0.0789,0.06209,0.722052,-4.694769,139,0.63331,2705.8227,0.127823,0
620,26.4533,8369.8,7514.7662,17800.78,-6.3839335322,0.34328,0.428766,20.5021,0.8475,-0.1261,0.061297,0.737001,-5.28134,149,0.604584,2788.38,0.129777,0
621,26.496,7942.67,7441.7937,17203.12,-6.1970407277,0.205854,0.446128,22.8035,0.8755,-0.144,0.058423,0.699741,-5.224764,159,0.599377,2624.161,0.116103,0
622,26.5387,8101.62,7572.3824,17671.88,-6.2187324137,0.273156,0.443955,21.7664,0.8483,-0.1965,0.058777,0.704146,-6.372137,146,0.60095,2660.1502,0.11769,0
623,26.5813,8353.34,7556.5698,17683.59,-5.6568860156,0.407438,0.483555,25.6523,0.7579,-0.4057,0.052592,0.685682,-5.012368,161,0.572533,2556.1449,0.123184,0
624,26.624,8197.29,7621.4979,17730.47,-6.7739432714,0.220512,0.397147,17.0789,0.8586,-0.1166,0.066841,0.708989,-6.447399,170,0.611084,2722.8772,0.121719,0
625,26.6667,8224.49,7548.9213,17660.16,-6.9368141248,0.269764,0.385758,16.4026,0.8534,-0.0975,0.068948,0.714875,-6.969809,150,0.638909,2824.5839,0.116958,0
626,26.7093,8321.83,7419.5859,17589.84,-5.534327068,0.240895,0.487754,26.1388,0.7693,-0.3663,0.051966,0.696218,-1.817031,150,0.63882,2509.4182,0.121963,0
627,26.752,8207.94,7649.8329,17906.25,-6.3246440006,0.334972,0.433022,20.5523,0.8287,-0.2376,0.060582,0.697795,-3.701485,154,0.617931,2735.512,0.125259,0
628,26.7947,8218.04,7516.4123,17824.22,-5.0654613847,0.241278,0.514097,31.2088,0.754,-0.5341,0.048159,0.646713,-1.517467,170,0.592226,2281.4062,0.119155,0
629,26.8373,8054.56,7520.4402,17414.06,-6.7708573374,0.208087,0.402526,18.6543,0.9059,0.0466,0.065868,0.700178,-5.671057,164,0.612636,2838.4114,0.119277,0
630,26.88,8053.01,7455.8306,17425.78,-5.4493859739,0.264248,0.496104,29.2733,0.8058,-0.3439,0.050738,0.664205,-6.802406,144,0.612351,2494.763,0.120742,0
631,26.9227,8083.53,7478.2544,17531.25,-5.9592166869,0.190477,0.457318,22.7666,0.8195,-0.2597,0.05663,0.691036,-4.198167,161,0.593728,2590.6465,0.121963,0
632,26.9653,8203.7,7559.7037,17625.0,-6.7922205997,0.266843,0.389744,17.1332,0.8633,-0.0862,0.068203,0.706735,-5.63367,151,0.627307,3000.586,0.121353,0
633,27.008,7975.3,7400.6684,17332.03,-6.0530978096,0.316899,0.458631,24.4067,0.8447,-0.1814,0.056423,0.675552,-4.501109,161,0.606737,2618.5154,0.120254,0
634,27.0507,8308.54,7515.9769,17765.62,-6.9251881671,0.226563,0.389298,16.4998,0.851,-0.0708,0.068286,0.71186,-2.71935,165,0.623877,2902.5171,0.113417,0
635,27.0933,8092.2,7480.7131,17531.25,-5.9687547943,0.207913,0.460725,22.7366,0.8395,-0.2164,0.056093,0.696434,-3.167913,145,0.592802,2754.7714,0.112929,0
636,27.136,8278.17,7507.884,17671.88,-6.4818729407,0.30063,0.42183,19.8608,0.8362,-0.1571,0.062477,0.717255,-4.325946,161,0.609158,2785.7205,0.115004,0
637,27.1787,8068.32,7548.5504,17566.41,-6.506193908,0.343465,0.416001,18.626,0.8768,-0.0987,0.063484,0.695545,-7.618862,122,0.622471,2591.45,0.114394,0
638,27.2213,8159.08,7499.111,17402.34,-6.5432605362,0.284834,0.423596,20.4697,0.8717,-0.0229,0.062175,0.709273,-2.854876,151,0.616172,2673.3984,0.124893,0
639,27.264,8129.92,7448.2054,17414.06,-5.9864984236,0.312313,0.455115,23.0094,0.8202,-0.2493,0.05698,0.697431,-4.166546,151,0.599692,2655.2771,0.126358,0
640,27.3067,8114.1,7460.2653,17531.25,-5.3954112014,0.207512,0.502808,29.0866,0.7832,-0.4051,0.049766,0.64372,-2.710935,164,0.624341,2366.5549,0.117324,0
641,27.3493,8427.04,7553.6377,17707.03,-6.2955155712,0.290405,0.433858,20.1955,0.8005,-0.203,0.060442,0.712209,-6.270854,152,0.60409,2651.4165,0.116958,0
642,27.392,8377.73,7526.0815,17589.84,-6.4641842409,0.25429,0.424866,20.242,0.8217,-0.1614,0.061958,0.717255,-3.895429,157,0.596006,2778.2588,0.123062,0
643,27.4347,8151.61,7557.0331,17671.88,-6.588868027,0.272215,0.405567,17.5742,0.89,-0.0268,0.065323,0.703274,-7.576194,149,0.611082,2797.4682,0.119155,0
644,27.4773,8128.03,7475.3621,17449.22,-6.0531798424,0.333662,0.44046,21.4455,0.8364,-0.2189,0.059349,0.681244,-2.082845,166,0.658244,2491.276,0.116836,0
645,27.52,8335.79,7580.1188,17671.88,-7.249097796,0.309706,0.368089,14.7081,0.8646,0.0195,0.072341,0.724729,-6.373328,164,0.627734,2947.549,0.12355,0
646,27.5627,8258.64,7473.3884,17496.09,-6.4527202376,0.231155,0.432079,19.8791,0.8359,-0.1307,0.06074,0.714697,-3.536761,145,0.603508,2694.061,0.123428,0
647,27.6053,8095.54,7459.7249,17355.47,-6.7934090249,0.242767,0.393497,17.686,0.9089,0.0326,0.06751,0.71611,-5.39226,162,0.649925,2861.4495,0.119033,0
648,27.648,8113.28,7587.8291,17507.81,-6.6238833177,0.277895,0.403873,18.2038,0.8629,-0.0885,0.065626,0.694495,-6.5193,140,0.663643,2787.952,0.11708,0
649,27.6907,7965.93,7386.5831,17273.44,-6.0440291607,0.318143,0.452524,24.4993,0.8767,-0.1399,0.057393,0.693217,-1.671066,179,0.616566,2724.9279,0.116713,0
650,27.7333,8246.46,7515.8877,17625.0,-6.2781653498,0.252081,0.43864,20.2542,0.8651,-0.1065,0.059649,0.713227,-5.288915,153,0.625361,2578.6112,0.124039,0
651,27.776,8456.21,7603.9481,17835.94,-6.6517735254,0.314267,0.407281,18.3931,0.8097,-0.149,0.065018,0.705791,-5.06399,146,0.598175,2796.7238,0.130387,0
652,27.8187,8322.25,7558.6458,17730.47,-6.9920791264,0.200907,0.386623,15.4698,0.858,-0.0696,0.068785,0.729304,-5.186349,149,0.607077,2913.0769,0.128922,0
653,27.8613,8145.49,7507.5721,17484.38,-6.4217754155,0.343834,0.4254,20.1966,0.8541,-0.1425,0.061867,0.710657,-4.841611,158,0.62952,2697.0717,0.122085,0
654,27.904,8052.26,7430.8973,17320.31,-6.2504446619,0.301363,0.444259,21.7223,0.8414,-0.1874,0.058727,0.699951,-5.078802,143,0.589716,2579.515,0.115981,0
655,27.9467,8073.92,7437.2421,17519.53,-5.5409079047,0.221417,0.491877,27.0871,0.8187,-0.3561,0.051357,0.682482,-1.959872,152,0.603768,2367.2535,0.116958,0
656,27.9893,8082.1,7527.4906,17695.31,-5.9256833069,0.319236,0.452989,24.078,0.8494,-0.2184,0.057319,0.665172,-0.474405,152,0.643321,2544.0586,0.120498,0
657,28.032,8283.81,7548.2591,17777.34,-5.7202249062,0.216921,0.470843,25.8903,0.7646,-0.4085,0.054521,0.674978,-6.49969,147,0.624245,2474.3497,0.122451,0
658,28.0747,8313.07,7556.5875,17671.88,-6.6784034281,0.21793,0.407063,18.1916,0.8483,-0.0893,0.065056,0.713835,-2.712192,153,0.645946,2851.783,0.124405,0
659,28.1173,8191.19,7561.7942,17707.03,-5.9434466167,0.185432,0.457588,23.1213,0.8292,-0.2544,0.056588,0.686249,-1.642776,172,0.618834,2524.0465,0.12062,0
660,28.16,7873.13,7469.0975,17531.25,-5.877453749,0.313496,0.463361,25.2164,0.8692,-0.2014,0.05568,0.668377,-3.719722,143,0.6284,2442.9494,0.118423,0
661,28.2027,7967.98,7443.2921,17214.84,-6.1311675055,0.236468,0.444089,21.3427,0.8686,-0.1556,0.058755,0.697755,-2.442882,167,0.595893,2612.5636,0.118911,0
662,28.2453,8263.7,7623.7714,17812.5,-6.7803214308,0.180464,0.402475,17.9626,0.8454,-0.0996,0.065877,0.712423,-7.400713,133,0.596337,2765.7773,0.113295,0
663,28.288,8056.87,7616.9697,17554.69,-6.2066926757,0.251424,0.439814,21.8425,0.8618,-0.155,0.059455,0.675073,-5.291821,163,0.586629,2597.6896,0.113539,0
664,28.3307,8124.3,7564.3874,17765.62,-6.5379692592,0.345367,0.41081,18.4399,0.8895,-0.0715,0.064393,0.695355,-4.970247,160,0.612531,2761.2986,0.121597,0
665,28.3733,8178.11,7504.1672,17578.12,-6.4114085978,0.311112,0.42316,18.9082,0.853,-0.14,0.062249,0.708315,-5.171266,136,0.60189,2669.9336,0.122085,0
666,28.416,8311.53,7584.2958,17707.03,-6.8505459618,0.325255,0.391652,17.5472,0.8881,0.0115,0.06785,0.720905,-5.251805,150,0.604586,2761.8335,0.124405,0
667,28.4587,8299.75,7553.7357,17707.03,-6.6420842311,0.371715,0.40947,17.7441,0.8548,-0.0984,0.06463,0.712413,-3.567856,158,0.584533,2697.1818,0.12648,0
668,28.5013,8241.04,7553.9905,17636.72,-6.3337799269,0.19294,0.434829,20.4786,0.8374,-0.1797,0.06028,0.705297,-5.508817,137,0.594453,2634.3899,0.119888,0
669,28.544,8063.75,7498.9646,17496.09,-6.6349344396,0.254137,0.41212,18.2758,0.8933,-0.0433,0.064163,0.711251,-7.939396,156,0.602279,2903.1154,0.125259,0
670,28.5867,8283.68,7601.2403,17742.19,-6.7466615228,0.222072,0.408108,18.2743,0.8783,-0.0378,0.064871,0.727032,-8.789471,147,0.598402,2826.8473,0.126847,0
671,28.6293,8321.08,7528.607,17718.75,-6.1298649394,0.187691,0.44455,22.5448,0.8203,-0.1921,0.05868,0.705409,-4.604707,151,0.572259,2663.168,0.124771,0
672,28.672,8374.38,7503.8077,17671.88,-6.8983291201,0.226473,0.38441,15.6938,0.8459,-0.0485,0.069201,0.722268,-5.068004,155,0.616828,2869.6898,0.118056,0
673,28.7147,8029.14,7516.905,17437.5,-6.1810525015,0.285561,0.441783,21.2297,0.8507,-0.1769,0.059132,0.681316,-5.859463,155,0.608143,2601.4656,0.116225,0
674,28.7573,8129.75,7443.0277,17578.12,-6.2155164473,0.442678,0.440169,20.6056,0.8948,-0.0683,0.059397,0.711879,-3.624378,144,0.637141,2604.8935,0.113783,0
675,28.8,8113.33,7535.4959,17484.38,-6.2064872451,0.396882,0.432231,21.6752,0.8518,-0.1375,0.060714,0.684285,-5.567983,158,0.617684,2688.5969,0.107557,0
676,28.8427,8198.48,7511.9592,17566.41,-6.1230109914,0.252666,0.445256,22.3729,0.8426,-0.1649,0.058565,0.697772,-1.715049,140,0.591128,2617.3899,0.120742,0
677,28.8853,8351.64,7546.5174,17695.31,-6.3041245012,0.26878,0.428969,19.3587,0.8399,-0.1403,0.061262,0.71342,-1.003145,159,0.610184,2772.9592,0.121231,0
678,28.928,8122.52,7450.2716,17437.5,-5.5490311993,0.262007,0.501479,28.3509,0.8093,-0.3387,0.049958,0.676364,-2.298839,149,0.600667,2327.8034,0.118423,0
679,28.9707,8109.5,7535.732,17484.38,-6.6958355094,0.309057,0.392778,17.8185,0.8881,-0.0392,0.067642,0.702655,-1.563484,163,0.606303,2800.2632,0.11708,0
680,29.0133,8085.51,7513.386,17402.34,-6.8244719963,0.308751,0.395304,18.1911,0.8802,-0.035,0.067178,0.708558,-3.42343,169,0.620726,2860.2156,0.116469,0
681,29.056,8141.76,7620.0948,17636.72,-6.6009184611,0.262917,0.409464,19.0331,0.8691,-0.0841,0.064631,0.694873,-3.886306,140,0.625347,2748.9663,0.122696,0
682,29.0987,8414.56,7552.4313,17789.06,-5.9117652155,0.255916,0.456327,23.9036,0.7827,-0.2937,0.056787,0.695206,-3.08779,142,0.584249,2640.6438,0.124405,0
683,29.1413,8251.31,7497.1831,17683.59,-5.9884992185,0.373606,0.453066,22.4878,0.8313,-0.2138,0.057306,0.705685,-8.770381,121,0.635894,2565.975,0.124283,0
684,29.184,8326.36,7581.9364,17824.22,-6.2937236592,0.271804,0.43519,21.0324,0.812,-0.205,0.06022,0.705069,-3.487419,139,0.578874,2791.4522,0.128678,0
685,29.2267,8422.23,7573.3601,17730.47,-6.7762459609,0.245887,0.404077,18.5271,0.8374,-0.0843,0.065589,0.734596,-4.258516,137,0.585855,2809.4674,0.131486,0
686,29.2693,8218.47,7442.6479,17777.34,-5.9516543562,0.212795,0.46531,23.6238,0.8391,-0.2289,0.055376,0.701624,-1.439327,156,0.593781,2535.1442,0.123428,0
687,29.312,8152.97,7504.0944,17625.0,-6.269019985,0.332829,0.431119,19.7584,0.8514,-0.1578,0.060901,0.700591,-2.705414,165,0.614478,2669.3952,0.118056,0
688,29.3547,8238.17,7572.9042,17531.25,-6.587320679,0.22975,0.412624,19.238,0.8595,-0.0668,0.064074,0.704689,-4.085488,169,0.611733,2863.5875,0.119766,0
689,29.3973,7814.1,7492.7121,17238.28,-6.5161970578,0.267965,0.414462,19.2147,0.9389,0.0282,0.063752,0.681281,-3.27407,145,0.601104,2694.3599,0.122207,0
690,29.44,8149.3,7467.2497,17449.22,-5.3005650346,0.233872,0.509287,29.4597,0.7615,-0.4633,0.04884,0.651818,-2.256076,147,0.607918,2272.8577,0.119766,0
691,29.4827,8350.84,7510.5364,17601.56,-6.7913046329,0.284063,0.403111,17.6027,0.8595,-0.0261,0.065763,0.720869,-2.312467,136,0.614384,2793.6874,0.121231,0
692,29.5253,8110.3,7500.5491,17578.12,-6.0339720264,0.293389,0.454427,22.8148,0.8489,-0.1988,0.057089,0.704549,-5.277057,175,0.580843,2589.2688,0.125015,0
693,29.568,8214.3,7553.2167,17707.03,-6.8778208351,0.295829,0.39197,17.1037,0.8639,-0.0709,0.067791,0.715965,-4.257157,155,0.595669,2692.2183,0.116469,0
694,29.6107,8323.28,7536.754,17824.22,-6.7611492796,0.253739,0.407875,17.7167,0.8618,-0.0765,0.064912,0.730146,-4.105481,158,0.594436,2715.3334,0.118301,0
695,29.6533,8415.15,7633.4782,17835.94,-6.8886520832,0.315006,0.387777,16.2657,0.8252,-0.1286,0.06857,0.726664,-6.436842,147,0.587623,2901.8129,0.126724,0
696,29.696,8252.6,7545.5115,17601.56,-6.1377321628,0.346036,0.441813,21.786,0.8141,-0.2473,0.059127,0.700414,-1.51515,148,0.593606,2751.8657,0.121597,0
697,29.7387,8192.68,7497.7955,17531.25,-5.8695479188,0.260214,0.465368,25.6255,0.8101,-0.2879,0.055367,0.68325,-1.759589,150,0.598536,2566.6957,0.118545,0
698,29.7813,7830.34,7440.1147,17332.03,-6.4322576735,0.31679,0.426638,20.8286,0.9414,0.0322,0.061657,0.697028,-7.479483,166,0.607562,2747.0721,0.113295,0
699,29.824,8127.5,7529.6315,17507.81,-6.0273952574,0.245369,0.446969,22.3004,0.8289,-0.2161,0.058287,0.663505,-4.296439,148,0.631392,2603.1054,0.105604,0
700,29.8667,8149.14,7527.9381,17601.56,-6.2152391585,0.23587,0.439569,21.6949,0.8302,-0.1845,0.059496,0.685656,-2.103398,170,0.603519,2736.9162,0.10536,0
701,29.9093,7907.4,7455.5244,17507.81,-5.115507038,0.301671,0.514108,31.0595,0.8044,-0.4872,0.048158,0.633456,-1.937034,160,0.617057,2288.9047,0.109266,0
702,29.952,8198.97,7486.082,17390.62,-6.939937949,0.327105,0.391971,16.9938,0.9059,0.0884,0.067791,0.719876,-4.020898,138,0.623659,2715.9709,0.120986,0
703,29.9947,8236.32,7569.7135,17484.38,-6.5607621452,0.21726,0.417059,18.5379,0.834,-0.1319,0.0633,0.693554,-6.137741,158,0.594208,2704.2056,0.123062,0
704,30.0373,8475.79,7566.0187,17894.53,-6.3321322236,0.239262,0.429704,19.39,0.8132,-0.2121,0.061138,0.725379,-3.687744,163,0.595918,2639.2949,0.124527,0
705,30.08,8348.85,7598.5488,17824.22,-7.0721032346,0.225919,0.380962,15.8915,0.86,-0.0129,0.069853,0.732872,-5.878996,152,0.589353,2829.7438,0.126969,0
706,30.1227,8382.6,7585.4539,17671.88,-6.2107788341,0.297106,0.438078,20.8698,0.8013,-0.2607,0.059741,0.709118,-2.928942,158,0.579359,2599.7446,0.125504,0
707,30.1653,8305.81,7569.7747,17789.06,-6.8563735958,0.215324,0.393232,16.5788,0.8728,-0.0415,0.067559,0.729167,-3.737843,144,0.604824,2765.1303,0.130875,0
708,30.208,8381.22,7504.9472,17964.84,-5.4648354089,0.368236,0.49271,26.5964,0.7553,-0.4407,0.051235,0.68661,-3.777245,141,0.625678,2506.6418,0.126969,0
709,30.2507,8165.0,7466.5365,17683.59,-6.1942239413,0.247128,0.443606,20.4397,0.8395,-0.2107,0.058834,0.700151,-7.396166,147,0.606235,2689.1658,0.125137,0
710,30.2933,8208.16,7529.9222,17589.84,-6.292056086,0.344471,0.436507,20.8346,0.8653,-0.1116,0.060001,0.707166,-3.837629,153,0.625666,2738.5889,0.129899,0
711,30.336,8246.65,7478.5302,17566.41,-5.9348372614,0.266825,0.46311,22.9256,0.8206,-0.2615,0.055719,0.697285,-3.90317,155,0.626389,2510.9528,0.122696,0
712,30.3787,8134.19,7440.8057,17589.84,-5.6415381904,0.198419,0.487818,26.6143,0.8036,-0.3538,0.051957,0.692198,-4.047988,165,0.594766,2426.0083,0.115737,0
713,30.4213,8141.9,7530.1577,17601.56,-5.6171312834,0.493917,0.473092,25.0853,0.8243,-0.2861,0.054176,0.664017,-9.476015,152,0.613708,2394.9101,0.118545,0
714,30.464,8071.91,7465.1698,17449.22,-5.4306895421,0.310318,0.496574,29.2861,0.8142,-0.3529,0.050669,0.65838,-3.042475,135,0.630682,2350.7126,0.114882,0
715,30.5067,7865.13,7453.12,17378.91,-5.7287077048,0.291163,0.47098,27.0142,0.8491,-0.2748,0.0545,0.648929,-4.792599,151,0.592513,2498.5135,0.107557,0
716,30.5493,8200.99,7418.8585,17484.38,-5.4512368193,0.236276,0.497996,28.7079,0.7782,-0.3907,0.050462,0.666203,-5.441883,164,0.605053,2412.0473,0.113173,0
717,30.592,8378.13,7554.0337,17777.34,-6.3389391611,0.247711,0.427634,18.6198,0.8253,-0.1467,0.061488,0.710115,-3.50892,164,0.611253,2636.308,0.128434,0
718,30.6347,8258.82,7521.8995,17683.59,-5.7001347655,0.24484,0.474504,25.3545,0.7869,-0.3569,0.05396,0.676524,-3.552602,173,0.60621,2533.2593,0.12587,0
719,30.6773,8264.37,7496.8458,17578.12,-5.781020248,0.242682,0.473946,24.2527,0.7619,-0.3886,0.054045,0.683578,-6.474668,139,0.571181,2394.0835,0.122574,0
720,30.72,8036.82,7456.403,17343.75,-6.5507475401,0.290469,0.417712,19.5433,0.8886,-0.0147,0.063187,0.703212,-6.306303,147,0.594325,2718.9039,0.121841,0
721,30.7627,8158.31,7499.6872,17437.5,-6.3136478505,0.27955,0.428693,19.5055,0.8474,-0.1609,0.061309,0.688791,-5.296963,171,0.601671,2664.4278,0.119766,0
722,30.8053,8290.04,7485.9791,17613.28,-6.136162343,0.279413,0.44286,20.7233,0.8357,-0.1605,0.058956,0.71733,-4.034946,148,0.641185,2645.4269,0.127701,0
723,30.848,8380.84,7540.0464,17824.22,-6.5615865205,0.27322,0.41786,18.6811,0.8005,-0.2063,0.063161,0.718668,-3.211693,145,0.603166,2741.8097,0.129044,0
724,30.8907,8146.28,7584.839,17554.69,-6.8498935961,0.274594,0.39265,16.7785,0.8834,-0.025,0.067666,0.705333,-4.353875,155,0.596064,2815.0573,0.126358,0
725,30.9333,8416.99,7583.8893,17976.56,-6.8478990928,0.269599,0.394608,17.2064,0.8621,-0.0496,0.067306,0.732039,-3.640318,171,0.61914,2860.2836,0.12941,0
726,30.976,8159.74,7497.4001,17449.22,-6.427819857,0.249912,0.421085,19.39,0.8516,-0.1261,0.062605,0.698518,-2.78588,142,0.620017,2807.0334,0.128556,0
727,31.0187,8639.82,7660.6594,18046.88,-6.6320820863,0.316463,0.407723,18.2011,0.7917,-0.1766,0.064939,0.720681,-5.96293,160,0.644108,2731.0822,0.124893,0
728,31.0613,8095.66,7521.4565,17578.12,-5.9188350644,0.242673,0.465164,25.0608,0.8279,-0.2778,0.055399,0.688032,-2.373877,160,0.602904,2474.6499,0.121841,0
729,31.104,8013.2,7508.4388,17472.66,-6.2024923124,0.270805,0.440615,21.2713,0.8631,-0.1755,0.059323,0.688619,-2.295769,163,0.609935,2634.8832,0.116591,0
730,31.1467,8239.12,7534.4112,17589.84,-6.1280876033,0.327114,0.442013,22.6715,0.8287,-0.1971,0.059094,0.703322,-4.726074,152,0.614356,2703.9861,0.110731,0
731,31.1893,8105.75,7471.017,17589.84,-5.5197951413,0.149721,0.487133,25.8538,0.7836,-0.4202,0.052059,0.667466,-2.94587,165,0.624199,2376.1526,0.115859,0
732,31.232,8234.47,7493.3235,17496.09,-5.787078038,0.265468,0.464358,24.563,0.8216,-0.2423,0.055525,0.698895,-4.047055,163,0.631982,2628.4232,0.118789,0
733,31.2747,8225.66,7493.5875,17648.44,-6.1297907873,0.357367,0.444382,20.3696,0.8215,-0.235,0.058707,0.706948,-3.808666,159,0.59951,2817.6557,0.111342,0
734,31.3173,7814.97,7279.3535,17050.78,-5.2750020113,0.285746,0.509654,32.3745,0.8498,-0.3119,0.048787,0.645281,-1.155384,160,0.60961,2366.1034,0.112318,0
735,31.36,8221.16,7538.1671,17484.38,-6.6770884986,0.25452,0.410117,19.3165,0.8489,-0.1054,0.064515,0.717907,-2.553458,157,0.606814,2686.8877,0.116225,0
736,31.4027,7888.64,7450.582,17250.0,-5.8768192727,0.261731,0.467139,25.4158,0.8534,-0.2529,0.055092,0.685328,-10.592757,147,0.592448,2528.6543,0.118545,0
737,31.4453,8374.33,7544.8614,17718.75,-6.2831896872,0.257764,0.438834,20.4494,0.8132,-0.1737,0.059617,0.715182,-6.857807,143,0.587144,2599.7282,0.116591,0
738,31.488,8209.71,7616.715,17812.5,-6.5330459321,0.397337,0.41134,19.1453,0.8371,-0.1907,0.0643,0.693018,-2.600465,141,0.585525,2799.4037,0.120376,0
739,31.5307,8041.09,7568.1425,17648.44,-6.5859623081,0.27759,0.411479,18.6536,0.8813,-0.1025,0.064275,0.696011,-7.784827,156,0.603723,2745.5435,0.126847,0
740,31.5733,8380.81,7635.387,17882.81,-7.2202867252,0.246471,0.371556,14.7417,0.841,-0.099,0.071663,0.72862,-6.399941,154,0.609986,2840.5386,0.123184,0
741,31.616,8296.85,7626.1477,17976.56,-6.3483086146,0.23959,0.427968,20.0518,0.8065,-0.2663,0.061431,0.706368,-4.767247,165,0.584164,2754.8002,0.114028,0
742,31.6587,8220.45,7420.8584,17683.59,-4.940275655,0.247628,0.536481,35.7046,0.7374,-0.5734,0.045074,0.636065,-0.954522,129,0.617819,2153.4791,0.111342,0
743,31.7013,8173.28,7502.4294,17589.84,-5.6895831271,0.185041,0.471714,25.6737,0.8044,-0.2973,0.054387,0.666981,-3.455134,168,0.585989,2356.659,0.116225,0
744,31.744,8345.26,7509.1958,17683.59,-6.146028919,0.189787,0.446408,21.4323,0.8232,-0.1917,0.058378,0.708644,-4.520758,158,0.613529,2682.3904,0.120498,0
745,31.7867,8359.81,7625.9331,17859.38,-6.6307087418,0.292646,0.405554,17.7992,0.8102,-0.2415,0.065325,0.714165,-4.530987,141,0.583771,2878.9578,0.123184,0
746,31.8293,7996.91,7436.5359,17449.22,-4.7660915813,0.324068,0.538267,36.4674,0.7584,-0.588,0.044834,0.607841,-1.486599,145,0.608836,2024.3227,0.114882,0
747,31.872,7959.47,7386.0401,17402.34,-4.8516220385,0.370138,0.527943,35.6615,0.7819,-0.5486,0.046236,0.619685,-1.232225,151,0.599171,2222.1447,0.117446,0
748,31.9147,8124.26,7539.3703,17449.22,-6.0492641831,0.222848,0.447203,22.1793,0.8368,-0.1952,0.058249,0.680263,-6.334464,148,0.622835,2670.2745,0.121353,0
749,31.9573,8020.45,7508.1503,17507.81,-5.8861401108,0.303135,0.456282,23.1646,0.8356,-0.2578,0.056794,0.687294,-3.493089,154,0.615683,2613.5652,0.113906,0
750,32.0,8359.77,7644.6673,17847.66,-6.9133723429,0.258046,0.387898,16.8244,0.8624,-0.0526,0.068547,0.715811,-4.920847,171,0.594529,2818.2588,0.122207,0
751,32.0427,8220.46,7517.2756,17355.47,-6.2248560455,0.19499,0.435724,20.0001,0.8115,-0.2192,0.060131,0.692348,-4.977517,155,0.614843,2718.9768,0.119033,0
752,32.0853,8115.16,7512.3163,17542.97,-6.4926873758,0.248369,0.412435,19.3047,0.8753,-0.0761,0.064107,0.696877,-3.056206,145,0.607984,2830.3277,0.120864,0
753,32.128,8321.68,7470.6898,17636.72,-5.3297082736,0.19022,0.500518,29.1327,0.7561,-0.4536,0.050097,0.683427,-1.766425,161,0.617143,2406.5063,0.121353,0
754,32.1707,7985.25,7476.3044,17484.38,-6.0753495286,0.19296,0.45332,22.7116,0.8637,-0.1997,0.057266,0.700618,-4.765875,147,0.586922,2452.0501,0.12001,0
755,32.2133,8175.34,7509.9717,17367.19,-6.3962976166,0.400086,0.424039,19.6631,0.8323,-0.1432,0.062099,0.687633,-7.828488,140,0.614668,2755.5264,0.129288,0
756,32.256,8313.86,7628.1151,17683.59,-6.8728242092,0.362452,0.393443,17.0869,0.829,-0.1315,0.06752,0.711122,-2.617157,147,0.582721,2823.9113,0.121231,0
757,32.2987,8098.84,7537.1323,17484.38,-6.733205546,0.241903,0.398953,18.2944,0.857,-0.097,0.066513,0.701782,-2.354822,169,0.620844,2877.2591,0.119644,0
758,32.3413,8207.78,7467.2723,17566.41,-5.5595392657,0.218486,0.500347,29.6239,0.771,-0.4169,0.050122,0.682948,-3.922902,139,0.588153,2409.4594,0.12355,0
759,32.384,7979.14,7513.8358,17378.91,-6.3684002824,0.224845,0.422908,20.8433,0.8773,-0.0999,0.062292,0.68751,-6.418539,151,0.619596,2800.8142,0.122085,0
760,32.4267,8155.24,7605.7867,17648.44,-6.8046945908,0.288593,0.388552,16.6392,0.8842,-0.0725,0.068425,0.714612,-7.056966,162,0.630312,2803.2886,0.120132,0
761,32.4693,8134.62,7560.2954,17554.69,-6.7544785283,0.271613,0.40384,18.3172,0.8599,-0.1109,0.065632,0.700589,-3.736736,148,0.600626,2793.959,0.118178,0
762,32.512,7889.69,7342.0495,17132.81,-5.4355473098,0.290187,0.497418,29.028,0.8446,-0.3162,0.050546,0.664017,-1.912381,164,0.601181,2379.3704,0.115248,0
763,32.5547,8261.26,7560.2843,17812.5,-5.8471467752,0.328317,0.46209,23.4915,0.8105,-0.2795,0.055879,0.684157,-1.60165,167,0.623574,2559.3063,0.116103,0
764,32.5973,8138.2,7369.8093,17296.88,-5.0671102499,0.352868,0.524578,33.3813,0.7563,-0.4911,0.046698,0.642846,0.463496,145,0.592973,2305.8427,0.11708,0
765,32.64,8110.14,7431.6658,17554.69,-5.64862245,0.243153,0.483894,26.7128,0.826,-0.3052,0.052542,0.677811,-0.901345,145,0.624487,2549.7555,0.118056,0
766,32.6827,8247.72,7612.7481,17671.88,-6.8284993994,0.26556,0.39145,16.1843,0.854,-0.1003,0.067887,0.71225,-6.404441,163,0.620543,2878.0603,0.124649,0
767,32.7253,8455.45,7685.8346,17953.12,-7.0628576468,0.241935,0.382197,15.0305,0.852,-0.0928,0.069619,0.731625,-4.81402,147,0.593552,2856.4559,0.125137,0
768,32.768,8520.99,7662.4344,17953.12,-7.1318216232,0.245072,0.373454,16.1277,0.831,-0.0885,0.071294,0.741407,-7.04431,156,0.600196,2949.484,0.116713,0
769,32.8107,7958.56,7521.6677,17542.97,-6.762488795,0.242743,0.402458,17.1294,0.909,-0.015,0.06588,0.703055,-6.437362,168,0.613784,2822.8282,0.110975,0
770,32.8533,8154.12,7523.4866,17367.19,-6.4028056777,0.186044,0.424766,20.1686,0.8627,-0.099,0.061975,0.708307,-4.182264,156,0.621296,2774.2029,0.114028,0
771,32.896,8178.03,7578.5673,17765.62,-6.0683781983,0.260005,0.445345,21.2348,0.8094,-0.2902,0.058551,0.701717,-6.778162,166,0.619907,2656.1683,0.121719,0
772,32.9387,8250.4,7425.1557,17542.97,-5.2416282779,0.22257,0.517634,28.9894,0.7575,-0.4674,0.047663,0.654137,-5.425065,162,0.596166,2315.1871,0.118667,0
773,32.9813,8312.52,7529.4406,17660.16,-6.3285137648,0.206783,0.429869,20.3174,0.8479,-0.1033,0.061111,0.708775,-4.349656,150,0.59483,2696.425,0.108168,0
774,33.024,7959.66,7456.2521,17285.16,-5.9828026453,0.339712,0.455852,23.8136,0.8771,-0.1367,0.056863,0.686024,-1.776882,165,0.617625,2596.4435,0.114882,0
775,33.0667,8167.63,7478.3915,17625.0,-6.064654704,0.18528,0.454768,22.6872,0.8473,-0.1775,0.057035,0.704805,-3.205465,160,0.594514,2620.0774,0.121475,0
776,33.1093,8174.67,7554.8324,17683.59,-6.6950736212,0.368033,0.401296,18.3244,0.884,-0.0545,0.066089,0.710175,-3.775779,154,0.604267,2849.6322,0.128556,0
777,33.152,8532.2,7527.9787,17871.09,-6.3057777757,0.361379,0.435313,20.5518,0.788,-0.2145,0.0602,0.722559,-2.995657,185,0.617224,2658.7177,0.13173,0
778,33.1947,8058.89,7469.6604,17167.97,-6.33200034,0.411968,0.430606,20.2926,0.8684,-0.0858,0.060987,0.692942,-3.794506,154,0.60238,2616.67,0.115493,0
779,33.2373,7965.69,7475.9467,17425.78,-5.8410618935,0.253765,0.469154,24.8006,0.8574,-0.247,0.054781,0.68699,-4.686886,153,0.626621,2498.5102,0.112807,0
780,33.28,8107.1,7545.1876,17566.41,-6.6384160962,0.312199,0.411277,18.5558,0.8827,-0.061,0.064311,0.707541,-9.349788,150,0.586065,2721.38,0.122818,0
781,33.3227,8274.62,7555.2391,17636.72,-6.5195175192,0.252055,0.417056,17.8854,0.8208,-0.2116,0.063301,0.705315,-3.320879,167,0.610326,2763.4002,0.12355,0
782,33.3653,8389.92,7494.2032,17554.69,-5.9302640905,0.308612,0.460852,22.8408,0.7894,-0.2912,0.056073,0.706697,-1.85025,158,0.599447,2573.4348,0.120986,0
783,33.408,7925.44,7470.0638,17484.38,-6.2407141301,0.272172,0.439008,21.1059,0.8966,-0.1376,0.059588,0.706713,-4.554693,145,0.623058,2567.2287,0.12062,0
784,33.4507,8178.6,7554.0543,17636.72,-6.0457444563,0.321849,0.44467,22.5978,0.8385,-0.1972,0.05866,0.68536,-9.915667,146,0.614878,2737.9553,0.122451,0
785,33.4933,8111.71,7581.4739,17742.19,-5.5658920882,0.354796,0.475708,25.759,0.7939,-0.4271,0.053777,0.663531,-5.454104,128,0.643867,2441.4023,0.121231,0
786,33.536,7812.37,7401.1927,16968.75,-5.550442903,0.286095,0.495067,27.9994,0.8258,-0.3652,0.050889,0.647898,-10.394181,115,0.598794,1773.0086,0.072274,0
787,33.5787,7625.77,7394.9436,16734.38,-7.9797488973,0.277399,0.32483,11.7745,1.0603,0.3793,0.081391,0.741452,0.0,0,0.902979,349.3833,0.012697,0
788,33.6213,0.0,0.0,0.0,0.0,0.0,0.0,0.0,0.0,0.0,0.0,0.0,0.0,0,0.0,0.0,0.0,1
789,33.664,0.0,0.0,0.0,0.0,0.0,0.0,0.0,0.0,0.0,0.0,0.0,0.0,0,0.0,0.0,0.0,1
790,33.7067,0.0,0.0,0.0,0.0,0.0,0.0,0.0,0.0,0.0,0.0,0.0,0.0,0,0.0,0.0,0.0,1
791,33.7493,0.0,0.0,0.0,0.0,0.0,0.0,0.0,0.0,0.0,0.0,0.0,0.0,0,0.0,0.0,0.0,1
792,33.792,0.0,0.0,0.0,0.0,0.0,0.0,0.0,0.0,0.0,0.0,0.0,0.0,0,0.0,0.0,0.0,1
793,33.8347,0.0,0.0,0.0,0.0,0.0,0.0,0.0,0.0,0.0,0.0,0.0,0.0,0,0.0,0.0,0.0,1
794,33.8773,0.0,0.0,0.0,0.0,0.0,0.0,0.0,0.0,0.0,0.0,0.0,0.0,0,0.0,0.0,0.0,1
795,33.92,0.0,0.0,0.0,0.0,0.0,0.0,0.0,0.0,0.0,0.0,0.0,0.0,0,0.0,0.0,0.0,1
796,33.9627,0.0,0.0,0.0,0.0,0.0,0.0,0.0,0.0,0.0,0.0,0.0,0.0,0,0.0,0.0,0.0,1
797,34.0053,0.0,0.0,0.0,0.0,0.0,0.0,0.0,0.0,0.0,0.0,0.0,0.0,0,0.0,0.0,0.0,1
798,34.048,0.0,0.0,0.0,0.0,0.0,0.0,0.0,0.0,0.0,0.0,0.0,0.0,0,0.0,0.0,0.0,1
799,34.0907,0.0,0.0,0.0,0.0,0.0,0.0,0.0,0.0,0.0,0.0,0.0,0.0,0,0.0,0.0,0.0,1
800,34.1333,0.0,0.0,0.0,0.0,0.0,0.0,0.0,0.0,0.0,0.0,0.0,0.0,0,0.0,0.0,0.0,1
801,34.176,0.0,0.0,0.0,0.0,0.0,0.0,0.0,0.0,0.0,0.0,0.0,0.0,0,0.0,0.0,0.0,1
802,34.2187,0.0,0.0,0.0,0.0,0.0,0.0,0.0,0.0,0.0,0.0,0.0,0.0,0,0.0,0.0,0.0,1
803,34.2613,0.0,0.0,0.0,0.0,0.0,0.0,0.0,0.0,0.0,0.0,0.0,0.0,0,0.0,0.0,0.0,1
804,34.304,0.0,0.0,0.0,0.0,0.0,0.0,0.0,0.0,0.0,0.0,0.0,0.0,0,0.0,0.0,0.0,1
805,34.3467,0.0,0.0,0.0,0.0,0.0,0.0,0.0,0.0,0.0,0.0,0.0,0.0,0,0.0,0.0,0.0,1
806,34.3893,0.0,0.0,0.0,0.0,0.0,0.0,0.0,0.0,0.0,0.0,0.0,0.0,0,0.0,0.0,0.0,1
807,34.432,0.0,0.0,0.0,0.0,0.0,0.0,0.0,0.0,0.0,0.0,0.0,0.0,0,0.0,0.0,0.0,1
808,34.4747,0.0,0.0,0.0,0.0,0.0,0.0,0.0,0.0,0.0,0.0,0.0,0.0,0,0.0,0.0,0.0,1
809,34.5173,0.0,0.0,0.0,0.0,0.0,0.0,0.0,0.0,0.0,0.0,0.0,0.0,0,0.0,0.0,0.0,1
810,34.56,0.0,0.0,0.0,0.0,0.0,0.0,0.0,0.0,0.0,0.0,0.0,0.0,0,0.0,0.0,0.0,1
811,34.6027,0.0,0.0,0.0,0.0,0.0,0.0,0.0,0.0,0.0,0.0,0.0,0.0,0,0.0,0.0,0.0,1
812,34.6453,0.0,0.0,0.0,0.0,0.0,0.0,0.0,0.0,0.0,0.0,0.0,0.0,0,0.0,0.0,0.0,1
813,34.688,0.0,0.0,0.0,0.0,0.0,0.0,0.0,0.0,0.0,0.0,0.0,0.0,0,0.0,0.0,0.0,1
814,34.7307,0.0,0.0,0.0,0.0,0.0,0.0,0.0,0.0,0.0,0.0,0.0,0.0,0,0.0,0.0,0.0,1
815,34.7733,0.0,0.0,0.0,0.0,0.0,0.0,0.0,0.0,0.0,0.0,0.0,0.0,0,0.0,0.0,0.0,1
816,34.816,0.0,0.0,0.0,0.0,0.0,0.0,0.0,0.0,0.0,0.0,0.0,0.0,0,0.0,0.0,0.0,1
817,34.8587,0.0,0.0,0.0,0.0,0.0,0.0,0.0,0.0,0.0,0.0,0.0,0.0,0,0.0,0.0,0.0,1
818,34.9013,0.0,0.0,0.0,0.0,0.0,0.0,0.0,0.0,0.0,0.0,0.0,0.0,0,0.0,0.0,0.0,1
819,34.944,0.0,0.0,0.0,0.0,0.0,0.0,0.0,0.0,0.0,0.0,0.0,0.0,0,0.0,0.0,0.0,1
820,34.9867,0.0,0.0,0.0,0.0,0.0,0.0,0.0,0.0,0.0,0.0,0.0,0.0,0,0.0,0.0,0.0,1
821,35.0293,0.0,0.0,0.0,0.0,0.0,0.0,0.0,0.0,0.0,0.0,0.0,0.0,0,0.0,0.0,0.0,1
822,35.072,0.0,0.0,0.0,0.0,0.0,0.0,0.0,0.0,0.0,0.0,0.0,0.0,0,0.0,0.0,0.0,1
823,35.1147,0.0,0.0,0.0,0.0,0.0,0.0,0.0,0.0,0.0,0.0,0.0,0.0,0,0.0,0.0,0.0,1
