frame,time,centroid,spread,rolloff,slope,obsir_std,flatness,crest,skewness,kurtosis,tonality,entropy,tpr,n_peaks,flux,irregularity,zcr,gated
0,0.0,8212.16,7355.3119,17402.34,-5.81322992,0.284115,0.4745,25.2766,0.8159,-0.188,0.053961,0.679355,-6.678487,161,0.0,2358.1992,0.119155,0
1,0.0427,8411.07,7458.9743,17437.5,-6.1269991798,0.206771,0.447161,22.475,0.7679,-0.232,0.058256,0.703696,-3.874511,155,0.606608,2718.7945,0.121841,0
2,0.0853,8204.62,7477.6422,17437.5,-6.5480233928,0.256105,0.408604,19.3964,0.8739,0.0019,0.064783,0.709001,-2.147493,148,0.64639,2753.6332,0.121475,0
3,0.128,8124.99,7377.2025,17390.62,-5.7099124825,0.203243,0.47545,25.2984,0.8165,-0.2351,0.053816,0.685786,-1.786455,164,0.632215,2565.2864,0.119888,0
4,0.1707,8047.77,7440.9274,17332.03,-6.2148443414,0.35136,0.441748,22.3134,0.8472,-0.1456,0.059138,0.691209,-8.157976,138,0.619133,2594.6657,0.119033,0
5,0.2133,8024.45,7393.0062,17355.47,-5.717594437,0.340789,0.471715,27.2158,0.8333,-0.227,0.054387,0.6751,-3.202901,132,0.628978,2430.9862,0.116103,0
6,0.256,7930.05,7334.2738,17085.94,-5.9457283005,0.325122,0.456303,23.9133,0.8372,-0.2342,0.056791,0.689914,-3.226533,159,0.6391,2538.7702,0.117934,0
7,0.2987,7921.27,7269.3907,17003.91,-5.3592215154,0.173408,0.496836,28.909,0.8138,-0.3196,0.050631,0.658031,-6.124953,163,0.667577,2220.9533,0.114394,0
8,0.3413,8045.21,7291.1886,17015.62,-6.0076622463,0.196299,0.456638,23.404,0.8838,-0.0189,0.056738,0.702636,-2.692952,160,0.642924,2654.1764,0.118301,0
9,0.384,8175.0,7392.0899,17226.56,-6.8137479385,0.271436,0.399981,17.8987,0.9018,0.1442,0.066327,0.719354,-5.392347,150,0.637849,2713.3721,0.126236,0
10,0.4267,8207.49,7444.5438,17484.38,-6.4903565265,0.342865,0.412907,19.3252,0.8296,-0.1073,0.064025,0.684163,-8.021415,144,0.652205,2693.503,0.12587,0
11,0.4693,8298.98,7451.2988,17355.47,-6.2254846966,0.380294,0.440627,22.1761,0.8196,-0.1306,0.059321,0.707404,-5.811974,159,0.643459,2758.8441,0.126114,0
12,0.512,8233.26,7311.0522,17238.28,-6.6201462359,0.340741,0.408033,18.6064,0.8659,0.0213,0.064884,0.728455,-4.003293,158,0.611213,2893.8568,0.130997,0
13,0.5547,8217.27,7340.9625,17250.0,-6.2239312792,0.307219,0.442659,21.6769,0.8562,-0.0491,0.058988,0.718245,-2.434973,161,0.636795,2707.1002,0.129777,0
14,0.5973,8113.62,7314.9617,17308.59,-5.9171966332,0.212636,0.470542,24.4708,0.8228,-0.2062,0.054567,0.706524,-2.302998,146,0.642398,2543.8511,0.125015,0
15,0.64,8289.88,7455.2414,17507.81,-6.7040341813,0.193763,0.40163,18.4286,0.8673,0.0193,0.066029,0.717021,-2.402368,165,0.62045,2870.2515,0.11769,0
16,0.6827,7769.69,7325.5124,17144.53,-5.2946123148,0.319537,0.494776,31.9623,0.8232,-0.4008,0.050932,0.639062,-2.334998,146,0.673391,2260.8879,0.119033,0
17,0.7253,8437.05,7464.3215,17613.28,-6.7331057522,0.161161,0.403361,18.1764,0.8157,-0.0989,0.065718,0.728683,-5.023298,152,0.659106,2785.8145,0.126602,0
18,0.768,8243.65,7421.326,17367.19,-6.4581667285,0.196882,0.425454,20.5224,0.8305,-0.1038,0.061858,0.722923,-4.830749,142,0.604783,2781.7979,0.126724,0
19,0.8107,8038.98,7441.1712,17261.72,-6.8266678019,0.284003,0.397662,18.196,0.8837,0.0231,0.066748,0.703325,-2.641338,153,0.642587,2799.8322,0.124283,0
20,0.8533,8362.34,7511.8843,17484.38,-7.1335363833,0.255192,0.379152,15.0787,0.8654,0.031,0.070198,0.736273,-2.490617,175,0.641725,2930.4339,0.122329,0
21,0.896,8266.83,7458.5923,17496.09,-6.2002297572,0.335127,0.446118,22.4522,0.8187,-0.1817,0.058425,0.702507,-3.721883,141,0.628142,2684.7386,0.119033,0
22,0.9387,8208.58,7373.6412,17355.47,-5.9269813412,0.339348,0.46484,22.9576,0.8073,-0.2028,0.055449,0.678693,-2.954076,156,0.644584,2615.5452,0.114516,0
23,0.9813,8069.42,7393.0256,17261.72,-6.3812352814,0.270442,0.432723,21.0444,0.8535,-0.0873,0.060632,0.694921,-7.749966,125,0.655506,2490.6265,0.114516,0
24,1.024,8064.98,7380.1574,17179.69,-6.1532638619,0.360066,0.445124,22.0824,0.8346,-0.176,0.058586,0.690158,-3.238741,157,0.631685,2476.9861,0.119644,0
25,1.0667,8326.93,7449.8381,17390.62,-6.1138780087,0.304412,0.441702,22.0171,0.7834,-0.2541,0.059145,0.704045,-2.734633,169,0.632824,2788.606,0.123428,0
26,1.1093,8168.57,7409.6512,17250.0,-7.2203798768,0.293827,0.369743,16.3554,0.8797,0.1014,0.072017,0.718168,-5.725167,157,0.64306,2926.6768,0.124893,0
27,1.152,8061.65,7336.0613,17179.69,-5.4324057444,0.375245,0.501002,28.2808,0.7718,-0.4152,0.050027,0.658584,-0.312342,155,0.646968,2408.7004,0.119766,0
28,1.1947,8087.76,7453.7583,17273.44,-6.1217647394,0.294881,0.447164,22.7899,0.8262,-0.1726,0.058256,0.687208,-1.409908,148,0.619961,2543.0629,0.116225,0
29,1.2373,8185.99,7456.4466,17378.91,-6.929541197,0.202617,0.396133,16.9029,0.8669,0.0087,0.067027,0.718356,-5.759996,129,0.645317,2778.4632,0.116713,0
30,1.28,7741.18,7308.0272,16816.41,-6.3769764447,0.21401,0.431559,21.0003,0.9349,0.0907,0.060827,0.695156,-6.39311,158,0.640936,2560.0355,0.118301,0
31,1.3227,8198.61,7488.1753,17519.53,-6.3106246482,0.222586,0.432395,20.8827,0.8134,-0.2113,0.060687,0.705813,-2.967609,149,0.634263,2781.6577,0.121963,0
32,1.3653,8162.53,7497.0233,17472.66,-6.8688194571,0.273789,0.392043,17.3492,0.8836,0.0102,0.067778,0.721457,-6.460699,146,0.648334,2792.2087,0.119888,0
33,1.408,8132.49,7374.6926,17378.91,-5.4021076964,0.158757,0.501278,30.9009,0.7845,-0.3703,0.049987,0.663548,-3.43285,145,0.617118,2458.3308,0.121353,0
34,1.4507,8070.59,7418.5654,17214.84,-6.7011000137,0.248549,0.403605,19.0247,0.8673,-0.0018,0.065674,0.703888,-6.060658,161,0.633755,2712.9475,0.124893,0
35,1.4933,8404.5,7492.6088,17414.06,-6.8730122478,0.238853,0.395792,16.9269,0.8208,-0.064,0.067089,0.7264,-3.61602,160,0.635058,2734.7916,0.131242,0
36,1.536,8445.73,7396.1507,17390.62,-6.3059904183,0.240474,0.439305,21.4585,0.7733,-0.1987,0.059539,0.728473,-3.447472,150,0.629345,2653.9635,0.126969,0
37,1.5787,8058.59,7412.9269,17320.31,-5.7275351662,0.239733,0.473328,27.2147,0.817,-0.2628,0.05414,0.670667,-0.414012,180,0.629367,2514.7254,0.113906,0
38,1.6213,7818.56,7302.6891,17144.53,-5.0892912089,0.273446,0.510689,32.4059,0.8057,-0.4297,0.048641,0.627243,-7.148782,148,0.644595,2190.4219,0.115371,0
39,1.664,8032.5,7450.2699,17320.31,-6.0579510874,0.302318,0.446736,23.6785,0.8351,-0.1997,0.058325,0.671968,-5.589015,153,0.655704,2641.5205,0.125382,0
40,1.7067,7980.11,7288.5888,17203.12,-5.3569164395,0.332756,0.507158,30.779,0.8002,-0.3795,0.049143,0.663748,-2.531055,151,0.621123,2332.2889,0.120742,0
41,1.7493,8052.79,7348.7845,17191.41,-6.1962900861,0.276426,0.444652,21.7609,0.856,-0.1378,0.058663,0.709411,-2.796176,165,0.654469,2643.4705,0.111098,0
42,1.792,8180.6,7368.3929,17027.34,-6.5823555712,0.241473,0.419391,20.6148,0.8544,0.0487,0.062897,0.695783,-3.847489,162,0.624637,2792.4257,0.114394,0
43,1.8347,8025.23,7309.8782,17250.0,-5.8035617873,0.27089,0.471768,26.4218,0.8369,-0.1907,0.054379,0.672996,-0.972257,169,0.639458,2474.8585,0.124161,0
44,1.8773,8375.72,7460.5423,17601.56,-6.3519642708,0.244287,0.428714,20.2638,0.8174,-0.1551,0.061305,0.718088,-2.874502,144,0.661873,2665.3153,0.133073,0
45,1.92,8410.92,7463.7353,17578.12,-7.1992203578,0.254622,0.375841,15.0108,0.8249,-0.0393,0.070833,0.739482,-6.997706,155,0.632731,2660.9315,0.132218,0
46,1.9627,8241.87,7442.0026,17355.47,-6.7032650834,0.331861,0.406838,17.8039,0.8685,-0.011,0.065096,0.727267,-7.275229,149,0.619299,2797.0019,0.128312,0
47,2.0053,8252.73,7367.8002,17296.88,-5.6542863904,0.240092,0.488444,25.9546,0.7916,-0.3042,0.051864,0.697167,-8.68359,152,0.602024,2440.6046,0.130265,0
48,2.048,8495.7,7460.809,17496.09,-7.0397563957,0.217539,0.387036,15.9025,0.808,-0.0919,0.068708,0.741919,-6.646161,150,0.620434,2808.9907,0.139421,0
49,2.0907,8265.84,7420.2085,17367.19,-6.632942165,0.317485,0.40933,19.2329,0.8575,-0.0248,0.064654,0.728579,-2.501564,171,0.621076,2846.4497,0.127823,0
50,2.1333,8328.19,7350.2482,17320.31,-6.5477340278,0.274287,0.420952,19.5714,0.8634,0.0334,0.062628,0.725628,-5.099733,156,0.635985,2686.6635,0.120864,0
51,2.176,8161.19,7457.3327,17285.16,-6.1209654528,0.284343,0.446996,22.1676,0.8134,-0.2348,0.058283,0.690034,-3.417406,171,0.636718,2497.9034,0.127213,0
52,2.2187,8263.36,7449.396,17332.03,-6.8163040073,0.258399,0.394226,17.2913,0.8664,0.0559,0.067376,0.722174,-8.561032,156,0.624644,2852.1964,0.125015,0
53,2.2613,8441.88,7455.0251,17519.53,-6.7094662522,0.31032,0.403604,16.9676,0.7984,-0.1402,0.065674,0.73509,-5.182764,157,0.615513,2875.2498,0.127701,0
54,2.304,8335.28,7443.4643,17437.5,-6.2844739739,0.24543,0.428255,19.8572,0.822,-0.1351,0.061383,0.708308,-4.580648,150,0.626138,2817.9257,0.130631,0
55,2.3467,7996.16,7312.4004,17191.41,-5.0881735478,0.256858,0.522662,35.4119,0.7854,-0.4236,0.046963,0.640911,-2.096474,151,0.647651,2324.9834,0.113906,0
56,2.3893,8152.95,7337.6391,17378.91,-5.801543928,0.186754,0.474006,25.7367,0.8361,-0.1842,0.054036,0.704961,-5.272463,147,0.620182,2626.3563,0.108534,0
57,2.432,8038.85,7324.3498,17250.0,-5.6314452435,0.223952,0.479147,25.5905,0.8028,-0.3514,0.053255,0.686737,-8.550904,149,0.635336,2426.8812,0.120132,0
58,2.4747,8209.57,7346.5704,17296.88,-5.6839476583,0.346442,0.476118,26.5191,0.8065,-0.2154,0.053714,0.673559,-3.546949,133,0.667243,2593.6359,0.115615,0
59,2.5173,7918.22,7424.8145,17238.28,-5.7789729658,0.354797,0.463431,25.6893,0.8267,-0.2532,0.055669,0.64954,-3.191309,166,0.642337,2650.8952,0.115859,0
60,2.56,8163.13,7377.8112,17273.44,-6.1584834191,0.228902,0.447955,21.469,0.8413,-0.1219,0.058128,0.704588,-3.453269,175,0.649525,2664.6517,0.128678,0
61,2.6027,8461.86,7511.0644,17695.31,-6.4559527194,0.173734,0.431966,19.5484,0.8023,-0.1675,0.060758,0.728998,-3.678669,138,0.621979,2714.5248,0.130875,0
62,2.6453,8182.34,7409.8898,17378.91,-6.3671590939,0.224558,0.428725,21.5619,0.8342,-0.0932,0.061303,0.69176,-5.292141,140,0.613983,2631.7473,0.124161,0
63,2.688,8017.26,7447.4185,17273.44,-6.8982725484,0.217742,0.392084,17.5171,0.8669,-0.0487,0.06777,0.709188,-5.568711,166,0.64549,2908.7669,0.124893,0
64,2.7307,8193.9,7493.4309,17261.72,-6.9222713526,0.342471,0.389881,17.387,0.8536,-0.0242,0.068178,0.703539,-3.847311,135,0.628959,2888.3052,0.120254,0
65,2.7733,8340.55,7453.7164,17648.44,-7.0607047861,0.184369,0.37888,16.1097,0.8574,0.0215,0.07025,0.72673,-4.73079,164,0.645634,2967.241,0.113295,0
66,2.816,8048.61,7291.142,17238.28,-5.450328174,0.248177,0.496803,31.0649,0.787,-0.3433,0.050636,0.664377,-1.111594,160,0.672442,2378.8851,0.112196,0
67,2.8587,8148.08,7460.3316,17367.19,-6.6852378863,0.239779,0.406465,19.3634,0.8603,-0.0318,0.065163,0.71449,-8.064423,140,0.627305,2723.9658,0.116713,0
68,2.9013,8140.91,7417.4594,17121.09,-6.5402991017,0.238313,0.420277,19.5783,0.8619,0.0036,0.062744,0.702264,-6.664551,158,0.605811,2790.648,0.128189,0
69,2.944,8382.78,7480.9303,17519.53,-7.1386280009,0.333951,0.375664,14.7261,0.8552,0.017,0.070867,0.741162,-5.834533,147,0.631717,2821.6124,0.132707,0
70,2.9867,8126.89,7440.5629,17437.5,-6.2333828086,0.311232,0.432953,20.8256,0.8632,-0.0986,0.060593,0.701189,-2.577478,181,0.640832,2716.6265,0.125748,0
71,3.0293,8238.79,7425.1315,17437.5,-6.5579406789,0.310534,0.415335,19.2503,0.8352,-0.1117,0.0636,0.711668,-6.257305,149,0.621843,2784.331,0.11769,0
72,3.072,8006.98,7318.309,17191.41,-5.8227836565,0.289645,0.462802,25.3929,0.8376,-0.2067,0.055767,0.684157,-2.110379,164,0.656967,2514.8566,0.117446,0
73,3.1147,7991.18,7325.7763,16992.19,-6.0264255635,0.384961,0.453882,24.4912,0.8557,-0.1106,0.057176,0.68453,-1.529853,168,0.651717,2589.2192,0.12062,0
74,3.1573,8274.9,7466.9585,17308.59,-6.4919341598,0.312977,0.419591,18.7813,0.811,-0.1501,0.062862,0.704651,-3.647579,169,0.648486,2764.1304,0.125504,0
75,3.2,8153.28,7422.5908,17367.19,-6.1685028817,0.29626,0.437532,22.2409,0.8274,-0.1712,0.059832,0.697041,-6.037034,143,0.606505,2663.7903,0.124649,0
76,3.2427,8169.31,7449.5705,17437.5,-5.8010220572,0.242883,0.467478,23.8543,0.7858,-0.3454,0.05504,0.692667,-1.892629,144,0.627375,2594.3517,0.123794,0
77,3.2853,8015.51,7346.0734,17191.41,-6.4953149882,0.48284,0.416547,19.3015,0.8745,-0.0662,0.063389,0.701173,-1.247212,157,0.654148,2750.3924,0.127579,0
78,3.328,8228.36,7413.6345,17460.94,-5.904003266,0.393757,0.46159,24.8999,0.8334,-0.174,0.055957,0.691058,-5.226286,152,0.641513,2508.5012,0.127457,0
79,3.3707,8319.96,7415.6535,17519.53,-6.1809891678,0.324961,0.442884,21.1505,0.8084,-0.1977,0.058952,0.719273,-3.327517,158,0.638591,2661.9322,0.131242,0
80,3.4133,8293.77,7400.1653,17097.66,-6.6978248774,0.28085,0.413023,18.5416,0.859,0.0184,0.064004,0.732929,-2.44272,170,0.644824,2799.879,0.126114,0
81,3.456,8181.18,7305.1182,17390.62,-5.2782354275,0.222422,0.516235,31.3342,0.7986,-0.366,0.047859,0.685816,-1.33144,159,0.623235,2298.362,0.112807,0
82,3.4987,7901.91,7408.6908,17226.56,-5.7862120737,0.191975,0.47248,26.0266,0.83,-0.2641,0.054269,0.662444,-2.41659,151,0.634835,2481.3395,0.111464,0
83,3.5413,8299.56,7422.2472,17390.62,-6.8565050699,0.246868,0.393847,16.3901,0.8396,-0.0308,0.067445,0.72064,-8.281763,148,0.635186,2807.7548,0.119155,0
84,3.584,7912.06,7373.9492,17097.66,-5.5389016216,0.162882,0.484325,27.8657,0.8222,-0.3167,0.052477,0.656533,-0.494645,169,0.645189,2364.6755,0.115615,0
85,3.6267,8061.74,7380.534,17074.22,-6.2861833411,0.270448,0.434171,22.1311,0.8719,-0.0306,0.06039,0.695274,-5.929154,163,0.673956,2796.839,0.112929,0
86,3.6693,7893.9,7377.3344,17167.97,-5.5528688404,0.375802,0.490989,29.336,0.8385,-0.2853,0.051488,0.650482,-2.404672,144,0.656103,2296.2372,0.114516,0
87,3.712,8093.56,7389.044,17273.44,-6.1255518879,0.394392,0.446522,22.3227,0.8431,-0.1444,0.05836,0.685211,-2.945045,163,0.608682,2782.8865,0.106092,0
88,3.7547,8123.84,7370.7794,17214.84,-5.9421663714,0.324069,0.457767,23.4718,0.8071,-0.2265,0.056559,0.692421,-3.81435,148,0.618009,2402.3579,0.110853,0
89,3.7973,7966.26,7387.2783,17214.84,-5.7453724918,0.320323,0.47769,25.8375,0.84,-0.2405,0.053476,0.675105,-4.079839,145,0.64783,2436.0928,0.127945,0
90,3.84,8386.65,7393.2537,17285.16,-6.9830211492,0.24926,0.392576,16.3125,0.8619,0.085,0.067679,0.743814,-5.37994,152,0.638977,2797.4484,0.130387,0
91,3.8827,8170.6,7453.4944,17472.66,-6.6963700269,0.295241,0.413174,17.8571,0.8427,-0.1154,0.063978,0.715383,-6.909108,149,0.643171,2722.0512,0.121963,0
92,3.9253,7873.09,7285.0802,17062.5,-5.8320489915,0.362494,0.467653,24.573,0.8629,-0.2044,0.055013,0.694297,-4.067091,155,0.643235,2503.0256,0.119888,0
93,3.968,8440.54,7459.9586,17414.06,-6.4991682068,0.285421,0.42243,19.6075,0.7877,-0.1763,0.062374,0.718792,-6.77914,140,0.623851,2709.2848,0.129044,0
94,4.0107,8176.61,7442.123,17378.91,-6.4490197911,0.268495,0.423495,19.992,0.8302,-0.1177,0.062192,0.692674,-6.265431,155,0.632612,2761.5311,0.122451,0
95,4.0533,8251.53,7436.1141,17554.69,-5.9340592852,0.241014,0.465672,23.8292,0.7878,-0.2916,0.05532,0.696887,-8.796676,150,0.615733,2535.0193,0.11769,0
96,4.096,8332.34,7468.0614,17437.5,-7.0318360142,0.286369,0.378038,16.3133,0.8609,0.0715,0.070411,0.709284,-3.047639,181,0.638921,2899.5916,0.121719,0
97,4.1387,8165.17,7411.7912,17484.38,-5.5392531267,0.184234,0.483417,28.7902,0.8072,-0.2528,0.052613,0.668207,-1.489363,155,0.649047,2676.09,0.116958,0
98,4.1813,8075.52,7383.6039,17273.44,-6.1498200375,0.264915,0.442395,22.5856,0.8452,-0.1489,0.059032,0.692548,-4.473209,147,0.628781,2661.7867,0.121353,0
99,4.224,8315.26,7431.5385,17484.38,-6.938246439,0.193328,0.385781,16.6705,0.8471,-0.008,0.068943,0.722268,-7.215697,146,0.645992,2777.2026,0.129777,0
100,4.2667,8293.72,7446.3696,17414.06,-6.4119188259,0.309128,0.424954,19.2905,0.8219,-0.1055,0.061943,0.717527,-7.659863,153,0.63514,2772.9215,0.123672,0
101,4.3093,8065.91,7418.6468,17167.97,-6.4751670958,0.233738,0.418409,19.5836,0.8329,-0.129,0.063066,0.70752,-8.500259,155,0.643337,2669.0326,0.11708,0
102,4.352,8341.23,7386.0478,17367.19,-6.5443438876,0.253986,0.413464,19.019,0.827,-0.0676,0.063927,0.725351,-6.378262,145,0.655522,2838.7975,0.118301,0
103,4.3947,8150.27,7411.5873,17355.47,-6.3713713054,0.271004,0.429181,21.9602,0.845,-0.0863,0.061227,0.688414,-3.602717,176,0.623971,2569.8169,0.121963,0
104,4.4373,8176.54,7456.5306,17355.47,-6.5211060091,0.340464,0.417818,19.1176,0.8317,-0.1581,0.063169,0.708714,-8.968964,150,0.638979,2696.7574,0.121719,0
105,4.48,8195.74,7493.0748,17378.91,-6.9787614498,0.1945,0.39078,17.304,0.8524,-0.0444,0.068011,0.717545,-3.692238,146,0.643926,2836.1516,0.120864,0
106,4.5227,8048.03,7393.2612,17285.16,-6.7311381554,0.234802,0.400668,17.8127,0.883,-0.0083,0.066203,0.713171,-4.071388,139,0.664501,2813.8352,0.123428,0
107,4.5653,8181.34,7329.6163,17132.81,-6.2899135722,0.198176,0.440166,21.7138,0.8461,-0.0321,0.059397,0.715982,-2.861389,166,0.648977,2632.4951,0.128067,0
108,4.608,8149.36,7413.6474,17355.47,-5.5876579883,0.197785,0.494156,27.1738,0.7981,-0.3086,0.051023,0.669878,-5.50836,172,0.624865,2351.5691,0.124405,0
109,4.6507,8095.77,7413.0387,17121.09,-6.2497364413,0.185006,0.439397,19.969,0.8247,-0.165,0.059524,0.691104,-6.88297,163,0.642353,2694.3874,0.118789,0
110,4.6933,8307.98,7384.3374,17320.31,-5.8128772875,0.313897,0.464268,24.9092,0.7895,-0.2031,0.055539,0.690956,-2.869215,159,0.643016,2524.9444,0.130387,0
111,4.736,8380.88,7514.3395,17625.0,-6.9259346039,0.278355,0.389094,17.4006,0.8237,-0.0857,0.068324,0.710984,-5.101527,139,0.633331,2722.0138,0.130875,0
112,4.7787,8227.89,7326.4557,17343.75,-4.9998973747,0.30055,0.522912,33.3989,0.7304,-0.5058,0.046929,0.645999,-0.735337,165,0.628134,2310.8477,0.113906,0
113,4.8213,8034.56,7317.2854,17238.28,-5.2296724319,0.189484,0.519522,30.4003,0.8029,-0.3796,0.047399,0.664094,-0.222295,172,0.681621,2356.4656,0.107313,0
114,4.864,7938.0,7442.0033,17156.25,-6.7561737944,0.319549,0.402216,17.4039,0.8961,0.026,0.065924,0.692331,-6.109568,152,0.67663,2610.6259,0.114638,0
115,4.9067,8322.09,7398.4033,17191.41,-6.5550222623,0.159943,0.41196,20.0195,0.831,-0.0249,0.064191,0.712295,-4.732536,168,0.625813,2853.1724,0.123916,0
116,4.9493,8195.4,7474.167,17343.75,-6.3307574771,0.212138,0.429232,20.6121,0.8348,-0.1154,0.061218,0.690329,-2.722815,136,0.634779,2838.3865,0.123794,0
117,4.992,8173.1,7365.8401,17449.22,-5.7168561662,0.328085,0.479908,25.1116,0.7953,-0.3235,0.05314,0.695854,-3.156657,150,0.636494,2435.2824,0.117812,0
118,5.0347,8045.72,7381.9312,17250.0,-6.2555086739,0.331554,0.435764,21.4712,0.8738,-0.0276,0.060125,0.685347,-2.930867,138,0.635249,2739.2037,0.117568,0
119,5.0773,8304.82,7499.7587,17332.03,-6.9450673743,0.248302,0.392197,16.9902,0.8678,0.0342,0.067749,0.729121,-6.318127,150,0.647113,2829.5872,0.121841,0
120,5.12,8400.24,7471.1249,17625.0,-6.8386222841,0.334318,0.391139,17.4288,0.8311,-0.057,0.067945,0.732102,-3.145323,155,0.622682,3032.4771,0.120986,0
121,5.1627,7822.78,7360.0578,17039.06,-6.1110448636,0.24819,0.445303,23.6579,0.891,-0.0568,0.058557,0.669361,-0.273572,158,0.657803,2486.6814,0.119277,0
122,5.2053,8067.6,7363.9922,17367.19,-5.7282921983,0.430015,0.480561,25.734,0.8368,-0.2352,0.053042,0.688951,-3.373639,139,0.661368,2419.0751,0.117934,0
123,5.248,8238.02,7374.4918,17402.34,-5.5520523908,0.234619,0.492187,28.9774,0.7802,-0.3283,0.051312,0.683333,-5.557042,148,0.638784,2360.2178,0.115615,0
124,5.2907,8216.67,7397.8912,17238.28,-6.3382384501,0.303302,0.432147,20.7775,0.8487,-0.0629,0.060728,0.703133,-4.728154,143,0.658559,2728.0113,0.124771,0
125,5.3333,8148.17,7384.1579,17285.16,-6.1547603476,0.333625,0.450632,22.6218,0.8261,-0.1759,0.057696,0.698712,-3.161511,139,0.619447,2578.301,0.135026,0
126,5.376,8469.58,7465.528,17589.84,-6.8895548657,0.261128,0.397837,16.6444,0.8235,-0.0362,0.066716,0.725155,-5.232001,157,0.638535,2793.3262,0.132829,0
127,5.4187,8332.43,7498.1538,17625.0,-6.6884506582,0.272819,0.409373,18.1698,0.8332,-0.0717,0.064647,0.721434,-7.20195,159,0.625155,2948.3769,0.124649,0
128,5.4613,8040.82,7379.7536,17214.84,-6.9607564309,0.271433,0.385328,16.5156,0.8702,-0.0013,0.069028,0.709616,-6.354119,161,0.636833,2712.7018,0.12587,0
129,5.504,8323.83,7445.5237,17519.53,-6.5140443241,0.297175,0.418589,19.8428,0.8271,-0.0736,0.063035,0.713618,-5.936717,147,0.654231,2599.5921,0.12587,0
130,5.5467,8052.49,7340.7465,17332.03,-5.6412289051,0.237039,0.47593,26.1899,0.8229,-0.2519,0.053743,0.664921,-5.272006,169,0.634958,2537.2915,0.113661,0
131,5.5893,8140.83,7442.2359,17308.59,-5.8613475901,0.402713,0.462525,26.3038,0.8136,-0.2371,0.055811,0.669913,-1.117305,170,0.625569,2539.0589,0.113783,0
132,5.632,8118.57,7402.0006,17097.66,-6.2478255855,0.277134,0.438196,21.2665,0.8296,-0.1141,0.059722,0.694298,-1.978757,191,0.60777,2701.8528,0.121109,0
133,5.6747,7926.29,7366.7358,17097.66,-6.3218973012,0.269512,0.431493,21.2758,0.8894,-0.0205,0.060838,0.696061,-3.219218,151,0.605505,2560.8408,0.121963,0
134,5.7173,8142.23,7502.6964,17402.34,-6.3465451103,0.283537,0.425527,20.5317,0.8236,-0.1979,0.061846,0.696333,-4.896023,145,0.634071,2773.2441,0.118178,0
135,5.76,8205.52,7462.156,17402.34,-6.1831386402,0.453569,0.443099,22.2272,0.8571,-0.0814,0.058916,0.695246,-3.474682,149,0.620591,2682.6871,0.124893,0
136,5.8027,8436.53,7597.8917,17648.44,-7.3742554252,0.133231,0.355841,14.2736,0.8317,-0.0273,0.074791,0.732345,-7.872551,136,0.620055,3048.4997,0.131608,0
137,5.8453,8411.18,7517.5144,17613.28,-6.8617008405,0.218083,0.398581,17.6162,0.836,-0.0386,0.066581,0.727471,-6.432999,153,0.618486,2946.6583,0.12648,0
138,5.888,8107.25,7382.8071,17367.19,-5.6817834681,0.24249,0.477808,27.1884,0.8008,-0.2925,0.053458,0.670326,-5.896166,162,0.631391,2486.2396,0.114028,0
139,5.9307,8038.57,7309.9229,17203.12,-4.9237528846,0.222185,0.536894,37.4664,0.7634,-0.4759,0.045019,0.622319,-1.159419,134,0.601447,2240.2254,0.111586,0
140,5.9733,7912.61,7403.4596,17167.97,-6.3457030305,0.34885,0.435127,21.2158,0.8601,-0.1219,0.060231,0.672015,-4.916937,155,0.646939,2611.9939,0.121963,0
141,6.016,8223.08,7433.8578,17273.44,-7.2248214158,0.266109,0.372173,15.5803,0.9058,0.1602,0.071542,0.736389,-3.444688,164,0.651704,2972.9464,0.122818,0
142,6.0587,8178.95,7457.0412,17273.44,-6.8485014588,0.304231,0.397029,17.4659,0.8551,-0.0185,0.066863,0.71732,-8.329241,152,0.639376,2840.3914,0.12355,0
143,6.1013,8108.63,7426.1362,17308.59,-6.3132317295,0.252171,0.442192,21.7754,0.8419,-0.1227,0.059065,0.714147,-6.967024,146,0.605057,2757.1131,0.13112,0
144,6.144,8257.06,7470.3483,17578.12,-6.4713462928,0.242909,0.417486,18.6821,0.8511,-0.1055,0.063226,0.722205,-4.540929,149,0.641932,2799.4942,0.126358,0
145,6.1867,7935.58,7413.1064,17191.41,-6.0868283852,0.299572,0.447717,23.2617,0.8393,-0.1953,0.058166,0.672592,-5.17381,163,0.641801,2651.9391,0.114028,0
146,6.2293,8378.09,7467.9909,17613.28,-6.4203319655,0.362885,0.424783,19.7521,0.809,-0.1331,0.061972,0.705608,-5.270255,159,0.613734,2669.7573,0.127701,0
147,6.272,8263.66,7403.8182,17332.03,-6.5456715969,0.278648,0.427209,20.1403,0.8484,-0.0583,0.06156,0.723567,-5.370329,180,0.626304,2762.7161,0.128312,0
148,6.3147,7878.69,7417.9038,17214.84,-5.6341388979,0.208375,0.471338,27.4932,0.8131,-0.3255,0.054445,0.64391,-6.890208,157,0.618114,2424.2285,0.108168,0
149,6.3573,7685.57,7324.8356,17015.62,-5.3493502538,0.295524,0.495015,32.4215,0.856,-0.3037,0.050897,0.641983,-2.46129,151,0.644971,2255.3497,0.108168,0
150,6.4,8119.41,7430.8646,17273.44,-6.4762565566,0.294594,0.422791,20.245,0.8496,-0.0761,0.062312,0.713262,-5.385827,137,0.636205,2816.8903,0.119644,0
151,6.4427,7920.59,7270.5222,17074.22,-5.1790624786,0.307928,0.519581,34.7048,0.7971,-0.4161,0.047391,0.638626,-2.994489,136,0.637485,2184.0029,0.115615,0
152,6.4853,7976.09,7383.9048,17085.94,-6.5135884669,0.298168,0.411791,19.9816,0.8757,-0.0196,0.064221,0.686825,-6.71137,163,0.637106,2723.7474,0.109144,0
153,6.528,8124.16,7406.7898,17402.34,-5.8367412454,0.234787,0.465499,24.7347,0.8199,-0.2322,0.055347,0.677283,-8.1351,152,0.664848,2549.934,0.107923,0
154,6.5707,8093.59,7352.3622,17378.91,-5.43059539,0.301019,0.497243,28.3528,0.7887,-0.3849,0.050572,0.672247,-1.964216,154,0.633537,2394.0085,0.11415,0
155,6.6133,7972.38,7281.2436,17132.81,-5.6242469078,0.221685,0.488579,26.4059,0.8435,-0.2171,0.051844,0.675143,-7.319839,144,0.633035,2498.9218,0.126114,0
156,6.656,8121.8,7333.113,17238.28,-6.5077745414,0.306377,0.420698,19.2339,0.8806,0.0304,0.062672,0.709052,-5.717647,157,0.636065,2724.3905,0.126969,0
157,6.6987,8022.73,7416.1056,17132.81,-7.2125264509,0.283122,0.369708,15.4526,0.911,0.1043,0.072024,0.721307,-7.547795,146,0.633818,2877.8976,0.119644,0
158,6.7413,7955.32,7436.2703,17355.47,-5.7398766508,0.288465,0.469707,25.8835,0.8337,-0.2845,0.054695,0.670114,-2.50016,148,0.657804,2542.2993,0.109755,0
159,6.784,7692.23,7235.0112,16839.84,-5.1150879874,0.273831,0.512914,33.8051,0.8237,-0.3854,0.048326,0.607501,-5.780127,144,0.627199,2364.0915,0.113539,0
160,6.8267,8187.15,7452.3682,17273.44,-6.7860530783,0.27313,0.402805,17.5168,0.8702,-0.0151,0.065817,0.724674,-6.562819,135,0.67149,2642.0945,0.121353,0
161,6.8693,8065.09,7418.0112,17132.81,-6.6849407862,0.390633,0.400045,18.4569,0.8807,0.0302,0.066315,0.699529,-5.920549,161,0.632416,2828.4801,0.118545,0
162,6.912,7993.33,7325.1733,17156.25,-5.6695598491,0.303065,0.48558,27.1027,0.8276,-0.2715,0.05229,0.686229,-1.76093,142,0.64429,2481.8503,0.118545,0
163,6.9547,8335.96,7448.0175,17402.34,-6.7159803843,0.373005,0.40629,18.6725,0.8505,0.0068,0.065194,0.719429,-2.651836,148,0.597978,2777.7653,0.124283,0
164,6.9973,8172.92,7486.9488,17390.62,-6.8992775884,0.284943,0.392103,17.252,0.8843,0.0471,0.067767,0.718823,-4.90086,146,0.591579,2845.3516,0.124283,0
165,7.04,7916.62,7284.4134,17085.94,-5.1637493691,0.289875,0.514062,33.7895,0.82,-0.3577,0.048164,0.635458,-2.15942,156,0.633894,2300.082,0.117446,0
166,7.0827,7954.46,7320.7806,17074.22,-6.1507772222,0.3374,0.451289,23.2134,0.8522,-0.1258,0.057591,0.681086,-5.961535,150,0.629291,2608.7474,0.115004,0
167,7.1253,8117.42,7391.8223,17273.44,-6.3917457944,0.191924,0.429901,20.4034,0.8397,-0.1026,0.061105,0.709019,-5.889828,148,0.646786,2773.5937,0.120498,0
168,7.168,8353.39,7492.3041,17449.22,-7.1412397198,0.22023,0.374544,15.8486,0.8447,-0.0146,0.071083,0.726768,-5.711686,159,0.622839,2905.1144,0.129532,0
169,7.2107,8320.6,7394.5782,17332.03,-6.9670668864,0.241782,0.388197,17.0588,0.8609,0.0368,0.068491,0.730482,-4.008402,139,0.604786,2793.5214,0.131608,0
170,7.2533,8221.78,7514.8775,17542.97,-6.8556388284,0.261322,0.399923,17.1889,0.855,-0.0679,0.066337,0.721874,-5.499023,150,0.609676,2822.0259,0.127213,0
171,7.296,8431.46,7451.9376,17589.84,-6.4986572647,0.401053,0.422706,18.4823,0.801,-0.1475,0.062327,0.725883,-5.773524,155,0.616209,2824.0148,0.127091,0
172,7.3387,8090.47,7419.5554,17296.88,-6.1647805675,0.305131,0.445756,22.3701,0.8221,-0.2006,0.058484,0.680921,-3.310214,156,0.614047,2560.2885,0.121719,0
173,7.3813,8038.34,7416.1153,17132.81,-5.8479588658,0.18441,0.463659,24.1751,0.8081,-0.2248,0.055634,0.664047,-4.668648,177,0.636182,2541.8769,0.121963,0
174,7.424,8037.25,7491.1593,17191.41,-6.6955428151,0.304114,0.402906,18.3951,0.8426,-0.099,0.065799,0.682866,-7.473724,144,0.648938,2665.6971,0.122696,0
175,7.4667,7919.15,7419.2964,17226.56,-6.25975226,0.329912,0.434311,20.9306,0.8581,-0.1462,0.060367,0.681761,-3.644691,158,0.631053,2565.5541,0.117568,0
176,7.5093,8121.34,7374.9374,17343.75,-6.0449322625,0.316557,0.45686,23.2133,0.8283,-0.187,0.056703,0.691785,-6.651123,158,0.654072,2491.4258,0.117934,0
177,7.552,8074.22,7345.9149,17238.28,-5.893656046,0.275521,0.462376,23.7182,0.8372,-0.1855,0.055834,0.690662,-3.816039,146,0.649922,2522.5448,0.123428,0
178,7.5947,8286.0,7504.2575,17390.62,-7.096594235,0.304178,0.375965,16.7337,0.8449,-0.0033,0.070809,0.723521,-4.542135,140,0.665293,2994.6406,0.133195,0
179,7.6373,8209.37,7471.1983,17273.44,-7.2997906912,0.187662,0.36617,14.5655,0.8894,0.1109,0.07272,0.726552,-6.650738,153,0.640788,2891.4457,0.127335,0
180,7.68,8211.32,7393.6807,17308.59,-6.4202522067,0.261889,0.423796,19.6892,0.8321,-0.1204,0.06214,0.711812,-7.393896,115,0.668738,2673.2366,0.123306,0
181,7.7227,8275.68,7418.4107,17460.94,-5.9417142058,0.352811,0.460996,22.6831,0.79,-0.3078,0.05605,0.707131,-1.933876,156,0.643165,2453.3869,0.123916,0
182,7.7653,8118.85,7447.7187,17285.16,-6.5344087436,0.30674,0.416749,19.9945,0.8535,-0.0993,0.063354,0.705223,-6.255229,157,0.652198,2816.2137,0.117568,0
183,7.808,7909.21,7408.3307,17144.53,-6.2699894433,0.252714,0.435564,21.6686,0.867,-0.076,0.060158,0.682761,-10.684689,150,0.631566,2589.9775,0.119888,0
184,7.8507,8234.78,7435.6923,17390.62,-6.714662894,0.149123,0.407656,18.8818,0.849,-0.0325,0.064951,0.721297,-5.945504,160,0.621798,2875.8716,0.122818,0
185,7.8933,8159.04,7363.8455,17296.88,-5.4935120213,0.175386,0.495799,29.453,0.7891,-0.3189,0.050782,0.670615,-2.110673,140,0.609923,2439.9849,0.123184,0
186,7.936,8248.0,7524.8112,17355.47,-7.3114204976,0.261966,0.370078,15.3774,0.8812,0.0835,0.071951,0.72848,-5.462471,160,0.619291,3025.7332,0.127579,0
187,7.9787,8288.92,7443.8261,17507.81,-6.1992000385,0.198222,0.439836,22.3334,0.8255,-0.1293,0.059452,0.717085,-2.580247,147,0.606152,2690.1976,0.134294,0
188,8.0213,8317.1,7356.6614,17320.31,-6.0290872826,0.296313,0.452536,23.1386,0.8256,-0.1139,0.057391,0.721122,-3.553695,156,0.61008,2682.3957,0.131242,0
189,8.064,8161.62,7462.6511,17460.94,-6.3614968957,0.166398,0.434152,21.5074,0.8369,-0.116,0.060393,0.704598,-4.898737,161,0.649454,2659.7755,0.123672,0
190,8.1067,8065.58,7490.1079,17273.44,-7.2030446053,0.240884,0.374717,15.6957,0.911,0.1045,0.071049,0.733034,-6.480467,164,0.631364,2835.7457,0.121353,0
191,8.1493,8333.25,7506.1967,17332.03,-6.8891465948,0.223506,0.388669,16.7677,0.8408,-0.0439,0.068403,0.726598,-4.568961,126,0.632008,2785.4624,0.121597,0
192,8.192,8360.69,7551.3249,17601.56,-6.4328622316,0.240908,0.428508,20.1664,0.827,-0.1217,0.06134,0.723105,-4.297621,133,0.611368,2706.7618,0.126358,0
193,8.2347,8219.8,7472.1645,17402.34,-6.5768881914,0.333393,0.408253,18.9375,0.8494,-0.0748,0.064845,0.715883,-4.741597,141,0.625755,2832.1489,0.119644,0
194,8.2773,7969.0,7375.2378,17250.0,-6.2597519704,0.323629,0.442134,23.0948,0.8889,-0.0188,0.059074,0.691821,-3.007644,145,0.638894,2688.2836,0.115371,0
195,8.32,8176.08,7382.8548,17121.09,-6.4568830496,0.322399,0.425086,20.0427,0.8503,-0.0304,0.061921,0.694533,-2.522044,150,0.629043,2659.2454,0.119155,0
196,8.3627,8242.7,7502.7718,17507.81,-6.7976886144,0.239454,0.404162,18.1124,0.859,-0.0219,0.065574,0.718952,-7.328798,150,0.637,2769.9291,0.126847,0
197,8.4053,8452.46,7456.0835,17601.56,-6.593155881,0.263746,0.423137,18.3363,0.7959,-0.1509,0.062253,0.728695,-3.083357,164,0.621814,2714.5268,0.136369,0
198,8.448,8502.01,7466.3511,17660.16,-6.1544712623,0.214793,0.44287,21.1388,0.777,-0.2422,0.058954,0.71775,-7.854285,140,0.617906,2747.8442,0.133683,0
199,8.4907,8439.68,7525.6433,17578.12,-6.6917244873,0.324929,0.400714,18.2727,0.8339,-0.0077,0.066194,0.702203,-5.086784,149,0.617472,2817.6957,0.129532,0
200,8.5333,8389.76,7527.42,17636.72,-6.3979349787,0.273427,0.428672,20.2182,0.7984,-0.1652,0.061312,0.705422,-2.31595,149,0.636563,2748.5151,0.120498,0
201,8.576,8300.01,7453.8673,17554.69,-6.1498196665,0.251347,0.445428,22.5511,0.826,-0.1229,0.058537,0.698847,-2.768804,131,0.631101,2710.9947,0.12587,0
202,8.6187,8291.67,7448.0081,17589.84,-6.3649328714,0.278662,0.43025,21.4783,0.8259,-0.1326,0.061046,0.706658,-3.212257,134,0.621306,2718.0576,0.125015,0
203,8.6613,8363.45,7504.0931,17730.47,-6.6487945139,0.177352,0.41588,18.6851,0.8154,-0.1311,0.063505,0.720771,-6.976358,161,0.615902,2795.7127,0.113539,0
204,8.704,8268.05,7394.5047,17484.38,-5.9531864819,0.383001,0.461475,24.7175,0.8209,-0.1594,0.055975,0.700924,-3.764199,124,0.644824,2614.2323,0.117202,0
205,8.7467,8098.08,7455.3205,17308.59,-6.4459235927,0.263612,0.42225,20.89,0.8439,-0.0924,0.062405,0.690189,-4.442985,141,0.61828,2736.3352,0.117324,0
206,8.7893,8255.42,7554.7543,17460.94,-6.5088941573,0.177277,0.418821,19.381,0.8096,-0.1438,0.062995,0.70583,-5.185682,139,0.622319,2834.0638,0.119399,0
207,8.832,8070.25,7540.7083,17402.34,-7.1143832639,0.241521,0.380067,16.2603,0.8703,-0.01,0.070023,0.702477,-6.193843,156,0.610205,2866.2121,0.130265,0
208,8.8747,8336.77,7464.2945,17402.34,-7.0910477518,0.326545,0.37999,15.5091,0.8418,0.0129,0.070038,0.732964,-5.937909,132,0.628933,2917.6631,0.127213,0
209,8.9173,8172.34,7553.7907,17507.81,-7.0501531617,0.256578,0.383821,16.8084,0.8701,-0.0094,0.069312,0.716997,-6.648517,143,0.634286,2738.8166,0.124649,0
210,8.96,8075.55,7440.4424,17402.34,-6.0409223278,0.207148,0.451768,23.6594,0.8261,-0.2071,0.057514,0.679559,-9.628462,152,0.641369,2601.4106,0.126724,0
211,9.0027,8026.43,7465.3553,17214.84,-6.1297775389,0.231867,0.452391,22.9629,0.8514,-0.1696,0.057414,0.696671,-6.82627,146,0.653004,2596.5545,0.116836,0
212,9.0453,8199.93,7405.4167,17285.16,-6.4705352273,0.313592,0.4201,20.3462,0.8458,-0.0698,0.062775,0.708178,-3.450255,157,0.642354,2811.6324,0.118545,0
213,9.088,8119.15,7452.7773,17332.03,-6.6065451906,0.395355,0.411106,19.6477,0.8797,0.0046,0.064341,0.699468,-6.963469,151,0.64837,2805.014,0.125626,0
214,9.1307,8355.65,7407.659,17484.38,-6.4000358184,0.183427,0.431047,19.9346,0.8172,-0.1056,0.060913,0.721643,-4.108216,153,0.625181,2876.2076,0.126236,0
215,9.1733,8247.93,7461.956,17367.19,-6.7292635032,0.306923,0.400476,17.7887,0.8772,0.0615,0.066237,0.710956,-3.655763,155,0.641103,2761.185,0.124649,0
216,9.216,8277.36,7464.3623,17320.31,-6.3535642594,0.287499,0.426756,20.0607,0.8225,-0.0933,0.061637,0.703943,-5.032705,156,0.632102,2734.5774,0.12648,0
217,9.2587,8390.52,7507.3943,17531.25,-7.1031362985,0.308024,0.377716,15.0951,0.8684,0.0392,0.070472,0.739451,-5.800465,145,0.622533,2744.8466,0.120864,0
218,9.3013,8013.68,7437.0144,17308.59,-5.9207937041,0.261,0.454815,24.6787,0.8516,-0.1795,0.057028,0.6829,-2.580988,148,0.647926,2636.4038,0.112685,0
219,9.344,8067.15,7387.8055,17285.16,-5.7906585742,0.387061,0.463454,25.9056,0.8181,-0.2681,0.055666,0.675023,-5.606985,151,0.650444,2520.8834,0.117568,0
220,9.3867,8414.89,7467.1053,17531.25,-6.6352230809,0.405875,0.402651,18.7472,0.845,0.002,0.065845,0.711004,-7.012052,148,0.660824,2841.2901,0.118178,0
221,9.4293,7985.61,7457.7579,17332.03,-5.729407605,0.285007,0.469799,27.509,0.8157,-0.2791,0.054681,0.656989,-7.662911,158,0.677256,2450.8108,0.116591,0
222,9.472,8190.48,7425.8171,17355.47,-6.1147987353,0.299051,0.445365,22.1541,0.8295,-0.1623,0.058547,0.694031,-6.884221,161,0.656783,2746.2366,0.119888,0
223,9.5147,8180.76,7375.1436,17238.28,-6.2037222998,0.265037,0.44034,21.711,0.8418,-0.1007,0.059369,0.702197,-6.27329,151,0.647802,2718.9779,0.120376,0
224,9.5573,8040.28,7390.6028,17132.81,-6.0483581669,0.327556,0.453618,22.8956,0.8387,-0.1611,0.057218,0.674843,-7.985735,151,0.619658,2500.3467,0.123184,0
225,9.6,8291.37,7487.8942,17566.41,-6.5935936378,0.278646,0.412075,18.6477,0.8178,-0.1422,0.064171,0.72264,-5.31157,154,0.650623,2731.5007,0.127701,0
226,9.6427,8376.9,7472.2583,17484.38,-6.4073318167,0.291764,0.424588,19.7258,0.8289,-0.0901,0.062005,0.719895,-2.029908,178,0.669923,2874.4743,0.127091,0
227,9.6853,8147.41,7463.0963,17261.72,-6.4989887049,0.281588,0.409722,19.8631,0.8906,0.0611,0.064585,0.715621,-4.131582,151,0.629226,2756.6806,0.126358,0
228,9.728,8055.18,7321.6362,17203.12,-6.2275481189,0.26933,0.437343,21.7722,0.8586,-0.0832,0.059863,0.698856,-5.613255,161,0.650287,2723.5636,0.126969,0
229,9.7707,8382.98,7428.4765,17484.38,-5.8635391385,0.227481,0.465077,23.7678,0.7985,-0.2392,0.055412,0.709987,-1.880711,160,0.621904,2452.7718,0.119399,0
230,9.8133,8048.96,7295.9568,17050.78,-5.6831322691,0.22576,0.48259,26.6186,0.8381,-0.2157,0.052737,0.698652,-3.604603,129,0.635528,2494.453,0.112318,0
231,9.856,8058.02,7346.9444,17191.41,-6.3404893997,0.250856,0.434447,20.639,0.8528,-0.102,0.060344,0.705634,-3.960015,159,0.621001,2610.4683,0.112929,0
232,9.8987,8261.22,7452.0272,17437.5,-6.4868137,0.153881,0.422719,20.0956,0.8251,-0.1036,0.062325,0.708498,-1.544011,164,0.636179,2720.5568,0.114638,0
233,9.9413,8130.51,7437.4598,17367.19,-6.1998857522,0.317059,0.436009,21.4115,0.8564,-0.1144,0.060084,0.700144,-3.986982,142,0.659144,2588.629,0.118178,0
234,9.984,8289.79,7426.3811,17332.03,-6.3883828686,0.249013,0.426838,20.4136,0.8199,-0.1133,0.061623,0.708331,-2.44365,172,0.642653,2684.6145,0.124405,0
235,10.0267,8254.67,7429.3902,17425.78,-6.1361971855,0.206744,0.442791,21.8318,0.8248,-0.1424,0.058967,0.720339,-5.346725,151,0.625747,2657.4053,0.130997,0
236,10.0693,8152.91,7399.5788,17285.16,-7.0780596624,0.207155,0.378545,16.3998,0.8698,0.0163,0.070314,0.713054,-4.079491,156,0.644008,2947.8229,0.133927,0
237,10.112,8242.63,7412.4013,17390.62,-6.1445511613,0.173174,0.443499,21.2772,0.8501,-0.0922,0.058851,0.711389,-4.067707,161,0.620604,2418.9052,0.124039,0
238,10.1547,8001.13,7384.5944,17179.69,-5.6166136653,0.317291,0.481788,27.2177,0.8254,-0.2377,0.052857,0.651819,-8.85022,149,0.666732,2609.7106,0.121719,0
239,10.1973,8669.23,7493.6326,17660.16,-6.8997231057,0.282552,0.391311,16.0879,0.8161,0.0107,0.067913,0.742388,-4.199207,152,0.649824,2896.6801,0.130021,0
240,10.24,8278.07,7525.0583,17437.5,-7.023123939,0.238957,0.386096,16.3019,0.8669,0.0051,0.068884,0.726738,-9.049509,135,0.623238,2695.4633,0.125504,0
241,10.2827,8200.54,7361.8015,17332.03,-5.6520663437,0.244658,0.481759,25.4503,0.7851,-0.318,0.052862,0.689357,-3.646117,151,0.610871,2491.0292,0.119521,0
242,10.3253,8246.3,7477.8109,17378.91,-6.2157443007,0.200618,0.443266,21.2331,0.8102,-0.2104,0.058889,0.698427,-3.578507,166,0.614172,2543.8745,0.11769,0
243,10.368,7955.65,7322.3065,17238.28,-6.1229059114,0.254197,0.451964,23.3686,0.8677,-0.1211,0.057483,0.682389,-5.062741,147,0.637825,2487.9806,0.120742,0
244,10.4107,8216.69,7381.2582,17320.31,-6.2841827555,0.203751,0.445303,21.6052,0.8253,-0.1288,0.058557,0.717122,-3.316094,152,0.641395,2608.5246,0.129777,0
245,10.4533,8245.58,7443.2761,17332.03,-6.8327136299,0.251544,0.396582,17.2285,0.8526,-0.0276,0.066945,0.726926,-6.138488,149,0.652498,2805.4886,0.12941,0
246,10.496,8389.19,7510.7396,17613.28,-6.9379330808,0.213322,0.394121,17.0727,0.8569,0.0182,0.067395,0.733185,-4.03284,163,0.646256,2807.8061,0.128678,0
247,10.5387,8286.89,7441.7874,17402.34,-6.6094980176,0.290833,0.413198,19.9102,0.8347,-0.0698,0.063974,0.707148,-1.705557,157,0.616557,2833.7266,0.125382,0
248,10.5813,8030.77,7392.2781,17191.41,-6.367481343,0.346309,0.429616,21.5435,0.8502,-0.0955,0.061153,0.690197,-3.568188,157,0.626352,2734.5971,0.118911,0
249,10.624,8167.85,7382.4574,17214.84,-6.1965916695,0.354183,0.444356,21.7786,0.8322,-0.1223,0.058711,0.691112,-4.323831,173,0.631953,2691.2828,0.118301,0
250,10.6667,8203.69,7413.2042,17402.34,-5.8113057879,0.318905,0.466063,24.1436,0.8116,-0.2308,0.055259,0.686834,-2.613114,166,0.636243,2565.8419,0.120376,0
251,10.7093,8173.26,7349.2803,17320.31,-5.8933420033,0.352727,0.463207,24.4171,0.8256,-0.2041,0.055704,0.704933,-2.93046,130,0.649836,2526.9024,0.118789,0
252,10.752,8318.65,7389.6704,17460.94,-6.0354049432,0.279386,0.455019,21.6063,0.7864,-0.249,0.056995,0.707933,-3.604281,156,0.632308,2630.7732,0.118545,0
253,10.7947,8489.08,7464.322,17507.81,-6.0347727903,0.250924,0.457887,22.4729,0.7442,-0.3269,0.05654,0.714423,-1.624728,151,0.637879,2547.5231,0.122451,0
254,10.8373,8215.04,7429.5561,17484.38,-6.1339902451,0.218884,0.44264,22.3732,0.8314,-0.1765,0.058992,0.703599,-2.041035,143,0.625364,2721.9455,0.118911,0
255,10.88,7984.56,7369.2737,17179.69,-5.8851380088,0.218521,0.464953,24.1488,0.8437,-0.1784,0.055432,0.676247,-2.633554,140,0.619285,2391.1168,0.115859,0
256,10.9227,8097.44,7444.568,17437.5,-6.3866435022,0.23052,0.432337,21.2215,0.8333,-0.1352,0.060696,0.67835,-3.283213,159,0.62901,2646.7943,0.119888,0
257,10.9653,8240.0,7420.4718,17425.78,-6.2451570795,0.306819,0.4348,20.4809,0.8325,-0.1319,0.060285,0.702971,-1.73644,136,0.633515,2789.0689,0.12587,0
258,11.008,8015.31,7436.3699,17074.22,-7.1135528811,0.244078,0.379581,16.6176,0.9126,0.13,0.070116,0.712862,-8.177376,146,0.628728,2899.7583,0.118178,0
259,11.0507,7979.63,7320.6513,17062.5,-5.7912566696,0.276951,0.470616,26.953,0.856,-0.1631,0.054556,0.678789,-1.396909,161,0.639775,2471.7448,0.113295,0
260,11.0933,8118.23,7406.871,17039.06,-6.5942908882,0.243227,0.412771,18.8716,0.8648,-0.0199,0.064048,0.712003,-4.485514,172,0.642795,2908.1989,0.118301,0
261,11.136,8320.78,7493.2174,17460.94,-6.1096961765,0.330537,0.445469,20.567,0.794,-0.2263,0.05853,0.689375,-3.873949,140,0.625419,2652.7342,0.122696,0
262,11.1787,8135.54,7358.4104,17238.28,-6.5026680457,0.298595,0.424008,19.7129,0.8376,-0.1,0.062104,0.713228,-6.221837,175,0.64438,2822.0262,0.127701,0
263,11.2213,8322.3,7434.1003,17261.72,-6.9667040601,0.241057,0.392197,15.9773,0.8475,-0.0014,0.067749,0.735071,-7.122226,149,0.626743,2813.4648,0.124405,0
264,11.264,8103.64,7486.3416,17343.75,-6.4051969097,0.239094,0.424283,20.039,0.8414,-0.1305,0.062057,0.705716,-5.292768,135,0.624613,2647.2345,0.122085,0
265,11.3067,8440.09,7507.8824,17425.78,-7.202890276,0.204117,0.365817,15.3267,0.8465,0.0425,0.072789,0.735813,-3.837003,150,0.633562,2884.662,0.131974,0
266,11.3493,8271.4,7477.2362,17425.78,-6.4694082352,0.281038,0.420583,19.4451,0.8183,-0.1383,0.062691,0.695984,-4.274653,147,0.635209,2911.9144,0.135637,0
267,11.392,8626.31,7527.9406,17777.34,-7.0375183153,0.189159,0.387384,16.0133,0.8012,-0.0846,0.068643,0.747738,-5.943802,153,0.632767,2807.5084,0.125015,0
268,11.4347,8073.94,7454.834,17296.88,-6.1998392867,0.265473,0.441184,23.4196,0.8561,-0.1093,0.05923,0.698008,-6.032643,137,0.633083,2631.2483,0.120986,0
269,11.4773,7966.69,7395.4076,17191.41,-5.9982169414,0.373167,0.458298,24.7348,0.8788,-0.0955,0.056475,0.686669,-3.613309,164,0.623009,2660.6959,0.116958,0
270,11.52,8105.79,7346.0432,17296.88,-6.0727969633,0.212987,0.451988,23.1499,0.8334,-0.1801,0.057479,0.69776,-6.780584,167,0.619627,2582.6992,0.117202,0
271,11.5627,8412.05,7344.7258,17179.69,-6.3351709941,0.272203,0.428478,20.498,0.8134,-0.096,0.061345,0.730955,-2.788177,175,0.665663,2850.1753,0.121475,0
272,11.6053,8338.97,7399.4396,17437.5,-5.6560630907,0.297386,0.476324,24.4949,0.7648,-0.3273,0.053683,0.69071,-1.382992,152,0.634686,2605.8361,0.11415,0
273,11.648,8006.15,7315.0556,17238.28,-6.2759603577,0.288556,0.442405,21.3729,0.8719,-0.0736,0.05903,0.70065,-2.102546,161,0.647129,2553.6425,0.110243,0
274,11.6907,8072.31,7391.887,17261.72,-5.5679896268,0.194026,0.477275,27.3117,0.7937,-0.3387,0.053539,0.673763,-7.248728,148,0.645948,2457.6293,0.120742,0
275,11.7333,8359.01,7491.6446,17589.84,-6.673911185,0.288814,0.404591,17.9052,0.8315,-0.0819,0.065497,0.708012,-7.633827,139,0.62648,2769.1896,0.121719,0
276,11.776,8183.92,7407.3057,17355.47,-6.1627887453,0.280988,0.442685,21.7255,0.814,-0.2065,0.058984,0.699369,-2.868084,164,0.644055,2563.0573,0.12648,0
277,11.8187,8239.55,7453.8315,17460.94,-6.5109918164,0.278047,0.419867,19.7021,0.8585,-0.0168,0.062815,0.711405,-5.549179,156,0.629622,2631.4039,0.132951,0
278,11.8613,8506.9,7478.3656,17578.12,-6.6950004577,0.186102,0.413922,18.3221,0.8301,-0.0034,0.063847,0.739404,-3.731171,130,0.615273,2741.4911,0.127213,0
279,11.904,8633.89,7495.2136,17648.44,-6.86671463,0.230491,0.389326,16.9438,0.7957,-0.0831,0.068281,0.737551,-6.52668,153,0.599143,2773.6509,0.131486,0
280,11.9467,8320.39,7465.7375,17437.5,-7.4209833675,0.198289,0.356868,14.3435,0.8769,0.0919,0.074582,0.741935,-4.537462,158,0.639052,3009.9465,0.124649,0
281,11.9893,8172.53,7361.8725,17285.16,-5.7632718504,0.210074,0.479091,25.8535,0.8142,-0.2398,0.053264,0.69419,-4.847622,156,0.610936,2487.3268,0.123794,0
282,12.032,8264.08,7523.5194,17496.09,-6.730424611,0.2936,0.397008,17.0917,0.8457,-0.0766,0.066867,0.714433,-6.009079,166,0.635401,2820.0795,0.13173,0
283,12.0747,8091.61,7425.6926,17308.59,-5.920168331,0.376585,0.460579,23.8835,0.8401,-0.1602,0.056116,0.685059,-4.39447,157,0.63971,2602.6896,0.118667,0
284,12.1173,7874.12,7291.5249,17062.5,-5.0085381756,0.259166,0.524983,38.9809,0.8081,-0.4043,0.046642,0.607793,-0.856735,145,0.671409,2257.6164,0.106825,0
285,12.16,7991.12,7311.5433,17250.0,-5.1024866306,0.259217,0.522176,34.6725,0.7728,-0.4791,0.04703,0.642407,-0.861547,165,0.623266,2206.7548,0.113783,0
286,12.2027,8332.0,7404.0301,17519.53,-5.9017902975,0.226348,0.465688,24.4778,0.7951,-0.249,0.055317,0.713885,-4.106791,158,0.645005,2556.9328,0.129288,0
287,12.2453,8241.2,7443.7995,17542.97,-6.4867292055,0.22032,0.42399,20.3066,0.8337,-0.1305,0.062107,0.725164,-5.406755,150,0.626746,2710.3178,0.132585,0
288,12.288,8327.21,7396.2934,17285.16,-6.3688668125,0.212632,0.428644,21.5672,0.8238,-0.0558,0.061317,0.719381,-2.829856,167,0.611998,2756.1109,0.127579,0
289,12.3307,8401.41,7426.9167,17414.06,-6.6271293573,0.265117,0.413522,19.0113,0.8266,-0.0735,0.063917,0.742374,-6.836038,139,0.624995,2733.464,0.124893,0
290,12.3733,8157.55,7330.41,17261.72,-5.289183386,0.253834,0.513129,32.1298,0.7667,-0.3778,0.048296,0.66088,-2.354088,157,0.638757,2410.0869,0.124161,0
291,12.416,8294.23,7437.606,17484.38,-5.997718451,0.336258,0.462867,23.7538,0.7963,-0.2578,0.055757,0.701854,-5.422556,150,0.636227,2515.1344,0.12941,0
292,12.4587,7985.23,7390.1132,17167.97,-6.5831146726,0.226492,0.415539,19.7125,0.8993,-0.0115,0.063565,0.711589,-6.101295,160,0.643094,2883.3857,0.122207,0
293,12.5013,8253.25,7422.9539,17472.66,-6.0760021415,0.238662,0.452093,23.512,0.8205,-0.1524,0.057462,0.712,-7.603531,145,0.632745,2718.1445,0.122574,0
294,12.544,8375.65,7441.3484,17449.22,-7.2951075064,0.305601,0.369779,14.8513,0.8447,0.0393,0.07201,0.740821,-8.726072,140,0.633646,2782.5961,0.13234,0
295,12.5867,8264.28,7392.3114,17355.47,-6.042804833,0.277739,0.448693,23.0197,0.801,-0.2219,0.058008,0.697343,-2.365586,148,0.629589,2531.9094,0.127701,0
296,12.6293,8286.2,7446.6807,17484.38,-6.1209031016,0.289563,0.446943,21.747,0.8032,-0.1774,0.058291,0.701439,-3.225681,162,0.641034,2639.894,0.127091,0
297,12.672,8534.86,7491.1334,17660.16,-6.9297903162,0.280039,0.39248,16.1733,0.8371,0.0161,0.067697,0.737596,-4.858316,163,0.618253,2880.0047,0.128312,0
298,12.7147,8124.17,7405.7545,17050.78,-6.9900006394,0.195014,0.384433,16.9853,0.8763,0.0323,0.069197,0.721569,-4.747628,160,0.64351,2932.0883,0.124893,0
299,12.7573,8315.93,7481.3784,17542.97,-6.750402397,0.330112,0.406697,18.0883,0.8664,-0.0039,0.065122,0.71813,-7.371884,140,0.660436,2735.6076,0.12587,0
300,12.8,8272.58,7360.416,17320.31,-5.3481233638,0.272651,0.505701,29.2441,0.7704,-0.3888,0.049351,0.670784,-2.976819,156,0.622916,2315.2321,0.131242,0
301,12.8427,8168.94,7445.3589,17261.72,-6.6978821747,0.281378,0.410062,19.4519,0.8526,-0.0334,0.064525,0.717594,-7.355113,142,0.631812,2778.8509,0.119277,0
302,12.8853,8424.22,7450.7694,17367.19,-6.6622917861,0.228935,0.402534,18.451,0.8312,-0.015,0.065866,0.710537,-1.808172,169,0.636979,2777.7069,0.120986,0
303,12.928,8374.23,7470.3753,17496.09,-6.4022272001,0.249725,0.424195,18.6873,0.8075,-0.1464,0.062072,0.718166,-2.405408,132,0.626099,2727.8088,0.133317,0
304,12.9707,8284.25,7456.3046,17390.62,-6.6989291249,0.269338,0.404545,17.8997,0.8391,-0.0826,0.065506,0.720912,-4.043619,150,0.623797,2850.1038,0.12587,0
305,13.0133,8065.21,7509.7107,17250.0,-7.0884249982,0.242714,0.380767,16.2796,0.9019,0.0773,0.06989,0.706785,-7.045373,138,0.629826,2844.6829,0.118301,0
306,13.056,8126.08,7440.9698,17285.16,-6.6270671106,0.21385,0.415957,18.4187,0.8542,-0.0615,0.063492,0.707909,-5.339307,146,0.616146,2735.08,0.119033,0
307,13.0987,8055.56,7378.3513,17179.69,-6.0071710558,0.349249,0.451484,23.2275,0.8134,-0.2089,0.05756,0.681279,-4.699632,140,0.63686,2635.5438,0.125748,0
308,13.1413,8197.12,7517.9614,17566.41,-5.9793603396,0.161883,0.456392,24.2885,0.8128,-0.247,0.056777,0.682597,-2.487377,145,0.651592,2615.9125,0.123184,0
309,13.184,8260.33,7412.9963,17449.22,-6.1716537355,0.42011,0.442206,21.9978,0.8165,-0.1362,0.059063,0.700439,-1.661721,177,0.642184,2614.5585,0.113539,0
310,13.2267,8005.43,7362.5038,17226.56,-5.5944634673,0.278564,0.488104,28.7796,0.8185,-0.2842,0.051915,0.664314,-0.211082,151,0.633997,2543.7206,0.106947,0
311,13.2693,8253.22,7401.0458,17226.56,-6.4462479146,0.280266,0.42141,20.2111,0.8337,-0.108,0.062549,0.716556,-5.36075,171,0.638228,2771.6822,0.115615,0
312,13.312,8192.51,7369.9739,17367.19,-5.4606010724,0.315953,0.496922,28.5135,0.7848,-0.3476,0.050619,0.665161,-6.498768,150,0.633816,2431.4708,0.121963,0
313,13.3547,8132.74,7422.1614,17425.78,-6.1312659596,0.222837,0.444535,23.0632,0.845,-0.1277,0.058682,0.691435,-7.151409,152,0.605658,2758.9734,0.123184,0
314,13.3973,8221.43,7421.1852,17320.31,-5.9619637923,0.330647,0.459648,22.9124,0.804,-0.2534,0.056262,0.692127,-4.008306,144,0.646381,2446.519,0.124405,0
315,13.44,8185.54,7405.2577,17250.0,-6.022687824,0.43344,0.461475,23.5465,0.8511,-0.1197,0.055975,0.706988,-3.382689,159,0.611902,2525.5149,0.117934,0
316,13.4827,8315.8,7503.9501,17554.69,-7.0357564238,0.257514,0.381165,16.3741,0.8585,0.0268,0.069814,0.7263,-6.242291,159,0.625266,2823.0434,0.113417,0
317,13.5253,7981.48,7421.6438,17062.5,-6.5152487652,0.164261,0.41652,19.6343,0.8664,-0.0439,0.063394,0.691776,-4.222973,148,0.643604,2638.7406,0.121231,0
318,13.568,8163.84,7377.0102,17296.88,-6.1550385455,0.220237,0.451709,22.7017,0.8187,-0.1692,0.057524,0.705908,-4.704892,152,0.638528,2617.8897,0.127335,0
319,13.6107,7952.53,7422.3352,17156.25,-6.6199413179,0.291662,0.413923,18.9021,0.8994,0.0131,0.063847,0.706483,-5.494257,145,0.659144,2684.5742,0.124893,0
320,13.6533,8113.86,7438.176,17156.25,-6.713912213,0.240726,0.408294,18.7594,0.8654,-0.0236,0.064838,0.714347,-2.539172,146,0.634328,2741.7297,0.115004,0
321,13.696,7806.84,7353.0714,17003.91,-5.5317267438,0.27628,0.485758,29.6865,0.855,-0.2379,0.052263,0.650711,-1.250442,147,0.621798,2465.3582,0.109877,0
322,13.7387,8134.95,7399.2306,17378.91,-5.969651932,0.182378,0.453117,24.1383,0.8162,-0.2132,0.057298,0.682886,-4.754131,149,0.655343,2561.9947,0.116103,0
323,13.7813,8139.07,7483.882,17390.62,-6.3077199944,0.406533,0.425797,20.8776,0.8518,-0.1231,0.0618,0.695901,-1.970507,165,0.64189,2722.1478,0.119888,0
324,13.824,8417.7,7430.7183,17402.34,-6.3472473281,0.207739,0.431367,20.2533,0.7886,-0.1921,0.060859,0.716905,-1.071785,166,0.660383,2752.6861,0.123794,0
325,13.8667,8125.54,7367.9822,17261.72,-6.4964690304,0.202525,0.425504,19.9735,0.8734,-0.005,0.061849,0.72172,-3.177546,169,0.624591,2631.4565,0.120498,0
326,13.9093,8153.39,7394.5811,17390.62,-5.6004345452,0.344983,0.485236,28.7581,0.7999,-0.3164,0.052341,0.676187,-3.391959,159,0.628954,2465.1267,0.108412,0
327,13.952,7972.05,7413.6611,17308.59,-5.7707418091,0.272823,0.463119,25.2613,0.8473,-0.2107,0.055718,0.67755,-4.599078,146,0.645194,2430.3021,0.108778,0
328,13.9947,8336.2,7501.4926,17578.12,-6.049222942,0.256556,0.452307,22.8329,0.765,-0.3036,0.057428,0.68538,-2.639485,154,0.650183,2680.4649,0.120376,0
329,14.0373,8280.94,7443.2905,17437.5,-7.0914377682,0.255497,0.384452,15.9171,0.8742,0.0745,0.069193,0.737263,-7.118737,151,0.623135,2881.3942,0.128434,0
330,14.08,8267.57,7355.0076,17367.19,-6.4018550197,0.235173,0.433855,19.7546,0.8342,-0.109,0.060443,0.719205,-2.424602,160,0.639218,2732.7373,0.125015,0
331,14.1227,7850.25,7235.4505,16980.47,-5.0589427317,0.314956,0.526495,35.4761,0.7968,-0.4209,0.046434,0.624644,-1.674129,167,0.650299,2409.7043,0.11122,0
332,14.1653,8237.02,7424.9914,17308.59,-7.0893202806,0.287146,0.379636,16.0686,0.8791,0.0887,0.070105,0.721674,-3.921706,153,0.65347,2735.063,0.122329,0
333,14.208,8262.28,7403.8829,17367.19,-6.7118023197,0.30043,0.408659,18.1514,0.8269,-0.1319,0.064773,0.726269,-8.081577,172,0.630515,2863.9534,0.13234,0
334,14.2507,8222.7,7379.1766,17460.94,-5.6672932006,0.301112,0.480918,26.6412,0.8028,-0.269,0.052988,0.695062,-6.017699,171,0.619188,2630.2262,0.121231,0
335,14.2933,8308.75,7355.4314,17343.75,-6.1005444904,0.220269,0.45218,22.0346,0.7989,-0.1606,0.057448,0.703321,-1.620219,152,0.639131,2761.2253,0.123672,0
336,14.336,8152.28,7487.2028,17332.03,-6.9192600288,0.190767,0.392213,17.8177,0.8791,0.0252,0.067746,0.726024,-2.552583,158,0.633092,2849.2158,0.124161,0
337,14.3787,8084.1,7304.8957,17261.72,-5.899288652,0.283456,0.468733,25.4376,0.8211,-0.2036,0.054846,0.693271,-2.547277,147,0.628861,2578.2363,0.116347,0
338,14.4213,8178.69,7433.8899,17519.53,-6.3542046685,0.214885,0.433104,22.3966,0.8379,-0.1209,0.060568,0.705807,-2.771253,149,0.621224,2688.8264,0.121353,0
339,14.464,8360.08,7399.4868,17343.75,-6.8088252805,0.204998,0.403913,17.9724,0.8545,0.0259,0.065619,0.741533,-4.366441,169,0.617607,2800.0047,0.132218,0
340,14.5067,8221.18,7472.5214,17367.19,-6.7217188843,0.229592,0.406322,18.2098,0.8637,-0.0081,0.065188,0.71646,-4.194469,139,0.632283,2770.1427,0.129166,0
341,14.5493,8085.95,7312.1486,17039.06,-6.4617830473,0.355287,0.421236,19.627,0.8801,0.0374,0.062579,0.713916,-4.82902,157,0.654058,2852.6015,0.117446,0
342,14.592,8133.04,7412.4861,17343.75,-5.9850292459,0.278336,0.463678,24.948,0.8143,-0.2358,0.055631,0.691302,-2.307673,155,0.64638,2629.8222,0.113783,0
343,14.6347,8519.55,7568.5635,17707.03,-6.9562249463,0.289667,0.387158,16.9285,0.8185,-0.068,0.068685,0.724887,-1.887444,147,0.627128,2713.6167,0.126724,0
344,14.6773,8099.53,7400.2342,17250.0,-6.169386819,0.151794,0.450266,23.4105,0.841,-0.1217,0.057755,0.692158,-5.620718,148,0.618685,2665.1528,0.128189,0
345,14.72,8035.9,7460.3828,17261.72,-6.167817155,0.222402,0.440738,22.2777,0.8445,-0.1782,0.059303,0.69508,-3.677463,148,0.63126,2594.0414,0.118667,0
346,14.7627,8129.83,7489.2934,17414.06,-6.825210507,0.286538,0.401581,17.8852,0.8704,-0.0264,0.066038,0.708329,-3.412699,154,0.658848,2692.8337,0.121963,0
347,14.8053,8366.23,7456.4389,17531.25,-6.6152774067,0.300588,0.412453,19.3151,0.8251,-0.0542,0.064104,0.717598,-6.659446,161,0.636819,2709.9786,0.119155,0
348,14.848,7693.73,7318.3668,16898.44,-6.0320312259,0.291625,0.45516,25.0288,0.909,-0.0681,0.056973,0.667477,-2.879604,148,0.642396,2395.8021,0.117934,0
349,14.8907,7814.74,7318.0024,16921.88,-5.8829180557,0.317862,0.459038,24.5154,0.915,-0.0582,0.056358,0.678253,-1.635468,176,0.660324,2569.4259,0.112929,0
350,14.9333,7862.38,7261.5343,17074.22,-5.3091332304,0.204202,0.507744,31.574,0.8099,-0.3822,0.049059,0.647206,-1.821273,150,0.691043,2320.1139,0.115859,0
351,14.976,8485.88,7481.074,17296.88,-6.6944107998,0.222996,0.406754,18.4761,0.8259,-0.0018,0.065111,0.725767,-3.590227,152,0.689595,2912.3493,0.13112,0
352,15.0187,8219.98,7483.591,17296.88,-6.9852377995,0.245158,0.385483,17.5071,0.8602,0.0192,0.068999,0.724777,-5.104128,156,0.646491,2853.5653,0.136735,0
353,15.0613,8368.07,7510.5653,17566.41,-6.923068024,0.253026,0.389135,16.6046,0.854,-0.0041,0.068317,0.72741,-4.247427,152,0.625565,2806.2611,0.131852,0
354,15.104,8236.92,7397.4886,17203.12,-6.6985194371,0.293916,0.407781,18.9015,0.8768,0.0503,0.064929,0.72569,-4.709495,154,0.624383,2640.6698,0.128189,0
355,15.1467,8262.36,7414.7939,17320.31,-6.2592274414,0.413215,0.436532,20.7931,0.8311,-0.1407,0.059997,0.70533,-3.183192,155,0.625802,2710.4724,0.128434,0
356,15.1893,8148.46,7388.0687,17308.59,-5.968897805,0.24966,0.457274,23.6151,0.7955,-0.2864,0.056637,0.696851,-5.111281,141,0.622773,2593.5414,0.119644,0
357,15.232,7997.36,7387.376,17179.69,-6.4011885814,0.253694,0.428476,21.0502,0.8988,0.0127,0.061346,0.708336,-6.98985,159,0.619936,2725.2921,0.119033,0
358,15.2747,8205.03,7414.9544,17273.44,-6.6935296958,0.243842,0.40787,18.6322,0.875,0.0126,0.064913,0.719463,-4.12698,160,0.636594,2922.6625,0.126236,0
359,15.3173,8355.65,7400.1544,17250.0,-7.3576010921,0.346348,0.357731,15.4695,0.8894,0.2078,0.074407,0.737617,-4.661587,166,0.637732,3035.3317,0.129654,0
360,15.36,7988.1,7449.0782,17250.0,-6.5619563769,0.242935,0.411614,18.7433,0.8834,-0.0349,0.064252,0.691665,-5.190373,156,0.661642,2759.5863,0.132218,0
361,15.4027,8273.15,7473.6627,17484.38,-6.4870532466,0.277113,0.421213,19.2057,0.841,-0.0803,0.062583,0.719204,-3.918008,147,0.653489,2629.9931,0.12648,0
362,15.4453,8267.8,7452.9414,17496.09,-6.2371286947,0.304312,0.437868,21.6333,0.8099,-0.1823,0.059776,0.691574,-7.525769,149,0.639752,2699.8716,0.127701,0
363,15.488,8389.49,7494.5066,17519.53,-7.1475974903,0.362691,0.370665,15.541,0.8738,0.1021,0.071836,0.727712,-5.261749,147,0.649189,2873.8061,0.124649,0
364,15.5307,7988.92,7382.7193,17062.5,-6.1211663547,0.198659,0.444931,22.7811,0.8745,-0.0584,0.058618,0.698806,-3.175417,166,0.629511,2609.3728,0.115493,0
365,15.5733,8272.21,7401.9559,17203.12,-6.4587882244,0.216306,0.42401,19.7383,0.8494,-0.0347,0.062104,0.718171,-3.577995,154,0.631716,2813.9777,0.116958,0
366,15.616,8041.6,7359.3726,17203.12,-6.103839615,0.312366,0.447918,22.9538,0.8471,-0.1214,0.058134,0.685045,-5.258846,160,0.644309,2657.7992,0.114028,0
367,15.6587,7982.72,7468.8262,17179.69,-6.1244774355,0.19877,0.442454,23.0962,0.8604,-0.1181,0.059022,0.677829,-3.331016,147,0.632472,2685.8128,0.109633,0
368,15.7013,8187.63,7349.6773,17250.0,-5.7771112785,0.383213,0.475722,25.0872,0.8024,-0.2573,0.053774,0.690717,-3.58257,156,0.658636,2480.8485,0.114028,0
369,15.744,8257.74,7497.6705,17414.06,-6.6006464859,0.274426,0.419266,18.2998,0.8418,-0.09,0.062918,0.707626,-5.637723,130,0.621004,2670.2509,0.124039,0
370,15.7867,8256.8,7474.8053,17367.19,-6.5294307071,0.290675,0.415149,19.49,0.8514,-0.0336,0.063633,0.70923,-4.107689,157,0.634955,2779.4486,0.129166,0
371,15.8293,8161.29,7453.2246,17496.09,-7.1318291462,0.206529,0.375233,15.9573,0.8971,0.085,0.07095,0.725028,-5.95382,161,0.633692,2907.181,0.123062,0
372,15.872,7967.61,7440.5018,17250.0,-6.2573427669,0.252209,0.4357,21.3617,0.8733,-0.0697,0.060135,0.69182,-7.384006,154,0.635286,2690.6839,0.116836,0
373,15.9147,8111.58,7386.5578,17296.88,-5.5380677615,0.153801,0.490989,29.1878,0.7881,-0.3164,0.051488,0.650138,-8.198191,133,0.644292,2392.8248,0.116591,0
374,15.9573,8140.99,7387.8209,17132.81,-6.4497425139,0.218347,0.422729,20.3403,0.8655,-0.0179,0.062323,0.701944,-3.442901,183,0.614093,2770.1876,0.116836,0
375,16.0,8067.91,7440.8405,17332.03,-6.2699594622,0.287064,0.438079,21.1012,0.8426,-0.1882,0.059741,0.69804,-2.909334,126,0.630303,2559.8067,0.124283,0
376,16.0427,8055.0,7352.9192,17167.97,-6.164264532,0.347721,0.439831,21.5694,0.8369,-0.1598,0.059452,0.694669,-5.644096,162,0.618574,2675.2804,0.119888,0
377,16.0853,7682.32,7212.3296,16675.78,-5.7249844953,0.294599,0.474169,28.6298,0.8916,-0.0709,0.054011,0.647086,-3.639299,166,0.641798,2511.3773,0.099377,0
378,16.128,7977.08,7400.6447,17261.72,-5.8917781513,0.347659,0.461846,24.7508,0.836,-0.2273,0.055917,0.678811,-3.309286,150,0.658237,2594.8547,0.104871,0
379,16.1707,8069.07,7375.3521,17109.38,-6.5900044821,0.284177,0.420161,19.8143,0.8947,0.0805,0.062764,0.704332,-5.668312,157,0.61951,2834.4049,0.119521,0
380,16.2133,7932.64,7339.2236,16839.84,-5.8649245629,0.345344,0.459235,25.3734,0.8753,-0.067,0.056328,0.673124,-3.088712,148,0.621646,2554.2166,0.112685,0
381,16.256,7934.38,7342.354,17027.34,-6.0011612327,0.319639,0.453213,22.6386,0.8636,-0.1121,0.057283,0.670523,-5.583207,164,0.653606,2552.2532,0.108045,0
382,16.2987,8017.23,7448.5163,17460.94,-6.214324006,0.217188,0.438187,21.2939,0.824,-0.234,0.059723,0.67843,-3.909108,147,0.628538,2676.6991,0.116103,0
383,16.3413,8177.48,7354.0062,17285.16,-5.5222750791,0.498058,0.488107,27.2336,0.7783,-0.3306,0.051914,0.663144,-0.93271,138,0.646494,2569.6957,0.115859,0
384,16.384,7988.89,7410.9435,17156.25,-6.3837342413,0.266934,0.425639,20.1703,0.8737,-0.0294,0.061826,0.689279,-2.8376,142,0.628251,2514.7659,0.109877,0
385,16.4267,8138.27,7428.8187,17296.88,-6.2823768203,0.295678,0.431601,21.2759,0.812,-0.172,0.06082,0.686427,-7.497329,145,0.628462,2603.1826,0.127213,0
386,16.4693,8288.56,7409.3518,17273.44,-6.4719342711,0.329501,0.421265,20.1093,0.8353,-0.0755,0.062574,0.713232,-3.524869,156,0.631264,2600.7679,0.138323,0
387,16.512,8227.47,7442.4541,17449.22,-6.1614894042,0.272536,0.444681,21.5092,0.8201,-0.1963,0.058659,0.708494,-3.120696,149,0.633937,2534.7099,0.126724,0
388,16.5547,8468.01,7539.2631,17566.41,-7.4231871772,0.383006,0.350839,14.4207,0.8736,0.1228,0.075815,0.737077,-5.450365,163,0.656198,2990.5677,0.120132,0
389,16.5973,8179.71,7444.8512,17273.44,-6.3877636191,0.226751,0.431302,20.5239,0.8371,-0.0898,0.06087,0.701092,-4.438229,154,0.617015,2490.1798,0.12062,0
390,16.64,8136.26,7390.0083,17214.84,-6.9404003251,0.196467,0.382991,16.9166,0.8831,0.1001,0.069469,0.715195,-5.334256,158,0.631349,2973.7071,0.124771,0
391,16.6827,8165.04,7318.1648,17132.81,-6.5142245802,0.213838,0.427863,20.5809,0.8499,-0.0207,0.061449,0.720363,-4.656956,135,0.647784,2606.6468,0.125748,0
392,16.7253,8177.01,7458.3703,17402.34,-6.4136738256,0.369033,0.422679,20.9527,0.8492,-0.0863,0.062332,0.702537,-4.898629,164,0.617705,2807.3556,0.125259,0
393,16.768,8387.52,7425.4242,17472.66,-5.9499468952,0.175049,0.459612,23.6719,0.7982,-0.1647,0.056268,0.699993,-2.119994,140,0.626636,2535.3454,0.128922,0
394,16.8107,8287.95,7358.6762,17203.12,-6.3855992886,0.212644,0.431855,21.0929,0.8348,-0.039,0.060777,0.72182,-4.560689,157,0.605226,2739.8161,0.130875,0
395,16.8533,8360.29,7456.9358,17531.25,-6.5412111479,0.172869,0.41083,19.1413,0.8139,-0.1199,0.06439,0.7139,-3.281519,156,0.639547,2877.5399,0.128067,0
396,16.896,8198.42,7479.5179,17414.06,-6.9829663557,0.265183,0.384317,16.5055,0.8961,0.0489,0.069218,0.725374,-7.297155,147,0.63655,2880.1038,0.128678,0
397,16.9387,8112.74,7466.5262,17367.19,-6.3105501849,0.290112,0.432179,21.1605,0.8371,-0.1202,0.060723,0.700227,-3.260813,168,0.629386,2772.4834,0.125259,0
398,16.9813,8165.79,7493.208,17378.91,-7.323908624,0.216981,0.364044,15.1899,0.8834,0.0631,0.073141,0.729611,-5.320828,146,0.641188,2865.0298,0.117812,0
399,17.024,8343.06,7438.5695,17542.97,-6.731847465,0.269733,0.403258,18.3194,0.8413,-0.0388,0.065736,0.715208,-1.578223,174,0.608865,2843.7664,0.124893,0
400,17.0667,8355.14,7486.1477,17531.25,-6.5609665562,0.279668,0.418288,19.0179,0.8051,-0.1751,0.063087,0.724123,-4.669688,148,0.631313,2707.8785,0.127823,0
401,17.1093,8268.16,7395.226,17332.03,-6.4910549971,0.202938,0.421161,19.4304,0.8336,-0.1007,0.062592,0.728126,-6.013714,156,0.629141,2779.858,0.125015,0
402,17.152,8132.84,7446.5654,17425.78,-7.1391458743,0.297988,0.371947,15.6222,0.8954,0.0785,0.071587,0.720817,-5.408179,154,0.638988,2770.1617,0.122207,0
403,17.1947,8032.02,7382.4184,17250.0,-6.3496605545,0.41679,0.430693,21.9382,0.8757,-0.0396,0.060972,0.690942,-3.657619,170,0.66074,2669.4899,0.119033,0
404,17.2373,8370.92,7472.8799,17460.94,-7.1468107729,0.275285,0.373514,15.401,0.8548,0.0546,0.071282,0.731188,-4.985678,180,0.655783,2830.0767,0.127579,0
405,17.28,8305.75,7418.916,17296.88,-7.5203722267,0.224708,0.348776,13.4491,0.9047,0.2452,0.076242,0.738151,-2.591836,167,0.621027,2935.9,0.12587,0
406,17.3227,8229.47,7516.5635,17343.75,-7.020065333,0.256275,0.381369,15.8682,0.8408,-0.0394,0.069776,0.711583,-4.995738,159,0.614953,2868.5183,0.124039,0
407,17.3653,8373.04,7418.7185,17332.03,-6.1022459424,0.280986,0.454264,21.8345,0.8054,-0.1854,0.057115,0.722139,-4.786997,161,0.634501,2693.7502,0.13234,0
408,17.408,8189.21,7519.0222,17507.81,-6.674715043,0.285644,0.412617,18.8745,0.8751,-0.0137,0.064075,0.711204,-4.227277,166,0.612858,2692.5383,0.120864,0
409,17.4507,7939.42,7393.2731,17156.25,-6.179405577,0.307919,0.439502,22.5327,0.8734,-0.0716,0.059507,0.675015,-1.957908,154,0.644566,2716.2983,0.109877,0
410,17.4933,8135.89,7434.6125,17355.47,-6.5852183606,0.312766,0.41183,19.2721,0.8735,0.0065,0.064214,0.704536,-8.713539,141,0.63019,2582.0025,0.120864,0
411,17.536,8187.47,7458.4489,17320.31,-6.8323486807,0.340649,0.397617,17.3127,0.8869,0.0552,0.066756,0.723069,-4.241725,153,0.620366,2873.7574,0.130387,0
412,17.5787,8149.37,7481.1228,17250.0,-7.2142049607,0.179329,0.369563,16.0112,0.8805,0.08,0.072052,0.715907,-5.415019,142,0.646654,2876.0541,0.128434,0
413,17.6213,8218.88,7505.7065,17484.38,-6.3437564441,0.371072,0.429145,20.4454,0.8268,-0.1457,0.061233,0.683488,-4.093992,156,0.62865,2712.3364,0.129044,0
414,17.664,8349.32,7524.2476,17671.88,-6.6750498769,0.254967,0.41315,18.5161,0.844,-0.0556,0.063982,0.723433,-5.95697,145,0.626438,2697.7718,0.125992,0
415,17.7067,8222.92,7339.0563,17238.28,-5.8235202675,0.212718,0.473163,26.5611,0.8124,-0.1974,0.054165,0.689376,-1.812016,157,0.626215,2531.3631,0.117934,0
416,17.7493,8165.35,7437.0983,17250.0,-6.4926573364,0.272163,0.419706,19.635,0.8618,0.0046,0.062842,0.708781,-2.574339,161,0.649417,2715.919,0.125626,0
417,17.792,8140.67,7420.0474,17343.75,-5.8136620641,0.253806,0.47019,25.0058,0.8064,-0.2571,0.054621,0.678019,-2.333967,138,0.656593,2543.8697,0.128678,0
418,17.8347,8244.82,7513.0809,17472.66,-6.3369971141,0.205623,0.432175,20.3616,0.8351,-0.1298,0.060723,0.707568,-7.640688,149,0.65948,2587.891,0.127457,0
419,17.8773,8145.31,7390.2724,17367.19,-5.9221762273,0.265731,0.464697,24.4433,0.8338,-0.1917,0.055472,0.707512,-2.692905,141,0.610553,2530.6335,0.128556,0
420,17.92,8121.71,7413.6851,17414.06,-6.1093005945,0.262644,0.451979,21.372,0.8318,-0.1743,0.05748,0.6893,-6.968055,151,0.645614,2605.2954,0.120132,0
421,17.9627,8247.4,7400.7864,17378.91,-5.3830094267,0.205251,0.49607,29.9227,0.7735,-0.3402,0.050743,0.644949,-7.635214,149,0.64181,2456.1614,0.121353,0
422,18.0053,8266.58,7422.1179,17437.5,-6.2835972864,0.354501,0.439433,22.1008,0.8408,-0.0805,0.059518,0.707974,-2.841602,170,0.630333,2654.0165,0.129044,0
423,18.048,8392.53,7378.6391,17332.03,-6.2459761417,0.220918,0.448474,21.0705,0.7989,-0.1433,0.058044,0.722363,-4.02592,165,0.627451,2757.4041,0.129288,0
424,18.0907,7995.18,7338.3694,17132.81,-5.4055404272,0.257148,0.498328,31.963,0.806,-0.3405,0.050414,0.65746,-2.60782,175,0.631529,2434.8518,0.117202,0
425,18.1333,8241.95,7449.3224,17578.12,-5.3231730919,0.288073,0.499171,30.6159,0.794,-0.3253,0.050292,0.665188,-5.21582,161,0.632479,2463.711,0.115126,0
426,18.176,8453.98,7504.6152,17554.69,-6.7013451873,0.290646,0.404763,18.564,0.8222,-0.0878,0.065466,0.725171,-2.825422,186,0.638725,2897.4166,0.126969,0
427,18.2187,8198.81,7425.3733,17285.16,-6.0006006828,0.182667,0.457517,23.9408,0.7841,-0.2717,0.056599,0.69372,-4.87553,159,0.620219,2611.4879,0.12587,0
428,18.2613,8128.59,7444.4158,17320.31,-6.0363402051,0.366485,0.454031,24.2695,0.8333,-0.1897,0.057152,0.694911,-8.552088,160,0.629243,2653.0337,0.117324,0
429,18.304,8022.79,7397.8213,17191.41,-6.512053692,0.234175,0.420518,20.3767,0.9054,0.0691,0.062703,0.711286,-5.560592,139,0.642486,2679.5992,0.116591,0
430,18.3467,8269.59,7462.3188,17460.94,-6.0012600809,0.271421,0.449221,22.9078,0.79,-0.2606,0.057923,0.699122,-4.160105,176,0.642712,2612.6562,0.12001,0
431,18.3893,8222.5,7437.2219,17566.41,-6.2200741517,0.319617,0.446575,22.2592,0.8386,-0.1099,0.058351,0.710293,-3.45597,148,0.642169,2598.2092,0.115248,0
432,18.432,8093.51,7440.1216,17343.75,-6.1910714514,0.190139,0.438049,21.5796,0.8293,-0.1698,0.059746,0.689832,-6.781416,149,0.626427,2593.1588,0.115615,0
433,18.4747,8108.35,7479.4684,17296.88,-6.705996547,0.264844,0.400224,18.0657,0.8713,-0.0039,0.066283,0.688815,-6.595409,158,0.652435,2742.9814,0.119155,0
434,18.5173,8142.84,7416.8218,17179.69,-7.0484865224,0.22993,0.381412,16.4624,0.9059,0.1326,0.069768,0.723501,-4.897447,150,0.642435,2890.6118,0.118301,0
435,18.56,8194.78,7478.0022,17367.19,-7.0912664658,0.184887,0.380876,16.5316,0.8881,0.0784,0.069869,0.720627,-3.190539,162,0.631418,2847.0966,0.117202,0
436,18.6027,8284.69,7467.8936,17531.25,-6.2340870467,0.352454,0.441297,21.7762,0.8129,-0.1585,0.059211,0.697523,-4.62186,172,0.625215,2750.8513,0.125015,0
437,18.6453,8139.4,7526.4433,17332.03,-6.5451431332,0.310582,0.411835,18.859,0.8499,-0.1011,0.064213,0.695751,-5.11038,133,0.647058,2833.4664,0.126724,0
438,18.688,8096.51,7347.4923,17285.16,-5.576936139,0.316598,0.492349,29.5107,0.8078,-0.3163,0.051288,0.684931,-2.641694,156,0.650396,2444.9777,0.116469,0
439,18.7307,8229.78,7545.2189,17589.84,-6.9796492323,0.235684,0.387182,16.6551,0.8829,0.0293,0.068681,0.719973,-4.378096,155,0.655283,2912.0011,0.121475,0
440,18.7733,8317.71,7457.8768,17414.06,-6.7887316865,0.19963,0.400563,16.7116,0.8499,-0.0043,0.066222,0.723035,-7.246005,166,0.662469,2708.8538,0.12648,0
441,18.816,8405.32,7454.2797,17390.62,-7.0341842845,0.245192,0.385601,16.2753,0.8467,0.0291,0.068977,0.737419,-3.974862,153,0.662912,2883.6322,0.121719,0
442,18.8587,8178.9,7484.5455,17378.91,-6.8699298737,0.278151,0.400006,17.8645,0.8548,-0.0312,0.066322,0.715962,-3.168315,148,0.616689,2927.1724,0.121231,0
443,18.9013,7942.4,7430.7948,17191.41,-6.3701179447,0.256646,0.427216,20.9158,0.875,-0.0824,0.061559,0.691748,-7.098581,168,0.627564,2575.0824,0.115859,0
444,18.944,8011.85,7316.0808,17109.38,-6.1249385091,0.269245,0.453117,23.7548,0.8644,-0.0931,0.057298,0.683235,-1.259818,158,0.65074,2613.7295,0.114028,0
445,18.9867,8292.58,7367.0619,17355.47,-5.9404877058,0.204807,0.464975,24.1837,0.8083,-0.1822,0.055428,0.711562,-5.52521,157,0.630153,2581.3435,0.124771,0
446,19.0293,8171.52,7339.0854,17367.19,-5.4190769692,0.247334,0.499427,30.3131,0.7523,-0.4294,0.050255,0.673754,-3.046271,142,0.641599,2437.4404,0.127701,0
447,19.072,8121.44,7440.9612,17332.03,-6.9352548194,0.201,0.390532,16.8975,0.8984,0.0856,0.068057,0.716478,-5.213808,157,0.646466,2910.4344,0.127701,0
448,19.1147,8199.06,7511.076,17484.38,-6.8528770878,0.169094,0.395547,17.0239,0.8737,0.0132,0.067134,0.712031,-2.998507,164,0.649245,2716.5372,0.125382,0
449,19.1573,8115.76,7421.1002,17378.91,-6.165571238,0.324512,0.446261,23.1916,0.8571,-0.1111,0.058402,0.696606,-7.948964,147,0.65843,2629.161,0.115248,0
450,19.2,8249.95,7498.2059,17484.38,-6.8531208995,0.243481,0.399467,17.8377,0.8559,-0.0251,0.06642,0.724017,-5.615387,159,0.640306,2806.1693,0.11708,0
451,19.2427,8114.53,7410.1783,17507.81,-5.8370701103,0.226779,0.46772,25.8581,0.8448,-0.1827,0.055002,0.69376,-1.73877,144,0.637234,2514.3785,0.120498,0
452,19.2853,8431.48,7544.6011,17753.91,-7.3180666022,0.311873,0.363014,15.1831,0.8656,0.0613,0.073346,0.735592,-7.174541,137,0.622326,2909.8531,0.133073,0
453,19.328,8191.23,7447.2318,17355.47,-6.868395667,0.320343,0.390727,17.032,0.8781,0.0263,0.068021,0.714275,-5.706353,168,0.663904,2929.5051,0.135637,0
454,19.3707,8462.04,7512.124,17554.69,-6.9617845798,0.232516,0.39152,16.4173,0.8077,-0.0698,0.067874,0.726208,-4.413481,171,0.642024,2686.4649,0.124527,0
455,19.4133,8299.7,7440.4718,17191.41,-6.6608703909,0.299771,0.420984,19.539,0.8473,-0.0351,0.062622,0.727999,-6.084991,165,0.631736,2834.3867,0.125015,0
456,19.456,8298.03,7464.7989,17390.62,-6.813816564,0.280583,0.401157,17.9942,0.856,-0.032,0.066114,0.733776,-5.142618,138,0.59943,2818.4564,0.125137,0
457,19.4987,8204.05,7426.6102,17472.66,-6.3154327455,0.290057,0.436475,21.188,0.8445,-0.1063,0.060007,0.70217,-6.667584,161,0.641846,2541.385,0.12001,0
458,19.5413,8250.05,7428.3281,17343.75,-6.0133891681,0.406138,0.455973,23.9838,0.7861,-0.2701,0.056843,0.679969,-7.258548,133,0.622767,2677.6098,0.110243,0
459,19.584,7842.02,7320.5865,17003.91,-5.418359566,0.37654,0.490505,29.7912,0.8505,-0.2296,0.051559,0.630301,-1.415089,146,0.635457,2340.5582,0.109388,0
460,19.6267,8332.28,7557.1574,17601.56,-6.7917305417,0.312089,0.396183,17.5898,0.8404,-0.0459,0.067017,0.713379,-5.425919,152,0.659723,2837.8799,0.113783,0
461,19.6693,7914.78,7404.5136,17121.09,-6.6705605579,0.252996,0.406332,19.6383,0.8987,0.033,0.065186,0.691387,-5.121361,139,0.633652,2825.6785,0.115004,0
462,19.712,8296.47,7494.149,17671.88,-6.4458869192,0.196658,0.425233,20.1618,0.8045,-0.1939,0.061896,0.704356,-1.889401,166,0.655973,2784.8764,0.116469,0
463,19.7547,8230.72,7504.7929,17367.19,-6.5880519076,0.315987,0.41396,18.5569,0.8441,-0.0659,0.06384,0.707431,-6.609338,157,0.652057,2764.3015,0.123062,0
464,19.7973,8355.02,7477.0357,17460.94,-6.7057327373,0.313669,0.401155,18.2825,0.8567,0.0229,0.066115,0.717938,-3.403912,172,0.677327,2811.9639,0.125259,0
465,19.84,8289.09,7479.2633,17367.19,-6.8815636035,0.285245,0.38779,16.7319,0.851,-0.0161,0.068567,0.717403,-4.899706,162,0.649507,2692.8075,0.124039,0
466,19.8827,8026.08,7429.8903,17402.34,-6.4437626299,0.237136,0.422429,20.2502,0.8707,-0.1217,0.062374,0.70839,-3.937691,161,0.64532,2640.4764,0.119277,0
467,19.9253,8050.25,7416.6299,17273.44,-6.0924318065,0.324742,0.447991,23.3349,0.8491,-0.1584,0.058122,0.690285,-7.08806,145,0.636303,2571.6322,0.109144,0
468,19.968,8165.31,7372.1227,17343.75,-6.1466694864,0.30874,0.443038,22.3859,0.8259,-0.1755,0.058927,0.698489,-4.567119,163,0.636668,2696.9412,0.117812,0
469,20.0107,8432.86,7405.5851,17460.94,-5.9223228866,0.256237,0.46406,24.0083,0.7601,-0.2781,0.055571,0.701008,-3.500329,151,0.663758,2612.3564,0.125748,0
470,20.0533,8345.29,7523.6245,17496.09,-6.8815466788,0.254276,0.391773,17.4666,0.862,0.0471,0.067828,0.726055,-6.175164,153,0.63173,2857.2702,0.124527,0
471,20.096,8367.8,7442.4464,17519.53,-6.4110571559,0.316852,0.425813,19.915,0.8175,-0.155,0.061797,0.716461,-4.598557,158,0.640604,2765.2959,0.117934,0
472,20.1387,7965.25,7392.3436,17167.97,-6.4121951333,0.377102,0.431573,20.6417,0.8958,-0.0109,0.060824,0.702644,-5.641242,158,0.652355,2645.7654,0.112196,0
473,20.1813,7837.8,7397.4077,17121.09,-6.0208150241,0.440503,0.450983,23.8834,0.8929,-0.1216,0.05764,0.675296,-1.819105,170,0.623932,2546.8618,0.114516,0
474,20.224,8142.48,7476.7699,17320.31,-6.8833769472,0.274305,0.388621,17.2786,0.862,-0.0247,0.068412,0.713838,-5.563996,162,0.658388,2877.5975,0.117812,0
475,20.2667,8299.18,7492.2144,17519.53,-6.3703830163,0.202761,0.440511,20.8963,0.8101,-0.1738,0.059341,0.725888,-4.99672,138,0.630923,2615.6934,0.126724,0
476,20.3093,8458.81,7445.8553,17414.06,-6.8754939467,0.310023,0.397907,16.7755,0.8499,0.0259,0.066703,0.735844,-6.406023,157,0.620547,2837.3099,0.127579,0
477,20.352,8061.06,7378.4405,17226.56,-5.541253023,0.537113,0.479303,28.3752,0.8036,-0.2706,0.053232,0.637177,-3.767317,158,0.646221,2598.6604,0.121841,0
478,20.3947,8203.62,7453.4109,17484.38,-6.2692095309,0.272942,0.436564,21.2293,0.8394,-0.124,0.059992,0.711905,-2.805552,144,0.659093,2539.3287,0.127579,0
479,20.4373,8453.44,7571.6082,17707.03,-7.219195155,0.263811,0.372183,15.2221,0.8534,0.011,0.07154,0.73484,-5.205505,142,0.641252,2834.206,0.133927,0
480,20.48,8155.55,7332.2218,17390.62,-5.2954286925,0.330477,0.509504,30.6857,0.7938,-0.3798,0.048809,0.667592,-2.202901,157,0.660356,2361.2517,0.117202,0
481,20.5227,7984.48,7393.9782,17273.44,-5.9531654369,0.334338,0.452927,24.3546,0.8484,-0.1753,0.057329,0.679112,-5.042821,175,0.638109,2559.2033,0.113906,0
482,20.5653,8284.42,7415.165,17378.91,-6.4010179656,0.171164,0.432264,20.6648,0.8509,-0.032,0.060708,0.717871,-3.688788,139,0.629939,2909.341,0.119888,0
483,20.608,8410.67,7503.3208,17449.22,-7.142142264,0.19876,0.377942,15.6372,0.8516,0.0383,0.070429,0.732803,-5.201978,160,0.630744,2918.4899,0.122451,0
484,20.6507,7956.57,7368.6988,17191.41,-5.7484751915,0.257237,0.475447,26.7145,0.8349,-0.2513,0.053816,0.671256,-1.718116,148,0.630983,2386.5571,0.126724,0
485,20.6933,8208.88,7452.969,17273.44,-6.8330883192,0.183196,0.397088,17.5929,0.8879,0.0948,0.066852,0.714494,-3.745818,153,0.661412,2652.4319,0.124283,0
486,20.736,8322.38,7455.5134,17425.78,-7.5869853234,0.22612,0.350294,13.3361,0.8971,0.1536,0.075928,0.743257,-4.991412,141,0.60685,2930.95,0.124893,0
487,20.7787,8244.1,7489.3042,17355.47,-6.3126839608,0.264718,0.431645,20.9798,0.8299,-0.1492,0.060812,0.717131,-6.562861,138,0.624297,2689.6844,0.129654,0
488,20.8213,8185.41,7447.9842,17332.03,-6.9138625808,0.270185,0.398483,17.5864,0.8633,0.008,0.066598,0.72074,-5.692612,146,0.610767,2918.2938,0.132707,0
489,20.864,8429.77,7450.3057,17472.66,-6.2086193522,0.280788,0.441323,21.5984,0.8029,-0.1363,0.059207,0.711712,-4.272182,158,0.619767,2563.5772,0.123306,0
490,20.9067,7970.46,7356.933,17238.28,-5.5205768141,0.337818,0.488834,28.8022,0.8149,-0.2988,0.051806,0.655789,-1.070577,168,0.616178,2357.1309,0.116225,0
491,20.9493,8093.63,7429.9304,17296.88,-6.882775954,0.231013,0.393476,17.7782,0.8848,0.0469,0.067514,0.701963,-7.077817,163,0.665484,2805.1549,0.118056,0
492,20.992,8238.11,7482.9144,17460.94,-6.655567058,0.191578,0.409988,18.5482,0.856,-0.0347,0.064538,0.718204,-5.670845,150,0.643465,2870.7177,0.12062,0
493,21.0347,8192.9,7431.5018,17320.31,-6.0230303031,0.252513,0.453714,23.9904,0.8277,-0.1503,0.057203,0.686039,-4.173955,153,0.640113,2505.5512,0.122818,0
494,21.0773,8110.1,7322.447,17132.81,-5.6117102785,0.300491,0.489202,27.3945,0.8139,-0.2508,0.051752,0.678907,-4.472297,152,0.647555,2356.3151,0.120132,0
495,21.12,8024.24,7430.8918,17273.44,-6.5561876947,0.156611,0.422892,19.7204,0.8568,-0.0832,0.062295,0.696875,-7.520894,152,0.630527,2804.6751,0.117324,0
496,21.1627,8301.82,7532.3597,17660.16,-6.8597628827,0.298496,0.396298,17.2742,0.8461,-0.0569,0.066996,0.720643,-2.509516,167,0.628984,2883.2015,0.1288,0
497,21.2053,8343.28,7488.7124,17484.38,-7.4017835573,0.293669,0.364459,14.2437,0.8721,0.0983,0.073059,0.743602,-6.193402,158,0.610944,2902.1654,0.129044,0
498,21.248,8096.45,7454.4769,17378.91,-6.9617957639,0.251248,0.388655,17.426,0.8996,0.089,0.068406,0.718705,-4.24791,132,0.606222,2759.3548,0.121109,0
499,21.2907,8142.25,7417.5263,17367.19,-6.0181955891,0.183422,0.448639,22.9325,0.8166,-0.2261,0.058017,0.701048,-4.351461,171,0.659701,2750.6938,0.118301,0
500,21.3333,7984.51,7454.069,17261.72,-5.863921348,0.318645,0.461851,24.1554,0.8174,-0.2706,0.055916,0.677776,-8.905239,146,0.644973,2576.0445,0.11415,0
501,21.376,8229.86,7470.0057,17390.62,-6.3526941064,0.303894,0.428669,20.8011,0.8462,-0.0906,0.061313,0.713945,-5.833762,150,0.632617,2745.4107,0.119521,0
502,21.4187,8249.04,7457.4539,17519.53,-6.338486743,0.320323,0.432352,20.8706,0.8398,-0.1193,0.060694,0.709026,-4.962586,144,0.594446,2780.3499,0.120376,0
503,21.4613,8137.4,7408.8137,17355.47,-5.7558387274,0.308386,0.471287,24.473,0.7972,-0.3291,0.054452,0.684531,-5.552061,139,0.624557,2511.0748,0.115248,0
504,21.504,7894.72,7421.8183,17156.25,-6.155788975,0.247084,0.441924,22.4963,0.8881,-0.0796,0.059109,0.673715,-9.403719,137,0.618257,2623.2791,0.112807,0
505,21.5467,8070.32,7418.0932,17226.56,-7.0034304026,0.356596,0.386549,16.6672,0.9135,0.1047,0.068799,0.723964,-4.670771,141,0.652019,2848.9344,0.11244,0
506,21.5893,8077.95,7286.9482,17097.66,-5.5630825084,0.281158,0.487459,27.3637,0.8149,-0.2467,0.05201,0.676745,-2.586451,152,0.644139,2495.1511,0.127213,0
507,21.632,8540.99,7475.4895,17613.28,-6.6504366037,0.324059,0.407108,17.9363,0.816,-0.0502,0.065048,0.728751,-5.575298,166,0.638056,2850.2375,0.133195,0
508,21.6747,8024.03,7374.9662,17179.69,-5.8231084028,0.236867,0.465799,25.7602,0.822,-0.21,0.0553,0.665056,-4.616826,165,0.657147,2449.6628,0.12062,0
509,21.7173,8120.22,7444.326,17214.84,-6.5751553971,0.209407,0.41735,19.6778,0.8867,0.05,0.06325,0.704708,-5.295548,146,0.642437,2517.6327,0.118667,0
510,21.76,8015.89,7487.3109,17203.12,-6.2009115159,0.260387,0.444163,22.1167,0.8522,-0.1341,0.058743,0.687862,-6.555514,158,0.642473,2538.6516,0.122818,0
511,21.8027,8593.78,7456.6172,17601.56,-6.4455403743,0.198032,0.426022,19.7399,0.7895,-0.1299,0.061761,0.742346,-3.082147,173,0.626469,2794.1131,0.124283,0
512,21.8453,8294.05,7432.611,17085.94,-6.6581796549,0.182112,0.406894,19.2595,0.8113,-0.0847,0.065086,0.707372,-3.172101,174,0.630645,2872.8179,0.127091,0
513,21.888,8317.26,7437.2079,17425.78,-5.974821636,0.308126,0.459025,23.4131,0.8012,-0.2443,0.056361,0.715324,-2.950389,143,0.628676,2643.107,0.128312,0
514,21.9307,7889.8,7435.5767,17390.62,-5.9484903762,0.338002,0.453828,24.8013,0.8457,-0.2436,0.057185,0.667947,-1.0027,166,0.669707,2444.4713,0.122451,0
515,21.9733,8302.25,7441.7328,17484.38,-5.9438072959,0.231719,0.46291,23.6761,0.7794,-0.2823,0.055751,0.695927,-5.730265,155,0.690998,2601.3224,0.119644,0
516,22.016,8126.74,7423.1508,17308.59,-6.6148611153,0.303604,0.414965,18.5042,0.8827,0.0081,0.063665,0.72087,-4.460256,178,0.635825,2790.111,0.125748,0
517,22.0587,8215.7,7459.844,17507.81,-6.4444496522,0.274296,0.430756,21.0265,0.8527,-0.0638,0.060962,0.722816,-4.597012,153,0.627447,2675.3462,0.124527,0
518,22.1013,8339.8,7441.7393,17367.19,-6.4677568476,0.27694,0.42418,19.602,0.8257,-0.063,0.062075,0.712331,-3.41285,150,0.614855,2727.0692,0.122451,0
519,22.144,8155.84,7445.2529,17378.91,-6.615895646,0.36602,0.412314,18.8253,0.8521,-0.0637,0.064129,0.707204,-8.37038,140,0.632127,2772.6709,0.133073,0
520,22.1867,8490.65,7506.8337,17812.5,-6.398966697,0.222251,0.432077,20.1482,0.7998,-0.1602,0.06074,0.712328,-4.815571,153,0.649038,2721.1387,0.131608,0
521,22.2293,8055.36,7446.7385,17261.72,-6.1569760768,0.380641,0.446039,22.9767,0.8485,-0.1399,0.058438,0.675127,-0.45143,143,0.638281,2605.1916,0.119033,0
522,22.272,7955.91,7352.8504,17261.72,-5.4994166377,0.164212,0.4996,30.708,0.8249,-0.3261,0.05023,0.6693,-2.923466,152,0.635072,2448.7613,0.120376,0
523,22.3147,8251.73,7496.7891,17449.22,-6.8645329503,0.199736,0.395384,17.1958,0.8548,-0.012,0.067163,0.713236,-5.543202,130,0.643039,2795.0532,0.125015,0
524,22.3573,8244.62,7487.9139,17367.19,-6.8011651789,0.31583,0.395369,17.3442,0.8557,0.0155,0.067166,0.705385,-3.481067,167,0.602831,2880.7519,0.116103,0
525,22.4,8058.95,7388.9101,17273.44,-5.8848816465,0.244977,0.464866,24.4816,0.8355,-0.1966,0.055445,0.690299,-2.787176,165,0.638382,2677.7973,0.117324,0
526,22.4427,8357.93,7483.4611,17472.66,-6.4575517814,0.259568,0.426462,19.4642,0.837,-0.0794,0.061687,0.707899,-3.289606,152,0.661282,2684.5745,0.12648,0
527,22.4853,8195.72,7492.3971,17378.91,-6.4765806294,0.331505,0.422909,19.6188,0.858,-0.0351,0.062292,0.708071,-6.215234,148,0.603843,2766.1585,0.121109,0
528,22.528,8143.26,7419.5306,17167.97,-6.7192463782,0.189454,0.405254,19.6037,0.8749,0.0714,0.065379,0.717428,-5.663883,151,0.60558,2755.8255,0.116469,0
529,22.5707,8102.04,7284.6601,17261.72,-4.8066436217,0.20334,0.537987,39.0178,0.7168,-0.5961,0.044871,0.595112,0.761513,146,0.652838,2220.8553,0.121109,0
530,22.6133,8438.45,7510.2706,17625.0,-6.927882162,0.173147,0.391149,16.6415,0.8227,-0.0516,0.067943,0.729423,-6.375196,151,0.656494,2925.4676,0.12062,0
531,22.656,8048.88,7380.2017,17226.56,-6.2053565819,0.374766,0.439977,22.2001,0.8531,-0.1221,0.059428,0.678427,-4.469543,146,0.645364,2573.9368,0.122818,0
532,22.6987,7980.92,7285.0718,17085.94,-5.9701425734,0.234926,0.455738,24.2068,0.8555,-0.1136,0.056881,0.694196,-3.452144,153,0.638752,2657.1395,0.124039,0
533,22.7413,8090.19,7374.0686,17296.88,-5.6621326352,0.206647,0.481883,27.0833,0.8119,-0.2583,0.052843,0.679071,-2.83027,141,0.647914,2512.136,0.116469,0
534,22.784,8119.74,7366.6429,17320.31,-5.9254721267,0.258842,0.462562,23.879,0.828,-0.2416,0.055805,0.708787,-4.418892,173,0.644388,2451.4975,0.114516,0
535,22.8267,7981.29,7349.8431,16957.03,-6.680331693,0.381927,0.405123,19.567,0.9252,0.1674,0.065402,0.702843,-5.385993,153,0.660366,2741.427,0.125259,0
536,22.8693,8352.0,7530.1274,17730.47,-6.2991506084,0.174848,0.433527,20.1654,0.7946,-0.2345,0.060497,0.71556,-4.778089,165,0.65323,2746.8123,0.127335,0
537,22.912,8201.41,7490.5358,17542.97,-6.224634501,0.30882,0.429866,21.6761,0.8331,-0.1472,0.061111,0.68848,-6.269684,153,0.628119,2803.7389,0.125748,0
538,22.9547,8205.22,7483.1366,17390.62,-7.3149366081,0.311243,0.361631,15.6131,0.8953,0.141,0.073622,0.720908,-6.3018,144,0.636767,2840.7032,0.127823,0
539,22.9973,8381.82,7461.4723,17566.41,-6.1619962316,0.247934,0.450521,20.827,0.8035,-0.1897,0.057714,0.705226,-7.469828,138,0.638022,2614.86,0.118545,0
540,23.04,8063.73,7413.0501,17273.44,-6.7240875539,0.286164,0.407932,18.1789,0.8716,-0.0439,0.064902,0.710992,-10.627791,137,0.611413,2770.1022,0.121353,0
541,23.0827,8274.17,7438.921,17437.5,-6.5569778221,0.22481,0.418464,19.8009,0.8392,-0.0667,0.063057,0.724703,-4.411776,168,0.624916,2900.2255,0.120986,0
542,23.1253,8053.06,7468.4615,17296.88,-6.8171341931,0.263109,0.400992,17.9741,0.9208,0.0929,0.066144,0.715896,-6.319679,160,0.649142,2842.0131,0.120498,0
543,23.168,8259.9,7393.8894,17378.91,-6.5023530448,0.238078,0.420974,20.0683,0.8479,-0.0724,0.062624,0.72855,-6.022757,157,0.636123,2745.9435,0.128067,0
544,23.2107,8117.05,7539.255,17484.38,-6.815123249,0.324199,0.394218,17.4366,0.8677,-0.0434,0.067377,0.701569,-4.052091,154,0.648972,2861.2161,0.125626,0
545,23.2533,7883.16,7317.1896,17074.22,-5.916988091,0.300096,0.456793,24.6604,0.8691,-0.1497,0.056713,0.68145,-4.221615,152,0.661464,2526.8931,0.120742,0
546,23.296,8091.5,7450.3753,17355.47,-6.307322229,0.293355,0.434979,20.8263,0.8362,-0.1489,0.060255,0.704297,-3.643642,141,0.648871,2744.61,0.115493,0
547,23.3387,8355.64,7508.0734,17707.03,-5.7017063636,0.364347,0.478188,25.4129,0.7827,-0.3187,0.0534,0.693527,-2.522906,169,0.639602,2457.2916,0.118667,0
548,23.3813,8287.23,7471.1526,17507.81,-6.158022215,0.363528,0.442448,22.0671,0.82,-0.1823,0.059023,0.702157,-3.62994,152,0.645868,2715.2291,0.126114,0
549,23.424,8549.95,7541.4244,17671.88,-7.1488020628,0.229075,0.374998,15.3862,0.8235,-0.0144,0.070995,0.74185,-5.294881,146,0.628776,3005.5344,0.134416,0
550,23.4667,8415.76,7516.8379,17636.72,-6.4269462126,0.308053,0.420286,20.16,0.8035,-0.1357,0.062742,0.715904,-3.613526,143,0.63389,2758.9749,0.125504,0
551,23.5093,8406.2,7535.6326,17566.41,-6.5127100912,0.272318,0.422647,20.3774,0.8119,-0.1142,0.062337,0.716572,-7.221787,157,0.625292,2775.797,0.116103,0
552,23.552,8113.27,7468.2913,17414.06,-5.6399328174,0.257859,0.478074,26.2451,0.8101,-0.2786,0.053417,0.676887,-1.672253,152,0.633278,2611.9438,0.118911,0
553,23.5947,7939.76,7402.8723,17191.41,-5.9442331004,0.369094,0.451676,25.2309,0.8543,-0.1266,0.057529,0.676126,-8.385944,145,0.615639,2657.4785,0.110975,0
554,23.6373,7924.6,7394.4106,17074.22,-6.1244960896,0.255711,0.451906,24.5967,0.8911,-0.0555,0.057492,0.686206,-4.897975,152,0.64977,2550.165,0.113173,0
555,23.68,7999.22,7517.8909,17449.22,-6.3835627242,0.17105,0.42597,22.0132,0.8875,-0.0518,0.06177,0.692067,-2.715154,145,0.615989,2706.8501,0.120132,0
556,23.7227,8189.96,7423.1777,17472.66,-5.4983412229,0.364503,0.489009,28.74,0.7821,-0.3452,0.051781,0.635909,-8.053195,143,0.652573,2425.2222,0.112318,0
557,23.7653,8353.77,7374.926,17320.31,-5.7656333247,0.208231,0.477301,25.9433,0.7945,-0.2068,0.053535,0.688076,-8.241251,151,0.632048,2589.2043,0.119277,0
558,23.808,8156.85,7478.8674,17332.03,-6.8559083146,0.214439,0.389278,18.168,0.8697,0.0157,0.06829,0.70151,-1.702885,167,0.68087,2808.8424,0.125015,0
559,23.8507,8198.92,7460.4952,17378.91,-6.1379856996,0.329517,0.451245,23.1465,0.8398,-0.113,0.057598,0.691166,-4.072446,156,0.65085,2667.8453,0.121353,0
560,23.8933,8224.33,7375.1112,17261.72,-6.2133493809,0.323326,0.440903,20.2641,0.8295,-0.1189,0.059276,0.710902,-5.790933,168,0.626118,2853.9748,0.120742,0
561,23.936,7695.66,7327.2941,17015.62,-5.4932879621,0.383719,0.486893,29.4392,0.8511,-0.3116,0.052094,0.648182,-2.462304,170,0.669262,2296.5159,0.114516,0
562,23.9787,8158.45,7464.1979,17390.62,-6.6905040062,0.263877,0.405311,18.5983,0.8797,-0.0086,0.065369,0.71619,-5.034975,153,0.703278,2985.0222,0.120742,0
563,24.0213,8291.71,7464.6399,17496.09,-6.0052341703,0.410552,0.455878,22.8185,0.8277,-0.1591,0.056858,0.685563,-2.703976,126,0.652052,2647.8165,0.127335,0
564,24.064,8385.13,7497.38,17507.81,-6.4857722766,0.330289,0.415807,19.6504,0.8365,-0.051,0.063518,0.713913,-4.76777,158,0.636912,2647.7921,0.127701,0
565,24.1067,8327.83,7494.9848,17531.25,-7.1482006232,0.227352,0.375768,15.4018,0.8937,0.136,0.070847,0.733701,-6.079371,158,0.626029,2930.5919,0.129288,0
566,24.1493,8389.82,7484.8824,17566.41,-6.3330689189,0.299844,0.43381,21.0477,0.8119,-0.1481,0.06045,0.72514,-4.224685,150,0.613586,2691.8819,0.123672,0
567,24.192,8235.98,7495.5071,17613.28,-6.6929748778,0.203932,0.407371,18.9695,0.8787,0.0146,0.065002,0.719709,-3.821408,160,0.617323,2813.5595,0.123794,0
568,24.2347,8428.33,7454.7577,17660.16,-6.9970191491,0.500197,0.382141,15.6515,0.8739,0.0785,0.069629,0.740082,-5.788841,144,0.63545,2913.0877,0.129044,0
569,24.2773,8164.67,7425.317,17355.47,-6.2825081556,0.314011,0.435875,21.3468,0.8504,-0.0994,0.060106,0.704059,-3.244953,147,0.649306,2724.8605,0.116591,0
570,24.32,7945.58,7392.1316,17074.22,-6.4031538771,0.188198,0.429038,21.4434,0.8859,-0.0124,0.061251,0.68993,-2.500567,161,0.667321,2735.3594,0.113661,0
571,24.3627,8232.49,7402.0332,17472.66,-5.9748937777,0.252456,0.467438,25.114,0.8123,-0.2141,0.055046,0.708714,-7.16639,140,0.629042,2475.6489,0.117812,0
572,24.4053,8037.22,7524.3371,17367.19,-6.7329042223,0.347904,0.396485,18.8898,0.9016,0.0377,0.066962,0.690765,-4.456979,151,0.636652,2809.3995,0.114882,0
573,24.448,8083.75,7431.3002,17296.88,-6.1497562178,0.314187,0.441393,21.4595,0.8574,-0.1027,0.059196,0.689945,-1.626476,167,0.61963,2748.8555,0.118423,0
574,24.4907,8443.8,7508.3434,17613.28,-6.9050092945,0.228024,0.391567,17.7787,0.854,0.0667,0.067866,0.724018,-3.778726,145,0.650695,2937.9459,0.122451,0
575,24.5333,8111.11,7434.3815,17390.62,-5.9239001174,0.288404,0.458736,24.0689,0.8491,-0.1588,0.056406,0.691595,-1.384293,157,0.631147,2530.887,0.122818,0
576,24.576,8158.29,7343.2069,17238.28,-6.2196156084,0.215492,0.449109,23.0441,0.8429,-0.084,0.057941,0.708932,-2.490422,164,0.62964,2600.5894,0.12062,0
577,24.6187,8181.59,7423.9523,17343.75,-6.7336739828,0.427568,0.398859,17.9808,0.8533,-0.0053,0.06653,0.70665,-5.265911,136,0.622753,2851.5661,0.122696,0
578,24.6613,7917.03,7399.7871,17214.84,-5.973972928,0.171444,0.451851,24.9782,0.8761,-0.0975,0.057501,0.675997,-8.094008,163,0.633091,2636.5825,0.124161,0
579,24.704,8191.11,7382.2903,17191.41,-5.5895675248,0.346373,0.485465,28.2345,0.7837,-0.3293,0.052307,0.676225,-1.915679,166,0.63937,2544.4741,0.121597,0
580,24.7467,8035.0,7412.7132,17273.44,-6.3756708278,0.179048,0.430886,21.6683,0.8645,-0.0628,0.06094,0.693085,-5.172446,149,0.63655,2667.1511,0.111708,0
581,24.7893,8029.28,7358.2314,17226.56,-5.3564128739,0.204829,0.504776,31.3546,0.8216,-0.2838,0.049484,0.649246,-1.068404,133,0.633524,2316.1627,0.109633,0
582,24.832,8229.21,7466.9307,17566.41,-6.2295292344,0.313028,0.434848,20.8959,0.8261,-0.1871,0.060277,0.706698,-5.988265,162,0.647155,2650.5563,0.119033,0
583,24.8747,7955.59,7461.1134,17285.16,-6.1789783717,0.321713,0.43266,21.3298,0.8788,-0.0829,0.060642,0.683691,-3.833132,153,0.653082,2644.84,0.118545,0
584,24.9173,8104.87,7385.2493,17402.34,-5.8413054698,0.32044,0.469557,24.776,0.8116,-0.2658,0.054719,0.683443,-2.519008,147,0.655158,2589.5926,0.123794,0
585,24.96,8185.58,7450.2626,17320.31,-6.3470547167,0.246278,0.426453,20.3948,0.8472,-0.0643,0.061688,0.69902,-0.280792,165,0.620504,2729.4454,0.127579,0
586,25.0027,8244.47,7341.6075,17332.03,-6.0844689888,0.282106,0.454546,22.3722,0.8313,-0.0932,0.05707,0.710048,-2.788451,169,0.622179,2597.3103,0.123184,0
587,25.0453,8266.65,7433.1433,17390.62,-6.4851143518,0.26693,0.425204,20.3062,0.8275,-0.1016,0.0619,0.716087,-5.523363,158,0.639874,2637.6372,0.125259,0
588,25.088,8213.57,7297.7792,17296.88,-5.4922100334,0.243545,0.495365,27.4663,0.7756,-0.3454,0.050846,0.67713,-2.605646,153,0.638863,2391.9077,0.128312,0
589,25.1307,8558.56,7395.4515,17437.5,-6.5044703138,0.32751,0.416948,19.003,0.7788,-0.1222,0.06332,0.720223,-3.387858,162,0.634457,2805.0157,0.123184,0
590,25.1733,8277.84,7370.2854,17460.94,-5.3964631865,0.258743,0.504729,29.8723,0.7514,-0.4136,0.04949,0.67422,-1.699919,164,0.655289,2563.5308,0.130387,0
591,25.216,8554.93,7548.7496,17636.72,-6.7880564735,0.247989,0.397609,17.8377,0.7909,-0.1152,0.066757,0.726659,-3.198507,134,0.580681,2689.6545,0.132707,0
592,25.2587,7964.84,7353.3182,17074.22,-5.9219529216,0.320723,0.458532,24.6714,0.82,-0.256,0.056438,0.661499,-1.284335,145,0.648296,2531.7122,0.118545,0
593,25.3013,8047.1,7395.7523,17261.72,-5.7604977733,0.223987,0.475669,25.0287,0.8159,-0.2556,0.053783,0.68532,-4.567474,143,0.663161,2401.2443,0.117446,0
594,25.344,8269.62,7336.065,17402.34,-5.6842295605,0.276728,0.481451,26.3658,0.7762,-0.3098,0.052908,0.695136,-2.844519,178,0.642031,2507.3017,0.125504,0
595,25.3867,8296.3,7525.6102,17437.5,-6.8525918762,0.227828,0.397113,18.2685,0.8336,-0.0488,0.066848,0.714286,-6.666265,168,0.630995,2833.7057,0.130631,0
596,25.4293,8331.51,7375.9862,17414.06,-6.0224748529,0.265771,0.465504,22.2674,0.7884,-0.2349,0.055346,0.720988,-3.823042,147,0.623098,2654.5814,0.129166,0
597,25.472,8080.33,7422.0267,17238.28,-6.4121482096,0.223911,0.42801,20.7821,0.8556,-0.0975,0.061424,0.699422,-9.771111,158,0.637937,2741.574,0.120986,0
598,25.5147,8082.59,7374.3331,17179.69,-6.1447204221,0.296334,0.443689,23.3494,0.8461,-0.1042,0.05882,0.691913,-6.851929,168,0.633073,2663.4011,0.119399,0
599,25.5573,7999.56,7370.6331,17250.0,-5.9350368026,0.260685,0.459891,25.1707,0.8459,-0.1941,0.056224,0.676765,-2.407991,146,0.63041,2539.614,0.118911,0
600,25.6,7936.46,7361.9451,17144.53,-5.6860267575,0.307111,0.481165,26.492,0.8163,-0.3308,0.052951,0.673764,-1.727229,147,0.640627,2406.2058,0.112563,0
601,25.6427,8342.95,7501.7493,17437.5,-7.2358974381,0.195988,0.367856,15.0599,0.8349,-0.0139,0.072387,0.728418,-7.273618,140,0.656486,2880.5765,0.121475,0
602,25.6853,8215.06,7391.7312,17179.69,-6.3319588426,0.307756,0.433238,20.8897,0.8418,-0.0518,0.060546,0.705323,-5.506723,154,0.622273,2751.9135,0.122818,0
603,25.728,7919.91,7388.3929,17144.53,-6.2958379039,0.253155,0.43673,22.5584,0.8889,-0.0137,0.059964,0.686582,-1.597083,159,0.63275,2617.6431,0.113173,0
604,25.7707,8024.67,7434.3766,17238.28,-6.4938830131,0.220538,0.419296,21.1328,0.8735,-0.0166,0.062913,0.688235,-3.62056,143,0.642471,2785.0165,0.119888,0
605,25.8133,8094.41,7485.7687,17367.19,-6.734260231,0.188186,0.399245,18.2569,0.8831,0.0429,0.06646,0.708988,-7.480272,154,0.632295,2983.1732,0.123184,0
606,25.856,8146.7,7381.3212,17332.03,-6.0526925409,0.266497,0.454843,22.9188,0.8031,-0.2387,0.057023,0.700133,-4.85387,161,0.663238,2593.1532,0.114272,0
607,25.8987,8056.94,7381.542,17285.16,-5.4070187546,0.29752,0.491434,29.8675,0.7741,-0.3998,0.051423,0.654665,-2.501511,153,0.62228,2342.9495,0.110487,0
608,25.9413,8043.62,7443.4352,17261.72,-6.1941081426,0.189167,0.442899,23.3703,0.8594,-0.1127,0.058949,0.697894,-3.03119,170,0.652869,2617.7634,0.117202,0
609,25.984,8134.79,7429.9246,17261.72,-6.2376426409,0.246123,0.438187,21.587,0.8453,-0.1261,0.059723,0.706578,-2.52504,157,0.626911,2587.3308,0.11708,0
610,26.0267,8269.85,7412.93,17308.59,-6.7494070294,0.242857,0.406579,18.5107,0.873,0.0424,0.065142,0.723762,-1.956467,149,0.623499,2837.7919,0.127457,0
611,26.0693,8351.62,7446.1481,17343.75,-6.5422788642,0.219397,0.421649,19.1675,0.8244,-0.0849,0.062508,0.724387,-4.517857,161,0.60648,2690.6534,0.136125,0
612,26.112,8205.47,7386.3589,17238.28,-6.0881091117,0.311386,0.445329,21.6034,0.8121,-0.2026,0.058553,0.704961,-6.423822,150,0.63945,2712.53,0.121353,0
613,26.1547,8070.92,7427.3714,17449.22,-5.432447371,0.363791,0.498691,29.6773,0.8046,-0.3689,0.050361,0.66399,-2.631406,139,0.649131,2342.8789,0.1089,0
614,26.1973,8051.53,7442.1047,17308.59,-6.2669725304,0.320627,0.439935,21.4619,0.8641,-0.0924,0.059435,0.684566,-4.295162,159,0.614304,2630.305,0.104749,0
615,26.24,8023.7,7411.3474,17273.44,-6.0071137365,0.370366,0.451707,24.1145,0.8516,-0.1577,0.057524,0.683166,-5.522591,157,0.648067,2524.9934,0.113173,0
616,26.2827,8175.78,7525.8617,17531.25,-6.8416228122,0.361358,0.38949,17.623,0.8807,0.032,0.068251,0.700418,-2.685891,174,0.672503,2954.5328,0.117934,0
617,26.3253,7916.61,7347.1661,17109.38,-5.8340995181,0.346658,0.474611,26.3112,0.849,-0.2063,0.053944,0.679927,-7.970453,131,0.663622,2485.595,0.107801,0
618,26.368,7977.91,7473.1975,17332.03,-6.4187875556,0.282119,0.418946,20.8369,0.8684,-0.0651,0.062974,0.670899,-6.328694,152,0.634663,2698.0988,0.109633,0
619,26.4107,8164.72,7391.4063,17191.41,-6.6287070156,0.233845,0.415837,19.2922,0.8734,-0.007,0.063513,0.728013,-3.64069,155,0.661577,2920.4574,0.130021,0
620,26.4533,8398.9,7441.8021,17566.41,-6.5265516725,0.328271,0.416667,19.5378,0.8458,-0.0447,0.063368,0.74255,-4.911596,156,0.633056,2777.8633,0.132218,0
621,26.496,7980.57,7342.4661,17027.34,-6.2477026583,0.182798,0.443358,22.7899,0.87,-0.0698,0.058874,0.703836,-5.030775,160,0.63484,2679.3033,0.120742,0
622,26.5387,8149.84,7499.6612,17519.53,-6.1904480777,0.258904,0.447179,22.7449,0.8343,-0.1601,0.058253,0.705549,-7.123761,137,0.633038,2706.0086,0.124527,0
623,26.5813,8376.3,7511.7644,17554.69,-5.7478551075,0.413966,0.475245,25.6265,0.7518,-0.3567,0.053847,0.687708,-5.155202,167,0.595909,2617.8064,0.128312,0
624,26.624,8170.07,7545.2275,17472.66,-6.8341656245,0.223848,0.391717,16.8388,0.8677,-0.0362,0.067838,0.712788,-7.929964,143,0.630455,2817.7698,0.120742,0
625,26.6667,8263.72,7500.991,17496.09,-7.2284997232,0.251681,0.363801,15.137,0.8606,0.0148,0.073189,0.722752,-7.394174,150,0.672438,2901.8995,0.122085,0
626,26.7093,8390.23,7342.3837,17367.19,-5.6438792622,0.234899,0.483715,25.8828,0.7561,-0.3045,0.052568,0.702051,-2.47706,146,0.675423,2516.3696,0.129532,0
627,26.752,8183.49,7539.8939,17625.0,-6.4335770195,0.33036,0.429304,20.1829,0.8392,-0.1405,0.061206,0.702591,-3.503113,150,0.647769,2725.3679,0.124649,0
628,26.7947,8224.71,7448.7789,17636.72,-5.2113571815,0.248386,0.51365,31.1963,0.7499,-0.4874,0.048222,0.648077,-1.71479,161,0.615707,2316.9724,0.116103,0
629,26.8373,8062.27,7428.1253,17238.28,-6.7551047089,0.213327,0.402582,19.0868,0.9048,0.1122,0.065858,0.703624,-5.547979,167,0.641929,2820.1403,0.115859,0
630,26.88,8076.64,7374.5103,17191.41,-5.5951150343,0.252124,0.487637,29.2292,0.8052,-0.2689,0.051984,0.668398,-6.412153,149,0.641653,2558.3013,0.11708,0
631,26.9227,8095.21,7387.9235,17285.16,-6.1149919477,0.195095,0.448757,22.5351,0.8253,-0.1618,0.057998,0.696596,-3.820583,160,0.624101,2565.6776,0.121719,0
632,26.9653,8242.87,7515.1887,17460.94,-6.8517160914,0.273718,0.389156,17.2638,0.854,-0.0373,0.068313,0.708474,-4.879489,155,0.657235,3006.5757,0.124161,0
633,27.008,7999.1,7321.1095,17144.53,-6.220980312,0.313047,0.448555,23.6696,0.8433,-0.0959,0.058031,0.682324,-8.868278,162,0.629487,2660.3561,0.121475,0
634,27.0507,8321.56,7474.891,17636.72,-6.9517745553,0.25654,0.384725,16.7512,0.8533,-0.0116,0.069142,0.713082,-2.087019,161,0.651019,2877.0767,0.118056,0
635,27.0933,8104.21,7411.8153,17308.59,-6.1460033919,0.230662,0.447713,22.4297,0.8416,-0.1318,0.058167,0.699598,-3.595264,137,0.622426,2761.9087,0.121353,0
636,27.136,8243.12,7401.1837,17355.47,-6.5445676097,0.284806,0.421255,19.812,0.8517,-0.0586,0.062576,0.721859,-3.906749,151,0.639553,2675.8797,0.122574,0
637,27.1787,8182.83,7515.5739,17496.09,-6.4351133905,0.346363,0.420155,19.5873,0.8483,-0.0927,0.062765,0.697619,-5.467731,140,0.660731,2697.2802,0.116591,0
638,27.2213,8207.64,7453.8567,17320.31,-6.5795252165,0.258916,0.419144,20.4171,0.8629,0.0321,0.062939,0.713301,-3.451698,142,0.638569,2691.1067,0.122696,0
639,27.264,8132.39,7379.3278,17273.44,-6.1612313687,0.309568,0.452865,22.7677,0.8265,-0.1674,0.057339,0.702248,-5.427492,135,0.619489,2688.2181,0.12587,0
640,27.3067,8134.98,7393.3328,17367.19,-5.5323181924,0.198968,0.489838,28.9992,0.7892,-0.3055,0.051658,0.645268,-2.974601,156,0.647327,2519.6041,0.116836,0
641,27.3493,8401.38,7489.1656,17484.38,-6.3740172353,0.288247,0.429905,20.6682,0.8085,-0.1369,0.061105,0.714743,-7.278273,145,0.637422,2717.7957,0.116225,0
642,27.392,8388.64,7461.4595,17449.22,-6.4947357244,0.239043,0.421109,20.0003,0.8242,-0.0853,0.062601,0.723389,-3.257125,165,0.628589,2825.4051,0.125504,0
643,27.4347,8204.37,7486.3496,17542.97,-6.7486404317,0.262119,0.396102,17.0939,0.8887,0.0641,0.067032,0.711892,-6.905655,150,0.642797,2835.6456,0.125015,0
644,27.4773,8157.53,7426.7046,17273.44,-6.2508700395,0.342967,0.431507,21.3497,0.8407,-0.1295,0.060835,0.687945,-4.421936,147,0.67197,2581.3185,0.120376,0
645,27.52,8346.66,7498.7612,17484.38,-7.2803810835,0.305981,0.364223,14.648,0.867,0.1044,0.073106,0.726197,-6.36882,161,0.661567,2909.4934,0.123306,0
646,27.5627,8314.72,7423.5505,17402.34,-6.5225956397,0.224801,0.42274,19.7261,0.833,-0.0549,0.062321,0.719109,-3.76965,136,0.644068,2768.2293,0.123672,0
647,27.6053,8071.66,7383.5746,17191.41,-6.932238749,0.22426,0.383418,17.4471,0.9268,0.1468,0.069388,0.723415,-4.959877,175,0.686266,2872.5042,0.120986,0
648,27.648,8153.39,7516.4412,17367.19,-6.7369065119,0.266759,0.397842,18.181,0.8566,-0.0238,0.066715,0.698377,-5.632301,160,0.6943,2834.607,0.118789,0
649,27.6907,7976.04,7310.0559,17085.94,-6.0954682998,0.317597,0.446373,24.3041,0.8813,-0.0684,0.058384,0.702683,-2.278171,169,0.655575,2737.6258,0.122085,0
650,27.7333,8297.36,7468.9187,17449.22,-6.3467210753,0.246382,0.434351,20.1581,0.8582,-0.0472,0.06036,0.715662,-5.409526,148,0.663877,2684.3398,0.127091,0
651,27.776,8462.75,7518.6215,17578.12,-6.7688533282,0.306927,0.401971,18.1002,0.8172,-0.0598,0.065968,0.712412,-4.966479,142,0.626091,2879.3754,0.129166,0
652,27.8187,8302.01,7493.7805,17531.25,-7.0259285522,0.230674,0.384163,15.4652,0.8658,0.0074,0.069247,0.730873,-4.637147,154,0.640369,2954.6846,0.127823,0
653,27.8613,8222.94,7487.1962,17414.06,-6.4985996595,0.32475,0.421552,20.2177,0.8343,-0.1247,0.062525,0.71361,-4.824528,156,0.654397,2752.9756,0.124039,0
654,27.904,8089.86,7376.1698,17203.12,-6.3457115565,0.286165,0.43418,21.7168,0.8406,-0.1141,0.060388,0.702637,-4.924251,153,0.609571,2701.0828,0.119644,0
655,27.9467,8112.14,7363.595,17308.59,-5.6390840737,0.233168,0.487961,27.0648,0.8104,-0.3074,0.051936,0.688935,-2.115526,154,0.633683,2465.0173,0.120132,0
656,27.9893,8105.8,7496.3865,17531.25,-5.9771205326,0.313187,0.447667,24.3204,0.8396,-0.1927,0.058174,0.666264,-0.816683,155,0.663148,2585.79,0.123916,0
657,28.032,8292.82,7476.4147,17531.25,-5.8304714069,0.204557,0.462135,25.8309,0.7638,-0.3497,0.055872,0.679235,-6.303768,156,0.649492,2445.4955,0.120498,0
658,28.0747,8345.39,7477.9312,17484.38,-6.7646117855,0.207137,0.401616,17.9376,0.8445,-0.0217,0.066031,0.718583,-2.673449,150,0.679895,2791.6397,0.120986,0
659,28.1173,8207.58,7509.0613,17496.09,-6.0694635234,0.170008,0.447138,23.037,0.8251,-0.2004,0.05826,0.686661,-1.769578,160,0.656471,2567.1266,0.121109,0
660,28.16,7869.75,7374.1666,17238.28,-6.0487019935,0.305374,0.452343,24.7568,0.8767,-0.1034,0.057422,0.672866,-3.093901,160,0.658783,2469.2445,0.119644,0
661,28.2027,7973.27,7375.6282,17097.66,-6.2724574931,0.223238,0.437877,21.1113,0.8692,-0.0888,0.059775,0.701006,-2.834154,177,0.619064,2683.6576,0.121841,0
662,28.2453,8290.21,7528.6415,17625.0,-6.9212689807,0.189379,0.391605,17.0947,0.8465,-0.0131,0.067859,0.718583,-7.330371,156,0.632322,2821.232,0.117934,0
663,28.288,8047.51,7549.2271,17378.91,-6.1958249025,0.25911,0.438561,22.1943,0.8626,-0.105,0.059662,0.675909,-5.078188,168,0.62512,2598.3054,0.11769,0
664,28.3307,8130.44,7461.4753,17425.78,-6.6805469515,0.319536,0.407133,18.1056,0.8901,0.0118,0.065044,0.704936,-4.798667,158,0.650879,2621.2438,0.122329,0
665,28.3733,8230.98,7461.4321,17425.78,-6.5147682021,0.288932,0.417513,18.9901,0.8412,-0.0929,0.063222,0.71163,-2.892332,162,0.63009,2767.9818,0.121353,0
666,28.416,8310.24,7480.4241,17496.09,-6.9076499905,0.314192,0.387351,17.1181,0.8964,0.1113,0.068649,0.727686,-3.678556,166,0.641821,2795.3628,0.12587,0
667,28.4587,8315.79,7488.003,17507.81,-6.9008276699,0.365868,0.393682,16.7631,0.8638,0.0082,0.067476,0.718756,-3.218567,158,0.6144,2789.5907,0.130265,0
668,28.5013,8272.18,7459.1648,17484.38,-6.3997587529,0.194775,0.427478,20.3937,0.8379,-0.0961,0.061514,0.711857,-4.926924,162,0.61773,2682.298,0.123428,0
669,28.544,8108.47,7420.7053,17343.75,-6.6573623128,0.25428,0.41099,18.2365,0.8835,0.0032,0.064361,0.717118,-7.275547,150,0.624657,2790.3877,0.124283,0
670,28.5867,8287.21,7510.329,17578.12,-6.8088195489,0.200601,0.40036,18.2201,0.8847,0.048,0.066258,0.731878,-9.062662,147,0.629595,2849.3643,0.129777,0
671,28.6293,8318.0,7444.6097,17519.53,-6.2255658225,0.189849,0.444232,22.4463,0.8203,-0.1324,0.058732,0.707905,-4.477295,164,0.604634,2679.8394,0.134538,0
672,28.672,8390.04,7424.2718,17507.81,-6.9266123167,0.237591,0.382325,15.9038,0.8404,-0.0092,0.069595,0.729322,-5.378361,137,0.647138,2929.3844,0.127823,0
673,28.7147,8074.74,7434.9116,17226.56,-6.1972930179,0.277797,0.440865,21.699,0.8375,-0.1425,0.059282,0.686287,-5.331075,144,0.642478,2579.035,0.121353,0
674,28.7573,8152.39,7388.0499,17414.06,-6.4103241477,0.430381,0.427406,20.0173,0.8957,0.0111,0.061527,0.716668,-3.493922,138,0.664982,2690.0107,0.120132,0
675,28.8,8121.02,7442.4097,17296.88,-6.252996212,0.390868,0.436994,21.9039,0.8473,-0.0868,0.059921,0.687427,-5.419991,145,0.641017,2661.6883,0.114882,0
676,28.8427,8243.04,7423.0588,17414.06,-6.1282717532,0.241837,0.445985,22.7038,0.8307,-0.1203,0.058447,0.702264,-2.268057,146,0.608518,2621.4286,0.124649,0
677,28.8853,8341.35,7455.2611,17496.09,-6.4512702412,0.263196,0.421957,19.8145,0.8483,-0.0559,0.062455,0.719051,-0.748818,149,0.631229,2800.2031,0.122085,0
678,28.928,8146.73,7389.425,17296.88,-5.5683667324,0.268719,0.497486,28.4958,0.7974,-0.3077,0.050537,0.677665,-2.508653,146,0.629038,2397.7198,0.118911,0
679,28.9707,8130.87,7413.7614,17250.0,-6.8788654814,0.30879,0.389481,17.2301,0.8971,0.0828,0.068252,0.713266,-2.445073,145,0.631711,2771.2076,0.120986,0
680,29.0133,8121.38,7440.1767,17273.44,-6.8604514042,0.298663,0.392591,18.1188,0.8744,0.0278,0.067677,0.712551,-3.558519,168,0.649971,2863.1135,0.12062,0
681,29.056,8137.68,7527.7347,17472.66,-6.6849359897,0.266201,0.405809,18.7756,0.8766,-0.0001,0.06528,0.702771,-4.102097,140,0.641423,2794.0355,0.125382,0
682,29.0987,8407.5,7485.4331,17507.81,-6.0080968621,0.249425,0.448711,23.7192,0.7877,-0.2161,0.058006,0.699648,-3.150693,144,0.611534,2750.3948,0.127335,0
683,29.1413,8222.06,7420.8002,17460.94,-6.1006730738,0.390485,0.44651,22.6752,0.8424,-0.135,0.058362,0.708855,-8.735899,141,0.661231,2646.8012,0.128434,0
684,29.184,8360.92,7512.2187,17613.28,-6.3449669453,0.247163,0.429592,21.4382,0.8114,-0.1259,0.061157,0.709584,-4.399839,133,0.618368,2824.17,0.129166,0
685,29.2267,8448.72,7471.5787,17460.94,-6.7944187545,0.239863,0.404014,18.1016,0.836,-0.0037,0.065601,0.741115,-3.414552,157,0.622996,2765.356,0.130387,0
686,29.2693,8250.07,7393.5669,17566.41,-6.0705077756,0.206915,0.456417,23.8293,0.8357,-0.1595,0.056773,0.705306,-1.482692,163,0.618626,2679.1132,0.126236,0
687,29.312,8194.04,7430.1511,17390.62,-6.3107984358,0.307146,0.429412,20.403,0.8438,-0.0921,0.061188,0.707613,-2.774889,174,0.636833,2743.0705,0.120376,0
688,29.3547,8275.9,7474.3365,17332.03,-6.6793625331,0.22038,0.406664,18.9437,0.8632,0.0387,0.065127,0.712364,-5.125667,180,0.647374,2949.0551,0.125504,0
689,29.3973,7863.83,7431.6767,17121.09,-6.6032275365,0.252219,0.411619,19.1718,0.9304,0.0947,0.064251,0.685568,-3.430452,150,0.627423,2716.2287,0.129288,0
690,29.44,8130.83,7375.9458,17273.44,-5.4193143769,0.226679,0.498267,29.3884,0.7713,-0.3699,0.050423,0.654532,-2.178266,144,0.636037,2387.1003,0.120742,0
691,29.4827,8347.82,7450.4438,17402.34,-6.8143025298,0.267949,0.398695,17.6425,0.8613,0.0502,0.06656,0.722186,-2.744007,130,0.649636,2808.6203,0.121963,0
692,29.5253,8115.59,7422.0987,17390.62,-6.1956442229,0.292924,0.44196,22.7458,0.8587,-0.1022,0.059103,0.709341,-5.663475,172,0.60992,2679.1288,0.128189,0
693,29.568,8254.93,7476.3074,17472.66,-6.9047190058,0.29606,0.389754,17.1003,0.859,0.0032,0.068202,0.720297,-4.542701,148,0.626509,2746.6196,0.120254,0
694,29.6107,8314.88,7446.9839,17542.97,-6.8921941064,0.265512,0.399386,17.1516,0.8771,0.0433,0.066434,0.735209,-4.214524,152,0.625143,2797.5489,0.122451,0
695,29.6533,8447.17,7584.3509,17660.16,-7.1229343592,0.300949,0.372422,15.6347,0.8311,-0.0312,0.071494,0.729984,-6.027305,147,0.620412,3021.2727,0.132096,0
696,29.696,8275.19,7463.514,17378.91,-6.1982241915,0.311489,0.439584,22.0347,0.8101,-0.1796,0.059493,0.706128,-1.13895,163,0.620486,2829.7601,0.121475,0
697,29.7387,8199.62,7425.4067,17296.88,-5.951558616,0.256117,0.459291,25.4846,0.8157,-0.2045,0.056319,0.689399,-2.247013,159,0.633366,2652.7416,0.116347,0
698,29.7813,7870.07,7403.2929,17214.84,-6.4978497863,0.32514,0.423535,21.2533,0.9299,0.0742,0.062185,0.698605,-6.293673,163,0.636124,2725.2993,0.119399,0
699,29.824,8105.56,7459.0958,17273.44,-6.0703716093,0.256509,0.440855,22.9816,0.8344,-0.1431,0.059284,0.662327,-4.25912,150,0.647969,2604.239,0.115371,0
700,29.8667,8161.56,7473.7513,17378.91,-6.2624428251,0.248699,0.434973,22.5424,0.8278,-0.1338,0.060256,0.683,-1.597624,164,0.631723,2754.0084,0.11244,0
701,29.9093,7875.27,7356.958,17214.84,-5.2666989097,0.294381,0.50351,30.8806,0.8213,-0.3805,0.049665,0.637431,-1.833052,139,0.650825,2448.7551,0.11415,0
702,29.952,8176.37,7414.3521,17179.69,-7.0073811657,0.336437,0.387698,16.6919,0.9167,0.1843,0.068584,0.723445,-3.695736,157,0.654308,2749.7183,0.122818,0
703,29.9947,8278.18,7483.9793,17308.59,-6.7048325775,0.210335,0.409023,18.5086,0.8396,-0.0191,0.064709,0.699203,-7.107069,152,0.619455,2675.8871,0.12355,0
704,30.0373,8550.24,7511.9119,17777.34,-6.4278070479,0.223911,0.421244,19.209,0.8019,-0.145,0.062578,0.729042,-3.909521,157,0.633694,2771.8528,0.121963,0
705,30.08,8371.96,7531.7037,17636.72,-7.1153964101,0.222701,0.375472,16.1583,0.863,0.0721,0.070904,0.737415,-5.252406,167,0.625228,2832.5979,0.122818,0
706,30.1227,8385.59,7509.5789,17460.94,-6.2977068711,0.279679,0.429378,20.9066,0.8076,-0.1768,0.061193,0.714455,-2.467797,156,0.618413,2677.6079,0.128189,0
707,30.1653,8328.38,7505.2634,17601.56,-7.0145349194,0.207329,0.380297,15.9233,0.8814,0.0684,0.06998,0.73418,-3.899347,132,0.636414,2713.804,0.132096,0
708,30.208,8443.31,7469.7827,17800.78,-5.4850540911,0.356994,0.490267,27.0036,0.7354,-0.4175,0.051595,0.689313,-3.523895,144,0.653634,2565.2097,0.121597,0
709,30.2507,8189.86,7409.9079,17531.25,-6.3922945677,0.229903,0.430046,19.4455,0.8482,-0.0997,0.061081,0.706216,-7.87687,139,0.63601,2775.6045,0.124405,0
710,30.2933,8259.51,7495.8039,17460.94,-6.402840047,0.31615,0.423504,20.4488,0.867,-0.0176,0.06219,0.711919,-5.935464,157,0.6633,2766.2485,0.131608,0
711,30.336,8263.67,7430.7041,17414.06,-6.0273977496,0.272705,0.454722,22.9597,0.8213,-0.1857,0.057042,0.698807,-4.414499,162,0.651273,2686.3658,0.118789,0
712,30.3787,8176.51,7391.252,17390.62,-5.7514561682,0.219611,0.478044,26.7546,0.796,-0.294,0.053422,0.693964,-3.555752,163,0.628306,2470.0192,0.114028,0
713,30.4213,8170.98,7483.5474,17425.78,-5.8442550031,0.500003,0.459059,24.5662,0.8312,-0.1895,0.056355,0.667161,-9.292782,152,0.641099,2581.2185,0.119766,0
714,30.464,8061.52,7372.7735,17203.12,-5.5925873686,0.299537,0.485328,29.0031,0.8218,-0.2532,0.052327,0.665057,-3.185288,131,0.661152,2411.2767,0.118667,0
715,30.5067,7918.32,7397.5692,17250.0,-5.8433825902,0.282441,0.465022,26.857,0.8423,-0.2008,0.055421,0.653027,-5.216359,152,0.620171,2496.7587,0.112929,0
716,30.5493,8246.67,7380.0139,17332.03,-5.5987470181,0.213002,0.491081,28.7468,0.7724,-0.3277,0.051474,0.670217,-5.623529,158,0.623422,2521.1508,0.11708,0
717,30.592,8356.9,7474.565,17496.09,-6.5746449266,0.2687,0.416776,18.5787,0.8456,-0.0345,0.063349,0.715942,-3.491418,161,0.634619,2693.3897,0.131852,0
718,30.6347,8295.54,7459.3877,17496.09,-5.8589385986,0.217059,0.465716,25.321,0.7876,-0.2729,0.055313,0.684443,-3.878732,172,0.627709,2475.1247,0.127091,0
719,30.6773,8271.17,7410.2303,17367.19,-5.8497222606,0.227137,0.467122,23.9944,0.7638,-0.3043,0.055095,0.688192,-5.678341,138,0.590929,2463.1611,0.121841,0
720,30.72,8039.28,7377.817,17179.69,-6.6394408562,0.287022,0.41288,19.5861,0.8941,0.0708,0.064029,0.705973,-6.042538,147,0.613951,2751.5001,0.125259,0
721,30.7627,8168.58,7419.8218,17308.59,-6.4451728701,0.266576,0.422428,19.4388,0.8561,-0.052,0.062375,0.693109,-2.838921,171,0.633589,2768.311,0.127091,0
722,30.8053,8314.58,7415.6304,17414.06,-6.2849548701,0.271322,0.43527,20.5755,0.8441,-0.0508,0.060207,0.722178,-3.721618,137,0.67089,2737.7882,0.132829,0
723,30.848,8370.36,7459.0315,17589.84,-6.67358059,0.275318,0.412266,18.5584,0.8134,-0.1003,0.064137,0.720553,-3.399341,152,0.625091,2796.119,0.126602,0
724,30.8907,8144.63,7494.7179,17355.47,-7.0098857203,0.259467,0.385022,16.5075,0.8973,0.0963,0.069086,0.711536,-5.143734,145,0.62414,2786.3703,0.121719,0
725,30.9333,8406.75,7545.5804,17777.34,-6.7937231806,0.273269,0.397933,17.8539,0.8687,0.0103,0.066698,0.732375,-4.131446,159,0.639637,2814.3534,0.130875,0
726,30.976,8209.85,7455.2676,17378.91,-6.444149568,0.245446,0.423905,20.2231,0.846,-0.0818,0.062122,0.704008,-2.863252,139,0.639024,2795.8213,0.130021,0
727,31.0187,8629.49,7592.053,17789.06,-6.6960004261,0.309267,0.404808,18.0459,0.8012,-0.0861,0.065459,0.725018,-8.072026,136,0.656497,2664.5978,0.124893,0
728,31.0613,8086.46,7447.5305,17355.47,-6.0428134835,0.240529,0.46097,25.0372,0.8377,-0.1823,0.056055,0.69044,-2.059858,171,0.611109,2488.5554,0.121353,0
729,31.104,7995.23,7409.5117,17238.28,-6.2497128157,0.261835,0.439073,21.4563,0.8775,-0.0738,0.059577,0.692909,-1.851395,160,0.633017,2602.8681,0.118301,0
730,31.1467,8267.87,7465.1923,17402.34,-6.2255378868,0.309164,0.434563,22.6574,0.8324,-0.1087,0.060325,0.70774,-4.676097,158,0.641061,2747.2495,0.116591,0
731,31.1893,8120.51,7417.8737,17425.78,-5.6621822127,0.164275,0.475932,25.9471,0.7849,-0.3566,0.053743,0.670598,-2.478959,162,0.65122,2390.5536,0.119277,0
732,31.232,8244.05,7420.2054,17285.16,-6.03412431,0.285979,0.452144,23.5772,0.8371,-0.1116,0.057454,0.70802,-4.49423,149,0.658239,2726.3426,0.123306,0
733,31.2747,8229.93,7423.7005,17437.5,-6.2252126641,0.352859,0.43615,20.4182,0.8239,-0.1571,0.060061,0.710361,-3.658809,168,0.618044,2838.1384,0.118178,0
734,31.3173,7856.69,7233.4015,17015.62,-5.3990860668,0.277585,0.506228,32.452,0.8468,-0.2395,0.049276,0.64877,-0.825729,161,0.6327,2519.497,0.115981,0
735,31.36,8269.26,7490.821,17343.75,-6.8942960371,0.235484,0.393471,17.4958,0.8619,0.0285,0.067515,0.725267,-3.637256,172,0.633138,2832.5247,0.121109,0
736,31.4027,7927.4,7399.4029,17156.25,-5.9350772736,0.262941,0.462618,25.4663,0.8519,-0.1857,0.055796,0.688116,-9.588811,153,0.626085,2577.1636,0.123428,0
737,31.4453,8359.2,7476.3818,17507.81,-6.371769148,0.242659,0.434524,20.287,0.8243,-0.082,0.060331,0.720432,-6.273581,158,0.610192,2606.9609,0.118056,0
738,31.488,8201.66,7533.4611,17542.97,-6.7094642933,0.398569,0.400148,18.7548,0.8509,-0.0729,0.066297,0.698744,-4.092773,153,0.626448,2875.4533,0.122451,0
739,31.5307,8045.12,7498.2455,17437.5,-6.7958004671,0.261192,0.400964,18.1695,0.8963,0.0163,0.066149,0.702778,-8.139344,134,0.635001,2846.5975,0.126358,0
740,31.5733,8439.0,7601.3424,17765.62,-7.3690441932,0.24274,0.359867,14.7187,0.8371,-0.0209,0.073976,0.730558,-6.247874,174,0.633206,2827.7861,0.121719,0
741,31.616,8308.29,7543.4512,17777.34,-6.453918802,0.242678,0.425191,19.9483,0.8152,-0.1745,0.061903,0.712061,-5.160108,165,0.615747,2716.992,0.118667,0
742,31.6587,8235.1,7380.3759,17472.66,-5.0084284489,0.26054,0.526346,35.7636,0.7325,-0.5272,0.046455,0.636352,-0.273448,149,0.650584,2338.7085,0.114028,0
743,31.7013,8173.81,7416.7431,17378.91,-5.8575272617,0.193299,0.461957,25.275,0.8202,-0.1765,0.0559,0.674023,-4.731572,164,0.6161,2562.218,0.115371,0
744,31.744,8382.95,7438.2738,17484.38,-6.2515405706,0.169802,0.445484,21.7422,0.8247,-0.1066,0.058528,0.710475,-4.286659,157,0.640687,2706.0458,0.12587,0
745,31.7867,8349.59,7591.52,17648.44,-6.7400676076,0.286369,0.399583,17.7773,0.8157,-0.1691,0.066399,0.716673,-4.257597,146,0.606179,2759.0318,0.125626,0
746,31.8293,7998.16,7374.8134,17308.59,-4.882582879,0.320831,0.533877,36.4261,0.7593,-0.5306,0.045426,0.610936,-1.147274,154,0.646328,2118.5243,0.110243,0
747,31.872,7966.44,7297.4925,17238.28,-4.9857363031,0.351803,0.525411,35.4286,0.7867,-0.468,0.046583,0.62646,-0.383105,137,0.631444,2291.0921,0.113783,0
748,31.9147,8141.54,7501.6929,17261.72,-6.1988610149,0.226631,0.433563,22.1079,0.8398,-0.1127,0.060491,0.685286,-6.679129,147,0.655878,2743.1133,0.122574,0
749,31.9573,8077.24,7476.2668,17367.19,-6.0565086799,0.322046,0.445178,23.252,0.8329,-0.183,0.058578,0.689511,-3.230523,158,0.644506,2735.9992,0.116225,0
750,32.0,8372.98,7606.3354,17683.59,-6.8940176121,0.269798,0.390601,17.5612,0.8641,0.0098,0.068044,0.716832,-5.127366,176,0.619955,2735.0033,0.123184,0
751,32.0427,8212.71,7427.3,17132.81,-6.425429005,0.206017,0.423898,19.7256,0.8293,-0.0881,0.062123,0.696974,-5.531379,152,0.636649,2746.8017,0.119766,0
752,32.0853,8113.35,7451.4159,17320.31,-6.6098880196,0.255068,0.405124,19.3257,0.8841,0.0146,0.065402,0.700721,-2.981577,158,0.636946,2766.0555,0.120132,0
753,32.128,8305.36,7400.8714,17472.66,-5.491165482,0.193601,0.488055,29.088,0.7705,-0.3524,0.051922,0.687349,-2.13552,160,0.646184,2441.5018,0.120376,0
754,32.1707,8001.2,7400.5798,17285.16,-6.1846032039,0.200485,0.445839,22.5655,0.8676,-0.1093,0.05847,0.704328,-5.060993,144,0.613076,2545.8243,0.116836,0
755,32.2133,8171.8,7440.7533,17167.97,-6.5252697464,0.390922,0.415975,19.5591,0.8434,-0.041,0.063489,0.693077,-6.469709,146,0.645821,2808.0038,0.123672,0
756,32.256,8360.17,7602.0429,17542.97,-6.8923562664,0.361591,0.390853,17.4723,0.8267,-0.064,0.067998,0.711233,-2.383708,159,0.611573,2754.0491,0.119521,0
757,32.2987,8118.11,7478.8992,17332.03,-6.7881519492,0.232055,0.398842,18.548,0.8588,-0.0166,0.066533,0.702358,-2.218117,163,0.6439,2844.7672,0.119399,0
758,32.3413,8164.34,7370.9203,17261.72,-5.6494494338,0.200641,0.488205,29.3932,0.7883,-0.3132,0.0519,0.685019,-3.633705,141,0.626332,2549.5862,0.120864,0
759,32.384,8028.67,7453.4969,17226.56,-6.379682493,0.220519,0.421022,20.9169,0.8652,-0.0434,0.062616,0.690323,-6.0911,150,0.663197,2793.5289,0.125992,0
760,32.4267,8157.06,7547.2399,17484.38,-6.7731375692,0.280393,0.393093,17.2249,0.885,-0.0101,0.067584,0.717522,-6.019597,170,0.664769,2760.7972,0.125504,0
761,32.4693,8121.67,7486.1221,17320.31,-6.8200191329,0.251364,0.396679,18.2632,0.87,-0.0133,0.066927,0.704554,-3.299504,155,0.625782,2818.5678,0.116958,0
762,32.512,7898.52,7309.92,17039.06,-5.5947664662,0.28793,0.487001,29.3007,0.847,-0.2427,0.052078,0.663999,-2.224837,167,0.639296,2492.4984,0.113173,0
763,32.5547,8244.66,7495.1702,17589.84,-5.9920786736,0.336102,0.455148,23.317,0.821,-0.1879,0.056975,0.688273,-1.953065,157,0.640606,2603.0726,0.115859,0
764,32.5973,8166.1,7295.5265,17167.97,-5.1666300547,0.329312,0.51849,33.3717,0.7539,-0.4133,0.047543,0.647311,-0.254297,160,0.620872,2401.9128,0.119277,0
765,32.64,8118.38,7376.1978,17343.75,-5.8113215136,0.262874,0.472222,27.0275,0.8317,-0.2001,0.054309,0.676099,-0.89572,138,0.648792,2688.9899,0.119399,0
766,32.6827,8264.98,7541.4599,17507.81,-6.7380391703,0.227853,0.398965,16.8978,0.8478,-0.0401,0.066511,0.713318,-6.926552,170,0.64273,2813.0446,0.118545,0
767,32.7253,8410.25,7582.3739,17578.12,-7.3361567938,0.211802,0.366166,14.2641,0.8837,0.0738,0.07272,0.736468,-4.794354,158,0.625494,2879.8073,0.119521,0
768,32.768,8509.79,7579.8119,17707.03,-7.3290142235,0.226835,0.360921,15.1998,0.8501,0.046,0.073765,0.745432,-6.669983,151,0.633897,2933.1609,0.121597,0
769,32.8107,7992.72,7452.1243,17367.19,-6.8472320243,0.240106,0.398826,17.2744,0.9077,0.0655,0.066536,0.707353,-7.731265,162,0.636431,2881.1303,0.119033,0
770,32.8533,8096.59,7423.739,17121.09,-6.494645354,0.185062,0.421356,20.3912,0.8872,0.0267,0.062558,0.711761,-5.00038,170,0.651968,2703.0526,0.119399,0
771,32.896,8218.45,7497.9822,17507.81,-6.1659190843,0.268278,0.442732,21.3142,0.8066,-0.211,0.058977,0.705657,-7.634057,157,0.647299,2666.1524,0.123672,0
772,32.9387,8282.24,7382.9098,17437.5,-5.3116873831,0.217447,0.508968,29.3192,0.751,-0.4207,0.048885,0.653439,-4.557844,179,0.6183,2441.1238,0.124283,0
773,32.9813,8316.66,7470.0899,17507.81,-6.4305055743,0.224938,0.424791,20.3709,0.853,-0.0208,0.061971,0.710883,-3.297497,168,0.620597,2720.6257,0.118423,0
774,33.024,7948.47,7372.5194,17167.97,-6.1562848316,0.320394,0.444271,23.5676,0.8924,-0.0184,0.058725,0.692649,-1.92468,171,0.644682,2713.5217,0.118667,0
775,33.0667,8154.18,7395.1995,17343.75,-6.2138828445,0.190923,0.443918,22.7218,0.8571,-0.0709,0.058783,0.706681,-2.459571,176,0.624358,2681.6929,0.122451,0
776,33.1093,8127.21,7420.4929,17320.31,-6.7641163441,0.361902,0.399964,18.6504,0.9055,0.0789,0.06633,0.715898,-5.416983,165,0.630821,2779.7575,0.130997,0
777,33.152,8504.29,7384.3652,17531.25,-6.3745043055,0.35691,0.433404,20.8307,0.8084,-0.0835,0.060518,0.728954,-3.143196,185,0.637781,2729.7955,0.132951,0
778,33.1947,8058.7,7405.7278,17062.5,-6.5529105114,0.396555,0.414589,19.5294,0.8818,0.0356,0.06373,0.697767,-4.674076,162,0.634685,2645.4306,0.114028,0
779,33.2373,7922.09,7398.0567,17132.81,-5.9426334539,0.262308,0.462215,24.7961,0.8722,-0.15,0.055859,0.68591,-4.32696,147,0.65566,2656.6878,0.113783,0
780,33.28,8129.72,7479.7141,17261.72,-6.8250636424,0.302158,0.397498,18.3999,0.8907,0.0493,0.066777,0.710081,-9.191383,157,0.6144,2846.479,0.125992,0
781,33.3227,8254.18,7460.8781,17390.62,-6.5884828312,0.253461,0.411753,17.6326,0.8297,-0.1215,0.064227,0.709798,-2.906232,174,0.631524,2738.0374,0.124527,0
782,33.3653,8373.63,7406.8616,17367.19,-6.1082806074,0.3141,0.454222,22.8367,0.8043,-0.1803,0.057122,0.70874,-1.72309,160,0.625215,2614.4139,0.123184,0
783,33.408,7980.06,7409.2061,17343.75,-6.2731682093,0.244027,0.438929,22.0357,0.8778,-0.099,0.059601,0.708834,-4.472541,155,0.651733,2578.3692,0.12355,0
784,33.4507,8140.49,7493.091,17378.91,-6.5296628064,0.293236,0.41417,20.1658,0.8747,-0.016,0.063804,0.699496,-9.514186,145,0.637308,2854.7272,0.123306,0
785,33.4933,8091.14,7510.8318,17460.94,-5.6598418715,0.353825,0.469031,26.2428,0.8005,-0.348,0.0548,0.663589,-6.926524,142,0.66115,2647.5168,0.123672,0
786,33.536,7789.1,7332.0344,16875.0,-5.6744236142,0.27053,0.48862,27.9616,0.8352,-0.2846,0.051838,0.652096,-10.648594,104,0.624245,1790.8624,0.074838,0
787,33.5787,7697.2,7326.7895,16617.19,-8.1911149273,0.264703,0.319896,11.8015,1.0497,0.4639,0.082499,0.746428,0.0,0,0.942547,329.7883,0.013307,0
788,33.6213,0.0,0.0,0.0,0.0,0.0,0.0,0.0,0.0,0.0,0.0,0.0,0.0,0,0.0,0.0,0.0,1
789,33.664,0.0,0.0,0.0,0.0,0.0,0.0,0.0,0.0,0.0,0.0,0.0,0.0,0,0.0,0.0,0.0,1
790,33.7067,0.0,0.0,0.0,0.0,0.0,0.0,0.0,0.0,0.0,0.0,0.0,0.0,0,0.0,0.0,0.0,1
791,33.7493,0.0,0.0,0.0,0.0,0.0,0.0,0.0,0.0,0.0,0.0,0.0,0.0,0,0.0,0.0,0.0,1
792,33.792,0.0,0.0,0.0,0.0,0.0,0.0,0.0,0.0,0.0,0.0,0.0,0.0,0,0.0,0.0,0.0,1
793,33.8347,0.0,0.0,0.0,0.0,0.0,0.0,0.0,0.0,0.0,0.0,0.0,0.0,0,0.0,0.0,0.0,1
794,33.8773,0.0,0.0,0.0,0.0,0.0,0.0,0.0,0.0,0.0,0.0,0.0,0.0,0,0.0,0.0,0.0,1
795,33.92,0.0,0.0,0.0,0.0,0.0,0.0,0.0,0.0,0.0,0.0,0.0,0.0,0,0.0,0.0,0.0,1
796,33.9627,0.0,0.0,0.0,0.0,0.0,0.0,0.0,0.0,0.0,0.0,0.0,0.0,0,0.0,0.0,0.0,1
797,34.0053,0.0,0.0,0.0,0.0,0.0,0.0,0.0,0.0,0.0,0.0,0.0,0.0,0,0.0,0.0,0.0,1
798,34.048,0.0,0.0,0.0,0.0,0.0,0.0,0.0,0.0,0.0,0.0,0.0,0.0,0,0.0,0.0,0.0,1
799,34.0907,0.0,0.0,0.0,0.0,0.0,0.0,0.0,0.0,0.0,0.0,0.0,0.0,0,0.0,0.0,0.0,1
800,34.1333,0.0,0.0,0.0,0.0,0.0,0.0,0.0,0.0,0.0,0.0,0.0,0.0,0,0.0,0.0,0.0,1
801,34.176,0.0,0.0,0.0,0.0,0.0,0.0,0.0,0.0,0.0,0.0,0.0,0.0,0,0.0,0.0,0.0,1
802,34.2187,0.0,0.0,0.0,0.0,0.0,0.0,0.0,0.0,0.0,0.0,0.0,0.0,0,0.0,0.0,0.0,1
803,34.2613,0.0,0.0,0.0,0.0,0.0,0.0,0.0,0.0,0.0,0.0,0.0,0.0,0,0.0,0.0,0.0,1
804,34.304,0.0,0.0,0.0,0.0,0.0,0.0,0.0,0.0,0.0,0.0,0.0,0.0,0,0.0,0.0,0.0,1
805,34.3467,0.0,0.0,0.0,0.0,0.0,0.0,0.0,0.0,0.0,0.0,0.0,0.0,0,0.0,0.0,0.0,1
806,34.3893,0.0,0.0,0.0,0.0,0.0,0.0,0.0,0.0,0.0,0.0,0.0,0.0,0,0.0,0.0,0.0,1
807,34.432,0.0,0.0,0.0,0.0,0.0,0.0,0.0,0.0,0.0,0.0,0.0,0.0,0,0.0,0.0,0.0,1
808,34.4747,0.0,0.0,0.0,0.0,0.0,0.0,0.0,0.0,0.0,0.0,0.0,0.0,0,0.0,0.0,0.0,1
809,34.5173,0.0,0.0,0.0,0.0,0.0,0.0,0.0,0.0,0.0,0.0,0.0,0.0,0,0.0,0.0,0.0,1
810,34.56,0.0,0.0,0.0,0.0,0.0,0.0,0.0,0.0,0.0,0.0,0.0,0.0,0,0.0,0.0,0.0,1
811,34.6027,0.0,0.0,0.0,0.0,0.0,0.0,0.0,0.0,0.0,0.0,0.0,0.0,0,0.0,0.0,0.0,1
812,34.6453,0.0,0.0,0.0,0.0,0.0,0.0,0.0,0.0,0.0,0.0,0.0,0.0,0,0.0,0.0,0.0,1
813,34.688,0.0,0.0,0.0,0.0,0.0,0.0,0.0,0.0,0.0,0.0,0.0,0.0,0,0.0,0.0,0.0,1
814,34.7307,0.0,0.0,0.0,0.0,0.0,0.0,0.0,0.0,0.0,0.0,0.0,0.0,0,0.0,0.0,0.0,1
815,34.7733,0.0,0.0,0.0,0.0,0.0,0.0,0.0,0.0,0.0,0.0,0.0,0.0,0,0.0,0.0,0.0,1
816,34.816,0.0,0.0,0.0,0.0,0.0,0.0,0.0,0.0,0.0,0.0,0.0,0.0,0,0.0,0.0,0.0,1
817,34.8587,0.0,0.0,0.0,0.0,0.0,0.0,0.0,0.0,0.0,0.0,0.0,0.0,0,0.0,0.0,0.0,1
818,34.9013,0.0,0.0,0.0,0.0,0.0,0.0,0.0,0.0,0.0,0.0,0.0,0.0,0,0.0,0.0,0.0,1
819,34.944,0.0,0.0,0.0,0.0,0.0,0.0,0.0,0.0,0.0,0.0,0.0,0.0,0,0.0,0.0,0.0,1
820,34.9867,0.0,0.0,0.0,0.0,0.0,0.0,0.0,0.0,0.0,0.0,0.0,0.0,0,0.0,0.0,0.0,1
821,35.0293,0.0,0.0,0.0,0.0,0.0,0.0,0.0,0.0,0.0,0.0,0.0,0.0,0,0.0,0.0,0.0,1
822,35.072,0.0,0.0,0.0,0.0,0.0,0.0,0.0,0.0,0.0,0.0,0.0,0.0,0,0.0,0.0,0.0,1
823,35.1147,0.0,0.0,0.0,0.0,0.0,0.0,0.0,0.0,0.0,0.0,0.0,0.0,0,0.0,0.0,0.0,1
