frame,time,centroid,spread,rolloff,slope,obsir_std,flatness,crest,skewness,kurtosis,tonality,entropy,tpr,n_peaks,flux,irregularity,zcr,gated
0,0.0,7711.61,7012.6996,16710.94,-5.448349818,0.313992,0.498293,23.463,0.8572,-0.2749,0.050419,0.680827,-6.043242,164,0.0,1956.4495,0.11122,0
1,0.0427,7893.5,7103.1945,16957.03,-5.6553256926,0.249038,0.486788,20.5858,0.8014,-0.363,0.05211,0.702345,-3.920855,166,0.611983,2205.2782,0.110975,0
2,0.0853,7704.65,7080.7211,16816.41,-5.8847600322,0.278514,0.462448,18.2382,0.8906,-0.1668,0.055823,0.703764,-3.433844,144,0.634913,2321.7023,0.109999,0
3,0.128,7648.53,7035.1877,16710.94,-5.4244668945,0.250199,0.49883,23.7278,0.8617,-0.2951,0.050341,0.684429,-1.716727,164,0.64848,2011.9888,0.11415,0
4,0.1707,7549.23,7065.1165,16804.69,-5.7501551057,0.356216,0.472638,20.513,0.8852,-0.2328,0.054245,0.688725,-7.518238,144,0.617921,2091.2942,0.111952,0
5,0.2133,7535.54,7043.4237,16734.38,-5.3785989108,0.324901,0.496591,25.1143,0.875,-0.3096,0.050667,0.679117,-2.134315,164,0.644179,1946.1044,0.103895,0
6,0.256,7348.88,6952.9538,16488.28,-5.6505538747,0.386983,0.481906,21.9733,0.919,-0.219,0.05284,0.688324,-3.789933,156,0.657299,1966.7105,0.105726,0
7,0.2987,7380.79,6929.3218,16335.94,-5.3739654796,0.223686,0.497673,27.1467,0.9045,-0.225,0.050509,0.658549,-5.263666,169,0.678673,1864.3501,0.106092,0
8,0.3413,7619.31,6910.934,16429.69,-5.5790579166,0.203328,0.492422,21.5813,0.9058,-0.1508,0.051277,0.704944,-1.850148,171,0.647207,1921.5931,0.107557,0
9,0.384,7629.16,7014.3179,16628.91,-6.5005970191,0.306534,0.422239,16.2142,0.9366,0.0356,0.062407,0.716242,-4.294797,161,0.63069,2362.2699,0.114028,0
10,0.4267,7681.63,7101.3873,17003.91,-5.9942854545,0.345742,0.453638,17.7796,0.8666,-0.2338,0.057215,0.68267,-6.235041,131,0.658133,2169.75,0.114272,0
11,0.4693,7742.58,7058.6638,16828.12,-5.7306867725,0.431425,0.475831,19.9475,0.8615,-0.2508,0.053758,0.70663,-6.700338,167,0.650301,2161.4894,0.113295,0
12,0.512,7765.7,6989.0224,16664.06,-6.2836832906,0.357148,0.430397,16.4066,0.8918,-0.1056,0.061022,0.723928,-4.030998,160,0.629264,2400.6734,0.116836,0
13,0.5547,7653.54,6937.8615,16640.62,-5.738134498,0.353478,0.474835,19.8034,0.9073,-0.1405,0.05391,0.713692,-2.007287,147,0.646761,2202.4952,0.113173,0
14,0.5973,7592.06,6927.3775,16476.56,-5.5828280079,0.312139,0.493959,22.5911,0.8831,-0.246,0.051051,0.706297,-2.667425,160,0.652729,2008.3926,0.113783,0
15,0.64,7749.76,7038.9074,16816.41,-6.2956103917,0.220932,0.440656,16.7475,0.9055,-0.0859,0.059317,0.718471,-4.13063,154,0.634001,2309.9813,0.112685,0
16,0.6827,7340.77,7006.4275,16664.06,-5.2211756633,0.324454,0.500604,30.4461,0.8889,-0.326,0.050084,0.641211,-1.589561,149,0.672802,1946.7127,0.112563,0
17,0.7253,7977.37,7084.7949,17097.66,-6.0786127597,0.218643,0.454551,16.5557,0.8338,-0.2452,0.05707,0.725959,-4.145326,152,0.669075,2297.6262,0.117324,0
18,0.768,7705.67,7021.5784,16710.94,-5.9528264758,0.199328,0.465343,18.51,0.8712,-0.2126,0.055371,0.72122,-4.874488,137,0.61292,2164.7204,0.112318,0
19,0.8107,7485.37,7054.1129,16652.34,-6.2733841825,0.331213,0.437866,17.0225,0.9138,-0.1396,0.059777,0.700582,-3.743812,141,0.64931,2263.3751,0.109633,0
20,0.8533,7860.87,7157.3479,16863.28,-6.5344046491,0.254695,0.418492,14.3444,0.8888,-0.0907,0.063052,0.72854,-1.8921,182,0.661403,2533.782,0.109877,0
21,0.896,7712.31,7083.2395,16851.56,-5.6787508749,0.355611,0.482806,20.4887,0.8665,-0.2847,0.052705,0.702504,-3.110937,146,0.650873,2100.1276,0.110731,0
22,0.9387,7734.51,7058.1511,16851.56,-5.613286117,0.353624,0.482864,20.2867,0.845,-0.303,0.052696,0.678467,-5.553531,149,0.651926,2033.0192,0.110121,0
23,0.9813,7670.49,7062.9921,16828.12,-5.898533977,0.292081,0.463835,19.4893,0.8705,-0.2013,0.055606,0.694792,-6.714832,144,0.657711,2159.09,0.106214,0
24,1.024,7543.0,7037.9547,16652.34,-5.7582207014,0.390334,0.477229,20.2378,0.8786,-0.2707,0.053546,0.68772,-4.261659,158,0.630008,2009.8968,0.108168,0
25,1.0667,7847.41,7066.5055,16968.75,-5.661464148,0.348626,0.476716,20.1027,0.8164,-0.3706,0.053623,0.704525,-2.334104,176,0.639533,2145.0749,0.11415,0
26,1.1093,7676.33,7052.6804,16675.78,-6.5828572776,0.284728,0.420415,15.4037,0.8866,-0.1182,0.06272,0.718647,-7.069194,151,0.642332,2518.1887,0.111952,0
27,1.152,7597.52,7035.3551,16687.5,-5.1799591918,0.396291,0.51733,27.101,0.8348,-0.4062,0.047705,0.658588,-0.409988,154,0.638787,1923.7657,0.10658,0
28,1.1947,7557.67,7088.9301,16558.59,-5.790547366,0.30416,0.47008,20.8448,0.8735,-0.2434,0.054638,0.687265,-1.648055,146,0.64217,2006.5046,0.106947,0
29,1.2373,7658.96,7066.47,16769.53,-6.1696100593,0.219287,0.450003,16.6718,0.8854,-0.1776,0.057797,0.711773,-4.32676,139,0.645686,2222.4638,0.102796,0
30,1.28,7308.04,6954.6022,16289.06,-5.9364584172,0.225441,0.465021,19.5103,0.9523,-0.0571,0.055421,0.692774,-7.421607,156,0.644778,2085.3228,0.105482,0
31,1.3227,7693.4,7144.2427,17121.09,-5.7725544579,0.299602,0.471115,19.0378,0.8495,-0.3348,0.054479,0.699451,-1.91638,162,0.638638,2136.1868,0.113417,0
32,1.3653,7602.0,7089.2691,16746.09,-6.4873471604,0.318792,0.422509,15.5962,0.9386,-0.0364,0.062361,0.723107,-4.730928,146,0.649087,2245.2315,0.107557,0
33,1.408,7657.55,7008.8339,16792.97,-5.2080103944,0.208767,0.516907,28.7013,0.844,-0.3502,0.047765,0.665945,-2.881822,148,0.625258,1954.734,0.107557,0
34,1.4507,7576.54,7010.1443,16441.41,-6.1769140356,0.274149,0.447979,17.6699,0.8955,-0.1209,0.058124,0.707676,-6.607839,152,0.632639,2219.0902,0.118301,0
35,1.4933,7902.45,7134.8956,16898.44,-6.3979688953,0.287607,0.434118,15.3422,0.8443,-0.2012,0.060399,0.722408,-2.473669,150,0.62784,2308.2282,0.125382,0
36,1.536,7873.25,7020.1127,16816.41,-5.8424495195,0.280218,0.470523,19.672,0.827,-0.3009,0.05457,0.72482,-3.328103,151,0.629184,2162.3316,0.116347,0
37,1.5787,7517.55,7011.0973,16710.94,-5.4195210835,0.249952,0.491293,24.9634,0.8788,-0.2851,0.051443,0.674599,-0.523007,172,0.633217,2038.7712,0.104139,0
38,1.6213,7347.41,6995.8203,16500.0,-5.2052242592,0.312254,0.506141,30.8303,0.8963,-0.2934,0.049288,0.634373,-6.523498,161,0.645623,2019.0502,0.108168,0
39,1.664,7506.58,7085.8312,16722.66,-5.611176766,0.301263,0.480403,21.7644,0.8799,-0.3021,0.053066,0.673796,-5.816724,151,0.651874,2157.348,0.110243,0
40,1.7067,7513.49,6931.8827,16417.97,-5.2947814263,0.381186,0.510281,28.7731,0.8786,-0.2912,0.048698,0.669308,-2.83301,153,0.632706,2003.5699,0.107313,0
41,1.7493,7507.5,7012.2965,16640.62,-5.7901148193,0.31636,0.473012,19.9033,0.912,-0.1974,0.054188,0.704678,-3.17156,168,0.65421,2032.2414,0.104383,0
42,1.792,7610.23,6952.2851,16382.81,-6.0991044339,0.273302,0.457322,18.5847,0.8953,-0.0904,0.05663,0.695256,-3.484274,171,0.627638,2147.6774,0.102674,0
43,1.8347,7525.91,6927.956,16476.56,-5.4852365112,0.298113,0.498802,24.1562,0.8854,-0.2414,0.050345,0.675559,-1.319713,174,0.645787,1992.9981,0.116347,0
44,1.8773,7849.75,7084.1093,16992.19,-5.9357780911,0.311155,0.460631,18.347,0.8595,-0.2439,0.056108,0.714531,-4.103526,126,0.649904,2159.8407,0.12355,0
45,1.92,7881.35,7085.4068,16933.59,-6.6984216566,0.309721,0.405851,13.6128,0.861,-0.1392,0.065272,0.733135,-8.694291,149,0.64668,2355.8921,0.118301,0
46,1.9627,7726.79,7047.778,16699.22,-6.2786563748,0.370594,0.43931,16.1447,0.9087,-0.096,0.059538,0.725738,-6.586928,142,0.632345,2277.8536,0.119277,0
47,2.0053,7699.75,7013.5224,16769.53,-5.3071175569,0.247273,0.513351,23.6826,0.8521,-0.3379,0.048264,0.698229,-8.714442,149,0.60929,1950.6158,0.120254,0
48,2.048,7972.15,7108.4387,17085.94,-6.4427120147,0.256716,0.429773,14.2423,0.8396,-0.2291,0.061127,0.73954,-6.400261,154,0.637384,2379.2062,0.123794,0
49,2.0907,7676.29,7006.8729,16675.78,-6.0773005522,0.369259,0.449327,17.3391,0.9108,-0.1139,0.057906,0.722496,-4.24488,162,0.633187,2219.5177,0.11708,0
50,2.1333,7812.19,6977.8915,16722.66,-6.075586107,0.303197,0.452319,17.568,0.8929,-0.0944,0.057426,0.725138,-4.797971,150,0.656731,2232.0009,0.112807,0
51,2.176,7604.07,7074.7339,16734.38,-5.6363855589,0.326249,0.482461,20.9601,0.8721,-0.2847,0.052756,0.68581,-2.965364,157,0.649535,1989.8597,0.109266,0
52,2.2187,7691.2,7051.1725,16710.94,-6.3793373774,0.318472,0.432429,15.6302,0.9111,-0.0516,0.060681,0.722919,-6.674835,166,0.630606,2385.7733,0.110731,0
53,2.2613,7931.25,7122.5633,17015.62,-6.2287135227,0.297872,0.442951,15.6551,0.823,-0.2857,0.058941,0.732354,-3.736325,160,0.619997,2255.474,0.118545,0
54,2.304,7843.18,7070.4459,16863.28,-5.7999033967,0.261929,0.470407,18.1831,0.8528,-0.2551,0.054588,0.707861,-4.376376,156,0.625529,2164.9671,0.116347,0
55,2.3467,7415.48,6964.2064,16488.28,-5.093037891,0.295345,0.520825,32.9473,0.8926,-0.3031,0.047218,0.650197,-2.120619,132,0.647498,1926.3925,0.105726,0
56,2.3893,7636.24,6981.5055,16687.5,-5.4186293439,0.233024,0.500101,23.667,0.8833,-0.2652,0.050157,0.700275,-4.299648,152,0.619234,1953.3204,0.107679,0
57,2.432,7565.41,7004.0687,16769.53,-5.3851105997,0.289245,0.495213,23.9843,0.8672,-0.3275,0.050868,0.684069,-7.673923,153,0.635798,1932.4428,0.115126,0
58,2.4747,7665.7,7031.8616,16757.81,-5.3753438655,0.336911,0.495068,23.5856,0.8599,-0.2961,0.050889,0.676562,-4.247972,132,0.678594,2158.6141,0.102674,0
59,2.5173,7428.3,7085.2982,16675.78,-5.4126104568,0.371601,0.490486,24.5686,0.8709,-0.3249,0.051562,0.649429,-3.069004,178,0.645638,2066.7815,0.104383,0
60,2.56,7675.28,7038.6185,16710.94,-5.741410953,0.224647,0.483102,20.2337,0.8756,-0.2322,0.05266,0.704084,-3.325704,181,0.647074,2205.9032,0.123306,0
61,2.6027,7954.69,7141.008,17085.94,-5.7946682126,0.190603,0.481022,18.3769,0.8275,-0.3157,0.052972,0.720519,-4.003014,147,0.630398,2146.388,0.126236,0
62,2.6453,7658.48,7026.2629,16699.22,-5.9195948556,0.191566,0.463126,19.4285,0.8659,-0.2193,0.055717,0.693503,-5.675709,142,0.623268,2169.4097,0.11476,0
63,2.688,7458.75,7056.4833,16511.72,-6.5047123925,0.267791,0.429708,15.7748,0.9205,-0.1021,0.061138,0.70721,-6.815466,155,0.632289,2299.2586,0.111708,0
64,2.7307,7599.96,7078.4811,16640.62,-6.4033142967,0.361442,0.423115,15.7238,0.9055,-0.1098,0.062257,0.702057,-3.744282,142,0.636803,2363.9504,0.111098,0
65,2.7733,7749.75,7051.3605,16875.0,-6.4719502842,0.250847,0.421556,14.5711,0.9054,-0.0815,0.062524,0.719525,-4.235248,171,0.655123,2469.4628,0.108412,0
66,2.816,7566.42,6937.7177,16558.59,-5.169197654,0.275379,0.512462,28.9594,0.8409,-0.3561,0.04839,0.666712,-1.216574,170,0.671392,2027.8862,0.111952,0
67,2.8587,7622.37,7066.0003,16734.38,-6.1576291905,0.284192,0.447657,17.5583,0.8939,-0.16,0.058176,0.712314,-7.212733,156,0.651463,2284.8024,0.11183,0
68,2.9013,7617.83,7070.789,16640.62,-6.0825023114,0.278075,0.454056,18.1109,0.8925,-0.1375,0.057148,0.701016,-6.440992,141,0.599318,2220.9988,0.116347,0
69,2.944,7828.88,7091.1675,16898.44,-6.7459291855,0.380901,0.406661,13.6399,0.9057,-0.0567,0.065128,0.738897,-6.375301,140,0.631719,2376.5313,0.126847,0
70,2.9867,7616.16,7060.8441,16734.38,-5.9030706623,0.319417,0.465434,18.0381,0.9083,-0.1684,0.055357,0.705418,-3.049995,165,0.635323,2086.9314,0.121719,0
71,3.0293,7713.42,7021.4608,16816.41,-6.0990242211,0.344688,0.452685,17.6608,0.8828,-0.1915,0.057367,0.713145,-6.67806,139,0.612937,2140.8192,0.110487,0
72,3.072,7527.47,6963.679,16582.03,-5.3907384889,0.296282,0.493936,23.9066,0.881,-0.2613,0.051055,0.681021,-1.229986,161,0.648064,2087.2985,0.108168,0
73,3.1147,7573.41,7002.721,16511.72,-5.5128797088,0.401276,0.488084,23.2776,0.867,-0.2825,0.051918,0.682283,-1.198647,161,0.652986,2077.8917,0.105726,0
74,3.1573,7676.06,7048.001,16734.38,-6.1371406823,0.34384,0.447726,17.1364,0.8826,-0.1801,0.058165,0.704847,-4.504843,170,0.645035,2209.4255,0.113295,0
75,3.2,7649.1,7077.4903,16792.97,-5.7354424414,0.309768,0.465616,20.5511,0.8594,-0.2852,0.055329,0.694989,-6.029705,148,0.623216,2160.2378,0.116347,0
76,3.2427,7624.0,7092.7926,16851.56,-5.4813981591,0.296943,0.499364,21.9298,0.8571,-0.3542,0.050264,0.695596,-2.135577,136,0.617535,1869.122,0.111098,0
77,3.2853,7495.6,6996.1268,16628.91,-6.018656195,0.514383,0.449237,18.1436,0.915,-0.163,0.057921,0.692654,-1.880549,153,0.640331,2140.8352,0.113906,0
78,3.328,7666.3,7021.6731,16664.06,-5.5376094045,0.427505,0.485398,22.6055,0.8934,-0.2118,0.052317,0.691216,-5.530799,148,0.661334,2036.4383,0.111342,0
79,3.3707,7810.04,7079.8657,17027.34,-5.752142674,0.339749,0.474511,20.1641,0.8453,-0.3068,0.053959,0.714169,-3.299064,157,0.649522,2157.1428,0.114882,0
80,3.4133,7795.87,7023.0581,16523.44,-6.1929780205,0.280815,0.4567,17.2782,0.8873,-0.1168,0.056728,0.731583,-2.423781,158,0.628797,2209.0164,0.118056,0
81,3.456,7718.09,7013.299,16863.28,-5.0215903415,0.235244,0.533177,29.7847,0.8549,-0.347,0.045521,0.682086,-1.448641,148,0.613121,1985.0063,0.107923,0
82,3.4987,7449.07,7088.6,16734.38,-5.434811888,0.208449,0.500336,24.2396,0.8721,-0.3212,0.050123,0.663778,-2.523353,152,0.635167,1993.7082,0.101331,0
83,3.5413,7782.1,7074.5049,16980.47,-6.3584540959,0.285049,0.431971,14.8549,0.8652,-0.1783,0.060758,0.717684,-7.826238,160,0.632582,2292.9751,0.10597,0
84,3.584,7343.06,6989.8935,16335.94,-5.422145452,0.239353,0.48725,25.6091,0.9205,-0.2134,0.052041,0.660949,-0.554187,174,0.653443,2044.936,0.107191,0
85,3.6267,7530.27,6971.0483,16511.72,-5.7704590498,0.316297,0.474837,20.7561,0.9118,-0.1487,0.053909,0.696653,-4.540477,171,0.676555,2169.3273,0.105726,0
86,3.6693,7414.75,7030.8207,16558.59,-5.3219558626,0.378783,0.502308,27.597,0.8984,-0.2778,0.049838,0.653052,-1.876856,148,0.650938,1879.6488,0.112318,0
87,3.712,7648.67,7067.7005,16839.84,-5.6371836083,0.413794,0.477142,20.9249,0.8622,-0.2937,0.053559,0.685117,-4.369275,170,0.628526,2129.1652,0.107069,0
88,3.7547,7598.17,7010.4904,16535.16,-5.5262018386,0.333543,0.493978,22.0895,0.8573,-0.2972,0.051049,0.688315,-3.684906,160,0.614445,1895.3905,0.106702,0
89,3.7973,7465.53,7019.9872,16523.44,-5.4457007393,0.333756,0.494829,23.9614,0.8972,-0.2511,0.050924,0.677925,-3.737328,153,0.676297,1964.9923,0.117324,0
90,3.84,7894.36,7029.0604,16792.97,-6.534053392,0.280051,0.422967,14.8551,0.8825,-0.0619,0.062282,0.731907,-4.645791,154,0.655687,2361.5813,0.117812,0
91,3.8827,7678.37,7088.3918,16910.16,-6.1236289677,0.342317,0.45354,16.7725,0.8749,-0.2282,0.057231,0.711975,-6.282755,135,0.650287,2121.8579,0.115859,0
92,3.9253,7413.1,6936.0601,16406.25,-5.5045363003,0.395301,0.499327,22.7545,0.9188,-0.211,0.050269,0.698481,-4.085582,148,0.640242,1865.4563,0.1089,0
93,3.968,7876.27,7090.0384,16828.12,-5.9469470457,0.313413,0.467741,17.7214,0.8329,-0.3062,0.054999,0.713233,-6.4294,142,0.617907,2169.4522,0.113417,0
94,4.0107,7649.29,7090.236,16816.41,-5.9567693033,0.284491,0.456531,18.2582,0.8663,-0.2436,0.056755,0.691143,-5.852687,160,0.637877,2130.7746,0.113661,0
95,4.0533,7705.89,7065.4138,16910.16,-5.5895051291,0.308071,0.487642,21.8679,0.8513,-0.315,0.051983,0.697817,-9.704981,143,0.628843,2042.2392,0.111342,0
96,4.096,7823.83,7111.8518,16851.56,-6.5435474826,0.337844,0.415006,15.0485,0.8872,-0.0726,0.063658,0.708492,-3.844305,170,0.646163,2601.5895,0.110975,0
97,4.1387,7624.7,7025.2063,16792.97,-5.1939260446,0.235319,0.511282,26.5656,0.8606,-0.3202,0.048557,0.669978,-0.667547,160,0.653871,1953.4843,0.106336,0
98,4.1813,7564.22,7010.5133,16582.03,-5.849608631,0.291501,0.467745,20.5905,0.8963,-0.202,0.054999,0.694435,-6.226707,159,0.633827,2155.3925,0.114272,0
99,4.224,7804.5,7049.8961,16875.0,-6.3206034115,0.239511,0.434709,16.0459,0.8731,-0.1451,0.0603,0.719949,-6.117384,153,0.63483,2256.7663,0.124161,0
100,4.2667,7668.39,7064.3058,16722.66,-6.1486752819,0.337758,0.450229,17.6608,0.8902,-0.1594,0.057761,0.715073,-6.43474,149,0.620659,2203.3472,0.117812,0
101,4.3093,7481.12,7012.9557,16558.59,-6.1144231015,0.29611,0.449177,18.1645,0.9025,-0.1668,0.05793,0.707439,-9.04508,154,0.641674,2227.0806,0.11244,0
102,4.352,7821.52,7008.5011,16769.53,-6.077289178,0.273813,0.45582,17.4432,0.8607,-0.1842,0.056868,0.724076,-7.799681,155,0.659375,2236.5584,0.112929,0
103,4.3947,7588.88,7043.318,16734.38,-5.9316951168,0.288735,0.465905,19.8923,0.8882,-0.1958,0.055284,0.690853,-3.483928,155,0.622984,2101.3647,0.114638,0
104,4.4373,7611.17,7077.8342,16699.22,-6.3235523602,0.353252,0.436032,16.0658,0.9025,-0.1484,0.06008,0.71117,-7.640321,159,0.637307,2226.2314,0.118301,0
105,4.48,7732.84,7141.1853,16910.16,-6.3382214764,0.198042,0.437785,15.9205,0.8707,-0.2039,0.05979,0.713998,-3.551761,166,0.6434,2323.1,0.114882,0
106,4.5227,7549.13,7024.0158,16652.34,-6.2710239569,0.262131,0.4412,16.2766,0.917,-0.1111,0.059227,0.711181,-4.520727,144,0.651268,2223.4637,0.116958,0
107,4.5653,7738.01,7000.09,16593.75,-5.8497090965,0.243337,0.471407,20.2545,0.8611,-0.1857,0.054434,0.709663,-3.026269,157,0.647109,2145.9669,0.116591,0
108,4.608,7574.93,7045.4559,16781.25,-5.4668829916,0.2411,0.500479,25.2724,0.8812,-0.2753,0.050102,0.674682,-6.08233,162,0.624006,1999.4498,0.107801,0
109,4.6507,7512.3,7049.7194,16476.56,-5.8413781557,0.250805,0.468185,19.0048,0.89,-0.2122,0.05493,0.686358,-6.431316,150,0.638634,2113.2333,0.10536,0
110,4.6933,7728.12,6996.0062,16640.62,-5.6133189041,0.304552,0.485239,22.9895,0.8528,-0.2513,0.052341,0.691727,-3.212601,158,0.637265,2090.3122,0.11708,0
111,4.736,7834.15,7156.4297,16992.19,-6.4280986905,0.271723,0.423218,15.8478,0.8632,-0.1995,0.062239,0.705059,-5.054347,141,0.630036,2442.7025,0.121353,0
112,4.7787,7693.03,6992.4231,16746.09,-4.9572722546,0.315283,0.528147,31.3126,0.8258,-0.3897,0.046208,0.65247,-1.32855,164,0.639399,1982.4656,0.106336,0
113,4.8213,7579.85,7037.0345,16593.75,-5.0593844398,0.250749,0.534853,28.9127,0.8647,-0.3512,0.045294,0.662324,-1.178728,152,0.675778,2008.6914,0.099499,0
114,4.864,7409.54,7043.1493,16464.84,-6.3424154438,0.326365,0.431042,15.8258,0.9457,-0.0235,0.060913,0.695762,-6.012827,153,0.682262,2190.1689,0.107923,0
115,4.9067,7772.04,6987.1677,16558.59,-5.9942067143,0.202291,0.457586,17.68,0.8676,-0.1664,0.056588,0.715911,-4.191449,154,0.619564,2260.8946,0.113539,0
116,4.9493,7681.93,7081.6614,16722.66,-5.8201665022,0.248682,0.460913,18.5497,0.8653,-0.2285,0.056063,0.687498,-1.490978,163,0.649055,2152.6319,0.11244,0
117,4.992,7693.81,7037.1949,16851.56,-5.4890545388,0.379413,0.493028,23.4958,0.8553,-0.3285,0.051188,0.694224,-3.26971,150,0.639564,2002.3688,0.111464,0
118,5.0347,7566.28,7052.8988,16746.09,-5.8197419825,0.356824,0.471488,19.9508,0.8984,-0.1709,0.054422,0.685219,-2.565347,153,0.632159,2174.5837,0.107923,0
119,5.0773,7758.02,7125.3296,16816.41,-6.5259557468,0.280601,0.425817,15.3899,0.9022,-0.0829,0.061796,0.723239,-6.461284,156,0.645045,2439.4776,0.109022,0
120,5.12,7856.78,7060.6205,17039.06,-6.3779823174,0.355429,0.432282,15.4532,0.8688,-0.1792,0.060705,0.732433,-4.066055,163,0.627055,2445.5458,0.109388,0
121,5.1627,7297.63,6972.4592,16312.5,-5.7318770512,0.277749,0.475092,21.549,0.9389,-0.1374,0.05387,0.674136,-0.990479,147,0.652754,1971.0326,0.104383,0
122,5.2053,7660.28,7046.3677,16910.16,-5.3263407223,0.448349,0.508082,25.2722,0.8555,-0.3493,0.049011,0.681942,-2.127043,146,0.65973,1928.0017,0.107313,0
123,5.248,7740.76,7024.0592,16816.41,-5.3056509795,0.281128,0.509488,27.1436,0.834,-0.3673,0.048811,0.685699,-6.763547,141,0.63946,1967.9665,0.10658,0
124,5.2907,7775.81,7060.2027,16617.19,-5.9286661574,0.29476,0.459495,18.4609,0.8623,-0.2011,0.056287,0.700079,-4.59353,155,0.658298,2244.048,0.110731,0
125,5.3333,7551.84,6970.211,16500.0,-5.7038387535,0.327125,0.48423,20.2615,0.891,-0.2285,0.052491,0.700586,-3.070971,141,0.6312,1897.1181,0.120742,0
126,5.376,7915.76,7103.4894,16957.03,-6.3600199171,0.281704,0.428941,15.2562,0.8634,-0.1527,0.061267,0.723749,-5.582541,149,0.641133,2330.4932,0.119644,0
127,5.4187,7817.7,7128.4973,17015.62,-6.2954605106,0.305085,0.441146,15.8036,0.8706,-0.1757,0.059236,0.718573,-5.772468,163,0.624361,2281.314,0.119766,0
128,5.4613,7569.2,6997.7034,16546.88,-6.4529964555,0.29395,0.42525,15.6718,0.8928,-0.1283,0.061893,0.706308,-6.290704,165,0.649214,2266.0061,0.119888,0
129,5.504,7832.96,7088.5488,17050.78,-6.1053846972,0.30429,0.453331,18.2475,0.8472,-0.2355,0.057264,0.713988,-5.961744,131,0.645817,2166.0974,0.114028,0
130,5.5467,7566.46,7015.4749,16664.06,-5.4399939155,0.284918,0.494741,24.6713,0.8792,-0.276,0.050937,0.664236,-5.305817,160,0.645363,2013.571,0.110121,0
131,5.5893,7604.78,7061.029,16664.06,-5.5412547017,0.410145,0.489971,24.0966,0.8686,-0.2934,0.051638,0.673169,-1.108353,155,0.632972,2007.2164,0.109999,0
132,5.632,7621.73,7035.5419,16535.16,-5.8528561445,0.316383,0.468568,19.9543,0.8625,-0.2383,0.054871,0.694134,-2.171147,186,0.611584,2248.3147,0.111586,0
133,5.6747,7414.24,6997.2463,16488.28,-5.9260221532,0.317863,0.458498,19.5195,0.9356,-0.0957,0.056444,0.697079,-4.058143,144,0.60868,2056.5617,0.110243,0
134,5.7173,7631.16,7115.894,16886.72,-5.9470424906,0.350295,0.4646,18.7786,0.8698,-0.2633,0.055487,0.698499,-6.657272,137,0.630951,2184.4319,0.107557,0
135,5.76,7752.42,7105.3637,16945.31,-5.7219614305,0.458044,0.486531,20.427,0.8742,-0.2271,0.052148,0.698797,-4.403804,138,0.612734,2187.7474,0.112929,0
136,5.8027,7858.89,7235.9833,17062.5,-6.7820644515,0.164476,0.407518,13.2027,0.8653,-0.188,0.064975,0.723217,-7.226017,149,0.615032,2561.4678,0.117202,0
137,5.8453,7863.37,7119.0457,16968.75,-6.3700428462,0.237987,0.435394,15.9023,0.8704,-0.1545,0.060186,0.724597,-6.60027,166,0.605275,2328.8586,0.118911,0
138,5.888,7603.03,6988.4787,16699.22,-5.4384636524,0.266814,0.500961,24.9737,0.8619,-0.295,0.050033,0.675077,-5.085935,170,0.631515,1894.616,0.107191,0
139,5.9307,7547.32,7007.0709,16593.75,-4.9722772141,0.230565,0.535597,35.6594,0.8456,-0.3713,0.045194,0.627948,-1.238887,148,0.626841,1957.533,0.100354,0
140,5.9733,7423.07,7007.2612,16464.84,-5.7980685173,0.372773,0.475136,19.2638,0.9026,-0.1993,0.053864,0.675379,-4.640561,153,0.668736,2004.361,0.110731,0
141,6.016,7684.3,7060.5091,16746.09,-6.7773440109,0.296393,0.405655,14.0883,0.9367,0.0293,0.065307,0.730707,-3.816968,153,0.652815,2394.4539,0.111464,0
142,6.0587,7640.65,7066.6758,16652.34,-6.4749475792,0.360614,0.423741,15.9554,0.8991,-0.1031,0.06215,0.715038,-10.865351,136,0.643174,2435.0841,0.113417,0
143,6.1013,7643.81,7078.0278,16746.09,-5.782040816,0.254037,0.476693,20.1782,0.8601,-0.2745,0.053627,0.70889,-7.714346,150,0.61095,2241.4582,0.116469,0
144,6.144,7764.06,7101.1887,16980.47,-6.0317321275,0.322916,0.459214,17.2929,0.8867,-0.2029,0.056331,0.716264,-3.245894,142,0.644628,2197.7698,0.112563,0
145,6.1867,7443.59,7062.2714,16523.44,-5.6442392575,0.335729,0.478306,21.4413,0.8807,-0.2773,0.053382,0.671801,-4.805554,146,0.639804,1981.0206,0.109877,0
146,6.2293,7823.04,7061.7674,16910.16,-5.8723997009,0.387077,0.464251,18.3471,0.8495,-0.254,0.055541,0.705605,-5.817095,150,0.630698,2209.5419,0.116347,0
147,6.272,7765.42,7045.2506,16816.41,-5.9521182403,0.292377,0.467958,18.3487,0.8701,-0.2231,0.054966,0.718964,-6.612652,167,0.629858,2155.7592,0.112685,0
148,6.3147,7352.94,7061.6189,16640.62,-5.4223340419,0.266789,0.489724,25.6399,0.8801,-0.3251,0.051675,0.643713,-6.661299,156,0.629222,1908.1642,0.09779,0
149,6.3573,7272.85,6998.289,16382.81,-5.2262529309,0.312921,0.499631,30.7716,0.914,-0.2557,0.050225,0.644602,-3.36981,145,0.665467,1941.6605,0.095471,0
150,6.4,7638.76,7074.0179,16722.66,-6.0276652796,0.295051,0.460124,18.7894,0.8724,-0.2374,0.056188,0.713559,-6.040346,142,0.629781,2145.0535,0.107069,0
151,6.4427,7400.13,6944.8681,16335.94,-5.1506939632,0.363619,0.523368,32.9113,0.8962,-0.2761,0.046866,0.64092,-1.771768,156,0.637504,1998.2413,0.110853,0
152,6.4853,7465.42,7026.0223,16605.47,-6.0509837326,0.331091,0.448953,18.8498,0.9059,-0.1609,0.057967,0.680949,-5.956204,158,0.654533,2190.6557,0.10658,0
153,6.528,7564.04,7038.0607,16851.56,-5.4387657939,0.30369,0.489865,22.5261,0.8805,-0.2866,0.051654,0.678469,-6.776787,151,0.678158,2031.6557,0.10658,0
154,6.5707,7643.23,7062.7022,16816.41,-5.2494931355,0.289909,0.515371,26.8892,0.8432,-0.3778,0.04798,0.672222,-2.90747,143,0.643608,2013.8515,0.109633,0
155,6.6133,7549.71,6980.4825,16500.0,-5.384218431,0.218509,0.507141,25.0339,0.8853,-0.236,0.049145,0.677151,-6.201413,141,0.620264,2032.1649,0.111708,0
156,6.656,7631.42,6946.5064,16570.31,-6.128027118,0.341639,0.445204,17.4349,0.9156,-0.0572,0.058574,0.707051,-5.28309,168,0.637403,2210.7016,0.1089,0
157,6.6987,7549.64,7045.154,16593.75,-6.6451230497,0.29803,0.408816,13.9461,0.9265,-0.0488,0.064745,0.717791,-6.962273,157,0.654498,2427.1326,0.105604,0
158,6.7413,7483.43,7086.4436,16804.69,-5.4167656281,0.347852,0.496072,23.8484,0.8771,-0.3307,0.050743,0.672574,-2.3973,160,0.670647,2086.0193,0.099866,0
159,6.784,7272.54,6924.6013,16230.47,-5.0575166526,0.333763,0.515046,31.9897,0.898,-0.269,0.048026,0.614292,-5.556963,154,0.661155,2025.9424,0.099988,0
160,6.8267,7689.62,7068.5199,16652.34,-6.3139744512,0.338163,0.438276,15.963,0.9138,-0.0887,0.059709,0.72391,-6.899087,130,0.668464,2185.7551,0.111464,0
161,6.8693,7577.4,7059.5421,16546.88,-6.1130713553,0.396489,0.43954,16.7663,0.9015,-0.1279,0.0595,0.701493,-6.183389,155,0.644577,2382.5524,0.114028,0
162,6.912,7481.09,6946.8954,16406.25,-5.4712036041,0.332592,0.509139,24.8174,0.8967,-0.2535,0.048861,0.691239,-2.619785,132,0.641293,1955.1309,0.111098,0
163,6.9547,7863.45,7081.5311,16898.44,-6.3478986916,0.380859,0.427338,16.1412,0.8715,-0.1158,0.061538,0.717701,-2.260707,159,0.595978,2448.1791,0.115248,0
164,6.9973,7681.23,7115.3233,16933.59,-6.4629685401,0.31104,0.422078,15.8407,0.9145,-0.0687,0.062435,0.717492,-4.535024,160,0.588334,2294.6452,0.113417,0
165,7.04,7476.76,6979.2077,16464.84,-5.056920624,0.298576,0.517566,32.212,0.8848,-0.2859,0.047672,0.638713,-2.3186,159,0.635958,1923.0593,0.105726,0
166,7.0827,7476.04,6992.6545,16500.0,-5.6715364582,0.346827,0.482664,21.5441,0.8879,-0.2263,0.052726,0.680222,-5.998532,150,0.63315,2158.7903,0.100842,0
167,7.1253,7597.68,7044.6763,16675.78,-5.982981676,0.235956,0.461508,18.7153,0.8755,-0.2169,0.05597,0.701314,-5.849067,140,0.647314,2253.93,0.102796,0
168,7.168,7773.08,7112.7739,16898.44,-6.610847036,0.29636,0.411552,14.3175,0.8924,-0.1397,0.064262,0.723726,-5.311702,164,0.627086,2503.7352,0.116347,0
169,7.2107,7796.93,7044.1663,16839.84,-6.3696946881,0.26071,0.435502,15.5003,0.8872,-0.1191,0.060168,0.728127,-4.237326,143,0.605416,2357.1148,0.119888,0
170,7.2533,7692.37,7127.0593,16863.28,-6.3654603913,0.32441,0.438108,15.5162,0.9008,-0.1461,0.059736,0.720007,-7.057385,140,0.608,2282.6075,0.117202,0
171,7.296,7821.3,7040.075,16851.56,-6.0949781575,0.443903,0.448594,16.7897,0.8764,-0.168,0.058024,0.723925,-5.999038,156,0.624611,2267.8417,0.119033,0
172,7.3387,7619.82,7089.5034,16781.25,-5.6642114874,0.313043,0.481134,20.9123,0.8513,-0.3053,0.052956,0.675876,-2.215729,156,0.637876,2028.3341,0.110121,0
173,7.3813,7511.92,7083.685,16605.47,-5.5148867539,0.213686,0.488242,22.7734,0.8569,-0.2999,0.051894,0.661265,-4.188083,184,0.63364,2024.4491,0.110731,0
174,7.424,7558.95,7099.4837,16652.34,-6.2836517874,0.344854,0.433042,16.741,0.8802,-0.181,0.060578,0.684233,-7.494119,144,0.650681,2247.4623,0.11244,0
175,7.4667,7441.24,7083.6445,16722.66,-5.8113766341,0.345788,0.466467,19.463,0.8985,-0.2272,0.055197,0.679614,-3.78251,143,0.644835,2092.5907,0.10658,0
176,7.5093,7610.31,7013.7636,16757.81,-5.6452551599,0.349453,0.48635,21.2328,0.8716,-0.2775,0.052175,0.691622,-6.248855,159,0.662449,1976.1358,0.104993,0
177,7.552,7589.21,7004.2617,16675.78,-5.6653849558,0.273278,0.478348,22.1944,0.8851,-0.2269,0.053376,0.688656,-5.717065,152,0.656573,2088.6288,0.107313,0
178,7.5947,7774.11,7102.1608,16804.69,-6.4970483966,0.314217,0.424913,15.0491,0.866,-0.1579,0.06195,0.723664,-5.517225,143,0.657658,2455.3502,0.117324,0
179,7.6373,7689.2,7088.059,16687.5,-6.9608652812,0.212124,0.390407,12.8842,0.9296,0.0323,0.06808,0.725214,-7.95843,144,0.641299,2453.6781,0.118545,0
180,7.68,7660.66,6993.4598,16710.94,-6.0251883608,0.282461,0.45374,17.9466,0.8863,-0.1839,0.057199,0.713186,-7.43888,116,0.678395,2235.637,0.11476,0
181,7.7227,7714.21,7053.4575,16968.75,-5.5895974192,0.388217,0.485319,21.5362,0.8597,-0.3315,0.052329,0.704118,-6.216548,129,0.653442,1955.8109,0.118178,0
182,7.7653,7613.79,7059.2042,16734.38,-5.9959531635,0.330309,0.459274,18.1704,0.8946,-0.1881,0.056321,0.707334,-6.132384,162,0.648302,2244.944,0.11415,0
183,7.808,7354.04,6994.7835,16289.06,-5.9829183822,0.293572,0.464075,19.9361,0.9287,-0.1116,0.055569,0.686955,-9.863942,165,0.625397,2057.5452,0.113417,0
184,7.8507,7757.72,7062.2398,16828.12,-6.1945434807,0.232128,0.44377,17.4073,0.8693,-0.1905,0.058807,0.719221,-5.300942,162,0.614167,2255.8132,0.115981,0
185,7.8933,7649.28,7010.0761,16593.75,-5.2721028554,0.227301,0.513049,27.4919,0.8561,-0.3084,0.048307,0.670521,-1.463099,152,0.623973,1964.0685,0.11183,0
186,7.936,7669.37,7098.0609,16675.78,-6.7446833927,0.303035,0.411686,14.0525,0.9235,-0.0147,0.064239,0.723018,-5.967331,150,0.62788,2458.5221,0.119033,0
187,7.9787,7718.31,7059.2366,16863.28,-5.7734805629,0.247195,0.472179,20.8886,0.8703,-0.2357,0.054316,0.710607,-2.707696,151,0.624573,2170.4466,0.123916,0
188,8.0213,7773.31,6985.3647,16804.69,-5.5273036113,0.354607,0.485601,22.1143,0.8624,-0.2651,0.052287,0.713168,-3.140555,158,0.644042,2010.619,0.114394,0
189,8.064,7598.16,7091.2557,16781.25,-5.9820096222,0.213516,0.460947,19.8084,0.8827,-0.2124,0.056058,0.697846,-5.498774,164,0.654385,2109.5789,0.110243,0
190,8.1067,7493.16,7115.7726,16664.06,-6.6999983218,0.271829,0.409953,14.1068,0.9515,-0.0027,0.064544,0.724661,-6.682306,157,0.635771,2328.2166,0.112807,0
191,8.1493,7786.76,7095.9989,16757.81,-6.1549704554,0.246644,0.442831,16.3524,0.8732,-0.1783,0.05896,0.720182,-4.471476,137,0.644229,2311.5504,0.110121,0
192,8.192,7822.04,7132.1044,17039.06,-5.9288795622,0.269247,0.466212,18.6397,0.8644,-0.2241,0.055236,0.717653,-4.287728,137,0.604384,2177.7893,0.112074,0
193,8.2347,7779.8,7105.7793,16839.84,-6.0761970838,0.375794,0.450412,17.963,0.8653,-0.2215,0.057732,0.71763,-4.831202,144,0.622519,2243.1294,0.115248,0
194,8.2773,7400.69,6951.6548,16347.66,-5.9320056092,0.349856,0.465063,20.7401,0.9497,-0.058,0.055415,0.696103,-3.261081,149,0.635201,2228.375,0.114028,0
195,8.32,7618.75,6998.4392,16523.44,-5.9805779725,0.339988,0.456678,18.4429,0.8892,-0.1544,0.056732,0.695037,-3.792437,153,0.631781,2130.3853,0.112074,0
196,8.3627,7660.73,7100.186,16863.28,-6.2847533578,0.274083,0.44006,16.1385,0.9078,-0.1068,0.059415,0.714058,-7.459997,147,0.638297,2293.0849,0.112929,0
197,8.4053,7884.88,7072.1225,16980.47,-6.009671309,0.330175,0.465859,17.1281,0.8418,-0.2651,0.055291,0.725361,-3.635523,163,0.631161,2214.314,0.122696,0
198,8.448,7985.22,7093.5717,17074.22,-5.6741718509,0.2846,0.481452,19.4182,0.8197,-0.3382,0.052908,0.715981,-6.114681,152,0.621542,2220.6434,0.126969,0
199,8.4907,7897.98,7092.4376,16933.59,-6.2481279331,0.339609,0.434591,16.4319,0.8655,-0.1204,0.06032,0.707735,-4.186523,165,0.625944,2510.4712,0.121963,0
200,8.5333,7742.55,7087.2469,16957.03,-5.9276987333,0.318517,0.462609,18.3301,0.8611,-0.2492,0.055798,0.706461,-2.797552,172,0.646443,2229.8078,0.113051,0
201,8.576,7723.43,7075.6157,16886.72,-5.8080102867,0.263009,0.478616,20.4449,0.8731,-0.2216,0.053335,0.699509,-2.770962,123,0.639276,2077.1606,0.116225,0
202,8.6187,7695.33,7046.8953,16886.72,-5.8357581657,0.296959,0.471613,20.1202,0.8725,-0.2558,0.054402,0.705719,-2.785616,142,0.615908,2087.07,0.117446,0
203,8.6613,7916.45,7155.5107,17203.12,-5.9740039019,0.196567,0.459057,17.6878,0.8159,-0.3307,0.056356,0.715451,-6.372277,155,0.625328,2162.3174,0.108168,0
204,8.704,7767.3,7023.9313,16804.69,-5.6930109741,0.38954,0.482458,21.0606,0.8528,-0.2546,0.052757,0.706242,-3.381494,148,0.643625,2152.0475,0.106458,0
205,8.7467,7530.55,7044.6133,16535.16,-5.866076108,0.307812,0.459158,19.0242,0.8851,-0.218,0.05634,0.691327,-5.19581,143,0.628022,2151.8942,0.110365,0
206,8.7893,7701.22,7117.7541,16722.66,-6.1077205379,0.230242,0.449704,17.5316,0.8504,-0.222,0.057845,0.700733,-5.492189,130,0.645274,2253.3973,0.111098,0
207,8.832,7540.55,7149.7728,16804.69,-6.7280731271,0.259904,0.409626,14.7303,0.9072,-0.1021,0.064602,0.696243,-6.997546,153,0.618259,2320.1925,0.119399,0
208,8.8747,7817.57,7080.1932,16828.12,-6.6630048752,0.342825,0.413544,14.0186,0.8773,-0.096,0.063913,0.729264,-5.26514,133,0.642411,2360.4375,0.12062,0
209,8.9173,7642.16,7141.9962,16898.44,-6.6501188611,0.302951,0.408224,15.3561,0.9091,-0.0977,0.06485,0.709831,-4.689499,156,0.638062,2368.1435,0.113173,0
210,8.96,7583.74,7050.7358,16792.97,-5.5794379716,0.246134,0.48794,21.5483,0.8597,-0.3235,0.051939,0.680784,-8.675857,143,0.647597,1957.4662,0.11183,0
211,9.0027,7505.4,7063.6235,16523.44,-5.7419742247,0.261805,0.477962,20.9434,0.8957,-0.2443,0.053434,0.697561,-6.638185,157,0.652929,1981.961,0.107069,0
212,9.0453,7651.37,7017.0358,16710.94,-6.0738733336,0.347231,0.449404,18.4111,0.8843,-0.175,0.057894,0.704736,-4.616732,144,0.639523,2400.2795,0.104627,0
213,9.088,7516.8,7041.8662,16652.34,-6.1581624,0.435544,0.444072,16.4836,0.9331,-0.0872,0.058758,0.696937,-7.221788,153,0.649988,2183.2361,0.10658,0
214,9.1307,7828.81,7077.2186,16980.47,-5.7671862846,0.274601,0.47079,18.6312,0.8314,-0.3039,0.054529,0.711122,-3.760319,144,0.643242,2109.6352,0.116713,0
215,9.1733,7681.9,7024.9517,16582.03,-6.3468826775,0.36089,0.433333,15.6158,0.9274,0.0004,0.06053,0.712672,-3.969217,159,0.651901,2356.597,0.116836,0
216,9.216,7683.78,7010.4208,16488.28,-5.9246732583,0.312334,0.454137,18.0881,0.8812,-0.1494,0.057135,0.703304,-7.261762,138,0.62872,2173.4091,0.115004,0
217,9.2587,7893.13,7109.8023,16886.72,-6.6393198173,0.313149,0.414382,13.7518,0.8924,-0.0745,0.063767,0.736177,-4.71899,152,0.644119,2409.7145,0.110731,0
218,9.3013,7454.65,7060.6664,16570.31,-5.5087072999,0.289184,0.480531,22.7742,0.9118,-0.2196,0.053046,0.681172,-2.410371,166,0.645757,1933.0976,0.10304,0
219,9.344,7524.21,7008.7701,16664.06,-5.3862301136,0.407774,0.495441,23.9175,0.8797,-0.3033,0.050835,0.67754,-5.795241,150,0.661228,2124.8822,0.111098,0
220,9.3867,7894.8,7073.0857,16945.31,-6.1856492991,0.423809,0.441079,16.6835,0.8676,-0.1452,0.059247,0.711598,-7.678663,143,0.649646,2373.3612,0.111342,0
221,9.4293,7426.66,7039.4213,16699.22,-5.4757607984,0.301975,0.490962,25.1485,0.8808,-0.2947,0.051492,0.663965,-7.569543,165,0.677751,2060.5436,0.104993,0
222,9.472,7629.1,7050.4081,16699.22,-5.6111595914,0.337775,0.479064,20.6294,0.8757,-0.2566,0.053268,0.691691,-6.711545,158,0.64675,2050.5994,0.106458,0
223,9.5147,7633.75,6999.8346,16710.94,-5.7632916857,0.327597,0.475272,19.8818,0.8843,-0.2098,0.053843,0.701006,-7.564295,157,0.649635,2119.353,0.113173,0
224,9.5573,7506.01,7027.7333,16710.94,-5.6346466896,0.381776,0.482616,21.4817,0.8888,-0.2472,0.052733,0.673267,-9.206117,149,0.62606,1968.1621,0.115248,0
225,9.6,7735.37,7100.1198,16886.72,-6.0844264861,0.307556,0.447795,16.9545,0.8644,-0.2306,0.058153,0.716906,-5.294311,144,0.65716,2275.4419,0.116836,0
226,9.6427,7883.01,7091.1612,16875.0,-5.921931489,0.301224,0.463286,18.1708,0.8562,-0.2078,0.055692,0.718704,-2.288842,180,0.670173,2278.4773,0.112807,0
227,9.6853,7603.25,7043.5745,16652.34,-6.1541904793,0.310433,0.444613,17.8743,0.9201,-0.0811,0.05867,0.713273,-2.626264,163,0.617764,2178.4105,0.109144,0
228,9.728,7516.85,6960.2478,16628.91,-5.7863458789,0.285889,0.468064,20.2474,0.9001,-0.1987,0.054949,0.698418,-6.109158,157,0.655008,2159.4495,0.116836,0
229,9.7707,7952.02,7067.5888,16921.88,-5.3955987081,0.271985,0.49999,22.2905,0.8232,-0.3278,0.050173,0.709516,-1.752086,161,0.629682,1981.4811,0.113539,0
230,9.8133,7529.99,6945.4628,16406.25,-5.4019774279,0.271483,0.504838,24.9922,0.8932,-0.2598,0.049475,0.700212,-2.374137,144,0.625885,1961.0525,0.106214,0
231,9.856,7504.48,6973.5785,16453.12,-5.7958180291,0.245795,0.475807,18.6668,0.9033,-0.1849,0.053762,0.706089,-4.165308,146,0.617751,1973.0436,0.107679,0
232,9.8987,7738.48,7090.9635,16816.41,-5.9887682219,0.205608,0.459321,18.4652,0.8549,-0.2473,0.056314,0.705303,-2.215676,152,0.637224,2126.1648,0.109755,0
233,9.9413,7687.33,7077.9939,16746.09,-5.7363243382,0.303222,0.474618,19.2303,0.8825,-0.2254,0.053943,0.703636,-3.804042,139,0.645331,2081.9178,0.109388,0
234,9.984,7754.58,7081.0937,16710.94,-6.0216226789,0.253148,0.453025,18.0482,0.8548,-0.2354,0.057313,0.70427,-3.442375,164,0.642338,2255.3306,0.115371,0
235,10.0267,7729.18,7036.9348,16757.81,-5.7199698522,0.212134,0.477502,19.9187,0.8668,-0.2368,0.053504,0.719911,-4.564306,144,0.625115,2049.8425,0.121231,0
236,10.0693,7642.39,6986.0167,16687.5,-6.3806240874,0.237179,0.430033,14.9494,0.8953,-0.115,0.061083,0.710403,-4.820704,143,0.653587,2347.7228,0.122207,0
237,10.112,7677.58,7019.0382,16722.66,-5.8448817086,0.217916,0.469389,19.4865,0.9021,-0.1445,0.054744,0.7097,-3.60741,162,0.632859,2015.4803,0.111586,0
238,10.1547,7498.89,7032.7523,16511.72,-5.3946863782,0.340982,0.490472,25.4554,0.881,-0.2636,0.051564,0.65696,-8.038477,140,0.681351,2056.4623,0.109999,0
239,10.1973,8165.34,7114.4378,16980.47,-6.4128568631,0.301236,0.42531,14.7264,0.8382,-0.1283,0.061882,0.733184,-3.789392,161,0.650323,2470.7959,0.122207,0
240,10.24,7742.95,7150.8501,16886.72,-6.6124480792,0.259804,0.41357,14.1408,0.9021,-0.1001,0.063908,0.726191,-8.86011,136,0.62747,2391.607,0.11708,0
241,10.2827,7670.61,7013.8075,16792.97,-5.3665192212,0.298423,0.501851,23.642,0.8516,-0.3295,0.049904,0.689707,-3.359111,159,0.619728,1897.8618,0.106825,0
242,10.3253,7762.3,7141.2492,16886.72,-5.7063033653,0.266312,0.483455,20.0296,0.8455,-0.3072,0.052607,0.692258,-4.381439,147,0.604488,1985.9665,0.10365,0
243,10.368,7462.07,6956.0773,16652.34,-5.6769418507,0.293667,0.483948,21.4497,0.9084,-0.1989,0.052534,0.682059,-4.667994,153,0.637332,1962.2511,0.105237,0
244,10.4107,7668.99,7025.6689,16792.97,-5.8928410712,0.247,0.474221,20.2025,0.8767,-0.2096,0.054003,0.708495,-3.422038,168,0.642948,2071.2045,0.113783,0
245,10.4533,7706.9,7055.6987,16710.94,-6.1824486985,0.292418,0.439029,16.3951,0.8916,-0.1427,0.059584,0.719019,-5.183097,147,0.657654,2265.1565,0.116713,0
246,10.496,7862.63,7124.6126,16839.84,-6.5185847417,0.245339,0.42613,15.4446,0.8927,-0.0762,0.061743,0.731486,-5.62369,146,0.6664,2384.8993,0.119766,0
247,10.5387,7855.47,7093.337,16875.0,-5.9586078344,0.281496,0.459556,18.2259,0.8357,-0.2657,0.056277,0.70705,-2.071996,167,0.6178,2269.6191,0.115737,0
248,10.5813,7569.57,7027.4482,16570.31,-5.9109960209,0.35873,0.465711,19.9106,0.8749,-0.2226,0.055314,0.689431,-3.547657,167,0.625492,2070.2224,0.106947,0
249,10.624,7647.78,6989.411,16617.19,-5.7740946863,0.40563,0.477211,20.1425,0.8772,-0.1959,0.053548,0.693143,-4.601611,176,0.6327,2248.7367,0.108045,0
250,10.6667,7714.96,7074.2773,16757.81,-5.4939099809,0.293856,0.49383,22.392,0.8493,-0.3089,0.05107,0.688655,-2.057895,154,0.65496,2036.4406,0.111464,0
251,10.7093,7676.64,6991.3179,16605.47,-5.6562434608,0.370503,0.478626,21.3319,0.8829,-0.2154,0.053334,0.708297,-2.301909,137,0.65306,2092.3035,0.114882,0
252,10.752,7813.44,7010.819,16886.72,-5.6537852285,0.293232,0.487171,19.9632,0.8348,-0.308,0.052053,0.708809,-3.433984,161,0.62859,2077.4611,0.112685,0
253,10.7947,7924.5,7074.7185,16863.28,-5.6886339799,0.291407,0.48095,20.3844,0.8014,-0.376,0.052983,0.712502,-2.491783,150,0.642152,2111.2335,0.116225,0
254,10.8373,7669.99,7058.5328,16921.88,-5.6955206353,0.267826,0.474676,20.5658,0.8795,-0.2655,0.053934,0.70239,-2.788365,146,0.62761,2149.6975,0.114394,0
255,10.88,7453.37,6974.3331,16277.34,-5.5998418061,0.264431,0.482312,21.9201,0.901,-0.2056,0.052779,0.682036,-3.218192,140,0.631389,1848.7626,0.112074,0
256,10.9227,7595.24,7043.7945,16863.28,-5.8871471734,0.306211,0.468581,19.3922,0.8755,-0.227,0.054869,0.683615,-3.929701,159,0.639947,2109.257,0.114394,0
257,10.9653,7709.35,7055.2844,16734.38,-5.7826026003,0.329756,0.469178,18.7762,0.8734,-0.229,0.054777,0.708973,-2.271869,148,0.633575,2137.2561,0.111952,0
258,11.008,7428.96,7004.7987,16347.66,-6.5743197153,0.299875,0.419428,15.8139,0.9708,0.0719,0.06289,0.709766,-7.97508,137,0.630456,2356.9213,0.106214,0
259,11.0507,7471.57,6944.9867,16523.44,-5.5308740724,0.324272,0.492439,25.041,0.9156,-0.1864,0.051275,0.678631,-1.347895,157,0.642399,1914.9285,0.105115,0
260,11.0933,7608.26,7014.1084,16464.84,-6.1835633496,0.280908,0.443725,17.2114,0.9053,-0.1053,0.058814,0.709979,-4.76771,172,0.646695,2236.8048,0.110487,0
261,11.136,7780.75,7173.263,16968.75,-5.800135009,0.325864,0.467311,19.1294,0.8419,-0.2925,0.055066,0.689015,-4.330503,135,0.618839,2168.5794,0.107923,0
262,11.1787,7611.64,6985.1737,16476.56,-5.9184479435,0.320352,0.467501,18.7085,0.8745,-0.2391,0.055036,0.709095,-4.918551,157,0.647855,2106.3516,0.115981,0
263,11.2213,7729.47,7044.4587,16757.81,-6.5250308114,0.312413,0.426638,14.2545,0.9079,-0.0528,0.061657,0.727143,-7.089229,159,0.625331,2307.1364,0.115248,0
264,11.264,7508.8,7086.4679,16757.81,-6.0083732656,0.281654,0.453011,18.3985,0.9025,-0.1879,0.057315,0.701491,-5.082777,147,0.652839,2168.2263,0.11244,0
265,11.3067,7923.82,7113.0225,16968.75,-6.6713926444,0.256575,0.415447,14.6282,0.8688,-0.113,0.063581,0.734107,-5.373129,146,0.65213,2525.5052,0.124161,0
266,11.3493,7738.54,7103.0452,16875.0,-5.8802579327,0.33742,0.45951,17.6946,0.8635,-0.2312,0.056284,0.696938,-4.780124,147,0.635962,2261.0553,0.122207,0
267,11.392,8128.4,7167.3217,17250.0,-6.7405696273,0.187284,0.411956,13.9543,0.833,-0.182,0.064191,0.743167,-4.87282,147,0.648861,2567.2202,0.114028,0
268,11.4347,7523.31,7055.7543,16687.5,-5.7326204336,0.312396,0.477552,21.5998,0.9029,-0.2013,0.053497,0.696928,-5.611494,141,0.634358,2121.9332,0.10951,0
269,11.4773,7407.74,6990.8215,16464.84,-5.7544833219,0.411887,0.481259,22.7313,0.9445,-0.1062,0.052937,0.688771,-4.021091,155,0.633374,2107.015,0.109144,0
270,11.52,7645.62,6999.4932,16746.09,-5.6253253742,0.223783,0.486264,21.4106,0.8627,-0.2936,0.052188,0.701231,-4.154346,167,0.62454,2087.0595,0.113173,0
271,11.5627,7905.01,6979.4097,16687.5,-5.8138244334,0.339051,0.476684,18.8801,0.8442,-0.2225,0.053628,0.727735,-3.846032,155,0.673947,2147.1727,0.109388,0
272,11.6053,7788.59,7045.02,16886.72,-5.3042342501,0.348484,0.500925,22.5844,0.8289,-0.3588,0.050038,0.690355,-2.146455,168,0.643523,2012.9328,0.107557,0
273,11.648,7470.98,6925.2694,16406.25,-5.878454432,0.34091,0.465137,19.3608,0.926,-0.1052,0.055403,0.702273,-2.912201,165,0.673746,2079.4576,0.106214,0
274,11.6907,7573.81,7052.0493,16628.91,-5.3553429093,0.210773,0.499972,25.5929,0.8507,-0.3605,0.050176,0.673624,-6.959457,147,0.651508,1870.7055,0.107313,0
275,11.7333,7787.21,7096.5686,16968.75,-6.123814908,0.314075,0.441214,16.2532,0.8724,-0.1984,0.059225,0.705405,-6.144559,159,0.634172,2324.9949,0.112807,0
276,11.776,7665.9,7061.7523,16851.56,-5.6983989115,0.279232,0.479502,20.2306,0.8533,-0.3108,0.053202,0.696881,-3.761674,148,0.651131,2017.6392,0.117446,0
277,11.8187,7688.79,7064.6355,16863.28,-6.0600506258,0.321524,0.453008,18.2212,0.8948,-0.1513,0.057316,0.709692,-5.253036,150,0.637013,2290.5631,0.124283,0
278,11.8613,7981.75,7100.3764,17039.06,-6.3042795855,0.221166,0.442928,16.8476,0.8535,-0.147,0.058944,0.731353,-4.065492,131,0.62047,2294.2581,0.123184,0
279,11.904,8015.75,7130.9852,17039.06,-6.4210753669,0.287206,0.420653,15.1863,0.8432,-0.1989,0.062679,0.730334,-4.707596,157,0.605793,2436.6849,0.121841,0
280,11.9467,7794.76,7094.8929,16828.12,-7.1847456634,0.270069,0.376942,11.6562,0.9207,0.0265,0.070621,0.73864,-5.061438,150,0.641805,2476.1965,0.119277,0
281,11.9893,7609.07,6965.055,16593.75,-5.3589878269,0.294025,0.499399,23.4973,0.8798,-0.2637,0.050259,0.693354,-3.366547,170,0.616388,1917.5641,0.117812,0
282,12.032,7724.46,7092.0256,16851.56,-6.3454522572,0.303483,0.429754,15.3405,0.9002,-0.1116,0.06113,0.715478,-7.236262,138,0.636592,2336.6551,0.118056,0
283,12.0747,7512.51,7013.5416,16593.75,-5.5549082018,0.447415,0.488512,22.6606,0.8988,-0.2211,0.051854,0.683861,-6.27402,155,0.640698,2066.2344,0.112318,0
284,12.1173,7429.1,6983.9238,16394.53,-5.0045113901,0.269928,0.524843,37.2138,0.8762,-0.3176,0.046662,0.610904,0.018161,157,0.676128,1878.9333,0.100476,0
285,12.16,7537.14,7005.8756,16722.66,-5.0570968707,0.292775,0.524434,33.1891,0.8492,-0.3877,0.046718,0.644547,-1.184806,163,0.631183,1924.8852,0.10304,0
286,12.2027,7813.82,7020.691,17003.91,-5.4714181824,0.275333,0.499526,22.5519,0.8418,-0.3304,0.05024,0.713245,-4.26129,148,0.655041,2006.4644,0.116836,0
287,12.2453,7722.38,7098.6669,16957.03,-5.9661595829,0.254856,0.461092,18.866,0.8646,-0.2685,0.056035,0.721665,-5.837308,139,0.622796,2132.0628,0.117202,0
288,12.288,7733.25,6971.5037,16617.19,-5.9471863546,0.28645,0.458898,19.2884,0.8742,-0.1567,0.056381,0.719688,-3.871584,163,0.604383,2228.7196,0.114272,0
289,12.3307,7902.58,7040.5718,16851.56,-6.2168295363,0.263518,0.447321,17.2335,0.8615,-0.1751,0.05823,0.744503,-6.088396,142,0.647741,2227.0482,0.115859,0
290,12.3733,7625.99,6950.0214,16605.47,-5.2013853223,0.288265,0.520428,29.8432,0.8492,-0.3169,0.047273,0.666949,-1.370149,148,0.636593,1952.8152,0.115737,0
291,12.416,7799.89,7091.6163,16921.88,-5.469711315,0.363799,0.49923,22.1666,0.8351,-0.3553,0.050283,0.698676,-3.947193,152,0.649955,1994.7654,0.11769,0
292,12.4587,7477.7,7007.0101,16546.88,-6.0385061626,0.266122,0.454329,17.9376,0.9348,-0.1054,0.057105,0.707368,-4.968424,152,0.655508,2210.2649,0.112196,0
293,12.5013,7766.07,7052.6359,16886.72,-5.6489581664,0.261204,0.489983,21.6325,0.8508,-0.2895,0.051636,0.712401,-8.174647,148,0.641751,2125.6096,0.113661,0
294,12.544,7813.73,7072.7234,16804.69,-6.5390430672,0.326256,0.422737,14.7999,0.8729,-0.1309,0.062322,0.733798,-7.699018,149,0.636235,2300.5814,0.119399,0
295,12.5867,7654.09,6994.3824,16605.47,-5.7210630635,0.321669,0.47766,20.695,0.8726,-0.2525,0.05348,0.698949,-1.795875,150,0.632566,2101.7342,0.115248,0
296,12.6293,7707.84,7088.712,16839.84,-5.7386897334,0.339063,0.47898,20.7376,0.8629,-0.2552,0.05328,0.696258,-3.125771,155,0.625225,2089.3532,0.121353,0
297,12.672,8018.86,7110.0933,16980.47,-6.6575046733,0.314585,0.418466,13.9813,0.8713,-0.0943,0.063057,0.736743,-4.98782,146,0.611563,2485.4549,0.122574,0
298,12.7147,7553.27,6983.4182,16441.41,-6.4167935591,0.245251,0.428961,15.648,0.9295,-0.0572,0.061264,0.721393,-5.220383,158,0.63369,2264.7404,0.115126,0
299,12.7573,7710.83,7071.9946,16734.38,-6.3064238645,0.361608,0.435965,15.688,0.9281,-0.0542,0.060091,0.719934,-8.594528,140,0.66128,2270.5286,0.11476,0
300,12.8,7732.83,7009.8942,16710.94,-5.1886057119,0.335888,0.515569,27.2052,0.8538,-0.3353,0.047952,0.672255,-3.3638,154,0.626945,2041.5471,0.117446,0
301,12.8427,7633.34,7057.8822,16628.91,-5.999766701,0.33946,0.454517,18.0413,0.8844,-0.1896,0.057075,0.711311,-6.573767,141,0.657662,2282.237,0.111708,0
302,12.8853,7825.88,7045.6783,16816.41,-6.1709897257,0.281811,0.438689,16.6114,0.8718,-0.1415,0.059641,0.703036,-2.175924,160,0.638261,2277.3705,0.113906,0
303,12.928,7811.76,7105.9913,16851.56,-5.9512825321,0.306598,0.462444,17.2245,0.8503,-0.2637,0.055824,0.715529,-2.575613,148,0.632207,2228.2088,0.12001,0
304,12.9707,7774.08,7079.4717,16863.28,-6.1075856021,0.313996,0.450542,16.2718,0.8707,-0.211,0.057711,0.717581,-6.442289,144,0.615713,2216.4168,0.117568,0
305,13.0133,7573.36,7087.0859,16558.59,-6.5891149581,0.265979,0.421591,14.6252,0.9368,-0.0192,0.062518,0.713297,-6.385934,153,0.629207,2341.476,0.11122,0
306,13.056,7555.92,7040.124,16488.28,-6.2252639375,0.238833,0.444777,16.5285,0.9109,-0.1127,0.058643,0.708308,-5.58122,158,0.625983,2148.8234,0.107557,0
307,13.0987,7517.24,7017.5339,16570.31,-5.6582011672,0.384695,0.486896,21.3392,0.8714,-0.2701,0.052094,0.684845,-5.526815,140,0.641871,2066.1954,0.115737,0
308,13.1413,7696.4,7144.5075,17027.34,-5.5818780578,0.215032,0.489521,22.145,0.856,-0.3244,0.051705,0.684875,-1.49239,160,0.64793,2095.7759,0.112929,0
309,13.184,7720.02,7047.3525,16687.5,-5.796529509,0.437937,0.469175,20.2125,0.8657,-0.2118,0.054777,0.696501,-2.772942,162,0.646548,2248.5542,0.103895,0
310,13.2267,7422.7,6974.4569,16546.88,-5.4139820515,0.311466,0.507292,26.3121,0.9015,-0.24,0.049124,0.670824,-0.96337,168,0.620085,1979.7121,0.099622,0
311,13.2693,7706.84,7031.7834,16675.78,-5.929593404,0.292832,0.459808,18.4035,0.8744,-0.2156,0.056237,0.71367,-5.956831,167,0.647682,2253.4751,0.105237,0
312,13.312,7728.71,7026.5416,16792.97,-5.1942795694,0.343137,0.518746,26.6763,0.8368,-0.3709,0.047508,0.667408,-6.226125,146,0.630659,1960.2717,0.114638,0
313,13.3547,7584.46,7088.2832,16816.41,-5.7409615854,0.275835,0.47568,21.4538,0.8884,-0.227,0.053781,0.686974,-7.265313,156,0.620625,2176.935,0.112807,0
314,13.3973,7678.32,7059.0752,16746.09,-5.5663043683,0.366618,0.484697,21.7466,0.8678,-0.2884,0.052422,0.692332,-3.722409,153,0.657204,1939.9413,0.108534,0
315,13.44,7679.08,7047.7386,16675.78,-5.6169457284,0.417903,0.491942,21.8684,0.8941,-0.1866,0.051348,0.706596,-3.234679,157,0.625829,2022.431,0.110975,0
316,13.4827,7826.68,7150.4455,16968.75,-6.5261530391,0.255586,0.421938,15.1318,0.8742,-0.1291,0.062459,0.723069,-6.609444,176,0.639019,2423.5696,0.112074,0
317,13.5253,7488.49,7033.5539,16500.0,-5.8892019406,0.22003,0.466239,18.9925,0.889,-0.2027,0.055232,0.687371,-3.17181,150,0.645809,2018.4674,0.115859,0
318,13.568,7707.58,7056.8793,16781.25,-5.6580626527,0.25444,0.486203,21.2351,0.8411,-0.3017,0.052197,0.701743,-5.915268,158,0.657113,2077.5535,0.116591,0
319,13.6107,7464.88,7066.8151,16500.0,-6.2378669199,0.288761,0.441518,17.4146,0.9309,-0.0866,0.059175,0.701995,-5.46633,158,0.67071,2197.6076,0.110975,0
320,13.6533,7615.3,7050.2038,16535.16,-6.2305433067,0.26512,0.443747,17.1919,0.8999,-0.1212,0.058811,0.716723,-4.159673,131,0.6393,2203.826,0.108656,0
321,13.696,7269.36,6966.6181,16289.06,-5.4330801454,0.345805,0.493767,27.5135,0.9374,-0.1756,0.05108,0.656687,-1.583596,152,0.625491,1962.6034,0.106336,0
322,13.7387,7587.93,7011.2358,16722.66,-5.6003871103,0.24944,0.479142,22.3206,0.8688,-0.2778,0.053256,0.685681,-4.544201,168,0.652932,2106.2408,0.105604,0
323,13.7813,7676.89,7129.1344,16769.53,-5.9660948266,0.437903,0.453274,19.0796,0.8868,-0.1983,0.057273,0.696731,-1.913754,157,0.643722,2227.956,0.111952,0
324,13.824,7839.3,7055.733,16804.69,-5.9254767665,0.27007,0.463798,18.5925,0.8509,-0.2484,0.055612,0.715743,-1.022912,157,0.660165,2202.9214,0.115859,0
325,13.8667,7605.43,7022.6828,16546.88,-6.0002867761,0.238426,0.457753,18.4124,0.9079,-0.1221,0.056561,0.715151,-2.928714,164,0.636531,2183.9601,0.112807,0
326,13.9093,7618.92,7032.1253,16769.53,-5.2776876528,0.41462,0.506333,26.4366,0.8627,-0.3439,0.049261,0.67497,-4.458564,147,0.643968,1984.9831,0.107191,0
327,13.952,7462.28,7043.9281,16675.78,-5.5229975773,0.288971,0.480496,23.452,0.9043,-0.2467,0.053052,0.680778,-4.882144,153,0.664056,2010.5114,0.106336,0
328,13.9947,7753.17,7118.2366,16921.88,-5.6913248115,0.300511,0.474371,20.5855,0.8337,-0.3383,0.05398,0.687497,-2.778182,163,0.656158,2239.739,0.111098,0
329,14.0373,7744.06,7075.6072,16769.53,-6.6258425799,0.2778,0.418449,14.3911,0.9073,-0.0301,0.06306,0.730243,-6.652893,153,0.632416,2270.5835,0.117446,0
330,14.08,7748.55,6984.7157,16710.94,-5.9064279688,0.242957,0.474195,17.9461,0.8717,-0.2077,0.054007,0.720491,-3.051504,156,0.636168,2004.0793,0.115615,0
331,14.1227,7434.26,6937.2758,16347.66,-4.9548420434,0.324012,0.53054,33.7713,0.8694,-0.3112,0.04588,0.630622,-0.64526,178,0.641762,2174.5702,0.102185,0
332,14.1653,7721.19,7052.6816,16792.97,-6.7268964768,0.312824,0.408095,14.679,0.9116,-0.0159,0.064873,0.716317,-5.296263,157,0.654781,2393.3297,0.109144,0
333,14.208,7759.6,7041.5275,16769.53,-6.1871725007,0.339013,0.446549,16.5093,0.8587,-0.2441,0.058355,0.724961,-8.128446,175,0.652176,2386.3221,0.115737,0
334,14.2507,7743.85,7023.4962,16851.56,-5.37487698,0.32876,0.50277,24.8318,0.8523,-0.312,0.049772,0.694602,-6.285377,152,0.623876,1999.8295,0.110975,0
335,14.2933,7770.78,6993.4465,16734.38,-5.7256395211,0.239135,0.477491,20.2157,0.8493,-0.2571,0.053506,0.702895,-0.914994,169,0.62256,2238.6241,0.115371,0
336,14.336,7593.66,7076.1842,16710.94,-6.3364964265,0.276661,0.433887,16.1311,0.9182,-0.0877,0.060437,0.721627,-2.695125,138,0.641518,2336.5309,0.115859,0
337,14.3787,7586.25,6970.0184,16570.31,-5.5514500224,0.304758,0.493522,23.7013,0.863,-0.2846,0.051116,0.693337,-2.086355,158,0.652666,2021.3188,0.111586,0
338,14.4213,7668.16,7024.865,16781.25,-5.8801235333,0.249332,0.471115,20.3632,0.873,-0.2256,0.054479,0.709353,-1.984283,165,0.627613,2104.1301,0.115981,0
339,14.464,7876.07,7067.9378,16945.31,-6.257815408,0.194919,0.451352,16.5522,0.8612,-0.1767,0.057581,0.735087,-5.143697,147,0.622307,2227.7745,0.120864,0
340,14.5067,7679.5,7064.7121,16699.22,-6.284547027,0.265638,0.440915,16.3999,0.9052,-0.1089,0.059274,0.716532,-5.241573,153,0.627885,2293.7348,0.116713,0
341,14.5493,7599.19,6950.6329,16488.28,-5.9144791101,0.375734,0.465249,18.7016,0.9011,-0.1261,0.055386,0.711953,-4.364892,153,0.640484,2288.7386,0.113539,0
342,14.592,7648.3,7020.5115,16699.22,-5.5257394618,0.294259,0.494674,22.7914,0.8497,-0.3219,0.050947,0.692986,-2.579948,155,0.648981,2028.9333,0.109388,0
343,14.6347,7939.17,7139.5906,17085.94,-6.447551117,0.326545,0.42657,15.2801,0.8591,-0.1754,0.061668,0.723071,-2.497145,145,0.641178,2387.112,0.115981,0
344,14.6773,7603.32,7014.0472,16523.44,-5.7460019113,0.187682,0.483038,21.4398,0.8754,-0.223,0.05267,0.691724,-5.806774,143,0.634383,2025.0407,0.117202,0
345,14.72,7492.05,7105.1459,16722.66,-5.6684547721,0.282837,0.476535,20.1551,0.8865,-0.28,0.053651,0.691444,-3.611157,144,0.638748,2108.9212,0.103772,0
346,14.7627,7596.15,7061.4919,16605.47,-6.2952869765,0.33271,0.441965,15.9861,0.9102,-0.1226,0.059102,0.710365,-2.830193,139,0.661461,2189.2096,0.106092,0
347,14.8053,7729.09,7054.6656,16769.53,-6.2142724339,0.344282,0.44547,17.2055,0.8849,-0.142,0.05853,0.71515,-5.970063,146,0.642927,2230.0083,0.11183,0
348,14.848,7199.47,6953.0513,16242.19,-5.640205432,0.340838,0.473502,23.6934,0.962,-0.0982,0.054113,0.664421,-2.681976,156,0.654989,1984.7415,0.107923,0
349,14.8907,7339.49,6975.6421,16253.91,-5.6045990032,0.334468,0.477752,22.9709,0.9636,-0.0848,0.053466,0.677182,-3.103881,167,0.672511,2098.0453,0.099377,0
350,14.9333,7384.86,6962.048,16429.69,-5.1595714786,0.256074,0.514542,29.9599,0.8818,-0.3283,0.048097,0.64904,-1.817072,144,0.683311,1851.4513,0.106825,0
351,14.976,7862.2,7039.2921,16664.06,-6.2421766915,0.263244,0.441443,16.9296,0.8791,-0.0913,0.059188,0.723698,-3.582305,154,0.684104,2358.2089,0.115737,0
352,15.0187,7681.33,7062.8867,16757.81,-6.423269776,0.270784,0.427604,15.8054,0.8986,-0.0985,0.061493,0.723805,-4.628689,164,0.641645,2289.6749,0.118667,0
353,15.0613,7793.12,7149.8501,16968.75,-6.4051549491,0.294451,0.431216,15.4928,0.8859,-0.1621,0.060884,0.721281,-4.62496,154,0.621763,2296.561,0.117446,0
354,15.104,7702.83,6988.512,16605.47,-6.2226049997,0.320331,0.438695,17.1137,0.9081,-0.0695,0.05964,0.724886,-3.833978,156,0.616601,2352.9493,0.112807,0
355,15.1467,7706.68,7051.0548,16816.41,-5.9718502367,0.416033,0.458744,17.8379,0.8854,-0.1916,0.056405,0.706947,-3.693755,151,0.633,2176.5564,0.112318,0
356,15.1893,7608.36,7051.088,16734.38,-5.5279263402,0.28392,0.486476,21.8297,0.8492,-0.3455,0.052156,0.687962,-3.873061,150,0.627483,1954.8845,0.107679,0
357,15.232,7481.23,7016.7486,16570.31,-5.8909012207,0.305108,0.470462,19.359,0.9293,-0.1269,0.054579,0.70463,-6.440083,173,0.638807,2230.2221,0.108045,0
358,15.2747,7731.52,7042.9807,16734.38,-6.2243952826,0.253814,0.442946,17.0713,0.8975,-0.1193,0.058942,0.721191,-3.440777,167,0.624734,2283.2815,0.109388,0
359,15.3173,7807.08,7005.5583,16699.22,-6.9628716361,0.369633,0.388861,13.6804,0.9176,0.0582,0.068368,0.730271,-4.548656,169,0.653289,2644.1949,0.115615,0
360,15.36,7490.49,7085.8147,16582.03,-6.1315368091,0.271784,0.440484,17.276,0.9177,-0.1271,0.059345,0.688913,-4.577314,155,0.685054,2200.2832,0.119766,0
361,15.4027,7729.95,7060.1007,16875.0,-5.9637270101,0.328997,0.453666,17.0654,0.8923,-0.1476,0.057211,0.717258,-4.406737,149,0.665893,2157.3615,0.118789,0
362,15.4453,7707.16,7064.6026,16863.28,-5.7213897969,0.32837,0.482711,19.564,0.857,-0.2865,0.052719,0.693935,-6.841614,143,0.643442,2118.6237,0.120376,0
363,15.488,7835.03,7101.9287,16804.69,-6.7547573739,0.382766,0.402812,14.2863,0.9111,-0.0133,0.065816,0.722949,-5.516157,147,0.640453,2501.7305,0.112807,0
364,15.5307,7442.22,6978.0411,16335.94,-5.7298243851,0.237497,0.473773,20.8823,0.9294,-0.1257,0.054072,0.69729,-2.900029,176,0.637199,1965.0934,0.108656,0
365,15.5733,7669.5,6995.886,16535.16,-5.9646325124,0.302613,0.465051,17.777,0.9054,-0.1221,0.055417,0.714725,-3.939971,146,0.638653,2157.3544,0.110243,0
366,15.616,7532.76,6988.1807,16523.44,-5.6263030807,0.346288,0.478134,21.6171,0.8835,-0.2284,0.053408,0.684829,-5.239977,161,0.641314,2004.6197,0.107923,0
367,15.6587,7542.25,7051.992,16476.56,-5.6924517335,0.216345,0.477225,21.2425,0.8849,-0.2202,0.053546,0.678539,-3.540648,161,0.642515,2155.1897,0.106214,0
368,15.7013,7687.67,7007.9052,16722.66,-5.5132128113,0.424629,0.494768,23.2515,0.8567,-0.2959,0.050933,0.687494,-2.717602,159,0.662044,2015.9036,0.103895,0
369,15.744,7748.49,7116.0147,16839.84,-6.0828073337,0.312818,0.454584,16.7276,0.8785,-0.1749,0.057064,0.707075,-5.580764,139,0.644813,2191.3152,0.113417,0
370,15.7867,7700.38,7083.0659,16792.97,-6.3009650379,0.302948,0.432725,16.6639,0.8973,-0.1058,0.060631,0.711192,-4.776681,157,0.642312,2406.7834,0.118789,0
371,15.8293,7690.36,7075.7502,16781.25,-6.5803068297,0.223611,0.416468,14.5874,0.9158,-0.0661,0.063403,0.720551,-8.167254,151,0.632675,2385.918,0.1089,0
372,15.872,7445.45,7059.7452,16675.78,-5.821384633,0.262799,0.470188,20.2972,0.9112,-0.1807,0.054621,0.690253,-6.98677,160,0.631126,1998.2572,0.109388,0
373,15.9147,7649.46,7041.1086,16722.66,-5.2647496998,0.160254,0.516401,27.2472,0.8292,-0.3759,0.047836,0.653102,-6.902391,163,0.642514,1890.9714,0.112074,0
374,15.9573,7730.4,7051.9796,16710.94,-5.9575719416,0.23329,0.461593,18.6865,0.8662,-0.1956,0.055957,0.702745,-3.476651,184,0.60656,2233.0657,0.111464,0
375,16.0,7633.26,7097.208,16933.59,-5.7643564353,0.319379,0.474703,19.6197,0.8744,-0.2705,0.05393,0.694474,-2.560198,139,0.63514,2077.5365,0.114028,0
376,16.0427,7560.92,6996.0274,16546.88,-5.6347382779,0.381466,0.480535,20.3032,0.8752,-0.2532,0.053046,0.695547,-6.390251,154,0.629749,2055.8303,0.107191,0
377,16.0853,7203.34,6828.8056,15890.62,-5.4454742255,0.32521,0.497949,27.3377,0.9457,-0.0966,0.050469,0.651387,-3.287697,156,0.641967,2035.7114,0.093761,0
378,16.128,7477.71,7017.7349,16617.19,-5.4747006094,0.398553,0.486129,22.7227,0.8951,-0.2543,0.052208,0.681881,-2.209227,171,0.660292,2018.978,0.100476,0
379,16.1707,7502.56,6967.8759,16429.69,-6.1344558327,0.328027,0.451838,17.8879,0.9412,-0.0266,0.057503,0.701585,-6.032839,161,0.654828,2183.9452,0.113173,0
380,16.2133,7462.09,6972.9797,16300.78,-5.5640340755,0.365934,0.477724,23.7353,0.9091,-0.1475,0.053471,0.67218,-3.232248,152,0.631015,2134.0797,0.106092,0
381,16.256,7449.62,7007.5618,16429.69,-5.683051361,0.371956,0.480445,21.3688,0.9096,-0.1633,0.053059,0.664435,-3.763188,168,0.656174,2033.6033,0.100232,0
382,16.2987,7531.33,7109.9683,16851.56,-5.8850641768,0.269912,0.458999,19.7313,0.8742,-0.2841,0.056365,0.675035,-4.055452,157,0.629369,2121.5808,0.105848,0
383,16.3413,7673.51,6986.7117,16593.75,-5.261812557,0.52146,0.507941,26.1909,0.8433,-0.3427,0.049031,0.668068,-1.83888,149,0.654308,1976.9327,0.105726,0
384,16.384,7481.67,6992.8103,16453.12,-6.1389248451,0.286131,0.450316,18.243,0.9245,-0.0678,0.057747,0.692547,-4.030697,137,0.635546,2031.5238,0.100598,0
385,16.4267,7616.87,7036.1335,16652.34,-5.8059447,0.329681,0.466582,19.6649,0.8597,-0.2617,0.055179,0.68794,-9.588305,137,0.646124,2144.4663,0.113417,0
386,16.4693,7824.84,7029.9779,16769.53,-6.0399642444,0.347361,0.451295,18.4214,0.8656,-0.1879,0.05759,0.713299,-3.279972,152,0.645917,2336.0991,0.124039,0
387,16.512,7739.79,7107.569,16933.59,-5.6749505016,0.272945,0.479356,19.982,0.8535,-0.3205,0.053224,0.707053,-3.584728,155,0.647501,2075.5644,0.113783,0
388,16.5547,7881.72,7103.8686,16933.59,-7.0018259243,0.392705,0.385893,12.8648,0.9107,0.0084,0.068922,0.733375,-6.785041,170,0.654606,2519.9887,0.108412,0
389,16.5973,7627.14,7061.6195,16746.09,-6.0435903186,0.25287,0.45663,19.0087,0.8838,-0.1814,0.056739,0.703492,-4.746306,143,0.618908,2090.3984,0.107313,0
390,16.64,7614.13,6993.7212,16617.19,-6.6242972306,0.246577,0.409797,15.1748,0.9174,-0.0097,0.064572,0.717009,-4.968417,158,0.630271,2413.1119,0.110121,0
391,16.6827,7700.28,6913.0296,16488.28,-5.9325001682,0.265698,0.471207,18.5565,0.869,-0.1722,0.054465,0.721932,-4.595067,143,0.646249,2032.3583,0.116591,0
392,16.7253,7648.13,7037.007,16792.97,-5.853440445,0.386098,0.463369,19.8341,0.8819,-0.2147,0.055679,0.698727,-2.950256,177,0.625783,2144.2757,0.115737,0
393,16.768,7861.9,7076.8878,16828.12,-5.4945978785,0.236475,0.489417,22.0,0.8253,-0.3179,0.05172,0.695573,-2.121092,139,0.633668,2022.9354,0.116836,0
394,16.8107,7814.02,7035.7927,16757.81,-6.0976080913,0.200961,0.449671,18.1305,0.8627,-0.1643,0.057851,0.720211,-4.457414,155,0.617502,2344.0005,0.120132,0
395,16.8533,7843.39,7101.9157,16980.47,-5.9467523258,0.252667,0.453987,17.9959,0.841,-0.2754,0.057159,0.710448,-2.752425,154,0.655534,2374.9281,0.115248,0
396,16.896,7679.97,7093.8881,16792.97,-6.5001123555,0.31363,0.418501,15.0437,0.9349,-0.0388,0.063051,0.719895,-7.148567,143,0.632762,2364.085,0.113051,0
397,16.9387,7547.07,7068.9259,16675.78,-5.9626161518,0.299346,0.461802,19.0049,0.8901,-0.1933,0.055924,0.701288,-5.37912,169,0.624655,2181.905,0.113051,0
398,16.9813,7604.26,7084.8179,16652.34,-6.8851333717,0.289033,0.399161,13.5478,0.9267,-0.0287,0.066475,0.721783,-6.126474,159,0.638553,2340.705,0.110731,0
399,17.024,7734.15,7036.5868,16839.84,-6.2807966216,0.326439,0.432773,16.3963,0.9029,-0.1059,0.060623,0.712039,-3.122107,155,0.62042,2346.9298,0.117202,0
400,17.0667,7812.71,7140.7113,16968.75,-5.9486516601,0.296742,0.463837,18.0614,0.8405,-0.2979,0.055606,0.713999,-4.582194,153,0.633587,2092.4902,0.120986,0
401,17.1093,7743.05,7018.3299,16851.56,-6.029132139,0.266357,0.457267,17.6601,0.871,-0.2204,0.056638,0.722991,-3.877054,169,0.635518,2235.0133,0.115737,0
402,17.152,7662.4,7098.0081,16781.25,-6.6756569479,0.322811,0.409366,14.333,0.9104,-0.0771,0.064648,0.713301,-4.236271,153,0.643171,2324.132,0.111952,0
403,17.1947,7539.23,7006.59,16617.19,-5.7985586303,0.421423,0.473442,19.8088,0.8983,-0.1807,0.054122,0.688895,-5.123563,165,0.655753,2069.6951,0.111708,0
404,17.2373,7841.6,7096.1648,16804.69,-6.9004044703,0.326825,0.395227,13.5301,0.8911,-0.0414,0.067192,0.729888,-4.925216,155,0.652998,2401.772,0.118667,0
405,17.28,7762.47,6997.6078,16640.62,-6.9626075275,0.246125,0.392756,13.2713,0.9285,0.099,0.067646,0.736141,-3.193122,164,0.618613,2548.4439,0.119277,0
406,17.3227,7687.45,7121.0652,16875.0,-6.4751178659,0.295181,0.421802,14.702,0.8796,-0.1603,0.062482,0.710172,-5.352277,138,0.623964,2364.946,0.112929,0
407,17.3653,7810.7,7019.2465,16664.06,-5.8143794563,0.308928,0.478704,19.9379,0.8708,-0.1968,0.053322,0.722546,-4.386238,151,0.634696,2191.7855,0.114638,0
408,17.408,7639.79,7071.1604,16734.38,-6.1023449016,0.306199,0.45522,17.4172,0.9206,-0.0944,0.056963,0.716322,-3.225267,175,0.610834,2313.6961,0.108778,0
409,17.4507,7471.1,7059.391,16628.91,-5.7626492245,0.328411,0.474082,20.9308,0.898,-0.215,0.054024,0.672645,-3.02985,147,0.641172,1983.6421,0.10011,0
410,17.4933,7627.04,7046.4207,16757.81,-6.095574759,0.372575,0.453362,18.0706,0.895,-0.1517,0.057259,0.701315,-8.079734,146,0.613774,2050.041,0.11183,0
411,17.536,7714.03,7076.2325,16757.81,-6.2674324412,0.377569,0.437209,15.7774,0.8993,-0.1103,0.059885,0.717455,-2.478014,154,0.619006,2280.2722,0.121963,0
412,17.5787,7663.01,7111.3632,16734.38,-6.5909000351,0.192794,0.415185,14.9585,0.8907,-0.1119,0.063626,0.71239,-3.288794,167,0.648489,2381.5826,0.116713,0
413,17.6213,7624.06,7106.6373,16839.84,-6.004093971,0.368541,0.457005,18.5773,0.8883,-0.1985,0.05668,0.686311,-4.088604,157,0.624351,2098.1186,0.108534,0
414,17.664,7767.77,7120.0736,17039.06,-6.3135436842,0.29153,0.443031,16.7127,0.8921,-0.1558,0.058928,0.721409,-6.368468,138,0.637024,2324.8138,0.107313,0
415,17.7067,7696.93,6993.7119,16722.66,-5.3420336917,0.245579,0.501955,24.4945,0.854,-0.2918,0.049889,0.685499,-1.849352,164,0.65627,2089.841,0.112807,0
416,17.7493,7667.68,7049.7601,16628.91,-6.1558086132,0.295329,0.448082,17.9539,0.8873,-0.1227,0.058107,0.708207,-3.69742,156,0.661871,2148.8079,0.117202,0
417,17.792,7581.15,7019.1531,16605.47,-5.6288481343,0.291928,0.489209,22.7798,0.8711,-0.2826,0.051751,0.680847,-2.179502,140,0.647703,2023.1671,0.115126,0
418,17.8347,7720.97,7136.0377,16898.44,-5.907150814,0.261517,0.466071,18.6106,0.8659,-0.2416,0.055258,0.70151,-7.402791,154,0.659276,2163.6942,0.11183,0
419,17.8773,7593.74,7017.4381,16699.22,-5.5675207477,0.305848,0.492928,22.2892,0.8936,-0.2353,0.051203,0.704686,-2.852265,136,0.616437,2077.2004,0.113906,0
420,17.92,7574.06,7074.2524,16828.12,-5.7432030185,0.292422,0.474437,19.7608,0.8842,-0.2522,0.05397,0.68609,-7.930546,143,0.636576,2112.7484,0.105115,0
421,17.9627,7749.63,7056.4638,16804.69,-5.1276995899,0.228314,0.518561,27.8377,0.8268,-0.3707,0.047533,0.649858,-6.482413,143,0.657762,2047.0654,0.107435,0
422,18.0053,7781.45,7055.8744,16863.28,-5.770810625,0.380425,0.482842,20.3402,0.8531,-0.2668,0.052699,0.705061,-3.903468,171,0.639079,2075.0358,0.119155,0
423,18.048,7851.23,7000.3092,16722.66,-5.7586842033,0.289161,0.490019,19.3369,0.836,-0.2558,0.051631,0.715684,-4.617521,166,0.615279,2147.5411,0.114882,0
424,18.0907,7507.03,6955.3798,16523.44,-5.218092126,0.318791,0.517175,29.6516,0.8747,-0.2947,0.047727,0.659946,-3.165965,170,0.632712,1983.8388,0.109266,0
425,18.1333,7764.66,7080.5192,16968.75,-5.116856122,0.299109,0.519022,28.5051,0.842,-0.3618,0.047469,0.668552,-4.723612,163,0.633749,2037.9781,0.110243,0
426,18.176,7870.99,7103.1172,16945.31,-6.0752619937,0.358369,0.451253,16.8749,0.8613,-0.2203,0.057597,0.715423,-2.993095,176,0.653317,2334.1928,0.113906,0
427,18.2187,7640.7,7063.305,16734.38,-5.6097848092,0.233895,0.487176,21.8853,0.8382,-0.3505,0.052052,0.69032,-4.691263,165,0.614619,1950.9293,0.116103,0
428,18.2613,7570.87,7069.2946,16675.78,-5.4740486435,0.436726,0.490244,22.7226,0.8774,-0.3069,0.051598,0.692114,-7.105442,165,0.629942,1958.0188,0.117812,0
429,18.304,7518.26,6978.477,16394.53,-6.0230827504,0.294423,0.457299,18.8791,0.9293,-0.0701,0.056633,0.708212,-5.525701,134,0.653199,2134.3523,0.114638,0
430,18.3467,7757.59,7076.6559,16898.44,-5.5247761705,0.269988,0.492787,20.8351,0.8219,-0.3794,0.051223,0.700429,-4.246958,167,0.648847,2035.6794,0.109266,0
431,18.3893,7689.67,7008.1569,16792.97,-5.8087845998,0.351427,0.475617,20.2923,0.8857,-0.1741,0.05379,0.710561,-4.725217,145,0.646817,2136.5487,0.104017,0
432,18.432,7592.4,7081.1963,16769.53,-5.7832660558,0.211267,0.469839,19.918,0.8621,-0.2728,0.054675,0.687234,-7.478707,155,0.637879,2076.5077,0.104139,0
433,18.4747,7563.65,7058.5387,16593.75,-6.1172137457,0.307259,0.446751,16.5778,0.9051,-0.1247,0.058322,0.689346,-6.868026,167,0.634488,2252.5365,0.110609,0
434,18.5173,7578.75,6979.0342,16511.72,-6.5896963298,0.270728,0.420811,14.6905,0.9463,0.0382,0.062652,0.72035,-5.331971,152,0.630335,2357.7327,0.112929,0
435,18.56,7631.5,7049.6867,16699.22,-6.5761189163,0.222737,0.420888,14.8968,0.9321,-0.0072,0.062639,0.722449,-4.123508,151,0.637653,2435.0166,0.107191,0
436,18.6027,7745.31,7071.9481,16851.56,-5.7493573543,0.386623,0.48283,20.0946,0.8482,-0.287,0.052701,0.69529,-3.923672,155,0.623452,2048.4854,0.111586,0
437,18.6453,7646.76,7142.3385,16910.16,-6.0415187415,0.356948,0.450025,17.3869,0.871,-0.2409,0.057794,0.695603,-5.999938,151,0.656528,2312.3065,0.11244,0
438,18.688,7636.72,6996.2917,16722.66,-5.2324268913,0.382458,0.51615,27.7293,0.8553,-0.3502,0.047871,0.684257,-2.829323,172,0.660129,1914.0427,0.105726,0
439,18.7307,7603.83,7094.9448,16722.66,-6.4580338844,0.2531,0.421297,15.8967,0.9319,-0.0608,0.062569,0.717441,-3.378064,170,0.666233,2330.3828,0.114394,0
440,18.7733,7801.65,7086.7014,16910.16,-6.4134025838,0.240257,0.427993,15.2112,0.8769,-0.1313,0.061427,0.716351,-6.476044,169,0.670214,2257.5461,0.121841,0
441,18.816,7886.78,7061.2573,16851.56,-6.4748924695,0.232238,0.431623,15.2518,0.8672,-0.133,0.060816,0.727046,-4.766487,158,0.644173,2303.1696,0.116103,0
442,18.8587,7591.83,7068.805,16687.5,-6.3349496005,0.322572,0.442369,16.0056,0.9023,-0.1425,0.059036,0.715206,-3.447104,150,0.623497,2286.9957,0.107557,0
443,18.9013,7340.08,6981.9126,16429.69,-5.9739364357,0.317198,0.455424,18.9305,0.9407,-0.1141,0.056931,0.692373,-5.827456,167,0.624533,2044.0525,0.105604,0
444,18.944,7505.57,6953.6273,16453.12,-5.7072869693,0.311336,0.483991,21.9094,0.8994,-0.1938,0.052527,0.681148,-0.292498,162,0.663234,2096.4223,0.109877,0
445,18.9867,7700.03,6951.2356,16640.62,-5.6073473513,0.263883,0.490645,22.0221,0.8709,-0.2442,0.051539,0.70909,-5.237649,163,0.640672,2006.0275,0.114638,0
446,19.0293,7586.01,6951.847,16652.34,-5.335452254,0.368585,0.50976,27.9106,0.8454,-0.3588,0.048772,0.676175,-2.41132,156,0.639453,1956.8787,0.115004,0
447,19.072,7566.04,7038.6528,16593.75,-6.5312232532,0.226718,0.424432,14.9777,0.9369,-0.0169,0.062032,0.715816,-5.97068,167,0.667103,2353.3154,0.116103,0
448,19.1147,7633.51,7113.4122,16886.72,-6.3763659639,0.193543,0.430155,16.1019,0.9124,-0.1,0.061062,0.708861,-3.539107,140,0.638336,2376.6551,0.115248,0
449,19.1573,7584.97,7047.8107,16746.09,-5.7097153928,0.323429,0.484486,21.3363,0.8919,-0.2368,0.052453,0.698062,-9.111531,142,0.661173,2016.1647,0.110121,0
450,19.2,7669.2,7051.0315,16828.12,-6.2995125014,0.262902,0.436624,15.9316,0.9062,-0.1171,0.059982,0.722853,-4.247401,150,0.652134,2283.7233,0.113417,0
451,19.2427,7628.74,7036.4848,16769.53,-5.4943715919,0.260884,0.496247,24.0496,0.8771,-0.283,0.050717,0.693473,-1.892246,147,0.64346,2030.047,0.115981,0
452,19.2853,7919.91,7143.1327,17062.5,-6.6414464502,0.302835,0.416524,14.0085,0.8706,-0.1328,0.063393,0.731132,-6.145926,139,0.61782,2473.4911,0.121231,0
453,19.328,7661.46,7034.0621,16746.09,-6.4036318497,0.358828,0.426722,15.4117,0.914,-0.0786,0.061643,0.715774,-6.682137,172,0.658625,2386.7552,0.122451,0
454,19.3707,7967.49,7156.9348,17039.06,-6.4000371723,0.284311,0.4339,15.2923,0.8193,-0.2426,0.060435,0.719583,-6.382494,149,0.642357,2214.5194,0.115248,0
455,19.4133,7743.18,7043.2855,16652.34,-6.1405018724,0.301466,0.45637,17.7417,0.8827,-0.1498,0.056781,0.723907,-6.743692,153,0.630746,2244.1047,0.115981,0
456,19.456,7698.77,7045.807,16710.94,-6.360210569,0.308474,0.436711,16.1747,0.9115,-0.1086,0.059968,0.732315,-4.752141,149,0.598494,2317.0693,0.115737,0
457,19.4987,7680.87,7046.2902,16792.97,-5.9581872908,0.288057,0.462815,19.5442,0.8859,-0.1934,0.055765,0.703235,-7.915154,156,0.642551,1996.3213,0.107801,0
458,19.5413,7729.22,7086.0991,16851.56,-5.5457058184,0.411358,0.489757,22.345,0.8203,-0.4006,0.05167,0.675782,-6.79702,149,0.618202,1978.9119,0.104505,0
459,19.584,7322.68,6956.4573,16312.5,-5.3271227768,0.421008,0.499585,27.8273,0.919,-0.2019,0.050232,0.634005,-1.508513,160,0.637889,1953.687,0.106702,0
460,19.6267,7729.89,7149.7447,16898.44,-6.4127912953,0.368821,0.430492,16.1676,0.8884,-0.1407,0.061006,0.70836,-5.656192,136,0.666378,2239.5068,0.10829,0
461,19.6693,7396.15,7017.7435,16453.12,-6.1254932063,0.294078,0.449173,17.8048,0.9201,-0.1456,0.057931,0.690194,-4.027605,151,0.624258,2160.8347,0.115004,0
462,19.712,7705.75,7120.5073,16933.59,-5.7709419187,0.245569,0.470645,19.5965,0.8465,-0.3395,0.054551,0.697295,-2.005387,165,0.65291,2143.6611,0.113173,0
463,19.7547,7661.22,7142.4462,16781.25,-6.1764429312,0.318647,0.443637,17.2958,0.887,-0.1736,0.058829,0.702111,-6.212297,146,0.660205,2283.6073,0.111708,0
464,19.7973,7828.04,7069.2016,16769.53,-6.1790497942,0.297888,0.442683,16.1979,0.874,-0.1458,0.058984,0.717907,-1.978854,161,0.675362,2369.8352,0.114272,0
465,19.84,7705.85,7067.6011,16699.22,-6.5735290306,0.333075,0.418904,14.3963,0.9058,-0.0842,0.062981,0.716922,-6.765189,157,0.660969,2233.9756,0.113906,0
466,19.8827,7507.68,7041.0337,16851.56,-6.0492977401,0.26906,0.450078,18.5432,0.9183,-0.1714,0.057785,0.705682,-3.713642,175,0.648492,2212.3876,0.110487,0
467,19.9253,7525.75,7010.2389,16558.59,-5.8090377366,0.350348,0.474866,21.3375,0.8987,-0.213,0.053905,0.696386,-7.569799,146,0.64607,1985.6375,0.105726,0
468,19.968,7713.43,7037.2135,16816.41,-5.6291879647,0.310755,0.480333,20.7931,0.8431,-0.3255,0.053076,0.69894,-5.397184,138,0.63496,2157.7567,0.108534,0
469,20.0107,7940.34,7063.966,16886.72,-5.3849247593,0.266516,0.499982,23.4669,0.782,-0.4243,0.050174,0.692762,-2.269445,155,0.662697,2150.6645,0.106214,0
470,20.0533,7701.73,7067.3157,16652.34,-6.4898789259,0.30533,0.423567,15.5335,0.9178,-0.0361,0.06218,0.722993,-5.511702,155,0.653083,2380.8136,0.114516,0
471,20.096,7864.06,7063.8242,16957.03,-5.917402992,0.316018,0.465041,18.3495,0.8527,-0.2594,0.055418,0.718264,-5.431553,162,0.642394,2256.1932,0.120498,0
472,20.1387,7491.65,7007.6844,16523.44,-5.9701521086,0.409671,0.461277,18.9521,0.9216,-0.1286,0.056006,0.702452,-7.070555,165,0.656628,2102.3947,0.106336,0
473,20.1813,7321.01,7020.9727,16488.28,-5.604550945,0.491376,0.481819,22.0346,0.9504,-0.1448,0.052853,0.674237,-2.008046,155,0.626759,2083.6927,0.098034,0
474,20.224,7613.52,7090.5544,16757.81,-6.3049191516,0.322126,0.432944,15.8526,0.8887,-0.1662,0.060595,0.708127,-5.957102,158,0.649331,2349.2895,0.107801,0
475,20.2667,7773.87,7097.5027,16886.72,-5.9693607433,0.234671,0.471179,18.9777,0.8468,-0.2719,0.054469,0.726379,-4.57201,136,0.629196,2083.9461,0.116469,0
476,20.3093,7910.35,7082.1516,16828.12,-6.2921255297,0.315158,0.442393,15.7593,0.8722,-0.1341,0.059032,0.727254,-6.460714,162,0.616355,2243.0622,0.110975,0
477,20.352,7556.92,6988.7439,16570.31,-5.316465647,0.526585,0.500772,26.2954,0.8586,-0.2998,0.05006,0.644941,-3.446333,146,0.642786,2032.3062,0.10597,0
478,20.3947,7678.92,7037.7147,16792.97,-5.9079033409,0.332173,0.467042,19.2824,0.8837,-0.2032,0.055107,0.715957,-3.359421,142,0.660286,2053.4949,0.116225,0
479,20.4373,7851.43,7155.5974,16945.31,-6.9644015859,0.29754,0.393751,13.7418,0.9119,-0.0336,0.067463,0.731911,-5.172721,152,0.642455,2518.3289,0.126114,0
480,20.48,7658.02,7030.0894,16804.69,-5.1433924913,0.343084,0.52267,29.1914,0.8586,-0.3701,0.046962,0.66697,-3.163806,158,0.657588,1885.7401,0.109144,0
481,20.5227,7491.03,7064.3775,16699.22,-5.5756375039,0.364835,0.482596,22.716,0.8853,-0.2861,0.052736,0.678999,-7.646145,164,0.631442,2038.2675,0.103162,0
482,20.5653,7760.0,6995.4183,16652.34,-5.8916976887,0.213521,0.470207,18.5645,0.8806,-0.1606,0.054619,0.714817,-2.570458,159,0.618631,2237.5808,0.113295,0
483,20.608,7847.4,7093.0406,16769.53,-6.6626781939,0.264701,0.415961,14.0704,0.8887,-0.0727,0.063491,0.73017,-5.849104,165,0.62965,2406.1104,0.115737,0
484,20.6507,7404.41,6965.0585,16429.69,-5.5888811544,0.333049,0.492522,24.5147,0.9116,-0.2168,0.051262,0.6762,-1.848399,168,0.630026,1971.1886,0.114394,0
485,20.6933,7701.8,7027.3539,16582.03,-6.3623229807,0.213417,0.434371,15.7428,0.9095,-0.051,0.060357,0.713547,-3.219382,145,0.657204,2204.9941,0.11476,0
486,20.736,7864.98,7081.8896,16746.09,-7.1400075644,0.270321,0.381733,11.997,0.9143,0.0286,0.069707,0.738931,-5.173304,149,0.61952,2589.6012,0.117812,0
487,20.7787,7744.83,7140.7659,16792.97,-5.901674365,0.273726,0.469629,19.4919,0.8624,-0.2626,0.054707,0.714144,-5.097323,136,0.638477,2097.9678,0.12001,0
488,20.8213,7692.28,7058.3727,16792.97,-6.1840956653,0.293755,0.44568,16.004,0.8832,-0.15,0.058496,0.719722,-5.90434,154,0.617809,2261.265,0.120498,0
489,20.864,7838.14,7044.6438,16886.72,-5.86918432,0.327066,0.469689,19.5053,0.8578,-0.2094,0.054698,0.710998,-3.218659,162,0.623819,2236.3118,0.108168,0
490,20.9067,7479.48,7006.8111,16687.5,-5.3175739948,0.354414,0.505903,26.7835,0.8694,-0.331,0.049322,0.658088,-1.566686,170,0.616916,2055.4623,0.105604,0
491,20.9493,7617.12,7053.8083,16781.25,-6.3457343149,0.227259,0.429446,16.1505,0.91,-0.074,0.061182,0.702233,-5.99527,155,0.662865,2368.847,0.111464,0
492,20.992,7642.26,7088.7206,16722.66,-6.1234046045,0.231324,0.448842,17.0495,0.9057,-0.1375,0.057984,0.712423,-5.846335,138,0.651347,2217.4556,0.112318,0
493,21.0347,7660.45,7023.2229,16687.5,-5.6274898354,0.291451,0.479662,21.6911,0.8695,-0.237,0.053177,0.690903,-4.780494,156,0.65082,1995.5994,0.116225,0
494,21.0773,7634.88,7009.3849,16605.47,-5.2841859213,0.325894,0.50486,26.3198,0.8623,-0.2848,0.049471,0.677061,-3.193419,163,0.65498,1998.7486,0.114394,0
495,21.12,7589.35,7102.7954,16769.53,-6.0396828979,0.191547,0.458066,18.6434,0.866,-0.2568,0.056512,0.690931,-7.021856,167,0.62697,2243.4121,0.112685,0
496,21.1627,7767.9,7156.6638,17027.34,-6.3657198873,0.375037,0.432644,16.1055,0.8839,-0.18,0.060645,0.71419,-3.51763,154,0.643611,2348.2593,0.117568,0
497,21.2053,7822.32,7095.9481,16804.69,-6.9596532546,0.313379,0.400345,12.6565,0.9035,-0.02,0.066261,0.739669,-6.038483,153,0.623205,2533.0415,0.116103,0
498,21.248,7598.71,7083.3142,16851.56,-6.6482175395,0.288748,0.409931,14.7692,0.9327,-0.0025,0.064548,0.716027,-6.12745,142,0.607553,2446.5022,0.110121,0
499,21.2907,7646.34,7049.7854,16757.81,-5.659013056,0.189679,0.482234,21.0771,0.8649,-0.2701,0.05279,0.702241,-4.841772,157,0.656326,2070.6675,0.109388,0
500,21.3333,7505.99,7118.2262,16687.5,-5.5564006816,0.314627,0.484961,22.5619,0.8667,-0.3065,0.052382,0.677765,-9.792266,136,0.640646,2044.9421,0.109266,0
501,21.376,7712.91,7074.6387,16734.38,-5.8459537494,0.331547,0.46931,18.8174,0.8854,-0.2009,0.054757,0.712585,-6.165176,139,0.63093,2204.731,0.109877,0
502,21.4187,7702.5,7091.3467,16863.28,-5.8048235555,0.371553,0.467652,18.904,0.8789,-0.2312,0.055013,0.702278,-4.447924,146,0.597951,2150.7788,0.110975,0
503,21.4613,7661.18,7067.2881,16746.09,-5.4311210188,0.323381,0.49723,22.703,0.8503,-0.3527,0.050574,0.684905,-3.065675,138,0.634676,2023.6185,0.108412,0
504,21.504,7415.63,7038.6374,16535.16,-5.7409488527,0.266568,0.466329,20.6333,0.9325,-0.128,0.055218,0.676096,-7.851375,142,0.617432,2136.6506,0.10829,0
505,21.5467,7560.28,7011.125,16511.72,-6.7224609904,0.366805,0.410689,14.0773,0.9605,0.0508,0.064415,0.728692,-4.263837,149,0.648845,2405.5585,0.110243,0
506,21.5893,7543.44,6975.5177,16558.59,-5.3497636181,0.316392,0.505167,25.4986,0.8772,-0.2559,0.049427,0.676963,-2.57052,153,0.630739,1962.5063,0.117934,0
507,21.632,7929.4,7075.4457,16945.31,-6.2182871685,0.330522,0.442081,16.0527,0.8655,-0.1615,0.059083,0.728736,-8.621389,154,0.641122,2299.1103,0.118301,0
508,21.6747,7514.22,6999.3082,16628.91,-5.4895381504,0.247171,0.492193,23.7534,0.8752,-0.2538,0.051311,0.667056,-4.330995,161,0.659006,2016.8719,0.107435,0
509,21.7173,7595.46,7036.6418,16523.44,-6.0250083992,0.260685,0.452292,17.8745,0.9195,-0.0541,0.05743,0.701482,-5.036287,154,0.663696,2169.837,0.106702,0
510,21.76,7491.26,7118.3824,16687.5,-5.825091574,0.268405,0.475486,20.077,0.8951,-0.2209,0.05381,0.688203,-7.057225,148,0.662305,1971.2802,0.111464,0
511,21.8027,8007.0,7074.1772,17015.62,-5.7846869745,0.243329,0.472917,18.9433,0.8245,-0.2854,0.054203,0.731745,-3.197012,160,0.639142,2186.5947,0.110243,0
512,21.8453,7756.33,7005.1139,16582.03,-6.0511598107,0.260879,0.447428,17.1479,0.8495,-0.2089,0.058213,0.709736,-2.192665,180,0.640897,2342.3888,0.109877,0
513,21.888,7823.61,7089.3035,16980.47,-5.5006825484,0.317304,0.500936,21.9112,0.8362,-0.3611,0.050036,0.714343,-2.666767,151,0.633974,2125.7211,0.115493,0
514,21.9307,7363.51,7032.9916,16605.47,-5.60074332,0.376013,0.473545,22.6308,0.916,-0.2424,0.054106,0.670223,-1.039139,160,0.66127,1983.6011,0.110121,0
515,21.9733,7701.91,7045.2491,16863.28,-5.6410688839,0.2708,0.489728,21.4112,0.8481,-0.3336,0.051674,0.699443,-6.558773,127,0.683766,2087.8321,0.109755,0
516,22.016,7698.59,7084.8347,16781.25,-6.1949611613,0.320457,0.444294,16.4926,0.8983,-0.114,0.058722,0.717162,-3.651106,163,0.638826,2291.1987,0.119399,0
517,22.0587,7740.19,7094.1129,16968.75,-6.2400308365,0.291787,0.445659,17.6934,0.8898,-0.1494,0.0585,0.728209,-4.778928,150,0.63028,2258.7546,0.112807,0
518,22.1013,7905.83,7100.7697,16980.47,-5.9694148907,0.316828,0.464042,18.2256,0.8349,-0.244,0.055574,0.713698,-3.529876,151,0.623633,2214.7917,0.108656,0
519,22.144,7684.75,7070.2505,16804.69,-6.2062029057,0.393712,0.443745,16.5715,0.879,-0.1843,0.058811,0.708861,-5.554356,152,0.628146,2244.7446,0.127945,0
520,22.1867,8021.36,7152.2743,17144.53,-5.8603951886,0.269292,0.471292,18.9334,0.8158,-0.3171,0.054452,0.705745,-3.824868,154,0.668892,2203.1429,0.130021,0
521,22.2293,7551.0,7044.0866,16722.66,-5.7962387992,0.395609,0.47415,21.0241,0.8931,-0.2221,0.054014,0.678265,-1.644698,149,0.649028,2084.9056,0.10951,0
522,22.272,7492.41,7032.3147,16664.06,-5.2185626521,0.234219,0.512784,28.8709,0.886,-0.3024,0.048344,0.669568,-2.330974,158,0.659242,2011.409,0.111098,0
523,22.3147,7729.37,7106.803,16792.97,-6.3461178687,0.202289,0.427708,15.173,0.8905,-0.1177,0.061475,0.707515,-5.511493,146,0.660669,2369.1665,0.122696,0
524,22.3573,7683.15,7057.4554,16687.5,-6.4449567979,0.30896,0.425147,15.5631,0.9034,-0.0652,0.06191,0.708799,-3.47325,190,0.626828,2318.9528,0.109999,0
525,22.4,7569.89,7011.7299,16687.5,-5.6101931975,0.273816,0.490086,22.5498,0.886,-0.2432,0.051621,0.69249,-2.537269,159,0.627631,2090.3733,0.108412,0
526,22.4427,7804.94,7091.1458,16875.0,-5.9602072224,0.276729,0.462166,17.9619,0.8757,-0.199,0.055867,0.710399,-3.184289,146,0.65655,2164.4707,0.117934,0
527,22.4853,7561.17,7041.5048,16593.75,-6.2311605384,0.370509,0.442953,17.7472,0.9308,-0.0621,0.05894,0.71137,-5.411399,142,0.607179,2255.9957,0.110243,0
528,22.528,7616.22,7015.1019,16546.88,-6.297307507,0.231476,0.443194,17.7128,0.9014,-0.0717,0.058901,0.715264,-6.876717,139,0.606431,2352.0613,0.107923,0
529,22.5707,7635.47,7025.7889,16769.53,-4.8372710266,0.232562,0.537685,37.6112,0.8018,-0.471,0.044912,0.597391,0.265636,147,0.644513,1959.7583,0.112929,0
530,22.6133,7935.52,7111.9052,16968.75,-6.3020056306,0.182079,0.436699,16.1234,0.8431,-0.2029,0.05997,0.727609,-6.103556,152,0.668909,2257.7953,0.108656,0
531,22.656,7512.79,6985.0628,16500.0,-5.8449069984,0.385222,0.462314,18.9271,0.9108,-0.1673,0.055844,0.683392,-2.678003,160,0.649389,2053.0665,0.107679,0
532,22.6987,7432.51,6892.4527,16394.53,-5.6677774846,0.286648,0.479231,22.0312,0.9104,-0.1802,0.053242,0.69511,-3.452445,146,0.641183,1818.4763,0.111464,0
533,22.7413,7630.54,7015.5464,16652.34,-5.3258136481,0.268897,0.504249,25.4777,0.8533,-0.3167,0.049559,0.677228,-3.577506,154,0.658375,2082.6804,0.109144,0
534,22.784,7641.81,7019.6613,16839.84,-5.5652053848,0.309359,0.485755,22.2383,0.8726,-0.296,0.052264,0.706493,-4.738223,168,0.647293,2020.5523,0.105115,0
535,22.8267,7501.34,6944.9204,16265.62,-6.2677060082,0.407815,0.439645,17.8494,0.9414,0.0185,0.059483,0.703095,-4.726368,163,0.656824,2223.2788,0.111098,0
536,22.8693,7726.38,7128.56,17003.91,-5.8204093634,0.241529,0.472153,18.2172,0.8661,-0.2806,0.05432,0.713224,-4.939984,155,0.653268,2066.9857,0.112563,0
537,22.912,7721.18,7138.8908,17027.34,-5.6805326409,0.379978,0.469148,19.8995,0.8546,-0.2911,0.054782,0.68662,-6.325677,147,0.640152,2225.2316,0.107313,0
538,22.9547,7699.23,7115.8232,16875.0,-6.9618751698,0.313991,0.395503,13.7681,0.9155,-0.0144,0.067142,0.720476,-6.520517,153,0.630073,2460.6972,0.110121,0
539,22.9973,7837.45,7126.0052,17074.22,-5.5638549235,0.295379,0.492454,20.1378,0.8425,-0.3298,0.051272,0.699608,-6.560457,150,0.634238,2037.7659,0.108778,0
540,23.04,7540.37,7031.4681,16628.91,-6.2151648284,0.339144,0.446269,16.604,0.9112,-0.1388,0.058401,0.709057,-8.773635,150,0.618531,2153.9721,0.114394,0
541,23.0827,7709.15,7053.0562,16886.72,-5.977565482,0.2877,0.45344,18.0399,0.8726,-0.2224,0.057247,0.71472,-4.677636,153,0.625461,2304.1019,0.112196,0
542,23.1253,7505.75,7047.8537,16640.62,-6.2487623434,0.28173,0.43881,16.5717,0.9547,-0.0202,0.059621,0.712236,-7.170433,140,0.643604,2270.1,0.107801,0
543,23.168,7774.14,6992.1619,16675.78,-5.8512442959,0.239467,0.469487,18.8907,0.8663,-0.2208,0.054729,0.723424,-7.226751,143,0.636121,2086.7081,0.11476,0
544,23.2107,7515.18,7092.7352,16710.94,-6.4321590401,0.341891,0.420832,15.6734,0.9286,-0.0863,0.062649,0.702627,-6.00958,160,0.650141,2346.3297,0.112196,0
545,23.2533,7362.56,6925.7658,16265.62,-5.592036711,0.312185,0.480464,22.7621,0.9203,-0.1728,0.053057,0.681384,-2.968163,162,0.667683,2003.1024,0.104749,0
546,23.296,7509.22,7009.9044,16593.75,-5.8345468262,0.348805,0.47434,18.9673,0.8889,-0.2346,0.053985,0.706979,-3.913709,173,0.650701,2082.579,0.102552,0
547,23.3387,7758.03,7145.9869,16968.75,-5.3328593542,0.375517,0.499708,23.4931,0.8343,-0.4061,0.050214,0.689783,-2.98174,147,0.638816,1904.2368,0.10597,0
548,23.3813,7655.01,7042.8493,16746.09,-5.757078163,0.372082,0.470686,20.1547,0.8889,-0.2219,0.054545,0.701463,-3.261831,155,0.658405,2160.6577,0.110487,0
549,23.424,7994.17,7145.4166,17074.22,-6.7479285493,0.272602,0.408754,14.0764,0.8526,-0.1379,0.064756,0.739151,-4.568057,164,0.628718,2532.4066,0.124039,0
550,23.4667,7795.8,7096.342,16957.03,-6.121508831,0.323165,0.449472,18.4105,0.8537,-0.2313,0.057883,0.716261,-4.125634,151,0.623666,2311.6963,0.115004,0
551,23.5093,7827.82,7114.7013,16945.31,-5.9778130372,0.288885,0.465517,18.3716,0.844,-0.2564,0.055344,0.717158,-8.076659,148,0.619069,2207.2053,0.098279,0
552,23.552,7540.64,7081.3719,16746.09,-5.3453893415,0.30145,0.503248,24.501,0.8715,-0.3271,0.049703,0.677055,-1.262077,159,0.612228,2034.7485,0.104383,0
553,23.5947,7428.63,7018.0589,16628.91,-5.6513454767,0.379978,0.475013,23.4641,0.8885,-0.2256,0.053882,0.678321,-8.996099,141,0.606885,2229.5635,0.103162,0
554,23.6373,7395.06,6946.4712,16382.81,-5.650498555,0.281245,0.483816,22.3531,0.9255,-0.162,0.052553,0.688942,-4.582214,158,0.635883,2016.1157,0.104261,0
555,23.68,7409.32,7073.178,16734.38,-5.9253756509,0.21483,0.460331,19.955,0.9273,-0.1621,0.056155,0.691234,-3.232115,162,0.617,2100.6015,0.113783,0
556,23.7227,7598.69,6991.8976,16687.5,-5.2542871803,0.399119,0.506693,26.2386,0.8573,-0.3219,0.049209,0.642031,-6.103356,146,0.660885,1964.4774,0.103284,0
557,23.7653,7794.19,6974.6406,16687.5,-5.5031488144,0.23493,0.505298,24.0491,0.8329,-0.3053,0.049409,0.691033,-9.359673,151,0.642428,1979.3348,0.108778,0
558,23.808,7640.53,7069.4869,16734.38,-6.2689554643,0.256273,0.43461,16.5854,0.8848,-0.1556,0.060317,0.699761,-1.190898,161,0.665903,2222.4018,0.119399,0
559,23.8507,7562.21,7006.6469,16570.31,-5.670071778,0.373244,0.481208,20.8382,0.903,-0.1834,0.052945,0.690668,-5.069311,146,0.665406,2097.0608,0.112318,0
560,23.8933,7595.95,6975.9443,16640.62,-5.8922756004,0.363373,0.465338,18.6077,0.8981,-0.158,0.055372,0.708125,-5.904443,163,0.624532,2239.4417,0.110243,0
561,23.936,7206.73,6949.1138,16253.91,-5.462812196,0.382094,0.493298,27.8003,0.9249,-0.228,0.051148,0.65115,-2.573739,164,0.672625,1904.0033,0.106214,0
562,23.9787,7606.39,7014.1946,16675.78,-5.9659618839,0.286565,0.45972,18.1539,0.9062,-0.1581,0.056251,0.712923,-4.39525,156,0.696702,2259.6714,0.113661,0
563,24.0213,7764.47,7092.9422,16886.72,-5.5302510355,0.411204,0.495011,22.2493,0.8565,-0.2875,0.050898,0.684586,-2.496529,128,0.651115,2115.9287,0.120864,0
564,24.064,7749.44,7084.7692,16851.56,-5.996999152,0.368685,0.452193,18.3792,0.8766,-0.1962,0.057446,0.70685,-4.639071,167,0.60717,2261.6639,0.11769,0
565,24.1067,7704.15,7045.1572,16722.66,-6.572046945,0.300042,0.419519,14.1486,0.9236,-0.0262,0.062875,0.720912,-5.214419,155,0.636449,2296.6277,0.116591,0
566,24.1493,7816.17,7028.4207,16851.56,-5.8759293356,0.333588,0.471545,19.0008,0.8592,-0.2285,0.054413,0.728393,-5.928513,144,0.607813,2207.7204,0.113539,0
567,24.192,7694.15,7059.55,16910.16,-6.0558541111,0.223994,0.455013,17.9408,0.8968,-0.1667,0.056996,0.715957,-3.668126,160,0.618002,2231.8435,0.110731,0
568,24.2347,7829.73,7035.1215,16921.88,-6.756407598,0.469609,0.406638,13.8965,0.9194,0.0053,0.065132,0.742168,-6.791514,155,0.612869,2422.3614,0.11708,0
569,24.2773,7590.81,7003.1605,16617.19,-5.860330916,0.302995,0.472096,19.1734,0.8962,-0.1871,0.054328,0.704379,-2.932186,153,0.649006,2012.6561,0.11122,0
570,24.32,7425.18,6965.5961,16265.62,-5.8421269696,0.235349,0.46952,19.6425,0.9159,-0.1417,0.054724,0.692143,-3.011569,159,0.663058,2107.29,0.110243,0
571,24.3627,7662.49,7009.6358,16769.53,-5.6721018999,0.280744,0.495325,23.0782,0.8631,-0.2915,0.050852,0.709115,-8.734357,130,0.620884,1937.5478,0.110975,0
572,24.4053,7431.31,7069.6164,16664.06,-6.236762974,0.340938,0.437158,16.8658,0.9425,-0.0749,0.059894,0.692711,-5.30697,148,0.647419,2282.2732,0.102918,0
573,24.448,7507.44,7013.6742,16523.44,-5.8264089417,0.305757,0.469234,19.4904,0.9097,-0.1644,0.054768,0.691097,-3.377386,150,0.617081,2067.773,0.111342,0
574,24.4907,7828.07,7044.8983,16769.53,-6.401256723,0.287766,0.428354,15.5996,0.8908,-0.0654,0.061366,0.721617,-3.360822,167,0.648475,2390.8864,0.116103,0
575,24.5333,7505.35,7015.5292,16652.34,-5.634124331,0.331996,0.484317,22.5938,0.9165,-0.1879,0.052478,0.688321,-1.351705,152,0.627194,2009.6398,0.111708,0
576,24.576,7621.07,6981.6048,16570.31,-5.6943804872,0.258588,0.484915,21.1984,0.868,-0.2365,0.052389,0.702411,-1.648255,173,0.643019,2094.2475,0.108534,0
577,24.6187,7546.54,6979.4851,16640.62,-6.2363640826,0.462027,0.441228,16.805,0.9057,-0.1194,0.059223,0.704675,-5.260736,160,0.641623,2210.308,0.109755,0
578,24.6613,7393.79,6982.596,16476.56,-5.6700509174,0.174792,0.480791,22.8626,0.915,-0.1775,0.053007,0.679141,-9.393964,166,0.644018,2074.194,0.110243,0
579,24.704,7611.92,7015.3681,16593.75,-5.3063509122,0.324182,0.510326,26.4039,0.8518,-0.3462,0.048692,0.674905,-2.676015,161,0.630909,2046.2503,0.110365,0
580,24.7467,7436.97,7014.5294,16582.03,-5.9365690034,0.290164,0.461332,19.8028,0.9151,-0.1639,0.055998,0.689595,-6.995706,150,0.639544,2084.9737,0.099499,0
581,24.7893,7465.72,6976.9808,16476.56,-5.2474893298,0.262483,0.513992,29.1842,0.896,-0.2561,0.048174,0.652566,-0.681102,143,0.616226,1765.8485,0.09718,0
582,24.832,7698.85,7087.906,16886.72,-5.8193813116,0.298142,0.471981,19.2218,0.8663,-0.2781,0.054346,0.708509,-5.715792,166,0.633816,2139.2201,0.110365,0
583,24.8747,7389.4,7031.8317,16429.69,-5.7516305592,0.340189,0.466329,20.1337,0.9315,-0.1364,0.055218,0.682209,-3.789147,151,0.633061,2038.6481,0.111098,0
584,24.9173,7557.95,6995.2932,16640.62,-5.4758162206,0.347842,0.497932,22.9807,0.8769,-0.2787,0.050472,0.686966,-3.015066,140,0.656822,2075.6674,0.111952,0
585,24.96,7689.93,7048.4358,16722.66,-5.9225933598,0.273592,0.461843,18.7377,0.8733,-0.2006,0.055918,0.697093,-1.403511,165,0.625542,2233.1729,0.110853,0
586,25.0027,7684.49,6975.265,16582.03,-5.801242168,0.30336,0.479512,20.7363,0.8802,-0.1882,0.0532,0.711371,-3.746732,173,0.622964,2011.7376,0.113906,0
587,25.0453,7711.62,7040.9782,16769.53,-5.9256975531,0.323544,0.462583,18.2995,0.8689,-0.2213,0.055802,0.715325,-9.34114,148,0.638701,2216.5139,0.114516,0
588,25.088,7680.0,6960.3364,16675.78,-5.2386440361,0.317037,0.510944,25.7426,0.8442,-0.3287,0.048605,0.677725,-2.923154,158,0.647561,2021.8593,0.109022,0
589,25.1307,8001.64,7011.0438,16816.41,-6.1575899809,0.349381,0.450118,16.2545,0.8231,-0.2216,0.057779,0.725841,-2.782538,160,0.641752,2380.4927,0.110487,0
590,25.1733,7748.85,7022.6463,16957.03,-5.0829870298,0.292005,0.522607,27.8715,0.815,-0.4222,0.046971,0.675478,-2.051872,154,0.646442,2100.4974,0.121597,0
591,25.216,8015.93,7158.8602,17156.25,-6.2869098544,0.269821,0.436912,16.327,0.8184,-0.2647,0.059934,0.722062,-2.649213,154,0.588323,2329.3581,0.119033,0
592,25.2587,7519.21,7031.3678,16605.47,-5.5609692593,0.362848,0.487204,23.2699,0.8535,-0.3372,0.052048,0.66288,-0.944878,146,0.650652,2076.946,0.103284,0
593,25.3013,7506.69,7036.6671,16652.34,-5.574792614,0.255905,0.490676,23.749,0.8771,-0.2878,0.051534,0.683495,-3.929188,141,0.666124,1996.9367,0.106336,0
594,25.344,7743.66,6984.0457,16828.12,-5.3717125845,0.276407,0.504497,24.9927,0.8338,-0.3568,0.049524,0.693378,-2.338509,157,0.656232,2033.2514,0.115371,0
595,25.3867,7695.68,7116.9572,16816.41,-6.3460991027,0.259463,0.434397,16.5405,0.8809,-0.136,0.060352,0.710731,-6.763666,169,0.648076,2425.7109,0.114638,0
596,25.4293,7784.05,7003.0181,16804.69,-5.6058437891,0.288557,0.498875,20.5116,0.8422,-0.2856,0.050335,0.719466,-4.758893,133,0.62766,1971.44,0.114028,0
597,25.472,7542.85,7052.7539,16664.06,-6.0404821164,0.269923,0.45749,19.0632,0.9054,-0.1551,0.056603,0.698119,-9.714279,156,0.630487,2202.3813,0.110121,0
598,25.5147,7523.21,6988.4837,16488.28,-5.7218962598,0.323537,0.476077,21.7119,0.8928,-0.199,0.053721,0.691261,-6.537076,157,0.637557,2044.1074,0.109266,0
599,25.5573,7472.85,6976.7751,16582.03,-5.6155991664,0.286881,0.487682,22.9376,0.9007,-0.2385,0.051977,0.68088,-1.761702,157,0.641505,1988.9457,0.107313,0
600,25.6,7411.4,7019.5981,16546.88,-5.4749547745,0.313851,0.495962,24.8481,0.8941,-0.2774,0.050759,0.674916,-1.947184,170,0.637024,1962.5721,0.099866,0
601,25.6427,7735.83,7114.7204,16816.41,-6.5345406575,0.215928,0.421151,14.5471,0.8732,-0.1641,0.062594,0.722356,-6.981708,139,0.654385,2286.6082,0.109877,0
602,25.6853,7696.03,6992.2878,16593.75,-5.9191477937,0.358571,0.468926,19.2014,0.8838,-0.1433,0.054816,0.705593,-4.450938,157,0.619314,2126.9315,0.111464,0
603,25.728,7372.37,6975.215,16289.06,-5.8736970156,0.259067,0.466284,20.9625,0.9282,-0.1051,0.055225,0.685391,-0.852297,170,0.640267,2136.2756,0.106336,0
604,25.7707,7464.58,7023.1968,16593.75,-6.0645572756,0.303222,0.453424,19.029,0.9214,-0.1092,0.057249,0.686242,-3.804135,134,0.650118,2202.6891,0.107923,0
605,25.8133,7551.38,7050.2815,16664.06,-6.2869242356,0.244479,0.433625,16.3272,0.9293,-0.0424,0.060481,0.709161,-7.557186,169,0.6367,2359.9165,0.109022,0
606,25.856,7663.84,7051.6076,16757.81,-5.6445327915,0.269827,0.483214,21.7264,0.8406,-0.3359,0.052643,0.698009,-4.228592,161,0.663079,2070.9242,0.10658,0
607,25.8987,7541.26,7026.5839,16617.19,-5.2815412533,0.305857,0.506616,28.1609,0.846,-0.3608,0.04922,0.658803,-3.230215,150,0.632906,2081.449,0.10536,0
608,25.9413,7464.27,7029.3127,16535.16,-5.8315605651,0.298643,0.472827,21.356,0.9175,-0.1659,0.054216,0.697755,-4.012983,148,0.646843,2061.9749,0.111708,0
609,25.984,7596.95,7034.1559,16582.03,-5.8845549561,0.277787,0.468131,19.9295,0.8998,-0.1758,0.054939,0.706112,-1.801793,158,0.633003,2127.1185,0.112563,0
610,26.0267,7740.68,7019.983,16570.31,-6.0928971164,0.254522,0.451623,16.9748,0.8927,-0.1256,0.057537,0.723914,-2.474832,159,0.625542,2255.1945,0.121841,0
611,26.0693,7741.21,7038.692,16722.66,-6.213541335,0.264787,0.454397,17.36,0.8859,-0.151,0.057094,0.723031,-2.347071,157,0.603439,2162.8344,0.125626,0
612,26.112,7591.59,7029.2098,16675.78,-5.6672589959,0.345394,0.476552,19.8727,0.8746,-0.2652,0.053648,0.69834,-6.095457,156,0.643872,2038.007,0.105726,0
613,26.1547,7562.69,7090.7671,16781.25,-5.1990430668,0.369286,0.509769,28.0961,0.8695,-0.3531,0.048771,0.665291,-2.585677,147,0.662089,1890.023,0.096203,0
614,26.1973,7554.5,7074.1766,16652.34,-5.8295590358,0.35165,0.470274,20.0749,0.8997,-0.1782,0.054608,0.683747,-4.822518,164,0.609881,2085.2429,0.10304,0
615,26.24,7426.28,6991.4517,16511.72,-5.7710337432,0.381313,0.470491,22.1116,0.9275,-0.1512,0.054575,0.685125,-6.322226,141,0.649648,2153.5163,0.110853,0
616,26.2827,7576.8,7080.8673,16640.62,-6.3494420632,0.417243,0.428231,16.419,0.9249,-0.0463,0.061387,0.694168,-2.971796,178,0.666473,2380.4361,0.109755,0
617,26.3253,7392.57,6960.9843,16324.22,-5.4803884045,0.354321,0.492733,24.4005,0.9101,-0.2074,0.051231,0.680198,-7.656539,148,0.673492,2023.3899,0.100476,0
618,26.368,7333.22,6997.2766,16453.12,-6.0302177578,0.306376,0.450422,18.4248,0.9403,-0.0904,0.05773,0.677368,-5.05636,159,0.659459,2124.4473,0.100964,0
619,26.4107,7656.04,7041.9602,16664.06,-6.2788561696,0.292223,0.437691,16.6464,0.9093,-0.1186,0.059805,0.720225,-5.309687,142,0.686405,2280.8143,0.117324,0
620,26.4533,7826.79,7041.6541,16875.0,-6.3655343703,0.33565,0.435061,16.1468,0.8951,-0.1087,0.060242,0.738063,-5.287738,163,0.634476,2299.7597,0.121963,0
621,26.496,7412.44,6923.0541,16324.22,-5.8724487286,0.197248,0.480316,20.7284,0.9239,-0.1369,0.053079,0.703551,-5.030076,165,0.624033,2055.8151,0.109266,0
622,26.5387,7582.74,7116.9339,16839.84,-5.8023356096,0.305725,0.472303,21.3251,0.8757,-0.2772,0.054297,0.702093,-6.879482,142,0.631881,2089.2015,0.108656,0
623,26.5813,7828.02,7109.0238,16933.59,-5.4000141365,0.415754,0.50477,24.7242,0.8017,-0.4089,0.049484,0.683172,-5.834326,159,0.599056,1986.9274,0.111708,0
624,26.624,7626.0,7129.152,16675.78,-6.3841208385,0.253924,0.434569,15.6672,0.906,-0.1202,0.060324,0.711001,-7.453848,144,0.6298,2197.9946,0.107069,0
625,26.6667,7713.5,7097.775,16863.28,-6.4397416728,0.295933,0.427032,15.0898,0.8775,-0.1705,0.06159,0.717791,-6.055927,149,0.65073,2327.1099,0.107801,0
626,26.7093,7764.51,6945.1114,16640.62,-5.3849257301,0.275785,0.499508,23.8331,0.8373,-0.3003,0.050243,0.705234,-3.120482,136,0.663476,2034.3819,0.115859,0
627,26.752,7650.23,7145.2483,16945.31,-6.0178183047,0.333881,0.459557,18.7176,0.8767,-0.2298,0.056277,0.701164,-3.876068,154,0.652751,2236.4756,0.116591,0
628,26.7947,7795.46,7155.8324,17156.25,-4.9485387949,0.268906,0.523602,30.3414,0.798,-0.4907,0.046833,0.645565,-1.304999,172,0.617115,1963.5969,0.107069,0
629,26.8373,7454.35,6987.5325,16347.66,-6.2817457154,0.252296,0.437018,17.4115,0.9467,-0.0081,0.059917,0.701744,-6.063169,171,0.638314,2297.8241,0.105115,0
630,26.88,7504.62,7029.4622,16617.19,-5.2892095765,0.295967,0.514622,27.4663,0.8666,-0.3162,0.048085,0.665742,-6.087049,148,0.647026,2196.9888,0.104749,0
631,26.9227,7546.89,7008.5519,16628.91,-5.6720769758,0.254158,0.481256,20.7409,0.8725,-0.2472,0.052937,0.690313,-4.537744,161,0.613639,2001.8324,0.106702,0
632,26.9653,7575.11,7072.7766,16769.53,-6.2206304671,0.27649,0.43682,16.1469,0.9099,-0.1406,0.05995,0.704435,-4.76181,149,0.65214,2349.0219,0.108778,0
633,27.008,7457.1,6942.0753,16441.41,-5.7109422709,0.346094,0.484441,22.6193,0.8727,-0.2344,0.05246,0.677235,-4.859416,160,0.637591,2098.765,0.104871,0
634,27.0507,7761.99,7046.0019,16863.28,-6.4732764234,0.258964,0.422232,15.2489,0.8883,-0.1167,0.062408,0.714075,-2.271259,165,0.657337,2378.3982,0.104749,0
635,27.0933,7590.61,7013.6935,16664.06,-5.5945272879,0.272037,0.47853,21.2487,0.8739,-0.252,0.053349,0.69523,-3.027749,152,0.638945,2110.7493,0.110243,0
636,27.136,7703.14,6981.8218,16722.66,-6.0461154887,0.33052,0.463976,18.2306,0.8898,-0.1682,0.055584,0.72022,-4.320545,162,0.647937,2149.301,0.111464,0
637,27.1787,7590.49,7098.2656,16804.69,-5.8715906328,0.407074,0.460719,18.0527,0.895,-0.2101,0.056094,0.6921,-5.589237,142,0.667241,2116.0981,0.105115,0
638,27.2213,7661.14,7066.0205,16792.97,-6.0568577081,0.300328,0.454702,18.9485,0.8811,-0.1579,0.057046,0.703702,-2.605411,157,0.647375,2167.1792,0.107679,0
639,27.264,7548.0,6978.5778,16406.25,-5.792376425,0.29705,0.481081,20.8014,0.8781,-0.2495,0.052964,0.705163,-5.344086,153,0.617861,1988.3264,0.109999,0
640,27.3067,7618.09,7049.4002,16699.22,-5.2412938382,0.271792,0.518799,27.3171,0.8261,-0.3986,0.0475,0.643784,-3.813825,151,0.638783,1864.7614,0.107923,0
641,27.3493,7779.23,7063.6618,16921.88,-5.949317266,0.353644,0.468069,18.8644,0.8592,-0.2459,0.054948,0.710636,-8.671617,146,0.632011,2101.0843,0.10951,0
642,27.392,7842.8,7035.9123,16757.81,-6.0396977702,0.239628,0.45942,18.3162,0.859,-0.2025,0.056298,0.723556,-4.338941,159,0.612706,2237.8559,0.113783,0
643,27.4347,7642.0,7062.3964,16746.09,-6.5941387015,0.291346,0.412711,14.3945,0.9459,0.0399,0.064059,0.716382,-7.376712,143,0.630515,2292.7922,0.114394,0
644,27.4773,7596.72,7023.668,16675.78,-5.7738192329,0.36197,0.468735,20.1962,0.886,-0.2322,0.054845,0.687247,-3.772105,167,0.663474,2016.3717,0.118056,0
645,27.52,7729.05,7049.8977,16617.19,-6.8803653742,0.321437,0.394574,13.2999,0.9118,0.0137,0.067312,0.72458,-6.893718,172,0.656855,2466.9493,0.120254,0
646,27.5627,7780.58,6985.6015,16710.94,-5.9531951082,0.296062,0.463459,17.8775,0.8581,-0.2062,0.055665,0.716823,-2.833042,143,0.634834,2180.5944,0.114516,0
647,27.6053,7499.35,6979.9767,16511.72,-6.4096003063,0.279465,0.42265,15.8066,0.9606,0.0112,0.062337,0.716599,-3.96729,166,0.673593,2327.1352,0.110731,0
648,27.648,7562.91,7092.8289,16652.34,-6.1917993152,0.320918,0.440341,16.3675,0.8975,-0.1511,0.059368,0.696052,-6.345597,162,0.689435,2308.4515,0.104627,0
649,27.6907,7448.02,6890.6242,16417.97,-5.7445268018,0.387933,0.4787,22.366,0.9236,-0.1514,0.053323,0.70135,-2.597649,164,0.643447,1927.4331,0.107435,0
650,27.7333,7747.87,7063.137,16781.25,-5.8117100629,0.278383,0.46885,18.6156,0.8928,-0.1603,0.054828,0.712942,-4.520664,143,0.663261,2169.2138,0.119399,0
651,27.776,7909.23,7120.4972,16968.75,-6.2225376318,0.317268,0.440569,16.568,0.8446,-0.2074,0.059331,0.712147,-5.82758,159,0.64026,2254.4141,0.119399,0
652,27.8187,7682.78,7019.0826,16652.34,-6.5376653989,0.253635,0.421228,14.1169,0.9243,-0.0434,0.062581,0.727785,-5.136053,154,0.659724,2398.0447,0.115493,0
653,27.8613,7667.38,7076.6827,16734.38,-5.8575760222,0.319536,0.470913,19.0698,0.8722,-0.258,0.05451,0.712826,-4.906325,161,0.664487,2204.8379,0.115004,0
654,27.904,7528.09,6963.3243,16570.31,-5.8749547728,0.318204,0.47148,20.1181,0.8876,-0.2096,0.054423,0.703745,-4.703272,149,0.615164,2062.7698,0.112563,0
655,27.9467,7621.52,6998.8667,16769.53,-5.3517996817,0.246496,0.5038,25.2307,0.8707,-0.2971,0.049624,0.68878,-3.317544,147,0.638788,1934.495,0.115004,0
656,27.9893,7524.47,7080.7414,16769.53,-5.4497367857,0.355086,0.481045,22.6184,0.8905,-0.2643,0.052969,0.663961,-0.776822,176,0.680161,2118.5395,0.113661,0
657,28.032,7746.46,7094.0629,17003.91,-5.3481219402,0.276349,0.497713,23.9287,0.8134,-0.4236,0.050503,0.674226,-6.163185,153,0.675555,2001.3284,0.109022,0
658,28.0747,7759.26,7046.4984,16828.12,-6.1830773571,0.252211,0.449258,16.889,0.8835,-0.157,0.057917,0.71689,-0.899174,164,0.664243,2186.3785,0.110975,0
659,28.1173,7624.55,7079.7527,16792.97,-5.6219403515,0.216595,0.481793,21.4815,0.879,-0.2766,0.052857,0.688048,-2.304666,164,0.648338,2123.0528,0.111098,0
660,28.16,7361.51,7015.3193,16488.28,-5.6926688183,0.317817,0.48059,23.5531,0.9104,-0.2059,0.053038,0.672341,-2.919203,160,0.658433,1971.0276,0.109022,0
661,28.2027,7437.39,6961.7303,16382.81,-5.8223001743,0.256006,0.475945,19.8085,0.9256,-0.1267,0.053741,0.701268,-5.064578,156,0.626529,2019.1118,0.108412,0
662,28.2453,7741.88,7095.5821,17015.62,-6.6017571677,0.269035,0.414253,15.0709,0.8866,-0.1068,0.063789,0.718948,-5.304812,134,0.648752,2374.5027,0.10829,0
663,28.288,7513.84,7129.3364,16886.72,-5.8289377019,0.317176,0.462941,20.68,0.9066,-0.1777,0.055746,0.676392,-4.200588,171,0.62347,2170.1616,0.107191,0
664,28.3307,7576.27,7068.5752,16734.38,-6.1211445012,0.367656,0.44798,16.8519,0.928,-0.1062,0.058123,0.704267,-5.450493,164,0.637344,2152.3989,0.109755,0
665,28.3733,7698.44,7064.8655,16757.81,-6.0104357693,0.320268,0.457987,17.8571,0.878,-0.1932,0.056524,0.707801,-2.77919,163,0.631839,2228.2154,0.11476,0
666,28.416,7738.85,7073.4331,16722.66,-6.505157962,0.320419,0.419581,15.815,0.9307,-0.0194,0.062864,0.7251,-3.75507,154,0.633347,2367.6922,0.119521,0
667,28.4587,7720.0,7060.0561,16875.0,-6.3152952785,0.357387,0.43488,15.3854,0.9087,-0.091,0.060272,0.71464,-2.569354,146,0.621443,2362.7749,0.11769,0
668,28.5013,7779.41,7067.1645,16863.28,-5.848655453,0.219322,0.472916,18.88,0.8581,-0.2464,0.054203,0.709675,-4.437764,147,0.63654,2126.5932,0.110853,0
669,28.544,7496.58,6981.1266,16558.59,-6.2099739628,0.305296,0.443895,16.2273,0.946,-0.0392,0.058787,0.71631,-8.109377,138,0.639601,2140.3727,0.116713,0
670,28.5867,7711.02,7064.3474,16886.72,-6.2852339435,0.225,0.441889,16.3923,0.9177,-0.0807,0.059114,0.727618,-7.1771,161,0.63513,2336.1135,0.117324,0
671,28.6293,7728.15,7009.6238,16710.94,-5.659923662,0.223316,0.486217,20.3253,0.8641,-0.2609,0.052195,0.705793,-4.132452,157,0.604109,1991.6881,0.118178,0
672,28.672,7789.47,7031.7168,16828.12,-6.6547813151,0.27349,0.404208,13.8214,0.8956,-0.0703,0.065566,0.725006,-5.326359,159,0.651075,2560.9403,0.11244,0
673,28.7147,7497.99,7015.256,16593.75,-5.7347067327,0.34742,0.473907,19.8115,0.8954,-0.2041,0.054051,0.68679,-5.164089,161,0.643616,2050.0804,0.1089,0
674,28.7573,7592.32,6973.9237,16535.16,-6.0578148473,0.465662,0.448969,17.3162,0.9495,-0.039,0.057964,0.71691,-3.727608,150,0.673418,2117.352,0.109144,0
675,28.8,7537.8,7013.7572,16605.47,-5.8861571264,0.381629,0.463383,20.1767,0.8949,-0.1671,0.055677,0.688867,-5.848101,146,0.647004,2261.7889,0.101087,0
676,28.8427,7636.05,7004.5943,16746.09,-5.7333835394,0.266365,0.476534,20.9487,0.8931,-0.1927,0.053651,0.701179,-2.080911,139,0.622193,2083.0418,0.110975,0
677,28.8853,7766.31,7043.2409,16839.84,-5.9215852421,0.283261,0.464007,18.0792,0.8789,-0.1979,0.055579,0.714149,-1.34827,154,0.633148,2128.3106,0.111098,0
678,28.928,7606.51,7022.6948,16628.91,-5.3512516482,0.277907,0.510115,26.778,0.8588,-0.3283,0.048722,0.676776,-2.69045,154,0.638014,1871.7869,0.106092,0
679,28.9707,7594.68,7027.3037,16593.75,-6.2599320102,0.329363,0.429595,16.002,0.9217,-0.076,0.061157,0.707883,-2.625742,159,0.636498,2337.1399,0.107801,0
680,29.0133,7536.3,7025.7029,16570.31,-6.3089894726,0.360342,0.428977,16.4145,0.9095,-0.1211,0.061261,0.707676,-4.090184,150,0.655283,2360.7757,0.112929,0
681,29.056,7564.2,7123.0779,16710.94,-6.1611352054,0.292833,0.44308,17.6583,0.9125,-0.1204,0.05892,0.698237,-3.508902,154,0.649435,2354.9137,0.116958,0
682,29.0987,7808.52,7060.9455,16851.56,-5.5224527032,0.301317,0.488111,22.109,0.8272,-0.3511,0.051914,0.69575,-2.970826,145,0.611825,2087.0692,0.113417,0
683,29.1413,7611.34,6979.4475,16664.06,-5.6546299987,0.437592,0.479095,20.6016,0.9001,-0.2092,0.053263,0.702683,-6.770105,135,0.669724,1904.1949,0.111098,0
684,29.184,7822.85,7141.4828,17027.34,-5.7505120601,0.293504,0.471824,19.9096,0.8217,-0.3439,0.05437,0.702265,-4.899084,137,0.622452,2173.2548,0.112929,0
685,29.2267,7840.5,7055.5988,16828.12,-6.2045442916,0.258082,0.448582,16.6402,0.8661,-0.1686,0.058026,0.729971,-2.826592,155,0.61572,2239.4718,0.11476,0
686,29.2693,7646.67,6953.6274,16582.03,-5.6482180869,0.262919,0.490938,21.6384,0.8949,-0.2099,0.051496,0.707328,-3.277257,142,0.617722,2042.7794,0.114394,0
687,29.312,7579.91,6999.5354,16652.34,-5.8674999405,0.369866,0.462226,18.9822,0.9041,-0.1571,0.055858,0.70314,-2.851599,161,0.646836,2101.3751,0.11122,0
688,29.3547,7709.54,7063.0133,16687.5,-6.1405765984,0.237579,0.447088,17.2954,0.8904,-0.1101,0.058268,0.710317,-4.208341,171,0.648892,2320.4446,0.103406,0
689,29.3973,7262.21,6992.2623,16253.91,-6.1779116136,0.305088,0.44123,17.4153,0.9867,0.0328,0.059222,0.684299,-3.899773,147,0.640668,2218.0201,0.103895,0
690,29.44,7539.53,6995.3117,16511.72,-5.2559367467,0.269918,0.517162,27.3339,0.8547,-0.3235,0.047729,0.657054,-2.374276,146,0.6421,1965.0042,0.104871,0
691,29.4827,7709.14,7002.8814,16617.19,-6.5318171151,0.308012,0.425274,15.9533,0.9094,-0.0472,0.061889,0.720389,-2.716542,134,0.648929,2343.3157,0.109388,0
692,29.5253,7554.42,7023.3447,16617.19,-5.7529678568,0.32895,0.474065,20.7482,0.9057,-0.1659,0.054027,0.706366,-5.864786,164,0.615074,2171.3865,0.113417,0
693,29.568,7689.37,7090.0249,16816.41,-6.4519507126,0.346119,0.429299,15.8284,0.8876,-0.1462,0.061207,0.714096,-3.536663,148,0.613604,2246.0331,0.109999,0
694,29.6107,7756.36,7043.6003,16804.69,-6.6168078615,0.268776,0.41876,14.8016,0.92,-0.036,0.063006,0.72881,-3.877792,152,0.621694,2323.9031,0.112318,0
695,29.6533,7776.83,7132.4039,17003.91,-6.6214196524,0.329342,0.412153,14.2228,0.8861,-0.1302,0.064157,0.723003,-4.557891,148,0.603716,2512.2644,0.116713,0
696,29.696,7645.62,7065.9367,16746.09,-5.7172600671,0.325091,0.478244,20.2068,0.8641,-0.2761,0.053392,0.701864,-1.445435,158,0.633746,2164.0577,0.113783,0
697,29.7387,7625.13,7041.1874,16675.78,-5.5345480566,0.261897,0.487792,23.6412,0.8624,-0.3032,0.051961,0.688451,-2.092453,149,0.644486,2203.1627,0.109266,0
698,29.7813,7330.25,6980.7309,16324.22,-6.0124774696,0.30296,0.456834,19.6945,0.9656,-0.0361,0.056707,0.697456,-7.661723,151,0.641345,2120.8207,0.107557,0
699,29.824,7512.51,7035.3335,16582.03,-5.7028309058,0.235733,0.474284,21.269,0.8759,-0.2464,0.053994,0.663755,-6.413723,159,0.655571,1988.5425,0.103162,0
700,29.8667,7574.3,7025.4436,16605.47,-5.7100650541,0.244917,0.477058,20.7446,0.8691,-0.2398,0.053571,0.683848,-2.063218,166,0.630655,2046.2096,0.10011,0
701,29.9093,7355.76,7013.5055,16523.44,-5.1305478282,0.293379,0.521638,29.3572,0.8981,-0.3037,0.047105,0.637511,-1.914383,162,0.638596,1942.7451,0.101697,0
702,29.952,7624.82,6998.95,16523.44,-6.6045005166,0.36954,0.42043,15.0192,0.9419,0.0429,0.062718,0.720044,-7.114168,139,0.638953,2298.3128,0.107435,0
703,29.9947,7660.93,7087.1302,16734.38,-6.3197252995,0.274766,0.433335,16.8698,0.8921,-0.111,0.060529,0.690782,-6.181998,155,0.624389,2196.3571,0.107557,0
704,30.0373,7908.3,7093.062,17062.5,-6.0103611684,0.277442,0.461896,17.4013,0.8651,-0.2152,0.055909,0.727318,-4.46645,165,0.632571,2240.3212,0.111708,0
705,30.08,7864.08,7123.7479,16957.03,-6.6146150373,0.249146,0.41721,15.0524,0.8737,-0.1008,0.063274,0.731299,-7.313101,146,0.627037,2365.5902,0.123184,0
706,30.1227,7802.71,7086.1332,16863.28,-5.8556621424,0.27999,0.468305,19.0261,0.8466,-0.2899,0.054912,0.713596,-1.690621,164,0.613967,2022.8405,0.12062,0
707,30.1653,7688.97,7046.676,16722.66,-6.8576059955,0.259451,0.399164,13.2337,0.9497,0.0499,0.066475,0.734127,-4.558716,142,0.620563,2416.0709,0.114028,0
708,30.208,7861.73,7103.6908,17027.34,-5.2647087393,0.372583,0.508168,24.2211,0.8018,-0.4351,0.048999,0.692369,-3.714724,142,0.645482,2091.4725,0.110243,0
709,30.2507,7645.64,7036.2125,16687.5,-6.0699218028,0.246558,0.457158,17.3438,0.8939,-0.1566,0.056656,0.702694,-6.392662,147,0.630425,2208.9198,0.113661,0
710,30.2933,7719.12,7101.3388,16816.41,-6.1072705623,0.34293,0.447045,17.2173,0.9006,-0.127,0.058275,0.711784,-5.324136,149,0.642409,2278.7235,0.118301,0
711,30.336,7696.46,7040.7473,16781.25,-5.6052762773,0.291596,0.491364,21.2233,0.8654,-0.2898,0.051433,0.697916,-4.625619,173,0.642195,2084.2506,0.110975,0
712,30.3787,7583.89,7007.6364,16722.66,-5.5013426856,0.279264,0.49764,24.7569,0.8648,-0.2981,0.050514,0.68847,-3.621636,159,0.631778,2034.3371,0.1089,0
713,30.4213,7616.76,7064.0021,16781.25,-5.5250531795,0.490318,0.485796,21.4811,0.8823,-0.2422,0.052258,0.673441,-8.118288,152,0.641065,1974.4816,0.10658,0
714,30.464,7558.72,7026.6346,16675.78,-5.2480183533,0.327777,0.510729,27.5793,0.8646,-0.3291,0.048635,0.660436,-2.178586,140,0.65922,1882.5475,0.098157,0
715,30.5067,7354.88,6992.7858,16429.69,-5.5286175966,0.325924,0.491884,24.9756,0.8999,-0.2564,0.051356,0.651633,-5.507528,154,0.615831,2083.9228,0.099988,0
716,30.5493,7724.13,7023.7568,16746.09,-5.2412821121,0.228492,0.516967,27.0382,0.8133,-0.4106,0.047756,0.669907,-6.102817,153,0.617172,1969.365,0.108168,0
717,30.592,7778.23,7065.7847,16945.31,-6.0554646255,0.267034,0.453279,16.9458,0.8813,-0.1656,0.057272,0.712193,-3.649483,153,0.629903,2164.4906,0.119644,0
718,30.6347,7714.61,7074.9653,16886.72,-5.534248212,0.220442,0.495832,23.6896,0.8429,-0.3397,0.050778,0.690305,-5.260252,169,0.619124,1979.3956,0.116469,0
719,30.6773,7693.0,7036.8823,16675.78,-5.5169736312,0.278266,0.490482,22.2814,0.8191,-0.3803,0.051563,0.686189,-5.923395,137,0.582332,1947.3142,0.106214,0
720,30.72,7458.83,6913.4256,16359.38,-6.219580389,0.356858,0.442414,17.5162,0.9394,-0.0152,0.059028,0.704908,-6.902316,144,0.626914,2139.2219,0.110487,0
721,30.7627,7632.74,7043.1348,16640.62,-5.942099732,0.267267,0.457666,17.8483,0.8876,-0.171,0.056575,0.689044,-3.5885,157,0.635419,2202.7343,0.117324,0
722,30.8053,7737.36,7011.1091,16710.94,-5.8658948511,0.292779,0.467199,18.8479,0.8837,-0.1692,0.055083,0.721375,-4.304205,155,0.6735,2145.1447,0.121597,0
723,30.848,7808.22,7059.9658,16851.56,-6.1549702333,0.315663,0.449738,16.9383,0.8444,-0.239,0.05784,0.711895,-5.188514,147,0.636767,2216.5545,0.113661,0
724,30.8907,7594.21,7060.4618,16570.31,-6.3962625109,0.291513,0.42932,15.3628,0.9266,-0.0272,0.061203,0.710115,-5.39039,140,0.611836,2249.0369,0.106336,0
725,30.9333,7834.86,7088.0576,16980.47,-6.2857453203,0.281946,0.434518,15.9573,0.9016,-0.091,0.060332,0.733565,-4.422474,166,0.644555,2416.3668,0.114394,0
726,30.976,7594.74,6999.311,16628.91,-6.0293648129,0.267832,0.453962,18.5543,0.9019,-0.137,0.057163,0.703872,-2.02066,145,0.642358,2263.9035,0.119277,0
727,31.0187,7967.52,7182.4373,17144.53,-6.2938629346,0.354319,0.430488,16.384,0.8462,-0.2013,0.061006,0.719556,-5.618071,152,0.665576,2402.6326,0.115493,0
728,31.0613,7503.94,7023.4225,16617.19,-5.6386814908,0.33065,0.481438,23.0894,0.8971,-0.2368,0.05291,0.689185,-2.872063,170,0.635858,1943.2738,0.113051,0
729,31.104,7425.61,7033.9507,16582.03,-5.8850701923,0.344408,0.461957,19.9598,0.9249,-0.1737,0.0559,0.68848,-2.157738,171,0.63258,2125.4223,0.113051,0
730,31.1467,7699.85,7045.8896,16781.25,-5.7663361099,0.334213,0.47467,20.7215,0.8727,-0.2359,0.053935,0.706955,-4.683769,158,0.633545,2167.8228,0.107557,0
731,31.1893,7591.54,7069.7782,16734.38,-5.3997335781,0.206049,0.498241,24.4695,0.8365,-0.3779,0.050427,0.663143,-3.159193,153,0.640754,1920.0577,0.107679,0
732,31.232,7658.11,7036.3405,16628.91,-5.7719104961,0.312651,0.4733,20.4318,0.8832,-0.2062,0.054144,0.707785,-4.267525,155,0.653225,2109.7642,0.113051,0
733,31.2747,7653.53,7015.197,16675.78,-5.8276875603,0.363721,0.470623,18.6639,0.8784,-0.2075,0.054555,0.708691,-4.138223,172,0.613991,2268.3703,0.108412,0
734,31.3173,7390.22,6866.7606,16218.75,-5.2119465822,0.318898,0.514499,30.6343,0.9011,-0.2201,0.048103,0.650115,-1.125966,166,0.630269,2076.6309,0.107679,0
735,31.36,7688.02,7112.0359,16734.38,-6.5843100667,0.278407,0.417514,14.9495,0.8999,-0.1021,0.063222,0.721785,-3.337072,168,0.658098,2365.2133,0.11122,0
736,31.4027,7341.04,6992.831,16406.25,-5.541277159,0.28484,0.49215,23.5425,0.913,-0.2203,0.051317,0.6853,-7.426671,165,0.626993,2024.0314,0.106702,0
737,31.4453,7753.62,7046.124,16781.25,-6.02884035,0.299891,0.460359,18.4039,0.8794,-0.1496,0.05615,0.719855,-7.043156,151,0.622913,2216.8077,0.102185,0
738,31.488,7563.9,7079.4807,16687.5,-6.1752097673,0.413908,0.442316,16.737,0.9083,-0.1521,0.059045,0.697114,-5.143643,137,0.630497,2252.3475,0.1089,0
739,31.5307,7497.3,7111.429,16828.12,-6.2713690971,0.268928,0.440733,16.7319,0.9186,-0.1333,0.059304,0.695784,-8.782487,155,0.645713,2281.0105,0.11415,0
740,31.5733,7856.99,7189.0803,17074.22,-6.8767794333,0.22573,0.399812,12.6762,0.8694,-0.1402,0.066357,0.725487,-6.407769,157,0.624433,2392.1812,0.115004,0
741,31.616,7770.47,7154.1911,17132.81,-5.9433655508,0.240484,0.467289,18.2995,0.837,-0.3292,0.055069,0.707807,-6.143905,150,0.608208,2140.3534,0.110609,0
742,31.6587,7683.86,7053.2207,16875.0,-4.9469196329,0.257201,0.534036,34.1572,0.8195,-0.4421,0.045405,0.638622,-1.079372,134,0.644154,2004.7343,0.105726,0
743,31.7013,7625.2,7039.9597,16722.66,-5.5176333019,0.190824,0.489557,23.4744,0.8652,-0.2662,0.051699,0.674447,-5.102314,138,0.616333,1990.1492,0.107801,0
744,31.744,7806.63,7035.0285,16734.38,-5.7703013556,0.218871,0.481842,20.1742,0.8651,-0.2192,0.052849,0.706146,-3.748741,156,0.635258,2053.9335,0.112196,0
745,31.7867,7704.67,7136.544,16921.88,-6.3190575281,0.350925,0.432935,15.0419,0.8914,-0.1928,0.060596,0.717199,-4.038117,162,0.608716,2284.1455,0.110731,0
746,31.8293,7475.48,7052.4478,16710.94,-4.9441514651,0.352044,0.527811,34.9303,0.8522,-0.4003,0.046254,0.614993,-1.67282,148,0.635028,1797.2465,0.101941,0
747,31.872,7499.72,7002.7195,16605.47,-5.0379271983,0.340371,0.521003,34.401,0.8644,-0.3544,0.047193,0.629417,-0.928394,134,0.628259,1964.8803,0.104993,0
748,31.9147,7591.43,7056.6433,16605.47,-5.6957025201,0.263935,0.478905,19.9923,0.8715,-0.2265,0.053292,0.683094,-6.080212,161,0.646616,2076.7083,0.108168,0
749,31.9573,7519.05,7086.2237,16710.94,-5.5211669157,0.336273,0.482433,21.8308,0.876,-0.2862,0.05276,0.681536,-2.63445,167,0.649668,2107.8697,0.106825,0
750,32.0,7757.51,7116.1892,16816.41,-6.4811735998,0.285507,0.424289,15.3286,0.9079,-0.0803,0.062056,0.716891,-3.933197,185,0.612153,2386.2342,0.11708,0
751,32.0427,7693.28,7039.2352,16640.62,-6.1694300772,0.227696,0.447602,17.1288,0.862,-0.1949,0.058185,0.697598,-5.790016,156,0.624856,2212.5386,0.109266,0
752,32.0853,7615.57,7051.2599,16699.22,-6.0701006717,0.27055,0.451605,17.7107,0.8973,-0.1562,0.05754,0.696195,-2.895761,151,0.628908,2273.3262,0.106458,0
753,32.128,7752.38,7008.8671,16792.97,-5.2356846213,0.262666,0.509336,27.0238,0.832,-0.384,0.048833,0.688299,-1.437727,159,0.645283,1938.7544,0.106702,0
754,32.1707,7391.91,6975.0679,16511.72,-5.8392531333,0.265872,0.47578,20.2962,0.938,-0.1408,0.053766,0.700744,-5.722674,134,0.621188,1984.2209,0.104383,0
755,32.2133,7565.83,7027.6058,16511.72,-6.0373762357,0.416523,0.449473,17.6297,0.8876,-0.1651,0.057883,0.692737,-5.895841,151,0.644714,2277.1131,0.11122,0
756,32.256,7765.91,7142.0274,16933.59,-6.3944313918,0.364092,0.43288,15.3822,0.8658,-0.1872,0.060605,0.713598,-3.294608,153,0.625908,2360.0589,0.110731,0
757,32.2987,7553.47,7077.4584,16734.38,-6.4322235853,0.270783,0.42921,15.9288,0.898,-0.1415,0.061222,0.70022,-2.301053,162,0.636271,2284.5923,0.111342,0
758,32.3413,7582.34,6992.9672,16628.91,-5.3160518503,0.306655,0.515176,26.954,0.8467,-0.3733,0.048007,0.683719,-3.550705,137,0.60979,1973.95,0.11183,0
759,32.384,7449.39,7016.5149,16406.25,-5.9462867824,0.297309,0.457212,18.7917,0.9121,-0.1561,0.056647,0.688495,-6.662218,140,0.665171,2186.6817,0.11769,0
760,32.4267,7589.86,7110.9031,16875.0,-6.2417319416,0.307896,0.430672,15.7331,0.9283,-0.1044,0.060976,0.714982,-5.453303,187,0.674558,2270.6297,0.115371,0
761,32.4693,7574.37,7044.0676,16664.06,-6.2599424201,0.278154,0.440652,16.3255,0.8978,-0.157,0.059317,0.70504,-3.229754,158,0.636864,2136.0228,0.111342,0
762,32.512,7465.83,6956.5006,16476.56,-5.3169375535,0.301667,0.506903,27.4519,0.8859,-0.2813,0.049179,0.665171,-1.720306,163,0.632857,1975.9315,0.109999,0
763,32.5547,7709.1,7073.61,16839.84,-5.6552441666,0.344952,0.479529,21.3557,0.8632,-0.2696,0.053198,0.692665,-2.311013,152,0.646042,2063.6806,0.1089,0
764,32.5973,7597.94,6931.914,16535.16,-5.0783185556,0.354268,0.523416,31.1376,0.8442,-0.3356,0.046859,0.655611,-0.129146,149,0.62697,1975.6718,0.107923,0
765,32.64,7638.96,7037.4863,16769.53,-5.3117036944,0.266414,0.505763,25.3193,0.8598,-0.3236,0.049342,0.671388,-1.239905,141,0.661355,2055.4547,0.107069,0
766,32.6827,7730.24,7126.0841,16851.56,-6.241609867,0.27355,0.437837,15.249,0.8854,-0.1406,0.059781,0.711323,-5.346377,167,0.649223,2317.5564,0.107313,0
767,32.7253,7752.68,7172.5085,16875.0,-6.8204649442,0.249454,0.401974,13.1222,0.936,-0.0179,0.065967,0.732014,-5.900395,161,0.623117,2480.5322,0.111342,0
768,32.768,7962.69,7181.1394,17167.97,-6.9270470713,0.27415,0.394098,13.5641,0.876,-0.0878,0.067399,0.739154,-6.48096,171,0.619283,2605.7562,0.116958,0
769,32.8107,7432.43,7005.7937,16453.12,-6.3778983407,0.302374,0.434599,15.4882,0.9605,0.0161,0.060319,0.705008,-8.305568,155,0.641136,2295.8539,0.11415,0
770,32.8533,7564.42,6999.4563,16488.28,-6.0448323006,0.23707,0.45233,17.7555,0.9241,-0.075,0.057424,0.713023,-5.518593,158,0.656059,2186.6192,0.110243,0
771,32.896,7646.95,7095.8288,16769.53,-5.8489978563,0.257786,0.465661,19.4925,0.8622,-0.2631,0.055322,0.706976,-9.400009,155,0.630809,1991.3208,0.112685,0
772,32.9387,7766.17,7056.8511,16910.16,-5.1673649357,0.23089,0.521518,27.7629,0.8076,-0.4411,0.047122,0.656496,-5.551317,171,0.614956,1993.2573,0.115859,0
773,32.9813,7739.4,7058.1261,16828.12,-5.9482376915,0.24563,0.457191,18.3546,0.8823,-0.1699,0.05665,0.706409,-3.510887,176,0.619604,2219.4833,0.108656,0
774,33.024,7461.65,6978.9809,16523.44,-5.7562241462,0.334442,0.475959,21.7311,0.9225,-0.124,0.053738,0.693147,-2.252144,153,0.627952,2119.0158,0.110121,0
775,33.0667,7622.43,6995.5977,16640.62,-5.8066429688,0.208219,0.481573,20.5645,0.8978,-0.1712,0.05289,0.706761,-2.79298,166,0.616482,2049.2156,0.115371,0
776,33.1093,7632.74,7041.0411,16734.38,-6.1199671485,0.367035,0.449714,17.1673,0.9139,-0.1163,0.057844,0.712192,-4.788524,151,0.628247,2173.0346,0.118056,0
777,33.152,7963.82,7029.3732,16980.47,-5.7589522359,0.359865,0.47268,19.3809,0.8238,-0.2878,0.054239,0.721973,-3.287507,175,0.638917,2219.7698,0.117934,0
778,33.1947,7515.08,7007.4557,16464.84,-6.2953073008,0.405464,0.436089,17.2374,0.9255,-0.0536,0.060071,0.70236,-5.531344,139,0.621972,2210.1328,0.106947,0
779,33.2373,7463.35,7057.7401,16558.59,-5.4966029422,0.281411,0.494487,23.1507,0.8931,-0.269,0.050974,0.682063,-4.441061,140,0.659062,1944.8184,0.104261,0
780,33.28,7541.47,7017.7637,16476.56,-6.2715283662,0.346953,0.442436,17.0117,0.9353,-0.0514,0.059025,0.707679,-8.179517,154,0.610962,2271.2591,0.111098,0
781,33.3227,7705.74,7100.9051,16875.0,-6.0786202436,0.278458,0.45311,16.3058,0.8695,-0.2271,0.057299,0.704233,-2.692092,155,0.636793,2078.4919,0.114516,0
782,33.3653,7853.0,7029.1596,16828.12,-5.7253347218,0.359169,0.477615,20.9384,0.8475,-0.2768,0.053487,0.709517,-2.130086,153,0.618775,2095.9039,0.108168,0
783,33.408,7358.5,6962.5767,16582.03,-5.8450444569,0.296502,0.464118,20.0146,0.9563,-0.1026,0.055562,0.702401,-4.172128,149,0.661572,2069.0874,0.10829,0
784,33.4507,7687.94,7116.9616,16792.97,-6.3728427043,0.284871,0.430086,16.4011,0.9063,-0.0914,0.061074,0.70863,-7.650434,155,0.657912,2418.0109,0.114028,0
785,33.4933,7546.86,7149.1326,16933.59,-5.3238386843,0.410846,0.49348,24.7,0.8635,-0.3903,0.051122,0.661266,-7.265173,134,0.667616,1934.1372,0.109022,0
786,33.536,7310.73,6984.4971,16218.75,-5.4985265792,0.297996,0.498805,26.3738,0.8963,-0.267,0.050345,0.655468,-9.4991,119,0.620455,1555.6744,0.062752,0
787,33.5787,7334.06,7006.437,16218.75,-7.6085586365,0.27516,0.365213,11.6732,1.029,0.226,0.072909,0.735129,0.0,0,0.9492,277.373,0.010743,0
788,33.6213,0.0,0.0,0.0,0.0,0.0,0.0,0.0,0.0,0.0,0.0,0.0,0.0,0,0.0,0.0,0.0,1
789,33.664,0.0,0.0,0.0,0.0,0.0,0.0,0.0,0.0,0.0,0.0,0.0,0.0,0,0.0,0.0,0.0,1
790,33.7067,0.0,0.0,0.0,0.0,0.0,0.0,0.0,0.0,0.0,0.0,0.0,0.0,0,0.0,0.0,0.0,1
791,33.7493,0.0,0.0,0.0,0.0,0.0,0.0,0.0,0.0,0.0,0.0,0.0,0.0,0,0.0,0.0,0.0,1
792,33.792,0.0,0.0,0.0,0.0,0.0,0.0,0.0,0.0,0.0,0.0,0.0,0.0,0,0.0,0.0,0.0,1
793,33.8347,0.0,0.0,0.0,0.0,0.0,0.0,0.0,0.0,0.0,0.0,0.0,0.0,0,0.0,0.0,0.0,1
794,33.8773,0.0,0.0,0.0,0.0,0.0,0.0,0.0,0.0,0.0,0.0,0.0,0.0,0,0.0,0.0,0.0,1
795,33.92,0.0,0.0,0.0,0.0,0.0,0.0,0.0,0.0,0.0,0.0,0.0,0.0,0,0.0,0.0,0.0,1
796,33.9627,0.0,0.0,0.0,0.0,0.0,0.0,0.0,0.0,0.0,0.0,0.0,0.0,0,0.0,0.0,0.0,1
797,34.0053,0.0,0.0,0.0,0.0,0.0,0.0,0.0,0.0,0.0,0.0,0.0,0.0,0,0.0,0.0,0.0,1
798,34.048,0.0,0.0,0.0,0.0,0.0,0.0,0.0,0.0,0.0,0.0,0.0,0.0,0,0.0,0.0,0.0,1
799,34.0907,0.0,0.0,0.0,0.0,0.0,0.0,0.0,0.0,0.0,0.0,0.0,0.0,0,0.0,0.0,0.0,1
800,34.1333,0.0,0.0,0.0,0.0,0.0,0.0,0.0,0.0,0.0,0.0,0.0,0.0,0,0.0,0.0,0.0,1
801,34.176,0.0,0.0,0.0,0.0,0.0,0.0,0.0,0.0,0.0,0.0,0.0,0.0,0,0.0,0.0,0.0,1
802,34.2187,0.0,0.0,0.0,0.0,0.0,0.0,0.0,0.0,0.0,0.0,0.0,0.0,0,0.0,0.0,0.0,1
803,34.2613,0.0,0.0,0.0,0.0,0.0,0.0,0.0,0.0,0.0,0.0,0.0,0.0,0,0.0,0.0,0.0,1
804,34.304,0.0,0.0,0.0,0.0,0.0,0.0,0.0,0.0,0.0,0.0,0.0,0.0,0,0.0,0.0,0.0,1
805,34.3467,0.0,0.0,0.0,0.0,0.0,0.0,0.0,0.0,0.0,0.0,0.0,0.0,0,0.0,0.0,0.0,1
806,34.3893,0.0,0.0,0.0,0.0,0.0,0.0,0.0,0.0,0.0,0.0,0.0,0.0,0,0.0,0.0,0.0,1
807,34.432,0.0,0.0,0.0,0.0,0.0,0.0,0.0,0.0,0.0,0.0,0.0,0.0,0,0.0,0.0,0.0,1
808,34.4747,0.0,0.0,0.0,0.0,0.0,0.0,0.0,0.0,0.0,0.0,0.0,0.0,0,0.0,0.0,0.0,1
809,34.5173,0.0,0.0,0.0,0.0,0.0,0.0,0.0,0.0,0.0,0.0,0.0,0.0,0,0.0,0.0,0.0,1
810,34.56,0.0,0.0,0.0,0.0,0.0,0.0,0.0,0.0,0.0,0.0,0.0,0.0,0,0.0,0.0,0.0,1
811,34.6027,0.0,0.0,0.0,0.0,0.0,0.0,0.0,0.0,0.0,0.0,0.0,0.0,0,0.0,0.0,0.0,1
812,34.6453,0.0,0.0,0.0,0.0,0.0,0.0,0.0,0.0,0.0,0.0,0.0,0.0,0,0.0,0.0,0.0,1
813,34.688,0.0,0.0,0.0,0.0,0.0,0.0,0.0,0.0,0.0,0.0,0.0,0.0,0,0.0,0.0,0.0,1
814,34.7307,0.0,0.0,0.0,0.0,0.0,0.0,0.0,0.0,0.0,0.0,0.0,0.0,0,0.0,0.0,0.0,1
815,34.7733,0.0,0.0,0.0,0.0,0.0,0.0,0.0,0.0,0.0,0.0,0.0,0.0,0,0.0,0.0,0.0,1
816,34.816,0.0,0.0,0.0,0.0,0.0,0.0,0.0,0.0,0.0,0.0,0.0,0.0,0,0.0,0.0,0.0,1
817,34.8587,0.0,0.0,0.0,0.0,0.0,0.0,0.0,0.0,0.0,0.0,0.0,0.0,0,0.0,0.0,0.0,1
818,34.9013,0.0,0.0,0.0,0.0,0.0,0.0,0.0,0.0,0.0,0.0,0.0,0.0,0,0.0,0.0,0.0,1
819,34.944,0.0,0.0,0.0,0.0,0.0,0.0,0.0,0.0,0.0,0.0,0.0,0.0,0,0.0,0.0,0.0,1
820,34.9867,0.0,0.0,0.0,0.0,0.0,0.0,0.0,0.0,0.0,0.0,0.0,0.0,0,0.0,0.0,0.0,1
821,35.0293,0.0,0.0,0.0,0.0,0.0,0.0,0.0,0.0,0.0,0.0,0.0,0.0,0,0.0,0.0,0.0,1
822,35.072,0.0,0.0,0.0,0.0,0.0,0.0,0.0,0.0,0.0,0.0,0.0,0.0,0,0.0,0.0,0.0,1
823,35.1147,0.0,0.0,0.0,0.0,0.0,0.0,0.0,0.0,0.0,0.0,0.0,0.0,0,0.0,0.0,0.0,1
