frame,time,centroid,spread,rolloff,slope,obsir_std,flatness,crest,skewness,kurtosis,tonality,entropy,tpr,n_peaks,flux,irregularity,zcr,gated
0,0.0,8163.11,7393.9462,17542.97,-5.7818513022,0.300033,0.47649,24.9023,0.8469,-0.1521,0.053658,0.682015,-6.351015,161,0.0,2453.4842,0.114638,0
1,0.0427,8370.48,7478.5488,17554.69,-6.0998466651,0.218794,0.453283,22.1999,0.7946,-0.2146,0.057272,0.70441,-4.112847,165,0.622965,2739.3154,0.118301,0
2,0.0853,8178.55,7503.9816,17613.28,-6.5298827025,0.255951,0.416118,19.5844,0.8925,0.0047,0.063464,0.707796,-2.005135,176,0.650153,2659.8779,0.119033,0
3,0.128,8093.74,7414.7488,17554.69,-5.7054757686,0.23563,0.479703,25.1931,0.8423,-0.2167,0.053171,0.68547,-1.306896,174,0.647235,2465.7769,0.116591,0
4,0.1707,8043.54,7487.3924,17542.97,-6.1225386057,0.359333,0.447472,22.205,0.8616,-0.1432,0.058206,0.688363,-5.963092,156,0.629166,2479.1719,0.113417,0
5,0.2133,7996.99,7437.0982,17578.12,-5.6284416471,0.337201,0.477962,26.7785,0.8522,-0.2283,0.053434,0.676928,-2.840289,151,0.645529,2390.3334,0.112929,0
6,0.256,7822.53,7338.9199,17144.53,-5.9028842781,0.346423,0.461668,23.7644,0.8828,-0.1697,0.055945,0.689432,-3.107254,148,0.655519,2534.6919,0.11415,0
7,0.2987,7858.33,7292.6972,17132.81,-5.431375963,0.179432,0.497093,28.5548,0.8584,-0.2275,0.050594,0.657357,-5.063477,168,0.681361,2254.5577,0.108778,0
8,0.3413,8044.31,7325.0252,17179.69,-6.0268370153,0.187751,0.457984,23.2378,0.9062,0.0111,0.056525,0.704863,-1.689153,188,0.653688,2648.7585,0.115126,0
9,0.384,8116.47,7441.7764,17437.5,-6.7382516968,0.290309,0.404956,17.6676,0.9234,0.1404,0.065432,0.716072,-4.374759,170,0.649472,2728.5503,0.125992,0
10,0.4267,8165.13,7473.5492,17625.0,-6.4492804339,0.324072,0.418771,19.162,0.8534,-0.0861,0.063004,0.683763,-5.946405,131,0.663668,2688.2078,0.121353,0
11,0.4693,8248.94,7469.1586,17554.69,-6.0971768608,0.414981,0.447566,21.7256,0.8413,-0.1289,0.058191,0.707818,-5.591298,158,0.671093,2769.7888,0.117568,0
12,0.512,8213.98,7361.4793,17390.62,-6.6492360768,0.33886,0.407551,18.1162,0.8838,0.0248,0.06497,0.728115,-3.799084,152,0.633471,2793.1655,0.124405,0
13,0.5547,8126.98,7348.0797,17414.06,-6.1312789939,0.318794,0.449456,21.3271,0.8911,-0.0225,0.057885,0.716925,-2.254995,158,0.648109,2601.3875,0.126114,0
14,0.5973,8066.79,7335.5788,17414.06,-5.8791029474,0.2459,0.475121,24.7606,0.849,-0.1883,0.053866,0.705569,-2.993563,145,0.65377,2507.445,0.124771,0
15,0.64,8189.84,7442.8379,17589.84,-6.6388090068,0.203285,0.413534,18.267,0.9051,0.0553,0.063915,0.719517,-2.565196,161,0.638417,2763.1084,0.118545,0
16,0.6827,7715.45,7351.5062,17273.44,-5.3118412526,0.296472,0.497434,31.616,0.8575,-0.3414,0.050544,0.64076,-2.265678,144,0.687591,2270.765,0.12001,0
17,0.7253,8431.36,7491.4309,17742.19,-6.7181418639,0.198934,0.410548,18.1191,0.8337,-0.0862,0.064439,0.728036,-4.985494,153,0.670742,2752.0818,0.127579,0
18,0.768,8179.16,7409.9963,17460.94,-6.4607592552,0.189717,0.429386,19.9867,0.8633,-0.05,0.061192,0.724277,-4.583214,142,0.617725,2778.2424,0.125015,0
19,0.8107,7964.73,7460.9554,17343.75,-6.7711391999,0.298374,0.399988,18.3149,0.9163,0.0546,0.066325,0.703763,-3.812887,144,0.657786,2793.3777,0.122329,0
20,0.8533,8334.85,7552.125,17707.03,-6.9535215761,0.241265,0.390859,15.2596,0.8783,0.0145,0.067997,0.733904,-2.608196,179,0.670936,2922.5941,0.121109,0
21,0.896,8192.95,7498.157,17707.03,-6.2150489748,0.342138,0.443499,22.3343,0.8573,-0.1381,0.058851,0.7025,-3.130315,154,0.643513,2643.1885,0.119033,0
22,0.9387,8197.02,7409.2962,17542.97,-5.8640808238,0.334926,0.463993,22.3257,0.8272,-0.1873,0.055581,0.678259,-6.105018,144,0.668301,2604.424,0.116225,0
23,0.9813,8060.56,7434.9029,17437.5,-6.2740074448,0.272129,0.440564,21.2232,0.8685,-0.0858,0.059332,0.694982,-6.594431,139,0.671354,2483.3961,0.114272,0
24,1.024,7995.82,7424.0831,17355.47,-6.130824244,0.376383,0.448505,21.8696,0.8647,-0.1547,0.058039,0.688036,-3.905325,161,0.639928,2402.6152,0.120864,0
25,1.0667,8269.36,7450.3625,17519.53,-6.1636130549,0.31971,0.440608,21.6784,0.8195,-0.201,0.059325,0.706011,-2.198546,171,0.654428,2750.5457,0.128067,0
26,1.1093,8123.91,7429.8405,17402.34,-7.0739861817,0.276408,0.38084,16.3777,0.8949,0.0814,0.069876,0.718939,-5.937619,158,0.661892,2805.9654,0.122451,0
27,1.152,8029.41,7347.5806,17367.19,-5.3300238099,0.37493,0.506558,28.5244,0.7972,-0.3842,0.049228,0.658162,-0.127276,158,0.661502,2342.7305,0.114394,0
28,1.1947,8039.9,7490.9001,17425.78,-6.0519308414,0.300725,0.450718,22.4757,0.8537,-0.1416,0.057683,0.686963,-1.567678,138,0.648391,2589.8895,0.117446,0
29,1.2373,8154.09,7476.8442,17578.12,-6.8478357221,0.218763,0.401919,17.2444,0.8851,0.0078,0.065977,0.718263,-5.456778,139,0.665008,2781.6258,0.115737,0
30,1.28,7747.73,7356.2228,17003.91,-6.2875627662,0.21459,0.438747,20.9971,0.945,0.0861,0.059631,0.693124,-7.011225,160,0.652896,2559.5344,0.118056,0
31,1.3227,8152.88,7522.0503,17683.59,-6.2740527329,0.247291,0.440141,20.5883,0.8388,-0.1907,0.059401,0.703638,-2.068737,152,0.642942,2668.3964,0.121719,0
32,1.3653,8114.97,7489.4902,17566.41,-6.8022938526,0.269405,0.39995,16.9807,0.9093,0.0417,0.066332,0.724361,-4.912691,156,0.659736,2667.2358,0.114516,0
33,1.408,8116.97,7389.7109,17507.81,-5.2979066172,0.172903,0.511921,30.5315,0.8044,-0.3427,0.048466,0.663752,-3.163103,149,0.621723,2392.9939,0.119521,0
34,1.4507,8060.98,7437.7721,17343.75,-6.645888906,0.248101,0.414355,19.0328,0.8849,0.0054,0.063771,0.70706,-6.66764,144,0.642678,2698.5293,0.127579,0
35,1.4933,8381.32,7536.7454,17625.0,-6.755719452,0.235685,0.402226,16.9845,0.8386,-0.0638,0.065922,0.725109,-3.121256,150,0.646138,2755.6048,0.127823,0
36,1.536,8369.83,7387.6203,17542.97,-6.2536594541,0.260778,0.443072,21.3826,0.8085,-0.1533,0.058921,0.726942,-2.721477,150,0.641952,2719.8946,0.122085,0
37,1.5787,8017.07,7438.9145,17507.81,-5.6568311889,0.233956,0.476272,26.807,0.8439,-0.2264,0.053691,0.671347,-0.212352,184,0.644735,2556.0232,0.11244,0
38,1.6213,7737.2,7303.3599,17238.28,-5.1614127581,0.309843,0.510007,31.6409,0.8534,-0.341,0.048737,0.633306,-6.581963,158,0.663786,2206.3489,0.111708,0
39,1.664,7978.98,7479.84,17542.97,-6.0331105817,0.276281,0.449735,23.408,0.862,-0.1737,0.057841,0.67317,-5.680862,156,0.672214,2720.7783,0.118056,0
40,1.7067,7950.55,7300.6014,17296.88,-5.3038060725,0.348481,0.512928,30.3199,0.8222,-0.3523,0.048324,0.664631,-3.03832,154,0.640526,2288.6892,0.113295,0
41,1.7493,7928.5,7359.9624,17296.88,-6.1473041452,0.294875,0.452155,21.5719,0.9038,-0.0846,0.057452,0.709169,-2.85263,168,0.661213,2641.4703,0.109999,0
42,1.792,8076.31,7379.6645,17109.38,-6.5340695125,0.26564,0.423237,20.2449,0.8971,0.0908,0.062236,0.694698,-3.788526,159,0.639991,2751.2433,0.111464,0
43,1.8347,7969.23,7323.4056,17414.06,-5.7629989227,0.273345,0.47777,26.443,0.8642,-0.1681,0.053464,0.672339,-1.484313,165,0.64603,2507.5333,0.119399,0
44,1.8773,8309.17,7462.7757,17777.34,-6.2457125027,0.255582,0.441279,20.1313,0.8425,-0.1431,0.059214,0.717192,-3.203631,135,0.67057,2556.4503,0.126724,0
45,1.92,8335.1,7476.8033,17671.88,-7.1665316241,0.277469,0.376475,14.7584,0.8585,-0.0031,0.070711,0.739355,-7.435532,142,0.647515,2622.1058,0.123916,0
46,1.9627,8207.31,7453.1331,17519.53,-6.6544626978,0.342857,0.412285,17.5294,0.8904,0.0059,0.064134,0.726569,-5.720472,150,0.637785,2752.641,0.129166,0
47,2.0053,8161.9,7369.2612,17367.19,-5.6817347169,0.24471,0.4889,25.2103,0.8316,-0.2443,0.051797,0.700271,-9.3475,134,0.611253,2420.6326,0.130753,0
48,2.048,8458.39,7518.8317,17753.91,-6.94514281,0.224304,0.393254,15.7259,0.8241,-0.1099,0.067554,0.740563,-6.769497,136,0.634004,2791.3412,0.131364,0
49,2.0907,8183.08,7426.7839,17437.5,-6.5596482468,0.328808,0.416052,18.9425,0.8892,0.0063,0.063475,0.724964,-2.711976,177,0.634938,2799.9254,0.125137,0
50,2.1333,8263.02,7357.6144,17437.5,-6.5384721821,0.285406,0.424426,19.0862,0.8947,0.0691,0.062033,0.727234,-5.071155,154,0.65661,2635.7251,0.121597,0
51,2.176,8108.48,7458.3028,17437.5,-6.0495596563,0.305592,0.454977,22.1392,0.8395,-0.2078,0.057002,0.688067,-3.489714,152,0.648789,2531.8322,0.122574,0
52,2.2187,8149.78,7440.2656,17367.19,-6.7370140159,0.294236,0.404127,17.0849,0.9058,0.0907,0.06558,0.724048,-8.621813,154,0.628704,2726.5477,0.119399,0
53,2.2613,8384.08,7483.9158,17671.88,-6.7227400367,0.289809,0.404187,16.93,0.8247,-0.1176,0.06557,0.736133,-4.261893,149,0.633549,2738.4708,0.125992,0
54,2.304,8304.82,7443.4531,17566.41,-6.3012763241,0.244507,0.430887,19.5127,0.8484,-0.0973,0.060939,0.712041,-5.034879,141,0.639685,2771.4406,0.127335,0
55,2.3467,7892.23,7344.0477,17285.16,-5.0687493502,0.262251,0.523876,34.6841,0.8261,-0.377,0.046795,0.644508,-1.748047,141,0.658166,2260.2204,0.113051,0
56,2.3893,8132.73,7365.2391,17460.94,-5.7686668528,0.195417,0.479557,25.2942,0.8508,-0.184,0.053193,0.703736,-4.759145,145,0.626586,2650.038,0.112196,0
57,2.432,7988.55,7374.4359,17402.34,-5.5810218993,0.249657,0.484888,25.4877,0.8359,-0.3037,0.052393,0.68357,-8.184662,154,0.656168,2410.5004,0.120376,0
58,2.4747,8147.46,7389.7997,17414.06,-5.747654977,0.328795,0.470554,26.1934,0.8422,-0.1629,0.054565,0.673887,-3.123178,159,0.678016,2650.5991,0.111952,0
59,2.5173,7855.16,7452.8657,17378.91,-5.6688124509,0.367456,0.469361,26.1196,0.8534,-0.245,0.054749,0.646983,-2.24442,177,0.660195,2531.9409,0.112196,0
60,2.56,8129.58,7423.6711,17472.66,-6.0692139898,0.238386,0.456931,21.8506,0.8564,-0.1363,0.056692,0.702527,-3.450917,171,0.6552,2594.3409,0.128434,0
61,2.6027,8435.91,7538.3641,17871.09,-6.3704868157,0.162413,0.437003,19.6411,0.8197,-0.168,0.059919,0.726471,-3.834763,154,0.635458,2724.4612,0.129654,0
62,2.6453,8136.06,7432.6067,17519.53,-6.3166781503,0.204341,0.43189,21.2401,0.8556,-0.0838,0.060771,0.692707,-4.898358,163,0.638179,2634.4325,0.119399,0
63,2.688,7949.43,7437.0313,17343.75,-6.9162316831,0.23794,0.395073,17.3952,0.8999,0.0055,0.06722,0.709523,-6.430465,164,0.648013,2790.3169,0.118545,0
64,2.7307,8109.55,7507.3871,17402.34,-6.9033822791,0.351829,0.390967,16.9486,0.8904,0.0152,0.067977,0.703087,-3.938964,139,0.646298,2820.662,0.12001,0
65,2.7733,8316.06,7468.4647,17765.62,-6.9963041334,0.18988,0.385817,16.0519,0.8693,0.0183,0.068937,0.723963,-4.42421,162,0.659905,2927.2768,0.116469,0
66,2.816,7975.91,7296.9475,17308.59,-5.4403695388,0.267557,0.494482,30.8592,0.8287,-0.268,0.050975,0.665463,-0.84448,159,0.679596,2392.8273,0.113661,0
67,2.8587,8134.07,7491.7624,17484.38,-6.5731283499,0.24934,0.417605,19.2736,0.8729,-0.0397,0.063206,0.711782,-7.607908,151,0.657098,2659.4541,0.119399,0
68,2.9013,8102.42,7446.201,17261.72,-6.4783399766,0.245685,0.421932,19.4528,0.887,0.0278,0.06246,0.702704,-6.518963,143,0.610071,2746.1478,0.127701,0
69,2.944,8319.91,7503.4305,17648.44,-7.1547033196,0.353012,0.377818,14.4783,0.885,0.0428,0.070453,0.741769,-5.608849,158,0.643993,2730.0003,0.130997,0
70,2.9867,8073.26,7481.6758,17589.84,-6.2418081793,0.311685,0.43855,20.721,0.8913,-0.0724,0.059664,0.702369,-2.769932,182,0.645177,2659.5072,0.127213,0
71,3.0293,8205.77,7459.0343,17566.41,-6.5254572017,0.323494,0.419906,18.9641,0.8606,-0.0906,0.062808,0.712019,-8.105562,142,0.634253,2728.2229,0.119277,0
72,3.072,7968.33,7346.103,17320.31,-5.78579028,0.283065,0.46398,25.6236,0.8647,-0.1692,0.055583,0.682637,-1.333617,168,0.655641,2609.5427,0.116225,0
73,3.1147,7975.76,7340.0123,17132.81,-5.9840894387,0.394045,0.457417,24.5362,0.877,-0.0878,0.056615,0.685408,-0.393118,172,0.664246,2582.6482,0.117934,0
74,3.1573,8152.46,7467.7393,17367.19,-6.4760553021,0.333123,0.422611,18.607,0.86,-0.0884,0.062343,0.704081,-4.753197,152,0.659485,2707.7009,0.123794,0
75,3.2,8106.52,7461.9269,17507.81,-6.1472540605,0.313069,0.437238,22.0869,0.8517,-0.1472,0.05988,0.696267,-5.913286,155,0.624268,2633.6639,0.122696,0
76,3.2427,8120.5,7482.1544,17566.41,-5.8002874788,0.251159,0.46855,23.5508,0.8176,-0.3057,0.054874,0.695611,-2.655754,135,0.633318,2595.0643,0.117202,0
77,3.2853,7932.47,7368.872,17296.88,-6.4488200507,0.493321,0.421455,19.4144,0.9089,-0.0255,0.062541,0.697208,-2.84296,160,0.662,2754.4626,0.121475,0
78,3.328,8157.8,7429.3192,17648.44,-5.8320789388,0.397994,0.468299,24.3972,0.8634,-0.1466,0.054913,0.69114,-5.407433,152,0.658842,2507.4017,0.120132,0
79,3.3707,8248.4,7426.1418,17613.28,-6.0912254509,0.345781,0.449443,21.2377,0.8399,-0.1638,0.057888,0.717638,-3.779538,154,0.657991,2605.5925,0.121475,0
80,3.4133,8248.43,7413.9312,17238.28,-6.6635749946,0.271964,0.417856,18.4444,0.8865,0.0494,0.063162,0.733336,-2.800097,146,0.65207,2749.9253,0.124161,0
81,3.456,8142.38,7355.5958,17625.0,-5.2675804034,0.230692,0.516197,31.1293,0.827,-0.3268,0.047864,0.685175,-1.28097,159,0.625918,2324.0153,0.114028,0
82,3.4987,7884.93,7451.874,17414.06,-5.7239406839,0.187614,0.478413,25.85,0.8504,-0.2461,0.053366,0.662585,-2.688484,156,0.649173,2528.8025,0.113295,0
83,3.5413,8222.43,7427.4314,17496.09,-6.8338885416,0.261583,0.399003,16.7323,0.8708,-0.0008,0.066504,0.720382,-8.43047,161,0.644444,2731.8774,0.118667,0
84,3.584,7810.31,7390.3411,17191.41,-5.514241661,0.177155,0.485244,27.3853,0.871,-0.2462,0.05234,0.656287,-1.109111,160,0.667574,2362.3131,0.114394,0
85,3.6267,8009.58,7364.7485,17144.53,-6.2123054325,0.287808,0.437785,22.0905,0.9035,0.0166,0.05979,0.696943,-4.760311,169,0.690943,2750.4184,0.111464,0
86,3.6693,7863.03,7397.3493,17285.16,-5.4871913085,0.377298,0.494335,29.1006,0.8629,-0.2589,0.050996,0.651119,-1.906446,154,0.673975,2337.6883,0.113661,0
87,3.712,8101.66,7437.6281,17496.09,-6.0468810747,0.389849,0.451021,22.19,0.8555,-0.1387,0.057634,0.685366,-3.427519,162,0.634173,2871.9222,0.113295,0
88,3.7547,8048.49,7378.6102,17285.16,-5.916694209,0.337564,0.464078,23.5048,0.8482,-0.1634,0.055568,0.690065,-3.677633,154,0.617801,2372.1137,0.118667,0
89,3.7973,7868.63,7401.3314,17320.31,-5.7065651149,0.321381,0.476278,25.5008,0.8777,-0.1958,0.05369,0.675716,-4.109875,140,0.670696,2517.3089,0.124039,0
90,3.84,8327.64,7414.6851,17437.5,-6.9317213284,0.266501,0.39733,16.1489,0.8919,0.1026,0.066808,0.740838,-5.193023,146,0.6629,2769.6956,0.122574,0
91,3.8827,8125.31,7476.1979,17601.56,-6.6385824227,0.307008,0.415002,17.9527,0.868,-0.0853,0.063658,0.713342,-6.448988,150,0.667068,2768.896,0.120498,0
92,3.9253,7820.54,7302.0224,17156.25,-5.7872737744,0.365994,0.474051,24.1085,0.8918,-0.1643,0.054029,0.697248,-5.198069,155,0.652553,2529.7331,0.115004,0
93,3.968,8361.17,7477.8892,17531.25,-6.5473430552,0.287216,0.421619,19.2638,0.8273,-0.1224,0.062513,0.71679,-6.237535,148,0.628963,2682.5609,0.121719,0
94,4.0107,8108.24,7454.8848,17507.81,-6.3961424283,0.263523,0.431725,19.6404,0.8578,-0.093,0.060799,0.692325,-5.93899,155,0.656021,2684.0645,0.122207,0
95,4.0533,8161.95,7453.6408,17625.0,-5.9456912042,0.29021,0.460759,23.6299,0.8346,-0.2209,0.056088,0.697416,-8.585918,148,0.642,2484.9471,0.120864,0
96,4.096,8258.96,7524.5624,17683.59,-6.9006746198,0.304848,0.387233,16.7779,0.8887,0.0673,0.068671,0.70684,-3.444196,168,0.661078,2857.317,0.119521,0
97,4.1387,8080.27,7414.5782,17566.41,-5.5170887695,0.206063,0.491234,28.2894,0.8466,-0.1996,0.051452,0.669711,-0.580925,165,0.65672,2651.957,0.11476,0
98,4.1813,8021.61,7390.9622,17343.75,-6.0919316146,0.275873,0.448918,22.0948,0.8736,-0.1135,0.057972,0.692684,-4.253779,154,0.635423,2591.1988,0.120132,0
99,4.224,8273.73,7444.356,17589.84,-6.7523913319,0.211193,0.400808,17.0209,0.8631,-0.0111,0.066177,0.72023,-6.882276,148,0.648617,2785.0208,0.127945,0
100,4.2667,8159.21,7458.7007,17484.38,-6.459953984,0.310998,0.423696,19.0507,0.8744,-0.0269,0.062158,0.717265,-8.549189,144,0.644031,2765.5592,0.120254,0
101,4.3093,7978.07,7408.3441,17203.12,-6.4634174746,0.249883,0.422984,19.392,0.8745,-0.0611,0.062279,0.706009,-8.730022,141,0.650033,2694.6576,0.116103,0
102,4.352,8284.29,7376.7138,17414.06,-6.5529838807,0.268167,0.416627,18.672,0.8594,-0.0102,0.063375,0.725912,-6.739738,137,0.672521,2806.8023,0.11415,0
103,4.3947,8088.4,7458.0443,17519.53,-6.3523727061,0.279732,0.434871,21.6811,0.8736,-0.0606,0.060273,0.689174,-3.720558,165,0.634638,2564.5472,0.111952,0
104,4.4373,8096.89,7490.3578,17484.38,-6.611546267,0.330758,0.413502,17.9777,0.8742,-0.0831,0.06392,0.709615,-8.366603,153,0.651541,2642.7199,0.119766,0
105,4.48,8157.11,7540.4631,17566.41,-6.9063010594,0.200426,0.393538,17.2546,0.8774,-0.034,0.067502,0.71645,-3.583183,159,0.658867,2842.9516,0.119888,0
106,4.5227,7993.85,7401.2908,17367.19,-6.6758998575,0.246136,0.406071,17.7533,0.9081,0.0184,0.065233,0.712445,-4.178345,150,0.670257,2754.1778,0.119155,0
107,4.5653,8142.26,7353.504,17273.44,-6.178396744,0.222967,0.443075,21.3927,0.8683,-0.0193,0.058921,0.713298,-2.634469,165,0.661589,2671.4736,0.121475,0
108,4.608,8029.38,7433.2285,17437.5,-5.6186716365,0.219742,0.488667,26.7484,0.8476,-0.247,0.051831,0.672261,-5.258566,168,0.653927,2394.7652,0.115126,0
109,4.6507,8013.2,7425.8881,17226.56,-6.3518773024,0.198337,0.432557,19.7498,0.8688,-0.0851,0.060659,0.689269,-6.354338,149,0.662132,2750.5356,0.113173,0
110,4.6933,8207.32,7386.442,17367.19,-5.8295713946,0.300044,0.470436,24.7306,0.8309,-0.1483,0.054583,0.690973,-2.629525,152,0.646817,2467.5824,0.127945,0
111,4.736,8290.77,7507.4914,17730.47,-6.8692476162,0.293079,0.397576,17.0392,0.8626,-0.0392,0.066763,0.709937,-5.128894,137,0.636873,2664.4206,0.127457,0
112,4.7787,8129.59,7347.1632,17507.81,-5.0179985462,0.309857,0.529319,33.182,0.7743,-0.4446,0.046047,0.645893,-0.769815,178,0.632878,2239.1123,0.11122,0
113,4.8213,8015.85,7378.2637,17460.94,-5.1853915757,0.201791,0.520954,30.4016,0.8239,-0.3527,0.0472,0.662059,-1.258214,162,0.673291,2417.0175,0.105848,0
114,4.864,7866.23,7407.6652,17156.25,-6.6620009697,0.312067,0.412591,17.1398,0.928,0.0849,0.06408,0.69578,-6.207536,162,0.689286,2641.7124,0.113295,0
115,4.9067,8227.29,7417.4434,17296.88,-6.5270153615,0.173275,0.414516,19.7309,0.8749,0.0284,0.063743,0.713674,-3.903166,162,0.634289,2853.1143,0.121109,0
116,4.9493,8136.92,7499.6634,17449.22,-6.3307519484,0.215274,0.427044,20.4031,0.8665,-0.0653,0.061588,0.688365,-2.400122,152,0.650812,2806.7085,0.120376,0
117,4.992,8120.71,7369.8211,17531.25,-5.7446677106,0.333333,0.475689,24.6984,0.8312,-0.2532,0.053779,0.697627,-3.141538,149,0.653392,2484.4335,0.118301,0
118,5.0347,8002.07,7422.0665,17378.91,-6.213415105,0.351031,0.443506,21.3828,0.8942,-0.0266,0.05885,0.685966,-2.533671,152,0.655083,2686.1664,0.118911,0
119,5.0773,8262.99,7527.8791,17496.09,-6.8718791033,0.239861,0.396947,16.7967,0.8841,0.0363,0.066878,0.726868,-6.232607,175,0.659199,2848.5381,0.12294,0
120,5.12,8334.04,7488.5615,17789.06,-6.8968756018,0.343326,0.394585,17.1803,0.8599,-0.0348,0.06731,0.730557,-3.418947,163,0.639014,2958.612,0.124649,0
121,5.1627,7728.94,7378.0164,17121.09,-6.1610677751,0.263529,0.445957,23.2493,0.9305,0.0013,0.058451,0.670693,-0.526773,148,0.666322,2501.487,0.117568,0
122,5.2053,8071.27,7401.647,17531.25,-5.6549784113,0.420967,0.485018,26.1929,0.8451,-0.233,0.052374,0.686605,-3.092868,149,0.673161,2451.6316,0.113783,0
123,5.248,8204.87,7404.6859,17554.69,-5.4708232271,0.253981,0.498796,28.7634,0.8004,-0.3129,0.050346,0.683625,-5.989835,158,0.644445,2282.9669,0.113661,0
124,5.2907,8199.0,7434.1103,17414.06,-6.3747979093,0.294436,0.426152,20.0217,0.8721,-0.0225,0.061739,0.70261,-4.539352,143,0.672544,2735.1631,0.122696,0
125,5.3333,8026.57,7372.8623,17367.19,-6.1556501371,0.342328,0.453546,22.0317,0.8762,-0.0987,0.05723,0.700148,-2.956505,142,0.64281,2622.0409,0.135515,0
126,5.376,8414.94,7478.9902,17753.91,-6.7957173913,0.26695,0.402477,16.3362,0.8484,-0.0274,0.065876,0.726156,-5.459611,154,0.656452,2777.9797,0.133073,0
127,5.4187,8290.36,7506.9175,17800.78,-6.716202027,0.270546,0.408871,17.585,0.8594,-0.0371,0.064736,0.721835,-6.495424,155,0.632046,2807.125,0.125137,0
128,5.4613,8009.93,7392.6736,17390.62,-6.9385058532,0.256216,0.387919,16.7219,0.8915,0.0277,0.068543,0.707635,-6.472137,171,0.65219,2739.3501,0.127579,0
129,5.504,8277.58,7447.009,17566.41,-6.5156940146,0.297464,0.420154,19.5545,0.8507,-0.0545,0.062765,0.717316,-6.227378,138,0.660747,2572.9773,0.126114,0
130,5.5467,7994.03,7388.6749,17484.38,-5.6774214606,0.251967,0.479834,26.2102,0.8524,-0.2216,0.053152,0.662882,-5.288114,163,0.645678,2472.4784,0.116469,0
131,5.5893,8058.0,7430.0358,17367.19,-5.8418767567,0.401486,0.468895,25.5572,0.8492,-0.1883,0.054821,0.67277,-3.22657,168,0.646502,2583.4135,0.115004,0
132,5.632,8057.07,7394.1224,17167.97,-6.2214765546,0.292396,0.443444,21.5425,0.862,-0.0682,0.05886,0.694894,-2.054074,179,0.628094,2728.2118,0.116469,0
133,5.6747,7864.38,7392.8733,17226.56,-6.3052465747,0.289594,0.435071,21.104,0.9218,0.0231,0.06024,0.695468,-3.611415,163,0.614012,2474.6827,0.11769,0
134,5.7173,8086.72,7499.3838,17542.97,-6.2783746321,0.319075,0.437988,20.5825,0.8498,-0.1751,0.059756,0.696621,-4.733694,148,0.636224,2724.835,0.113783,0
135,5.76,8206.08,7498.6153,17578.12,-6.2732566747,0.449582,0.438659,22.198,0.8751,-0.0557,0.059645,0.698369,-4.133291,145,0.623444,2582.0029,0.120254,0
136,5.8027,8343.33,7610.4489,17789.06,-7.3561304999,0.159914,0.364433,14.0074,0.8622,-0.0244,0.073064,0.730018,-8.556568,124,0.620801,2727.3553,0.130265,0
137,5.8453,8360.72,7520.8859,17742.19,-6.800791346,0.206636,0.402112,17.2866,0.8532,-0.0335,0.065942,0.727562,-7.182747,172,0.616294,2863.2418,0.128434,0
138,5.888,8059.36,7371.8991,17425.78,-5.685245913,0.246647,0.483688,26.6108,0.8322,-0.239,0.052572,0.672838,-6.067291,151,0.645218,2475.8806,0.113051,0
139,5.9307,7960.96,7328.6676,17285.16,-4.935004368,0.216603,0.538332,36.8641,0.8,-0.42,0.044825,0.624734,-1.271192,132,0.625752,2215.1786,0.104993,0
140,5.9733,7841.22,7384.5751,17203.12,-6.3770266349,0.363242,0.433149,20.7159,0.9013,-0.047,0.06056,0.675144,-4.885546,147,0.662917,2631.8683,0.114638,0
141,6.016,8152.23,7455.2975,17390.62,-7.1102544036,0.292534,0.380964,15.4212,0.9332,0.1682,0.069853,0.733848,-3.62314,149,0.669311,2793.1146,0.115126,0
142,6.0587,8091.8,7463.8042,17367.19,-6.8141866065,0.319408,0.401686,17.2893,0.8901,0.0214,0.066019,0.716356,-11.72071,148,0.652437,2718.9341,0.118056,0
143,6.1013,8089.19,7478.7384,17484.38,-6.2331386164,0.244142,0.444543,21.6763,0.8573,-0.1256,0.058681,0.711048,-7.319253,150,0.619845,2665.9541,0.127213,0
144,6.144,8208.16,7503.1402,17707.03,-6.4392593289,0.280915,0.419812,18.5879,0.8761,-0.0832,0.062824,0.718933,-4.719835,146,0.658223,2698.0584,0.123428,0
145,6.1867,7909.44,7456.3769,17378.91,-6.0303782481,0.322006,0.451933,23.1301,0.8601,-0.1806,0.057488,0.670385,-5.443379,151,0.652376,2455.1757,0.115737,0
146,6.2293,8292.75,7488.1927,17742.19,-6.3967310984,0.375296,0.428825,19.9143,0.843,-0.111,0.061287,0.704662,-6.022764,150,0.628071,2643.2704,0.124527,0
147,6.272,8218.76,7413.3597,17472.66,-6.4841198671,0.258352,0.429896,19.6987,0.8688,-0.0456,0.061106,0.723771,-6.682397,171,0.635612,2803.0541,0.121475,0
148,6.3147,7798.12,7410.7921,17273.44,-5.5740634282,0.215374,0.474057,27.023,0.8486,-0.2701,0.054028,0.644012,-7.26901,152,0.640158,2409.826,0.103406,0
149,6.3573,7650.11,7333.2346,17144.53,-5.3104817152,0.297344,0.4986,32.1222,0.8825,-0.2665,0.050375,0.643512,-3.347476,154,0.669357,2148.5973,0.102918,0
150,6.4,8090.08,7459.8954,17402.34,-6.4579025953,0.281516,0.428654,20.2917,0.8684,-0.0694,0.061315,0.71409,-5.527692,137,0.641057,2676.7469,0.119033,0
151,6.4427,7854.91,7284.7956,17167.97,-5.15989246,0.322474,0.522321,34.3122,0.8387,-0.3392,0.04701,0.639585,-2.114089,141,0.649579,2207.8587,0.122329,0
152,6.4853,7908.98,7427.5312,17203.12,-6.5072552511,0.31094,0.417288,20.2904,0.9072,0.0192,0.063261,0.681659,-5.995712,146,0.660007,2669.7637,0.11476,0
153,6.528,8028.89,7415.1485,17460.94,-5.8341456504,0.275705,0.464659,24.2242,0.8575,-0.1906,0.055478,0.677582,-7.399041,162,0.682651,2556.4063,0.11476,0
154,6.5707,8036.42,7379.9943,17531.25,-5.5044683777,0.28361,0.496154,28.0399,0.8268,-0.314,0.050731,0.673815,-2.049291,150,0.650281,2436.0811,0.117934,0
155,6.6133,7933.48,7314.7635,17250.0,-5.6919086779,0.216351,0.485339,26.3046,0.8751,-0.1521,0.052326,0.6784,-7.424856,133,0.638665,2531.4802,0.118301,0
156,6.656,8070.26,7333.022,17285.16,-6.4961470271,0.316835,0.421486,19.1888,0.9092,0.0723,0.062536,0.709657,-4.674288,178,0.654313,2704.4235,0.117934,0
157,6.6987,7976.07,7433.4037,17250.0,-7.1090458269,0.280442,0.375664,15.2852,0.9348,0.1251,0.070867,0.719033,-6.174161,158,0.645532,2908.9903,0.115615,0
158,6.7413,7951.24,7462.9767,17507.81,-5.7351999475,0.306167,0.471328,25.5954,0.8535,-0.2456,0.054446,0.670901,-3.058765,152,0.683492,2518.1711,0.105604,0
159,6.784,7648.01,7233.147,16921.88,-5.1073755228,0.258798,0.513215,33.178,0.859,-0.3081,0.048283,0.612895,-5.570379,148,0.656732,2306.0046,0.105848,0
160,6.8267,8104.16,7434.062,17320.31,-6.7171461818,0.307813,0.411331,17.0198,0.9109,0.0414,0.064301,0.726562,-6.448831,149,0.682819,2666.0972,0.11769,0
161,6.8693,8007.7,7445.0627,17343.75,-6.6453669829,0.391896,0.405288,18.2246,0.9077,0.0522,0.065373,0.700497,-6.473787,159,0.648146,2932.2378,0.119277,0
162,6.912,7947.45,7332.6574,17238.28,-5.718579982,0.30413,0.491011,26.6587,0.8565,-0.2244,0.051485,0.689302,-2.191334,151,0.644809,2449.7945,0.118911,0
163,6.9547,8304.59,7490.1883,17578.12,-6.7874222814,0.384402,0.398223,17.6143,0.8781,0.0408,0.066646,0.721539,-2.987415,147,0.598731,2832.3382,0.12355,0
164,6.9973,8099.08,7477.7789,17472.66,-6.8872311968,0.29366,0.393543,16.9611,0.9195,0.0946,0.067501,0.720289,-4.235994,145,0.600501,2764.0253,0.119399,0
165,7.04,7860.36,7303.2499,17179.69,-5.109078927,0.290085,0.517639,33.4035,0.8537,-0.2968,0.047662,0.637599,-2.025718,148,0.644584,2210.6583,0.11183,0
166,7.0827,7921.46,7360.21,17179.69,-6.0709015835,0.336499,0.455241,23.1463,0.8724,-0.1113,0.05696,0.678457,-5.602595,152,0.640923,2585.4205,0.113539,0
167,7.1253,8064.81,7429.7527,17425.78,-6.4651331046,0.214423,0.426554,20.3909,0.8675,-0.0694,0.061671,0.703643,-5.329086,146,0.653277,2788.2881,0.11415,0
168,7.168,8271.05,7524.41,17636.72,-7.0430975321,0.254796,0.380956,16.0328,0.874,-0.0145,0.069854,0.724958,-4.979447,157,0.638484,2784.6596,0.12355,0
169,7.2107,8265.2,7431.7989,17566.41,-6.819678501,0.255098,0.399547,16.896,0.8831,0.0347,0.066405,0.727347,-3.497079,137,0.612188,2799.3628,0.130143,0
170,7.2533,8157.27,7534.924,17718.75,-6.8329186325,0.269416,0.399045,16.9306,0.8887,-0.0337,0.066496,0.720604,-6.60511,145,0.618663,2705.7241,0.124527,0
171,7.296,8343.55,7481.3613,17718.75,-6.4126451074,0.412233,0.42655,18.6023,0.8336,-0.1355,0.061672,0.723933,-4.803302,167,0.629963,2864.2137,0.123916,0
172,7.3387,8054.95,7451.3301,17437.5,-6.0960604921,0.296807,0.454812,22.6981,0.8427,-0.1796,0.057028,0.676822,-2.518093,152,0.638523,2632.603,0.115004,0
173,7.3813,7939.15,7448.6683,17214.84,-5.8047172362,0.192208,0.470431,24.4827,0.8492,-0.1789,0.054584,0.660679,-4.290854,184,0.645576,2624.0067,0.113661,0
174,7.424,8008.27,7501.6929,17343.75,-6.6996356282,0.314747,0.402005,18.1791,0.8706,-0.0543,0.065961,0.683296,-7.625809,142,0.660924,2662.5472,0.119033,0
175,7.4667,7866.4,7437.9416,17320.31,-6.2718660167,0.330724,0.437164,20.8141,0.8839,-0.1174,0.059893,0.679994,-3.656843,140,0.639057,2527.8997,0.115859,0
176,7.5093,8053.89,7387.8892,17460.94,-6.0696478929,0.311746,0.45953,22.811,0.8613,-0.1393,0.056281,0.692769,-6.882856,173,0.662303,2501.8096,0.112807,0
177,7.552,7999.36,7376.2907,17296.88,-5.8689104226,0.269663,0.464353,23.6158,0.871,-0.1459,0.055525,0.689146,-5.463915,141,0.668318,2487.1676,0.115859,0
178,7.5947,8211.21,7505.8267,17542.97,-6.9376222422,0.296471,0.3885,16.6286,0.8702,0.0051,0.068435,0.72394,-6.19258,134,0.679466,2886.1865,0.12587,0
179,7.6373,8152.26,7474.4714,17472.66,-7.2857129565,0.205351,0.368756,13.8758,0.9162,0.1334,0.07221,0.726927,-6.646177,152,0.649895,2805.7219,0.125748,0
180,7.68,8107.14,7386.7906,17367.19,-6.4036660712,0.262704,0.428945,19.4029,0.8731,-0.0679,0.061266,0.71582,-10.363853,130,0.67974,2627.336,0.119521,0
181,7.7227,8152.68,7432.7813,17648.44,-5.8792429523,0.374919,0.467576,22.7235,0.8349,-0.2728,0.055025,0.704405,-2.71374,137,0.660379,2383.6651,0.116225,0
182,7.7653,8058.53,7485.2543,17449.22,-6.4761668682,0.332441,0.423202,19.8238,0.8799,-0.0976,0.062242,0.704422,-7.179593,158,0.65414,2817.5032,0.11415,0
183,7.808,7803.64,7390.957,17214.84,-6.2041434499,0.278258,0.442224,21.6218,0.9053,-0.0323,0.05906,0.683235,-9.157915,170,0.641504,2587.9266,0.119521,0
184,7.8507,8191.72,7455.4179,17519.53,-6.6617582602,0.20671,0.411104,18.8824,0.8737,-0.0191,0.064341,0.719489,-5.932453,163,0.633019,2836.2309,0.122329,0
185,7.8933,8103.45,7386.734,17460.94,-5.4571058605,0.187372,0.498752,29.1017,0.8259,-0.2638,0.050353,0.670869,-2.016895,147,0.631395,2431.2407,0.118911,0
186,7.936,8137.7,7504.9265,17414.06,-7.2447244597,0.279654,0.373691,15.1612,0.9202,0.1255,0.071248,0.727715,-5.791336,150,0.640399,2928.6312,0.124649,0
187,7.9787,8197.76,7449.5603,17648.44,-6.2203944489,0.22315,0.442048,22.2939,0.8645,-0.0807,0.059088,0.715571,-2.211607,153,0.632334,2524.751,0.132707,0
188,8.0213,8249.28,7352.2185,17414.06,-6.0092617123,0.309494,0.454877,23.2275,0.8578,-0.0731,0.057018,0.720454,-4.009794,146,0.640047,2645.3535,0.127579,0
189,8.064,8082.33,7470.5807,17542.97,-6.374413694,0.193434,0.433637,21.2118,0.8707,-0.0707,0.060479,0.702607,-5.991903,158,0.666993,2651.0743,0.120986,0
190,8.1067,7960.77,7505.2332,17378.91,-7.0585602548,0.251246,0.385064,15.7123,0.9408,0.1163,0.069078,0.728726,-5.760414,168,0.644763,2758.7111,0.118789,0
191,8.1493,8236.53,7489.646,17414.06,-6.7590602759,0.217866,0.403093,16.8841,0.8719,-0.0253,0.065766,0.72543,-4.358366,121,0.655588,2699.1606,0.115248,0
192,8.192,8305.13,7554.0052,17730.47,-6.431425973,0.257408,0.425281,20.2699,0.8543,-0.0894,0.061887,0.722406,-4.335654,138,0.617563,2742.3711,0.115126,0
193,8.2347,8187.27,7504.5504,17601.56,-6.4901864823,0.347591,0.419165,19.0131,0.868,-0.0832,0.062936,0.717161,-4.544714,142,0.63901,2759.2328,0.113051,0
194,8.2773,7906.76,7379.249,17367.19,-6.229360676,0.31759,0.441718,22.5673,0.9179,0.018,0.059143,0.694269,-3.255837,144,0.646981,2649.5642,0.115493,0
195,8.32,8081.23,7424.7399,17250.0,-6.418108031,0.325793,0.426096,20.4147,0.8867,-0.0054,0.061749,0.692709,-3.813397,145,0.646548,2514.698,0.118667,0
196,8.3627,8206.75,7539.4647,17695.31,-6.6953205493,0.25314,0.409377,17.845,0.8717,-0.0421,0.064646,0.715858,-6.696296,145,0.642721,2792.0001,0.123306,0
197,8.4053,8351.94,7457.5223,17660.16,-6.522897056,0.288801,0.428935,18.4738,0.8315,-0.1231,0.061268,0.727624,-3.333522,167,0.633884,2642.7423,0.132462,0
198,8.448,8446.06,7476.8143,17789.06,-6.1470132152,0.222895,0.450882,20.8463,0.8077,-0.2132,0.057656,0.719627,-7.859753,146,0.63518,2724.4754,0.133561,0
199,8.4907,8365.53,7523.7507,17683.59,-6.65934687,0.307158,0.404702,18.0089,0.8646,0.0189,0.065477,0.705157,-4.187073,160,0.631624,2758.4622,0.126602,0
200,8.5333,8275.1,7516.7428,17707.03,-6.3701157432,0.271679,0.43391,20.3101,0.8352,-0.136,0.060433,0.706433,-2.280204,157,0.644012,2833.9353,0.11708,0
201,8.576,8219.43,7465.8744,17695.31,-6.1007433863,0.236251,0.45433,22.0417,0.8569,-0.1029,0.057105,0.699747,-2.821763,135,0.654003,2659.0213,0.125992,0
202,8.6187,8179.42,7423.9693,17636.72,-6.2583756142,0.279779,0.438832,21.3347,0.8583,-0.1102,0.059617,0.706536,-2.829379,140,0.633518,2708.3328,0.126724,0
203,8.6613,8322.51,7509.556,17859.38,-6.5270170532,0.196061,0.42034,18.7532,0.8301,-0.1394,0.062733,0.718568,-6.176179,142,0.63258,2701.6134,0.115737,0
204,8.704,8247.46,7445.387,17648.44,-6.0604086137,0.352458,0.456543,23.2271,0.84,-0.1366,0.056753,0.704112,-3.576157,126,0.657027,2554.6789,0.117446,0
205,8.7467,7998.47,7454.3102,17390.62,-6.2904761995,0.277161,0.42862,20.8626,0.8759,-0.0807,0.061321,0.690518,-4.983714,142,0.63694,2668.2495,0.117934,0
206,8.7893,8170.96,7536.3866,17496.09,-6.5183280134,0.209032,0.420765,18.9328,0.8446,-0.0918,0.06266,0.703806,-5.026765,136,0.643272,2764.906,0.112807,0
207,8.832,7996.01,7558.151,17496.09,-7.0173472041,0.263249,0.387009,16.2089,0.8932,-0.0118,0.068713,0.698382,-7.731903,139,0.620351,2705.7227,0.119766,0
208,8.8747,8296.93,7499.5444,17578.12,-7.0178146408,0.328626,0.385186,15.3838,0.8632,0.0141,0.069055,0.730479,-5.354331,134,0.643635,2839.0486,0.121841,0
209,8.9173,8099.27,7551.7329,17625.0,-6.987837751,0.257752,0.387572,16.8049,0.8982,0.0176,0.068608,0.713452,-4.204345,163,0.644679,2600.6238,0.120376,0
210,8.96,8036.64,7464.3948,17554.69,-5.9923483515,0.216767,0.45429,23.8833,0.8465,-0.2034,0.057111,0.678921,-8.399396,153,0.659871,2714.6873,0.118911,0
211,9.0027,7937.08,7463.3733,17308.59,-6.1575470497,0.241004,0.450525,22.4293,0.8904,-0.117,0.057714,0.698277,-6.243592,158,0.664756,2553.9304,0.111708,0
212,9.0453,8110.93,7410.3025,17367.19,-6.5217673914,0.307802,0.417269,20.0551,0.8841,-0.0133,0.063264,0.70712,-4.147435,146,0.647532,2773.3235,0.114394,0
213,9.088,8055.68,7491.9562,17566.41,-6.7329300595,0.413099,0.402588,17.6529,0.9105,0.0389,0.065856,0.699153,-7.718019,145,0.655876,2789.5155,0.116103,0
214,9.1307,8298.83,7431.0503,17648.44,-6.1780010384,0.226553,0.444073,20.0694,0.8303,-0.1377,0.058758,0.717236,-3.660081,155,0.643027,2785.4035,0.119155,0
215,9.1733,8187.89,7488.1774,17449.22,-6.802704731,0.331354,0.397759,17.3448,0.9088,0.0984,0.06673,0.710979,-3.68492,163,0.657606,2764.4306,0.126236,0
216,9.216,8176.49,7461.1774,17437.5,-6.3328087539,0.291044,0.425154,19.8876,0.8637,-0.0487,0.061909,0.702651,-5.59599,153,0.643589,2696.8161,0.127213,0
217,9.2587,8374.55,7559.8288,17753.91,-7.0544118849,0.303076,0.38032,15.2405,0.881,0.0233,0.069975,0.737482,-5.378053,167,0.650366,2738.1112,0.118301,0
218,9.3013,7973.42,7459.9969,17472.66,-5.8612202023,0.268649,0.462213,24.2425,0.8751,-0.1556,0.05586,0.681111,-2.460002,146,0.652961,2572.1817,0.111342,0
219,9.344,8030.24,7398.0912,17390.62,-5.7300169872,0.39283,0.46979,25.6467,0.8417,-0.2364,0.054683,0.67539,-5.513411,151,0.661391,2495.5613,0.117812,0
220,9.3867,8416.73,7516.5803,17777.34,-6.4913030933,0.427201,0.414537,18.4074,0.8481,-0.0454,0.063739,0.71045,-7.388709,136,0.672484,2738.4552,0.117446,0
221,9.4293,7903.12,7447.6619,17449.22,-5.6603017235,0.297323,0.476989,26.8511,0.8489,-0.2498,0.053582,0.660597,-7.499874,158,0.679378,2491.7114,0.111098,0
222,9.472,8162.7,7458.9798,17542.97,-6.0410967916,0.299847,0.450449,22.2339,0.8485,-0.1476,0.057726,0.692129,-7.13131,159,0.655421,2691.1763,0.115004,0
223,9.5147,8121.01,7388.9652,17343.75,-6.1961474288,0.29052,0.443422,21.5192,0.8778,-0.0429,0.058864,0.702353,-5.917255,142,0.661963,2660.7809,0.117812,0
224,9.5573,7980.13,7397.8776,17238.28,-5.8950131742,0.330282,0.461635,23.0368,0.8624,-0.1543,0.05595,0.675887,-9.543326,155,0.64199,2510.557,0.119644,0
225,9.6,8199.49,7506.5054,17695.31,-6.5726888379,0.286502,0.412921,18.3933,0.856,-0.1037,0.064022,0.720717,-5.489198,138,0.668616,2753.2491,0.123428,0
226,9.6427,8347.62,7494.0226,17601.56,-6.3065000752,0.302105,0.431202,19.5197,0.8522,-0.0744,0.060887,0.720112,-2.012527,178,0.68121,2746.8675,0.123916,0
227,9.6853,8106.34,7471.7901,17332.03,-6.547933457,0.287487,0.411427,19.5773,0.9136,0.0847,0.064284,0.716855,-3.578939,162,0.630788,2700.4986,0.120986,0
228,9.728,7999.96,7363.6481,17355.47,-6.1324070016,0.300058,0.444418,22.0841,0.8828,-0.0766,0.058701,0.696076,-5.08057,159,0.660735,2677.6043,0.12355,0
229,9.7707,8357.55,7465.0041,17695.31,-5.7230752581,0.264125,0.475295,24.0794,0.8216,-0.2288,0.053839,0.709352,-2.125241,142,0.62911,2458.9364,0.120986,0
230,9.8133,7963.7,7289.7947,17109.38,-5.6560494727,0.238795,0.488677,26.627,0.873,-0.1776,0.05183,0.701213,-3.25784,134,0.639303,2433.001,0.112318,0
231,9.856,7969.44,7368.6023,17273.44,-6.3618711271,0.247914,0.435733,20.406,0.8942,-0.0477,0.06013,0.70655,-4.217935,144,0.632651,2658.3235,0.112318,0
232,9.8987,8172.03,7469.3398,17531.25,-6.4258296311,0.168602,0.427733,19.8879,0.8654,-0.0583,0.061471,0.708382,-2.313974,150,0.6562,2740.9403,0.115126,0
233,9.9413,8149.35,7485.7309,17589.84,-6.1981801229,0.294782,0.437648,21.3641,0.8674,-0.116,0.059812,0.703275,-3.987832,159,0.657455,2623.6733,0.116713,0
234,9.984,8211.43,7455.65,17460.94,-6.5261775187,0.264487,0.421687,19.473,0.8606,-0.0536,0.062502,0.707874,-3.367242,148,0.649926,2664.1501,0.121963,0
235,10.0267,8191.02,7454.9317,17648.44,-6.1304674547,0.204857,0.444306,21.5849,0.856,-0.123,0.05872,0.720844,-4.756501,151,0.632166,2740.7447,0.130265,0
236,10.0693,8103.96,7401.2831,17343.75,-7.0072822016,0.197549,0.383371,16.1479,0.8932,0.0416,0.069397,0.713535,-4.865374,167,0.65601,2956.2346,0.134172,0
237,10.112,8165.52,7452.6412,17542.97,-6.1639031476,0.210544,0.443493,21.0842,0.8826,-0.0648,0.058852,0.710582,-3.558143,159,0.639054,2496.3348,0.121841,0
238,10.1547,7921.84,7394.2418,17296.88,-5.6414776849,0.313447,0.481507,26.7114,0.8696,-0.1673,0.0529,0.657342,-8.499198,142,0.679687,2585.991,0.122451,0
239,10.1973,8629.19,7500.0316,17835.94,-6.8323576281,0.280361,0.395657,15.6744,0.8426,0.0324,0.067114,0.741144,-4.409618,156,0.666571,2897.314,0.133195,0
240,10.24,8212.68,7545.2948,17589.84,-7.081040599,0.237826,0.383137,15.7675,0.9006,0.0467,0.069441,0.728497,-8.777186,136,0.640119,2757.5649,0.125748,0
241,10.2827,8150.77,7396.7177,17472.66,-5.6204575122,0.262169,0.48261,25.3191,0.8149,-0.2799,0.052734,0.688688,-3.481748,166,0.627087,2458.6527,0.117324,0
242,10.3253,8176.36,7506.8275,17519.53,-6.231502855,0.242878,0.446683,21.3133,0.8515,-0.1463,0.058333,0.695895,-7.55746,141,0.616181,2434.2097,0.112685,0
243,10.368,7942.82,7393.0067,17414.06,-6.0546364245,0.286497,0.455543,23.3112,0.8793,-0.136,0.056912,0.678529,-4.750606,152,0.655771,2466.0197,0.112685,0
244,10.4107,8151.25,7411.1734,17390.62,-6.2055743262,0.204115,0.448926,21.5687,0.8544,-0.1,0.057971,0.713462,-4.01978,146,0.64843,2519.7419,0.119888,0
245,10.4533,8197.12,7477.0061,17531.25,-6.6973740571,0.272132,0.40311,17.3904,0.8813,-0.0076,0.065763,0.723574,-5.548853,157,0.663775,2829.3282,0.12355,0
246,10.496,8352.75,7523.3659,17753.91,-6.8380154201,0.229955,0.400232,16.9909,0.8805,0.0376,0.066281,0.734038,-4.706874,160,0.673932,2722.8347,0.130387,0
247,10.5387,8279.75,7465.3775,17613.28,-6.5511598515,0.280988,0.417721,19.5883,0.8532,-0.0476,0.063186,0.709837,-1.221938,150,0.630867,2728.0115,0.125626,0
248,10.5813,8013.89,7436.3453,17320.31,-6.374860048,0.347026,0.431623,21.5765,0.873,-0.0702,0.060816,0.690264,-3.679773,162,0.640608,2704.9732,0.115981,0
249,10.624,8099.02,7403.4764,17378.91,-6.1491761691,0.381679,0.4465,22.0477,0.8726,-0.0666,0.058363,0.691534,-5.15379,173,0.655724,2753.6492,0.115371,0
250,10.6667,8162.27,7443.2522,17519.53,-5.8193562608,0.310943,0.467462,23.8757,0.8386,-0.1931,0.055042,0.688318,-1.544931,149,0.662269,2569.7196,0.113173,0
251,10.7093,8122.7,7385.5312,17425.78,-5.9006520261,0.363582,0.462435,23.4684,0.8579,-0.1538,0.055825,0.706005,-2.616257,138,0.661314,2616.8409,0.116591,0
252,10.752,8255.39,7396.5699,17589.84,-5.9939018291,0.287605,0.461091,21.2132,0.8229,-0.1979,0.056036,0.708981,-3.259249,172,0.645988,2683.2178,0.120498,0
253,10.7947,8416.92,7460.0905,17671.88,-6.0380235769,0.251148,0.453808,21.9484,0.7828,-0.2662,0.057188,0.716361,-1.84956,149,0.656199,2579.0686,0.126114,0
254,10.8373,8177.14,7460.1148,17671.88,-6.1860353282,0.244131,0.44544,22.2183,0.8584,-0.1445,0.058535,0.701341,-2.063531,145,0.641222,2685.0455,0.124405,0
255,10.88,7914.14,7373.3558,17238.28,-5.9427859167,0.250419,0.458856,23.649,0.8826,-0.1076,0.056387,0.678698,-3.284173,151,0.624818,2513.5661,0.118545,0
256,10.9227,8093.76,7504.9681,17636.72,-6.3054233247,0.234056,0.435475,21.5016,0.8466,-0.1473,0.060173,0.677743,-3.668386,151,0.652904,2668.9037,0.119399,0
257,10.9653,8159.41,7428.7522,17496.09,-6.2526564481,0.296669,0.43821,20.0876,0.8696,-0.0853,0.05972,0.70888,-2.579501,147,0.634482,2782.8205,0.121109,0
258,11.008,7951.64,7447.4652,17167.97,-6.9749068673,0.244085,0.387114,16.6059,0.9423,0.1589,0.068694,0.712882,-8.51083,146,0.648799,2651.4996,0.113295,0
259,11.0507,7922.83,7304.8371,17097.66,-5.7824773152,0.305714,0.472939,26.5198,0.8986,-0.0762,0.054199,0.680232,-1.608344,155,0.663755,2394.6375,0.113417,0
260,11.0933,8093.72,7436.1283,17179.69,-6.6068962345,0.25828,0.413935,18.7415,0.8872,0.0002,0.063845,0.710986,-4.964587,170,0.653955,2845.6769,0.118789,0
261,11.136,8263.61,7513.0954,17554.69,-6.1772731843,0.328961,0.442236,20.2832,0.8272,-0.1721,0.059058,0.690918,-4.090323,150,0.631132,2613.4501,0.116958,0
262,11.1787,8079.04,7388.4502,17378.91,-6.3825901174,0.302116,0.432049,19.8711,0.8638,-0.0931,0.060745,0.710941,-4.498761,166,0.667108,2717.1284,0.123794,0
263,11.2213,8250.28,7434.9439,17378.91,-6.8823210855,0.252108,0.396151,15.5978,0.883,0.0443,0.067023,0.734593,-7.442264,156,0.649069,2799.6329,0.122329,0
264,11.264,8034.44,7490.5929,17460.94,-6.3469377896,0.252166,0.431489,20.1007,0.8702,-0.1015,0.060838,0.703472,-4.783155,156,0.654405,2660.2454,0.123184,0
265,11.3067,8389.56,7510.332,17542.97,-7.1441450226,0.227538,0.374629,15.2437,0.8734,0.0642,0.071067,0.738188,-4.498487,162,0.656361,2866.7899,0.13173,0
266,11.3493,8214.12,7509.2608,17625.0,-6.4350607412,0.314656,0.423244,19.3117,0.8513,-0.1124,0.062235,0.696647,-4.267551,140,0.649742,2847.9878,0.129654,0
267,11.392,8587.16,7545.6028,17941.41,-7.05758923,0.167895,0.388346,14.971,0.8245,-0.0652,0.068464,0.749329,-6.026131,153,0.646321,2822.8375,0.119521,0
268,11.4347,8015.77,7466.5521,17507.81,-6.1157809668,0.27842,0.450361,23.497,0.8836,-0.0877,0.05774,0.698783,-5.636619,147,0.638118,2740.562,0.112929,0
269,11.4773,7905.73,7411.6456,17308.59,-6.031966706,0.392102,0.459106,24.4734,0.9154,-0.0372,0.056348,0.68771,-3.756981,166,0.646091,2713.8931,0.116225,0
270,11.52,8094.29,7381.1151,17460.94,-6.0171626613,0.211633,0.458163,23.0828,0.85,-0.182,0.056497,0.699501,-3.30476,164,0.639952,2484.9398,0.120132,0
271,11.5627,8374.32,7381.0463,17308.59,-6.249495282,0.301731,0.437818,20.3678,0.8388,-0.0798,0.059784,0.729294,-3.152906,160,0.687414,2611.2745,0.116958,0
272,11.6053,8295.88,7405.279,17578.12,-5.6897753331,0.311729,0.476384,23.9391,0.7943,-0.2806,0.053674,0.691871,-1.187849,167,0.649646,2601.7974,0.110731,0
273,11.648,7958.18,7361.1724,17367.19,-6.2048091504,0.313137,0.447873,20.9257,0.8913,-0.0685,0.058141,0.698188,-2.848145,156,0.671409,2603.995,0.107923,0
274,11.6907,8021.89,7418.6331,17449.22,-5.5916717484,0.205216,0.480858,26.9705,0.8274,-0.2936,0.052997,0.674345,-6.751993,153,0.653946,2406.4789,0.116591,0
275,11.7333,8320.54,7506.0552,17730.47,-6.6559787598,0.308504,0.404092,18.1468,0.8546,-0.0574,0.065587,0.705482,-5.059985,153,0.652389,2762.6113,0.118178,0
276,11.776,8132.47,7443.9142,17636.72,-6.1475589464,0.272729,0.444489,22.1238,0.8427,-0.1804,0.05869,0.698025,-3.472955,160,0.667664,2591.1812,0.121597,0
277,11.8187,8190.78,7460.1112,17578.12,-6.5056180101,0.306472,0.419146,19.8153,0.8865,0.0087,0.062939,0.71175,-5.057244,151,0.638251,2697.3859,0.128922,0
278,11.8613,8456.83,7520.0415,17765.62,-6.7206231596,0.208855,0.413946,18.1922,0.8533,-0.0035,0.063843,0.735555,-5.501773,125,0.637323,2709.3274,0.125992,0
279,11.904,8540.15,7544.0319,17871.09,-6.8300762594,0.272533,0.390636,16.7687,0.8281,-0.0827,0.068038,0.734607,-5.411329,157,0.605196,2698.4262,0.128434,0
280,11.9467,8258.28,7477.8293,17566.41,-7.4738186383,0.196677,0.352685,13.0212,0.9113,0.1432,0.075436,0.743752,-4.516413,169,0.650183,2813.2148,0.122329,0
281,11.9893,8130.08,7384.2677,17425.78,-5.687010655,0.235282,0.481152,25.309,0.8428,-0.2108,0.052953,0.693641,-3.607193,157,0.62869,2476.9601,0.123916,0
282,12.032,8204.74,7525.3717,17601.56,-6.8193797442,0.285085,0.392817,16.8016,0.8846,-0.0118,0.067635,0.717572,-6.789348,158,0.64212,2827.4286,0.132096,0
283,12.0747,8035.55,7445.7483,17425.78,-5.9006815856,0.408738,0.462286,24.0144,0.8648,-0.1441,0.055848,0.68462,-4.937174,156,0.651489,2585.9311,0.122085,0
284,12.1173,7844.13,7329.9789,17214.84,-4.9873977515,0.271566,0.527869,38.4992,0.8304,-0.3787,0.046246,0.609252,-0.723834,148,0.679714,2212.015,0.10536,0
285,12.16,7947.63,7351.6335,17414.06,-5.0409411136,0.282543,0.522872,34.3542,0.7986,-0.4611,0.046934,0.642778,-0.949803,155,0.636675,2159.7225,0.108168,0
286,12.2027,8305.6,7436.4973,17742.19,-5.8150855258,0.252083,0.471453,24.473,0.8184,-0.2364,0.054427,0.711921,-3.791159,158,0.666592,2555.0292,0.128312,0
287,12.2453,8231.67,7495.5652,17730.47,-6.3460462627,0.230132,0.435249,20.3156,0.8413,-0.1587,0.06021,0.72276,-4.947464,147,0.638111,2589.1744,0.127945,0
288,12.288,8240.16,7409.3401,17449.22,-6.3971989846,0.235631,0.427229,21.243,0.8637,-0.0114,0.061557,0.720038,-2.448973,165,0.626112,2631.9439,0.121597,0
289,12.3307,8362.09,7439.5759,17554.69,-6.4752682903,0.26413,0.423735,18.5827,0.8501,-0.0604,0.062151,0.744368,-6.969319,135,0.648679,2687.1179,0.121231,0
290,12.3733,8103.05,7360.201,17402.34,-5.3066198637,0.270125,0.516278,31.8808,0.8052,-0.3219,0.047853,0.661434,-1.352848,165,0.645463,2333.9493,0.120742,0
291,12.416,8291.92,7498.0817,17718.75,-5.9241983673,0.342837,0.465415,23.9583,0.8115,-0.2616,0.05536,0.699067,-3.8515,149,0.649549,2490.4027,0.126236,0
292,12.4587,7936.5,7424.0059,17332.03,-6.5154126556,0.238407,0.419248,19.5032,0.923,-0.0021,0.062921,0.709748,-4.402673,174,0.656696,2880.2814,0.121719,0
293,12.5013,8217.75,7444.6898,17578.12,-6.0444182503,0.242535,0.460361,23.131,0.8496,-0.1202,0.05615,0.714,-6.959519,150,0.648433,2606.974,0.121963,0
294,12.544,8341.33,7480.4006,17695.31,-7.0616020748,0.315514,0.385801,15.4553,0.8545,0.0016,0.06894,0.737732,-7.577984,164,0.641314,2822.4247,0.128678,0
295,12.5867,8185.52,7391.56,17472.66,-6.0821872935,0.291139,0.44921,22.5277,0.8422,-0.1502,0.057925,0.699692,-2.066587,163,0.643065,2539.1144,0.124771,0
296,12.6293,8199.44,7460.6962,17566.41,-6.1261818923,0.3004,0.449909,21.5892,0.8482,-0.1163,0.057813,0.701932,-2.979623,164,0.646586,2579.3412,0.124893,0
297,12.672,8473.54,7506.3183,17777.34,-7.0368075108,0.285107,0.387529,15.3136,0.8727,0.0651,0.068616,0.740165,-5.414239,160,0.628689,2883.1218,0.124161,0
298,12.7147,8037.27,7411.4558,17132.81,-6.8690505778,0.207247,0.396028,16.8307,0.9151,0.0822,0.067046,0.723289,-5.017641,169,0.651477,2847.5064,0.120742,0
299,12.7573,8212.85,7474.1541,17589.84,-6.7592812692,0.341715,0.404678,17.4247,0.9104,0.0673,0.065482,0.721307,-7.31034,141,0.678658,2816.3417,0.121231,0
300,12.8,8199.24,7374.7467,17449.22,-5.3288523157,0.285352,0.5078,28.6989,0.8111,-0.3189,0.049051,0.67225,-3.345874,144,0.646233,2380.9773,0.125626,0
301,12.8427,8111.3,7456.5108,17425.78,-6.5724607627,0.304293,0.414687,19.529,0.8855,0.0016,0.063713,0.71558,-6.858287,155,0.656443,2918.3501,0.119277,0
302,12.8853,8337.94,7471.4373,17484.38,-6.6143691932,0.258387,0.404723,18.3787,0.8639,0.0133,0.065474,0.705119,-1.931789,162,0.651183,2719.3354,0.124405,0
303,12.928,8296.23,7503.0336,17695.31,-6.4434448919,0.281795,0.425343,18.8566,0.8403,-0.124,0.061877,0.716498,-2.397331,133,0.638203,2764.3336,0.134172,0
304,12.9707,8257.18,7504.4595,17648.44,-6.5936162677,0.288146,0.412061,17.9425,0.8582,-0.0855,0.064173,0.717445,-5.069835,144,0.624587,2794.2135,0.124893,0
305,13.0133,8041.05,7532.9277,17484.38,-6.9830545212,0.244906,0.389096,16.085,0.9236,0.0818,0.068324,0.711599,-7.30202,127,0.642528,2820.9781,0.119888,0
306,13.056,8008.96,7436.9486,17332.03,-6.5967992096,0.234174,0.417491,17.8471,0.9035,0.0104,0.063226,0.709912,-5.654598,155,0.629006,2753.3212,0.116103,0
307,13.0987,7997.07,7382.9989,17285.16,-6.0220170515,0.361165,0.456101,22.8283,0.852,-0.1436,0.056823,0.685955,-4.893555,147,0.651664,2561.1978,0.117934,0
308,13.1413,8169.9,7534.9936,17683.59,-5.987186255,0.173751,0.460967,23.8472,0.8421,-0.1944,0.056055,0.684688,-2.649327,148,0.65273,2573.9384,0.117446,0
309,13.184,8179.57,7438.7545,17578.12,-6.1740939604,0.412452,0.447605,21.7363,0.8593,-0.0783,0.058184,0.699529,-2.004582,164,0.650203,2643.6254,0.110243,0
310,13.2267,7919.99,7383.8873,17343.75,-5.6096601976,0.288669,0.487941,28.3412,0.8661,-0.1954,0.051939,0.666831,-1.221525,155,0.641821,2580.4687,0.104505,0
311,13.2693,8202.84,7457.4606,17402.34,-6.4166308039,0.273773,0.42577,20.0708,0.8581,-0.093,0.061804,0.713965,-5.258834,165,0.648489,2766.8797,0.112074,0
312,13.312,8142.42,7392.679,17484.38,-5.4557207078,0.323158,0.498716,28.1947,0.8229,-0.294,0.050358,0.666438,-4.77029,160,0.639235,2338.5482,0.124161,0
313,13.3547,8055.26,7464.7936,17554.69,-6.1167431345,0.238058,0.443825,22.9298,0.8779,-0.087,0.058798,0.689712,-6.99974,159,0.617991,2798.717,0.126114,0
314,13.3973,8162.94,7445.5966,17449.22,-6.0345345461,0.342881,0.453932,23.0333,0.8493,-0.1723,0.057168,0.692917,-4.386285,155,0.658763,2593.0247,0.121231,0
315,13.44,8152.24,7442.8469,17437.5,-5.9449482276,0.425353,0.465403,23.455,0.874,-0.0984,0.055362,0.706327,-2.792747,167,0.63153,2607.576,0.116347,0
316,13.4827,8284.92,7539.4147,17800.78,-6.9489945617,0.264436,0.387489,16.5791,0.8775,0.0266,0.068623,0.72533,-6.279861,175,0.650209,2861.9825,0.115737,0
317,13.5253,7967.3,7464.1755,17203.12,-6.3948952575,0.174203,0.428131,20.4118,0.8777,-0.0552,0.061404,0.685813,-3.493332,146,0.663599,2697.4841,0.121475,0
318,13.568,8162.9,7419.7271,17414.06,-6.0674780313,0.234265,0.457386,22.6626,0.8332,-0.1619,0.05662,0.704543,-5.450124,151,0.66955,2672.896,0.124893,0
319,13.6107,7923.47,7450.6919,17296.88,-6.5323649035,0.276449,0.42006,18.8136,0.9204,0.0348,0.062781,0.704732,-5.648673,148,0.688014,2644.2826,0.124405,0
320,13.6533,8075.59,7461.5048,17308.59,-6.6751163211,0.237056,0.408068,18.9308,0.8938,0.019,0.064878,0.716383,-3.500963,158,0.652887,2686.6608,0.116591,0
321,13.696,7765.47,7372.1313,17132.81,-5.5837770307,0.297412,0.485798,29.3539,0.8894,-0.1692,0.052257,0.652507,-1.477814,153,0.631532,2462.0605,0.108656,0
322,13.7387,8079.53,7432.3116,17531.25,-5.913275429,0.223782,0.461115,24.4525,0.8423,-0.1899,0.056032,0.680297,-4.502608,168,0.652511,2538.2845,0.111098,0
323,13.7813,8144.14,7531.8302,17601.56,-6.3100032029,0.4146,0.426794,20.561,0.8699,-0.096,0.06163,0.696222,-2.375495,156,0.658463,2689.7739,0.11708,0
324,13.824,8315.23,7443.5784,17578.12,-6.3133015968,0.243221,0.43399,20.0611,0.8344,-0.1334,0.06042,0.71603,-0.97118,153,0.667596,2707.0301,0.120498,0
325,13.8667,8075.68,7404.3162,17414.06,-6.5027562839,0.199952,0.424475,19.9941,0.9028,0.0294,0.062025,0.71974,-3.224335,162,0.646219,2595.4883,0.119155,0
326,13.9093,8096.38,7424.5716,17554.69,-5.5335858703,0.38599,0.491811,28.2734,0.8293,-0.2871,0.051367,0.674894,-4.056595,145,0.652649,2514.7272,0.115737,0
327,13.952,7896.88,7422.6861,17402.34,-5.7742564806,0.287848,0.464902,24.8255,0.8847,-0.1619,0.05544,0.679531,-4.95143,151,0.670595,2395.5014,0.113295,0
328,13.9947,8249.53,7538.5019,17753.91,-6.1426145602,0.264366,0.443298,22.5341,0.8101,-0.2311,0.058884,0.685728,-2.20517,174,0.664592,2722.1009,0.115737,0
329,14.0373,8242.19,7472.778,17648.44,-7.0075964709,0.251617,0.39189,15.6761,0.8951,0.0855,0.067806,0.734469,-6.398109,153,0.640976,2747.674,0.122574,0
330,14.08,8181.74,7371.1494,17449.22,-6.4102305272,0.241032,0.432699,19.4578,0.8767,-0.0379,0.060636,0.723136,-2.531454,149,0.647758,2652.8909,0.120376,0
331,14.1227,7827.1,7272.8733,17167.97,-5.0226285167,0.304624,0.525596,35.2612,0.8247,-0.3765,0.046558,0.627347,-1.177053,169,0.657765,2439.8387,0.10536,0
332,14.1653,8168.85,7464.7125,17554.69,-6.998394242,0.299239,0.383075,15.8171,0.905,0.0905,0.069453,0.718108,-4.591849,157,0.675123,2768.8522,0.118178,0
333,14.208,8181.36,7411.3037,17437.5,-6.6373104049,0.317496,0.41378,17.793,0.8589,-0.0967,0.063872,0.726691,-8.28167,171,0.652269,2815.5036,0.127701,0
334,14.2507,8205.29,7391.8409,17566.41,-5.6439107227,0.301237,0.484572,26.1836,0.8233,-0.2458,0.05244,0.695934,-7.134772,159,0.640934,2499.7885,0.117324,0
335,14.2933,8278.27,7401.2086,17542.97,-6.0867229619,0.225346,0.455133,21.8812,0.827,-0.1324,0.056977,0.702747,-1.094453,149,0.632311,2804.2204,0.118789,0
336,14.336,8086.61,7482.1883,17402.34,-6.8537410897,0.215304,0.400094,17.7944,0.9054,0.0473,0.066306,0.724485,-1.887908,157,0.644524,2846.4621,0.117812,0
337,14.3787,8030.55,7328.0095,17378.91,-5.8352363067,0.295549,0.469812,25.1567,0.8466,-0.1768,0.054679,0.693736,-2.951972,157,0.662482,2481.7108,0.115615,0
338,14.4213,8155.38,7421.1331,17566.41,-6.2975074088,0.212683,0.444187,22.0067,0.855,-0.0994,0.058739,0.709311,-2.266657,157,0.641355,2649.3591,0.123306,0
339,14.464,8300.01,7433.9045,17449.22,-6.7946476076,0.204612,0.410068,17.698,0.8793,0.0409,0.064524,0.739898,-4.499018,160,0.636594,2781.7498,0.129166,0
340,14.5067,8171.93,7498.5489,17531.25,-6.7429862382,0.243133,0.403979,17.9455,0.8938,0.0311,0.065607,0.71754,-4.52769,134,0.645473,2753.831,0.124283,0
341,14.5493,8026.69,7357.7306,17203.12,-6.4317971119,0.370032,0.428446,19.9324,0.9057,0.0357,0.061351,0.712411,-4.94575,153,0.652665,2814.1036,0.114272,0
342,14.592,8103.49,7438.7536,17589.84,-6.004265295,0.290282,0.463766,24.7057,0.8407,-0.2006,0.055617,0.692279,-2.723606,152,0.654821,2585.9661,0.109877,0
343,14.6347,8446.28,7562.5806,17835.94,-6.9451231564,0.300811,0.390779,16.3451,0.8514,-0.0344,0.068011,0.726616,-2.183614,145,0.646868,2707.4473,0.124283,0
344,14.6773,8026.83,7406.742,17320.31,-6.1460001355,0.158822,0.452955,23.0685,0.8791,-0.073,0.057324,0.693269,-6.524577,149,0.639248,2692.5875,0.125504,0
345,14.72,7999.72,7493.9064,17414.06,-6.0793800622,0.22844,0.449712,22.3018,0.8542,-0.1968,0.057844,0.692644,-3.799289,135,0.642423,2674.7939,0.114272,0
346,14.7627,8079.49,7499.4185,17578.12,-6.8117052112,0.305612,0.400678,17.4114,0.899,0.0103,0.066201,0.709191,-2.458025,143,0.662313,2656.7355,0.118056,0
347,14.8053,8258.5,7467.9172,17636.72,-6.5789889256,0.319998,0.419446,18.8233,0.8627,-0.0213,0.062887,0.716465,-5.388525,151,0.64042,2589.3903,0.115493,0
348,14.848,7647.26,7348.718,17027.34,-5.8925156866,0.311186,0.462185,25.4142,0.9302,-0.0664,0.055864,0.664025,-2.719964,154,0.658322,2360.3413,0.111098,0
349,14.8907,7745.1,7362.9147,17097.66,-5.8800939682,0.34217,0.462896,24.3323,0.9468,-0.0299,0.055753,0.676538,-1.143075,162,0.674084,2576.9275,0.107313,0
350,14.9333,7810.67,7290.2512,17214.84,-5.2267657001,0.211751,0.51371,31.2318,0.8335,-0.3737,0.048214,0.648059,-2.587082,145,0.696349,2126.1864,0.113906,0
351,14.976,8368.78,7462.5151,17367.19,-6.6913476444,0.240379,0.409939,18.3228,0.8671,0.04,0.064547,0.726452,-4.314538,154,0.698629,2769.9969,0.127945,0
352,15.0187,8147.86,7492.8576,17390.62,-6.8899288118,0.24443,0.395311,17.169,0.8936,0.0439,0.067177,0.724182,-5.060854,161,0.647527,2747.9721,0.132829,0
353,15.0613,8326.92,7556.6681,17753.91,-6.7611906424,0.279182,0.402337,16.8677,0.862,-0.0493,0.065902,0.723521,-4.366444,146,0.631214,2738.3631,0.125259,0
354,15.104,8158.03,7395.0065,17285.16,-6.5962053637,0.308211,0.410101,18.4497,0.9045,0.0671,0.064518,0.726982,-4.852226,152,0.637904,2620.7207,0.119155,0
355,15.1467,8192.46,7418.3168,17402.34,-6.3514457796,0.40403,0.430816,19.5821,0.869,-0.0757,0.060951,0.708862,-3.385153,163,0.645118,2684.3929,0.121841,0
356,15.1893,8097.01,7411.0502,17437.5,-5.8627243399,0.271203,0.463826,23.228,0.8225,-0.2562,0.055607,0.693201,-5.410374,145,0.632824,2565.1191,0.115737,0
357,15.232,7954.79,7420.4648,17320.31,-6.3029700478,0.288803,0.437345,20.8983,0.9177,0.0085,0.059863,0.704905,-6.284546,161,0.64236,2634.1621,0.116347,0
358,15.2747,8173.35,7430.6573,17437.5,-6.6557047138,0.232891,0.410209,18.4534,0.8981,0.0267,0.064499,0.722513,-4.048385,168,0.637448,2835.9433,0.115737,0
359,15.3173,8278.57,7396.0347,17308.59,-7.3665402201,0.352152,0.36152,14.8154,0.921,0.2328,0.073645,0.737225,-5.254331,176,0.662413,2934.1055,0.118667,0
360,15.36,7925.28,7463.5945,17449.22,-6.5605230273,0.250213,0.413208,18.4222,0.9131,-0.0048,0.063972,0.693285,-3.91528,163,0.694939,2556.7508,0.130509,0
361,15.4027,8231.6,7479.2128,17660.16,-6.4553383684,0.294028,0.422762,18.5731,0.866,-0.0586,0.062317,0.72025,-4.362737,158,0.660824,2614.047,0.127091,0
362,15.4453,8187.93,7475.7132,17578.12,-6.2237500038,0.328246,0.441984,21.222,0.8415,-0.1665,0.059099,0.692057,-7.729728,142,0.65104,2705.3214,0.127701,0
363,15.488,8363.28,7545.2365,17765.62,-6.9166062528,0.361257,0.385864,15.7821,0.881,0.0458,0.068928,0.725137,-4.772919,140,0.659668,2824.7929,0.127579,0
364,15.5307,7917.54,7413.5599,17191.41,-6.1087425744,0.201874,0.447686,22.7002,0.9107,-0.0092,0.058171,0.69672,-3.219156,173,0.653627,2535.1889,0.12062,0
365,15.5733,8185.14,7409.7213,17320.31,-6.4944659309,0.249278,0.426552,19.2825,0.8864,0.0067,0.061671,0.719786,-4.380383,145,0.653501,2735.2952,0.119155,0
366,15.616,8007.66,7368.5698,17273.44,-6.024492332,0.323543,0.453521,22.8401,0.8665,-0.111,0.057234,0.685778,-4.645019,168,0.652525,2652.236,0.11769,0
367,15.6587,7971.91,7473.7926,17332.03,-6.0414538257,0.199486,0.45193,22.9569,0.8759,-0.1091,0.057488,0.677012,-3.255193,150,0.646969,2713.3703,0.110975,0
368,15.7013,8134.86,7385.1032,17425.78,-5.8678062894,0.380081,0.470584,24.893,0.8383,-0.1997,0.05456,0.692461,-4.243178,146,0.670958,2461.3093,0.109022,0
369,15.744,8211.17,7508.0525,17589.84,-6.5674915911,0.285692,0.420365,17.9335,0.8611,-0.0838,0.062729,0.708527,-4.907369,137,0.642677,2624.7832,0.124893,0
370,15.7867,8192.86,7491.4471,17484.38,-6.6190709546,0.287123,0.409324,18.6387,0.8827,0.0083,0.064655,0.71045,-3.364919,167,0.653754,2784.2263,0.128922,0
371,15.8293,8143.93,7470.5974,17683.59,-7.019517297,0.199527,0.383767,16.0441,0.908,0.0582,0.069322,0.724634,-7.029266,157,0.643228,2872.1414,0.118423,0
372,15.872,7905.27,7473.7269,17390.62,-6.2152148575,0.248593,0.438753,21.5735,0.8961,-0.0617,0.05963,0.689555,-7.860829,162,0.642017,2672.9734,0.113783,0
373,15.9147,8085.16,7427.281,17542.97,-5.5083615115,0.140514,0.498269,29.0188,0.81,-0.3066,0.050423,0.649832,-6.629934,171,0.65823,2430.4773,0.111342,0
374,15.9573,8161.21,7440.2576,17367.19,-6.4080002951,0.220058,0.428085,20.2705,0.8695,-0.0409,0.061412,0.701453,-3.341983,176,0.618988,2747.8149,0.115737,0
375,16.0,8027.42,7464.1365,17496.09,-6.1809181215,0.292134,0.443795,20.7326,0.8716,-0.155,0.058803,0.69731,-2.384283,140,0.646019,2607.2647,0.121597,0
376,16.0427,8017.88,7386.0284,17285.16,-6.133500103,0.356502,0.44284,21.7312,0.8604,-0.136,0.058959,0.694489,-5.279631,154,0.640939,2689.7999,0.112318,0
377,16.0853,7604.94,7214.1812,16722.66,-5.6785720713,0.309659,0.483333,28.5214,0.9274,-0.0273,0.052626,0.647626,-3.877504,151,0.646505,2459.4382,0.095715,0
378,16.128,7933.58,7420.0892,17390.62,-5.8387694814,0.360632,0.465666,24.672,0.8663,-0.1873,0.055321,0.679481,-2.897427,182,0.662586,2526.747,0.104871,0
379,16.1707,7991.0,7388.1721,17238.28,-6.5636920351,0.3074,0.422668,19.5871,0.93,0.1154,0.062333,0.703894,-6.08237,150,0.638865,2777.789,0.122207,0
380,16.2133,7924.91,7374.1578,16968.75,-5.8169475647,0.350383,0.465045,25.3601,0.8916,-0.0562,0.055417,0.673011,-3.183267,163,0.636307,2529.3028,0.115126,0
381,16.256,7933.04,7414.8021,17261.72,-5.9395500469,0.327356,0.457725,22.894,0.8733,-0.114,0.056566,0.665426,-4.057031,158,0.666809,2606.2629,0.109144,0
382,16.2987,7983.16,7467.0948,17601.56,-6.2667558875,0.211644,0.437674,21.0844,0.853,-0.1827,0.059808,0.67781,-4.5421,146,0.630977,2692.2627,0.111952,0
383,16.3413,8098.25,7355.5613,17378.91,-5.5484265101,0.505081,0.48996,27.2974,0.8212,-0.2813,0.05164,0.667447,-1.60916,140,0.664696,2466.546,0.110365,0
384,16.384,7935.94,7418.9646,17250.0,-6.4269832795,0.257266,0.426404,19.9105,0.9056,0.0129,0.061696,0.690757,-2.73984,141,0.63959,2606.2974,0.106458,0
385,16.4267,8061.46,7430.2435,17414.06,-6.1886944808,0.314998,0.437171,21.1634,0.8466,-0.1403,0.059891,0.686549,-8.373586,145,0.657648,2634.4342,0.118667,0
386,16.4693,8281.46,7457.0281,17472.66,-6.395996107,0.336231,0.426313,20.1138,0.851,-0.0821,0.061712,0.710867,-3.223583,153,0.647222,2610.1629,0.133195,0
387,16.512,8171.37,7469.6858,17601.56,-6.0538829954,0.281932,0.447064,21.3261,0.8404,-0.2105,0.058272,0.708596,-3.24724,161,0.645883,2596.4161,0.124771,0
388,16.5547,8382.21,7537.2572,17636.72,-7.3514511896,0.386361,0.358946,14.3865,0.8999,0.1265,0.074162,0.737175,-6.23947,156,0.67103,2882.5245,0.11769,0
389,16.5973,8081.92,7431.6903,17320.31,-6.3288307841,0.235438,0.435388,20.4384,0.8752,-0.0423,0.060187,0.704111,-4.936398,153,0.616621,2499.2327,0.121475,0
390,16.64,8079.81,7402.9108,17332.03,-6.8925621186,0.199983,0.38868,16.6742,0.9064,0.1054,0.068401,0.716993,-5.427996,157,0.64566,2962.8736,0.121597,0
391,16.6827,8103.34,7308.0346,17191.41,-6.5057177812,0.25459,0.430434,20.169,0.8875,0.0351,0.061016,0.72273,-4.476379,151,0.658123,2699.9919,0.121841,0
392,16.7253,8145.06,7465.3974,17496.09,-6.3011365227,0.375204,0.433922,21.129,0.8656,-0.0862,0.060431,0.70106,-3.747923,162,0.63728,2791.6765,0.122085,0
393,16.768,8317.7,7467.2404,17707.03,-5.8138070059,0.175014,0.465974,23.7655,0.8184,-0.186,0.055273,0.695896,-2.107155,144,0.642614,2543.5435,0.122451,0
394,16.8107,8254.78,7417.9644,17425.78,-6.4041017819,0.203178,0.429895,20.0238,0.8562,-0.028,0.061106,0.718838,-4.172462,151,0.625607,2787.3005,0.126969,0
395,16.8533,8280.48,7480.4615,17683.59,-6.4572961523,0.206482,0.418942,19.1125,0.8408,-0.1286,0.062974,0.714452,-3.236519,155,0.660445,2835.0977,0.122696,0
396,16.896,8150.09,7477.8831,17542.97,-6.7866831898,0.288779,0.399265,17.1741,0.9115,0.0346,0.066457,0.721318,-6.325819,149,0.64372,2866.5866,0.122085,0
397,16.9387,8024.24,7479.5787,17449.22,-6.2918298964,0.282959,0.434765,21.0904,0.8696,-0.0918,0.060291,0.698925,-3.443189,174,0.633799,2756.7478,0.125992,0
398,16.9813,8082.33,7471.0219,17425.78,-7.2570096809,0.240056,0.371848,14.7432,0.9104,0.0892,0.071606,0.72594,-4.762017,163,0.651976,2667.6466,0.120986,0
399,17.024,8234.29,7439.0201,17625.0,-6.6724276906,0.266428,0.409133,17.7235,0.8751,-0.01,0.064689,0.714298,-1.834656,160,0.62538,2780.4194,0.123306,0
400,17.0667,8244.03,7503.9325,17636.72,-6.4229024341,0.298079,0.426671,19.0876,0.839,-0.1604,0.061651,0.718677,-4.398654,151,0.637325,2728.4462,0.125382,0
401,17.1093,8216.28,7408.6064,17437.5,-6.5163654758,0.215326,0.421337,19.2968,0.8583,-0.0839,0.062562,0.726856,-5.16635,149,0.639961,2699.5808,0.122329,0
402,17.152,8070.92,7445.4691,17507.81,-7.1223369497,0.307489,0.376778,15.379,0.9229,0.1069,0.070652,0.719098,-4.047135,159,0.646287,2756.7923,0.119766,0
403,17.1947,7983.73,7394.4747,17390.62,-6.3145431107,0.415453,0.435232,21.5438,0.8955,-0.0317,0.060213,0.690511,-4.762042,177,0.670354,2530.9851,0.119521,0
404,17.2373,8311.16,7495.8685,17648.44,-7.127368486,0.281723,0.37539,14.896,0.8731,0.0484,0.07092,0.728653,-5.433553,170,0.667089,2730.3916,0.127823,0
405,17.28,8219.63,7418.2868,17437.5,-7.3852941103,0.232964,0.363364,13.7207,0.927,0.2326,0.073276,0.738084,-2.825525,171,0.624301,2828.3859,0.127091,0
406,17.3227,8156.86,7519.6031,17472.66,-6.9340690597,0.26585,0.391287,15.7777,0.866,-0.0305,0.067917,0.711598,-5.631648,158,0.62288,2812.6539,0.123306,0
407,17.3653,8299.99,7421.885,17449.22,-6.1114871428,0.282375,0.459045,21.4772,0.8387,-0.1477,0.056357,0.724669,-4.183525,158,0.636849,2626.966,0.129777,0
408,17.408,8086.85,7492.6233,17578.12,-6.5722102819,0.29358,0.4178,18.668,0.9133,0.033,0.063172,0.714952,-3.891569,174,0.623558,2766.5785,0.118911,0
409,17.4507,7875.39,7419.8703,17250.0,-6.1155413113,0.305578,0.441065,22.3167,0.8998,-0.0559,0.05925,0.674406,-2.406959,151,0.657642,2585.6281,0.10304,0
410,17.4933,8090.72,7450.8145,17519.53,-6.5211485131,0.347779,0.417658,19.3188,0.892,0.0024,0.063196,0.701892,-8.288047,126,0.644335,2597.4524,0.113539,0
411,17.536,8157.77,7469.86,17519.53,-6.7993404341,0.355333,0.398124,17.048,0.8998,0.043,0.066664,0.721459,-3.90828,175,0.630589,2847.0904,0.125259,0
412,17.5787,8106.05,7496.8991,17390.62,-7.0808295467,0.172454,0.382006,16.03,0.895,0.0615,0.069655,0.715133,-4.11051,147,0.662054,2780.1168,0.124527,0
413,17.6213,8109.5,7503.0491,17566.41,-6.3308381505,0.365712,0.431475,20.1169,0.8634,-0.109,0.060841,0.684313,-4.269391,145,0.630891,2605.2436,0.126114,0
414,17.664,8307.07,7540.4194,17765.62,-6.6765996017,0.265384,0.413973,18.2564,0.8648,-0.0485,0.063838,0.722301,-5.44248,143,0.652474,2620.6654,0.122207,0
415,17.7067,8175.75,7374.875,17460.94,-5.7275224859,0.234111,0.478686,26.3232,0.8364,-0.1844,0.053325,0.68616,-1.392337,150,0.650135,2585.1259,0.118911,0
416,17.7493,8099.88,7446.507,17320.31,-6.5356324335,0.284197,0.420064,19.2165,0.8885,0.0247,0.062781,0.70923,-3.712049,142,0.669195,2682.9775,0.12587,0
417,17.792,8049.86,7420.4124,17460.94,-5.8306660852,0.272052,0.46871,24.8638,0.8456,-0.2049,0.054849,0.679001,-2.055495,153,0.66459,2583.8782,0.123306,0
418,17.8347,8181.58,7526.6414,17554.69,-6.351673364,0.222194,0.432503,20.0602,0.8604,-0.1048,0.060669,0.705568,-6.803289,165,0.673881,2610.5651,0.121841,0
419,17.8773,8059.87,7416.3066,17531.25,-5.9646385476,0.279442,0.46462,24.2384,0.873,-0.1473,0.055484,0.705492,-2.528205,143,0.626371,2523.1503,0.12294,0
420,17.92,8024.59,7429.3363,17496.09,-6.1583433478,0.264477,0.445534,21.2903,0.8708,-0.1308,0.05852,0.687189,-6.892124,153,0.661472,2616.9789,0.110975,0
421,17.9627,8177.73,7407.2868,17437.5,-5.3547917333,0.202932,0.504832,29.4245,0.8087,-0.2966,0.049475,0.647772,-7.090862,156,0.660169,2357.1134,0.113783,0
422,18.0053,8251.06,7466.3952,17671.88,-6.1927148118,0.363336,0.448176,21.9066,0.8458,-0.1166,0.058092,0.704652,-2.714865,179,0.655085,2687.1311,0.127335,0
423,18.048,8286.02,7377.2054,17390.62,-6.2102715142,0.258555,0.452324,21.1661,0.8385,-0.1053,0.057425,0.718556,-4.092368,154,0.631984,2758.0611,0.125626,0
424,18.0907,7917.3,7329.0276,17238.28,-5.4019468897,0.285748,0.501738,31.3834,0.8447,-0.2809,0.049921,0.659452,-2.895234,174,0.643611,2354.5708,0.114028,0
425,18.1333,8189.35,7465.119,17718.75,-5.3470930807,0.291953,0.505299,30.2239,0.8211,-0.3015,0.049409,0.66591,-5.587181,152,0.643447,2322.0677,0.110487,0
426,18.176,8365.28,7515.7053,17742.19,-6.5981033911,0.338168,0.417282,18.4757,0.8499,-0.0812,0.063262,0.720036,-2.443018,171,0.648099,2799.2843,0.120864,0
427,18.2187,8099.99,7429.6095,17378.91,-5.9163095459,0.204912,0.466871,23.4519,0.8201,-0.2433,0.055134,0.691647,-4.475546,166,0.621069,2540.1106,0.123428,0
428,18.2613,8048.41,7439.5212,17449.22,-5.9738128917,0.398201,0.456627,24.2898,0.8648,-0.1561,0.05674,0.695245,-7.371516,162,0.64234,2649.336,0.117324,0
429,18.304,8003.69,7414.5823,17296.88,-6.4181548461,0.250416,0.427229,20.5661,0.9195,0.0689,0.061557,0.709425,-5.386572,134,0.664987,2567.7546,0.119766,0
430,18.3467,8209.43,7469.2739,17554.69,-6.0019436139,0.271168,0.453355,22.7019,0.815,-0.2337,0.05726,0.699743,-4.323666,166,0.657136,2516.6363,0.118545,0
431,18.3893,8167.17,7400.8741,17648.44,-6.1693199073,0.321942,0.449787,21.8803,0.8688,-0.0604,0.057832,0.713834,-4.026331,142,0.653997,2584.0736,0.11183,0
432,18.432,8043.3,7432.1404,17425.78,-6.1282742112,0.172979,0.443549,21.1006,0.8536,-0.1352,0.058843,0.690144,-6.844344,139,0.642427,2542.8098,0.11708,0
433,18.4747,8050.15,7489.7345,17414.06,-6.6500390714,0.264516,0.408358,18.0246,0.8924,-0.0012,0.064826,0.687361,-6.676714,171,0.656007,2720.4908,0.118423,0
434,18.5173,8052.31,7439.4602,17273.44,-7.0233550121,0.267746,0.384124,16.2937,0.938,0.1568,0.069255,0.720138,-4.126811,160,0.6413,2836.3623,0.114272,0
435,18.56,8105.62,7461.0044,17449.22,-6.9199468109,0.201843,0.392402,16.2883,0.9155,0.089,0.067711,0.722254,-3.747275,156,0.650076,2769.548,0.113783,0
436,18.6027,8208.62,7478.9817,17636.72,-6.1389471345,0.365961,0.451982,21.987,0.8385,-0.1607,0.05748,0.695562,-4.532702,157,0.63491,2650.4655,0.122329,0
437,18.6453,8116.53,7543.3156,17449.22,-6.5630443193,0.325198,0.411717,19.0,0.8623,-0.104,0.064234,0.695893,-5.059937,162,0.65844,2818.8276,0.123428,0
438,18.688,8069.79,7385.8208,17484.38,-5.4329513666,0.343993,0.502836,29.226,0.8234,-0.3202,0.049762,0.683493,-2.484336,164,0.660994,2456.005,0.116958,0
439,18.7307,8155.31,7539.79,17742.19,-6.7884940452,0.252112,0.397427,16.9378,0.9,0.0101,0.06679,0.719575,-3.329396,159,0.670923,2719.4864,0.120986,0
440,18.7733,8249.91,7452.8204,17519.53,-6.7490070486,0.200413,0.40313,16.3632,0.8791,0.0282,0.065759,0.723184,-6.386543,166,0.675448,2658.9447,0.125015,0
441,18.816,8365.54,7491.8088,17625.0,-6.9571627496,0.244078,0.393006,16.3346,0.8594,-0.0062,0.0676,0.730581,-3.887497,165,0.657215,2747.7351,0.125748,0
442,18.8587,8086.94,7483.3428,17460.94,-6.8436139297,0.294068,0.402902,17.5495,0.8889,-0.0023,0.0658,0.715429,-3.277754,149,0.624657,2905.7925,0.118056,0
443,18.9013,7841.4,7422.4589,17273.44,-6.3442821369,0.271905,0.430002,20.9634,0.9116,-0.0412,0.061088,0.690103,-7.3108,164,0.641789,2541.1006,0.110975,0
444,18.944,7967.42,7329.2331,17261.72,-6.0223015144,0.27855,0.458618,23.3538,0.8829,-0.0904,0.056425,0.683563,-1.283789,151,0.670693,2662.668,0.115493,0
445,18.9867,8211.84,7339.6376,17460.94,-5.9545958917,0.215589,0.470583,23.5328,0.8481,-0.1266,0.054561,0.714474,-5.254233,159,0.645914,2488.374,0.121475,0
446,19.0293,8084.29,7322.3735,17460.94,-5.4413039556,0.271838,0.500965,29.6639,0.7905,-0.3761,0.050032,0.677429,-2.151903,156,0.651624,2265.2977,0.123306,0
447,19.072,8029.0,7442.4285,17378.91,-6.9406843231,0.193968,0.390623,16.387,0.9299,0.1131,0.06804,0.71662,-5.547876,165,0.672975,2785.2204,0.125992,0
448,19.1147,8114.14,7489.1133,17531.25,-6.8134625169,0.174652,0.403716,16.8916,0.9027,0.0359,0.065654,0.713385,-3.394284,159,0.658368,2754.1019,0.120742,0
449,19.1573,8073.56,7455.4452,17519.53,-6.1541200444,0.321542,0.449321,22.9583,0.878,-0.1029,0.057907,0.69792,-8.353473,158,0.665089,2570.6253,0.113906,0
450,19.2,8179.62,7472.2122,17554.69,-6.8421132466,0.249277,0.4023,17.4334,0.8855,0.0017,0.065908,0.726481,-4.90957,149,0.655105,2782.1612,0.117446,0
451,19.2427,8080.52,7422.8206,17648.44,-5.7585359938,0.246684,0.475629,25.4684,0.8651,-0.1674,0.053789,0.694794,-1.208167,149,0.649354,2524.5033,0.116469,0
452,19.2853,8370.66,7560.4741,17906.25,-7.1490547335,0.312108,0.375799,15.0403,0.8822,0.0379,0.070841,0.735256,-7.221006,152,0.630359,2837.1995,0.126847,0
453,19.328,8150.76,7474.3939,17554.69,-6.786000125,0.336081,0.396573,16.8418,0.8961,0.016,0.066946,0.714146,-5.494089,174,0.669506,2881.1071,0.13173,0
454,19.3707,8473.95,7565.1273,17765.62,-6.8254550139,0.231011,0.402594,16.7052,0.8087,-0.1085,0.065856,0.723744,-5.412902,153,0.660745,2560.066,0.120376,0
455,19.4133,8217.34,7455.0298,17320.31,-6.5945186451,0.314342,0.422135,19.298,0.8781,-0.0175,0.062425,0.727503,-6.818098,158,0.643688,2725.3416,0.121109,0
456,19.456,8205.04,7460.5793,17507.81,-6.8156981068,0.283646,0.405569,17.6135,0.8951,0.0131,0.065323,0.735874,-4.836041,149,0.613151,2785.8414,0.127091,0
457,19.4987,8137.69,7466.6757,17648.44,-6.2847974117,0.287786,0.43973,21.0889,0.8708,-0.1005,0.059469,0.703099,-7.923531,154,0.649573,2470.0964,0.120254,0
458,19.5413,8234.57,7481.6122,17625.0,-5.9423806542,0.405755,0.464091,23.9766,0.7978,-0.2854,0.055566,0.677015,-6.842854,147,0.623759,2577.8197,0.108778,0
459,19.584,7787.18,7376.0374,17156.25,-5.3772694791,0.401222,0.49474,29.7128,0.8765,-0.2172,0.050937,0.628347,-1.343352,147,0.643969,2445.9715,0.11183,0
460,19.6267,8262.74,7573.9706,17707.03,-6.731882101,0.330581,0.407662,17.6158,0.866,-0.0358,0.06495,0.710682,-4.958961,153,0.677264,2748.2953,0.114394,0
461,19.6693,7840.91,7432.7507,17250.0,-6.6526750141,0.272718,0.409347,19.8299,0.9264,0.0411,0.064651,0.691317,-5.169035,134,0.646985,2722.1863,0.114516,0
462,19.712,8205.07,7485.4236,17730.47,-6.3007629586,0.208833,0.437321,20.1152,0.8317,-0.1916,0.059867,0.703786,-1.48186,165,0.664682,2726.7505,0.117202,0
463,19.7547,8138.52,7542.2627,17507.81,-6.5512210205,0.309363,0.41605,18.522,0.8793,-0.0421,0.063476,0.704726,-7.619183,149,0.668015,2742.5238,0.121841,0
464,19.7973,8322.27,7513.6628,17613.28,-6.6673326397,0.309804,0.4059,17.9548,0.8694,0.0079,0.065264,0.716464,-3.254115,159,0.692284,2725.5946,0.124283,0
465,19.84,8202.53,7478.2256,17484.38,-6.8441960821,0.304561,0.396461,16.1844,0.8867,0.0161,0.066967,0.717769,-5.890546,159,0.663076,2660.7275,0.120498,0
466,19.8827,7998.94,7468.3286,17542.97,-6.3814251128,0.238207,0.423397,20.1409,0.8883,-0.1045,0.062209,0.706261,-3.550979,172,0.658928,2627.4259,0.11708,0
467,19.9253,8026.48,7428.4277,17378.91,-6.1076916407,0.318034,0.45574,23.0118,0.8708,-0.1258,0.05688,0.694828,-7.280168,138,0.646302,2478.2761,0.111342,0
468,19.968,8153.55,7411.2383,17507.81,-6.1471391565,0.302018,0.447785,22.2695,0.8447,-0.1537,0.058155,0.700164,-5.132585,140,0.638756,2677.2456,0.116591,0
469,20.0107,8388.8,7423.8077,17648.44,-5.8406924963,0.267345,0.46966,24.2689,0.7852,-0.2597,0.054703,0.699116,-3.201984,153,0.668097,2533.2712,0.12062,0
470,20.0533,8243.8,7511.5549,17542.97,-6.8798700709,0.279479,0.398181,17.1455,0.8952,0.0736,0.066653,0.727157,-5.945005,152,0.653434,2778.9202,0.121841,0
471,20.096,8350.57,7479.7868,17718.75,-6.3581706256,0.324493,0.430859,19.6939,0.8374,-0.1462,0.060944,0.71806,-5.808116,152,0.652891,2828.6742,0.121475,0
472,20.1387,7953.76,7425.2895,17285.16,-6.3991113594,0.410491,0.432364,20.4824,0.9151,0.007,0.060692,0.702721,-4.990868,171,0.668884,2593.1051,0.111464,0
473,20.1813,7797.42,7414.7344,17273.44,-5.9584483883,0.450934,0.452598,23.5513,0.9178,-0.0916,0.057381,0.675559,-1.509648,164,0.642855,2576.3074,0.109144,0
474,20.224,8113.6,7519.1321,17554.69,-6.8204440666,0.285591,0.396548,17.2486,0.8764,-0.0404,0.066951,0.709816,-4.970362,159,0.670091,2737.4974,0.114638,0
475,20.2667,8231.73,7482.597,17601.56,-6.3360366523,0.198606,0.443761,20.687,0.8443,-0.1252,0.058808,0.727988,-4.252529,145,0.643563,2660.0359,0.125015,0
476,20.3093,8390.52,7463.8115,17613.28,-6.8037134738,0.306826,0.40428,16.5369,0.8772,0.0397,0.065553,0.734764,-6.840511,151,0.646739,2881.9372,0.124405,0
477,20.352,8044.64,7419.1258,17390.62,-5.5330017471,0.533501,0.481549,28.2981,0.823,-0.2571,0.052893,0.638971,-3.476735,155,0.66224,2597.1866,0.114516,0
478,20.3947,8184.92,7474.2358,17578.12,-6.265002126,0.3138,0.438841,20.8373,0.861,-0.1003,0.059615,0.713296,-3.678438,151,0.678044,2544.4782,0.122207,0
479,20.4373,8416.92,7590.114,17906.25,-7.1423147671,0.293128,0.373808,14.8187,0.8749,0.0172,0.071225,0.734838,-5.078612,152,0.65773,2729.2308,0.129044,0
480,20.48,8098.51,7387.5699,17601.56,-5.2185977667,0.33214,0.513666,30.5068,0.8211,-0.373,0.04822,0.667032,-2.760834,157,0.672939,2365.0021,0.110609,0
481,20.5227,7969.23,7429.9973,17449.22,-5.9523425655,0.354968,0.454811,24.1519,0.8679,-0.1607,0.057028,0.68063,-7.665089,173,0.650643,2602.1637,0.109755,0
482,20.5653,8265.07,7420.5361,17472.66,-6.3830137503,0.172355,0.435203,20.4143,0.8708,-0.0113,0.060218,0.71707,-3.538174,164,0.633909,2803.7046,0.122085,0
483,20.608,8368.89,7554.1843,17671.88,-7.0117651714,0.223559,0.387052,15.6347,0.8635,-0.0009,0.068705,0.73288,-5.459405,159,0.635275,2783.2706,0.123794,0
484,20.6507,7910.13,7370.9245,17285.16,-5.7925826433,0.289139,0.47761,26.1408,0.8689,-0.1865,0.053488,0.674783,-1.620925,154,0.636546,2425.6434,0.123062,0
485,20.6933,8188.01,7451.339,17390.62,-6.8653074553,0.190462,0.400411,16.831,0.9084,0.1198,0.066249,0.715625,-3.376663,146,0.666526,2642.3525,0.118301,0
486,20.736,8350.18,7518.7239,17683.59,-7.4063930122,0.235051,0.360625,13.3974,0.8933,0.0936,0.073824,0.743398,-6.173933,157,0.621946,2853.1824,0.118423,0
487,20.7787,8232.29,7549.4774,17660.16,-6.3089756673,0.256368,0.436012,20.9379,0.852,-0.1278,0.060084,0.715705,-5.552754,150,0.643888,2700.8436,0.124649,0
488,20.8213,8176.88,7498.1834,17554.69,-6.7291927045,0.277939,0.411328,17.6545,0.8706,-0.0313,0.064302,0.718846,-5.531006,144,0.62692,2927.7553,0.126602,0
489,20.864,8317.7,7453.7771,17578.12,-6.2335850358,0.295748,0.443624,21.0535,0.8461,-0.0876,0.058831,0.712556,-3.450992,165,0.623322,2645.5786,0.117446,0
490,20.9067,7899.7,7360.1441,17355.47,-5.5107366107,0.370985,0.491044,28.1533,0.8522,-0.2448,0.05148,0.658378,-1.86492,176,0.630376,2388.9128,0.112807,0
491,20.9493,8076.66,7474.9721,17484.38,-6.8185029211,0.216453,0.400885,17.5535,0.904,0.0507,0.066163,0.702236,-5.186874,155,0.672048,2788.3936,0.115859,0
492,20.992,8173.86,7524.2532,17625.0,-6.6182866302,0.211509,0.408904,18.5174,0.8859,-0.0117,0.06473,0.715737,-5.332852,146,0.662563,2855.8921,0.116347,0
493,21.0347,8140.74,7448.8592,17414.06,-6.056255894,0.271565,0.452927,23.602,0.8567,-0.1131,0.057329,0.688149,-4.799167,139,0.656351,2492.2516,0.117446,0
494,21.0773,8110.41,7378.1851,17308.59,-5.4487332491,0.311274,0.500174,27.8652,0.8257,-0.2612,0.050146,0.676011,-3.63207,163,0.649809,2397.8718,0.120132,0
495,21.12,8047.24,7490.1122,17484.38,-6.4087627986,0.149977,0.432491,20.1801,0.8615,-0.1098,0.06067,0.692965,-6.358024,157,0.639048,2743.3923,0.120498,0
496,21.1627,8274.34,7570.9898,17882.81,-6.7920945748,0.325,0.401881,17.3182,0.8626,-0.061,0.065984,0.717965,-3.866066,140,0.64675,2810.2483,0.129777,0
497,21.2053,8329.26,7529.0239,17718.75,-7.2618083713,0.307683,0.373238,13.9019,0.8858,0.081,0.071336,0.741913,-6.634271,146,0.624921,2821.1035,0.128556,0
498,21.248,8080.88,7503.475,17542.97,-7.0245520124,0.266766,0.382481,16.5848,0.9211,0.1123,0.069565,0.718843,-6.282898,133,0.614379,2823.49,0.113783,0
499,21.2907,8118.92,7458.7896,17554.69,-6.0879562956,0.173663,0.450008,22.7931,0.8443,-0.1884,0.057797,0.701814,-4.600163,162,0.663525,2816.6909,0.113539,0
500,21.3333,7932.08,7480.9776,17414.06,-5.8882158376,0.310856,0.462698,23.8967,0.8557,-0.2037,0.055784,0.678526,-10.742526,126,0.655614,2524.7836,0.115493,0
501,21.376,8225.1,7503.9964,17519.53,-6.3269394872,0.311842,0.431506,20.6256,0.8666,-0.0714,0.060836,0.714285,-6.379647,144,0.649532,2793.0261,0.116591,0
502,21.4187,8199.46,7477.9118,17648.44,-6.3496661473,0.344569,0.431422,20.3777,0.8703,-0.0788,0.06085,0.709447,-4.773839,138,0.614891,2744.8237,0.117324,0
503,21.4613,8112.43,7433.029,17519.53,-5.8207338408,0.317693,0.469752,24.1883,0.8288,-0.2705,0.054689,0.687117,-4.250108,136,0.64684,2496.7115,0.115248,0
504,21.504,7868.51,7447.2125,17343.75,-6.1065367558,0.251539,0.437039,22.1018,0.9151,-0.0402,0.059913,0.675497,-8.828653,143,0.635285,2615.1607,0.118667,0
505,21.5467,8046.48,7436.3153,17402.34,-7.0974581014,0.360015,0.377359,15.6816,0.9459,0.1711,0.070541,0.727589,-5.815591,148,0.670975,2885.4595,0.119155,0
506,21.5893,8014.87,7334.3071,17261.72,-5.5348461566,0.283071,0.493093,26.9886,0.845,-0.2137,0.051178,0.677438,-2.727955,142,0.655297,2433.1722,0.126724,0
507,21.632,8448.07,7482.0055,17695.31,-6.7026813671,0.33419,0.405153,17.5784,0.8563,-0.0062,0.065397,0.729836,-8.6499,150,0.650771,2778.8796,0.126602,0
508,21.6747,7942.62,7402.8967,17250.0,-5.7518164812,0.246636,0.471706,25.5482,0.8655,-0.1428,0.054388,0.663094,-4.616609,151,0.676527,2524.9728,0.11183,0
509,21.7173,8066.58,7443.8884,17285.16,-6.4786997475,0.213352,0.42386,19.6583,0.9139,0.0819,0.06213,0.706237,-5.395288,148,0.669842,2523.6074,0.116225,0
510,21.76,7950.68,7490.3506,17285.16,-6.2352880661,0.276805,0.446398,21.5756,0.8908,-0.0635,0.05838,0.690016,-7.460664,144,0.662548,2559.4126,0.123062,0
511,21.8027,8513.64,7505.6201,17789.06,-6.3162532024,0.22459,0.430977,20.2571,0.8196,-0.1253,0.060924,0.736627,-3.078794,168,0.642579,2745.7569,0.118545,0
512,21.8453,8214.13,7436.5578,17214.84,-6.5696923976,0.234303,0.409326,18.9055,0.8518,-0.0372,0.064655,0.707667,-1.130191,186,0.649076,2724.467,0.119277,0
513,21.888,8303.13,7476.7115,17683.59,-5.8472392143,0.296463,0.46855,23.7231,0.8182,-0.2433,0.054874,0.715773,-2.758552,159,0.643706,2676.0382,0.122451,0
514,21.9307,7847.62,7451.4363,17531.25,-5.9011894404,0.34824,0.455475,24.2888,0.8758,-0.2021,0.056923,0.667485,-0.841007,167,0.677426,2465.5399,0.11476,0
515,21.9733,8194.02,7434.9364,17542.97,-5.9848929785,0.263714,0.46184,22.9517,0.8271,-0.2136,0.055918,0.70054,-5.918977,132,0.696066,2672.1759,0.111952,0
516,22.016,8116.37,7464.8123,17472.66,-6.6623886292,0.31067,0.409337,18.0823,0.9064,0.0429,0.064653,0.720426,-4.02801,177,0.654203,2809.9079,0.118667,0
517,22.0587,8177.3,7484.9024,17601.56,-6.5460055302,0.286135,0.421853,19.4631,0.888,0.0014,0.062473,0.72731,-4.259748,148,0.643524,2685.2711,0.115737,0
518,22.1013,8366.33,7506.3967,17683.59,-6.4210921009,0.287545,0.429563,19.7688,0.8331,-0.079,0.061162,0.711855,-3.330376,151,0.639446,2777.5205,0.116713,0
519,22.144,8133.46,7458.9121,17507.81,-6.5883058285,0.372222,0.414631,18.7505,0.872,-0.0408,0.063723,0.707876,-5.851936,139,0.640861,2728.2476,0.130387,0
520,22.1867,8489.62,7527.0424,18011.72,-6.2558038511,0.231202,0.444166,20.3759,0.8051,-0.1863,0.058742,0.709221,-4.161535,156,0.672866,2745.6246,0.131364,0
521,22.2293,7975.26,7421.5179,17308.59,-6.1229813523,0.375757,0.453078,22.3383,0.8864,-0.0836,0.057305,0.678328,-1.674888,151,0.656332,2513.2755,0.118789,0
522,22.272,7945.59,7400.8374,17531.25,-5.4058636011,0.182083,0.505056,30.4434,0.8416,-0.3137,0.049443,0.668231,-3.247493,148,0.671669,2393.3142,0.120376,0
523,22.3147,8196.82,7523.4363,17625.0,-6.817990844,0.186324,0.398639,16.7609,0.8787,-0.0022,0.06657,0.709729,-6.158544,135,0.651583,2778.675,0.128067,0
524,22.3573,8149.82,7491.8358,17472.66,-6.7904963194,0.320599,0.400289,16.9797,0.8943,0.0592,0.066271,0.704421,-3.220402,178,0.62633,2788.1393,0.115371,0
525,22.4,7985.81,7400.7923,17320.31,-5.9553294795,0.259036,0.464196,24.1907,0.8789,-0.123,0.05555,0.69286,-2.342059,176,0.641557,2646.5907,0.117446,0
526,22.4427,8293.98,7496.3667,17625.0,-6.4315159064,0.266353,0.427298,19.635,0.8633,-0.0641,0.061545,0.709657,-3.689028,143,0.673908,2643.9792,0.129166,0
527,22.4853,8080.98,7457.3532,17402.34,-6.425546111,0.355412,0.4266,19.4474,0.9005,0.0197,0.061663,0.710516,-5.689954,160,0.611869,2660.5958,0.121353,0
528,22.528,8071.29,7417.7845,17214.84,-6.6884183453,0.197788,0.40918,19.2564,0.9054,0.1082,0.064681,0.717185,-6.289572,146,0.620074,2734.7459,0.118178,0
529,22.5707,8055.53,7319.0503,17390.62,-4.8045542032,0.201236,0.538957,38.9644,0.7477,-0.5438,0.044741,0.594957,0.753453,150,0.671106,2149.7506,0.119766,0
530,22.6133,8400.41,7498.6906,17753.91,-6.7133160357,0.180438,0.404389,16.9377,0.8359,-0.0736,0.065533,0.728776,-5.45623,156,0.672746,2836.8025,0.115248,0
531,22.656,7955.38,7395.7715,17402.34,-6.3354010783,0.372329,0.427343,21.0179,0.9023,-0.0338,0.061537,0.682751,-4.013788,164,0.663661,2640.2539,0.115493,0
532,22.6987,7892.97,7285.3268,17144.53,-6.0146773708,0.241884,0.457514,23.9041,0.8944,-0.0584,0.056599,0.69589,-3.784828,154,0.653725,2506.4145,0.120254,0
533,22.7413,8042.23,7394.727,17449.22,-5.6589332747,0.242011,0.481383,26.9319,0.8444,-0.2128,0.052918,0.678456,-3.601271,140,0.659217,2580.428,0.117934,0
534,22.784,8062.0,7375.7648,17425.78,-5.8821442745,0.284767,0.466985,23.6004,0.8555,-0.2198,0.055116,0.708484,-4.728113,151,0.655164,2371.2034,0.110731,0
535,22.8267,7931.83,7357.4121,17039.06,-6.6699495268,0.380842,0.407521,19.3487,0.9517,0.2008,0.064975,0.702636,-3.834849,172,0.673462,2784.6944,0.116713,0
536,22.8693,8263.73,7535.3943,17800.78,-6.2308622603,0.181223,0.439164,19.8299,0.8264,-0.2154,0.059562,0.713987,-4.03844,170,0.661756,2778.7086,0.124405,0
537,22.912,8173.12,7525.7589,17765.62,-6.1175043488,0.333544,0.437173,21.3858,0.844,-0.1726,0.059891,0.688399,-6.589723,159,0.649718,2798.39,0.121353,0
538,22.9547,8155.56,7533.3749,17519.53,-7.3148657116,0.310914,0.365981,14.7506,0.9167,0.1394,0.072757,0.720154,-5.983633,153,0.647579,2696.6153,0.119033,0
539,22.9973,8289.85,7456.3175,17695.31,-6.0148436063,0.260772,0.462836,20.8466,0.832,-0.1941,0.055762,0.704588,-7.629129,155,0.654076,2507.7164,0.113173,0
540,23.04,8024.28,7433.3843,17425.78,-6.6332844047,0.296597,0.415322,17.9698,0.8912,-0.0412,0.063603,0.711538,-9.68342,143,0.627669,2663.3449,0.117812,0
541,23.0827,8196.48,7447.1738,17554.69,-6.5207764418,0.246319,0.421652,19.5193,0.8649,-0.0603,0.062508,0.721507,-3.735461,161,0.629084,2812.8095,0.117568,0
542,23.1253,7964.87,7467.776,17355.47,-6.706159241,0.259861,0.406319,17.7884,0.9509,0.1193,0.065189,0.715233,-6.232867,155,0.661769,2796.672,0.116103,0
543,23.168,8208.05,7391.7726,17566.41,-6.3711620886,0.221331,0.432794,20.1551,0.869,-0.0664,0.06062,0.727164,-6.116901,153,0.648188,2637.8872,0.124405,0
544,23.2107,7989.65,7518.4555,17507.81,-6.7637920156,0.340112,0.396791,16.9486,0.9144,0.0228,0.066906,0.702028,-4.957545,151,0.647528,2793.1918,0.121475,0
545,23.2533,7815.45,7348.2489,17167.97,-5.8864217742,0.305694,0.459785,24.6656,0.8948,-0.1303,0.056241,0.678692,-3.70406,144,0.674003,2557.8445,0.116469,0
546,23.296,7976.75,7399.2185,17367.19,-6.2865757062,0.305846,0.443244,20.6502,0.8776,-0.0876,0.058893,0.708036,-3.790072,159,0.656745,2557.9996,0.115248,0
547,23.3387,8261.3,7523.6508,17824.22,-5.7052597536,0.345797,0.474648,25.0884,0.8165,-0.2796,0.053938,0.693134,-3.079253,151,0.648216,2522.9619,0.11708,0
548,23.3813,8172.1,7431.5135,17542.97,-6.1642165409,0.345594,0.447854,21.7535,0.8644,-0.1169,0.058144,0.704754,-3.504838,151,0.657181,2638.7344,0.118301,0
549,23.424,8499.83,7557.1151,17835.94,-7.0400059856,0.248399,0.381519,15.2616,0.8345,-0.0435,0.069747,0.74087,-4.612271,157,0.638809,2801.1811,0.126114,0
550,23.4667,8314.06,7512.3215,17765.62,-6.4830933321,0.313514,0.42212,19.8438,0.8412,-0.0882,0.062427,0.716716,-3.545665,159,0.6418,2645.4959,0.118789,0
551,23.5093,8318.08,7525.8919,17660.16,-6.5002083967,0.271917,0.428797,19.8161,0.8448,-0.0859,0.061291,0.718642,-7.546028,146,0.639622,2744.3952,0.106825,0
552,23.552,7997.06,7466.8829,17519.53,-5.6196148824,0.292879,0.481604,25.8747,0.8507,-0.2481,0.052885,0.678181,-1.530352,159,0.638199,2447.4759,0.114882,0
553,23.5947,7870.91,7371.0517,17226.56,-5.9248617084,0.366185,0.459281,24.7073,0.8813,-0.101,0.05632,0.679734,-7.931678,156,0.625377,2614.8394,0.110853,0
554,23.6373,7835.15,7362.4914,17144.53,-6.0705896268,0.253663,0.455214,23.8878,0.9245,-0.0111,0.056964,0.690083,-5.288051,153,0.647093,2492.8669,0.110487,0
555,23.68,7922.49,7498.8586,17519.53,-6.3157729431,0.187051,0.431931,21.4268,0.9075,-0.0444,0.060764,0.694139,-2.429549,154,0.62352,2670.1165,0.122329,0
556,23.7227,8109.63,7394.5852,17519.53,-5.5182552382,0.381479,0.49151,27.9294,0.8183,-0.2819,0.051411,0.640092,-7.138758,138,0.66348,2396.0878,0.114272,0
557,23.7653,8298.64,7385.9929,17425.78,-5.6797699932,0.207534,0.489248,25.7677,0.8067,-0.2281,0.051745,0.687572,-9.575531,136,0.640976,2478.6368,0.116836,0
558,23.808,8124.32,7467.5041,17425.78,-6.771525969,0.204023,0.398052,17.8219,0.8819,0.0148,0.066677,0.704357,-0.98048,155,0.684151,2707.9854,0.127213,0
559,23.8507,8109.87,7469.8257,17531.25,-6.0778500774,0.351797,0.453133,22.7244,0.8747,-0.0814,0.057296,0.690599,-5.141755,142,0.674416,2595.5587,0.124771,0
560,23.8933,8112.62,7367.677,17308.59,-6.2257848336,0.324365,0.443234,19.9176,0.8662,-0.0863,0.058895,0.710479,-6.16334,166,0.63784,2666.3716,0.123184,0
561,23.936,7662.25,7302.0669,17097.66,-5.4771453693,0.371187,0.493449,28.8616,0.8733,-0.2696,0.051126,0.651479,-2.607165,156,0.675291,2138.0311,0.114272,0
562,23.9787,8087.14,7433.5219,17484.38,-6.4770835797,0.261811,0.424047,18.9986,0.8986,-0.019,0.062098,0.715242,-4.476756,154,0.719513,2869.4527,0.117324,0
563,24.0213,8223.07,7501.1731,17660.16,-5.9265877411,0.407546,0.464285,23.2479,0.8458,-0.1832,0.055536,0.685345,-2.139911,131,0.660082,2621.0867,0.128067,0
564,24.064,8296.22,7519.8319,17625.0,-6.4382803836,0.320793,0.419879,19.6169,0.8603,-0.0533,0.062813,0.711564,-5.105221,164,0.630806,2654.4429,0.125992,0
565,24.1067,8256.42,7508.875,17742.19,-7.0796915818,0.275327,0.380268,15.639,0.9062,0.0932,0.069985,0.729012,-4.670837,174,0.643114,2846.4485,0.12648,0
566,24.1493,8363.75,7471.3414,17695.31,-6.3124712069,0.307471,0.440629,20.6222,0.8336,-0.1256,0.059321,0.730028,-4.274375,129,0.623921,2651.7667,0.123672,0
567,24.192,8194.0,7511.2743,17730.47,-6.5691073743,0.201498,0.416847,19.2207,0.8878,-0.02,0.063337,0.717466,-3.74844,148,0.631519,2848.7891,0.122574,0
568,24.2347,8357.43,7466.8028,17742.19,-6.959477691,0.4911,0.38544,15.2243,0.8946,0.0719,0.069007,0.742184,-5.957724,150,0.637839,2852.5917,0.128067,0
569,24.2773,8080.28,7420.2065,17425.78,-6.1979759033,0.30207,0.441511,20.7349,0.8826,-0.0688,0.059176,0.705672,-3.175828,141,0.670292,2677.0321,0.115737,0
570,24.32,7900.89,7397.9042,17179.69,-6.3381653744,0.181978,0.432947,21.2393,0.9093,0.0027,0.060594,0.691892,-2.654744,164,0.691115,2767.3523,0.115859,0
571,24.3627,8191.74,7406.2731,17613.28,-5.9568631732,0.26834,0.473601,24.6985,0.8336,-0.1998,0.054098,0.711157,-7.988463,137,0.637421,2435.8358,0.121963,0
572,24.4053,7965.02,7540.3935,17460.94,-6.7044143254,0.335779,0.398822,18.5929,0.9256,0.0461,0.066537,0.692108,-4.002911,164,0.664048,2764.925,0.115126,0
573,24.448,8021.55,7435.9751,17402.34,-6.1255416047,0.301238,0.445963,21.0281,0.8846,-0.0816,0.05845,0.690798,-1.152391,162,0.630395,2755.6739,0.118178,0
574,24.4907,8297.14,7466.4336,17636.72,-6.8512605861,0.272713,0.395352,17.0001,0.8955,0.0885,0.067169,0.725607,-3.272309,163,0.664182,2804.963,0.119033,0
575,24.5333,8026.3,7424.7901,17460.94,-5.8977369039,0.295341,0.464613,23.9141,0.8772,-0.1441,0.055485,0.690898,-0.101759,167,0.644645,2514.6197,0.117446,0
576,24.576,8133.18,7403.9306,17390.62,-6.1099472531,0.224057,0.453324,22.9573,0.8516,-0.1091,0.057265,0.70456,-2.065108,156,0.652583,2634.8984,0.117812,0
577,24.6187,8092.16,7453.6398,17460.94,-6.7618264628,0.430235,0.400327,18.0995,0.8809,-0.0113,0.066264,0.706296,-5.032555,153,0.637453,2798.3106,0.120986,0
578,24.6613,7859.95,7379.2809,17285.16,-5.973759972,0.176598,0.455605,24.4162,0.9027,-0.0638,0.056902,0.680509,-8.475355,146,0.650597,2541.1445,0.12062,0
579,24.704,8111.43,7397.4461,17343.75,-5.5375469656,0.336122,0.48923,27.9017,0.8169,-0.2972,0.051748,0.676791,-2.958824,162,0.651764,2520.4035,0.119155,0
580,24.7467,7929.1,7428.5056,17414.06,-6.3356693422,0.216229,0.431403,21.2389,0.9006,-0.0351,0.060853,0.693228,-6.349563,147,0.660098,2683.6744,0.113051,0
581,24.7893,7935.67,7344.4608,17320.31,-5.3237948467,0.234114,0.509626,30.3435,0.857,-0.2535,0.048791,0.65348,-0.72234,148,0.636903,2225.6423,0.111464,0
582,24.832,8199.4,7485.0582,17718.75,-6.2001276788,0.308886,0.440006,20.5047,0.8412,-0.1875,0.059423,0.710391,-5.457774,176,0.642258,2652.0611,0.116103,0
583,24.8747,7896.14,7459.8898,17378.91,-6.115443592,0.340481,0.436669,21.2608,0.9009,-0.0751,0.059975,0.684074,-3.739408,154,0.65961,2573.4706,0.115493,0
584,24.9173,8030.29,7401.8254,17554.69,-5.8420439295,0.31808,0.473314,25.0259,0.8465,-0.2264,0.054142,0.684261,-2.652948,162,0.670952,2603.8217,0.120254,0
585,24.96,8139.91,7465.5329,17507.81,-6.3293604043,0.255616,0.432599,20.0324,0.8696,-0.0585,0.060652,0.697948,-1.220352,183,0.629057,2655.0184,0.122085,0
586,25.0027,8198.54,7371.6864,17496.09,-6.0622528807,0.272794,0.460366,22.1041,0.8531,-0.088,0.05615,0.710967,-3.298882,169,0.62964,2500.3565,0.124405,0
587,25.0453,8209.49,7437.5401,17519.53,-6.3516575539,0.291809,0.434996,20.1574,0.8433,-0.1248,0.060253,0.716316,-5.837664,141,0.647325,2637.1884,0.122818,0
588,25.088,8129.77,7330.7262,17460.94,-5.4226844927,0.279555,0.497598,27.1876,0.8072,-0.3297,0.05052,0.677594,-2.802826,160,0.650345,2396.7829,0.119766,0
589,25.1307,8493.63,7412.1267,17578.12,-6.5101839047,0.332381,0.42003,18.005,0.8084,-0.1109,0.062787,0.72417,-2.683,155,0.651926,2745.1808,0.118423,0
590,25.1733,8219.0,7366.9908,17554.69,-5.329369913,0.260482,0.507596,29.3632,0.7799,-0.3784,0.04908,0.67487,-1.443128,151,0.671501,2524.9935,0.126724,0
591,25.216,8527.57,7553.6729,17835.94,-6.7153441208,0.253455,0.407947,17.6388,0.8037,-0.129,0.064899,0.726914,-3.443735,136,0.599599,2632.3466,0.126969,0
592,25.2587,7904.79,7382.9271,17179.69,-5.8360591479,0.349462,0.462825,24.3917,0.8471,-0.2352,0.055764,0.662812,-0.932663,145,0.656511,2495.1725,0.112807,0
593,25.3013,7957.85,7395.0823,17332.03,-5.6653959541,0.226268,0.481438,25.2303,0.8434,-0.2468,0.05291,0.682826,-3.867175,149,0.663065,2334.128,0.113783,0
594,25.344,8174.14,7348.6481,17519.53,-5.5304938422,0.280708,0.495904,26.5408,0.8042,-0.3167,0.050767,0.692529,-3.020653,153,0.659789,2435.1918,0.121719,0
595,25.3867,8218.86,7506.8062,17484.38,-6.784973762,0.230122,0.403039,17.8626,0.8554,-0.0408,0.065775,0.713347,-6.190915,166,0.65155,2868.0692,0.124405,0
596,25.4293,8223.62,7375.5654,17484.38,-5.9976161524,0.28858,0.466707,22.0005,0.8269,-0.2023,0.055159,0.7195,-3.741294,156,0.636018,2618.1493,0.126969,0
597,25.472,7982.95,7431.5795,17285.16,-6.3604031429,0.22461,0.43425,20.5077,0.8889,-0.0704,0.060377,0.699236,-9.551473,152,0.646076,2661.7669,0.121597,0
598,25.5147,7971.79,7364.2287,17250.0,-6.086471293,0.308145,0.452552,23.103,0.8782,-0.0867,0.057389,0.691599,-7.753772,171,0.646781,2591.0031,0.118545,0
599,25.5573,7929.85,7341.6793,17285.16,-5.8746813743,0.260266,0.466827,24.9755,0.874,-0.1622,0.055141,0.678326,-1.961297,144,0.647883,2510.3079,0.115371,0
600,25.6,7832.26,7372.6598,17226.56,-5.6602362916,0.31486,0.478188,26.2593,0.8588,-0.2718,0.0534,0.674035,-1.931102,139,0.645724,2393.901,0.107679,0
601,25.6427,8263.23,7526.0921,17566.41,-7.0606387809,0.198236,0.379549,15.1058,0.8465,-0.0614,0.070122,0.726125,-6.997244,147,0.682011,2856.5835,0.121475,0
602,25.6853,8149.35,7403.3907,17273.44,-6.3153209254,0.314529,0.439141,20.766,0.8702,-0.0309,0.059566,0.705343,-4.108523,151,0.623727,2732.1264,0.12648,0
603,25.728,7835.9,7390.0851,17214.84,-6.2336986728,0.259734,0.443101,22.3112,0.9119,-0.0071,0.058916,0.684381,-1.359803,174,0.637618,2607.6795,0.114882,0
604,25.7707,7949.71,7436.5936,17355.47,-6.4123179793,0.250702,0.425266,20.8701,0.8973,-0.0155,0.06189,0.68622,-3.605075,141,0.656876,2681.998,0.115248,0
605,25.8133,8022.38,7466.3,17437.5,-6.6394029554,0.184418,0.408372,17.7549,0.9078,0.0436,0.064824,0.709819,-7.653788,160,0.634247,2811.4315,0.118789,0
606,25.856,8120.73,7413.6908,17507.81,-5.9428822818,0.254059,0.465647,23.0543,0.8132,-0.262,0.055324,0.697898,-4.220148,168,0.673123,2585.0127,0.112196,0
607,25.8987,7990.53,7380.1698,17367.19,-5.3681549782,0.293267,0.495423,29.6678,0.8064,-0.3479,0.050837,0.655402,-2.585236,156,0.630969,2445.2594,0.10829,0
608,25.9413,7954.95,7439.5177,17332.03,-6.1523252572,0.216472,0.449478,23.1599,0.8858,-0.0981,0.057882,0.697393,-4.168484,156,0.664346,2522.2677,0.116958,0
609,25.984,8031.56,7430.0875,17367.19,-6.1798460007,0.256242,0.444307,21.3512,0.8816,-0.0943,0.05872,0.706095,-2.712766,143,0.637761,2420.3015,0.115981,0
610,26.0267,8198.93,7427.6865,17437.5,-6.6515998863,0.244094,0.417215,18.5908,0.8901,0.0199,0.063273,0.725267,-2.297658,161,0.62998,2746.4624,0.123306,0
611,26.0693,8257.22,7448.5314,17472.66,-6.5340311128,0.240085,0.427009,19.1491,0.8531,-0.0758,0.061594,0.723016,-4.096779,164,0.612599,2656.2594,0.129777,0
612,26.112,8042.7,7371.0825,17250.0,-6.0618675117,0.33281,0.450803,21.1239,0.854,-0.1773,0.057669,0.702561,-6.904007,142,0.659809,2544.4354,0.111586,0
613,26.1547,8033.91,7440.3653,17578.12,-5.3449866642,0.354688,0.501936,29.35,0.8232,-0.3487,0.049892,0.664908,-2.485076,156,0.669119,2289.371,0.103528,0
614,26.1973,8024.48,7483.6247,17472.66,-6.1731163875,0.310989,0.445949,21.6788,0.8731,-0.1129,0.058453,0.680024,-4.32851,148,0.627618,2614.9661,0.104871,0
615,26.24,7911.43,7393.9381,17355.47,-6.0068380069,0.35389,0.449932,23.682,0.8968,-0.0881,0.057809,0.6844,-5.414424,164,0.663638,2480.2277,0.112196,0
616,26.2827,8049.44,7478.4043,17542.97,-6.7096267357,0.384829,0.400411,17.6384,0.9152,0.0677,0.066249,0.696935,-2.847322,180,0.69187,2828.2927,0.119155,0
617,26.3253,7810.87,7307.1474,17144.53,-5.7501479219,0.332633,0.479921,25.5531,0.8876,-0.1473,0.053138,0.682413,-7.509832,154,0.672916,2463.0379,0.112563,0
618,26.368,7864.73,7422.5902,17343.75,-6.4307373501,0.278416,0.421133,19.9995,0.9036,-0.0222,0.062597,0.674792,-5.91844,158,0.661821,2719.4084,0.1089,0
619,26.4107,8113.23,7431.8274,17308.59,-6.7379481459,0.241998,0.409348,18.4262,0.9001,0.0207,0.064651,0.724435,-4.162437,158,0.668083,2809.1376,0.124039,0
620,26.4533,8302.06,7452.2154,17671.88,-6.6684966552,0.336096,0.408342,18.0981,0.8828,0.0009,0.064829,0.741335,-4.331682,166,0.643938,2865.2092,0.126358,0
621,26.496,7883.76,7332.1941,17074.22,-6.2072678338,0.188731,0.450633,22.4526,0.9041,-0.0488,0.057696,0.703721,-5.015069,162,0.644029,2600.5422,0.115615,0
622,26.5387,8073.45,7486.2258,17601.56,-6.1506917166,0.281047,0.450589,23.0389,0.8569,-0.1578,0.057703,0.704857,-6.787742,142,0.639614,2479.4363,0.120376,0
623,26.5813,8285.44,7483.6392,17601.56,-5.6939225033,0.419411,0.48438,25.617,0.7815,-0.3305,0.052469,0.687023,-6.013641,159,0.603887,2520.2815,0.122207,0
624,26.624,8064.7,7541.2429,17578.12,-6.7872557613,0.245477,0.397746,16.7272,0.9005,-0.0059,0.066732,0.711297,-7.815833,158,0.642541,2742.1066,0.116347,0
625,26.6667,8187.65,7479.6132,17554.69,-7.0520090015,0.256978,0.377249,15.0571,0.8761,0.0021,0.070562,0.723206,-7.560074,163,0.679355,2839.4572,0.115859,0
626,26.7093,8242.95,7306.0414,17355.47,-5.6997465044,0.244247,0.47991,25.407,0.8084,-0.2309,0.05314,0.706277,-2.870847,136,0.684299,2502.347,0.119277,0
627,26.752,8097.82,7531.715,17730.47,-6.4011986953,0.331396,0.433228,19.9167,0.8696,-0.1093,0.060547,0.702398,-3.602179,154,0.65589,2709.9141,0.118178,0
628,26.7947,8197.02,7459.8556,17777.34,-5.126171792,0.250315,0.515662,31.1464,0.7675,-0.4711,0.047939,0.647385,-1.572935,166,0.62397,2227.9837,0.115126,0
629,26.8373,7928.42,7411.1211,17261.72,-6.6898758949,0.20811,0.407109,19.2533,0.9402,0.1328,0.065048,0.701478,-5.341491,170,0.648744,2821.012,0.116591,0
630,26.88,7968.11,7366.9561,17250.0,-5.5136529255,0.253432,0.496457,28.667,0.8417,-0.2332,0.050686,0.669412,-6.964471,140,0.655112,2520.8896,0.112929,0
631,26.9227,7993.72,7398.4414,17390.62,-6.1033410127,0.259175,0.447089,22.299,0.8693,-0.103,0.058268,0.693758,-3.826365,172,0.632207,2576.949,0.118545,0
632,26.9653,8103.18,7489.6516,17496.09,-6.73797084,0.274246,0.400386,17.2886,0.8836,-0.0336,0.066253,0.70652,-5.637801,151,0.663582,2864.1859,0.120742,0
633,27.008,7880.59,7324.4735,17238.28,-6.0970331574,0.316578,0.453509,23.6954,0.8756,-0.078,0.057236,0.679949,-9.440165,160,0.645268,2634.5097,0.11415,0
634,27.0507,8248.77,7452.5655,17695.31,-6.9033806239,0.24694,0.39294,16.5754,0.8753,0.0037,0.067612,0.714113,-1.811344,157,0.659794,2737.3572,0.112196,0
635,27.0933,7987.16,7407.2727,17414.06,-6.0384598997,0.252527,0.451862,22.4119,0.8768,-0.1173,0.057499,0.696307,-3.553083,136,0.631138,2710.9015,0.11415,0
636,27.136,8181.14,7386.2386,17449.22,-6.4374162912,0.301071,0.431409,19.6183,0.8702,-0.0556,0.060852,0.722045,-3.898449,147,0.661455,2718.7114,0.117202,0
637,27.1787,8127.96,7515.033,17589.84,-6.2816505559,0.359105,0.42885,19.8043,0.866,-0.1064,0.061282,0.695075,-5.579918,150,0.680449,2700.1348,0.11244,0
638,27.2213,8125.13,7456.4068,17378.91,-6.5582449861,0.278546,0.419182,20.3075,0.893,0.0538,0.062933,0.709694,-2.839693,147,0.654174,2690.2082,0.116347,0
639,27.264,8031.67,7373.931,17332.03,-6.1832917194,0.281857,0.451137,22.3857,0.8626,-0.1243,0.057615,0.705303,-5.638142,149,0.6296,2632.8988,0.119521,0
640,27.3067,8059.37,7407.0946,17437.5,-5.4817278598,0.229103,0.497921,28.6055,0.8084,-0.3097,0.050473,0.64386,-3.296138,151,0.6545,2381.453,0.113417,0
641,27.3493,8262.24,7459.734,17507.81,-6.2746025507,0.315996,0.43917,20.451,0.8425,-0.1237,0.059561,0.713144,-6.853004,154,0.647282,2657.3869,0.109999,0
642,27.392,8277.88,7452.2837,17507.81,-6.4494432178,0.240989,0.425199,19.6749,0.8627,-0.0448,0.061901,0.723255,-3.559835,164,0.637114,2686.8531,0.117934,0
643,27.4347,8129.0,7486.4596,17613.28,-6.7815545337,0.280082,0.395696,16.0657,0.9194,0.0929,0.067106,0.715472,-7.26102,148,0.650891,2751.4682,0.121109,0
644,27.4773,8055.31,7401.9359,17343.75,-6.1899629628,0.366059,0.439018,21.3188,0.8763,-0.0968,0.059586,0.690866,-4.39016,163,0.683084,2598.3712,0.123306,0
645,27.52,8228.61,7469.8914,17496.09,-7.2502358035,0.301588,0.364532,14.5056,0.9036,0.1482,0.073044,0.7259,-6.178879,187,0.668896,2856.2004,0.128189,0
646,27.5627,8270.34,7416.4611,17484.38,-6.5493364798,0.247542,0.419372,19.523,0.8556,-0.028,0.0629,0.718139,-3.247903,138,0.655058,2802.1766,0.122085,0
647,27.6053,7968.7,7378.0858,17250.0,-6.912567312,0.23579,0.387366,17.0316,0.9551,0.1658,0.068646,0.722379,-5.99983,163,0.692164,2797.4192,0.114394,0
648,27.648,8049.12,7496.1301,17402.34,-6.711301071,0.28035,0.398325,17.8651,0.8935,0.0189,0.066627,0.698622,-6.41573,155,0.706429,2795.9479,0.110731,0
649,27.6907,7897.9,7302.2227,17144.53,-6.0845655669,0.334823,0.450553,24.0351,0.9147,-0.0251,0.057709,0.704433,-2.468021,180,0.665746,2678.3612,0.118667,0
650,27.7333,8236.19,7496.1825,17660.16,-6.2311622464,0.268203,0.439308,20.1287,0.875,-0.0675,0.059538,0.712281,-4.817943,165,0.675721,2751.6035,0.12648,0
651,27.776,8377.36,7526.9533,17718.75,-6.624840997,0.307602,0.409488,17.8759,0.8409,-0.071,0.064626,0.712538,-4.127524,155,0.646035,2745.8791,0.128922,0
652,27.8187,8168.81,7454.7105,17542.97,-7.0136616319,0.25728,0.384767,15.4619,0.9065,0.0518,0.069134,0.728998,-4.557455,163,0.671474,2898.3892,0.124527,0
653,27.8613,8162.39,7475.3485,17554.69,-6.3557379167,0.306205,0.437496,20.2614,0.8533,-0.135,0.059838,0.714539,-5.052829,152,0.67565,2760.0879,0.118423,0
654,27.904,8024.77,7372.9932,17308.59,-6.2031315729,0.280823,0.445656,21.6285,0.8606,-0.1164,0.0585,0.702159,-4.407095,160,0.62181,2563.7707,0.117934,0
655,27.9467,8026.52,7371.848,17460.94,-5.5494195803,0.229771,0.493841,26.6818,0.8453,-0.2788,0.051069,0.689077,-2.98783,152,0.644079,2342.5106,0.120376,0
656,27.9893,8014.49,7500.7204,17660.16,-5.8740204071,0.320882,0.4546,24.0312,0.8661,-0.1739,0.057062,0.663625,-0.650906,159,0.676109,2653.1734,0.121597,0
657,28.032,8209.25,7472.7938,17683.59,-5.7329267692,0.248638,0.471307,25.5286,0.7928,-0.3354,0.054449,0.676742,-6.297671,162,0.666857,2497.1158,0.116103,0
658,28.0747,8244.8,7464.4922,17566.41,-6.6073765045,0.22462,0.4169,17.9292,0.8706,-0.0286,0.063328,0.71799,-1.352898,163,0.68578,2761.5493,0.117446,0
659,28.1173,8110.28,7485.6208,17601.56,-6.019184578,0.182641,0.453149,22.8301,0.8543,-0.1831,0.057293,0.6872,-2.338599,168,0.660555,2563.3873,0.117934,0
660,28.16,7781.86,7373.8131,17332.03,-6.0016343163,0.306206,0.461638,24.6773,0.9016,-0.0884,0.05595,0.67205,-3.093364,161,0.661437,2410.0798,0.115004,0
661,28.2027,7895.23,7358.3636,17156.25,-6.2327404568,0.229299,0.444466,21.1159,0.8976,-0.0645,0.058694,0.701496,-4.571294,153,0.626262,2518.9983,0.115737,0
662,28.2453,8201.12,7533.8103,17753.91,-6.8941899798,0.216974,0.392456,16.705,0.8743,-0.0074,0.067701,0.717189,-6.411395,140,0.646441,2836.3251,0.114394,0
663,28.288,8013.43,7555.5543,17519.53,-6.0879899729,0.278163,0.446265,22.2002,0.8734,-0.1163,0.058401,0.673828,-5.174825,177,0.637986,2607.1723,0.113783,0
664,28.3307,8065.9,7490.6559,17601.56,-6.5880653246,0.314915,0.413024,18.216,0.9069,-0.0093,0.064004,0.704644,-4.651591,159,0.653536,2623.2208,0.117324,0
665,28.3733,8179.81,7475.0075,17625.0,-6.3827850183,0.29549,0.4281,19.2173,0.8571,-0.1095,0.061409,0.709015,-2.332108,170,0.650112,2729.5884,0.118178,0
666,28.416,8210.96,7462.6789,17566.41,-6.8879828883,0.304848,0.394449,16.8773,0.9252,0.1237,0.067335,0.728669,-3.626019,156,0.651973,2701.2081,0.122696,0
667,28.4587,8210.13,7478.5333,17589.84,-6.8545823711,0.363089,0.396391,16.6134,0.8917,0.0128,0.066979,0.717154,-2.825894,162,0.63473,2815.8374,0.126236,0
668,28.5013,8239.83,7475.9655,17589.84,-6.3274426443,0.195602,0.437338,20.3367,0.8526,-0.1036,0.059864,0.711525,-4.994505,153,0.641408,2627.0655,0.121963,0
669,28.544,8015.3,7422.2643,17437.5,-6.6087298896,0.277883,0.411606,17.9445,0.9095,0.0062,0.064253,0.716053,-7.667845,153,0.639428,2791.0195,0.123306,0
670,28.5867,8182.67,7497.9776,17636.72,-6.7444868236,0.21141,0.409108,17.8703,0.9133,0.0554,0.064694,0.731403,-8.988359,150,0.633931,2696.1899,0.126358,0
671,28.6293,8216.97,7442.4078,17601.56,-6.1838699317,0.211543,0.449013,22.1403,0.8497,-0.1339,0.057957,0.70637,-5.046182,154,0.607089,2640.6419,0.128434,0
672,28.672,8258.81,7393.8506,17531.25,-6.8915878534,0.24532,0.388223,15.4601,0.8784,0.0262,0.068486,0.729251,-5.731027,154,0.649832,2811.5243,0.119521,0
673,28.7147,7970.51,7401.3342,17261.72,-6.1192079561,0.306505,0.449123,21.3624,0.8713,-0.1194,0.057939,0.688327,-5.639819,150,0.651866,2606.8831,0.116225,0
674,28.7573,8079.62,7388.2557,17496.09,-6.4229940379,0.446973,0.424337,19.0151,0.9239,0.0343,0.062048,0.717676,-3.368991,157,0.67892,2705.2451,0.117934,0
675,28.8,8019.55,7459.1433,17367.19,-6.2086408695,0.385408,0.438382,22.0693,0.8761,-0.0757,0.059691,0.685251,-5.667437,152,0.660788,2610.6881,0.109877,0
676,28.8427,8169.6,7415.4527,17496.09,-5.9960194747,0.23809,0.457249,22.6097,0.8534,-0.1256,0.056641,0.700397,-1.73794,137,0.626938,2543.8163,0.117324,0
677,28.8853,8254.58,7443.6099,17589.84,-6.3710648451,0.270884,0.432592,19.6853,0.8671,-0.0679,0.060654,0.716533,-1.658816,146,0.632434,2692.9158,0.11769,0
678,28.928,8086.92,7399.6182,17414.06,-5.4667937176,0.248352,0.503093,28.143,0.8173,-0.3095,0.049725,0.676503,-2.554602,164,0.635103,2430.1361,0.112074,0
679,28.9707,8082.03,7444.4634,17378.91,-6.7897925441,0.294305,0.397255,17.2832,0.9075,0.043,0.066822,0.711838,-2.900572,144,0.64393,2642.6545,0.113906,0
680,29.0133,8016.6,7400.897,17296.88,-6.8662003974,0.292826,0.396764,17.6803,0.9048,0.052,0.066911,0.71284,-4.491184,150,0.658236,2753.5872,0.117812,0
681,29.056,8080.81,7540.2848,17542.97,-6.5707429081,0.274227,0.41222,18.9481,0.8865,-0.0303,0.064145,0.700291,-3.508227,149,0.655151,2706.3498,0.121353,0
682,29.0987,8272.21,7459.8262,17613.28,-5.9431396083,0.281672,0.45996,23.5423,0.8183,-0.2172,0.056213,0.697274,-3.227595,152,0.623048,2690.6001,0.12001,0
683,29.1413,8111.91,7403.7686,17542.97,-6.0594555879,0.40322,0.447861,22.3723,0.8738,-0.1151,0.058143,0.705933,-8.365452,151,0.678464,2677.361,0.119644,0
684,29.184,8307.75,7502.2081,17777.34,-6.2409708006,0.25285,0.435346,21.3177,0.8254,-0.1403,0.060194,0.708458,-4.116892,150,0.633062,2800.0755,0.12587,0
685,29.2267,8327.4,7458.0971,17531.25,-6.7163448324,0.246085,0.414823,17.952,0.8655,-0.008,0.063689,0.7365,-2.703078,145,0.635742,2631.6729,0.130631,0
686,29.2693,8143.97,7354.2878,17589.84,-6.011321887,0.238323,0.466285,23.1706,0.8627,-0.1453,0.055225,0.709666,-3.26249,139,0.622207,2548.792,0.126114,0
687,29.312,8076.86,7402.4599,17437.5,-6.2084487963,0.323353,0.437371,20.4351,0.8752,-0.0842,0.059858,0.706762,-2.843277,169,0.65029,2612.4706,0.119888,0
688,29.3547,8192.79,7482.1477,17449.22,-6.524010602,0.243541,0.417015,18.6105,0.8785,-0.0009,0.063308,0.711374,-4.924268,165,0.66387,2859.4828,0.116469,0
689,29.3973,7756.68,7428.5716,17214.84,-6.6046039189,0.278723,0.410033,18.9374,0.9606,0.1084,0.06453,0.684793,-4.051022,155,0.650485,2683.8023,0.115859,0
690,29.44,8008.95,7358.29,17320.31,-5.4432197469,0.229784,0.504153,28.9017,0.8118,-0.3235,0.049573,0.654929,-4.1987,142,0.646177,2261.8022,0.112685,0
691,29.4827,8197.62,7402.8133,17390.62,-6.8402637663,0.269833,0.401041,17.4615,0.9004,0.0874,0.066135,0.723033,-3.26854,136,0.662873,2783.9578,0.116469,0
692,29.5253,8031.52,7414.6597,17425.78,-6.0738750423,0.309279,0.453137,22.1938,0.8793,-0.1046,0.057295,0.707724,-5.706744,167,0.626594,2615.0937,0.120986,0
693,29.568,8172.81,7469.5339,17601.56,-6.8325966012,0.306114,0.40048,16.9497,0.8762,-0.0091,0.066236,0.71903,-4.222758,146,0.627275,2696.3365,0.119766,0
694,29.6107,8239.25,7433.5201,17636.72,-6.9066699522,0.26213,0.395945,16.3081,0.8997,0.0516,0.067061,0.733798,-3.97561,145,0.628565,2734.9826,0.122451,0
695,29.6533,8274.27,7527.1508,17660.16,-7.0636621883,0.315943,0.380133,14.906,0.8756,0.0018,0.070011,0.727994,-4.709056,146,0.620885,2892.8232,0.126358,0
696,29.696,8151.04,7453.0944,17414.06,-6.0661855143,0.300974,0.453472,21.7235,0.837,-0.1822,0.057242,0.704901,-1.349737,152,0.634675,2811.2539,0.122574,0
697,29.7387,8096.43,7414.3193,17355.47,-5.9055961127,0.25401,0.457532,25.1968,0.8519,-0.1669,0.056596,0.690937,-1.886316,154,0.652231,2635.2355,0.116103,0
698,29.7813,7818.22,7413.4439,17320.31,-6.3416706411,0.317281,0.431525,21.1879,0.9404,0.0489,0.060832,0.696654,-6.878902,168,0.647114,2687.726,0.112074,0
699,29.824,7957.37,7427.2006,17296.88,-6.000899781,0.250191,0.449594,22.8691,0.8708,-0.1218,0.057863,0.662266,-4.055281,156,0.65716,2539.8337,0.107069,0
700,29.8667,8042.22,7429.7253,17402.34,-6.1626636435,0.242225,0.4447,22.4701,0.8599,-0.1095,0.058656,0.681581,-1.786359,164,0.645186,2657.6805,0.10365,0
701,29.9093,7797.34,7353.2922,17285.16,-5.2472626154,0.281448,0.513904,30.4157,0.8515,-0.3358,0.048186,0.637602,-1.972494,144,0.659123,2348.6283,0.103406,0
702,29.952,8077.92,7406.1048,17261.72,-6.9313431492,0.355016,0.394358,16.409,0.9393,0.1801,0.067351,0.721729,-6.750928,148,0.662609,2637.2644,0.115981,0
703,29.9947,8178.19,7476.8757,17402.34,-6.5889124659,0.227953,0.415439,18.1435,0.87,-0.0064,0.063582,0.695929,-6.46822,158,0.643047,2579.1525,0.120864,0
704,30.0373,8424.59,7501.3188,17812.5,-6.3796070833,0.25046,0.42963,18.6678,0.8357,-0.1295,0.061151,0.727507,-3.930521,156,0.642097,2721.4169,0.120986,0
705,30.08,8327.2,7505.6279,17765.62,-6.9162865453,0.235888,0.39134,16.1015,0.8704,0.0335,0.067908,0.73501,-5.513155,158,0.643916,2675.5478,0.125504,0
706,30.1227,8290.53,7496.5745,17519.53,-6.2799291022,0.274639,0.436268,20.6038,0.8356,-0.1552,0.060041,0.71493,-1.508986,160,0.626645,2642.6722,0.128434,0
707,30.1653,8190.11,7479.3809,17648.44,-7.0412946969,0.224106,0.380892,14.7289,0.9212,0.0977,0.069866,0.736009,-3.744459,156,0.646777,2709.9832,0.129166,0
708,30.208,8367.0,7454.2844,17871.09,-5.4803509075,0.344889,0.49462,26.3665,0.762,-0.3878,0.050955,0.691861,-3.217429,160,0.658503,2546.5663,0.118178,0
709,30.2507,8124.16,7409.4168,17601.56,-6.5392294463,0.215802,0.419934,18.6361,0.8784,-0.0476,0.062803,0.706442,-5.594174,142,0.645944,2823.9419,0.119033,0
710,30.2933,8223.7,7533.6434,17613.28,-6.5300422349,0.313429,0.411792,19.5681,0.8857,-0.0088,0.06422,0.712,-4.874258,147,0.661416,2748.2512,0.125259,0
711,30.336,8169.06,7416.7083,17460.94,-5.913481929,0.27483,0.468557,22.4871,0.8404,-0.2039,0.054873,0.698102,-4.589341,161,0.653126,2515.163,0.118301,0
712,30.3787,8047.03,7363.43,17425.78,-5.6957683472,0.256478,0.486096,26.0185,0.8374,-0.2408,0.052213,0.692162,-4.111688,146,0.638389,2408.4267,0.112318,0
713,30.4213,8090.83,7460.4644,17484.38,-5.8724539564,0.495108,0.463201,23.6904,0.8614,-0.1505,0.055705,0.670667,-9.118065,156,0.658745,2492.6081,0.114638,0
714,30.464,7975.73,7388.1809,17308.59,-5.4856703983,0.305655,0.494082,28.7835,0.8451,-0.2577,0.051033,0.662809,-3.113543,132,0.664317,2359.806,0.114516,0
715,30.5067,7828.54,7384.6548,17308.59,-5.8021961218,0.298084,0.467904,26.4791,0.8748,-0.1636,0.054974,0.652648,-5.504989,152,0.619497,2546.5786,0.109266,0
716,30.5493,8173.7,7400.6856,17484.38,-5.5470131043,0.214731,0.496532,28.5153,0.7953,-0.3231,0.050676,0.669691,-5.887111,169,0.626788,2517.9308,0.112563,0
717,30.592,8242.49,7467.0622,17578.12,-6.5735448583,0.277772,0.41844,18.266,0.879,-0.0141,0.063061,0.715347,-3.357382,150,0.630376,2726.6662,0.127213,0
718,30.6347,8209.09,7447.1295,17578.12,-5.7754342512,0.197049,0.47423,24.8776,0.8163,-0.2488,0.054002,0.690556,-4.809954,167,0.631124,2503.4356,0.124893,0
719,30.6773,8173.37,7446.2414,17496.09,-5.7842227212,0.247345,0.470432,23.954,0.7911,-0.3079,0.054584,0.683714,-5.851238,138,0.590598,2423.8477,0.118178,0
720,30.72,7935.82,7351.8743,17203.12,-6.6985898317,0.313698,0.410144,19.3484,0.93,0.1189,0.064511,0.705654,-7.118289,138,0.628276,2703.2716,0.119888,0
721,30.7627,8089.77,7425.4118,17355.47,-6.4506061715,0.276078,0.423314,19.1925,0.8794,-0.0419,0.062223,0.691278,-3.247415,162,0.64106,2693.8248,0.121963,0
722,30.8053,8219.69,7430.2159,17507.81,-6.259712499,0.289859,0.438397,20.3342,0.8675,-0.0635,0.059689,0.721886,-4.06519,150,0.6821,2721.8665,0.127701,0
723,30.848,8242.33,7466.58,17707.03,-6.5157111763,0.284311,0.422199,18.3171,0.8411,-0.1149,0.062414,0.714026,-2.51719,148,0.639889,2620.1182,0.120986,0
724,30.8907,8027.99,7484.8891,17414.06,-6.8325688056,0.286224,0.397729,16.4581,0.9256,0.0874,0.066736,0.710255,-5.058297,142,0.623951,2659.4115,0.112318,0
725,30.9333,8306.21,7486.94,17824.22,-6.7649903216,0.271398,0.404109,17.5189,0.8941,0.0268,0.065584,0.735199,-4.301446,167,0.640025,2664.9699,0.121963,0
726,30.976,8096.15,7433.0216,17402.34,-6.3595785134,0.249083,0.429277,20.4283,0.8795,-0.0504,0.06121,0.703047,-1.983605,144,0.647007,2776.2606,0.124405,0
727,31.0187,8462.23,7582.4243,17847.66,-6.6868532674,0.32315,0.4036,17.6923,0.8402,-0.0666,0.065675,0.723386,-6.572112,149,0.667128,2727.5863,0.118423,0
728,31.0613,7987.84,7436.9641,17437.5,-5.9257306045,0.261097,0.469522,24.7783,0.8637,-0.1782,0.054724,0.687823,-2.417467,160,0.629319,2547.2618,0.119399,0
729,31.104,7904.9,7408.9808,17285.16,-6.2228781038,0.291047,0.440553,21.463,0.9017,-0.0693,0.059334,0.690695,-1.70201,182,0.628429,2658.3013,0.115737,0
730,31.1467,8185.84,7466.0366,17531.25,-6.1166291172,0.300286,0.443108,22.4513,0.8498,-0.1389,0.058915,0.705805,-4.550677,146,0.653074,2772.3705,0.10951,0
731,31.1893,8005.47,7404.3486,17507.81,-5.5855981316,0.18926,0.486157,25.5843,0.8193,-0.3216,0.052204,0.666506,-2.835752,150,0.649476,2364.6214,0.114638,0
732,31.232,8111.14,7396.2439,17308.59,-6.1218133778,0.318007,0.44852,22.096,0.8766,-0.0713,0.058036,0.712177,-4.529119,166,0.663943,2628.4667,0.116836,0
733,31.2747,8112.13,7409.4193,17484.38,-6.1675761267,0.356408,0.44176,20.1339,0.8539,-0.1458,0.059136,0.709843,-4.513388,153,0.624502,2693.3823,0.110243,0
734,31.3173,7793.71,7220.764,17027.34,-5.3686544728,0.294386,0.507577,32.1318,0.8733,-0.1997,0.049083,0.649725,-0.711,160,0.646433,2466.0929,0.113539,0
735,31.36,8203.71,7517.9674,17472.66,-6.9736682504,0.257626,0.388312,16.4245,0.8822,0.0307,0.06847,0.723671,-4.068116,151,0.655054,2835.357,0.118301,0
736,31.4027,7830.0,7378.0393,17179.69,-5.887290778,0.264381,0.468609,25.1273,0.876,-0.1799,0.054865,0.687306,-7.894721,169,0.638773,2571.571,0.116591,0
737,31.4453,8220.13,7447.9661,17542.97,-6.3886656383,0.263691,0.434774,19.8205,0.8641,-0.0485,0.060289,0.722028,-7.551387,146,0.612908,2630.5731,0.114638,0
738,31.488,8051.96,7520.9479,17613.28,-6.6747413331,0.410509,0.402634,18.3193,0.8895,-0.0542,0.065848,0.695623,-4.116993,153,0.6361,2876.0071,0.123672,0
739,31.5307,7966.69,7499.5675,17531.25,-6.7415855362,0.253982,0.405628,18.0568,0.9089,-0.007,0.065312,0.701026,-8.863924,138,0.649044,2647.8579,0.127457,0
740,31.5733,8343.78,7586.3853,17871.09,-7.27400504,0.24657,0.369002,13.9089,0.8546,-0.0436,0.072162,0.727679,-6.595027,163,0.639705,2731.1699,0.123428,0
741,31.616,8238.52,7537.0298,17882.81,-6.3982923901,0.21879,0.427799,19.72,0.8278,-0.1933,0.06146,0.710905,-5.092464,165,0.627194,2715.4767,0.117202,0
742,31.6587,8147.63,7386.0001,17601.56,-4.9580923347,0.241422,0.536424,35.3527,0.7592,-0.5133,0.045082,0.636785,-0.399435,139,0.655632,2322.2068,0.112807,0
743,31.7013,8083.2,7413.208,17449.22,-5.807601939,0.212165,0.470379,24.7762,0.8428,-0.1861,0.054592,0.674778,-5.034226,146,0.626472,2429.3119,0.115004,0
744,31.744,8278.19,7432.616,17601.56,-6.1481101978,0.187559,0.453254,21.6502,0.8501,-0.1151,0.057276,0.706484,-4.03102,160,0.640315,2633.846,0.116591,0
745,31.7867,8188.65,7547.2031,17695.31,-6.7251412626,0.319782,0.402053,16.9053,0.8612,-0.1274,0.065953,0.717894,-4.05975,163,0.621761,2751.9648,0.118301,0
746,31.8293,7911.35,7383.9336,17367.19,-4.8179053972,0.33155,0.535364,36.1541,0.784,-0.519,0.045225,0.611217,-1.667381,145,0.652224,2045.1442,0.110243,0
747,31.872,7875.92,7293.613,17320.31,-4.9779246715,0.340833,0.53297,35.0769,0.8211,-0.4289,0.04555,0.6293,-0.828461,144,0.639343,2054.7293,0.109877,0
748,31.9147,8034.05,7475.4573,17296.88,-6.1698007749,0.258201,0.442063,21.4785,0.8678,-0.0978,0.059086,0.685147,-6.029801,160,0.648558,2674.469,0.115737,0
749,31.9573,7985.93,7453.2306,17449.22,-5.8318930922,0.338242,0.456844,22.9743,0.8528,-0.1985,0.056705,0.684697,-3.078577,161,0.661009,2635.7979,0.115371,0
750,32.0,8263.96,7547.557,17695.31,-6.8496027053,0.272462,0.394806,16.9871,0.8902,0.0232,0.067269,0.717574,-4.471481,174,0.630091,2743.4142,0.123062,0
751,32.0427,8109.65,7400.6991,17144.53,-6.5233902132,0.213848,0.419777,19.0058,0.8645,-0.0488,0.06283,0.698595,-4.729866,163,0.641895,2770.3697,0.116103,0
752,32.0853,8054.49,7435.8374,17437.5,-6.5360784794,0.245955,0.413551,19.0963,0.8979,0.0111,0.063912,0.698434,-3.108649,148,0.652998,2687.0614,0.116713,0
753,32.128,8156.29,7355.2269,17484.38,-5.44044685,0.228856,0.498048,28.2354,0.8184,-0.303,0.050455,0.690262,-1.969943,164,0.648834,2296.5377,0.118178,0
754,32.1707,7868.71,7356.6052,17285.16,-6.1765694676,0.235095,0.448704,21.7701,0.9143,-0.041,0.058007,0.704701,-5.118061,154,0.62662,2468.3525,0.113661,0
755,32.2133,8031.7,7421.6071,17203.12,-6.4409524227,0.39547,0.425607,18.9949,0.8756,-0.0355,0.061832,0.692876,-5.80959,169,0.647977,2660.6382,0.120498,0
756,32.256,8277.13,7573.0437,17613.28,-6.7787215421,0.365265,0.398221,17.4424,0.8481,-0.0677,0.066646,0.711484,-1.815549,152,0.627662,2748.4948,0.119521,0
757,32.2987,8019.03,7467.195,17402.34,-6.6756589125,0.256129,0.404784,17.9308,0.8838,-0.0243,0.065463,0.70021,-2.184971,162,0.655398,2817.5156,0.118667,0
758,32.3413,8020.48,7333.4217,17273.44,-5.5619650312,0.251507,0.496226,28.477,0.8246,-0.2962,0.05072,0.684874,-3.617386,138,0.632649,2468.7571,0.115248,0
759,32.384,7932.88,7445.4246,17308.59,-6.3275040614,0.257413,0.425376,20.5816,0.8915,-0.0523,0.061871,0.687896,-6.550537,152,0.670259,2712.9054,0.119399,0
760,32.4267,8051.63,7509.3204,17566.41,-6.6844478313,0.289165,0.401156,17.193,0.9108,-0.0064,0.066115,0.716648,-5.702602,166,0.691057,2722.879,0.120864,0
761,32.4693,8000.58,7463.3097,17414.06,-6.7087378622,0.259974,0.405225,17.9251,0.8965,-0.0185,0.065384,0.704597,-3.520147,139,0.643503,2770.9093,0.116469,0
762,32.512,7844.11,7307.0587,17121.09,-5.5684858136,0.297365,0.49297,28.8076,0.8684,-0.2323,0.051197,0.665055,-1.831689,158,0.652831,2424.1211,0.112196,0
763,32.5547,8148.97,7470.2442,17660.16,-6.0378438247,0.334788,0.452375,22.8067,0.8554,-0.1449,0.057417,0.691611,-2.713144,147,0.651761,2509.5553,0.11244,0
764,32.5973,8063.8,7282.7174,17214.84,-5.1265635704,0.335393,0.519149,32.7476,0.7893,-0.379,0.047451,0.65176,-0.428706,135,0.640841,2356.1912,0.11769,0
765,32.64,8086.82,7392.8379,17496.09,-5.6169119544,0.241805,0.484329,26.8219,0.8352,-0.238,0.052477,0.670458,-0.917944,132,0.653875,2546.7475,0.117324,0
766,32.6827,8171.85,7516.3069,17566.41,-6.6715852167,0.229912,0.40836,16.8217,0.8748,-0.025,0.064826,0.712391,-5.72669,169,0.649561,2749.0528,0.114638,0
767,32.7253,8251.38,7572.5594,17636.72,-7.2381136435,0.222989,0.373655,14.0961,0.9166,0.0739,0.071255,0.732987,-4.61953,173,0.630288,2759.0897,0.11708,0
768,32.768,8422.7,7565.6983,17789.06,-7.315908659,0.249719,0.365029,14.2354,0.8762,0.0529,0.072945,0.743853,-6.804567,168,0.634823,2815.9888,0.121109,0
769,32.8107,7917.02,7447.82,17472.66,-6.7301009796,0.255856,0.406969,16.9876,0.9285,0.0593,0.065073,0.705203,-7.894236,167,0.647704,2780.9676,0.118301,0
770,32.8533,7995.46,7389.0993,17144.53,-6.4642002271,0.230004,0.423378,19.8617,0.9165,0.0495,0.062212,0.713188,-4.651557,165,0.661905,2602.9467,0.11415,0
771,32.896,8132.75,7495.8203,17625.0,-6.1887150488,0.269401,0.443718,20.9732,0.8369,-0.1885,0.058816,0.706888,-9.460451,159,0.655325,2566.817,0.118178,0
772,32.9387,8202.28,7379.5255,17496.09,-5.3226465232,0.207718,0.511903,29.0272,0.7796,-0.3919,0.048469,0.654625,-4.797605,184,0.628109,2364.8227,0.125504,0
773,32.9813,8226.17,7476.884,17578.12,-6.424962662,0.237247,0.422965,20.0332,0.8757,-0.0217,0.062283,0.708536,-3.517502,169,0.633315,2735.4301,0.117202,0
774,33.024,7881.86,7368.575,17203.12,-6.1280600169,0.316234,0.448559,23.2286,0.9141,-0.0091,0.05803,0.693534,-2.037635,145,0.653396,2525.2496,0.112074,0
775,33.0667,8051.73,7377.8897,17449.22,-6.155788186,0.182097,0.450661,22.1513,0.892,-0.0428,0.057692,0.706772,-2.741357,158,0.636711,2646.0711,0.118789,0
776,33.1093,8070.66,7445.4977,17449.22,-6.5904348859,0.359519,0.413128,18.8547,0.9049,-0.0054,0.063986,0.712891,-5.152422,157,0.646711,2736.4135,0.126847,0
777,33.152,8430.35,7384.948,17683.59,-6.2331956292,0.354022,0.442533,20.9576,0.8244,-0.1118,0.059009,0.726486,-3.101818,187,0.637835,2758.926,0.126602,0
778,33.1947,7977.78,7404.8803,17097.66,-6.5941799454,0.389192,0.410218,19.0083,0.911,0.0648,0.064498,0.698935,-5.040109,166,0.646142,2647.427,0.112807,0
779,33.2373,7867.93,7412.7777,17261.72,-5.9023854274,0.282133,0.461205,24.6614,0.8912,-0.1368,0.056018,0.683368,-4.725534,147,0.669771,2521.5668,0.112196,0
780,33.28,8037.6,7446.3284,17343.75,-6.711848902,0.315124,0.407447,18.1464,0.9155,0.0575,0.064988,0.709545,-6.830518,154,0.6232,2737.5127,0.121353,0
781,33.3227,8144.69,7466.0526,17472.66,-6.4991411085,0.259024,0.420836,17.3752,0.8588,-0.1105,0.062648,0.70654,-2.571019,164,0.651515,2819.0332,0.119888,0
782,33.3653,8304.06,7399.6618,17437.5,-6.0734387753,0.328373,0.457258,22.5315,0.8309,-0.1603,0.05664,0.709632,-1.972327,158,0.630491,2539.5081,0.115371,0
783,33.408,7860.21,7394.3219,17367.19,-6.1696473416,0.273925,0.443944,22.0318,0.9099,-0.0874,0.058779,0.705347,-3.760893,155,0.664379,2473.2005,0.11769,0
784,33.4507,8113.18,7521.6842,17566.41,-6.852471695,0.266893,0.392767,17.8502,0.9068,0.0523,0.067644,0.706856,-7.954945,158,0.656826,2800.1471,0.119277,0
785,33.4933,8013.97,7524.3239,17636.72,-5.4962347271,0.37279,0.47911,26.189,0.8219,-0.3579,0.053261,0.660081,-6.407525,140,0.682258,2491.1122,0.116347,0
786,33.536,7704.77,7348.0527,16957.03,-5.6349740695,0.26312,0.490853,27.8639,0.8681,-0.2558,0.051508,0.652674,-9.81319,119,0.634477,1778.6308,0.068734,0
787,33.5787,7755.12,7366.449,16792.97,-7.9124016442,0.279595,0.338471,11.8895,1.0171,0.322,0.078413,0.740124,0.0,0,0.95202,314.9203,0.01111,0
788,33.6213,0.0,0.0,0.0,0.0,0.0,0.0,0.0,0.0,0.0,0.0,0.0,0.0,0,0.0,0.0,0.0,1
789,33.664,0.0,0.0,0.0,0.0,0.0,0.0,0.0,0.0,0.0,0.0,0.0,0.0,0,0.0,0.0,0.0,1
790,33.7067,0.0,0.0,0.0,0.0,0.0,0.0,0.0,0.0,0.0,0.0,0.0,0.0,0,0.0,0.0,0.0,1
791,33.7493,0.0,0.0,0.0,0.0,0.0,0.0,0.0,0.0,0.0,0.0,0.0,0.0,0,0.0,0.0,0.0,1
792,33.792,0.0,0.0,0.0,0.0,0.0,0.0,0.0,0.0,0.0,0.0,0.0,0.0,0,0.0,0.0,0.0,1
793,33.8347,0.0,0.0,0.0,0.0,0.0,0.0,0.0,0.0,0.0,0.0,0.0,0.0,0,0.0,0.0,0.0,1
794,33.8773,0.0,0.0,0.0,0.0,0.0,0.0,0.0,0.0,0.0,0.0,0.0,0.0,0,0.0,0.0,0.0,1
795,33.92,0.0,0.0,0.0,0.0,0.0,0.0,0.0,0.0,0.0,0.0,0.0,0.0,0,0.0,0.0,0.0,1
796,33.9627,0.0,0.0,0.0,0.0,0.0,0.0,0.0,0.0,0.0,0.0,0.0,0.0,0,0.0,0.0,0.0,1
797,34.0053,0.0,0.0,0.0,0.0,0.0,0.0,0.0,0.0,0.0,0.0,0.0,0.0,0,0.0,0.0,0.0,1
798,34.048,0.0,0.0,0.0,0.0,0.0,0.0,0.0,0.0,0.0,0.0,0.0,0.0,0,0.0,0.0,0.0,1
799,34.0907,0.0,0.0,0.0,0.0,0.0,0.0,0.0,0.0,0.0,0.0,0.0,0.0,0,0.0,0.0,0.0,1
800,34.1333,0.0,0.0,0.0,0.0,0.0,0.0,0.0,0.0,0.0,0.0,0.0,0.0,0,0.0,0.0,0.0,1
801,34.176,0.0,0.0,0.0,0.0,0.0,0.0,0.0,0.0,0.0,0.0,0.0,0.0,0,0.0,0.0,0.0,1
802,34.2187,0.0,0.0,0.0,0.0,0.0,0.0,0.0,0.0,0.0,0.0,0.0,0.0,0,0.0,0.0,0.0,1
803,34.2613,0.0,0.0,0.0,0.0,0.0,0.0,0.0,0.0,0.0,0.0,0.0,0.0,0,0.0,0.0,0.0,1
804,34.304,0.0,0.0,0.0,0.0,0.0,0.0,0.0,0.0,0.0,0.0,0.0,0.0,0,0.0,0.0,0.0,1
805,34.3467,0.0,0.0,0.0,0.0,0.0,0.0,0.0,0.0,0.0,0.0,0.0,0.0,0,0.0,0.0,0.0,1
806,34.3893,0.0,0.0,0.0,0.0,0.0,0.0,0.0,0.0,0.0,0.0,0.0,0.0,0,0.0,0.0,0.0,1
807,34.432,0.0,0.0,0.0,0.0,0.0,0.0,0.0,0.0,0.0,0.0,0.0,0.0,0,0.0,0.0,0.0,1
808,34.4747,0.0,0.0,0.0,0.0,0.0,0.0,0.0,0.0,0.0,0.0,0.0,0.0,0,0.0,0.0,0.0,1
809,34.5173,0.0,0.0,0.0,0.0,0.0,0.0,0.0,0.0,0.0,0.0,0.0,0.0,0,0.0,0.0,0.0,1
810,34.56,0.0,0.0,0.0,0.0,0.0,0.0,0.0,0.0,0.0,0.0,0.0,0.0,0,0.0,0.0,0.0,1
811,34.6027,0.0,0.0,0.0,0.0,0.0,0.0,0.0,0.0,0.0,0.0,0.0,0.0,0,0.0,0.0,0.0,1
812,34.6453,0.0,0.0,0.0,0.0,0.0,0.0,0.0,0.0,0.0,0.0,0.0,0.0,0,0.0,0.0,0.0,1
813,34.688,0.0,0.0,0.0,0.0,0.0,0.0,0.0,0.0,0.0,0.0,0.0,0.0,0,0.0,0.0,0.0,1
814,34.7307,0.0,0.0,0.0,0.0,0.0,0.0,0.0,0.0,0.0,0.0,0.0,0.0,0,0.0,0.0,0.0,1
815,34.7733,0.0,0.0,0.0,0.0,0.0,0.0,0.0,0.0,0.0,0.0,0.0,0.0,0,0.0,0.0,0.0,1
816,34.816,0.0,0.0,0.0,0.0,0.0,0.0,0.0,0.0,0.0,0.0,0.0,0.0,0,0.0,0.0,0.0,1
817,34.8587,0.0,0.0,0.0,0.0,0.0,0.0,0.0,0.0,0.0,0.0,0.0,0.0,0,0.0,0.0,0.0,1
818,34.9013,0.0,0.0,0.0,0.0,0.0,0.0,0.0,0.0,0.0,0.0,0.0,0.0,0,0.0,0.0,0.0,1
819,34.944,0.0,0.0,0.0,0.0,0.0,0.0,0.0,0.0,0.0,0.0,0.0,0.0,0,0.0,0.0,0.0,1
820,34.9867,0.0,0.0,0.0,0.0,0.0,0.0,0.0,0.0,0.0,0.0,0.0,0.0,0,0.0,0.0,0.0,1
821,35.0293,0.0,0.0,0.0,0.0,0.0,0.0,0.0,0.0,0.0,0.0,0.0,0.0,0,0.0,0.0,0.0,1
822,35.072,0.0,0.0,0.0,0.0,0.0,0.0,0.0,0.0,0.0,0.0,0.0,0.0,0,0.0,0.0,0.0,1
823,35.1147,0.0,0.0,0.0,0.0,0.0,0.0,0.0,0.0,0.0,0.0,0.0,0.0,0,0.0,0.0,0.0,1
