frame,time,centroid,spread,rolloff,slope,obsir_std,flatness,crest,skewness,kurtosis,tonality,entropy,tpr,n_peaks,flux,irregularity,zcr,gated
0,0.0,8160.39,7382.7848,17531.25,-5.5714053585,0.310818,0.494525,24.1439,0.8296,-0.2767,0.050969,0.682985,-5.923861,157,0.0,2241.1362,0.112318,0
1,0.0427,8331.84,7498.5973,17566.41,-5.7982995922,0.209713,0.47257,21.45,0.7693,-0.3868,0.054256,0.702707,-4.211707,165,0.618823,2499.0993,0.117446,0
2,0.0853,8115.18,7474.6912,17566.41,-6.4097429395,0.270072,0.425073,18.6451,0.8878,-0.1024,0.061923,0.7123,-3.561041,160,0.64738,2639.0219,0.121475,0
3,0.128,8076.13,7417.3417,17554.69,-5.479746248,0.23776,0.495422,24.3364,0.8214,-0.3508,0.050837,0.686704,-1.710628,160,0.647248,2360.2819,0.12355,0
4,0.1707,7981.57,7473.4074,17496.09,-5.7791618211,0.332389,0.4683,21.5492,0.8468,-0.2944,0.054913,0.691142,-6.860282,146,0.62113,2356.3741,0.117446,0
5,0.2133,7967.55,7396.731,17484.38,-5.3730182419,0.337125,0.496752,26.038,0.8409,-0.3389,0.050643,0.67999,-2.919456,145,0.633085,2177.6224,0.111952,0
6,0.256,7880.31,7373.4576,17179.69,-5.694531439,0.333316,0.472897,22.4389,0.8538,-0.3093,0.054206,0.692067,-4.056389,139,0.658161,2337.852,0.116347,0
7,0.2987,7826.5,7300.0277,17062.5,-5.202524883,0.187419,0.513873,28.0853,0.8513,-0.3307,0.048191,0.661343,-6.201443,167,0.673733,1998.0538,0.11122,0
8,0.3413,8016.91,7289.7713,17121.09,-5.7287616623,0.224032,0.476763,22.522,0.894,-0.1196,0.053616,0.70364,-2.373456,165,0.652205,2453.3091,0.11122,0
9,0.384,8109.95,7416.5373,17367.19,-6.5560956789,0.300399,0.417832,17.28,0.9002,-0.0083,0.063166,0.721347,-5.600166,158,0.637653,2602.822,0.119399,0
10,0.4267,8169.6,7471.4904,17671.88,-6.0601999171,0.353659,0.439935,18.4773,0.8269,-0.2572,0.059435,0.684117,-5.690956,141,0.650807,2400.8598,0.119888,0
11,0.4693,8188.93,7493.1964,17542.97,-5.8773028653,0.39146,0.462193,20.9745,0.822,-0.2908,0.055863,0.706322,-5.21905,165,0.639213,2542.8214,0.117812,0
12,0.512,8248.89,7374.4325,17449.22,-6.4273140492,0.354586,0.423145,17.2722,0.8501,-0.1536,0.062252,0.729979,-4.274524,154,0.622166,2618.247,0.123672,0
13,0.5547,8153.18,7352.8915,17425.78,-5.9472099808,0.35207,0.463575,20.6157,0.8692,-0.1613,0.055647,0.719736,-2.378831,171,0.64999,2500.8126,0.121963,0
14,0.5973,8022.45,7346.1012,17402.34,-5.7375861194,0.280393,0.484617,22.8172,0.8434,-0.2876,0.052434,0.70875,-2.620421,148,0.645731,2321.7009,0.119888,0
15,0.64,8229.79,7457.4903,17648.44,-6.5275575839,0.241499,0.419028,17.1351,0.877,-0.0898,0.06296,0.723126,-3.000378,158,0.622075,2666.2113,0.116958,0
16,0.6827,7765.79,7372.0353,17332.03,-5.0900164492,0.33983,0.50927,31.2597,0.84,-0.4379,0.048842,0.641194,-2.102265,140,0.674873,2086.309,0.116591,0
17,0.7253,8434.19,7480.0848,17765.62,-6.2945586911,0.222163,0.436442,17.8449,0.8039,-0.2635,0.060012,0.726508,-4.368152,151,0.677673,2613.0692,0.121475,0
18,0.768,8184.3,7405.4436,17472.66,-6.1853771164,0.217348,0.4492,19.6311,0.8373,-0.2168,0.057927,0.724753,-4.910993,138,0.607869,2568.6003,0.124405,0
19,0.8107,7934.77,7435.0356,17296.88,-6.5279556539,0.31341,0.421951,17.75,0.8932,-0.1032,0.062456,0.704336,-2.03905,150,0.651414,2648.0042,0.119888,0
20,0.8533,8302.19,7558.1415,17718.75,-7.0066247738,0.258776,0.386368,13.8997,0.8689,-0.0985,0.068833,0.736674,-2.792139,166,0.645753,2832.212,0.116103,0
21,0.896,8227.43,7487.9681,17718.75,-6.0051552779,0.334802,0.461918,20.6301,0.8258,-0.2912,0.055906,0.708811,-4.624201,138,0.629082,2528.3168,0.12001,0
22,0.9387,8175.61,7407.5415,17531.25,-5.7375687902,0.335691,0.476908,20.5393,0.817,-0.2956,0.053594,0.685211,-2.775729,152,0.649183,2364.6938,0.121841,0
23,0.9813,8091.59,7445.5466,17449.22,-6.209508521,0.279216,0.44291,18.8542,0.8498,-0.2046,0.058947,0.697379,-7.515027,137,0.660119,2406.9247,0.118911,0
24,1.024,8024.66,7421.6764,17355.47,-5.8800924925,0.375433,0.46938,21.1646,0.8296,-0.3235,0.054746,0.692931,-3.080016,152,0.636684,2239.614,0.118423,0
25,1.0667,8300.84,7442.3613,17531.25,-5.826997263,0.336546,0.46472,21.1012,0.7912,-0.3581,0.055468,0.709066,-2.47352,162,0.656914,2508.4743,0.120254,0
26,1.1093,8092.14,7420.1873,17355.47,-7.0495817741,0.294906,0.383747,15.2129,0.8822,-0.0423,0.069326,0.72279,-5.59247,143,0.669412,2774.409,0.116103,0
27,1.152,7993.33,7380.3312,17378.91,-5.2516509631,0.396891,0.513595,26.7312,0.7987,-0.4603,0.04823,0.664724,-0.231861,161,0.6463,2180.1543,0.110487,0
28,1.1947,7960.3,7434.0943,17320.31,-5.9038599924,0.313052,0.461408,21.2458,0.8622,-0.2218,0.055986,0.694624,-1.960847,146,0.619772,2378.4862,0.116103,0
29,1.2373,8064.88,7442.3499,17472.66,-6.4455980079,0.23727,0.425189,16.8697,0.8697,-0.1533,0.061903,0.715463,-4.435939,143,0.654795,2556.5345,0.113051,0
30,1.28,7716.48,7339.0897,16980.47,-6.1132531076,0.252929,0.451365,20.2029,0.9339,-0.0491,0.057579,0.696092,-5.792105,167,0.650373,2432.0204,0.109266,0
31,1.3227,8180.25,7533.1504,17718.75,-5.9321347278,0.273534,0.460454,20.145,0.8071,-0.3577,0.056136,0.700865,-2.296088,163,0.651396,2508.8853,0.115859,0
32,1.3653,8083.95,7493.196,17554.69,-6.5667533707,0.279852,0.406131,16.179,0.8965,-0.0813,0.065222,0.723886,-6.486505,150,0.650679,2651.2549,0.114028,0
33,1.408,8084.33,7427.1587,17519.53,-5.1589179065,0.185681,0.517574,29.841,0.792,-0.461,0.047671,0.663282,-2.62797,142,0.633737,2161.0517,0.117202,0
34,1.4507,7965.12,7437.3702,17273.44,-6.4278522726,0.292823,0.427343,18.3605,0.8771,-0.132,0.061537,0.703492,-6.932264,151,0.639056,2566.1539,0.123184,0
35,1.4933,8324.94,7535.3594,17578.12,-6.6347057794,0.275743,0.41434,16.4179,0.8254,-0.1934,0.063774,0.723432,-3.474755,137,0.6294,2650.9762,0.127823,0
36,1.536,8353.89,7379.4173,17507.81,-6.0421596288,0.268193,0.455246,19.8783,0.7893,-0.2969,0.056959,0.733538,-4.137245,142,0.632456,2538.367,0.122818,0
37,1.5787,7905.93,7395.9119,17332.03,-5.4778756546,0.26176,0.491237,25.9096,0.853,-0.3191,0.051451,0.673596,-1.107223,177,0.638824,2274.9464,0.110853,0
38,1.6213,7792.53,7357.8799,17296.88,-4.9506898933,0.275532,0.531226,31.8449,0.8287,-0.4573,0.045787,0.628695,-6.441454,167,0.64736,2066.1295,0.111708,0
39,1.664,7969.69,7495.433,17554.69,-5.7087152933,0.294539,0.468708,22.9921,0.8341,-0.3506,0.05485,0.674805,-5.278761,159,0.646848,2452.3844,0.114638,0
40,1.7067,7899.77,7293.2444,17261.72,-5.1526315839,0.379967,0.522294,29.3136,0.8343,-0.4121,0.047014,0.67144,-2.758049,158,0.615462,2053.4382,0.113539,0
41,1.7493,8034.83,7443.4635,17496.09,-5.8163163958,0.321433,0.468681,21.05,0.8447,-0.3057,0.054854,0.703971,-3.454596,172,0.660591,2485.3068,0.11415,0
42,1.792,8063.39,7389.7717,17121.09,-6.2872968554,0.275254,0.441016,19.9139,0.8711,-0.0863,0.059258,0.695345,-3.781449,173,0.629282,2562.3636,0.114394,0
43,1.8347,7950.98,7319.1756,17320.31,-5.5553025459,0.316818,0.485757,25.5256,0.8544,-0.27,0.052264,0.67379,-1.017094,166,0.652481,2328.146,0.123062,0
44,1.8773,8329.38,7469.5961,17789.06,-6.0859615706,0.272929,0.453993,19.0334,0.8197,-0.2738,0.057158,0.720094,-4.580159,142,0.657811,2464.7796,0.132096,0
45,1.92,8384.38,7508.1686,17765.62,-6.9097127208,0.282764,0.392878,14.5437,0.8173,-0.1891,0.067624,0.735938,-8.822883,143,0.634573,2639.4991,0.134172,0
46,1.9627,8183.27,7454.6832,17566.41,-6.4658715744,0.358663,0.427796,16.8717,0.869,-0.1466,0.061461,0.727647,-8.139919,129,0.630346,2625.5611,0.129166,0
47,2.0053,8236.72,7426.2542,17484.38,-5.3730025146,0.245932,0.508857,25.1619,0.7918,-0.4182,0.048901,0.697828,-9.648285,146,0.601617,2191.3586,0.123672,0
48,2.048,8413.27,7464.9833,17660.16,-6.7808678974,0.252526,0.407218,14.9304,0.8212,-0.1999,0.065029,0.744021,-6.536331,150,0.630203,2773.3674,0.126724,0
49,2.0907,8179.06,7442.1838,17460.94,-6.5354162807,0.341881,0.42265,17.547,0.8743,-0.1217,0.062337,0.733124,-3.435233,165,0.628034,2702.5178,0.125137,0
50,2.1333,8220.2,7381.0192,17449.22,-6.2311868692,0.348751,0.437593,18.6084,0.8734,-0.1043,0.059822,0.723914,-5.461881,157,0.653287,2580.1197,0.125748,0
51,2.176,8017.64,7435.5414,17355.47,-5.8852339837,0.339929,0.46664,21.2421,0.8477,-0.2986,0.05517,0.694579,-4.130017,156,0.644663,2355.9363,0.124771,0
52,2.2187,8189.01,7473.0552,17402.34,-6.7688937851,0.294805,0.403568,15.6958,0.8837,-0.0462,0.06568,0.726111,-6.373128,163,0.620672,2706.372,0.121109,0
53,2.2613,8428.59,7481.6224,17695.31,-6.4300428952,0.325963,0.426353,16.1565,0.7871,-0.2831,0.061705,0.736252,-4.961583,153,0.62256,2638.6549,0.121597,0
54,2.304,8272.71,7472.4763,17625.0,-6.0105718374,0.270963,0.45562,19.0528,0.8241,-0.2663,0.056899,0.707805,-4.243167,153,0.617266,2608.1324,0.123184,0
55,2.3467,7960.08,7337.415,17332.03,-4.8467294891,0.284466,0.543032,34.4891,0.8068,-0.4879,0.044196,0.644434,-2.280526,149,0.650887,2009.2829,0.111098,0
56,2.3893,8099.78,7386.6516,17472.66,-5.4992721471,0.210819,0.49851,25.0404,0.8367,-0.3258,0.050388,0.701791,-5.181025,146,0.626131,2343.3337,0.112929,0
57,2.432,8036.53,7407.41,17449.22,-5.2718415021,0.269253,0.50428,24.8882,0.8095,-0.4413,0.049555,0.686103,-8.142107,151,0.631001,2198.4206,0.121109,0
58,2.4747,8142.88,7405.8022,17425.78,-5.5967018025,0.3484,0.476211,23.6302,0.8302,-0.2755,0.0537,0.682359,-3.971528,147,0.673444,2517.9583,0.110243,0
59,2.5173,7914.36,7483.867,17425.78,-5.548628225,0.342148,0.480441,24.558,0.825,-0.3659,0.05306,0.656507,-2.76498,175,0.65828,2449.8567,0.110243,0
60,2.56,8156.09,7450.7106,17531.25,-5.9884466976,0.235387,0.463594,20.4268,0.8388,-0.2546,0.055644,0.709064,-3.242833,191,0.646129,2514.9802,0.124039,0
61,2.6027,8405.74,7515.2108,17871.09,-6.1398862956,0.185541,0.454274,18.7111,0.8098,-0.2911,0.057114,0.730667,-3.887315,159,0.622037,2595.2474,0.129166,0
62,2.6453,8060.77,7425.2097,17507.81,-6.0152948016,0.249404,0.451809,20.4354,0.849,-0.2207,0.057507,0.693246,-5.142381,147,0.632286,2458.1862,0.118789,0
63,2.688,7925.22,7449.6855,17355.47,-6.5646486597,0.267294,0.418109,16.826,0.8773,-0.1595,0.063118,0.709635,-4.50122,173,0.636268,2755.0718,0.117568,0
64,2.7307,8072.91,7467.3064,17320.31,-6.5511866786,0.358051,0.417122,17.4833,0.8668,-0.1475,0.06329,0.707445,-2.792579,150,0.628857,2707.8521,0.121109,0
65,2.7733,8202.76,7432.3356,17695.31,-6.7809132607,0.249181,0.400424,15.6216,0.8765,-0.0793,0.066247,0.727883,-4.084664,162,0.652112,2824.4404,0.117446,0
66,2.816,8004.17,7313.2735,17343.75,-5.1203009338,0.25151,0.517291,29.9094,0.7996,-0.4303,0.047711,0.667538,-1.137199,156,0.677465,2173.8868,0.112196,0
67,2.8587,8024.49,7469.2386,17425.78,-6.4618054426,0.295157,0.426322,18.3205,0.8799,-0.1332,0.06171,0.715598,-8.540667,144,0.641989,2584.8205,0.117446,0
68,2.9013,8089.77,7483.6714,17320.31,-6.2638376858,0.269423,0.438696,18.8963,0.8572,-0.1634,0.059639,0.704865,-7.987837,145,0.596218,2588.3397,0.130631,0
69,2.944,8285.75,7468.1249,17578.12,-7.0125026044,0.373971,0.383646,13.7547,0.8747,-0.0604,0.069345,0.740826,-6.217505,155,0.649519,2656.6137,0.133439,0
70,2.9867,8097.02,7472.8166,17589.84,-6.2858754207,0.333073,0.4333,17.9777,0.8846,-0.142,0.060535,0.709578,-2.308082,186,0.663593,2622.9046,0.127823,0
71,3.0293,8093.91,7437.9024,17519.53,-6.2572883781,0.353056,0.439335,18.6482,0.8617,-0.2092,0.059534,0.712618,-5.696327,147,0.633557,2590.9782,0.120742,0
72,3.072,7957.87,7362.8323,17343.75,-5.6156765693,0.284474,0.474811,24.5657,0.8505,-0.3007,0.053913,0.684,-1.168273,165,0.661428,2325.985,0.118789,0
73,3.1147,7966.83,7376.069,17191.41,-5.6939289639,0.397561,0.473799,23.5431,0.8521,-0.2549,0.054068,0.685927,-2.029824,178,0.644211,2394.7783,0.117568,0
74,3.1573,8174.9,7465.8158,17402.34,-6.1827064824,0.352994,0.441935,18.5247,0.8324,-0.2454,0.059107,0.704561,-4.986389,163,0.659287,2591.4193,0.119644,0
75,3.2,8120.3,7459.6093,17542.97,-5.8553727658,0.342289,0.458702,21.6721,0.8255,-0.3057,0.056412,0.694279,-5.611932,142,0.618255,2427.3654,0.119033,0
76,3.2427,8104.2,7485.026,17566.41,-5.474520589,0.302969,0.490566,23.0748,0.7991,-0.434,0.05155,0.690593,-2.087641,142,0.641092,2286.9572,0.118911,0
77,3.2853,8015.5,7402.4705,17414.06,-6.2039066746,0.487819,0.436394,18.6335,0.8681,-0.1967,0.06002,0.69995,-1.644161,147,0.648936,2649.783,0.123672,0
78,3.328,8134.86,7418.2399,17589.84,-5.6245563647,0.409395,0.48134,23.4698,0.8505,-0.2712,0.052925,0.693395,-4.302252,167,0.640716,2292.7709,0.119888,0
79,3.3707,8363.47,7470.5301,17777.34,-5.8995326236,0.319296,0.465323,20.1939,0.7964,-0.3299,0.055374,0.722378,-3.794402,153,0.647063,2494.4704,0.123428,0
80,3.4133,8287.24,7440.5308,17355.47,-6.3757888019,0.301393,0.433659,17.8644,0.8509,-0.1334,0.060475,0.733656,-2.354884,175,0.634147,2660.2073,0.123794,0
81,3.456,8180.63,7382.5804,17718.75,-4.9890170961,0.252219,0.535417,30.7304,0.7976,-0.4731,0.045218,0.684507,-1.842099,146,0.636043,2065.0099,0.111586,0
82,3.4987,7825.66,7433.347,17367.19,-5.4492484855,0.230384,0.490681,24.6816,0.8479,-0.3428,0.051534,0.666641,-2.739579,154,0.643499,2354.5433,0.110365,0
83,3.5413,8271.28,7474.7626,17554.69,-6.9728635943,0.260244,0.386263,14.2986,0.856,-0.0964,0.068853,0.725809,-7.260211,156,0.659316,2783.7726,0.116713,0
84,3.584,7832.72,7395.5977,17214.84,-5.2955745579,0.230663,0.500941,26.5415,0.8558,-0.3567,0.050036,0.664936,-1.643956,168,0.656061,2159.8858,0.112318,0
85,3.6267,7973.79,7377.378,17144.53,-6.0188796153,0.298974,0.453774,21.0949,0.8875,-0.1335,0.057193,0.699883,-5.158656,170,0.679598,2530.2261,0.10951,0
86,3.6693,7820.64,7415.2878,17273.44,-5.2682850442,0.383627,0.505297,28.1612,0.8609,-0.3433,0.049409,0.655646,-1.757018,153,0.661256,2164.37,0.114516,0
87,3.712,8059.19,7419.2817,17425.78,-5.7026379196,0.389081,0.473556,21.8976,0.8358,-0.2957,0.054105,0.686462,-3.877466,156,0.623045,2541.7388,0.108778,0
88,3.7547,8023.08,7387.3141,17273.44,-5.6347105131,0.335667,0.476965,22.3384,0.8291,-0.3079,0.053586,0.691956,-3.532554,152,0.617568,2207.9488,0.112685,0
89,3.7973,7926.83,7410.5519,17343.75,-5.4437646719,0.38208,0.495098,24.7919,0.8516,-0.3306,0.050885,0.677795,-4.970718,135,0.66239,2317.6297,0.124283,0
90,3.84,8298.75,7414.3239,17414.06,-6.8621576901,0.278847,0.402529,15.3142,0.8728,-0.0399,0.065867,0.738303,-4.21938,160,0.658289,2716.5216,0.126236,0
91,3.8827,8135.74,7508.1672,17660.16,-6.3680560413,0.319894,0.432723,17.3077,0.8415,-0.2535,0.060632,0.715795,-6.019352,151,0.656917,2562.2151,0.125504,0
92,3.9253,7891.46,7331.1551,17214.84,-5.4618165187,0.376475,0.498631,23.9366,0.8579,-0.3226,0.05037,0.697261,-4.742602,146,0.642751,2248.5491,0.116958,0
93,3.968,8422.1,7507.1535,17625.0,-6.1771185607,0.287636,0.446629,19.1547,0.7811,-0.3289,0.058342,0.718001,-5.486974,151,0.628702,2535.6047,0.124161,0
94,4.0107,8136.01,7480.3105,17601.56,-6.0796968389,0.282378,0.448993,19.1009,0.8261,-0.2738,0.05796,0.695085,-6.015341,169,0.644928,2540.9252,0.128067,0
95,4.0533,8160.21,7473.6753,17660.16,-5.7194007256,0.305818,0.481346,22.7637,0.8112,-0.3723,0.052924,0.699325,-8.895733,143,0.622706,2291.0186,0.121841,0
96,4.096,8284.56,7530.0919,17718.75,-6.8012532124,0.311257,0.398039,15.9962,0.8566,-0.1022,0.066679,0.713034,-4.509047,184,0.641542,2766.1276,0.119521,0
97,4.1387,8079.38,7425.2174,17589.84,-5.2195944057,0.218005,0.506369,27.5669,0.8244,-0.3497,0.049255,0.671222,-0.703786,158,0.660711,2481.5333,0.113051,0
98,4.1813,7995.15,7405.4606,17343.75,-5.8535099852,0.298721,0.462219,21.6155,0.8588,-0.2546,0.055859,0.698548,-6.788508,152,0.646897,2456.7211,0.11708,0
99,4.224,8257.83,7463.0601,17613.28,-6.6303161244,0.222082,0.408227,16.111,0.8477,-0.1486,0.06485,0.722134,-6.715222,133,0.656424,2739.4578,0.130387,0
100,4.2667,8210.4,7470.82,17531.25,-6.2630818513,0.324252,0.443071,18.5112,0.8388,-0.2014,0.058921,0.720633,-6.609384,146,0.634182,2547.1178,0.12587,0
101,4.3093,7945.14,7409.4983,17191.41,-6.1878130369,0.287767,0.441183,18.8779,0.8581,-0.2158,0.05923,0.71372,-9.056454,152,0.640775,2410.8305,0.116347,0
102,4.352,8270.79,7403.2348,17484.38,-6.2215865647,0.257691,0.440304,18.4047,0.8316,-0.1996,0.059374,0.725074,-7.698198,139,0.663704,2636.271,0.114638,0
103,4.3947,8090.64,7464.8715,17542.97,-5.9775795349,0.310417,0.45811,21.2967,0.8411,-0.2508,0.056505,0.688822,-4.417888,159,0.636434,2431.283,0.114882,0
104,4.4373,8063.49,7441.6105,17402.34,-6.208750856,0.373811,0.441286,17.9487,0.8573,-0.2287,0.059213,0.713725,-8.543609,148,0.642231,2466.6796,0.117324,0
105,4.48,8137.53,7520.0859,17566.41,-6.6351238074,0.224611,0.410353,16.7868,0.8544,-0.1855,0.064474,0.71755,-4.420879,156,0.65635,2831.6393,0.118423,0
106,4.5227,7968.92,7411.826,17402.34,-6.4398636146,0.292574,0.427321,17.2801,0.8919,-0.1367,0.061541,0.712065,-3.873775,152,0.6617,2620.9937,0.130143,0
107,4.5653,8161.3,7356.4189,17285.16,-5.9381614318,0.212671,0.467483,21.0585,0.8421,-0.1832,0.055039,0.718019,-3.214853,167,0.649737,2461.9056,0.132707,0
108,4.608,8147.94,7497.0161,17578.12,-5.3281216613,0.236308,0.507809,26.9563,0.7978,-0.4268,0.04905,0.671078,-6.391102,151,0.627061,2260.0499,0.116713,0
109,4.6507,7971.77,7426.8778,17191.41,-6.0415919801,0.203051,0.456545,19.3344,0.8568,-0.2263,0.056753,0.694519,-6.384997,148,0.638077,2387.9375,0.112929,0
110,4.6933,8269.75,7408.5885,17437.5,-5.4627677637,0.300449,0.490504,24.4351,0.7915,-0.334,0.05156,0.691336,-2.973126,160,0.648192,2412.0894,0.124283,0
111,4.736,8253.78,7523.4731,17742.19,-6.7066997921,0.301017,0.405697,16.6152,0.8465,-0.1886,0.0653,0.712753,-5.246179,139,0.632726,2574.89,0.125259,0
112,4.7787,8197.54,7384.4409,17542.97,-4.7553552221,0.311956,0.537381,32.5782,0.75,-0.5492,0.044953,0.647825,-1.178919,163,0.632365,2185.7772,0.114394,0
113,4.8213,8013.63,7353.7358,17437.5,-4.9579540834,0.234499,0.530193,29.0268,0.823,-0.43,0.045928,0.6701,-1.341753,162,0.691004,2128.8454,0.114394,0
114,4.864,7838.87,7438.9652,17226.56,-6.4008022352,0.336776,0.426145,16.477,0.9131,-0.079,0.06174,0.697987,-6.026078,161,0.685241,2534.5354,0.117568,0
115,4.9067,8251.7,7409.8436,17332.03,-6.3743790904,0.200048,0.42805,18.4557,0.8472,-0.1281,0.061418,0.715498,-5.589848,146,0.630086,2632.5928,0.118911,0
116,4.9493,8102.78,7463.3507,17402.34,-6.0050543145,0.256245,0.452503,19.5804,0.8488,-0.2192,0.057396,0.690868,-1.423518,156,0.640924,2664.3246,0.122574,0
117,4.992,8163.09,7398.5998,17625.0,-5.4995252995,0.392586,0.495308,24.2247,0.8057,-0.4019,0.050854,0.697132,-3.351372,139,0.63627,2280.3077,0.118301,0
118,5.0347,7963.21,7425.1142,17378.91,-5.9202541892,0.370979,0.462931,21.272,0.8788,-0.1727,0.055747,0.68348,-2.398426,164,0.639424,2481.8727,0.114028,0
119,5.0773,8288.74,7568.0089,17566.41,-6.6490200761,0.2863,0.412224,16.3848,0.8488,-0.1522,0.064144,0.724807,-6.535544,160,0.653397,2714.1357,0.122818,0
120,5.12,8326.7,7459.543,17753.91,-6.6792892547,0.379839,0.412473,16.3907,0.8398,-0.1724,0.064101,0.735275,-4.4653,170,0.636462,2870.2306,0.117934,0
121,5.1627,7800.63,7411.8919,17273.44,-5.7320008816,0.285759,0.471566,23.0936,0.8827,-0.217,0.05441,0.672607,-0.869946,136,0.669428,2285.3716,0.109266,0
122,5.2053,8095.59,7413.5054,17589.84,-5.458303334,0.460458,0.505254,25.3656,0.8262,-0.3647,0.049415,0.687792,-3.806978,132,0.665953,2202.3767,0.115981,0
123,5.248,8182.24,7388.2347,17496.09,-5.2204223685,0.285333,0.520813,28.0276,0.7857,-0.4303,0.04722,0.683344,-5.785413,145,0.630192,2131.8913,0.118178,0
124,5.2907,8165.34,7424.2343,17402.34,-6.0163821113,0.314016,0.451806,19.9962,0.8506,-0.1926,0.057508,0.705183,-4.976753,146,0.651948,2595.4908,0.120498,0
125,5.3333,8072.08,7424.5065,17542.97,-5.7523742153,0.339672,0.478588,21.784,0.8331,-0.3163,0.05334,0.697368,-3.593751,136,0.631041,2341.0244,0.128556,0
126,5.376,8402.63,7514.51,17812.5,-6.4666966438,0.278047,0.423521,16.275,0.8185,-0.2073,0.062188,0.72301,-4.956804,151,0.645133,2682.5446,0.12941,0
127,5.4187,8261.54,7498.5775,17800.78,-6.5497036294,0.278416,0.41956,16.5042,0.8471,-0.1664,0.062868,0.7224,-6.951908,151,0.634163,2726.6364,0.12294,0
128,5.4613,7990.1,7372.7616,17332.03,-6.6479108298,0.300177,0.409608,16.1393,0.8721,-0.1219,0.064605,0.70883,-5.242616,160,0.640126,2604.7053,0.122696,0
129,5.504,8282.52,7457.8497,17625.0,-6.2797102615,0.315091,0.437248,18.9068,0.8233,-0.2182,0.059879,0.717465,-5.806359,150,0.643847,2488.3066,0.120986,0
130,5.5467,7986.21,7377.1726,17472.66,-5.4046228859,0.308071,0.492801,25.1374,0.8423,-0.3404,0.051221,0.668301,-5.894677,154,0.645608,2286.046,0.114882,0
131,5.5893,8122.14,7464.4118,17460.94,-5.5641279992,0.424262,0.4832,25.5437,0.8119,-0.3656,0.052645,0.670969,-0.945834,170,0.642495,2358.0094,0.115126,0
132,5.632,8099.59,7433.9763,17238.28,-6.0979852826,0.30966,0.451811,20.0279,0.8296,-0.227,0.057507,0.697852,-3.830096,185,0.617457,2544.9471,0.117934,0
133,5.6747,7921.11,7404.7689,17273.44,-6.0252665583,0.278844,0.45142,20.4343,0.8841,-0.1599,0.05757,0.699217,-3.666403,162,0.61986,2363.0737,0.113417,0
134,5.7173,8098.76,7540.1566,17589.84,-6.1722812347,0.306506,0.442275,19.0622,0.8286,-0.3061,0.059051,0.702325,-9.193516,140,0.637723,2572.0992,0.111464,0
135,5.76,8164.44,7492.0835,17589.84,-6.0029812104,0.460182,0.460652,21.5724,0.8563,-0.214,0.056105,0.699261,-4.392557,139,0.62284,2381.1779,0.120254,0
136,5.8027,8354.65,7645.9587,17894.53,-7.2041146796,0.173658,0.373706,13.6173,0.8319,-0.1936,0.071245,0.726519,-7.943147,124,0.621822,2784.4823,0.124405,0
137,5.8453,8380.09,7521.8085,17812.5,-6.4448332694,0.249251,0.427087,17.3703,0.8223,-0.2141,0.061581,0.728038,-6.624593,160,0.613991,2707.6939,0.124527,0
138,5.888,8033.35,7378.1856,17449.22,-5.3994550467,0.28156,0.501311,25.9826,0.8202,-0.3739,0.049982,0.675426,-5.230033,157,0.62836,2167.683,0.114272,0
139,5.9307,8075.1,7397.0682,17425.78,-4.6740711512,0.243822,0.554158,37.1379,0.7616,-0.5556,0.042728,0.623089,-1.235811,136,0.617738,2115.8777,0.106214,0
140,5.9733,7875.65,7400.2902,17261.72,-5.9562585254,0.347655,0.455961,20.5812,0.8612,-0.2487,0.056845,0.677481,-4.458197,151,0.664615,2410.8323,0.115615,0
141,6.016,8120.61,7439.6604,17332.03,-7.0425542592,0.3154,0.387484,14.7235,0.916,0.0313,0.068624,0.734929,-4.643499,145,0.659625,2746.1844,0.120132,0
142,6.0587,8134.57,7485.1961,17437.5,-6.6144386102,0.3666,0.407145,16.9233,0.8587,-0.1453,0.065042,0.717386,-9.844322,144,0.647753,2763.9905,0.122085,0
143,6.1013,8072.43,7465.7286,17437.5,-6.0552091987,0.262629,0.461589,21.5025,0.8384,-0.2539,0.055957,0.712236,-6.185432,153,0.613317,2531.2974,0.127091,0
144,6.144,8273.0,7503.7278,17765.62,-6.1883840585,0.280009,0.438538,18.1327,0.8378,-0.2459,0.059666,0.722994,-3.916537,150,0.638608,2573.0983,0.121719,0
145,6.1867,7808.92,7414.0353,17261.72,-5.8420662839,0.323668,0.465223,22.3234,0.8724,-0.2547,0.05539,0.678896,-4.796677,148,0.636542,2309.4293,0.116836,0
146,6.2293,8354.66,7519.2829,17824.22,-6.2042070815,0.373224,0.441978,18.9957,0.8068,-0.2731,0.0591,0.705601,-5.295584,145,0.640801,2658.7635,0.125992,0
147,6.272,8236.44,7428.8449,17531.25,-6.171723671,0.285184,0.447334,19.4785,0.8418,-0.2115,0.058228,0.722843,-6.780833,172,0.640953,2633.1462,0.119399,0
148,6.3147,7821.4,7412.2113,17261.72,-5.3863327991,0.27405,0.489466,26.177,0.832,-0.3867,0.051713,0.648997,-7.241435,172,0.647272,2178.8297,0.102185,0
149,6.3573,7703.62,7403.0245,17308.59,-5.0939428862,0.309164,0.511021,31.574,0.8585,-0.3978,0.048594,0.644209,-1.870635,169,0.65988,2023.1359,0.106214,0
150,6.4,8041.07,7428.502,17355.47,-6.2303636351,0.310994,0.44039,19.1958,0.8583,-0.1941,0.05936,0.717365,-6.422123,132,0.634918,2533.7937,0.121353,0
151,6.4427,7899.76,7329.0276,17238.28,-5.0255896672,0.318743,0.533547,33.956,0.8203,-0.4449,0.045471,0.642889,-2.640527,149,0.642887,2013.3359,0.115859,0
152,6.4853,7928.39,7437.6093,17203.12,-6.2686095167,0.30443,0.432728,19.48,0.876,-0.1554,0.060631,0.684901,-6.378705,152,0.650796,2595.6828,0.111342,0
153,6.528,8091.05,7444.0774,17554.69,-5.5863166342,0.254364,0.482803,23.7777,0.8252,-0.347,0.052705,0.6823,-8.331181,141,0.670503,2342.3043,0.11476,0
154,6.5707,8120.68,7417.7545,17625.0,-5.240746249,0.319289,0.51655,27.771,0.7912,-0.4622,0.047815,0.67691,-2.238491,144,0.642999,2242.7781,0.115371,0
155,6.6133,7954.6,7311.5963,17273.44,-5.4106247219,0.248683,0.5068,25.7521,0.8582,-0.2815,0.049194,0.677831,-6.625104,151,0.634507,2320.5888,0.119033,0
156,6.656,8070.42,7358.3421,17308.59,-6.2495952068,0.340003,0.437467,18.5664,0.8865,-0.0925,0.059842,0.703504,-4.995932,169,0.650343,2544.0592,0.118301,0
157,6.6987,7934.86,7442.354,17238.28,-7.0463347578,0.316087,0.382591,14.7704,0.925,-0.0016,0.069544,0.720152,-7.22382,148,0.652864,2785.1986,0.111708,0
158,6.7413,7863.05,7435.2837,17402.34,-5.523194471,0.317643,0.485536,24.399,0.8605,-0.3282,0.052296,0.678376,-2.723781,169,0.674051,2341.175,0.100232,0
159,6.784,7736.64,7303.3744,17050.78,-4.8712541947,0.298706,0.52587,33.1622,0.8309,-0.4318,0.04652,0.609565,-6.60282,140,0.648642,2117.5206,0.10951,0
160,6.8267,8172.4,7497.7468,17484.38,-6.4647488968,0.324825,0.426167,16.772,0.8722,-0.1413,0.061737,0.724339,-6.393117,137,0.677332,2523.2681,0.117202,0
161,6.8693,8014.56,7455.5279,17367.19,-6.4945382915,0.411236,0.418517,17.5678,0.8899,-0.0868,0.063048,0.704692,-6.539155,148,0.633701,2782.825,0.114638,0
162,6.912,7960.01,7356.3614,17250.0,-5.4340661294,0.337285,0.503481,25.7509,0.8402,-0.3539,0.049669,0.691169,-1.883269,143,0.655803,2378.4799,0.122329,0
163,6.9547,8338.79,7513.8293,17671.88,-6.3442463134,0.397168,0.432369,18.7748,0.8313,-0.1834,0.060691,0.714294,-1.905862,146,0.600382,2702.3274,0.124283,0
164,6.9973,8173.31,7526.5883,17625.0,-6.6491706011,0.297553,0.408351,16.5682,0.8741,-0.1045,0.064828,0.720537,-4.370635,153,0.596032,2624.1677,0.121597,0
165,7.04,7938.27,7344.6222,17273.44,-4.9324385223,0.302981,0.532793,32.8377,0.8273,-0.4066,0.045574,0.639147,-2.274833,149,0.635701,2068.5165,0.116347,0
166,7.0827,7875.2,7335.3991,17132.81,-5.8488460934,0.354831,0.470713,22.0648,0.8694,-0.2183,0.054541,0.6858,-4.734945,146,0.642719,2483.5308,0.109633,0
167,7.1253,8083.35,7430.227,17449.22,-6.1127396323,0.220603,0.452016,19.7946,0.8343,-0.2431,0.057474,0.708328,-5.350141,168,0.641368,2647.3067,0.112929,0
168,7.168,8268.81,7523.2636,17648.44,-7.0179220769,0.272899,0.380376,14.6367,0.864,-0.1136,0.069965,0.729937,-4.901032,176,0.625058,2747.0474,0.125626,0
169,7.2107,8237.17,7416.3629,17554.69,-6.6509907341,0.250059,0.415551,16.2394,0.8672,-0.1031,0.063563,0.733871,-3.437269,144,0.6192,2679.2499,0.125992,0
170,7.2533,8116.87,7515.6684,17671.88,-6.5558639041,0.312239,0.418248,16.3837,0.8746,-0.1677,0.063094,0.726306,-5.273749,150,0.618309,2741.2199,0.120498,0
171,7.296,8332.73,7443.6455,17695.31,-6.2991081775,0.439445,0.432472,17.0845,0.8311,-0.2151,0.060674,0.726847,-4.115297,168,0.638253,2610.0135,0.124893,0
172,7.3387,8057.24,7456.4897,17460.94,-5.9846940085,0.308264,0.461258,20.9833,0.836,-0.2738,0.056009,0.685479,-3.343193,149,0.629325,2478.2451,0.120254,0
173,7.3813,7988.77,7460.6459,17261.72,-5.5919000135,0.202447,0.483699,22.8204,0.8239,-0.3071,0.052571,0.667414,-5.051209,170,0.638881,2371.107,0.118545,0
174,7.424,8013.75,7491.135,17296.88,-6.473961818,0.310001,0.418071,17.6455,0.8415,-0.2125,0.063125,0.688558,-7.41712,151,0.654876,2531.5283,0.117324,0
175,7.4667,7937.6,7464.8283,17378.91,-5.8931739345,0.32114,0.463378,20.1541,0.8413,-0.3097,0.055677,0.685557,-2.663727,144,0.636364,2317.0863,0.11122,0
176,7.5093,8111.89,7408.4758,17519.53,-5.6788476969,0.359211,0.484542,22.239,0.8181,-0.3287,0.052445,0.69235,-7.286674,150,0.649657,2377.7064,0.112807,0
177,7.552,8026.01,7370.5768,17308.59,-5.6245082672,0.314883,0.475604,22.7309,0.8485,-0.2759,0.053792,0.690585,-3.578892,153,0.652766,2350.9425,0.117202,0
178,7.5947,8205.16,7488.2477,17507.81,-6.905489764,0.328392,0.393266,15.4528,0.8566,-0.1084,0.067552,0.7283,-6.017568,149,0.652806,2937.2832,0.128067,0
179,7.6373,8163.73,7487.5838,17507.81,-7.0425777568,0.202128,0.386114,13.8083,0.8847,-0.0476,0.068881,0.730628,-7.201226,146,0.637422,2747.1015,0.126847,0
180,7.68,8093.14,7374.1047,17343.75,-6.1897460816,0.297069,0.444019,18.4778,0.8556,-0.1969,0.058766,0.710891,-9.719115,119,0.670023,2474.2809,0.12062,0
181,7.7227,8171.33,7445.6611,17660.16,-5.6418428133,0.37174,0.479012,21.9114,0.8111,-0.3971,0.053276,0.707989,-2.595742,151,0.63919,2356.4818,0.122574,0
182,7.7653,8116.9,7476.0389,17484.38,-6.1272916075,0.310442,0.448331,19.2337,0.8425,-0.2639,0.058067,0.70802,-6.69977,160,0.652481,2532.2121,0.12001,0
183,7.808,7888.69,7417.1266,17261.72,-6.0840023135,0.255766,0.456993,20.4251,0.8724,-0.1822,0.056682,0.690083,-9.821737,150,0.624121,2366.4357,0.121597,0
184,7.8507,8172.51,7452.8889,17507.81,-6.4380560443,0.210512,0.430314,17.9996,0.8474,-0.1892,0.061036,0.721526,-5.434266,166,0.614182,2637.4751,0.122329,0
185,7.8933,8091.98,7384.9193,17437.5,-5.1544396812,0.228228,0.514636,28.5109,0.8009,-0.4206,0.048083,0.671323,-2.043144,151,0.631107,2207.851,0.116591,0
186,7.936,8213.91,7565.6318,17589.84,-7.0764356796,0.267417,0.385236,14.7051,0.8709,-0.0933,0.069046,0.727161,-7.162627,157,0.627403,2775.6114,0.122207,0
187,7.9787,8196.59,7426.0114,17601.56,-5.8988002526,0.225685,0.462313,21.2803,0.8337,-0.2491,0.055844,0.716237,-2.441984,144,0.621368,2381.5175,0.1288,0
188,8.0213,8269.13,7375.9945,17449.22,-5.6822977574,0.342387,0.479712,22.7235,0.8198,-0.2722,0.05317,0.717032,-3.96831,156,0.611958,2345.58,0.124405,0
189,8.064,8100.15,7445.3005,17542.97,-6.0480342117,0.194789,0.460647,20.3685,0.8381,-0.2415,0.056105,0.706355,-6.110439,146,0.649693,2363.6701,0.121597,0
190,8.1067,7998.06,7540.1466,17449.22,-7.0984446252,0.267879,0.382305,13.9833,0.9131,-0.0277,0.069598,0.730198,-7.539743,158,0.62899,2751.0712,0.125626,0
191,8.1493,8279.17,7509.1786,17484.38,-6.4756780678,0.243834,0.423294,16.7451,0.8257,-0.2292,0.062226,0.726683,-5.105238,118,0.630805,2535.8635,0.126236,0
192,8.192,8280.06,7557.4916,17753.91,-6.1619423075,0.245658,0.442884,19.1449,0.8316,-0.2458,0.058952,0.722573,-4.008858,141,0.612606,2633.0445,0.125626,0
193,8.2347,8202.69,7496.3081,17636.72,-6.2734905538,0.350118,0.432053,18.5352,0.8386,-0.2338,0.060744,0.716975,-4.091114,139,0.621757,2669.0272,0.121597,0
194,8.2773,7808.91,7324.6947,17226.56,-5.9939205877,0.373359,0.458252,21.5611,0.9197,-0.1009,0.056483,0.698448,-3.67997,145,0.636183,2463.7109,0.118301,0
195,8.32,8047.21,7404.7468,17191.41,-6.2663970937,0.369253,0.435455,18.6895,0.8717,-0.1363,0.060176,0.697976,-1.827607,151,0.640557,2393.919,0.115981,0
196,8.3627,8119.1,7503.7596,17636.72,-6.5504085936,0.258648,0.418935,17.1185,0.8709,-0.1462,0.062976,0.71885,-8.070126,139,0.628311,2684.7564,0.120864,0
197,8.4053,8372.98,7465.5763,17707.03,-6.2515889486,0.295811,0.444057,17.4206,0.8001,-0.287,0.05876,0.728849,-3.241449,173,0.648464,2508.7108,0.131974,0
198,8.448,8439.45,7493.3903,17847.66,-5.7970023815,0.262155,0.468631,20.3006,0.7739,-0.3867,0.054862,0.714475,-6.950467,150,0.631332,2542.6182,0.134294,0
199,8.4907,8359.39,7523.8454,17707.03,-6.471287451,0.367761,0.417254,17.4107,0.8362,-0.1485,0.063267,0.703831,-4.669576,150,0.629492,2728.516,0.132462,0
200,8.5333,8268.78,7510.2489,17718.75,-6.1479021105,0.301032,0.446309,18.7918,0.8101,-0.2842,0.058394,0.707652,-2.661403,164,0.651329,2629.9588,0.12587,0
201,8.576,8143.9,7453.574,17660.16,-5.9112067997,0.284522,0.466677,21.1918,0.8476,-0.2351,0.055164,0.70201,-2.270899,140,0.637098,2454.2748,0.127457,0
202,8.6187,8224.37,7433.5442,17671.88,-6.0502031097,0.289238,0.457989,20.3459,0.827,-0.2668,0.056524,0.712447,-1.843154,137,0.62124,2497.1024,0.123306,0
203,8.6613,8344.97,7512.947,17882.81,-6.320092753,0.22021,0.43697,17.7581,0.806,-0.2866,0.059925,0.724449,-6.280407,147,0.621799,2586.2954,0.115737,0
204,8.704,8237.75,7405.4387,17601.56,-5.6660806195,0.424426,0.486362,24.1292,0.8119,-0.3071,0.052173,0.70014,-3.211596,140,0.650428,2402.4332,0.11476,0
205,8.7467,8001.6,7434.0909,17390.62,-6.1463011399,0.298159,0.442811,19.5089,0.8521,-0.2215,0.058964,0.692724,-4.983322,138,0.626606,2541.1772,0.112318,0
206,8.7893,8125.91,7501.9855,17449.22,-6.2636230232,0.214715,0.43573,18.505,0.8303,-0.2209,0.06013,0.708437,-5.741134,134,0.632447,2626.2451,0.115004,0
207,8.832,8030.94,7541.8316,17507.81,-6.7359025037,0.25215,0.402328,15.7122,0.8605,-0.1679,0.065903,0.702995,-6.675932,146,0.619598,2773.5176,0.123428,0
208,8.8747,8265.83,7463.4914,17496.09,-6.8101892011,0.345713,0.4001,14.7518,0.8448,-0.1271,0.066305,0.732591,-5.30119,147,0.640387,2698.4585,0.121719,0
209,8.9173,8109.4,7562.6292,17660.16,-6.8123216785,0.273271,0.39541,16.0638,0.8657,-0.1504,0.067159,0.714493,-5.713593,152,0.642243,2571.5387,0.11708,0
210,8.96,8002.13,7451.9715,17542.97,-5.6319667557,0.247933,0.480339,22.5543,0.822,-0.3691,0.053075,0.678803,-8.188868,147,0.652164,2314.1422,0.115493,0
211,9.0027,7980.76,7460.5845,17332.03,-5.8424037811,0.26715,0.47324,22.181,0.8562,-0.283,0.054153,0.699686,-6.984109,154,0.648097,2329.7668,0.112196,0
212,9.0453,8156.7,7436.3651,17472.66,-6.1791893055,0.354134,0.439675,19.6526,0.8331,-0.2398,0.059478,0.706164,-4.165702,148,0.640279,2591.5536,0.11476,0
213,9.088,7920.14,7408.528,17332.03,-6.1164732801,0.433895,0.446404,19.8034,0.8983,-0.1481,0.058379,0.697999,-8.020407,156,0.654499,2473.7685,0.116347,0
214,9.1307,8237.98,7429.9136,17636.72,-6.0824799598,0.250208,0.451649,19.1133,0.8304,-0.2396,0.057533,0.72031,-4.082105,146,0.643092,2616.8282,0.119277,0
215,9.1733,8160.19,7462.6812,17425.78,-6.4745196652,0.33409,0.419086,17.0522,0.8855,-0.0668,0.062949,0.714842,-4.14628,151,0.65028,2659.5658,0.124649,0
216,9.216,8147.46,7419.1411,17343.75,-5.9724491312,0.295736,0.451374,19.64,0.8385,-0.204,0.057577,0.706261,-6.686911,142,0.639303,2533.746,0.12941,0
217,9.2587,8329.72,7515.9033,17683.59,-6.7997777981,0.332121,0.39922,14.8393,0.8616,-0.1157,0.066465,0.737991,-4.681601,154,0.642706,2682.4512,0.119155,0
218,9.3013,7893.59,7436.4895,17378.91,-5.6658998796,0.292464,0.47804,23.7391,0.8723,-0.273,0.053423,0.686791,-3.439968,145,0.644571,2287.0035,0.104383,0
219,9.344,7975.97,7392.8067,17355.47,-5.4485369471,0.413063,0.488764,24.7052,0.8261,-0.3878,0.051817,0.679766,-5.610351,152,0.650358,2258.3936,0.113173,0
220,9.3867,8290.05,7447.2017,17648.44,-6.3206699608,0.42799,0.428628,17.4908,0.8486,-0.1546,0.06132,0.713035,-8.060162,145,0.654111,2591.8032,0.116836,0
221,9.4293,7882.51,7446.8421,17402.34,-5.4036915595,0.326455,0.492025,26.103,0.8281,-0.3906,0.051335,0.662283,-7.68109,156,0.669445,2172.6936,0.114028,0
222,9.472,8067.81,7437.4865,17414.06,-5.8491771749,0.33659,0.463486,21.1747,0.8469,-0.2644,0.055661,0.695793,-7.108651,158,0.652163,2535.8026,0.119155,0
223,9.5147,8057.54,7388.5434,17296.88,-5.9041137016,0.340289,0.460621,20.7334,0.8581,-0.2137,0.056109,0.702572,-7.095839,151,0.652744,2429.0883,0.120742,0
224,9.5573,7938.97,7391.0584,17203.12,-5.769194216,0.37608,0.468155,21.5201,0.8598,-0.2395,0.054935,0.674476,-9.382536,150,0.627628,2332.6655,0.121475,0
225,9.6,8246.79,7515.7383,17789.06,-6.2387185966,0.306345,0.436624,17.9867,0.814,-0.2898,0.059982,0.717291,-5.201122,128,0.653461,2562.5085,0.124771,0
226,9.6427,8294.94,7479.2103,17578.12,-6.1083373844,0.314864,0.451136,19.1278,0.8302,-0.2274,0.057615,0.719733,-3.006684,179,0.665121,2541.2556,0.123916,0
227,9.6853,8065.78,7456.6004,17308.59,-6.2740362627,0.318195,0.428067,18.788,0.8896,-0.0824,0.061415,0.713147,-3.692095,149,0.609448,2536.0334,0.119521,0
228,9.728,7919.87,7359.5871,17296.88,-5.9950586116,0.291377,0.453995,20.593,0.8765,-0.2024,0.057158,0.699122,-6.398326,148,0.641772,2449.5661,0.117202,0
229,9.7707,8378.76,7500.6145,17753.91,-5.5484351746,0.277792,0.485388,22.5636,0.7845,-0.3893,0.052318,0.707277,-2.500733,145,0.621268,2329.6858,0.116836,0
230,9.8133,8000.47,7304.4851,17132.81,-5.4978079896,0.293679,0.496353,25.0377,0.8535,-0.2894,0.050702,0.703863,-4.230446,140,0.630364,2250.6503,0.113783,0
231,9.856,7976.88,7361.3772,17261.72,-6.008383118,0.271366,0.455908,19.7079,0.87,-0.1984,0.056854,0.70743,-4.329603,153,0.631837,2438.5611,0.113783,0
232,9.8987,8176.52,7477.3437,17542.97,-6.1785098616,0.17777,0.448552,19.9873,0.8333,-0.2337,0.058031,0.708195,-2.228732,153,0.645625,2539.3056,0.113661,0
233,9.9413,8064.91,7492.037,17542.97,-6.0518956175,0.334597,0.444877,19.3751,0.8669,-0.2163,0.058627,0.699807,-4.17462,139,0.652812,2462.1538,0.115004,0
234,9.984,8205.82,7429.1082,17460.94,-5.9900736089,0.252867,0.455524,19.9228,0.8211,-0.2601,0.056915,0.707157,-2.994534,151,0.643572,2415.8643,0.121231,0
235,10.0267,8134.64,7430.5149,17601.56,-5.835095087,0.25923,0.470293,20.8707,0.8413,-0.2694,0.054605,0.72105,-6.304626,140,0.625445,2445.761,0.123672,0
236,10.0693,8077.41,7395.6462,17332.03,-6.7703646015,0.232451,0.400221,15.8628,0.8779,-0.096,0.066283,0.712763,-2.870735,162,0.646609,2894.319,0.131486,0
237,10.112,8138.41,7438.4479,17496.09,-5.9160385577,0.24036,0.455628,20.6438,0.8653,-0.195,0.056898,0.709321,-3.535385,153,0.623926,2373.6835,0.123794,0
238,10.1547,7977.94,7429.964,17343.75,-5.3807630519,0.325088,0.501492,26.4407,0.8252,-0.3539,0.049956,0.654751,-8.838028,129,0.669391,2262.6263,0.121231,0
239,10.1973,8611.04,7509.0028,17871.09,-6.5634441321,0.315128,0.414952,15.7054,0.8116,-0.1465,0.063667,0.740512,-4.43892,162,0.642566,2765.3203,0.136369,0
240,10.24,8253.0,7544.1979,17636.72,-6.8747367273,0.260654,0.396654,15.0514,0.8645,-0.1172,0.066931,0.728881,-9.069289,131,0.634253,2661.8853,0.126847,0
241,10.2827,8134.81,7382.3063,17460.94,-5.4091779977,0.28124,0.500018,24.5207,0.8038,-0.3939,0.050169,0.692942,-2.555355,170,0.618133,2222.9912,0.12001,0
242,10.3253,8243.31,7545.2706,17671.88,-5.8466940733,0.237149,0.473755,21.536,0.7989,-0.3628,0.054074,0.696525,-3.796262,157,0.620394,2291.3248,0.123428,0
243,10.368,7864.32,7317.9154,17273.44,-5.7640447828,0.258473,0.469903,22.4599,0.8817,-0.2197,0.054665,0.683796,-5.819666,155,0.654604,2288.3923,0.117934,0
244,10.4107,8150.77,7362.7535,17367.19,-5.9856282996,0.216044,0.467416,21.3747,0.8447,-0.2117,0.055049,0.717578,-2.612014,155,0.663991,2359.9306,0.120376,0
245,10.4533,8122.61,7446.6365,17437.5,-6.5864089267,0.270194,0.413951,16.1989,0.8706,-0.1298,0.063842,0.725698,-5.297161,161,0.657481,2734.0964,0.124161,0
246,10.496,8321.26,7514.9559,17742.19,-6.6241411291,0.221072,0.414882,16.4496,0.8609,-0.1097,0.063679,0.73615,-4.772272,153,0.658226,2721.5587,0.129166,0
247,10.5387,8321.3,7471.8885,17660.16,-6.2018561381,0.29505,0.444972,19.4795,0.8081,-0.2509,0.058611,0.707643,-1.241031,171,0.626461,2590.248,0.123916,0
248,10.5813,7958.91,7416.6903,17285.16,-6.0648095115,0.365217,0.457158,20.9002,0.857,-0.2176,0.056656,0.689659,-3.919289,162,0.623145,2464.3939,0.116713,0
249,10.624,8055.21,7376.0612,17250.0,-6.127581478,0.391329,0.451346,20.4625,0.8663,-0.16,0.057582,0.695987,-4.152263,159,0.640738,2602.1496,0.115126,0
250,10.6667,8162.06,7453.6982,17578.12,-5.4450123114,0.328704,0.49414,23.1519,0.8066,-0.3732,0.051025,0.689938,-2.663288,150,0.655632,2304.3646,0.118056,0
251,10.7093,8137.72,7356.2765,17378.91,-5.6948256947,0.360473,0.479059,22.7448,0.8351,-0.2791,0.053269,0.712773,-3.148094,130,0.639713,2236.2717,0.124283,0
252,10.752,8251.65,7411.7147,17636.72,-5.729780749,0.292459,0.481128,21.2213,0.8025,-0.3407,0.052957,0.708143,-4.108262,162,0.628989,2420.4134,0.120742,0
253,10.7947,8368.54,7452.4282,17625.0,-5.7836318081,0.281947,0.471074,21.2053,0.7692,-0.3944,0.054485,0.71673,-1.703344,153,0.636038,2443.8664,0.121475,0
254,10.8373,8152.61,7455.4879,17660.16,-5.8047181381,0.240209,0.467538,21.6506,0.8339,-0.309,0.055031,0.706952,-3.174185,143,0.641389,2387.4181,0.122574,0
255,10.88,7868.86,7348.2024,17191.41,-5.7224668746,0.28261,0.475469,22.8735,0.8809,-0.2084,0.053813,0.68468,-2.248816,147,0.625411,2261.247,0.120742,0
256,10.9227,8054.21,7472.5639,17566.41,-6.0633336968,0.260898,0.452856,20.739,0.8316,-0.2708,0.05734,0.682693,-4.731369,149,0.648325,2393.3616,0.121109,0
257,10.9653,8205.76,7427.0172,17519.53,-5.9293899177,0.335434,0.45714,19.7603,0.8348,-0.2477,0.056659,0.701334,-1.067792,140,0.649037,2526.5137,0.118911,0
258,11.008,7842.84,7406.5831,17062.5,-6.730744888,0.304818,0.404009,16.2759,0.9397,0.0306,0.065602,0.713427,-8.608407,142,0.647655,2638.8517,0.114028,0
259,11.0507,7906.91,7341.1213,17109.38,-5.5526805614,0.291778,0.489294,26.0877,0.8705,-0.2445,0.051738,0.68084,-1.969988,156,0.638463,2245.1075,0.115248,0
260,11.0933,7997.04,7419.9721,17097.66,-6.3264032424,0.243001,0.436477,18.2403,0.8815,-0.1299,0.060006,0.71068,-4.183727,163,0.644451,2652.6596,0.120986,0
261,11.136,8210.93,7480.4178,17484.38,-5.9710544976,0.323728,0.457741,19.6208,0.8228,-0.2754,0.056563,0.697821,-3.694647,140,0.616363,2457.5157,0.120864,0
262,11.1787,8037.47,7380.9646,17332.03,-6.1699044582,0.328756,0.447977,19.2829,0.8514,-0.2208,0.058124,0.710807,-4.841463,154,0.652015,2542.7083,0.119644,0
263,11.2213,8212.79,7412.3579,17308.59,-6.718177981,0.295425,0.411155,14.8922,0.8706,-0.0697,0.064332,0.734478,-7.472033,167,0.628201,2652.6767,0.121353,0
264,11.264,7977.97,7476.9109,17414.06,-6.244971328,0.280191,0.437344,18.5546,0.8753,-0.1836,0.059863,0.70966,-5.772301,141,0.642324,2559.7182,0.121231,0
265,11.3067,8318.16,7467.7777,17437.5,-7.0868906011,0.273968,0.379948,14.4357,0.87,-0.0358,0.070046,0.737665,-4.501846,156,0.645019,2862.995,0.129166,0
266,11.3493,8142.19,7476.0905,17554.69,-6.1213271288,0.315359,0.444222,18.3224,0.839,-0.2406,0.058733,0.700035,-4.784293,160,0.639897,2633.6619,0.133317,0
267,11.392,8579.01,7523.365,17941.41,-6.6352937009,0.207022,0.413563,15.6314,0.7949,-0.2286,0.06391,0.746681,-6.753801,149,0.65322,2816.6086,0.126847,0
268,11.4347,8009.28,7450.2963,17460.94,-5.9841009982,0.32551,0.460747,21.8549,0.8648,-0.2074,0.05609,0.70036,-4.971716,151,0.633081,2513.0369,0.121231,0
269,11.4773,7866.25,7377.959,17250.0,-5.7228729404,0.377293,0.478652,23.536,0.9017,-0.1675,0.05333,0.690387,-4.147243,159,0.631798,2386.8175,0.113906,0
270,11.52,8016.43,7384.9949,17402.34,-5.7751872452,0.238873,0.474799,22.3291,0.8393,-0.3101,0.053915,0.697744,-3.750423,173,0.630396,2281.4177,0.113051,0
271,11.5627,8283.0,7362.111,17250.0,-5.9709245103,0.324581,0.457785,19.714,0.8285,-0.2251,0.056556,0.726608,-2.669887,171,0.676776,2538.5401,0.113539,0
272,11.6053,8294.02,7438.8871,17613.28,-5.3105222193,0.313754,0.504772,24.0262,0.7638,-0.4545,0.049484,0.693238,-2.615886,166,0.651869,2273.9717,0.111464,0
273,11.648,7964.53,7339.0786,17367.19,-5.9367186352,0.301909,0.464213,20.9335,0.8766,-0.1854,0.055547,0.706189,-2.914147,163,0.639664,2457.5251,0.114028,0
274,11.6907,7974.47,7429.0162,17437.5,-5.3338858505,0.227678,0.494363,26.6312,0.8176,-0.418,0.050992,0.675642,-7.071267,142,0.643315,2193.7948,0.121231,0
275,11.7333,8234.53,7509.4623,17695.31,-6.5890393126,0.336509,0.41024,16.7021,0.8568,-0.1605,0.064494,0.709341,-6.385167,152,0.638558,2740.204,0.121231,0
276,11.776,8135.7,7447.5985,17660.16,-5.9389524151,0.287422,0.459944,20.43,0.8212,-0.3169,0.056216,0.701933,-3.160852,141,0.640639,2416.748,0.122329,0
277,11.8187,8189.32,7475.551,17589.84,-6.399829563,0.264419,0.428266,18.6402,0.8612,-0.1359,0.061381,0.719091,-6.923532,147,0.626453,2593.583,0.128067,0
278,11.8613,8406.32,7508.9247,17742.19,-6.475431741,0.207964,0.430716,17.7974,0.83,-0.1557,0.060968,0.733874,-3.924463,126,0.622811,2588.7328,0.129044,0
279,11.904,8486.02,7511.8837,17800.78,-6.6457209325,0.272802,0.404055,15.9698,0.8119,-0.2075,0.065593,0.733937,-5.187127,159,0.596846,2670.0863,0.12941,0
280,11.9467,8234.58,7460.7268,17566.41,-6.8537574568,0.253577,0.394188,14.5168,0.8774,-0.0776,0.067383,0.738811,-4.855477,176,0.643423,2786.5507,0.120498,0
281,11.9893,8006.55,7355.6272,17296.88,-5.4193305907,0.256345,0.496017,24.727,0.8481,-0.3061,0.050751,0.693531,-4.60361,153,0.628917,2289.4956,0.116713,0
282,12.032,8265.48,7562.6534,17683.59,-6.4425844953,0.290176,0.415859,16.5797,0.8344,-0.2232,0.063509,0.713576,-6.886274,158,0.635118,2744.7244,0.120498,0
283,12.0747,7983.41,7427.8914,17367.19,-5.6650067505,0.432644,0.479557,23.06,0.8603,-0.2608,0.053193,0.687807,-6.700361,145,0.637682,2422.7149,0.117324,0
284,12.1173,7830.71,7314.7925,17156.25,-4.8065324187,0.295868,0.537395,37.8432,0.8328,-0.4341,0.044951,0.612857,0.132028,151,0.668849,2086.9882,0.108534,0
285,12.16,7970.99,7363.6641,17402.34,-4.8580881319,0.291786,0.535006,34.5936,0.7913,-0.5183,0.045274,0.639585,-0.300981,162,0.638118,2071.7435,0.109877,0
286,12.2027,8176.08,7410.4231,17660.16,-5.5762631091,0.277495,0.48578,23.9389,0.8253,-0.3415,0.05226,0.712913,-4.417642,150,0.653026,2341.4001,0.120498,0
287,12.2453,8174.84,7459.7558,17648.44,-6.0895149495,0.226403,0.455361,20.0068,0.8274,-0.2845,0.056941,0.722577,-5.492448,145,0.632665,2467.4831,0.118911,0
288,12.288,8215.39,7374.0727,17355.47,-6.1460348258,0.260316,0.448764,20.3694,0.8415,-0.1612,0.057997,0.721501,-3.150761,156,0.602481,2463.8842,0.123062,0
289,12.3307,8304.1,7433.1657,17507.81,-6.3198886283,0.271521,0.436839,18.0332,0.8351,-0.1977,0.059946,0.746524,-7.218316,144,0.631891,2542.9028,0.127091,0
290,12.3733,8028.99,7340.1037,17308.59,-5.1665996563,0.26518,0.529945,31.0609,0.8094,-0.4028,0.045961,0.666509,-2.198258,147,0.616629,2098.1008,0.119766,0
291,12.416,8196.95,7446.429,17648.44,-5.7084146013,0.365667,0.484451,22.5363,0.8129,-0.3518,0.052458,0.702525,-6.019473,148,0.629971,2379.8891,0.12355,0
292,12.4587,7908.06,7392.7457,17261.72,-6.2370709068,0.253038,0.438965,18.8102,0.9075,-0.1291,0.059595,0.709846,-4.420557,170,0.652481,2630.8639,0.120498,0
293,12.5013,8162.33,7446.5632,17554.69,-5.7794251461,0.300203,0.472927,22.6213,0.8308,-0.2906,0.054201,0.712874,-6.917607,148,0.629759,2368.2546,0.113783,0
294,12.544,8343.81,7482.8741,17707.03,-6.9172329405,0.3163,0.394929,14.7606,0.8284,-0.1484,0.067247,0.737884,-7.963976,154,0.643952,2787.0953,0.122085,0
295,12.5867,8150.03,7405.1596,17472.66,-5.8580746411,0.278167,0.467861,21.8727,0.8234,-0.304,0.05498,0.699638,-1.289942,153,0.6252,2305.5892,0.125382,0
296,12.6293,8234.73,7479.0616,17648.44,-5.7864398688,0.304726,0.469038,20.8077,0.8078,-0.3004,0.054799,0.701274,-2.869752,151,0.646104,2517.6583,0.126724,0
297,12.672,8448.13,7487.1026,17800.78,-6.645510184,0.339413,0.414796,16.244,0.8441,-0.1322,0.063694,0.739354,-4.180481,155,0.623224,2702.5072,0.128312,0
298,12.7147,8054.28,7411.0838,17132.81,-6.6933596897,0.212584,0.407037,16.3554,0.8833,-0.088,0.065061,0.725133,-4.12263,179,0.649753,2684.3497,0.123794,0
299,12.7573,8252.0,7495.4986,17742.19,-6.5547225938,0.35825,0.41192,16.595,0.8792,-0.1058,0.064198,0.72196,-7.355948,144,0.671015,2636.3369,0.12587,0
300,12.8,8254.0,7400.5701,17531.25,-5.0459050746,0.320909,0.523681,28.413,0.782,-0.462,0.046822,0.672132,-2.809945,168,0.646116,2181.5195,0.129532,0
301,12.8427,8153.49,7509.5069,17519.53,-6.350898033,0.317252,0.432363,18.8563,0.8374,-0.2096,0.060692,0.711189,-7.557766,147,0.650593,2747.5226,0.120498,0
302,12.8853,8332.38,7455.1303,17472.66,-6.3812889295,0.231159,0.425567,17.8285,0.8372,-0.1487,0.061839,0.714901,-2.856768,166,0.629595,2614.9849,0.122207,0
303,12.928,8338.39,7516.6618,17765.62,-6.1866849718,0.298613,0.439452,18.3989,0.8096,-0.273,0.059515,0.718264,-2.74902,133,0.630687,2645.9645,0.132218,0
304,12.9707,8239.24,7487.8353,17636.72,-6.3012424759,0.286889,0.433865,17.6011,0.8297,-0.2537,0.060441,0.719843,-5.960604,150,0.623572,2570.8746,0.126847,0
305,13.0133,7969.26,7499.4909,17355.47,-6.8009893129,0.283347,0.400964,15.9464,0.9168,-0.0345,0.066149,0.708077,-6.117446,148,0.641776,2690.3163,0.120864,0
306,13.056,8086.56,7475.6553,17472.66,-6.3656103778,0.246857,0.431455,17.6271,0.8587,-0.1712,0.060844,0.70865,-4.520948,162,0.63738,2582.6948,0.119644,0
307,13.0987,7925.71,7364.0643,17203.12,-5.7802500553,0.401046,0.465635,21.9027,0.8523,-0.2479,0.055326,0.685224,-4.639557,139,0.644158,2370.3782,0.12355,0
308,13.1413,8185.07,7539.7514,17718.75,-5.7137450514,0.211638,0.471936,23.28,0.8197,-0.3401,0.054353,0.688002,-1.584422,161,0.659435,2442.5536,0.118423,0
309,13.184,8174.54,7436.8466,17589.84,-5.9079480039,0.448224,0.464896,20.9993,0.8335,-0.237,0.055441,0.698631,-2.336252,168,0.640891,2494.9323,0.108534,0
310,13.2267,7908.57,7389.3045,17343.75,-5.3275281509,0.320547,0.506448,27.3069,0.8466,-0.3467,0.049244,0.671217,-0.820808,157,0.629207,2375.6072,0.106947,0
311,13.2693,8206.59,7427.1351,17378.91,-6.1043024446,0.310417,0.443948,19.5302,0.8403,-0.2213,0.058778,0.71594,-6.505961,160,0.658565,2558.739,0.112318,0
312,13.312,8145.1,7400.8328,17484.38,-5.2060887335,0.304337,0.511552,27.5892,0.7997,-0.427,0.048518,0.671598,-1.848657,172,0.632825,2214.5169,0.115615,0
313,13.3547,8066.26,7429.9738,17542.97,-5.8732587414,0.268364,0.467283,22.0421,0.8585,-0.2258,0.05507,0.695718,-8.247725,136,0.630825,2544.1876,0.122329,0
314,13.3973,8185.25,7489.1401,17542.97,-5.6909482862,0.335258,0.473496,22.3313,0.8157,-0.3514,0.054114,0.694604,-3.979802,151,0.645326,2345.6391,0.124405,0
315,13.44,8166.66,7422.63,17425.78,-5.7542445086,0.420815,0.479492,22.2428,0.8561,-0.2164,0.053203,0.713219,-2.835857,168,0.625512,2369.0211,0.119644,0
316,13.4827,8323.76,7543.6584,17835.94,-6.7888790761,0.257578,0.397886,15.6016,0.8393,-0.142,0.066707,0.728872,-7.153634,175,0.641782,2823.8643,0.117934,0
317,13.5253,7951.74,7436.6796,17156.25,-6.2755505847,0.17513,0.434779,18.7453,0.8732,-0.1525,0.060289,0.696836,-4.190124,146,0.652145,2563.7177,0.118056,0
318,13.568,8199.38,7431.0197,17472.66,-5.7165964911,0.231043,0.482181,22.6737,0.7939,-0.3451,0.052798,0.703223,-4.969117,160,0.657953,2455.3762,0.121963,0
319,13.6107,7941.17,7467.9701,17320.31,-6.3830159634,0.312808,0.427371,18.2699,0.8972,-0.115,0.061532,0.708456,-4.961517,158,0.679237,2577.4924,0.125626,0
320,13.6533,8125.41,7476.8018,17378.91,-6.4934872425,0.248043,0.423934,17.8024,0.8583,-0.1562,0.062117,0.716584,-2.997674,158,0.652936,2567.8401,0.114394,0
321,13.696,7716.88,7340.2615,17015.62,-5.3975689148,0.324881,0.497286,28.1587,0.8895,-0.2552,0.050566,0.660117,-1.465074,149,0.621016,2213.0391,0.104505,0
322,13.7387,8045.3,7418.0372,17484.38,-5.802673721,0.246347,0.467697,22.6656,0.8415,-0.2761,0.055006,0.689214,-5.627889,172,0.658268,2415.6153,0.112685,0
323,13.7813,8118.54,7529.327,17625.0,-6.1029185608,0.421346,0.444339,19.7676,0.8554,-0.2298,0.058714,0.701476,-2.627048,160,0.640669,2539.2941,0.121475,0
324,13.824,8330.77,7449.3534,17589.84,-5.9424791416,0.239731,0.460805,19.9786,0.8,-0.3158,0.056081,0.717562,-1.297441,150,0.652636,2604.0182,0.122696,0
325,13.8667,8069.51,7394.6663,17402.34,-6.1384173834,0.277291,0.448603,19.681,0.8761,-0.1435,0.058023,0.718273,-3.429955,170,0.637985,2398.6505,0.117202,0
326,13.9093,8074.54,7404.4282,17519.53,-5.3163632367,0.413738,0.508281,27.2862,0.8217,-0.3896,0.048983,0.681053,-4.242924,150,0.624225,2164.1461,0.110609,0
327,13.952,7927.59,7461.7589,17496.09,-5.5294935287,0.289712,0.480753,24.5512,0.8594,-0.3129,0.053013,0.681741,-5.696117,160,0.656107,2309.9188,0.109022,0
328,13.9947,8316.26,7543.7366,17835.94,-5.6812393995,0.328985,0.473099,22.1469,0.7664,-0.4208,0.054175,0.684113,-1.305904,168,0.659941,2634.5157,0.11708,0
329,14.0373,8198.39,7462.7924,17613.28,-6.8749560112,0.289492,0.397535,15.0822,0.8883,-0.0302,0.066771,0.737235,-7.154451,155,0.626755,2791.6325,0.126969,0
330,14.08,8174.38,7371.7023,17472.66,-6.022514672,0.296708,0.456959,18.707,0.8497,-0.2049,0.056687,0.716185,-2.633687,144,0.642787,2484.2053,0.123794,0
331,14.1227,7838.27,7275.0649,17156.25,-4.9191742815,0.352388,0.535767,34.4924,0.8244,-0.4292,0.045171,0.630112,-0.98148,174,0.657401,2273.6873,0.109999,0
332,14.1653,8210.05,7459.9994,17566.41,-6.8345422804,0.304203,0.3981,15.703,0.8656,-0.0769,0.066668,0.721465,-4.043819,150,0.636916,2626.6105,0.121597,0
333,14.208,8270.99,7399.2197,17484.38,-6.3809365804,0.311295,0.431255,17.3513,0.8205,-0.2478,0.060878,0.727178,-6.971233,174,0.638893,2745.7278,0.130143,0
334,14.2507,8212.08,7411.6789,17613.28,-5.3224855867,0.309387,0.502169,25.8472,0.7988,-0.3944,0.049858,0.69809,-2.794314,163,0.614508,2380.1117,0.120742,0
335,14.2933,8238.97,7399.8048,17531.25,-5.8090574274,0.246124,0.473003,21.4266,0.8093,-0.2872,0.054189,0.70289,-0.928461,154,0.640877,2553.0613,0.121963,0
336,14.336,8107.27,7519.2238,17496.09,-6.6896842354,0.237305,0.401686,16.8892,0.8765,-0.1115,0.066019,0.725043,-3.061889,156,0.640896,2750.8561,0.122451,0
337,14.3787,8014.36,7326.7518,17343.75,-5.6016591488,0.279542,0.490561,24.6198,0.8263,-0.3239,0.051551,0.695406,-2.215352,170,0.643751,2300.5725,0.11708,0
338,14.4213,8107.28,7429.0911,17578.12,-6.0118295479,0.238938,0.461678,21.7067,0.8439,-0.2461,0.055943,0.706615,-2.649133,142,0.629611,2482.6598,0.118301,0
339,14.464,8368.61,7463.0565,17542.97,-6.3659347228,0.221569,0.436874,17.6959,0.8276,-0.1878,0.059941,0.735056,-4.867423,156,0.625366,2611.1344,0.130143,0
340,14.5067,8146.92,7463.8146,17496.09,-6.4226875653,0.259538,0.428142,17.6424,0.8728,-0.12,0.061402,0.718568,-5.108221,146,0.634544,2637.4203,0.127457,0
341,14.5493,8042.56,7371.296,17226.56,-6.1415837329,0.381512,0.441007,19.2442,0.8757,-0.134,0.059259,0.713083,-4.774492,157,0.640215,2596.0288,0.116225,0
342,14.592,8066.48,7415.6267,17519.53,-5.7845135003,0.290088,0.478623,24.2147,0.8257,-0.3215,0.053334,0.692931,-3.881028,147,0.64948,2425.7656,0.113051,0
343,14.6347,8433.48,7572.4019,17871.09,-6.542680164,0.3003,0.416373,17.0241,0.8106,-0.2379,0.06342,0.724564,-2.168725,142,0.63279,2617.7666,0.123794,0
344,14.6773,8045.29,7423.0335,17378.91,-5.8129128236,0.179898,0.47518,22.3735,0.8454,-0.2488,0.053857,0.693442,-5.638354,155,0.643533,2424.4116,0.125748,0
345,14.72,7985.52,7489.8679,17414.06,-5.8617149643,0.275934,0.46196,21.3437,0.8467,-0.3027,0.055899,0.696375,-3.228162,158,0.637675,2519.728,0.116225,0
346,14.7627,8107.73,7522.8573,17636.72,-6.5577549659,0.328565,0.415353,16.8365,0.8657,-0.1632,0.063597,0.709072,-3.402766,150,0.680569,2626.8606,0.119521,0
347,14.8053,8280.97,7473.4872,17660.16,-6.3563390022,0.33112,0.433281,18.3194,0.8329,-0.184,0.060538,0.719733,-6.452453,141,0.642267,2527.0961,0.11769,0
348,14.848,7621.64,7323.9441,16945.31,-5.7846388672,0.312617,0.469517,23.476,0.9297,-0.1333,0.054725,0.672286,-4.026574,155,0.646596,2185.9467,0.111586,0
349,14.8907,7821.23,7368.6018,17121.09,-5.5509104559,0.331654,0.484064,23.7294,0.9033,-0.201,0.052516,0.680006,-3.406264,155,0.671456,2292.7513,0.107069,0
350,14.9333,7806.46,7300.2871,17179.69,-5.0431041346,0.256317,0.521788,30.5424,0.8325,-0.4316,0.047084,0.650877,-1.773192,156,0.67796,2015.8944,0.119033,0
351,14.976,8457.77,7501.5121,17519.53,-6.3572096314,0.228339,0.433798,18.3231,0.8092,-0.1886,0.060452,0.726774,-3.379511,145,0.680923,2602.2549,0.129899,0
352,15.0187,8157.35,7470.1787,17367.19,-6.5873277898,0.282917,0.414487,16.6581,0.8614,-0.1184,0.063748,0.726478,-5.089005,152,0.649078,2692.1031,0.128067,0
353,15.0613,8294.62,7532.4022,17742.19,-6.7023107648,0.308803,0.406401,15.667,0.8549,-0.1534,0.065174,0.727858,-4.968951,146,0.616186,2672.7557,0.124283,0
354,15.104,8169.9,7389.651,17273.44,-6.3305835694,0.349376,0.428087,18.0911,0.8737,-0.1001,0.061411,0.723544,-4.010535,156,0.624943,2528.6176,0.122207,0
355,15.1467,8183.13,7409.0728,17414.06,-6.0658506598,0.421905,0.454353,19.3687,0.8459,-0.2349,0.057101,0.709835,-3.812982,148,0.643783,2420.9953,0.125382,0
356,15.1893,8047.06,7395.4196,17402.34,-5.6277945858,0.280168,0.478312,22.4841,0.8156,-0.3719,0.053381,0.694567,-5.453186,152,0.638239,2367.1729,0.117934,0
357,15.232,7937.97,7409.8617,17296.88,-6.1012935686,0.304228,0.452226,20.0871,0.9016,-0.1243,0.057441,0.710549,-6.472531,161,0.636231,2502.4001,0.111952,0
358,15.2747,8138.49,7437.0359,17425.78,-6.4037126355,0.259498,0.422054,17.7128,0.8745,-0.1318,0.062439,0.722015,-4.385741,153,0.619259,2717.8759,0.116469,0
359,15.3173,8327.5,7418.3142,17390.62,-7.1309063942,0.332153,0.374338,14.8075,0.8783,0.0311,0.071123,0.739064,-4.452838,178,0.64273,2880.2609,0.122574,0
360,15.36,7959.51,7462.7378,17472.66,-6.2065282743,0.251046,0.433212,17.8479,0.8805,-0.1707,0.06055,0.694485,-5.643904,154,0.679602,2509.6262,0.126602,0
361,15.4027,8189.41,7459.599,17636.72,-6.2483803311,0.32427,0.435896,17.4599,0.861,-0.1681,0.060103,0.723249,-3.814619,159,0.66509,2466.5227,0.123428,0
362,15.4453,8166.14,7467.5898,17566.41,-6.0216032889,0.311641,0.45813,19.9024,0.8288,-0.29,0.056502,0.699188,-6.625857,139,0.644979,2508.6661,0.126236,0
363,15.488,8222.72,7507.7165,17636.72,-7.0427150451,0.420772,0.380086,14.1551,0.9022,-0.0028,0.07002,0.725445,-4.24361,151,0.634546,2755.1893,0.124649,0
364,15.5307,7944.54,7424.9704,17214.84,-5.8626754795,0.238162,0.465614,21.8657,0.8848,-0.1691,0.055329,0.700806,-2.517309,182,0.634071,2404.6961,0.121109,0
365,15.5733,8202.56,7405.6998,17320.31,-6.2468073341,0.286828,0.440666,19.0376,0.8604,-0.1403,0.059315,0.718709,-3.740922,144,0.629441,2588.8508,0.125626,0
366,15.616,7977.87,7379.5467,17273.44,-5.8226933947,0.35547,0.468181,21.9717,0.8527,-0.243,0.054931,0.68737,-5.722479,156,0.646346,2434.5677,0.120376,0
367,15.6587,7964.39,7489.9218,17367.19,-5.8672766465,0.232972,0.460826,21.7378,0.8658,-0.2253,0.056077,0.683339,-4.037768,140,0.651088,2551.1193,0.116225,0
368,15.7013,8200.85,7418.4148,17542.97,-5.5667116916,0.384344,0.491798,24.3981,0.8027,-0.3616,0.051369,0.691328,-3.007053,161,0.664747,2320.9736,0.118056,0
369,15.744,8301.05,7547.1019,17789.06,-6.2188641794,0.300948,0.441772,17.9165,0.8179,-0.2646,0.059134,0.706753,-5.163561,132,0.636604,2425.7938,0.123794,0
370,15.7867,8183.5,7481.0107,17484.38,-6.4304039582,0.30828,0.421457,17.7752,0.8705,-0.1115,0.062541,0.715314,-3.586251,173,0.65592,2660.9375,0.125748,0
371,15.8293,8156.17,7509.089,17730.47,-6.9722981539,0.233108,0.384718,14.8972,0.8836,-0.0826,0.069143,0.726077,-6.433737,163,0.651395,2796.5018,0.113783,0
372,15.872,8007.07,7499.1571,17496.09,-5.987939232,0.264599,0.453972,20.979,0.8618,-0.2088,0.057162,0.695115,-6.781847,172,0.640134,2508.2633,0.1089,0
373,15.9147,8090.33,7432.7165,17531.25,-5.2577198851,0.149563,0.51646,28.062,0.7851,-0.4454,0.047827,0.654528,-6.63698,164,0.640974,2168.9599,0.118423,0
374,15.9573,8195.56,7457.9881,17460.94,-6.1768059575,0.22971,0.441568,19.4973,0.8415,-0.2003,0.059167,0.704662,-3.690662,180,0.613088,2585.7408,0.125992,0
375,16.0,8125.54,7536.2268,17648.44,-5.8618472309,0.313961,0.464931,21.0898,0.8238,-0.3489,0.055435,0.694354,-2.123632,142,0.640145,2339.5143,0.128189,0
376,16.0427,7966.34,7371.2021,17238.28,-5.9228542811,0.371661,0.461841,20.5927,0.859,-0.2405,0.055918,0.69941,-5.798362,159,0.618819,2429.8959,0.11476,0
377,16.0853,7651.47,7232.991,16792.97,-5.4434455194,0.324826,0.495977,27.9415,0.905,-0.1677,0.050756,0.652166,-2.979326,152,0.648122,2264.2064,0.096691,0
378,16.128,7993.47,7455.4378,17460.94,-5.5453213833,0.350237,0.488196,24.4351,0.831,-0.3515,0.051901,0.680501,-3.111422,160,0.660199,2271.1114,0.113417,0
379,16.1707,7995.16,7409.9948,17296.88,-6.2376272781,0.297049,0.441861,19.1576,0.899,-0.0775,0.059119,0.704396,-5.629391,170,0.634698,2624.9806,0.124893,0
380,16.2133,7888.06,7377.5455,16968.75,-5.6784935859,0.356201,0.473263,24.1712,0.8877,-0.1634,0.05415,0.676538,-2.566768,158,0.637307,2390.4778,0.110243,0
381,16.256,7956.98,7399.0803,17261.72,-5.7586910502,0.351003,0.476246,21.7697,0.8607,-0.2245,0.053695,0.669891,-4.213891,162,0.668289,2343.4773,0.105726,0
382,16.2987,8054.2,7497.9579,17730.47,-5.9485067187,0.232352,0.456923,20.352,0.8168,-0.3423,0.056693,0.680432,-3.986689,161,0.629436,2444.568,0.109755,0
383,16.3413,8115.19,7377.5018,17437.5,-5.3040745204,0.528086,0.509236,26.4289,0.8057,-0.4036,0.048847,0.667384,-1.492214,141,0.643226,2224.0221,0.109999,0
384,16.384,7966.03,7448.9094,17308.59,-6.1348729389,0.291916,0.446813,19.2371,0.8758,-0.1497,0.058312,0.691764,-3.318584,146,0.653193,2344.6658,0.108656,0
385,16.4267,8044.05,7418.0621,17390.62,-6.0391836084,0.324486,0.445985,19.9714,0.8405,-0.2368,0.058447,0.694526,-7.166294,163,0.637422,2476.7539,0.125748,0
386,16.4693,8257.65,7448.2267,17472.66,-6.2323295991,0.359544,0.436769,19.2232,0.8399,-0.1952,0.059958,0.715277,-4.008545,152,0.641069,2495.1627,0.134538,0
387,16.512,8220.71,7479.1196,17683.59,-5.7617841145,0.306049,0.466494,20.4582,0.8202,-0.3248,0.055192,0.711937,-3.56721,142,0.644941,2359.1594,0.124771,0
388,16.5547,8380.06,7551.9938,17671.88,-7.3213123079,0.410717,0.3578,13.3292,0.8832,-0.0071,0.074393,0.73376,-4.724745,159,0.65507,2874.7756,0.119521,0
389,16.5973,8168.11,7492.4284,17449.22,-6.1202611873,0.217924,0.450053,19.4178,0.8334,-0.2229,0.057789,0.703854,-3.493566,164,0.630389,2376.5205,0.11769,0
390,16.64,8135.69,7428.272,17355.47,-6.6358497583,0.230211,0.405043,16.0441,0.8655,-0.0795,0.065417,0.715906,-5.759679,165,0.646478,2839.4619,0.115493,0
391,16.6827,8091.34,7304.9216,17191.41,-6.1632204956,0.275263,0.450809,19.5255,0.8639,-0.1258,0.057668,0.724137,-4.189054,131,0.658811,2464.0456,0.114516,0
392,16.7253,8139.48,7471.9695,17507.81,-6.0742021472,0.377794,0.447141,20.2535,0.8458,-0.2259,0.058259,0.703821,-3.485891,172,0.638157,2632.9633,0.115615,0
393,16.768,8357.66,7493.1075,17777.34,-5.6796112963,0.252199,0.473776,22.3822,0.7997,-0.3061,0.054071,0.702297,-1.748648,150,0.636599,2426.7958,0.119277,0
394,16.8107,8328.54,7440.2267,17542.97,-6.0566046664,0.212014,0.451669,20.2354,0.8117,-0.2355,0.05753,0.723646,-4.683718,169,0.631668,2579.8939,0.128434,0
395,16.8533,8345.67,7507.8462,17765.62,-6.1334535064,0.230271,0.440326,18.6007,0.7992,-0.3035,0.059371,0.712794,-3.010594,159,0.659201,2657.399,0.126236,0
396,16.896,8231.25,7545.9437,17707.03,-6.8252508853,0.306016,0.393557,15.3295,0.874,-0.1194,0.067499,0.728163,-6.013292,143,0.639803,2836.4465,0.122329,0
397,16.9387,8054.92,7477.1873,17460.94,-6.1268662787,0.291567,0.454572,20.1214,0.8489,-0.221,0.057066,0.706796,-5.394667,161,0.618195,2572.3439,0.124039,0
398,16.9813,8164.83,7517.8368,17601.56,-7.0081425262,0.264286,0.385218,14.466,0.87,-0.1042,0.069049,0.728791,-4.8833,156,0.643534,2655.8737,0.119888,0
399,17.024,8301.64,7464.2473,17753.91,-6.4326443847,0.270452,0.427544,17.6361,0.8384,-0.1994,0.061503,0.719451,-2.134258,168,0.617242,2561.2314,0.129777,0
400,17.0667,8356.49,7507.1699,17695.31,-6.2622410543,0.260444,0.441455,18.1482,0.7994,-0.3046,0.059186,0.729286,-3.646353,161,0.636308,2515.9656,0.135637,0
401,17.1093,8179.52,7394.0857,17402.34,-6.2687837784,0.268077,0.439658,18.41,0.8489,-0.2046,0.059481,0.727014,-3.970487,158,0.621196,2624.4563,0.125748,0
402,17.152,8094.0,7462.5786,17578.12,-6.9295977798,0.30345,0.388068,14.9394,0.8979,-0.0518,0.068515,0.723294,-5.413761,163,0.640545,2717.0091,0.118545,0
403,17.1947,7997.77,7395.9094,17402.34,-5.9657674471,0.440529,0.456897,20.8659,0.8666,-0.1977,0.056697,0.693188,-4.279578,174,0.652946,2442.0632,0.118545,0
404,17.2373,8341.36,7481.4809,17695.31,-7.0911739715,0.321499,0.380819,13.8755,0.8571,-0.0713,0.06988,0.738614,-4.613695,179,0.656573,2682.8409,0.125382,0
405,17.28,8238.71,7424.9823,17472.66,-7.2554823944,0.248669,0.369208,13.189,0.8991,0.0745,0.072121,0.738957,-3.956896,157,0.625664,2804.8354,0.125992,0
406,17.3227,8193.04,7538.4123,17542.97,-6.7123959071,0.268769,0.411139,15.2578,0.8338,-0.1978,0.064335,0.715597,-6.288796,132,0.622314,2710.0884,0.122574,0
407,17.3653,8320.99,7399.1478,17472.66,-5.7709296484,0.321183,0.479839,20.5118,0.8165,-0.2829,0.053151,0.725359,-4.468646,151,0.642315,2405.6031,0.126236,0
408,17.408,8148.5,7510.3376,17648.44,-6.3660281604,0.30135,0.435263,18.0987,0.8743,-0.1423,0.060208,0.714773,-3.855061,169,0.61859,2569.532,0.122451,0
409,17.4507,7927.9,7425.6962,17273.44,-5.871596744,0.334949,0.462294,21.7844,0.8685,-0.2143,0.055847,0.675049,-1.938702,150,0.634717,2430.9542,0.109266,0
410,17.4933,8050.13,7450.781,17519.53,-6.2907029819,0.37461,0.432614,18.5167,0.8802,-0.1301,0.06065,0.706648,-7.615683,144,0.629636,2466.4163,0.116591,0
411,17.536,8158.07,7458.0671,17519.53,-6.5140431759,0.337365,0.41976,16.5901,0.8767,-0.1081,0.062833,0.726112,-4.391314,156,0.634205,2714.2314,0.129777,0
412,17.5787,8092.78,7476.4081,17355.47,-6.8989576354,0.221629,0.396188,15.1926,0.8726,-0.0797,0.067016,0.717333,-4.541735,143,0.655034,2690.1304,0.129654,0
413,17.6213,8168.37,7520.7966,17660.16,-6.1297030733,0.380386,0.448141,19.4509,0.827,-0.2824,0.058097,0.688928,-4.038972,135,0.624076,2445.8251,0.130631,0
414,17.664,8212.87,7509.8721,17718.75,-6.4530998965,0.265227,0.426023,17.4863,0.8595,-0.174,0.061761,0.72896,-6.222789,149,0.626601,2508.9617,0.123306,0
415,17.7067,8163.65,7373.5091,17460.94,-5.4216278559,0.249936,0.49999,25.2889,0.8117,-0.353,0.050173,0.69133,-2.130075,163,0.6475,2481.5883,0.115981,0
416,17.7493,8151.63,7453.3297,17343.75,-6.2130812301,0.308415,0.438347,19.3423,0.847,-0.1647,0.059697,0.711358,-3.599111,151,0.655144,2549.1628,0.117324,0
417,17.792,8003.67,7398.0586,17378.91,-5.583707465,0.251824,0.484929,23.9311,0.8337,-0.3317,0.052387,0.681528,-2.714677,141,0.66693,2357.3931,0.121353,0
418,17.8347,8207.19,7521.1706,17578.12,-6.0391254844,0.24368,0.453804,19.5394,0.83,-0.2618,0.057189,0.707308,-6.421723,149,0.674123,2438.8152,0.127457,0
419,17.8773,8063.37,7403.5875,17531.25,-5.6195418847,0.312135,0.486569,23.1925,0.8493,-0.2948,0.052143,0.708533,-3.196202,138,0.623402,2308.081,0.121475,0
420,17.92,8080.17,7433.5355,17542.97,-5.8299247494,0.262284,0.467883,20.3457,0.8332,-0.2934,0.054977,0.693215,-6.726644,138,0.65663,2335.0054,0.11183,0
421,17.9627,8217.11,7448.5903,17554.69,-5.0561778478,0.228844,0.520175,28.8617,0.7731,-0.4706,0.047308,0.64629,-6.58777,152,0.660003,2267.5571,0.115981,0
422,18.0053,8239.76,7459.1022,17671.88,-5.8737233898,0.395534,0.468734,21.6109,0.8196,-0.2923,0.054846,0.709869,-3.809553,157,0.632081,2521.9613,0.1288,0
423,18.048,8372.47,7392.5993,17449.22,-5.9600975986,0.263066,0.465469,19.7766,0.7965,-0.2722,0.055352,0.722672,-4.492,159,0.643878,2550.6898,0.128556,0
424,18.0907,7936.89,7305.0009,17167.97,-5.1792894788,0.319108,0.514292,30.3491,0.8306,-0.3785,0.048132,0.663842,-2.45491,167,0.634946,2134.7362,0.11476,0
425,18.1333,8149.81,7441.8743,17671.88,-5.1122817125,0.326102,0.518417,29.4607,0.8087,-0.4287,0.047553,0.669401,-6.255253,146,0.63988,2163.4875,0.111952,0
426,18.176,8314.92,7486.169,17636.72,-6.3805143217,0.346158,0.432005,17.8576,0.8354,-0.2128,0.060752,0.72203,-2.832649,175,0.652332,2667.7402,0.120376,0
427,18.2187,8107.81,7425.4206,17402.34,-5.5876495188,0.184152,0.48681,22.6373,0.7927,-0.4018,0.052107,0.693947,-5.06319,144,0.629031,2345.0226,0.124527,0
428,18.2613,8044.91,7432.0833,17449.22,-5.7547790832,0.407928,0.468777,22.7799,0.8459,-0.2886,0.054839,0.700142,-7.773712,153,0.64035,2437.1559,0.118056,0
429,18.304,7914.64,7388.1546,17238.28,-6.2919929872,0.287249,0.435079,19.1842,0.9171,-0.0439,0.060239,0.711774,-4.963562,145,0.642013,2527.3602,0.114882,0
430,18.3467,8173.95,7440.3869,17519.53,-5.7788281565,0.276332,0.472357,21.5502,0.8052,-0.3493,0.054288,0.703627,-3.592401,168,0.645019,2398.477,0.116347,0
431,18.3893,8114.64,7412.7095,17660.16,-5.8480909362,0.376415,0.466473,21.6995,0.8487,-0.2306,0.055196,0.708998,-4.882493,153,0.642267,2447.7674,0.110121,0
432,18.432,8078.81,7470.3272,17589.84,-5.861633047,0.222782,0.462845,20.8366,0.8189,-0.3125,0.055761,0.690389,-7.763051,136,0.634421,2403.6299,0.114882,0
433,18.4747,8037.56,7483.2337,17414.06,-6.4209946018,0.301933,0.427468,17.2845,0.8694,-0.1507,0.061516,0.690961,-7.61882,156,0.631762,2627.3101,0.123672,0
434,18.5173,8116.35,7424.9109,17285.16,-6.7747861292,0.27985,0.399903,15.9316,0.8905,-0.0326,0.066341,0.719897,-3.807795,147,0.623688,2749.966,0.122696,0
435,18.56,8105.3,7447.8937,17425.78,-6.8553553724,0.224844,0.399211,15.5239,0.8953,-0.0417,0.066466,0.725333,-2.490373,156,0.627541,2738.3876,0.117934,0
436,18.6027,8179.44,7487.2685,17625.0,-6.0680370905,0.376885,0.459887,20.3273,0.823,-0.2872,0.056225,0.701574,-3.585499,161,0.615094,2519.7422,0.122696,0
437,18.6453,8053.54,7504.1373,17402.34,-6.3021519742,0.345318,0.432374,18.2598,0.8549,-0.2264,0.06069,0.701412,-7.309793,139,0.643201,2656.6262,0.12294,0
438,18.688,8043.95,7338.4841,17425.78,-5.1680039889,0.36469,0.526826,28.4744,0.8123,-0.4382,0.046389,0.685189,-2.815257,161,0.653195,2082.9441,0.114272,0
439,18.7307,8056.57,7508.8606,17613.28,-6.7062254984,0.271045,0.403226,15.6831,0.9028,-0.0875,0.065742,0.720689,-4.994609,156,0.655305,2664.3752,0.117568,0
440,18.7733,8254.31,7451.2047,17531.25,-6.4902633583,0.216637,0.417258,16.2004,0.8505,-0.135,0.063266,0.723547,-6.584914,164,0.667645,2622.6487,0.124771,0
441,18.816,8368.14,7472.8575,17578.12,-6.7827376649,0.244048,0.402213,15.4035,0.835,-0.1343,0.065924,0.738602,-5.092416,159,0.654453,2720.6456,0.124161,0
442,18.8587,8060.84,7469.1225,17437.5,-6.5437410746,0.297081,0.426161,17.0595,0.8686,-0.1571,0.061738,0.719955,-3.893514,142,0.618067,2645.9094,0.118301,0
443,18.9013,7839.66,7399.3489,17191.41,-6.1829639133,0.281822,0.439559,19.5332,0.8927,-0.1649,0.059497,0.697172,-7.498426,164,0.634348,2400.9709,0.115126,0
444,18.944,7955.6,7308.3593,17179.69,-5.749222553,0.291236,0.482185,22.6436,0.8611,-0.2362,0.052798,0.68632,-0.537774,170,0.669327,2298.649,0.113051,0
445,18.9867,8113.3,7318.0843,17320.31,-5.6366279741,0.261521,0.489222,22.9751,0.8437,-0.2518,0.051749,0.709813,-5.361126,155,0.639859,2301.1173,0.117568,0
446,19.0293,8041.88,7324.6992,17402.34,-5.1988481168,0.354705,0.518076,28.9272,0.7849,-0.4781,0.047601,0.675626,-1.711146,149,0.644271,2098.215,0.119888,0
447,19.072,8042.81,7405.5295,17343.75,-6.5805494906,0.236126,0.414185,15.9436,0.899,-0.0557,0.063801,0.720205,-5.590024,157,0.670304,2640.2708,0.119277,0
448,19.1147,8058.4,7480.0507,17519.53,-6.5907620359,0.210651,0.414528,16.3758,0.8917,-0.0922,0.063741,0.710803,-3.097326,153,0.661244,2638.197,0.12001,0
449,19.1573,8040.56,7419.8936,17484.38,-5.8117238352,0.347144,0.470864,22.4799,0.8577,-0.2533,0.054517,0.697717,-7.490802,152,0.663064,2424.7462,0.119155,0
450,19.2,8137.37,7486.6022,17542.97,-6.6119983064,0.252281,0.417763,16.91,0.8638,-0.1503,0.063178,0.723685,-3.585449,152,0.637262,2624.4794,0.118423,0
451,19.2427,8114.95,7446.8366,17707.03,-5.491859776,0.245373,0.4913,25.0286,0.8283,-0.3429,0.051442,0.692254,-2.431469,144,0.633264,2252.097,0.117324,0
452,19.2853,8394.2,7568.3553,17941.41,-6.9679431173,0.305228,0.390311,14.8213,0.8459,-0.1311,0.068098,0.733073,-5.169054,151,0.625458,2762.5615,0.129044,0
453,19.328,8079.05,7458.6173,17472.66,-6.5682443502,0.33888,0.412706,16.2822,0.8841,-0.1152,0.06406,0.715729,-7.404125,149,0.649306,2845.3975,0.131486,0
454,19.3707,8377.88,7528.5225,17683.59,-6.6298402724,0.250089,0.420487,16.029,0.7989,-0.2365,0.062708,0.724494,-4.572297,161,0.634675,2493.3473,0.127213,0
455,19.4133,8247.4,7458.9103,17332.03,-6.2683578082,0.307113,0.444373,19.3233,0.8391,-0.1938,0.058709,0.724669,-5.718001,156,0.635196,2558.427,0.127945,0
456,19.456,8178.97,7453.1687,17496.09,-6.5865950299,0.330691,0.420466,16.9031,0.8763,-0.1372,0.062712,0.735354,-5.117896,138,0.610302,2562.9995,0.12294,0
457,19.4987,8112.2,7451.1031,17613.28,-6.0412275404,0.322604,0.457546,20.4816,0.8573,-0.2199,0.056594,0.702523,-7.103452,175,0.650779,2355.6051,0.116591,0
458,19.5413,8178.04,7454.5413,17554.69,-5.7018617486,0.39285,0.477568,22.9938,0.7892,-0.403,0.053494,0.680059,-6.119442,135,0.635498,2335.041,0.112685,0
459,19.584,7784.94,7341.0862,17097.66,-5.2088240191,0.392826,0.509798,28.7324,0.8608,-0.323,0.048767,0.634127,-1.517747,139,0.649868,2101.24,0.112074,0
460,19.6267,8203.53,7566.3999,17695.31,-6.5634480176,0.367412,0.417614,17.2445,0.8533,-0.1756,0.063204,0.711029,-5.568521,152,0.660931,2610.0415,0.11476,0
461,19.6693,7814.3,7416.7181,17226.56,-6.3683354777,0.334635,0.421936,18.6929,0.9091,-0.1049,0.062459,0.692141,-4.700923,140,0.64081,2626.9951,0.121597,0
462,19.712,8253.85,7527.1439,17835.94,-5.9749736496,0.245584,0.456803,20.0105,0.7918,-0.3729,0.056712,0.700979,-2.691037,172,0.676284,2589.0952,0.120376,0
463,19.7547,8147.57,7496.3902,17484.38,-6.3627718868,0.33012,0.425137,17.8429,0.8647,-0.1526,0.061912,0.709663,-5.975039,164,0.662681,2678.6234,0.124405,0
464,19.7973,8241.54,7455.7288,17531.25,-6.4881611227,0.332329,0.417968,17.3113,0.8687,-0.1002,0.063143,0.721589,-3.29856,170,0.66386,2770.5337,0.128922,0
465,19.84,8203.15,7474.2241,17449.22,-6.7378037408,0.298937,0.401402,15.0426,0.8635,-0.1138,0.06607,0.723138,-4.773191,165,0.648206,2622.4632,0.129288,0
466,19.8827,7964.82,7419.0456,17496.09,-6.1480839462,0.243688,0.44315,19.2068,0.8782,-0.218,0.058908,0.71227,-4.404012,163,0.648423,2486.5652,0.124161,0
467,19.9253,7993.08,7424.3562,17343.75,-5.8723146372,0.349431,0.466829,22.2768,0.8544,-0.2589,0.05514,0.691989,-7.660859,147,0.65301,2333.0496,0.110853,0
468,19.968,8133.98,7423.4256,17507.81,-5.9133473779,0.340462,0.467288,21.6808,0.8204,-0.3114,0.055069,0.69386,-5.013019,137,0.635618,2550.2558,0.114638,0
469,20.0107,8353.99,7440.0915,17671.88,-5.5499071632,0.269909,0.48847,23.7058,0.7623,-0.4251,0.05186,0.696649,-3.665272,163,0.646413,2302.5421,0.115981,0
470,20.0533,8225.39,7476.911,17507.81,-6.6771282881,0.28715,0.403209,15.7888,0.8814,-0.0335,0.065745,0.72847,-5.644827,139,0.652752,2664.3982,0.116469,0
471,20.096,8251.92,7429.8033,17578.12,-6.0688221952,0.33827,0.450531,19.2362,0.8346,-0.2631,0.057712,0.719143,-5.462306,163,0.643004,2613.3424,0.117446,0
472,20.1387,7902.76,7408.7416,17238.28,-6.1435128483,0.416073,0.449823,19.7592,0.9043,-0.1218,0.057826,0.704475,-6.593056,159,0.660052,2462.791,0.108656,0
473,20.1813,7786.62,7421.3177,17273.44,-5.6155800817,0.47481,0.475876,22.9317,0.8953,-0.2473,0.053751,0.676826,-1.239936,164,0.63925,2308.4791,0.112563,0
474,20.224,8032.73,7475.986,17437.5,-6.6412045795,0.311964,0.405042,16.4919,0.8779,-0.1277,0.065417,0.715193,-6.133138,150,0.662336,2689.9929,0.120376,0
475,20.2667,8243.67,7469.3785,17625.0,-6.1100942773,0.218497,0.459962,19.9037,0.8204,-0.2632,0.056213,0.73126,-5.079833,137,0.635954,2465.4534,0.124893,0
476,20.3093,8424.42,7485.5205,17660.16,-6.5757447345,0.332793,0.412555,16.1561,0.8445,-0.1222,0.064086,0.732017,-7.223283,172,0.634796,2748.164,0.121475,0
477,20.352,7977.27,7404.4534,17332.03,-5.2953087448,0.535297,0.498951,27.2192,0.8142,-0.3887,0.050324,0.643131,-3.316437,156,0.637213,2274.3403,0.115859,0
478,20.3947,8116.04,7430.2525,17519.53,-6.0115287756,0.311275,0.462611,20.211,0.8521,-0.2324,0.055797,0.718864,-3.128608,141,0.633661,2368.7146,0.121719,0
479,20.4373,8302.67,7551.4294,17765.62,-7.0361364283,0.30726,0.381005,14.3405,0.876,-0.0813,0.069845,0.734534,-4.22431,150,0.645287,2721.3155,0.128434,0
480,20.48,8135.69,7401.6836,17625.0,-4.9799731301,0.362046,0.527283,29.8255,0.8011,-0.4763,0.046326,0.66838,-2.388335,149,0.672809,2089.3107,0.115248,0
481,20.5227,7894.46,7420.7797,17425.78,-5.682695783,0.356424,0.472044,23.4162,0.8617,-0.2855,0.054336,0.680967,-5.611201,170,0.631195,2364.7328,0.109266,0
482,20.5653,8213.57,7416.2133,17460.94,-6.1047846668,0.218683,0.449515,19.3982,0.8542,-0.1696,0.057876,0.718393,-2.549963,146,0.629162,2646.8799,0.118178,0
483,20.608,8366.29,7538.6345,17695.31,-6.8024626749,0.241427,0.396714,15.1934,0.8448,-0.1367,0.06692,0.729137,-5.545175,154,0.648987,2724.5241,0.121841,0
484,20.6507,7909.2,7386.4445,17296.88,-5.4542496764,0.305739,0.498659,25.9111,0.8448,-0.3388,0.050366,0.671238,-1.643304,158,0.642374,2124.2615,0.117324,0
485,20.6933,8130.66,7455.5414,17390.62,-6.6735521267,0.20591,0.409309,15.9881,0.9031,-0.0005,0.064658,0.717086,-3.907483,149,0.642954,2582.6334,0.116958,0
486,20.736,8293.2,7491.4086,17660.16,-7.3233517479,0.296917,0.366555,12.7439,0.8869,-0.0176,0.072643,0.739049,-4.019857,158,0.609844,2911.6493,0.125382,0
487,20.7787,8242.71,7540.6133,17753.91,-6.0411153222,0.299108,0.456659,20.1539,0.8256,-0.2879,0.056735,0.719839,-5.959738,153,0.6245,2618.3138,0.130509,0
488,20.8213,8147.06,7490.409,17554.69,-6.3872656883,0.295197,0.431557,17.2222,0.8504,-0.1955,0.060827,0.721225,-6.394828,144,0.611377,2705.7178,0.135148,0
489,20.864,8407.16,7467.0994,17660.16,-5.9011654926,0.281406,0.465331,20.5609,0.8008,-0.2724,0.055373,0.71304,-4.759848,146,0.632453,2409.3387,0.125504,0
490,20.9067,7928.34,7382.1731,17378.91,-5.3075657148,0.340398,0.506068,27.4327,0.8308,-0.3747,0.049298,0.661494,-5.451235,148,0.613841,2138.0733,0.119644,0
491,20.9493,8101.94,7479.3242,17542.97,-6.5216989753,0.253889,0.418523,17.2406,0.8714,-0.1183,0.063047,0.700578,-7.302685,158,0.669764,2609.8023,0.123428,0
492,20.992,8226.71,7565.0693,17742.19,-6.4020439927,0.230384,0.424778,18.2664,0.8488,-0.1979,0.061973,0.716789,-4.656457,150,0.646833,2749.4995,0.120986,0
493,21.0347,8158.19,7435.0606,17414.06,-5.7857906728,0.287672,0.470147,22.8313,0.8345,-0.2467,0.054628,0.690416,-3.492107,164,0.659374,2378.4347,0.119155,0
494,21.0773,8104.68,7370.0935,17308.59,-5.32463186,0.333642,0.507105,25.9208,0.8233,-0.342,0.04915,0.686217,-4.219326,170,0.651815,2205.8964,0.122818,0
495,21.12,8043.87,7489.998,17484.38,-6.3037376816,0.180245,0.434799,18.7777,0.847,-0.2214,0.060285,0.697994,-8.009914,150,0.655727,2711.3839,0.120498,0
496,21.1627,8320.41,7563.9356,17953.12,-6.6365320622,0.329021,0.412863,16.4587,0.8341,-0.2009,0.064032,0.720837,-3.74433,154,0.652216,2753.4576,0.124649,0
497,21.2053,8275.05,7504.636,17636.72,-7.0678487943,0.329371,0.382853,13.422,0.8727,-0.0583,0.069495,0.744087,-7.238876,146,0.632856,2834.0446,0.129044,0
498,21.248,8048.84,7451.9965,17472.66,-6.7709675805,0.307898,0.398683,16.1278,0.9088,-0.0094,0.066562,0.72174,-3.886186,135,0.627383,2675.4534,0.118667,0
499,21.2907,8064.77,7418.7134,17496.09,-5.7923036995,0.210059,0.469355,21.669,0.8434,-0.2833,0.05475,0.704669,-4.98177,177,0.666718,2482.6529,0.114394,0
500,21.3333,7989.79,7505.0687,17472.66,-5.5803476624,0.320163,0.479716,23.2417,0.8236,-0.3588,0.053169,0.681448,-10.016311,141,0.648761,2369.2874,0.116103,0
501,21.376,8230.13,7519.9146,17554.69,-6.1341118986,0.329812,0.442172,19.5809,0.8419,-0.2218,0.059068,0.718239,-7.059769,134,0.64113,2630.6619,0.117446,0
502,21.4187,8212.36,7484.1248,17707.03,-5.9743080104,0.347869,0.458747,19.8921,0.8349,-0.2693,0.056404,0.710819,-4.716551,149,0.597529,2550.0933,0.12062,0
503,21.4613,8114.92,7427.9846,17519.53,-5.4901656934,0.332233,0.484049,23.5056,0.8107,-0.3967,0.052518,0.687967,-4.765145,123,0.641813,2290.5374,0.11415,0
504,21.504,7870.55,7448.1588,17343.75,-5.8340759305,0.278968,0.458353,21.6977,0.8929,-0.1909,0.056467,0.678701,-7.600756,143,0.628964,2386.1037,0.111098,0
505,21.5467,8068.36,7451.6639,17472.66,-6.7779796378,0.376772,0.404632,15.9103,0.9033,-0.0414,0.06549,0.727061,-5.260814,155,0.653061,2667.445,0.114638,0
506,21.5893,8048.34,7353.0656,17296.88,-5.3036733007,0.322879,0.508835,26.2875,0.8203,-0.3538,0.048904,0.677676,-1.213237,154,0.626324,2156.7076,0.123306,0
507,21.632,8528.7,7517.1578,17847.66,-6.4353872812,0.343248,0.421102,17.1508,0.8075,-0.2061,0.062602,0.730646,-5.679003,163,0.657063,2731.0853,0.126602,0
508,21.6747,7978.27,7394.9964,17261.72,-5.4615649383,0.261556,0.498038,25.4885,0.8299,-0.3302,0.050456,0.667263,-4.477193,157,0.657496,2231.2528,0.117934,0
509,21.7173,8109.67,7464.1172,17355.47,-6.3122283392,0.249318,0.432459,18.0769,0.8813,-0.0797,0.060676,0.704746,-5.175963,137,0.656259,2451.5818,0.118423,0
510,21.76,8002.48,7517.3975,17414.06,-5.9325674408,0.281672,0.467723,20.9507,0.8528,-0.2456,0.055002,0.691311,-7.891307,137,0.659628,2353.2823,0.123062,0
511,21.8027,8482.76,7459.3883,17730.47,-6.0592587582,0.234845,0.456168,18.8689,0.7981,-0.2742,0.056813,0.740753,-3.697011,158,0.620816,2550.2932,0.123428,0
512,21.8453,8217.97,7414.1685,17179.69,-6.4633891872,0.215582,0.423322,18.1378,0.8324,-0.1661,0.062222,0.716382,-3.892322,185,0.629852,2665.3652,0.122085,0
513,21.888,8317.22,7517.4408,17777.34,-5.7862999381,0.333397,0.480068,22.2997,0.7972,-0.3756,0.053116,0.715633,-2.304451,145,0.635266,2545.9435,0.126114,0
514,21.9307,7815.59,7429.6083,17460.94,-5.6472631421,0.332653,0.478398,23.6505,0.8626,-0.3283,0.053368,0.676319,-1.025204,159,0.653834,2156.462,0.122329,0
515,21.9733,8212.0,7444.444,17589.84,-5.7144895027,0.280752,0.479875,22.595,0.7979,-0.3715,0.053145,0.70018,-7.26741,137,0.687157,2421.6754,0.122207,0
516,22.016,8124.76,7476.7504,17496.09,-6.3844524602,0.331412,0.425763,17.5518,0.877,-0.131,0.061805,0.720836,-5.299532,156,0.641735,2640.8181,0.129654,0
517,22.0587,8223.23,7473.1058,17625.0,-6.1560807713,0.273642,0.450557,20.2591,0.8449,-0.1975,0.057708,0.72681,-4.711583,148,0.629208,2531.0545,0.124527,0
518,22.1013,8315.66,7492.8707,17648.44,-6.2586615391,0.292015,0.438409,18.8347,0.82,-0.2123,0.059687,0.715377,-3.282904,161,0.621085,2619.8086,0.119521,0
519,22.144,8154.11,7505.2438,17613.28,-6.5673917374,0.382608,0.415038,16.7325,0.853,-0.1722,0.063652,0.710719,-7.738565,146,0.633394,2676.0011,0.130143,0
520,22.1867,8453.34,7559.9823,18105.47,-6.1686704531,0.230278,0.449254,18.9786,0.79,-0.3235,0.057918,0.713692,-4.016848,135,0.644421,2504.9532,0.137224,0
521,22.2293,8072.1,7464.3197,17460.94,-5.8417854742,0.389784,0.466897,22.1446,0.8403,-0.2773,0.05513,0.678465,-0.810566,151,0.646389,2381.005,0.124649,0
522,22.272,7968.68,7409.2882,17554.69,-5.2359071697,0.195665,0.51766,30.1278,0.8231,-0.4275,0.047659,0.671094,-2.619286,143,0.64707,2197.5608,0.122574,0
523,22.3147,8172.26,7497.5336,17578.12,-6.6078732075,0.217113,0.41716,16.2103,0.8623,-0.139,0.063283,0.714189,-5.188828,149,0.654858,2664.7526,0.125259,0
524,22.3573,8157.26,7461.5864,17460.94,-6.5587668021,0.310384,0.415297,16.5894,0.8691,-0.1001,0.063607,0.713693,-4.281535,165,0.620355,2689.8738,0.114394,0
525,22.4,8075.82,7435.7032,17484.38,-5.5527043063,0.255522,0.489063,23.673,0.8243,-0.3468,0.051773,0.69142,-3.024543,158,0.64334,2344.0782,0.118423,0
526,22.4427,8323.95,7493.599,17660.16,-6.1984161102,0.27297,0.442688,18.3327,0.8332,-0.2169,0.058984,0.713031,-3.533595,136,0.655173,2458.4031,0.122085,0
527,22.4853,8049.23,7457.6419,17402.34,-6.4021473852,0.35456,0.432964,17.9825,0.897,-0.0803,0.060591,0.715412,-4.764036,142,0.608515,2530.5834,0.115859,0
528,22.528,8139.65,7451.1142,17273.44,-6.4921865812,0.195977,0.42615,18.805,0.8551,-0.1035,0.06174,0.717277,-5.306724,150,0.61692,2570.1757,0.120376,0
529,22.5707,8081.77,7343.8918,17414.06,-4.6511972587,0.235682,0.549946,38.0957,0.7425,-0.6086,0.04328,0.600743,0.952026,158,0.647737,2034.6495,0.125626,0
530,22.6133,8410.71,7501.2652,17777.34,-6.6560948015,0.190558,0.411075,15.7297,0.8148,-0.1987,0.064347,0.734746,-5.629605,145,0.664542,2696.955,0.121353,0
531,22.656,7980.17,7396.5168,17425.78,-5.8960676505,0.412866,0.458246,21.2943,0.8585,-0.2552,0.056484,0.680899,-3.48701,166,0.653702,2389.4716,0.121109,0
532,22.6987,7878.77,7271.9294,17132.81,-5.7571683412,0.263874,0.480447,22.8688,0.8746,-0.2086,0.053059,0.699022,-3.434222,160,0.640733,2284.6318,0.12355,0
533,22.7413,8032.88,7368.0275,17390.62,-5.3493366133,0.271815,0.504353,25.854,0.8234,-0.3456,0.049544,0.68257,-2.850605,141,0.656045,2292.1567,0.11476,0
534,22.784,8058.79,7389.6794,17449.22,-5.5901580297,0.284502,0.486574,22.8576,0.8302,-0.3721,0.052142,0.710609,-4.313099,154,0.645379,2193.4019,0.109999,0
535,22.8267,7897.62,7313.7341,16957.03,-6.423125765,0.413816,0.427098,18.7031,0.9311,0.0471,0.061579,0.707668,-4.914818,166,0.653656,2601.6575,0.121353,0
536,22.8693,8179.95,7521.9337,17789.06,-6.0388134061,0.220813,0.448631,19.0278,0.8262,-0.3197,0.058018,0.714989,-4.299503,182,0.647104,2551.5683,0.123306,0
537,22.912,8114.77,7499.1241,17718.75,-5.9053700229,0.381511,0.451982,20.5789,0.8347,-0.2929,0.05748,0.689006,-4.705179,152,0.651017,2549.7633,0.118178,0
538,22.9547,8123.51,7468.4415,17472.66,-6.7872305657,0.322057,0.396001,16.0957,0.8845,-0.0502,0.067051,0.719257,-7.98405,152,0.641572,2798.9,0.119277,0
539,22.9973,8304.67,7461.9839,17753.91,-5.677797624,0.267477,0.481201,20.1061,0.8015,-0.3478,0.052946,0.705121,-6.857825,147,0.639931,2416.9664,0.118545,0
540,23.04,7929.69,7391.3065,17285.16,-6.4522190288,0.347115,0.426921,17.1979,0.8942,-0.1301,0.061609,0.711936,-8.174812,145,0.615115,2624.4951,0.119766,0
541,23.0827,8198.57,7452.3605,17566.41,-6.1914976733,0.285207,0.440368,19.1146,0.8322,-0.2399,0.059364,0.721759,-5.32661,158,0.649265,2703.624,0.118056,0
542,23.1253,7991.9,7448.4203,17320.31,-6.4939846123,0.293373,0.423221,17.2342,0.9172,-0.0445,0.062239,0.716685,-6.063477,163,0.646782,2646.5345,0.11769,0
543,23.168,8198.14,7362.7709,17484.38,-6.0721539025,0.236665,0.451912,19.2774,0.8413,-0.2208,0.057491,0.726063,-6.361751,137,0.637294,2579.1221,0.118911,0
544,23.2107,7968.28,7469.2547,17449.22,-6.5894307286,0.348619,0.410708,16.2396,0.8976,-0.1017,0.064411,0.706144,-4.710712,157,0.654616,2627.5398,0.11769,0
545,23.2533,7775.98,7329.2754,17109.38,-5.6528238599,0.308262,0.476599,23.8019,0.8799,-0.2549,0.053641,0.6824,-4.103413,150,0.665157,2288.4734,0.115615,0
546,23.296,8000.01,7422.2807,17402.34,-6.0733888623,0.377478,0.450363,19.6074,0.8518,-0.2409,0.05774,0.704637,-3.901273,142,0.647898,2538.2097,0.115248,0
547,23.3387,8257.1,7488.7901,17800.78,-5.3991642191,0.382393,0.49352,24.2403,0.7952,-0.4162,0.051116,0.694453,-2.983711,158,0.639114,2332.53,0.115859,0
548,23.3813,8109.22,7429.0049,17507.81,-5.7610696994,0.361957,0.463718,21.3545,0.8399,-0.2862,0.055624,0.70058,-3.532031,144,0.66695,2512.7197,0.119766,0
549,23.424,8393.78,7496.9032,17683.59,-6.8646457556,0.280037,0.393246,14.4903,0.8346,-0.1335,0.067556,0.738316,-5.616893,158,0.645925,2886.8405,0.128556,0
550,23.4667,8269.91,7456.3508,17613.28,-6.2117641744,0.322613,0.440678,19.3303,0.8201,-0.2303,0.059313,0.719755,-4.560486,142,0.617627,2609.81,0.121231,0
551,23.5093,8281.23,7511.7499,17625.0,-6.0918271752,0.300961,0.449054,19.5967,0.8111,-0.2721,0.05795,0.714209,-4.07503,144,0.63722,2589.0719,0.112685,0
552,23.552,7998.96,7427.6635,17425.78,-5.408535879,0.275468,0.496071,25.3654,0.8314,-0.3517,0.050743,0.678622,-1.135548,172,0.652005,2314.0814,0.114638,0
553,23.5947,7829.04,7368.0755,17191.41,-5.6872384803,0.389754,0.473937,24.1444,0.8627,-0.2461,0.054047,0.678055,-7.550206,148,0.611675,2423.1089,0.110609,0
554,23.6373,7850.6,7337.2916,17085.94,-5.7228839942,0.283539,0.4729,23.5786,0.8973,-0.1648,0.054205,0.689851,-5.124426,152,0.647365,2334.2329,0.113661,0
555,23.68,7845.53,7427.8918,17355.47,-6.0851223879,0.208499,0.447361,20.7075,0.905,-0.1357,0.058224,0.695386,-3.422693,166,0.624127,2478.4041,0.119399,0
556,23.7227,8000.65,7359.86,17378.91,-5.2756076033,0.37038,0.506386,27.2156,0.821,-0.3812,0.049253,0.644026,-6.966908,139,0.648185,2142.2607,0.111342,0
557,23.7653,8241.32,7347.1369,17343.75,-5.3713406005,0.228345,0.504985,25.3682,0.7974,-0.3498,0.049454,0.689543,-7.899139,156,0.648635,2305.4926,0.117812,0
558,23.808,8060.73,7442.7529,17390.62,-6.5815326016,0.264757,0.410718,17.4397,0.8716,-0.1138,0.064409,0.703124,-1.653146,166,0.690513,2581.8575,0.120864,0
559,23.8507,8037.26,7437.7997,17425.78,-5.8520367383,0.339133,0.469403,22.1783,0.8629,-0.2115,0.054742,0.693373,-3.983253,148,0.656883,2442.314,0.113783,0
560,23.8933,8025.09,7321.3625,17214.84,-5.8649970903,0.34844,0.468927,20.0293,0.8637,-0.1973,0.054816,0.710968,-6.347327,167,0.621335,2458.7916,0.112929,0
561,23.936,7587.07,7301.7211,16992.19,-5.2852478506,0.427554,0.496266,28.4499,0.886,-0.3193,0.050714,0.650654,-2.580534,163,0.669548,2017.2059,0.107679,0
562,23.9787,8082.31,7434.0968,17449.22,-6.2972938003,0.305708,0.434311,17.7915,0.8744,-0.1552,0.060367,0.717171,-4.960474,148,0.688465,2709.9205,0.113417,0
563,24.0213,8212.79,7493.5106,17648.44,-5.662056351,0.453164,0.482218,22.3797,0.8238,-0.3235,0.052793,0.682215,-2.365612,126,0.653038,2416.4817,0.121231,0
564,24.064,8249.56,7481.1013,17566.41,-6.1447812141,0.386968,0.440405,19.1824,0.842,-0.1954,0.059358,0.709544,-3.598423,155,0.618569,2484.8662,0.124161,0
565,24.1067,8182.38,7468.3635,17578.12,-6.9381040187,0.272583,0.389856,14.5432,0.9013,0.0029,0.068183,0.729064,-5.548136,145,0.641531,2738.266,0.12648,0
566,24.1493,8254.42,7466.9543,17613.28,-6.0486300377,0.307297,0.456848,20.3386,0.8239,-0.2615,0.056705,0.726393,-4.502108,164,0.615465,2551.139,0.118301,0
567,24.192,8151.56,7474.782,17707.03,-6.3150112125,0.233427,0.431921,18.2646,0.8767,-0.1389,0.060766,0.719485,-5.52763,167,0.616479,2776.0655,0.118423,0
568,24.2347,8297.52,7444.8515,17707.03,-6.8498873563,0.505544,0.391558,14.4832,0.8873,-0.0361,0.067867,0.74109,-6.264756,157,0.639731,2824.3053,0.126114,0
569,24.2773,8070.68,7455.6089,17449.22,-5.9212439498,0.298844,0.460991,20.4968,0.8518,-0.2472,0.056051,0.701995,-3.638237,136,0.668952,2504.4008,0.113783,0
570,24.32,7870.62,7402.102,17156.25,-6.0212577322,0.232104,0.45478,20.7889,0.8838,-0.1663,0.057033,0.688779,-3.532784,155,0.663906,2556.5129,0.110487,0
571,24.3627,8081.99,7381.3334,17496.09,-5.7385742005,0.293509,0.48347,23.7273,0.8411,-0.2849,0.052605,0.710516,-7.325337,145,0.621883,2360.5412,0.113173,0
572,24.4053,7969.25,7499.8444,17425.78,-6.5555785646,0.351082,0.408376,17.2979,0.9082,-0.0664,0.064823,0.695054,-5.283756,143,0.648798,2656.8506,0.112685,0
573,24.448,7965.3,7449.3581,17390.62,-5.8456735676,0.319348,0.459424,20.4381,0.8756,-0.1991,0.056298,0.694366,-3.253262,163,0.615741,2562.2388,0.120376,0
574,24.4907,8313.81,7473.574,17671.88,-6.6237549506,0.266404,0.407872,16.6184,0.8664,-0.0646,0.064913,0.726591,-3.772357,160,0.656683,2752.9525,0.120498,0
575,24.5333,7996.05,7414.7035,17449.22,-5.7117822592,0.335099,0.477865,22.6666,0.8774,-0.225,0.053449,0.695619,-2.290385,149,0.639922,2306.3276,0.115859,0
576,24.576,8113.34,7410.3828,17402.34,-5.8935946071,0.254673,0.471566,22.4798,0.8393,-0.2432,0.05441,0.706301,-2.811852,157,0.635844,2383.7363,0.115371,0
577,24.6187,8051.15,7449.02,17425.78,-6.4111993289,0.464241,0.424396,18.0248,0.8641,-0.1505,0.062038,0.704164,-5.570043,149,0.634966,2614.6259,0.119033,0
578,24.6613,7820.25,7376.5199,17261.72,-5.7523987371,0.213947,0.471297,23.6217,0.8966,-0.1713,0.054451,0.683339,-9.96968,160,0.648421,2323.5032,0.118911,0
579,24.704,8104.17,7402.8391,17332.03,-5.2682151199,0.349545,0.507497,27.2197,0.8038,-0.4176,0.049094,0.677697,-1.202635,171,0.651764,2391.4497,0.120742,0
580,24.7467,7967.15,7425.8297,17437.5,-6.0715721771,0.280793,0.454863,21.0248,0.8725,-0.1787,0.05702,0.692252,-7.343448,131,0.647108,2534.8909,0.110853,0
581,24.7893,7941.22,7333.4956,17285.16,-5.0519700471,0.280002,0.524171,29.8492,0.8482,-0.3529,0.046755,0.656486,-1.089082,142,0.625435,2025.5414,0.110243,0
582,24.832,8134.68,7453.2405,17671.88,-5.9358947691,0.313073,0.457579,20.1746,0.8454,-0.2725,0.056589,0.707935,-5.431188,164,0.651188,2435.029,0.122207,0
583,24.8747,7875.21,7454.4304,17355.47,-5.887861551,0.335836,0.458401,20.5042,0.8934,-0.1751,0.056459,0.686707,-4.236793,142,0.649668,2410.8912,0.117446,0
584,24.9173,8086.83,7452.4012,17660.16,-5.6389564928,0.330163,0.484301,23.6015,0.8198,-0.3584,0.052481,0.686725,-2.479327,158,0.66042,2385.6951,0.119399,0
585,24.96,8116.52,7436.0904,17437.5,-6.1259537682,0.263463,0.448898,19.6333,0.8632,-0.1547,0.057975,0.704854,-2.01049,159,0.628782,2457.8571,0.119888,0
586,25.0027,8165.88,7389.4834,17507.81,-5.8150782309,0.335961,0.47845,21.6368,0.8431,-0.2201,0.053361,0.712564,-3.826383,160,0.61422,2361.3603,0.120132,0
587,25.0453,8203.5,7445.9404,17519.53,-6.1806897893,0.312976,0.443373,19.4632,0.8359,-0.2209,0.058872,0.715642,-4.656124,168,0.651008,2491.7573,0.122818,0
588,25.088,8184.86,7366.0941,17496.09,-5.189827659,0.289423,0.515135,26.6277,0.7887,-0.4254,0.048013,0.678672,-2.976305,151,0.653843,2210.0321,0.122696,0
589,25.1307,8468.33,7443.8326,17589.84,-6.1879324526,0.351224,0.442184,18.0927,0.7857,-0.2682,0.059066,0.721224,-2.545027,164,0.633347,2610.7896,0.124283,0
590,25.1733,8244.0,7415.6977,17636.72,-5.1210051902,0.264701,0.524635,28.7207,0.763,-0.4952,0.04669,0.678342,-2.311451,144,0.656848,2283.4455,0.131608,0
591,25.216,8467.82,7571.7464,17847.66,-6.5537687499,0.275545,0.414219,17.0555,0.798,-0.2405,0.063795,0.725055,-1.940658,153,0.598553,2694.7517,0.125137,0
592,25.2587,7990.86,7423.8291,17261.72,-5.6253017413,0.332861,0.485471,24.4055,0.8107,-0.3834,0.052306,0.664101,-0.862989,156,0.650802,2417.1589,0.113051,0
593,25.3013,8019.7,7436.1573,17449.22,-5.517064583,0.256514,0.494633,23.6898,0.8264,-0.3481,0.050953,0.688934,-3.436136,147,0.672887,2199.9582,0.119155,0
594,25.344,8272.73,7386.9142,17648.44,-5.3520108153,0.305316,0.500399,24.9828,0.7774,-0.4241,0.050114,0.696298,-2.378301,153,0.651729,2334.8598,0.12648,0
595,25.3867,8188.16,7514.3334,17496.09,-6.6277769338,0.247579,0.415835,17.1493,0.8499,-0.1511,0.063513,0.719158,-6.907809,168,0.636296,2741.2796,0.128434,0
596,25.4293,8285.76,7419.7004,17554.69,-5.5961344275,0.291248,0.492851,22.1579,0.7915,-0.3681,0.051214,0.716913,-3.699241,159,0.633173,2414.1144,0.128189,0
597,25.472,8058.89,7471.1993,17437.5,-6.1319916498,0.231468,0.449561,20.0678,0.8522,-0.2292,0.057869,0.698973,-8.847463,166,0.641873,2496.9822,0.120742,0
598,25.5147,8061.91,7422.3661,17414.06,-5.772081149,0.308661,0.479217,23.2926,0.8349,-0.2836,0.053245,0.692368,-7.3224,152,0.627363,2357.5179,0.115615,0
599,25.5573,7952.53,7392.373,17332.03,-5.6475170489,0.269747,0.480649,23.9163,0.8553,-0.2877,0.053029,0.68114,-2.597409,143,0.625971,2299.998,0.118423,0
600,25.6,7911.78,7396.9457,17273.44,-5.4373735724,0.308189,0.501228,25.5035,0.8323,-0.3892,0.049994,0.678328,-1.817229,157,0.646509,2133.8996,0.111342,0
601,25.6427,8261.75,7535.5564,17589.84,-6.8043294989,0.240018,0.393815,15.0411,0.8299,-0.1902,0.067451,0.725152,-6.727729,151,0.662816,2869.6241,0.112929,0
602,25.6853,8154.35,7413.8453,17285.16,-6.0968941732,0.351581,0.453489,20.0241,0.8533,-0.1625,0.057239,0.705998,-5.612644,145,0.625646,2603.1283,0.118911,0
603,25.728,7866.25,7399.8399,17261.72,-6.025848198,0.274144,0.459894,21.9559,0.8934,-0.1368,0.056224,0.689074,-1.797669,160,0.634049,2401.7056,0.109999,0
604,25.7707,7896.65,7465.458,17378.91,-6.2540390548,0.281036,0.438136,19.9865,0.8919,-0.1351,0.059732,0.686529,-4.647227,133,0.646785,2576.7822,0.110609,0
605,25.8133,8022.89,7491.7806,17507.81,-6.4477277637,0.23285,0.422497,17.2705,0.8904,-0.0914,0.062363,0.710014,-6.062041,178,0.635417,2732.7112,0.116103,0
606,25.856,8123.64,7435.7138,17554.69,-5.6491346818,0.275197,0.483598,22.8766,0.7936,-0.3995,0.052586,0.698419,-4.068646,165,0.669883,2345.4393,0.109755,0
607,25.8987,8034.0,7421.6556,17484.38,-5.1527483327,0.298898,0.511689,29.9146,0.7849,-0.474,0.048499,0.653748,-2.238044,157,0.630911,2236.2117,0.109022,0
608,25.9413,7995.07,7455.7492,17390.62,-5.8483347932,0.272603,0.466189,22.8307,0.8611,-0.2434,0.05524,0.698339,-3.636633,156,0.665112,2465.5765,0.114638,0
609,25.984,8066.96,7446.9637,17402.34,-5.9830605713,0.29436,0.455403,20.6824,0.8603,-0.2279,0.056934,0.70883,-2.23067,156,0.640476,2431.7027,0.117202,0
610,26.0267,8210.31,7437.3985,17472.66,-6.3643950176,0.296111,0.434,18.0815,0.8609,-0.1425,0.060418,0.720495,-1.566987,168,0.630755,2737.9811,0.125626,0
611,26.0693,8231.45,7437.9756,17460.94,-6.2960713515,0.287129,0.441614,18.2634,0.8477,-0.1806,0.05916,0.723566,-4.10122,168,0.620696,2494.7892,0.133195,0
612,26.112,8133.38,7411.5565,17355.47,-5.6978790642,0.349402,0.469678,20.6115,0.8204,-0.3296,0.0547,0.70597,-6.564951,146,0.646298,2313.9439,0.120132,0
613,26.1547,8021.8,7456.3876,17601.56,-5.1347494341,0.375833,0.512567,28.7952,0.8171,-0.445,0.048375,0.666072,-2.753108,165,0.658519,2176.8987,0.104017,0
614,26.1973,7975.03,7468.727,17425.78,-5.9549633335,0.339629,0.459229,20.4937,0.8711,-0.2125,0.056328,0.6898,-5.950666,155,0.625536,2441.9473,0.102552,0
615,26.24,7941.09,7428.7559,17414.06,-5.7036611445,0.364936,0.468271,23.2415,0.8638,-0.2571,0.054917,0.685875,-5.045187,153,0.653522,2348.3679,0.10951,0
616,26.2827,8089.01,7532.1107,17660.16,-6.602890212,0.398216,0.405208,16.6434,0.8901,-0.0854,0.065387,0.703519,-4.03758,170,0.6775,2758.3559,0.113295,0
617,26.3253,7850.57,7344.663,17214.84,-5.3910664856,0.344576,0.498356,25.3832,0.8539,-0.3199,0.05041,0.680508,-6.638104,152,0.671857,2189.2592,0.104993,0
618,26.368,7829.74,7414.8859,17332.03,-6.1089489015,0.303132,0.444119,19.8377,0.8878,-0.1642,0.05875,0.677694,-5.18762,149,0.638691,2531.7463,0.103284,0
619,26.4107,8058.36,7389.5183,17226.56,-6.3685513218,0.280159,0.432298,18.3659,0.8857,-0.1288,0.060703,0.728064,-5.437128,153,0.663709,2578.5393,0.125504,0
620,26.4533,8291.18,7451.8865,17695.31,-6.3436150218,0.370157,0.435997,18.6848,0.8538,-0.1765,0.060086,0.740909,-4.948697,158,0.632289,2620.5405,0.130265,0
621,26.496,7871.61,7371.8744,17156.25,-5.8880663454,0.209775,0.472496,21.7736,0.8736,-0.2307,0.054267,0.703649,-5.352337,171,0.634353,2316.9561,0.117324,0
622,26.5387,7974.29,7464.5071,17531.25,-6.103614804,0.30941,0.452942,21.0478,0.8708,-0.2173,0.057326,0.708971,-6.267316,140,0.630496,2464.4808,0.116713,0
623,26.5813,8270.6,7481.8888,17589.84,-5.5342553452,0.400568,0.493816,24.6133,0.7758,-0.413,0.051072,0.691059,-4.756466,150,0.608783,2402.2534,0.118301,0
624,26.624,8140.03,7558.7873,17683.59,-6.5579333857,0.261071,0.413181,16.3321,0.8617,-0.1734,0.063977,0.712561,-6.960813,149,0.641027,2642.4034,0.118056,0
625,26.6667,8161.4,7493.4809,17601.56,-6.7348147328,0.294665,0.398276,15.3493,0.8524,-0.1739,0.066636,0.717411,-6.281658,152,0.67174,2740.1322,0.11708,0
626,26.7093,8193.07,7317.8327,17320.31,-5.3760322343,0.266529,0.497668,24.8977,0.7985,-0.3621,0.05051,0.703341,-2.440749,150,0.67382,2332.7165,0.122696,0
627,26.752,8143.35,7573.4053,17847.66,-6.0812736511,0.350284,0.455504,19.7594,0.8327,-0.2924,0.056918,0.700754,-3.527994,146,0.655782,2563.0435,0.125137,0
628,26.7947,8183.12,7453.5726,17765.62,-5.0672456927,0.265529,0.523931,30.2103,0.7689,-0.5398,0.046788,0.654494,-1.77562,168,0.621358,2098.507,0.119766,0
629,26.8373,7984.82,7446.958,17332.03,-6.5780441278,0.243171,0.416901,18.1726,0.9026,-0.0473,0.063328,0.7016,-5.436644,169,0.639994,2664.3599,0.114882,0
630,26.88,7981.55,7403.512,17343.75,-5.2421288232,0.280713,0.512828,28.4119,0.8107,-0.4066,0.048338,0.667069,-6.779789,136,0.636554,2240.8172,0.111952,0
631,26.9227,8043.73,7423.235,17425.78,-5.7537882086,0.228049,0.471993,22.0124,0.821,-0.312,0.054344,0.693011,-4.113327,159,0.62618,2349.5366,0.116347,0
632,26.9653,8100.24,7460.6297,17472.66,-6.6309244607,0.295063,0.407197,16.3716,0.8769,-0.1263,0.065033,0.712738,-7.181364,155,0.661459,2748.0772,0.11415,0
633,27.008,7927.23,7340.4056,17285.16,-5.8321044019,0.323245,0.47897,23.3661,0.8413,-0.2517,0.053282,0.67859,-4.571175,159,0.634803,2341.959,0.110731,0
634,27.0507,8205.72,7448.012,17683.59,-6.716279684,0.255963,0.405791,15.7221,0.8604,-0.1353,0.065283,0.715018,-2.800287,162,0.657852,2654.638,0.111952,0
635,27.0933,8067.37,7436.5646,17507.81,-5.7469115149,0.241423,0.475901,21.8943,0.8303,-0.3079,0.053747,0.700683,-3.106133,135,0.626285,2468.9167,0.117324,0
636,27.136,8199.61,7396.4871,17507.81,-6.1484930643,0.336397,0.454151,19.5723,0.8399,-0.2338,0.057133,0.723816,-4.989638,141,0.633554,2493.6044,0.119155,0
637,27.1787,7969.88,7471.086,17449.22,-6.3126595986,0.370003,0.430836,18.0008,0.887,-0.1555,0.060948,0.69805,-6.52602,145,0.653503,2492.5338,0.109999,0
638,27.2213,8097.14,7467.0012,17378.91,-6.2651938049,0.334788,0.437248,19.9652,0.8668,-0.1325,0.059879,0.708217,-2.055546,151,0.65163,2544.1393,0.111952,0
639,27.264,8015.7,7358.0952,17308.59,-5.7800447668,0.319848,0.476779,21.9535,0.8384,-0.2866,0.053614,0.704337,-4.216583,144,0.635998,2371.4911,0.113661,0
640,27.3067,8074.97,7436.647,17519.53,-5.105287807,0.236724,0.522892,28.1491,0.7754,-0.4926,0.046931,0.644825,-3.273129,149,0.658657,2138.1769,0.111708,0
641,27.3493,8360.73,7494.1017,17683.59,-5.9799992189,0.317933,0.460079,19.5695,0.7963,-0.308,0.056195,0.713787,-5.960375,150,0.642739,2463.9404,0.12062,0
642,27.392,8319.76,7473.5754,17566.41,-6.170998719,0.280082,0.443431,19.4709,0.8207,-0.2467,0.058862,0.719758,-2.910106,170,0.618442,2613.9967,0.123062,0
643,27.4347,8114.58,7480.2324,17613.28,-6.5460049847,0.279575,0.410876,15.8356,0.8985,-0.0527,0.064382,0.71309,-7.377802,148,0.640031,2628.6765,0.115981,0
644,27.4773,8048.25,7409.0183,17343.75,-5.8490822066,0.357407,0.454733,20.2813,0.8554,-0.2442,0.057041,0.690143,-1.573265,154,0.682734,2385.8592,0.117934,0
645,27.52,8278.53,7496.3757,17578.12,-7.0747736462,0.307168,0.38,14.1768,0.8632,-0.0472,0.070036,0.729582,-6.392362,166,0.664177,2798.4408,0.123306,0
646,27.5627,8196.27,7402.1451,17449.22,-6.1937825737,0.269461,0.450553,19.0375,0.8378,-0.1994,0.057709,0.718973,-2.747759,147,0.631428,2509.0018,0.120742,0
647,27.6053,8013.62,7388.9059,17308.59,-6.5325254948,0.305074,0.407898,16.9702,0.9222,-0.0199,0.064908,0.718685,-5.452955,155,0.687522,2718.9587,0.116836,0
648,27.648,8037.87,7504.7736,17402.34,-6.5325180651,0.318299,0.414206,17.2681,0.8736,-0.1308,0.063797,0.700184,-6.530962,149,0.705576,2666.2588,0.113173,0
649,27.6907,7932.24,7346.9022,17238.28,-5.7071888756,0.359033,0.476219,23.5083,0.8642,-0.2595,0.053699,0.695428,-1.418654,181,0.658676,2412.1433,0.114272,0
650,27.7333,8179.9,7465.1217,17601.56,-6.0394544777,0.280509,0.455752,19.084,0.8746,-0.1656,0.056879,0.720396,-5.584775,162,0.661306,2567.3204,0.125259,0
651,27.776,8405.81,7546.5142,17812.5,-6.3901671183,0.311404,0.430483,17.4296,0.8037,-0.2526,0.061007,0.712188,-6.7651,141,0.647087,2550.6653,0.131852,0
652,27.8187,8235.37,7477.9843,17648.44,-6.8364656646,0.250992,0.398822,14.626,0.8709,-0.116,0.066537,0.734737,-5.500765,146,0.654092,2835.496,0.12941,0
653,27.8613,8082.99,7442.0925,17449.22,-6.1632395235,0.344575,0.449194,19.2359,0.8561,-0.2294,0.057928,0.717241,-4.252503,166,0.660767,2591.0888,0.124771,0
654,27.904,7986.94,7383.2527,17285.16,-6.0599196893,0.325651,0.462328,20.545,0.8512,-0.2401,0.055842,0.70625,-4.713028,154,0.610898,2379.6544,0.118423,0
655,27.9467,8053.68,7383.4201,17472.66,-5.3221314376,0.24,0.510031,25.9124,0.8195,-0.4012,0.048734,0.688467,-2.676148,154,0.630972,2172.0126,0.115981,0
656,27.9893,8034.37,7457.4016,17578.12,-5.7113965464,0.344415,0.470164,23.1347,0.8472,-0.2916,0.054625,0.670703,-0.710743,167,0.673914,2397.2271,0.120986,0
657,28.032,8216.81,7467.4036,17707.03,-5.4563895013,0.252819,0.490642,24.6645,0.7809,-0.4344,0.051539,0.678773,-6.571554,151,0.66581,2373.9565,0.120498,0
658,28.0747,8229.82,7463.4632,17554.69,-6.4196014325,0.227752,0.428975,17.2157,0.8531,-0.1567,0.061261,0.719563,-2.366051,154,0.679337,2659.1309,0.118423,0
659,28.1173,8112.64,7472.9596,17589.84,-5.8029115579,0.213221,0.465773,21.8362,0.8448,-0.2824,0.055304,0.693797,-2.149884,162,0.645571,2361.881,0.115248,0
660,28.16,7845.81,7401.1924,17414.06,-5.7386109857,0.320658,0.476349,23.9178,0.8737,-0.2305,0.053679,0.67619,-3.691656,147,0.653436,2202.4765,0.119155,0
661,28.2027,7906.24,7355.4889,17156.25,-5.9207461505,0.254886,0.462794,20.083,0.8787,-0.1968,0.055769,0.70427,-3.566957,155,0.623903,2314.088,0.123062,0
662,28.2453,8217.98,7546.4309,17789.06,-6.6610001791,0.202005,0.410819,16.3843,0.8465,-0.1576,0.064392,0.720907,-7.670079,153,0.636698,2767.7977,0.116347,0
663,28.288,8018.17,7538.9928,17531.25,-5.9125266831,0.282488,0.465245,22.1009,0.8597,-0.2259,0.055386,0.677188,-5.203373,155,0.617404,2371.8915,0.11769,0
664,28.3307,8065.66,7481.3904,17578.12,-6.3299577621,0.366303,0.423076,17.2727,0.8957,-0.1123,0.062264,0.703001,-4.80447,168,0.649715,2598.8397,0.124649,0
665,28.3733,8107.59,7426.5686,17472.66,-6.2785581262,0.358285,0.435289,17.844,0.8704,-0.1558,0.060204,0.713264,-4.940235,148,0.642078,2580.5757,0.125504,0
666,28.416,8216.12,7482.1644,17601.56,-6.7120841449,0.339496,0.406504,16.2873,0.9003,-0.0337,0.065156,0.728792,-4.950451,150,0.638498,2608.2842,0.126847,0
667,28.4587,8209.59,7477.8268,17625.0,-6.4073520633,0.390706,0.426842,16.9637,0.8621,-0.1691,0.061622,0.718427,-3.563676,152,0.61685,2499.3201,0.126969,0
668,28.5013,8222.15,7486.8456,17589.84,-6.1025054247,0.197331,0.455297,19.7448,0.8284,-0.2553,0.056951,0.711657,-5.804997,142,0.633728,2498.8076,0.119644,0
669,28.544,7986.99,7428.795,17437.5,-6.3704630114,0.280826,0.42683,17.3147,0.8957,-0.1199,0.061624,0.716099,-8.825048,145,0.622289,2666.4257,0.12355,0
670,28.5867,8195.85,7510.6023,17671.88,-6.5832115686,0.216086,0.422121,17.3419,0.8879,-0.0908,0.062427,0.731857,-7.782259,139,0.632723,2627.4717,0.127335,0
671,28.6293,8266.03,7465.2334,17660.16,-5.8876672064,0.197155,0.472313,21.4977,0.8167,-0.2872,0.054295,0.708439,-4.280918,157,0.595735,2491.9592,0.127457,0
672,28.672,8290.5,7440.8427,17589.84,-6.9420879574,0.274587,0.380803,13.9189,0.8567,-0.0839,0.069883,0.727237,-5.192372,160,0.643928,2802.5434,0.119033,0
673,28.7147,7945.9,7447.4844,17320.31,-5.8259304752,0.319222,0.468316,21.127,0.853,-0.265,0.05491,0.684809,-5.203276,156,0.647869,2354.2211,0.117934,0
674,28.7573,8040.25,7356.1099,17449.22,-6.1248312643,0.45938,0.447146,18.7512,0.9152,-0.0842,0.058258,0.720285,-3.806955,142,0.675259,2446.8888,0.116225,0
675,28.8,8027.4,7436.9088,17355.47,-5.9335225912,0.402543,0.457043,21.453,0.8545,-0.2135,0.056674,0.689127,-5.893154,141,0.647183,2464.7921,0.105482,0
676,28.8427,8108.72,7421.2563,17449.22,-5.7747191026,0.256582,0.475517,22.2007,0.8436,-0.2584,0.053806,0.700475,-1.587201,138,0.614106,2350.8071,0.120254,0
677,28.8853,8292.35,7495.6084,17671.88,-6.073255931,0.276179,0.445914,19.3151,0.8337,-0.2389,0.058458,0.714865,-1.039406,165,0.632879,2685.7853,0.123306,0
678,28.928,8081.15,7396.4976,17390.62,-5.2929944195,0.276791,0.520392,27.2105,0.8105,-0.3958,0.047278,0.681391,-2.484144,148,0.63943,2145.6306,0.12062,0
679,28.9707,8034.81,7445.9315,17367.19,-6.5802739465,0.312473,0.409653,16.7707,0.8972,-0.0773,0.064597,0.709775,-3.192272,159,0.635824,2595.7338,0.117568,0
680,29.0133,8064.41,7452.664,17390.62,-6.5415741243,0.322241,0.418115,17.445,0.8599,-0.1589,0.063117,0.710584,-4.520267,159,0.644721,2634.2653,0.113417,0
681,29.056,8093.32,7556.2809,17566.41,-6.3898782437,0.276509,0.421706,17.9613,0.8678,-0.1565,0.062498,0.700655,-4.803629,144,0.657292,2619.3912,0.120376,0
682,29.0987,8344.74,7488.0616,17730.47,-5.6039287067,0.278347,0.47862,22.5603,0.7833,-0.3699,0.053335,0.69983,-3.511039,145,0.621028,2425.1619,0.120498,0
683,29.1413,8153.91,7417.9526,17578.12,-5.6200371398,0.397657,0.478066,22.2586,0.8374,-0.2979,0.053419,0.708201,-7.996069,144,0.671482,2428.2747,0.122329,0
684,29.184,8272.15,7512.0121,17800.78,-5.9245547602,0.303946,0.459451,20.9972,0.8036,-0.3102,0.056293,0.706646,-3.349737,151,0.613695,2589.4386,0.126358,0
685,29.2267,8348.21,7471.8081,17601.56,-6.5391632163,0.267506,0.425564,17.1261,0.84,-0.1493,0.061839,0.739461,-3.874809,144,0.615568,2570.2576,0.124527,0
686,29.2693,8140.06,7392.2748,17695.31,-5.813440371,0.257684,0.474811,22.7266,0.8509,-0.2729,0.053913,0.706477,-2.367017,159,0.620723,2337.203,0.118301,0
687,29.312,8072.52,7409.4574,17449.22,-6.0120453994,0.360213,0.448173,19.0837,0.8618,-0.1979,0.058092,0.704722,-2.945448,172,0.650993,2460.6039,0.113906,0
688,29.3547,8167.0,7467.7957,17449.22,-6.3366429321,0.265217,0.43508,18.0636,0.8651,-0.1217,0.060238,0.714235,-4.000626,170,0.649859,2681.4879,0.112807,0
689,29.3973,7777.9,7427.1935,17214.84,-6.3067102042,0.314192,0.432572,18.3825,0.9351,-0.0438,0.060657,0.685405,-2.719897,163,0.629098,2489.6346,0.116836,0
690,29.44,8071.18,7403.2378,17378.91,-5.1986161314,0.240436,0.523063,28.4092,0.7833,-0.4625,0.046908,0.65643,-2.016182,149,0.639488,2118.5209,0.113417,0
691,29.4827,8300.63,7446.8128,17519.53,-6.7026003647,0.302206,0.405652,16.4985,0.8589,-0.0857,0.065308,0.724054,-1.722098,145,0.650514,2751.6902,0.115615,0
692,29.5253,8067.31,7432.1618,17519.53,-5.8334757705,0.296604,0.472705,21.7365,0.8486,-0.258,0.054235,0.708406,-5.847649,172,0.608444,2398.8495,0.122207,0
693,29.568,8147.8,7463.2125,17613.28,-6.688717979,0.302684,0.405952,16.2138,0.8651,-0.1257,0.065254,0.721554,-4.504911,156,0.625739,2575.4836,0.117324,0
694,29.6107,8263.78,7434.0384,17695.31,-6.646043764,0.24341,0.415215,15.9279,0.8697,-0.1072,0.063621,0.737552,-4.189976,158,0.631688,2569.1745,0.120986,0
695,29.6533,8290.17,7543.5288,17695.31,-6.748571155,0.350233,0.398675,15.4012,0.8469,-0.171,0.066563,0.728803,-5.34564,151,0.631816,2838.4403,0.125626,0
696,29.696,8183.95,7470.6563,17496.09,-5.7751556361,0.362346,0.468549,21.6233,0.8094,-0.3381,0.054874,0.701695,-1.533622,153,0.625098,2515.7305,0.118178,0
697,29.7387,8111.61,7431.3636,17402.34,-5.720871862,0.278166,0.472457,24.5366,0.8263,-0.3159,0.054273,0.690464,-1.824905,171,0.63681,2466.5495,0.117812,0
698,29.7813,7794.58,7377.2995,17273.44,-6.0726615131,0.322885,0.449956,20.8503,0.9287,-0.0805,0.057805,0.700247,-8.448816,146,0.653103,2422.6681,0.11183,0
699,29.824,8039.11,7459.9537,17402.34,-5.8429879633,0.258642,0.463306,21.6012,0.8393,-0.2649,0.055689,0.667395,-4.647293,148,0.655105,2403.1777,0.102307,0
700,29.8667,8067.39,7467.8233,17496.09,-5.9680546112,0.237112,0.460022,21.0806,0.8335,-0.2631,0.056204,0.690869,-2.758589,163,0.642365,2478.0141,0.106336,0
701,29.9093,7880.45,7421.5741,17449.22,-4.9529716446,0.30856,0.529454,30.3063,0.8148,-0.4924,0.046029,0.635865,-1.90964,150,0.650221,2128.6575,0.110121,0
702,29.952,8124.96,7404.1548,17285.16,-6.8513768933,0.355835,0.401062,15.5554,0.9152,0.0464,0.066131,0.722997,-4.972458,151,0.659718,2595.3564,0.116103,0
703,29.9947,8160.7,7475.1242,17367.19,-6.3857397915,0.254882,0.425485,17.463,0.845,-0.1557,0.061853,0.697298,-6.01495,161,0.626282,2579.8081,0.118178,0
704,30.0373,8377.49,7485.3293,17835.94,-6.1468749255,0.283753,0.44687,18.5961,0.8304,-0.2494,0.058303,0.730999,-4.521489,151,0.632311,2473.2887,0.123916,0
705,30.08,8311.71,7539.1775,17812.5,-6.8811301317,0.250397,0.396619,14.9663,0.8568,-0.0959,0.066938,0.735374,-5.238685,155,0.628293,2661.5693,0.129654,0
706,30.1227,8313.94,7507.9545,17601.56,-5.9658793522,0.30276,0.457795,19.7858,0.8048,-0.3298,0.056555,0.716511,-3.482168,150,0.60623,2441.3459,0.129899,0
707,30.1653,8221.24,7500.0256,17695.31,-6.7570113405,0.257833,0.402937,15.0031,0.8848,-0.0838,0.065794,0.734324,-3.202586,140,0.636162,2607.0941,0.128678,0
708,30.208,8325.04,7448.7405,17882.81,-5.3459177942,0.372457,0.502858,24.0184,0.7658,-0.4696,0.049759,0.698182,-3.712786,146,0.65419,2354.1536,0.122451,0
709,30.2507,8105.07,7399.8548,17625.0,-6.0124467967,0.256778,0.455942,18.9416,0.8529,-0.2279,0.056848,0.70757,-7.003516,149,0.64786,2524.1234,0.123184,0
710,30.2933,8165.9,7487.0199,17542.97,-6.2980789818,0.352238,0.433422,19.0321,0.877,-0.1355,0.060515,0.714344,-3.532813,148,0.652897,2574.3988,0.127213,0
711,30.336,8178.37,7410.4594,17460.94,-5.6774467447,0.29639,0.480431,22.0703,0.8264,-0.3147,0.053061,0.701592,-5.171445,165,0.65663,2303.7994,0.122696,0
712,30.3787,8059.8,7386.1724,17449.22,-5.5099151245,0.243692,0.501555,25.6978,0.8202,-0.3669,0.049947,0.69599,-4.012004,159,0.62911,2156.3525,0.115493,0
713,30.4213,8102.66,7485.4992,17542.97,-5.5537765891,0.487048,0.48308,22.8878,0.8335,-0.3144,0.052663,0.675812,-10.35821,139,0.653051,2266.737,0.115126,0
714,30.464,8077.39,7414.6095,17437.5,-5.2106862801,0.322722,0.510314,28.3862,0.8122,-0.4008,0.048694,0.663188,-3.021566,138,0.668044,2272.4743,0.112318,0
715,30.5067,7787.65,7381.8357,17273.44,-5.53914854,0.335348,0.484672,26.1319,0.8644,-0.3016,0.052425,0.653402,-5.609001,151,0.616786,2296.0257,0.109266,0
716,30.5493,8164.44,7395.9775,17472.66,-5.1825637634,0.258712,0.516747,27.9925,0.7783,-0.4549,0.047787,0.668927,-5.470735,153,0.626546,2229.711,0.114394,0
717,30.592,8317.53,7513.2788,17718.75,-6.2432458046,0.259587,0.438764,18.0387,0.8266,-0.2235,0.059628,0.715922,-3.90915,146,0.63814,2574.7424,0.128189,0
718,30.6347,8200.54,7450.8555,17613.28,-5.473960031,0.243078,0.500277,24.4537,0.7922,-0.4078,0.050132,0.685488,-3.813679,162,0.629948,2239.9342,0.123062,0
719,30.6773,8190.98,7441.2124,17496.09,-5.5256790074,0.280724,0.490478,23.3433,0.7723,-0.438,0.051563,0.68843,-6.344377,142,0.589407,2231.3742,0.112563,0
720,30.72,7955.78,7362.7891,17238.28,-6.4416282976,0.327435,0.425007,18.4908,0.9026,-0.0446,0.061934,0.707399,-7.096455,140,0.634555,2589.0078,0.119399,0
721,30.7627,8107.32,7441.0978,17390.62,-6.0550851479,0.29142,0.449548,19.0038,0.8485,-0.2225,0.057871,0.693414,-5.935844,161,0.630621,2528.669,0.121841,0
722,30.8053,8221.5,7411.2811,17496.09,-5.8971281048,0.300696,0.462602,19.8515,0.8411,-0.2175,0.055799,0.722512,-3.662947,162,0.679755,2523.8316,0.125992,0
723,30.848,8305.88,7474.2133,17789.06,-6.3297540719,0.299441,0.435507,17.7938,0.8089,-0.2567,0.060167,0.720756,-5.297983,142,0.635188,2650.4886,0.123916,0
724,30.8907,8101.22,7503.3664,17460.94,-6.6219806542,0.298653,0.411689,15.8834,0.8804,-0.0889,0.064238,0.710384,-5.873443,138,0.618143,2533.1995,0.118301,0
725,30.9333,8336.17,7505.2559,17882.81,-6.50913866,0.275115,0.419275,17.1668,0.8623,-0.1321,0.062917,0.735694,-3.20937,161,0.644938,2712.9061,0.124771,0
726,30.976,8073.07,7428.7574,17367.19,-6.2134565298,0.268001,0.438992,18.8058,0.8629,-0.1734,0.059591,0.703237,-2.987649,136,0.649755,2577.258,0.128556,0
727,31.0187,8535.25,7572.2642,17894.53,-6.5229036153,0.327677,0.416801,17.3121,0.8078,-0.2052,0.063345,0.726924,-6.102938,157,0.668977,2696.6363,0.127091,0
728,31.0613,8052.89,7477.9772,17542.97,-5.6278181187,0.27652,0.48602,24.0944,0.8272,-0.354,0.052224,0.690627,-3.026843,160,0.631558,2319.1859,0.125992,0
729,31.104,7952.36,7422.1825,17332.03,-5.8558550224,0.30901,0.466585,21.0887,0.86,-0.2584,0.055178,0.692568,-2.197525,159,0.631544,2491.1833,0.123794,0
730,31.1467,8178.11,7453.7078,17519.53,-5.9187042687,0.365233,0.460395,21.4828,0.8316,-0.2751,0.056145,0.707191,-4.748544,153,0.644583,2456.747,0.115615,0
731,31.1893,8068.84,7425.7288,17554.69,-5.3440521591,0.220012,0.501033,24.9464,0.7931,-0.4416,0.050022,0.669917,-2.844884,157,0.643377,2156.4362,0.118423,0
732,31.232,8188.13,7452.2607,17460.94,-5.7099855812,0.297607,0.467136,22.5484,0.8345,-0.2689,0.055093,0.706954,-3.922002,162,0.663162,2499.6186,0.12294,0
733,31.2747,8156.74,7434.1813,17578.12,-6.0136977171,0.369124,0.456306,19.5849,0.8317,-0.2696,0.056791,0.710967,-4.194187,160,0.620855,2565.746,0.113417,0
734,31.3173,7789.34,7229.3235,17015.62,-5.1961384989,0.313374,0.515698,31.6017,0.8656,-0.2992,0.047934,0.651269,-1.102814,164,0.63672,2250.3807,0.112807,0
735,31.36,8169.01,7487.4905,17460.94,-6.4144207956,0.282114,0.431653,18.3452,0.8462,-0.1879,0.060811,0.722364,-2.64462,160,0.643209,2568.3866,0.119766,0
736,31.4027,7809.14,7374.4099,17156.25,-5.6250576236,0.282242,0.485275,24.3634,0.8651,-0.2908,0.052335,0.690134,-8.754788,148,0.624813,2322.0554,0.120498,0
737,31.4453,8290.85,7469.625,17636.72,-6.0868643203,0.291446,0.454508,19.4754,0.8278,-0.2142,0.057076,0.720045,-7.135594,142,0.621879,2508.8367,0.118545,0
738,31.488,8146.65,7541.3346,17742.19,-6.3380318963,0.406964,0.426753,18.3718,0.8431,-0.2381,0.061637,0.700035,-2.554003,144,0.617134,2697.2348,0.119888,0
739,31.5307,7977.98,7528.2089,17625.0,-6.4380348534,0.286488,0.421119,17.9244,0.8833,-0.1664,0.062599,0.695874,-8.023669,162,0.64667,2608.3028,0.121719,0
740,31.5733,8297.63,7557.5848,17835.94,-7.1810023475,0.249374,0.376258,13.0774,0.8535,-0.1363,0.070752,0.734817,-5.893087,170,0.640987,2712.7189,0.124161,0
741,31.616,8241.91,7568.9959,17953.12,-6.208297901,0.255221,0.442201,19.1815,0.8126,-0.3188,0.059063,0.711469,-5.462053,169,0.615444,2537.9947,0.119399,0
742,31.6587,8162.74,7394.1341,17625.0,-4.8254698378,0.260787,0.546852,34.8003,0.7524,-0.5897,0.043688,0.640489,-1.662368,128,0.650132,2037.5841,0.118178,0
743,31.7013,8114.64,7415.1833,17460.94,-5.4843856763,0.191675,0.491753,24.4745,0.8121,-0.3392,0.051375,0.675006,-3.956535,145,0.618,2295.1733,0.119888,0
744,31.744,8273.94,7431.2914,17636.72,-5.8032568468,0.234122,0.471007,21.3675,0.8274,-0.2641,0.054495,0.709967,-4.927357,152,0.640106,2474.1795,0.118056,0
745,31.7867,8320.34,7559.2215,17812.5,-6.4468888344,0.334266,0.419035,16.0391,0.8161,-0.2844,0.062958,0.720654,-4.517502,163,0.619136,2661.7967,0.122207,0
746,31.8293,7994.16,7437.7795,17437.5,-4.6541587118,0.326814,0.545608,35.9285,0.7665,-0.5863,0.043853,0.611574,-2.097613,138,0.640885,1954.436,0.110243,0
747,31.872,7937.2,7350.8011,17378.91,-4.7794362449,0.373229,0.541138,34.5871,0.8029,-0.5169,0.044449,0.627297,-0.952174,135,0.615569,2069.6679,0.107435,0
748,31.9147,8108.7,7485.5037,17414.06,-5.8503351271,0.259889,0.46247,21.5807,0.831,-0.2646,0.055819,0.683628,-6.265392,150,0.64972,2545.835,0.112563,0
749,31.9573,7985.09,7461.6263,17437.5,-5.7216428613,0.31611,0.470599,22.114,0.8401,-0.3032,0.054558,0.69241,-2.585775,168,0.660272,2423.669,0.112196,0
750,32.0,8299.5,7592.9494,17812.5,-6.896341635,0.278679,0.388544,15.5774,0.8701,-0.0983,0.068427,0.723256,-3.964533,176,0.623997,2838.4849,0.125015,0
751,32.0427,8193.41,7447.9603,17285.16,-6.3249146748,0.195055,0.439506,18.072,0.8241,-0.2219,0.059506,0.703206,-5.701295,161,0.627203,2646.0149,0.121719,0
752,32.0853,8125.4,7451.268,17507.81,-6.2913910561,0.257718,0.433045,18.528,0.8606,-0.1599,0.060578,0.703596,-3.063179,155,0.62354,2552.3059,0.120986,0
753,32.128,8274.4,7395.4212,17589.84,-5.1956457558,0.243115,0.513505,27.8327,0.7762,-0.4483,0.048243,0.692628,-1.280981,168,0.647321,2120.1553,0.123062,0
754,32.1707,7916.73,7412.5398,17378.91,-5.8529667225,0.223726,0.469263,21.6936,0.8699,-0.2544,0.054764,0.705704,-5.137064,149,0.634336,2295.9382,0.121475,0
755,32.2133,8104.28,7437.7517,17250.0,-6.243990089,0.403366,0.437949,18.8834,0.8416,-0.1895,0.059763,0.692741,-7.886639,156,0.654485,2553.8167,0.124649,0
756,32.256,8230.3,7579.0977,17613.28,-6.6661516315,0.370704,0.409584,16.4882,0.8392,-0.1876,0.06461,0.715378,-2.853925,139,0.624886,2730.301,0.116591,0
757,32.2987,8038.73,7460.3774,17390.62,-6.678494223,0.292127,0.40585,16.1704,0.873,-0.1096,0.065272,0.709021,-2.713034,163,0.65549,2724.8872,0.115493,0
758,32.3413,8137.87,7410.6096,17496.09,-5.2557546853,0.295175,0.517108,28.2859,0.7803,-0.4741,0.047736,0.686113,-3.594295,137,0.621868,2234.0495,0.119766,0
759,32.384,7935.7,7429.861,17285.16,-6.1757680013,0.254305,0.441833,19.7234,0.8772,-0.1705,0.059124,0.694961,-5.780927,150,0.656629,2535.0084,0.123306,0
760,32.4267,8079.08,7523.537,17589.84,-6.5366820907,0.319066,0.407961,16.0039,0.8919,-0.133,0.064897,0.720394,-6.870968,149,0.677031,2570.3796,0.122696,0
761,32.4693,8109.73,7487.8912,17507.81,-6.5003387989,0.269647,0.419843,17.5222,0.8576,-0.1743,0.062819,0.706105,-4.022764,134,0.648945,2669.282,0.119155,0
762,32.512,7894.05,7323.1357,17144.53,-5.2801070322,0.312484,0.509506,28.3479,0.8453,-0.3535,0.048808,0.666761,-2.032076,154,0.635999,2171.6772,0.112685,0
763,32.5547,8198.77,7484.9207,17753.91,-5.7124762259,0.337927,0.474409,22.6705,0.826,-0.2996,0.053974,0.694666,-1.672998,162,0.659785,2351.1985,0.110975,0
764,32.5973,8048.86,7318.1844,17250.0,-4.9849579042,0.370785,0.527378,32.2503,0.786,-0.4764,0.046313,0.650783,-1.150261,142,0.629341,2137.6264,0.115981,0
765,32.64,8090.13,7369.1355,17496.09,-5.3920976341,0.278128,0.506064,25.4945,0.8235,-0.3638,0.049299,0.681208,-1.31863,140,0.668052,2334.8544,0.11476,0
766,32.6827,8196.94,7515.1308,17578.12,-6.5961752854,0.283175,0.411675,16.0015,0.862,-0.1378,0.064241,0.719699,-6.142163,168,0.65468,2612.0597,0.115859,0
767,32.7253,8299.54,7602.37,17753.91,-7.048135506,0.272979,0.390128,13.8067,0.8848,-0.0901,0.068132,0.736525,-5.602203,151,0.622869,2729.7669,0.119644,0
768,32.768,8469.43,7573.3613,17882.81,-6.967876792,0.301969,0.385219,15.1279,0.8357,-0.1296,0.069049,0.744407,-6.158977,165,0.624923,2824.5234,0.121353,0
769,32.8107,7884.88,7422.148,17390.62,-6.6267694354,0.312574,0.414364,16.207,0.9242,-0.0289,0.06377,0.708572,-6.281224,166,0.654557,2611.4868,0.12001,0
770,32.8533,8086.05,7440.6936,17238.28,-6.4319660494,0.242823,0.424876,18.0193,0.8844,-0.097,0.061956,0.717333,-4.691319,163,0.658171,2547.2114,0.116225,0
771,32.896,8094.04,7502.9393,17648.44,-5.9091308738,0.263169,0.46127,20.3348,0.8257,-0.3099,0.056007,0.70946,-5.212623,159,0.640576,2435.6496,0.117324,0
772,32.9387,8176.13,7381.8656,17484.38,-5.1855855204,0.24998,0.523301,28.0009,0.78,-0.4662,0.046875,0.663779,-5.836744,162,0.619873,2198.9471,0.121109,0
773,32.9813,8249.71,7468.3478,17613.28,-6.2142024396,0.245853,0.438819,19.454,0.8537,-0.1547,0.059619,0.713077,-3.649333,170,0.630623,2661.9485,0.117202,0
774,33.024,7923.79,7382.862,17261.72,-5.7974250112,0.351925,0.469674,22.9925,0.8761,-0.2013,0.054701,0.692686,-2.135249,154,0.646607,2436.8264,0.117934,0
775,33.0667,8094.6,7392.3567,17472.66,-5.8869956332,0.241638,0.469086,21.4463,0.862,-0.204,0.054791,0.710635,-3.085742,167,0.626034,2437.0678,0.120742,0
776,33.1093,8127.28,7458.9032,17507.81,-6.3688425069,0.379743,0.426273,17.4648,0.878,-0.1379,0.061719,0.716604,-4.410848,158,0.64154,2674.7355,0.127335,0
777,33.152,8405.26,7423.953,17742.19,-6.1418032936,0.375927,0.44838,19.7178,0.8093,-0.2393,0.058059,0.726923,-3.928857,176,0.647437,2612.3725,0.131486,0
778,33.1947,8026.81,7404.1534,17156.25,-6.3392539892,0.422825,0.431874,18.3397,0.8805,-0.097,0.060774,0.700857,-4.525696,161,0.628606,2492.6811,0.11769,0
779,33.2373,7929.71,7417.0354,17355.47,-5.665798112,0.299223,0.48552,23.7432,0.8641,-0.2847,0.052299,0.691824,-4.690681,142,0.663945,2253.6005,0.115981,0
780,33.28,8035.9,7476.4274,17449.22,-6.454850355,0.347498,0.420302,17.8193,0.8902,-0.1111,0.06274,0.710543,-9.444463,152,0.631744,2682.3907,0.12355,0
781,33.3227,8245.7,7502.8382,17589.84,-6.2327255941,0.262845,0.442328,17.1995,0.814,-0.2861,0.059043,0.708509,-3.520153,179,0.650513,2553.2607,0.125015,0
782,33.3653,8335.64,7442.1697,17519.53,-5.7829902818,0.33961,0.472053,21.9235,0.8016,-0.3204,0.054335,0.710241,-1.755505,155,0.628714,2387.0818,0.126114,0
783,33.408,7866.45,7378.4402,17355.47,-6.0185239859,0.315456,0.452378,20.2448,0.9046,-0.1677,0.057416,0.707493,-3.299444,150,0.657594,2355.6684,0.122085,0
784,33.4507,8168.24,7488.8742,17613.28,-5.9637983682,0.314908,0.451373,20.9466,0.8412,-0.2329,0.057577,0.696178,-9.272733,150,0.660954,2597.6231,0.122696,0
785,33.4933,8027.84,7507.847,17671.88,-5.2546307867,0.378442,0.497836,25.8007,0.8098,-0.458,0.050486,0.665101,-5.771917,129,0.674856,2218.2057,0.119277,0
786,33.536,7811.58,7403.2714,17027.34,-5.4057925442,0.303109,0.506734,27.6098,0.8272,-0.4033,0.049203,0.649071,-10.248778,109,0.640036,1673.1172,0.069344,0
787,33.5787,7732.13,7451.4738,16875.0,-7.7145441354,0.282244,0.346976,11.8915,0.9989,0.1555,0.076617,0.737125,0.0,0,0.938675,318.3385,0.012941,0
788,33.6213,0.0,0.0,0.0,0.0,0.0,0.0,0.0,0.0,0.0,0.0,0.0,0.0,0,0.0,0.0,0.0,1
789,33.664,0.0,0.0,0.0,0.0,0.0,0.0,0.0,0.0,0.0,0.0,0.0,0.0,0,0.0,0.0,0.0,1
790,33.7067,0.0,0.0,0.0,0.0,0.0,0.0,0.0,0.0,0.0,0.0,0.0,0.0,0,0.0,0.0,0.0,1
791,33.7493,0.0,0.0,0.0,0.0,0.0,0.0,0.0,0.0,0.0,0.0,0.0,0.0,0,0.0,0.0,0.0,1
792,33.792,0.0,0.0,0.0,0.0,0.0,0.0,0.0,0.0,0.0,0.0,0.0,0.0,0,0.0,0.0,0.0,1
793,33.8347,0.0,0.0,0.0,0.0,0.0,0.0,0.0,0.0,0.0,0.0,0.0,0.0,0,0.0,0.0,0.0,1
794,33.8773,0.0,0.0,0.0,0.0,0.0,0.0,0.0,0.0,0.0,0.0,0.0,0.0,0,0.0,0.0,0.0,1
795,33.92,0.0,0.0,0.0,0.0,0.0,0.0,0.0,0.0,0.0,0.0,0.0,0.0,0,0.0,0.0,0.0,1
796,33.9627,0.0,0.0,0.0,0.0,0.0,0.0,0.0,0.0,0.0,0.0,0.0,0.0,0,0.0,0.0,0.0,1
797,34.0053,0.0,0.0,0.0,0.0,0.0,0.0,0.0,0.0,0.0,0.0,0.0,0.0,0,0.0,0.0,0.0,1
798,34.048,0.0,0.0,0.0,0.0,0.0,0.0,0.0,0.0,0.0,0.0,0.0,0.0,0,0.0,0.0,0.0,1
799,34.0907,0.0,0.0,0.0,0.0,0.0,0.0,0.0,0.0,0.0,0.0,0.0,0.0,0,0.0,0.0,0.0,1
800,34.1333,0.0,0.0,0.0,0.0,0.0,0.0,0.0,0.0,0.0,0.0,0.0,0.0,0,0.0,0.0,0.0,1
801,34.176,0.0,0.0,0.0,0.0,0.0,0.0,0.0,0.0,0.0,0.0,0.0,0.0,0,0.0,0.0,0.0,1
802,34.2187,0.0,0.0,0.0,0.0,0.0,0.0,0.0,0.0,0.0,0.0,0.0,0.0,0,0.0,0.0,0.0,1
803,34.2613,0.0,0.0,0.0,0.0,0.0,0.0,0.0,0.0,0.0,0.0,0.0,0.0,0,0.0,0.0,0.0,1
804,34.304,0.0,0.0,0.0,0.0,0.0,0.0,0.0,0.0,0.0,0.0,0.0,0.0,0,0.0,0.0,0.0,1
805,34.3467,0.0,0.0,0.0,0.0,0.0,0.0,0.0,0.0,0.0,0.0,0.0,0.0,0,0.0,0.0,0.0,1
806,34.3893,0.0,0.0,0.0,0.0,0.0,0.0,0.0,0.0,0.0,0.0,0.0,0.0,0,0.0,0.0,0.0,1
807,34.432,0.0,0.0,0.0,0.0,0.0,0.0,0.0,0.0,0.0,0.0,0.0,0.0,0,0.0,0.0,0.0,1
808,34.4747,0.0,0.0,0.0,0.0,0.0,0.0,0.0,0.0,0.0,0.0,0.0,0.0,0,0.0,0.0,0.0,1
809,34.5173,0.0,0.0,0.0,0.0,0.0,0.0,0.0,0.0,0.0,0.0,0.0,0.0,0,0.0,0.0,0.0,1
810,34.56,0.0,0.0,0.0,0.0,0.0,0.0,0.0,0.0,0.0,0.0,0.0,0.0,0,0.0,0.0,0.0,1
811,34.6027,0.0,0.0,0.0,0.0,0.0,0.0,0.0,0.0,0.0,0.0,0.0,0.0,0,0.0,0.0,0.0,1
812,34.6453,0.0,0.0,0.0,0.0,0.0,0.0,0.0,0.0,0.0,0.0,0.0,0.0,0,0.0,0.0,0.0,1
813,34.688,0.0,0.0,0.0,0.0,0.0,0.0,0.0,0.0,0.0,0.0,0.0,0.0,0,0.0,0.0,0.0,1
814,34.7307,0.0,0.0,0.0,0.0,0.0,0.0,0.0,0.0,0.0,0.0,0.0,0.0,0,0.0,0.0,0.0,1
815,34.7733,0.0,0.0,0.0,0.0,0.0,0.0,0.0,0.0,0.0,0.0,0.0,0.0,0,0.0,0.0,0.0,1
816,34.816,0.0,0.0,0.0,0.0,0.0,0.0,0.0,0.0,0.0,0.0,0.0,0.0,0,0.0,0.0,0.0,1
817,34.8587,0.0,0.0,0.0,0.0,0.0,0.0,0.0,0.0,0.0,0.0,0.0,0.0,0,0.0,0.0,0.0,1
818,34.9013,0.0,0.0,0.0,0.0,0.0,0.0,0.0,0.0,0.0,0.0,0.0,0.0,0,0.0,0.0,0.0,1
819,34.944,0.0,0.0,0.0,0.0,0.0,0.0,0.0,0.0,0.0,0.0,0.0,0.0,0,0.0,0.0,0.0,1
820,34.9867,0.0,0.0,0.0,0.0,0.0,0.0,0.0,0.0,0.0,0.0,0.0,0.0,0,0.0,0.0,0.0,1
821,35.0293,0.0,0.0,0.0,0.0,0.0,0.0,0.0,0.0,0.0,0.0,0.0,0.0,0,0.0,0.0,0.0,1
822,35.072,0.0,0.0,0.0,0.0,0.0,0.0,0.0,0.0,0.0,0.0,0.0,0.0,0,0.0,0.0,0.0,1
823,35.1147,0.0,0.0,0.0,0.0,0.0,0.0,0.0,0.0,0.0,0.0,0.0,0.0,0,0.0,0.0,0.0,1
