frame,time,centroid,spread,rolloff,slope,obsir_std,flatness,crest,skewness,kurtosis,tonality,entropy,tpr,n_peaks,flux,irregularity,zcr,gated
0,0.0,7612.34,6888.8124,16382.81,-5.4900940858,0.265682,0.501446,24.1899,0.8453,-0.2878,0.049963,0.672977,-6.062442,151,0.0,1910.6681,0.107191,0
1,0.0427,7787.98,7000.9124,16652.34,-5.4912296149,0.208941,0.49928,21.2161,0.7783,-0.4138,0.050276,0.689857,-4.061228,159,0.611026,2084.3675,0.111708,0
2,0.0853,7571.42,6939.6667,16453.12,-5.7870078158,0.204833,0.477486,18.1671,0.8782,-0.2209,0.053507,0.704002,-3.083823,141,0.623846,2019.3678,0.111952,0
3,0.128,7530.31,6923.7784,16324.22,-5.4201151454,0.239911,0.502474,24.4933,0.8558,-0.2995,0.049814,0.676301,-1.598184,151,0.626914,1980.1713,0.112929,0
4,0.1707,7436.26,6955.6435,16382.81,-5.5821880905,0.315722,0.489167,21.301,0.8685,-0.2893,0.051757,0.681104,-6.973552,148,0.606868,1887.0059,0.104871,0
5,0.2133,7428.87,6935.01,16371.09,-5.3003799101,0.305255,0.501627,26.5255,0.8689,-0.3111,0.049936,0.666835,-2.563605,142,0.62538,1950.0581,0.099744,0
6,0.256,7363.12,6904.3442,16265.62,-5.6438678001,0.28984,0.48235,22.4363,0.8738,-0.3003,0.052773,0.680544,-4.183365,136,0.640627,1908.9676,0.106702,0
7,0.2987,7273.46,6823.1192,16054.69,-5.4303093733,0.139762,0.501589,28.5289,0.8993,-0.2047,0.049942,0.65062,-5.808624,170,0.653042,1844.4741,0.102674,0
8,0.3413,7525.29,6796.5255,16078.12,-5.4565713363,0.182697,0.500378,22.4787,0.8855,-0.203,0.050117,0.695089,-2.051573,165,0.628299,1865.5977,0.102429,0
9,0.384,7528.83,6866.1847,16218.75,-6.1454652279,0.293041,0.448908,16.7973,0.9122,-0.0534,0.057974,0.713751,-5.232432,159,0.62379,2104.3466,0.1089,0
10,0.4267,7614.66,6980.0771,16582.03,-5.6079117718,0.331174,0.476722,18.1849,0.8323,-0.3281,0.053622,0.672968,-5.684846,138,0.629822,2028.9011,0.107557,0
11,0.4693,7601.06,6954.2071,16535.16,-5.6103901898,0.367151,0.488645,20.4867,0.8481,-0.3111,0.051834,0.698975,-6.341953,157,0.622936,2015.3306,0.112318,0
12,0.512,7731.64,6855.0324,16371.09,-6.1388585641,0.320794,0.453377,16.0786,0.8557,-0.1836,0.057257,0.728429,-4.939028,151,0.603415,2126.3833,0.121231,0
13,0.5547,7633.71,6805.8372,16347.66,-5.6726335214,0.342184,0.491436,20.0445,0.876,-0.193,0.051422,0.714311,-2.573952,146,0.620935,2049.4511,0.112563,0
14,0.5973,7488.52,6858.178,16242.19,-5.5620221543,0.264147,0.503593,22.4751,0.8642,-0.2921,0.049653,0.701507,-3.442364,159,0.633966,1887.3137,0.107923,0
15,0.64,7674.1,6920.5723,16546.88,-6.0815943821,0.189512,0.462209,16.6756,0.8783,-0.1678,0.05586,0.716217,-3.064172,162,0.596363,2141.333,0.108534,0
16,0.6827,7258.94,6928.4614,16359.38,-5.1929759887,0.32205,0.512943,32.0899,0.8803,-0.3266,0.048322,0.625018,-1.109568,145,0.653254,2061.4284,0.110121,0
17,0.7253,7876.83,6945.2892,16792.97,-5.8591415694,0.17982,0.474982,17.609,0.8156,-0.2931,0.053887,0.718227,-4.237749,151,0.659782,2109.9972,0.116713,0
18,0.768,7633.01,6886.0058,16417.97,-5.7685964916,0.162686,0.482276,19.2115,0.8448,-0.2848,0.052784,0.71716,-4.967447,123,0.597403,1988.6263,0.113051,0
19,0.8107,7392.34,6945.5928,16312.5,-6.098581641,0.29192,0.453215,17.7064,0.8862,-0.2328,0.057283,0.690594,-2.389865,147,0.639944,2052.7859,0.106458,0
20,0.8533,7734.72,7021.6703,16488.28,-6.5817358835,0.227835,0.422681,13.5167,0.8831,-0.1008,0.062331,0.726217,-2.764068,177,0.631389,2431.3878,0.106702,0
21,0.896,7655.27,6991.3745,16535.16,-5.5341763405,0.32496,0.498197,20.2672,0.8395,-0.3376,0.050433,0.69526,-3.987468,154,0.628335,2036.9792,0.109022,0
22,0.9387,7582.26,6918.6651,16382.81,-5.6244854519,0.311006,0.485491,19.5895,0.8488,-0.2924,0.052303,0.675742,-2.583766,153,0.639382,1885.681,0.110975,0
23,0.9813,7600.94,6950.3117,16500.0,-5.9008350408,0.281254,0.470874,18.6826,0.8494,-0.2462,0.054516,0.686107,-6.859135,148,0.644641,1987.5617,0.106947,0
24,1.024,7461.18,6923.6301,16359.38,-5.6951610098,0.362136,0.484507,20.9809,0.8605,-0.3113,0.05245,0.682857,-3.170293,159,0.609907,1898.3123,0.107679,0
25,1.0667,7772.28,6920.8084,16664.06,-5.5563899981,0.291404,0.49328,20.6917,0.8078,-0.3719,0.051151,0.704832,-2.38286,158,0.632144,2078.0178,0.117568,0
26,1.1093,7549.87,6913.0347,16218.75,-6.3872458405,0.274566,0.436638,14.8647,0.8691,-0.1828,0.05998,0.713788,-5.374819,151,0.644738,2310.8673,0.114638,0
27,1.152,7534.85,6948.4136,16289.06,-5.21620406,0.379933,0.520608,26.9884,0.8134,-0.4176,0.047248,0.650653,-0.090964,158,0.616841,1874.005,0.10597,0
28,1.1947,7414.89,6959.9948,16242.19,-5.7473718783,0.274797,0.477541,21.3101,0.8747,-0.2607,0.053498,0.681702,-1.667983,150,0.609148,1918.1288,0.109633,0
29,1.2373,7508.79,6904.1672,16253.91,-5.9634437292,0.20189,0.470842,17.0704,0.8736,-0.2218,0.054521,0.704454,-5.052734,134,0.62906,2064.9464,0.102307,0
30,1.28,7232.55,6820.4171,15937.5,-5.9205889441,0.178022,0.469618,19.9637,0.9345,-0.0882,0.054709,0.687945,-6.027628,149,0.621132,1953.5387,0.099622,0
31,1.3227,7622.09,7009.8546,16781.25,-5.6190328476,0.26286,0.480501,19.7318,0.8289,-0.3673,0.053051,0.691871,-1.99298,155,0.635835,2041.7353,0.111098,0
32,1.3653,7542.67,6974.6908,16441.41,-6.2535010701,0.269901,0.442256,15.7247,0.9005,-0.1379,0.059054,0.716404,-5.4204,157,0.630552,2057.2235,0.102185,0
33,1.408,7546.38,6953.0327,16453.12,-5.1618765589,0.159986,0.522911,30.0368,0.8285,-0.3831,0.046929,0.650491,-2.175514,162,0.610376,1983.4097,0.101087,0
34,1.4507,7427.97,6890.1169,15996.09,-6.0429781815,0.269347,0.458925,17.9138,0.8823,-0.1766,0.056376,0.694632,-6.96071,144,0.611209,1994.1765,0.11122,0
35,1.4933,7717.65,7014.2577,16476.56,-6.1389565192,0.265843,0.45021,15.8536,0.8423,-0.251,0.057764,0.710775,-2.377543,149,0.618702,2200.6502,0.115737,0
36,1.536,7809.54,6906.508,16511.72,-5.7467385916,0.218521,0.482734,19.4411,0.7966,-0.3665,0.052715,0.723648,-4.021116,138,0.603097,2041.944,0.11476,0
37,1.5787,7357.98,6886.8813,16335.94,-5.4845464991,0.22341,0.497686,25.8989,0.8859,-0.2697,0.050507,0.664907,-1.024696,160,0.621157,1973.5479,0.102185,0
38,1.6213,7288.88,6907.3896,16195.31,-5.1985412541,0.256295,0.515735,32.7442,0.8766,-0.3044,0.047929,0.616355,-6.550426,152,0.632942,1984.7601,0.101087,0
39,1.664,7441.07,7034.0149,16476.56,-5.5186892637,0.236351,0.489238,23.0659,0.8509,-0.3781,0.051747,0.662394,-4.701609,165,0.633256,2119.3642,0.103895,0
40,1.7067,7439.65,6877.9086,16160.16,-5.2069254234,0.337341,0.520251,30.2315,0.8621,-0.3167,0.047298,0.657627,-1.634512,142,0.615367,2056.335,0.100842,0
41,1.7493,7493.96,6918.7207,16394.53,-5.6107340446,0.275126,0.486849,20.9909,0.8687,-0.2792,0.052101,0.694278,-3.080332,156,0.646209,1828.5682,0.102918,0
42,1.792,7546.9,6874.4522,16195.31,-5.8006380971,0.245403,0.480123,19.4877,0.8521,-0.2272,0.053108,0.683943,-3.469647,164,0.610301,1960.3587,0.105604,0
43,1.8347,7472.66,6860.758,16207.03,-5.3726532023,0.259245,0.508818,25.4825,0.853,-0.3023,0.048906,0.658906,-0.769595,171,0.614762,1883.2874,0.115371,0
44,1.8773,7813.49,6990.8186,16757.81,-5.708900924,0.253318,0.486961,18.8947,0.8198,-0.346,0.052084,0.710382,-3.965204,149,0.621789,1994.0739,0.125504,0
45,1.92,7821.51,6986.095,16699.22,-6.4604076386,0.248189,0.425319,14.1162,0.8272,-0.2393,0.061881,0.729254,-11.228702,129,0.610606,2189.6159,0.121109,0
46,1.9627,7676.14,6929.5421,16464.84,-6.0956992458,0.29772,0.459205,16.458,0.8701,-0.1866,0.056332,0.721963,-8.023866,142,0.621139,2135.4019,0.114882,0
47,2.0053,7674.68,6918.9302,16546.88,-5.2456354952,0.203344,0.524437,24.9304,0.8239,-0.3685,0.046718,0.68765,-9.897146,130,0.580624,1923.2287,0.115248,0
48,2.048,7906.96,6961.534,16710.94,-6.2065193668,0.2433,0.453824,14.4294,0.8153,-0.2768,0.057185,0.7372,-6.062213,149,0.612984,2142.2801,0.122329,0
49,2.0907,7636.96,6905.8864,16371.09,-5.9977323126,0.315641,0.464443,16.6849,0.8775,-0.1901,0.055511,0.725009,-3.927431,154,0.608678,2017.1978,0.122451,0
50,2.1333,7683.54,6841.9605,16347.66,-5.854286761,0.291638,0.471903,18.0484,0.8751,-0.159,0.054358,0.718727,-6.35874,144,0.633012,2023.7042,0.116469,0
51,2.176,7450.42,6910.7435,16218.75,-5.6611103467,0.319004,0.487015,20.8624,0.8829,-0.255,0.052076,0.685816,-4.45478,142,0.627084,1853.9713,0.113173,0
52,2.2187,7688.54,6943.9075,16476.56,-6.2680452318,0.254616,0.4448,14.8988,0.8654,-0.1438,0.058639,0.720864,-7.747129,167,0.616477,2224.4,0.11415,0
53,2.2613,7862.67,7004.4837,16792.97,-5.9613869901,0.279573,0.460702,15.8205,0.7978,-0.3537,0.056097,0.728052,-4.290153,147,0.610027,2082.7379,0.118911,0
54,2.304,7733.4,6951.3156,16546.88,-5.601045524,0.243235,0.488536,18.6816,0.8346,-0.3054,0.051851,0.699376,-4.942587,157,0.606078,2132.7122,0.116836,0
55,2.3467,7448.25,6903.9702,16335.94,-5.0067656172,0.277893,0.534426,35.3282,0.8542,-0.3529,0.045352,0.631375,-2.029299,144,0.640159,1923.2057,0.103284,0
56,2.3893,7587.15,6918.4883,16417.97,-5.3848378425,0.163839,0.508336,25.289,0.8521,-0.3233,0.048975,0.689702,-5.489816,152,0.606494,1856.0834,0.107557,0
57,2.432,7510.94,6913.9613,16453.12,-5.3668705792,0.214221,0.501573,24.8862,0.8523,-0.3327,0.049944,0.67895,-7.830445,143,0.610257,1984.314,0.118545,0
58,2.4747,7594.15,6902.3368,16429.69,-5.3969108651,0.271717,0.497071,21.8515,0.8472,-0.2915,0.050597,0.678059,-4.308075,151,0.657678,2008.4659,0.108045,0
59,2.5173,7377.18,6979.5373,16382.81,-5.3467132224,0.328072,0.495981,24.166,0.8503,-0.349,0.050756,0.648004,-2.983028,175,0.647806,1971.2077,0.101819,0
60,2.56,7638.68,6946.7673,16429.69,-5.6599119399,0.201612,0.49088,20.0023,0.8463,-0.289,0.051504,0.700942,-3.840142,179,0.630295,2101.998,0.112318,0
61,2.6027,7823.84,6988.9509,16710.94,-5.7025397076,0.16556,0.487152,18.4214,0.8318,-0.3069,0.052056,0.719122,-3.824178,149,0.61421,1965.8407,0.117202,0
62,2.6453,7557.43,6906.3731,16359.38,-5.718428971,0.221481,0.478168,19.9077,0.8469,-0.2864,0.053403,0.684924,-4.669589,147,0.621304,1958.4055,0.106825,0
63,2.688,7360.98,6913.6419,16183.59,-6.1199163366,0.282024,0.452034,16.1835,0.8966,-0.1859,0.057471,0.699995,-5.234997,153,0.62114,2061.8013,0.107801,0
64,2.7307,7491.0,6962.9573,16335.94,-5.9935578284,0.324164,0.460705,17.3352,0.8731,-0.234,0.056096,0.69606,-3.089056,142,0.622609,2034.1008,0.113417,0
65,2.7733,7653.75,6909.1249,16406.25,-6.1491348519,0.252541,0.451879,15.0977,0.8751,-0.182,0.057496,0.717382,-4.193748,173,0.635617,2158.3533,0.107923,0
66,2.816,7478.41,6836.21,16289.06,-5.1903278396,0.254586,0.514343,29.9195,0.8401,-0.3331,0.048125,0.658761,-1.263299,169,0.662096,1995.2421,0.104627,0
67,2.8587,7472.8,6953.2098,16312.5,-5.9952671345,0.279915,0.464192,17.7977,0.8836,-0.2291,0.05555,0.706767,-8.003192,145,0.620689,1987.4324,0.111342,0
68,2.9013,7530.47,6940.0659,16359.38,-5.9535431548,0.259389,0.465833,18.4004,0.8707,-0.1986,0.055295,0.697725,-7.82457,144,0.591645,2100.2628,0.121719,0
69,2.944,7769.79,6995.1781,16570.31,-6.667014131,0.347029,0.416173,13.35,0.877,-0.127,0.063454,0.734739,-6.395672,153,0.620736,2258.5005,0.121719,0
70,2.9867,7558.37,6955.1106,16347.66,-5.9311724303,0.297757,0.469742,17.3181,0.8944,-0.1892,0.05469,0.705438,-2.730001,183,0.632755,2067.3498,0.113173,0
71,3.0293,7604.85,6938.7112,16441.41,-5.9059868302,0.306805,0.471455,18.5667,0.8541,-0.2835,0.054427,0.704595,-6.493369,154,0.61272,1992.7517,0.109022,0
72,3.072,7440.49,6894.8722,16300.78,-5.3227057901,0.264436,0.498922,24.3435,0.866,-0.3027,0.050328,0.671162,-0.519623,158,0.629359,2008.6719,0.111586,0
73,3.1147,7459.11,6863.6409,16160.16,-5.5301105664,0.373389,0.496421,23.1217,0.8651,-0.2759,0.050692,0.680322,-1.907826,159,0.614331,1954.0377,0.111342,0
74,3.1573,7665.72,6979.8557,16523.44,-5.7408884564,0.314288,0.477227,18.506,0.8257,-0.3346,0.053546,0.693046,-4.4873,179,0.631319,1968.2543,0.110609,0
75,3.2,7585.15,6978.3354,16582.03,-5.6323471869,0.302849,0.481236,21.5547,0.8383,-0.3364,0.05294,0.68348,-4.990965,145,0.59963,1992.1954,0.109755,0
76,3.2427,7520.94,7004.5247,16535.16,-5.3513316099,0.285145,0.509089,23.109,0.8404,-0.394,0.048868,0.678676,-1.822649,123,0.609006,1802.6476,0.11183,0
77,3.2853,7462.92,6913.0337,16359.38,-5.9201170299,0.487187,0.465518,18.2962,0.8846,-0.2412,0.055344,0.685905,-1.591253,157,0.626317,2004.5412,0.11415,0
78,3.328,7564.88,6922.9269,16359.38,-5.4442058898,0.38002,0.493652,23.1977,0.8783,-0.2465,0.051097,0.681326,-3.558446,175,0.635801,1987.0966,0.106702,0
79,3.3707,7835.02,7001.5293,16769.53,-5.5964560567,0.312286,0.493017,20.0553,0.7999,-0.3926,0.05119,0.711182,-3.424184,167,0.636533,1988.9158,0.112685,0
80,3.4133,7789.27,6924.4563,16312.5,-5.8917251255,0.250381,0.477635,17.4298,0.8303,-0.2573,0.053484,0.727787,-2.881059,154,0.605967,2017.9595,0.118056,0
81,3.456,7668.07,6960.8747,16640.62,-5.0545459156,0.199704,0.540397,31.7824,0.8322,-0.3809,0.044548,0.66808,-1.715987,157,0.613559,1963.7086,0.107435,0
82,3.4987,7297.39,6967.2829,16300.78,-5.4282505982,0.223058,0.502895,24.8227,0.8779,-0.301,0.049754,0.652691,-6.608253,167,0.612741,1935.3006,0.101819,0
83,3.5413,7761.69,6946.0111,16570.31,-6.3776987771,0.225046,0.436358,13.6896,0.838,-0.2032,0.060026,0.720765,-8.465975,155,0.630313,2156.5593,0.107191,0
84,3.584,7313.76,6944.1405,16160.16,-5.4639539537,0.195621,0.49332,27.0852,0.8961,-0.2501,0.051145,0.652277,-1.088272,157,0.638619,2001.3341,0.104017,0
85,3.6267,7452.2,6884.6278,16265.62,-5.6899751061,0.277263,0.486681,21.0527,0.883,-0.2282,0.052126,0.689182,-5.56383,164,0.662792,1981.1926,0.096447,0
86,3.6693,7323.02,6936.0831,16253.91,-5.2814549149,0.355125,0.508172,28.4732,0.8859,-0.2857,0.048998,0.643841,-1.168618,165,0.637978,1928.0023,0.105482,0
87,3.712,7530.4,6955.4707,16535.16,-5.5090494764,0.367234,0.488428,22.1972,0.8515,-0.3232,0.051867,0.67351,-4.563326,173,0.619953,2045.7622,0.103895,0
88,3.7547,7508.74,6912.8469,16289.06,-5.5271601386,0.290083,0.493317,22.2578,0.8423,-0.3091,0.051146,0.682526,-3.461601,146,0.598075,1838.8546,0.102552,0
89,3.7973,7461.01,6934.5102,16289.06,-5.3720839256,0.348473,0.504154,24.9962,0.8621,-0.3025,0.049573,0.66698,-3.818763,139,0.652855,1911.975,0.11415,0
90,3.84,7751.63,6871.5919,16359.38,-6.4366154864,0.233554,0.435602,14.739,0.8778,-0.0854,0.060152,0.731982,-3.808599,159,0.656199,2189.5239,0.116469,0
91,3.8827,7606.11,6996.6531,16570.31,-5.9919549343,0.271975,0.464937,16.9916,0.8504,-0.2956,0.055434,0.704456,-6.353593,144,0.640345,1991.775,0.114638,0
92,3.9253,7409.15,6859.4391,16171.88,-5.4573852335,0.376126,0.506416,24.1733,0.8851,-0.26,0.049249,0.689404,-4.26255,138,0.623485,1851.0061,0.107679,0
93,3.968,7828.01,6972.486,16605.47,-5.6708301044,0.266652,0.485978,18.647,0.8009,-0.3836,0.052231,0.710413,-6.387133,146,0.604163,1916.9576,0.113906,0
94,4.0107,7552.45,6969.8471,16417.97,-5.7979984874,0.267243,0.472393,18.6754,0.8525,-0.2808,0.054283,0.684864,-4.961856,151,0.624426,2019.6077,0.110243,0
95,4.0533,7600.05,6987.7052,16628.91,-5.6126971599,0.289549,0.494967,22.7394,0.8401,-0.3407,0.050904,0.68738,-8.347914,157,0.609753,2008.5726,0.104993,0
96,4.096,7698.45,6963.6183,16523.44,-6.2695579733,0.29797,0.445261,15.2411,0.8637,-0.1818,0.058564,0.709412,-4.432161,172,0.618914,2239.3577,0.112685,0
97,4.1387,7565.97,6972.389,16593.75,-5.0993602374,0.190154,0.520443,27.9955,0.8364,-0.371,0.047271,0.657468,-0.651317,162,0.634137,1944.0811,0.107801,0
98,4.1813,7490.09,6925.2068,16289.06,-5.6053502237,0.256865,0.486628,21.4791,0.8639,-0.295,0.052134,0.687147,-4.614202,155,0.622743,2016.3075,0.108412,0
99,4.224,7781.63,6947.0326,16570.31,-6.0994442849,0.14652,0.454166,15.8962,0.8258,-0.2552,0.057131,0.715218,-6.686341,156,0.635348,2134.036,0.125382,0
100,4.2667,7634.89,6986.2619,16488.28,-5.8895444289,0.290558,0.470947,18.308,0.8428,-0.2929,0.054505,0.707784,-6.684646,142,0.605643,2028.9263,0.122818,0
101,4.3093,7400.1,6913.1419,16171.88,-5.9834283047,0.257901,0.463863,18.6448,0.8765,-0.25,0.055602,0.705648,-9.601744,147,0.618019,2001.7892,0.10829,0
102,4.352,7739.26,6896.1257,16488.28,-5.8545853617,0.225328,0.475257,18.1723,0.8344,-0.2719,0.053845,0.71972,-8.896734,140,0.650045,2043.8188,0.106336,0
103,4.3947,7536.01,6964.2508,16476.56,-5.7096273339,0.250299,0.48561,21.0713,0.852,-0.3069,0.052285,0.678462,-4.342347,157,0.609375,1956.5638,0.102918,0
104,4.4373,7526.34,6968.1475,16429.69,-5.9848903775,0.351591,0.460517,17.2493,0.8776,-0.2435,0.056126,0.703782,-8.775095,159,0.624714,1990.8919,0.107557,0
105,4.48,7591.13,7014.6801,16500.0,-6.0801376955,0.172089,0.458214,16.3163,0.8543,-0.2773,0.056489,0.706658,-4.141364,161,0.631186,2045.9089,0.111952,0
106,4.5227,7475.53,6911.9263,16371.09,-6.0270071524,0.258611,0.461894,17.0607,0.8884,-0.2088,0.05591,0.703563,-4.740091,137,0.634598,2005.8941,0.117934,0
107,4.5653,7688.94,6876.625,16289.06,-5.5848845158,0.150371,0.493896,20.9763,0.8225,-0.2905,0.051061,0.707795,-2.52287,169,0.632361,2021.2292,0.121353,0
108,4.608,7573.26,6997.2422,16582.03,-5.3355502638,0.22685,0.516337,27.0639,0.8398,-0.3648,0.047844,0.660802,-7.368664,168,0.611638,1914.8132,0.108778,0
109,4.6507,7431.64,6943.003,16218.75,-5.7712858919,0.211497,0.48449,19.1395,0.8686,-0.2741,0.052453,0.682921,-7.168136,146,0.602883,1919.2987,0.106336,0
110,4.6933,7738.72,6928.0145,16476.56,-5.3194890644,0.24574,0.508613,24.6533,0.7946,-0.3929,0.048935,0.67975,-3.467076,151,0.627248,2042.17,0.117324,0
111,4.736,7655.07,6996.4809,16640.62,-6.2085806435,0.259591,0.448652,16.0238,0.866,-0.2377,0.058015,0.702695,-4.607275,142,0.611522,2213.5866,0.11183,0
112,4.7787,7655.47,6913.0819,16464.84,-4.9101628703,0.307054,0.535221,32.7344,0.8042,-0.4095,0.045244,0.639947,-0.92477,167,0.613645,2056.6259,0.099499,0
113,4.8213,7521.51,6904.3883,16312.5,-5.0991607053,0.180786,0.532892,29.5773,0.8594,-0.3193,0.04556,0.65723,-1.566329,161,0.662077,1991.583,0.100964,0
114,4.864,7333.33,6927.9827,16148.44,-6.1901241632,0.290909,0.453601,16.2919,0.9217,-0.0941,0.057221,0.690367,-5.161012,176,0.656719,2030.2875,0.106702,0
115,4.9067,7721.94,6885.0851,16253.91,-5.8445901341,0.1869,0.471356,17.2486,0.8401,-0.2259,0.054442,0.707716,-5.256762,138,0.608675,1935.0888,0.109999,0
116,4.9493,7554.36,6960.9074,16324.22,-5.6916936357,0.198386,0.476233,19.2522,0.8601,-0.2547,0.053697,0.680168,-2.256633,157,0.627017,2009.2519,0.113539,0
117,4.992,7692.93,6953.032,16593.75,-5.3173315804,0.34517,0.513948,24.525,0.8155,-0.3942,0.04818,0.684859,-2.457475,162,0.625246,2031.9784,0.112074,0
118,5.0347,7445.99,6897.3034,16359.38,-5.531695868,0.328326,0.498547,20.9849,0.8763,-0.2496,0.050382,0.676036,-0.995584,160,0.614588,1835.3861,0.1089,0
119,5.0773,7702.58,7022.589,16535.16,-6.2188863453,0.265552,0.448917,15.8005,0.8631,-0.1887,0.057972,0.717305,-6.371662,172,0.638723,2191.5617,0.109755,0
120,5.12,7767.94,6949.3672,16687.5,-6.1248572058,0.359983,0.456351,15.8061,0.8446,-0.2649,0.056783,0.728873,-5.29097,163,0.617713,2130.874,0.105726,0
121,5.1627,7245.88,6879.7746,16007.81,-5.6820869942,0.253024,0.48165,22.855,0.9127,-0.1799,0.052878,0.667351,-1.000989,145,0.653225,1880.9257,0.104383,0
122,5.2053,7608.09,6943.5829,16640.62,-5.3539936169,0.43351,0.517897,25.8248,0.8416,-0.3529,0.047626,0.675874,-2.381311,141,0.647071,1813.792,0.107557,0
123,5.248,7632.96,6937.5864,16500.0,-5.3154067105,0.274736,0.515132,28.7315,0.8268,-0.3711,0.048014,0.671978,-6.528086,147,0.611671,1884.0911,0.105115,0
124,5.2907,7699.25,6951.4762,16289.06,-5.7212974199,0.261032,0.481152,19.4048,0.8352,-0.2808,0.052953,0.695893,-4.82502,138,0.625444,2072.9881,0.108778,0
125,5.3333,7523.33,6892.6764,16289.06,-5.6053382581,0.282072,0.492996,21.4098,0.8618,-0.2842,0.051193,0.6896,-2.49982,147,0.623986,1901.0498,0.118301,0
126,5.376,7874.51,7008.0655,16687.5,-6.046142117,0.279113,0.455661,16.0976,0.813,-0.286,0.056893,0.713148,-4.645859,167,0.619584,2088.0445,0.12062,0
127,5.4187,7700.82,7010.782,16664.06,-6.232532378,0.247674,0.450107,15.5634,0.8571,-0.2324,0.057781,0.714518,-7.301733,140,0.610539,2162.5259,0.114638,0
128,5.4613,7484.42,6881.6942,16242.19,-6.1532268949,0.286096,0.445676,15.8129,0.8668,-0.2244,0.058497,0.700504,-5.578091,160,0.629864,2064.9884,0.1089,0
129,5.504,7735.17,6947.9927,16535.16,-5.8076447444,0.244141,0.480656,18.3498,0.8206,-0.3161,0.053028,0.710192,-5.638757,156,0.631388,1994.9219,0.109144,0
130,5.5467,7523.62,6913.9357,16253.91,-5.4305198983,0.252117,0.502223,25.5327,0.8563,-0.2988,0.049851,0.655426,-6.393934,152,0.630137,2008.3368,0.10658,0
131,5.5893,7580.4,6973.538,16476.56,-5.3419682724,0.364122,0.509046,25.4631,0.8327,-0.3655,0.048874,0.659569,-0.529466,172,0.621445,1994.5761,0.107557,0
132,5.632,7534.99,6929.0925,16253.91,-5.8070099388,0.282605,0.476976,19.4601,0.8401,-0.2872,0.053584,0.688182,-3.39153,185,0.605043,2010.6398,0.110853,0
133,5.6747,7349.7,6891.5191,16195.31,-5.8553990307,0.263562,0.472097,20.2433,0.9119,-0.1501,0.054328,0.690184,-3.374312,157,0.593434,1958.445,0.107069,0
134,5.7173,7535.78,7039.9479,16593.75,-5.8426985165,0.303908,0.475374,18.5173,0.851,-0.324,0.053827,0.691578,-9.192517,143,0.610364,1960.2468,0.104139,0
135,5.76,7614.45,6964.4091,16500.0,-5.6028846063,0.449797,0.497961,21.1389,0.8663,-0.2623,0.050467,0.689157,-3.877509,140,0.601024,1920.0563,0.109266,0
136,5.8027,7745.17,7078.928,16699.22,-6.5247972297,0.11836,0.426768,12.8485,0.8501,-0.222,0.061635,0.714794,-6.386892,143,0.605556,2287.5885,0.113295,0
137,5.8453,7819.19,6996.8451,16699.22,-5.9634708461,0.203373,0.469758,17.0893,0.8252,-0.2858,0.054688,0.719157,-6.607014,154,0.589799,2018.6543,0.114028,0
138,5.888,7547.86,6931.7849,16488.28,-5.3564889518,0.225369,0.511121,26.5778,0.8352,-0.3575,0.048579,0.660026,-5.094351,153,0.619698,1890.0498,0.104261,0
139,5.9307,7524.95,6950.3593,16335.94,-4.8765736386,0.192559,0.550173,37.9919,0.8142,-0.413,0.04325,0.608469,-0.242066,139,0.592134,1958.5443,0.094982,0
140,5.9733,7358.13,6920.113,16230.47,-5.6372691512,0.319765,0.485576,20.6194,0.875,-0.2544,0.05229,0.665584,-4.533688,158,0.638722,1944.4278,0.103284,0
141,6.016,7568.0,6925.9655,16441.41,-6.5656397609,0.26291,0.424946,14.3051,0.9187,-0.0367,0.061944,0.730375,-4.731224,149,0.627536,2266.4862,0.113051,0
142,6.0587,7606.34,6939.9267,16335.94,-6.1711514476,0.347013,0.451142,16.2929,0.8532,-0.2311,0.057615,0.712377,-9.765564,153,0.619146,2169.0322,0.119521,0
143,6.1013,7521.34,6966.5882,16417.97,-5.6218822213,0.242019,0.495555,21.2933,0.8468,-0.3203,0.050818,0.700834,-6.27225,152,0.592014,2039.6929,0.118545,0
144,6.144,7724.63,7000.3269,16710.94,-5.7290532621,0.263291,0.482712,17.9317,0.8483,-0.3058,0.052719,0.712321,-4.642702,151,0.625105,2029.843,0.111586,0
145,6.1867,7271.29,6904.0448,15960.94,-5.6710395692,0.316209,0.4819,22.059,0.8976,-0.2259,0.05284,0.668008,-4.734547,143,0.615412,1890.822,0.108534,0
146,6.2293,7780.22,6993.3505,16652.34,-5.7127174264,0.355261,0.482955,18.4934,0.8163,-0.3304,0.052682,0.694657,-5.587807,150,0.632701,2055.1355,0.116103,0
147,6.272,7688.36,6902.351,16394.53,-5.8017903209,0.246291,0.485548,19.0595,0.8507,-0.252,0.052295,0.714122,-7.397915,178,0.612279,1989.9933,0.114272,0
148,6.3147,7293.5,6951.8143,16277.34,-5.3642615947,0.215661,0.496258,26.5355,0.8649,-0.3308,0.050715,0.63458,-6.994515,144,0.611501,1910.3143,0.096691,0
149,6.3573,7208.73,6923.4808,16101.56,-5.236040914,0.285196,0.508676,31.9685,0.9001,-0.2666,0.048926,0.633784,-2.149229,142,0.632276,2021.6473,0.095959,0
150,6.4,7494.04,6919.5414,16382.81,-5.8830044261,0.285919,0.47795,18.8905,0.8699,-0.2539,0.053436,0.707115,-6.214811,124,0.614693,2013.023,0.10951,0
151,6.4427,7371.36,6868.2594,16125.0,-5.1467764236,0.285234,0.524793,34.5934,0.8678,-0.3082,0.046669,0.629622,-2.467888,139,0.621714,1986.3379,0.104505,0
152,6.4853,7388.6,6930.7249,16324.22,-5.952223732,0.270206,0.458782,19.1015,0.8823,-0.229,0.056399,0.673564,-7.194215,147,0.648439,2005.3854,0.101087,0
153,6.528,7552.29,6937.6572,16582.03,-5.4040911102,0.228459,0.508863,23.4008,0.8475,-0.3269,0.0489,0.67229,-7.963566,149,0.65362,1949.9744,0.10304,0
154,6.5707,7588.75,6939.2211,16523.44,-5.1871840375,0.29492,0.529908,27.935,0.8266,-0.385,0.045967,0.665813,-3.492125,124,0.626075,1995.8783,0.102796,0
155,6.6133,7459.36,6869.5958,16125.0,-5.394948566,0.199519,0.51105,26.417,0.8766,-0.2468,0.048589,0.663023,-7.932872,132,0.607009,1932.1441,0.112196,0
156,6.656,7583.1,6850.0123,16312.5,-5.8558157371,0.304965,0.46562,18.3247,0.8761,-0.1614,0.055328,0.698809,-5.652653,166,0.618957,2013.841,0.112196,0
157,6.6987,7421.43,6901.8883,16230.47,-6.3523268366,0.278266,0.440237,14.5774,0.9095,-0.1195,0.059386,0.711008,-8.375016,146,0.637243,2153.5043,0.103528,0
158,6.7413,7332.69,6985.1567,16394.53,-5.4377203456,0.29778,0.497992,24.6534,0.882,-0.3164,0.050463,0.665583,-2.25865,165,0.645375,1946.7528,0.097912,0
159,6.784,7247.9,6866.2619,16054.69,-5.0123575307,0.281651,0.523311,33.71,0.8705,-0.3024,0.046873,0.597163,-7.339064,151,0.629367,2011.109,0.102918,0
160,6.8267,7629.39,6975.6246,16382.81,-6.1024415512,0.304997,0.458612,16.4568,0.8779,-0.1874,0.056426,0.716749,-6.045458,131,0.651383,1964.7645,0.107191,0
161,6.8693,7491.46,6906.4009,16113.28,-5.9294859167,0.374168,0.463612,16.9059,0.8821,-0.188,0.055641,0.699304,-6.658283,161,0.618011,2099.0738,0.107923,0
162,6.912,7456.12,6869.6821,16207.03,-5.3206522843,0.305562,0.518278,25.8144,0.8673,-0.2957,0.047573,0.684009,-2.159436,149,0.628325,1940.6069,0.113295,0
163,6.9547,7786.13,6977.1782,16582.03,-5.8954978944,0.374178,0.468036,17.8513,0.8229,-0.2801,0.054954,0.703188,-1.579783,154,0.587274,2156.4165,0.113783,0
164,6.9973,7632.09,6989.0963,16593.75,-6.1993397656,0.285685,0.446076,16.1037,0.8729,-0.1809,0.058432,0.714792,-4.391993,150,0.578063,2093.1496,0.111098,0
165,7.04,7408.08,6861.8715,16101.56,-5.0977733066,0.270973,0.526188,33.2874,0.8745,-0.2708,0.046476,0.62893,-1.855108,156,0.624131,1916.4519,0.100354,0
166,7.0827,7333.31,6841.0516,16066.41,-5.6639937572,0.307519,0.491583,21.8725,0.8949,-0.2057,0.0514,0.676976,-4.40073,160,0.609807,1945.3406,0.094006,0
167,7.1253,7511.17,6935.4888,16312.5,-5.7824622981,0.187319,0.481398,19.5369,0.8508,-0.2782,0.052916,0.696294,-4.941134,148,0.627538,2164.5273,0.105848,0
168,7.168,7751.95,7028.2696,16734.38,-6.4099549392,0.206866,0.42639,13.8228,0.849,-0.2469,0.061699,0.721508,-4.408442,176,0.602438,2343.1265,0.117812,0
169,7.2107,7725.24,6920.4815,16535.16,-6.1247503852,0.21153,0.459539,15.9188,0.8522,-0.2237,0.05628,0.727395,-3.75964,159,0.598863,2041.974,0.112929,0
170,7.2533,7591.08,7025.3246,16511.72,-6.0484495457,0.274272,0.456059,16.2002,0.8722,-0.2465,0.05683,0.714169,-4.505546,152,0.608093,2123.5518,0.112807,0
171,7.296,7786.57,6970.7243,16546.88,-5.9272881597,0.441474,0.464741,16.7118,0.8335,-0.2854,0.055465,0.717585,-4.472214,158,0.614574,2138.4222,0.119033,0
172,7.3387,7532.96,6956.6102,16359.38,-5.6745252688,0.30107,0.488002,20.4148,0.8421,-0.311,0.05193,0.674259,-3.314785,152,0.622109,1893.7784,0.108534,0
173,7.3813,7430.35,6954.3005,16207.03,-5.5420895371,0.180789,0.490352,22.4542,0.8504,-0.2933,0.051582,0.657491,-7.080193,180,0.616714,1916.9293,0.107557,0
174,7.424,7478.15,7001.9557,16394.53,-5.9995024475,0.306403,0.455434,17.3272,0.8427,-0.2994,0.056929,0.675301,-8.157956,141,0.639261,2082.152,0.109388,0
175,7.4667,7408.69,6975.4261,16476.56,-5.7186312559,0.293632,0.479542,20.1593,0.8675,-0.2901,0.053196,0.67576,-3.400815,144,0.618001,1921.2885,0.106336,0
176,7.5093,7593.96,6936.5535,16429.69,-5.4239776315,0.367221,0.500071,22.1385,0.8294,-0.3548,0.050161,0.680627,-8.01005,153,0.641546,1867.0899,0.107435,0
177,7.552,7533.45,6908.4424,16382.81,-5.533677075,0.269311,0.491737,22.9604,0.8568,-0.2961,0.051378,0.67861,-3.998973,156,0.640539,1938.0331,0.111464,0
178,7.5947,7659.57,6975.3927,16464.84,-6.3532105939,0.316482,0.434765,14.7705,0.8538,-0.2151,0.060291,0.71856,-5.977134,150,0.632825,2307.6413,0.118178,0
179,7.6373,7600.38,6966.5657,16347.66,-6.7132407262,0.165796,0.418618,12.9392,0.8988,-0.0707,0.06303,0.721222,-7.242728,142,0.630684,2270.7471,0.11122,0
180,7.68,7573.0,6908.7135,16441.41,-5.82224655,0.254966,0.474054,18.4465,0.8545,-0.2764,0.054029,0.699858,-11.164258,118,0.654319,2029.8464,0.109144,0
181,7.7227,7643.76,6946.6629,16675.78,-5.4426280443,0.353433,0.497727,21.7919,0.8389,-0.3663,0.050501,0.699183,-6.31564,139,0.615414,1823.7428,0.115737,0
182,7.7653,7627.09,7007.2339,16628.91,-5.7049761732,0.260111,0.483277,19.3045,0.8377,-0.3277,0.052634,0.697783,-7.288458,155,0.63533,1973.7339,0.114516,0
183,7.808,7371.9,6929.1405,16089.84,-5.8268304026,0.221604,0.48625,20.0903,0.8725,-0.2417,0.05219,0.678548,-9.720527,153,0.602125,1871.3622,0.118423,0
184,7.8507,7685.04,6964.0584,16535.16,-6.0115648488,0.170918,0.464416,17.7362,0.8313,-0.2971,0.055516,0.713198,-6.978938,164,0.586624,2113.6336,0.118545,0
185,7.8933,7565.78,6925.6823,16312.5,-5.1705837468,0.233934,0.518337,28.9155,0.8351,-0.3457,0.047565,0.658158,-2.200312,149,0.605428,1993.7999,0.111708,0
186,7.936,7639.26,6986.7066,16429.69,-6.5121310901,0.260924,0.432494,13.986,0.8809,-0.1231,0.06067,0.718557,-6.857242,158,0.61709,2243.291,0.118056,0
187,7.9787,7637.04,6939.8238,16464.84,-5.6155353538,0.20388,0.484965,21.0494,0.8464,-0.287,0.052382,0.70393,-2.440163,148,0.613886,2041.1472,0.120254,0
188,8.0213,7728.23,6879.6027,16582.03,-5.4737367504,0.338683,0.496929,22.689,0.8324,-0.3138,0.050618,0.705201,-3.203822,155,0.607948,1955.2534,0.114882,0
189,8.064,7576.27,6971.3083,16429.69,-5.8159745836,0.206433,0.476416,20.323,0.8414,-0.3069,0.053669,0.692879,-6.324266,149,0.638402,1897.0031,0.114394,0
190,8.1067,7437.27,7005.814,16347.66,-6.7182240373,0.217762,0.414167,12.7999,0.9289,-0.0449,0.063804,0.722496,-7.125245,161,0.608889,2183.5625,0.109388,0
191,8.1493,7732.06,6987.2292,16558.59,-5.9496283955,0.208229,0.468601,17.0105,0.8363,-0.2758,0.054866,0.717809,-5.299575,118,0.626299,2032.1206,0.103528,0
192,8.192,7755.06,7082.1677,16816.41,-5.8196236416,0.17877,0.477161,19.0738,0.8298,-0.3151,0.053556,0.71038,-3.50581,148,0.596495,2102.5302,0.110975,0
193,8.2347,7667.94,6996.7084,16523.44,-5.8412267855,0.33846,0.470892,18.1555,0.8447,-0.2917,0.054513,0.70892,-3.974977,152,0.602806,2135.3131,0.114028,0
194,8.2773,7299.77,6845.4267,16066.41,-5.7879128404,0.313815,0.47685,21.3717,0.9303,-0.1239,0.053603,0.690016,-3.271901,156,0.616243,2117.1135,0.110121,0
195,8.32,7530.26,6869.9624,16242.19,-5.9274572526,0.34363,0.463295,17.9218,0.8757,-0.1698,0.05569,0.692015,-1.246547,162,0.621321,2082.579,0.1089,0
196,8.3627,7566.75,7006.9816,16546.88,-6.0576446709,0.24189,0.457858,16.6632,0.877,-0.201,0.056545,0.707553,-7.870272,130,0.633069,2066.6839,0.108656,0
197,8.4053,7826.46,7004.6379,16792.97,-5.7921518975,0.289047,0.480368,17.3246,0.8092,-0.3532,0.053071,0.718095,-3.37412,158,0.621818,1978.1004,0.118301,0
198,8.448,7930.79,7007.0286,16863.28,-5.4764413651,0.260126,0.494917,20.14,0.7818,-0.4194,0.050911,0.705383,-6.914089,154,0.59911,2107.9041,0.125992,0
199,8.4907,7786.4,6970.0493,16523.44,-6.0887219465,0.329146,0.451253,16.7913,0.8457,-0.1867,0.057597,0.698894,-3.426756,149,0.612798,2225.002,0.119033,0
200,8.5333,7659.52,7005.6817,16710.94,-5.7754603932,0.279052,0.477881,18.2846,0.8328,-0.3345,0.053447,0.698704,-2.272041,171,0.631924,2084.3201,0.109633,0
201,8.576,7609.69,6985.7801,16593.75,-5.6285185911,0.275938,0.489895,21.1482,0.8508,-0.3019,0.05165,0.687051,-1.882886,132,0.61284,1918.7936,0.11476,0
202,8.6187,7700.57,6960.642,16546.88,-5.7043711914,0.264837,0.488652,20.3641,0.8289,-0.3315,0.051833,0.700925,-2.482586,131,0.612732,1948.0604,0.116713,0
203,8.6613,7830.71,7026.7375,16898.44,-5.9197347528,0.146052,0.471569,17.4728,0.8067,-0.3561,0.054409,0.71406,-6.546975,146,0.599557,2007.2162,0.112318,0
204,8.704,7689.0,6920.7299,16417.97,-5.4428502796,0.392002,0.507612,23.319,0.8215,-0.3378,0.049078,0.692641,-3.113238,156,0.62787,1967.8868,0.107923,0
205,8.7467,7517.65,6963.0446,16300.78,-5.7988548452,0.224967,0.474233,19.125,0.8426,-0.3062,0.054001,0.681331,-5.16952,139,0.605913,1888.4921,0.108168,0
206,8.7893,7561.54,6968.952,16347.66,-5.937613068,0.187173,0.465528,18.0778,0.8437,-0.2675,0.055342,0.698569,-5.941226,148,0.616272,2014.7032,0.108656,0
207,8.832,7453.65,7022.6719,16406.25,-6.3403322615,0.243605,0.434611,15.2331,0.8784,-0.2028,0.060316,0.690936,-9.087146,146,0.608729,2180.6387,0.11476,0
208,8.8747,7760.02,6943.7217,16488.28,-6.4016443678,0.290355,0.434156,14.3202,0.8398,-0.1952,0.060392,0.725797,-5.543749,137,0.606419,2133.1816,0.115981,0
209,8.9173,7581.38,7053.0742,16628.91,-6.4257420038,0.221363,0.426891,15.5992,0.8689,-0.2093,0.061614,0.704324,-7.927775,157,0.618334,2200.4832,0.115371,0
210,8.96,7475.57,6943.413,16464.84,-5.4748007172,0.225863,0.500109,22.5329,0.8482,-0.3527,0.050156,0.671157,-7.759311,144,0.625085,1937.1423,0.113539,0
211,9.0027,7445.61,6946.05,16265.62,-5.6018464962,0.229931,0.493058,22.0722,0.8802,-0.2667,0.051184,0.690884,-7.348065,156,0.643605,1977.8711,0.102918,0
212,9.0453,7593.85,6940.6257,16523.44,-5.7974384041,0.337907,0.467181,19.2021,0.8492,-0.2774,0.055086,0.697496,-4.208475,137,0.629134,2216.1518,0.106825,0
213,9.088,7406.6,6899.225,16265.62,-5.8839886137,0.4154,0.464759,18.7889,0.9113,-0.162,0.055462,0.690461,-8.306069,149,0.641882,1945.5961,0.110487,0
214,9.1307,7704.95,6928.3631,16546.88,-5.7136914792,0.249499,0.481251,18.7841,0.8326,-0.2925,0.052938,0.710731,-4.074557,139,0.638222,2015.5617,0.111098,0
215,9.1733,7612.81,6941.4607,16347.66,-6.0343184162,0.309118,0.455527,16.6924,0.8865,-0.1379,0.056914,0.70906,-4.38614,165,0.643709,2172.7849,0.113417,0
216,9.216,7632.52,6920.8203,16300.78,-5.6232395829,0.276319,0.483409,19.659,0.838,-0.2781,0.052614,0.695066,-6.557469,148,0.615725,1964.1279,0.118423,0
217,9.2587,7771.97,6991.1309,16535.16,-6.301594042,0.326135,0.443983,14.415,0.8694,-0.1726,0.058772,0.731708,-5.093598,152,0.618644,2202.1194,0.112807,0
218,9.3013,7325.64,6933.952,16160.16,-5.5425994889,0.247428,0.487944,23.7311,0.9116,-0.2005,0.051938,0.677295,-3.258405,138,0.618163,1908.6763,0.099133,0
219,9.344,7473.06,6946.0999,16371.09,-5.3191036973,0.384828,0.502695,24.9987,0.8487,-0.3612,0.049783,0.667339,-5.050196,159,0.637347,2026.0767,0.106458,0
220,9.3867,7754.86,6963.4296,16582.03,-5.9261872009,0.409493,0.462488,17.1946,0.8457,-0.2398,0.055817,0.701493,-7.185853,143,0.624699,2185.5422,0.108412,0
221,9.4293,7330.34,6935.2615,16406.25,-5.4374993506,0.313022,0.497092,25.8566,0.8691,-0.3137,0.050594,0.654872,-7.484508,161,0.652579,1900.6517,0.10304,0
222,9.472,7561.33,6929.7318,16417.97,-5.6170808996,0.312012,0.482056,20.9412,0.8551,-0.2812,0.052817,0.684992,-6.751408,165,0.633781,1987.4043,0.10829,0
223,9.5147,7522.2,6894.6705,16394.53,-5.7378788874,0.302361,0.48425,20.61,0.8695,-0.2504,0.052488,0.692072,-7.245588,150,0.627674,1896.4224,0.111586,0
224,9.5573,7412.52,6911.2287,16289.06,-5.5866599961,0.357873,0.485627,21.3787,0.8742,-0.2612,0.052283,0.662308,-8.419641,154,0.596217,1846.4105,0.112563,0
225,9.6,7682.5,6998.565,16582.03,-5.8628803265,0.265501,0.468998,17.5478,0.8295,-0.3197,0.054805,0.709279,-4.617526,130,0.641071,2085.734,0.115371,0
226,9.6427,7786.87,6979.1001,16511.72,-5.6814194749,0.288308,0.485135,18.9111,0.8249,-0.3051,0.052356,0.711307,-2.359336,178,0.640778,2039.8013,0.115004,0
227,9.6853,7531.16,6944.2016,16335.94,-5.9045401891,0.279457,0.462155,18.4186,0.8786,-0.2055,0.055869,0.701141,-3.093857,146,0.594636,2000.7142,0.112318,0
228,9.728,7464.39,6887.1156,16335.94,-5.7374015044,0.235029,0.479528,20.3536,0.8674,-0.2675,0.053198,0.691129,-7.51248,144,0.628401,2072.1211,0.109755,0
229,9.7707,7853.81,6991.9826,16640.62,-5.3701800193,0.23713,0.501887,22.3989,0.8045,-0.3613,0.049899,0.698705,-1.947822,162,0.602741,1890.6989,0.107313,0
230,9.8133,7506.65,6835.4875,16101.56,-5.368528484,0.214073,0.50902,24.9303,0.871,-0.2663,0.048878,0.695699,-3.635686,130,0.607516,1814.9808,0.106458,0
231,9.856,7459.96,6835.807,16113.28,-5.7343164666,0.220677,0.478022,19.2537,0.8821,-0.2105,0.053425,0.701473,-3.488795,147,0.605777,1874.8353,0.106702,0
232,9.8987,7641.56,6962.4405,16476.56,-5.8387321475,0.155897,0.477914,19.5992,0.8337,-0.3,0.053442,0.699966,-1.746227,163,0.627874,1952.3212,0.102674,0
233,9.9413,7544.94,6965.8366,16429.69,-5.8229546054,0.287343,0.473519,18.0826,0.8813,-0.2291,0.05411,0.69516,-3.755917,153,0.624804,2027.6194,0.10597,0
234,9.984,7681.46,6952.6934,16429.69,-5.7213856123,0.212339,0.48043,19.4406,0.8237,-0.3261,0.053062,0.695153,-2.691757,159,0.632749,1990.015,0.110243,0
235,10.0267,7621.44,6941.4979,16417.97,-5.6059663477,0.204002,0.493513,20.8421,0.8507,-0.2884,0.051117,0.713324,-5.496896,144,0.597678,1936.1794,0.113417,0
236,10.0693,7611.5,6871.1521,16382.81,-6.1542289426,0.202795,0.454351,15.3013,0.8569,-0.2066,0.057101,0.706431,-4.150312,148,0.623733,2155.8817,0.12587,0
237,10.112,7541.18,6916.3741,16394.53,-5.6800398044,0.163709,0.482995,20.3808,0.8909,-0.205,0.052676,0.700811,-3.553331,150,0.610595,1889.0307,0.118178,0
238,10.1547,7450.92,6941.9314,16148.44,-5.3762009543,0.295233,0.50472,26.6367,0.8518,-0.3213,0.049492,0.643781,-8.952574,146,0.643264,1957.1266,0.109999,0
239,10.1973,8040.86,6984.6925,16699.22,-6.0468686789,0.27439,0.455226,15.4289,0.8109,-0.2399,0.056962,0.730176,-3.673933,167,0.626707,2305.0398,0.117812,0
240,10.24,7709.28,7058.9282,16699.22,-6.4004155029,0.247317,0.43487,14.3651,0.868,-0.1883,0.060273,0.718428,-9.339006,130,0.612274,2196.4711,0.114638,0
241,10.2827,7594.95,6929.0558,16476.56,-5.2842851465,0.256051,0.515223,24.811,0.8333,-0.3555,0.048001,0.681148,-3.276216,150,0.581724,1911.5459,0.111464,0
242,10.3253,7686.55,7011.4283,16593.75,-5.4841784602,0.161009,0.502852,21.3549,0.8176,-0.3772,0.04976,0.684964,-4.402122,162,0.596178,1858.9921,0.1089,0
243,10.368,7358.56,6862.2902,16218.75,-5.644962148,0.23293,0.488315,22.5638,0.8987,-0.2258,0.051883,0.671665,-6.128377,138,0.631254,1888.0862,0.105115,0
244,10.4107,7644.9,6895.9875,16464.84,-5.6401464849,0.194568,0.492504,21.5517,0.8383,-0.3068,0.051265,0.701741,-3.007555,164,0.649586,1895.7916,0.11122,0
245,10.4533,7569.34,6951.5442,16406.25,-6.1520581554,0.258971,0.448208,16.041,0.8788,-0.1885,0.058087,0.71239,-4.582338,147,0.636169,2109.9655,0.114272,0
246,10.496,7742.28,6958.5994,16417.97,-6.1617239472,0.207816,0.454747,15.7896,0.8738,-0.1493,0.057038,0.727814,-6.342215,148,0.641034,2129.1551,0.119155,0
247,10.5387,7793.51,6966.9823,16605.47,-5.7420508195,0.265374,0.48584,19.1186,0.8048,-0.3469,0.052251,0.698896,-1.750484,156,0.613856,2114.5316,0.111342,0
248,10.5813,7476.35,6924.5686,16125.0,-5.8302515845,0.342134,0.473717,20.7836,0.8556,-0.2616,0.05408,0.679621,-3.452078,164,0.617206,2125.6974,0.105237,0
249,10.624,7514.71,6878.0267,16277.34,-5.7194148745,0.379743,0.487424,19.9071,0.8706,-0.2263,0.052015,0.688141,-3.734371,173,0.618984,1997.3541,0.109999,0
250,10.6667,7614.68,6941.4762,16394.53,-5.4961769873,0.268255,0.498312,23.0128,0.8416,-0.309,0.050416,0.687684,-2.706278,153,0.627455,1962.6056,0.110975,0
251,10.7093,7626.26,6919.4115,16394.53,-5.5781778943,0.325039,0.491399,22.1449,0.8494,-0.2991,0.051428,0.70391,-2.647719,128,0.612669,1975.8641,0.115248,0
252,10.752,7763.46,6926.3222,16617.19,-5.5329785197,0.272969,0.505246,21.2362,0.805,-0.378,0.049416,0.699763,-2.925692,155,0.604157,1909.6801,0.116836,0
253,10.7947,7803.25,6984.9491,16535.16,-5.6237375679,0.282391,0.488497,21.2077,0.787,-0.4191,0.051856,0.7044,-1.527213,143,0.623324,1878.0269,0.116225,0
254,10.8373,7598.85,6945.6223,16617.19,-5.5804323972,0.21145,0.491895,21.4865,0.8566,-0.3193,0.051355,0.70051,-3.661657,144,0.62059,1955.9473,0.11415,0
255,10.88,7384.58,6870.3525,16042.97,-5.5205962371,0.220125,0.489236,22.8387,0.8812,-0.2375,0.051747,0.675621,-2.459106,141,0.612522,1813.2081,0.107435,0
256,10.9227,7479.82,6955.218,16441.41,-5.7257657871,0.240608,0.483439,20.4257,0.8516,-0.3095,0.05261,0.674039,-4.460659,150,0.632696,1958.324,0.108778,0
257,10.9653,7676.36,6937.2043,16488.28,-5.5726936136,0.321955,0.491474,19.6324,0.8416,-0.2914,0.051417,0.692495,-1.181606,133,0.621952,1952.9523,0.113417,0
258,11.008,7267.63,6869.6111,15960.94,-6.3398723808,0.278174,0.435107,16.3416,0.9567,-0.0087,0.060234,0.701527,-7.571316,147,0.62197,2206.576,0.104749,0
259,11.0507,7398.84,6845.6532,16207.03,-5.4784708549,0.257869,0.500821,26.0443,0.8944,-0.2126,0.050053,0.669822,-1.766766,161,0.619878,1856.9162,0.106825,0
260,11.0933,7447.11,6911.57,16183.59,-5.9713907034,0.245445,0.468542,17.9461,0.8921,-0.1803,0.054875,0.70036,-3.870931,174,0.63276,2028.939,0.11415,0
261,11.136,7691.82,7026.0013,16664.06,-5.6550951916,0.293282,0.483635,19.6828,0.8251,-0.3291,0.05258,0.686995,-5.400376,137,0.615179,2060.5336,0.109999,0
262,11.1787,7553.73,6891.4324,16183.59,-5.764089903,0.27154,0.47972,19.139,0.8474,-0.2997,0.053169,0.700178,-4.36656,163,0.621321,1953.0259,0.112807,0
263,11.2213,7630.52,6878.96,16324.22,-6.3280194335,0.241089,0.445689,14.3027,0.8914,-0.0864,0.058495,0.729064,-6.95303,163,0.613068,2148.7402,0.112563,0
264,11.264,7401.98,6986.1761,16429.69,-5.932954384,0.236565,0.463973,18.1283,0.8917,-0.2306,0.055585,0.695947,-5.891128,140,0.626129,2006.8401,0.111464,0
265,11.3067,7800.37,6981.383,16640.62,-6.4004200295,0.279049,0.43236,14.5075,0.854,-0.1806,0.060692,0.727994,-4.822919,154,0.622268,2404.155,0.12294,0
266,11.3493,7565.94,6988.6413,16464.84,-5.8264220655,0.305509,0.472127,18.048,0.8637,-0.2601,0.054324,0.691411,-5.018132,167,0.6281,2076.1025,0.121719,0
267,11.392,8058.21,7040.9465,16910.16,-6.229942366,0.161562,0.448561,14.8405,0.7927,-0.2989,0.05803,0.738794,-6.243785,142,0.628263,2319.3736,0.115493,0
268,11.4347,7423.64,6920.4944,16300.78,-5.7571810881,0.299267,0.483685,21.177,0.8951,-0.2102,0.052573,0.693567,-5.196575,150,0.627238,1939.4616,0.112074,0
269,11.4773,7368.52,6906.3937,16160.16,-5.5867978505,0.342749,0.489803,23.6773,0.9115,-0.175,0.051663,0.679532,-3.987188,163,0.63208,2095.9356,0.102552,0
270,11.52,7543.85,6911.0937,16453.12,-5.5045812115,0.21457,0.49609,22.199,0.8454,-0.3349,0.05074,0.688695,-3.808122,176,0.621506,2012.7744,0.105482,0
271,11.5627,7756.96,6847.071,16289.06,-5.6660569626,0.287975,0.486153,19.3667,0.8344,-0.2715,0.052204,0.720657,-2.277601,172,0.657209,2003.1554,0.109266,0
272,11.6053,7776.23,6959.2473,16605.47,-5.284978783,0.319354,0.509511,24.2448,0.7892,-0.4215,0.048808,0.685326,-2.490043,167,0.628393,1917.9833,0.108168,0
273,11.648,7453.99,6849.0274,16207.03,-5.7033012598,0.303739,0.483203,20.8941,0.8907,-0.189,0.052645,0.696996,-2.794387,164,0.621927,1995.5467,0.108778,0
274,11.6907,7452.52,6937.3645,16253.91,-5.3101259919,0.165218,0.509929,26.5195,0.8487,-0.3453,0.048748,0.665443,-7.411595,156,0.631768,1890.522,0.110853,0
275,11.7333,7685.47,6971.501,16617.19,-6.044625216,0.286052,0.45763,15.7822,0.8583,-0.2362,0.056581,0.705109,-6.697759,151,0.61948,2067.1702,0.107435,0
276,11.776,7589.48,6941.3536,16523.44,-5.6290590001,0.248291,0.484728,19.8099,0.8445,-0.3145,0.052417,0.693959,-3.345956,154,0.630965,1908.8274,0.110853,0
277,11.8187,7653.47,6963.3793,16558.59,-5.9118815939,0.239324,0.467139,18.0303,0.8593,-0.234,0.055092,0.709693,-6.026359,145,0.614512,2106.3897,0.119033,0
278,11.8613,7859.04,7001.3597,16687.5,-6.0194025624,0.191302,0.470593,17.3963,0.8237,-0.2622,0.054559,0.722622,-3.406182,146,0.594174,2120.9173,0.11708,0
279,11.904,7897.19,7010.3898,16792.97,-6.2646059746,0.225291,0.44012,15.3795,0.8227,-0.2671,0.059405,0.724139,-5.100175,137,0.578852,2251.299,0.119033,0
280,11.9467,7757.89,6951.006,16488.28,-6.5251567889,0.225178,0.426252,13.5126,0.8743,-0.112,0.061722,0.733203,-5.36392,151,0.619519,2341.4487,0.11708,0
281,11.9893,7469.4,6867.1977,16242.19,-5.3772571963,0.245526,0.499624,24.7442,0.8807,-0.2464,0.050226,0.682899,-4.208717,152,0.618022,1829.635,0.114028,0
282,12.032,7715.31,7039.9843,16664.06,-5.9909229768,0.260901,0.455817,16.1654,0.8464,-0.2545,0.056868,0.702497,-7.050181,139,0.628446,2141.571,0.114882,0
283,12.0747,7403.77,6897.518,16160.16,-5.5005668354,0.416698,0.494816,22.8603,0.8937,-0.2294,0.050926,0.679867,-6.919069,154,0.620286,1953.6101,0.110487,0
284,12.1173,7359.38,6884.5578,16089.84,-4.946906856,0.263824,0.528718,38.9569,0.8678,-0.3065,0.046129,0.596484,0.948739,158,0.654101,1990.4168,0.09779,0
285,12.16,7493.98,6946.6784,16476.56,-4.9497439514,0.272077,0.531394,35.7008,0.8232,-0.4251,0.045764,0.622145,-0.323519,165,0.623372,2070.4497,0.100842,0
286,12.2027,7691.92,6929.6546,16640.62,-5.3670327988,0.215756,0.511822,24.1235,0.8282,-0.3642,0.04848,0.704227,-3.754386,163,0.643473,1852.6716,0.116836,0
287,12.2453,7641.16,6978.5999,16640.62,-5.7176869981,0.192023,0.486296,19.8741,0.8314,-0.3662,0.052183,0.71298,-4.283347,156,0.60606,1912.6695,0.113539,0
288,12.288,7699.94,6900.0938,16406.25,-5.7567117071,0.252212,0.479427,20.0344,0.8274,-0.2865,0.053213,0.708862,-3.19476,147,0.590993,2013.5726,0.112807,0
289,12.3307,7795.95,6939.7166,16617.19,-5.9777095681,0.247055,0.47096,17.804,0.8349,-0.2708,0.054503,0.738983,-6.323457,163,0.618327,2130.9511,0.115615,0
290,12.3733,7486.52,6858.7319,16195.31,-5.2078480138,0.228918,0.529188,31.0342,0.8469,-0.3298,0.046065,0.655527,-2.250607,148,0.600121,2000.4653,0.107191,0
291,12.416,7636.7,6967.8229,16511.72,-5.5056079538,0.376262,0.505009,22.4665,0.8407,-0.3382,0.04945,0.690239,-5.666095,143,0.620104,1985.5416,0.107923,0
292,12.4587,7401.54,6902.5773,16230.47,-5.9072567681,0.214114,0.467399,18.7104,0.9145,-0.152,0.055052,0.698187,-5.880295,163,0.633496,2043.4744,0.107191,0
293,12.5013,7612.05,6898.1467,16441.41,-5.5156975543,0.258468,0.502595,22.1146,0.8531,-0.2935,0.049797,0.706506,-7.473269,146,0.621025,1980.9033,0.107313,0
294,12.544,7791.79,6978.0592,16511.72,-6.217506211,0.277053,0.442069,14.7626,0.8175,-0.2735,0.059085,0.72703,-8.133438,137,0.632186,2180.5695,0.12062,0
295,12.5867,7575.16,6897.943,16371.09,-5.6589664101,0.246834,0.486683,21.4138,0.8522,-0.3056,0.052126,0.692142,-1.094734,162,0.612179,2000.1205,0.117202,0
296,12.6293,7659.73,6998.0612,16570.31,-5.5586445795,0.29657,0.487653,20.9954,0.825,-0.3421,0.051981,0.686261,-2.846463,156,0.633894,1971.2286,0.114638,0
297,12.672,7902.45,6958.2065,16628.91,-6.209638525,0.328737,0.451968,15.183,0.8458,-0.1945,0.057482,0.732498,-4.856891,158,0.589412,2160.9079,0.121109,0
298,12.7147,7498.61,6918.1387,16289.06,-6.1912004215,0.182483,0.451387,15.9895,0.8915,-0.1791,0.057575,0.717189,-5.046003,165,0.630598,2027.288,0.117446,0
299,12.7573,7694.67,6965.3202,16535.16,-6.0511789675,0.315537,0.454307,15.611,0.8837,-0.1591,0.057108,0.714445,-8.434433,127,0.651466,2120.5361,0.112318,0
300,12.8,7717.81,6953.1945,16523.44,-5.0726261795,0.288106,0.529059,29.0039,0.8155,-0.4,0.046083,0.657528,-2.566025,159,0.622146,1935.8027,0.114272,0
301,12.8427,7604.57,6965.4268,16371.09,-5.7479744232,0.30674,0.476556,18.122,0.8365,-0.3095,0.053648,0.701715,-8.403949,138,0.629997,2015.9829,0.111464,0
302,12.8853,7738.1,6918.3849,16476.56,-5.9037904194,0.234063,0.461857,17.2202,0.8481,-0.2247,0.055915,0.704549,-2.65126,163,0.620571,2046.0731,0.113173,0
303,12.928,7778.52,6962.9819,16558.59,-5.6772521713,0.292747,0.48349,17.927,0.819,-0.3291,0.052602,0.711028,-2.044304,153,0.618773,2012.4788,0.116591,0
304,12.9707,7646.87,6975.813,16605.47,-5.8946351892,0.259271,0.469883,17.391,0.8509,-0.2857,0.054668,0.711269,-6.22597,146,0.611863,2028.751,0.110975,0
305,13.0133,7453.49,6974.3822,16277.34,-6.3442321853,0.254833,0.436753,14.8448,0.9164,-0.0905,0.059961,0.700214,-6.174992,134,0.634242,2162.3126,0.10829,0
306,13.056,7513.61,6948.2486,16335.94,-5.9764021146,0.191052,0.461445,17.1231,0.87,-0.2257,0.05598,0.700692,-4.72414,162,0.610817,1980.3423,0.107801,0
307,13.0987,7444.94,6900.9016,16265.62,-5.54234918,0.360586,0.491507,21.7662,0.8458,-0.3253,0.051412,0.674916,-5.099567,136,0.634416,1906.8566,0.113051,0
308,13.1413,7604.5,7014.6437,16652.34,-5.4093134186,0.182444,0.502055,22.7768,0.8411,-0.36,0.049875,0.677909,-2.906636,148,0.639719,1928.3832,0.114394,0
309,13.184,7666.08,6916.402,16359.38,-5.7200037203,0.425321,0.482038,20.6879,0.8391,-0.2693,0.05282,0.688619,-1.998055,158,0.62748,2067.8904,0.107069,0
310,13.2267,7379.65,6895.6724,16230.47,-5.3383577921,0.269164,0.513792,27.3685,0.8732,-0.2887,0.048202,0.662224,-1.565423,170,0.602562,1919.3784,0.100598,0
311,13.2693,7634.93,6925.6801,16394.53,-5.7249577526,0.282984,0.477134,19.3013,0.8484,-0.295,0.05356,0.70521,-6.339831,161,0.628079,2006.0662,0.104017,0
312,13.312,7600.87,6929.4449,16500.0,-5.2082656743,0.266068,0.523333,27.8254,0.8373,-0.3581,0.04687,0.659915,-1.841813,162,0.612438,1947.1651,0.109022,0
313,13.3547,7499.31,6944.7253,16488.28,-5.5960546662,0.247877,0.491313,22.0484,0.8747,-0.2673,0.05144,0.683629,-8.48042,155,0.604704,2024.9766,0.118178,0
314,13.3973,7640.07,6984.4719,16500.0,-5.4407602396,0.314483,0.499689,22.3947,0.8369,-0.3399,0.050217,0.682284,-3.39033,146,0.629125,1847.1389,0.120376,0
315,13.44,7646.39,6935.4699,16312.5,-5.5016145944,0.392981,0.498492,22.0895,0.8602,-0.25,0.05039,0.702875,-2.950324,162,0.608285,1910.1774,0.112318,0
316,13.4827,7733.47,7022.3571,16687.5,-6.2581808109,0.220859,0.44354,15.0004,0.846,-0.2129,0.058844,0.720022,-8.45371,159,0.617293,2254.9134,0.110487,0
317,13.5253,7443.46,6930.3509,16230.47,-5.8250686661,0.155718,0.474412,18.7008,0.8604,-0.2686,0.053974,0.684694,-3.529243,158,0.626878,1857.9136,0.113417,0
318,13.568,7653.85,6959.5889,16511.72,-5.4629446073,0.239166,0.502778,22.7812,0.8084,-0.3797,0.049771,0.689909,-4.584965,140,0.63524,1880.8405,0.114882,0
319,13.6107,7395.56,6925.0429,16230.47,-6.0335167333,0.290922,0.457881,17.7207,0.9097,-0.1461,0.056541,0.700711,-5.26826,152,0.65805,2081.968,0.118178,0
320,13.6533,7561.68,6945.4404,16324.22,-6.1222565801,0.218565,0.458568,17.1857,0.8713,-0.198,0.056433,0.709094,-3.129986,155,0.632866,2041.0463,0.10658,0
321,13.696,7181.52,6885.6305,16031.25,-5.4462164199,0.285523,0.50273,28.6107,0.9204,-0.203,0.049778,0.645283,-1.20312,157,0.597909,1960.4454,0.097912,0
322,13.7387,7536.96,6917.1002,16476.56,-5.4696785405,0.201293,0.49652,22.1089,0.8396,-0.3473,0.050677,0.680398,-6.090546,166,0.635292,2000.8526,0.104139,0
323,13.7813,7581.51,7007.2827,16453.12,-5.7406321271,0.391074,0.47204,19.4163,0.8605,-0.2809,0.054337,0.694496,-1.6779,170,0.62668,2033.5634,0.111708,0
324,13.824,7800.15,6954.7278,16570.31,-5.5669001819,0.205182,0.492782,20.0518,0.8023,-0.3765,0.051224,0.706109,-0.154999,165,0.644637,2024.0672,0.11708,0
325,13.8667,7557.67,6864.2763,16125.0,-5.7026662605,0.242152,0.487766,19.2442,0.8682,-0.2236,0.051965,0.710129,-3.11259,148,0.61353,1882.1908,0.107923,0
326,13.9093,7526.39,6922.4643,16406.25,-5.2950252671,0.388822,0.514852,27.3796,0.8578,-0.3341,0.048053,0.669891,-4.140049,142,0.615436,1952.6057,0.102552,0
327,13.952,7446.16,6978.855,16441.41,-5.4030495192,0.253794,0.495043,24.8845,0.8651,-0.326,0.050893,0.670203,-5.314701,166,0.625603,1925.4551,0.104871,0
328,13.9947,7721.69,7026.1749,16722.66,-5.4144626547,0.335496,0.500327,21.6114,0.7943,-0.4326,0.050124,0.673741,-1.062869,169,0.623141,2132.9979,0.109144,0
329,14.0373,7663.52,6935.8092,16300.78,-6.3540485122,0.276095,0.439134,14.5889,0.8809,-0.1075,0.059567,0.726785,-6.35971,162,0.605798,2067.736,0.115981,0
330,14.08,7706.75,6904.6343,16441.41,-5.6879516478,0.236455,0.48942,18.668,0.833,-0.2951,0.05172,0.708432,-2.15015,157,0.629978,1871.643,0.11183,0
331,14.1227,7398.91,6827.6141,16054.69,-4.9996717621,0.342468,0.533871,35.1429,0.8472,-0.3141,0.045427,0.618286,-1.032568,170,0.62074,2102.1161,0.09779,0
332,14.1653,7642.99,6945.3285,16558.59,-6.2840788553,0.301416,0.443484,15.3029,0.8651,-0.1778,0.058854,0.709798,-5.412774,148,0.621333,2191.2039,0.110121,0
333,14.208,7758.5,6932.8662,16570.31,-5.9307198652,0.286435,0.474391,17.1902,0.8157,-0.3441,0.053977,0.722219,-7.386943,186,0.626763,2152.0001,0.118423,0
334,14.2507,7711.68,6946.1552,16617.19,-5.2271236246,0.284173,0.52006,26.2587,0.8129,-0.3959,0.047324,0.686557,-2.871319,168,0.586198,1969.9665,0.10829,0
335,14.2933,7742.65,6894.3549,16488.28,-5.5627276389,0.161533,0.497558,21.1326,0.8053,-0.3588,0.050526,0.694322,-0.797483,148,0.609339,1960.9064,0.111708,0
336,14.336,7539.88,6962.8457,16394.53,-6.1290780845,0.213261,0.452525,15.9234,0.8796,-0.182,0.057393,0.714254,-2.719517,152,0.616952,2154.205,0.115126,0
337,14.3787,7533.46,6872.4353,16230.47,-5.4312313944,0.255179,0.508367,24.7704,0.8344,-0.3466,0.048971,0.683606,-1.963232,156,0.629551,1955.2586,0.111708,0
338,14.4213,7560.18,6873.0161,16347.66,-5.7288418222,0.244963,0.486012,21.2205,0.8622,-0.245,0.052225,0.70046,-1.625793,160,0.604934,1963.2212,0.11244,0
339,14.464,7837.9,6931.3444,16617.19,-6.0310590394,0.224417,0.462828,17.4141,0.8305,-0.2367,0.055763,0.726198,-3.778606,157,0.610161,2115.0251,0.119888,0
340,14.5067,7640.03,6959.7022,16417.97,-5.9900827244,0.229149,0.463903,17.3886,0.862,-0.2228,0.055595,0.71118,-4.900459,143,0.623785,2068.2845,0.116591,0
341,14.5493,7562.53,6862.0834,16218.75,-5.6798977325,0.324562,0.484595,18.9065,0.8577,-0.2346,0.052437,0.707627,-4.052931,165,0.612186,2027.1888,0.109144,0
342,14.592,7529.69,6940.1844,16406.25,-5.4414365681,0.284875,0.504812,24.1509,0.8397,-0.3504,0.049478,0.678515,-3.542862,139,0.629676,1933.078,0.104871,0
343,14.6347,7872.51,7057.8874,16863.28,-6.0168581227,0.279488,0.461704,16.9468,0.8115,-0.3272,0.055939,0.714734,-1.981782,132,0.61908,2121.6373,0.11476,0
344,14.6773,7532.78,6915.6966,16253.91,-5.5563399504,0.158906,0.484927,22.162,0.8528,-0.2688,0.052387,0.68275,-6.442493,154,0.638746,2023.055,0.120864,0
345,14.72,7424.06,6955.1254,16347.66,-5.6655531887,0.240763,0.487534,20.568,0.8742,-0.2782,0.051999,0.688743,-3.653801,145,0.616028,1930.3261,0.10829,0
346,14.7627,7555.36,6955.006,16335.94,-6.1550925735,0.284253,0.452157,15.8495,0.8757,-0.201,0.057452,0.704766,-2.751964,152,0.637899,2027.3075,0.10658,0
347,14.8053,7692.95,6928.2912,16488.28,-6.0126403068,0.302201,0.463078,17.558,0.8506,-0.2155,0.055724,0.714453,-5.472347,148,0.629138,2158.5418,0.105604,0
348,14.848,7128.87,6861.5691,16042.97,-5.6662032094,0.276348,0.483071,23.4388,0.9419,-0.1302,0.052665,0.658244,-3.048863,160,0.62556,1903.1765,0.100354,0
349,14.8907,7324.04,6889.3382,16113.28,-5.5170042769,0.324026,0.48651,23.989,0.9271,-0.1577,0.052151,0.670555,-2.754744,163,0.645531,2030.3301,0.099377,0
350,14.9333,7308.26,6855.8758,16101.56,-5.1546450759,0.238322,0.525089,30.8777,0.8733,-0.3138,0.046628,0.639515,-1.556115,166,0.656063,1843.4378,0.108778,0
351,14.976,7828.46,6939.3466,16453.12,-5.8986036613,0.213236,0.4674,18.102,0.8294,-0.2263,0.055052,0.718309,-3.179277,142,0.668159,2087.8221,0.113906,0
352,15.0187,7620.69,6969.5589,16511.72,-6.150994686,0.249519,0.444582,16.351,0.8641,-0.2072,0.058675,0.717208,-4.216425,178,0.64155,2157.4716,0.115126,0
353,15.0613,7707.81,7002.9376,16593.75,-6.2430690137,0.277273,0.448661,15.1321,0.8697,-0.2046,0.058014,0.717604,-4.96603,152,0.60319,2160.944,0.113417,0
354,15.104,7679.07,6876.5275,16382.81,-6.0917472402,0.294424,0.455193,17.8645,0.8733,-0.1475,0.056967,0.718875,-3.485769,150,0.608698,2123.5946,0.11244,0
355,15.1467,7643.68,6922.2908,16488.28,-5.7461959121,0.397471,0.477251,18.5087,0.8594,-0.2493,0.053542,0.699128,-3.738327,151,0.616819,2001.1581,0.113783,0
356,15.1893,7511.37,6940.6752,16382.81,-5.4955335137,0.259214,0.491787,22.4313,0.8397,-0.3528,0.05137,0.680172,-5.573878,142,0.636977,1921.1392,0.106214,0
357,15.232,7393.11,6871.214,16183.59,-5.7626809907,0.264545,0.479024,19.681,0.9151,-0.1534,0.053274,0.703584,-7.051908,164,0.619266,2015.1862,0.109633,0
358,15.2747,7597.25,6919.6507,16300.78,-6.0311868112,0.252006,0.455564,17.2795,0.8857,-0.1677,0.056908,0.714387,-3.809849,158,0.612923,2082.4563,0.113783,0
359,15.3173,7794.45,6874.8204,16382.81,-6.5964606159,0.308186,0.419225,13.7413,0.8639,-0.0811,0.062926,0.732309,-4.861769,174,0.635353,2413.8504,0.115737,0
360,15.36,7443.31,6959.9043,16242.19,-5.8316378058,0.21083,0.464427,17.678,0.8847,-0.2148,0.055514,0.683366,-5.397285,137,0.661961,1974.1464,0.119033,0
361,15.4027,7663.51,6953.943,16558.59,-6.013763963,0.273693,0.459519,16.6086,0.8747,-0.1816,0.056283,0.717726,-3.582565,140,0.642348,2026.3707,0.118301,0
362,15.4453,7631.45,6963.3435,16582.03,-5.6890177962,0.280188,0.490445,19.3628,0.8404,-0.3258,0.051568,0.691307,-6.509212,152,0.628538,1893.0349,0.119888,0
363,15.488,7671.93,6953.5447,16371.09,-6.6311048828,0.379237,0.415073,13.6329,0.903,-0.0682,0.063646,0.720169,-4.68711,154,0.612769,2348.731,0.11708,0
364,15.5307,7434.23,6915.8097,16148.44,-5.6013310079,0.186941,0.49057,21.7698,0.8865,-0.22,0.05155,0.690116,-3.08954,175,0.626297,1845.4456,0.114028,0
365,15.5733,7644.67,6898.6898,16347.66,-5.7845307518,0.240027,0.47583,18.7656,0.8629,-0.2163,0.053758,0.707611,-4.486263,138,0.607822,1982.9365,0.110487,0
366,15.616,7422.19,6894.6054,16136.72,-5.6179828258,0.331118,0.485546,21.8443,0.8759,-0.2449,0.052295,0.676404,-4.792284,155,0.625291,1877.2367,0.107435,0
367,15.6587,7446.83,6959.7735,16195.31,-5.5772111698,0.181782,0.485306,21.1394,0.8697,-0.2703,0.052331,0.672988,-3.857137,143,0.63457,2013.62,0.106214,0
368,15.7013,7658.97,6917.3812,16535.16,-5.3805544169,0.354087,0.507774,24.1036,0.8245,-0.3577,0.049055,0.683723,-2.360469,168,0.648608,1942.0307,0.10536,0
369,15.744,7690.05,6995.1715,16523.44,-5.8824360322,0.304735,0.470201,17.2139,0.8509,-0.2375,0.054619,0.699446,-5.313387,136,0.625294,2012.8079,0.112807,0
370,15.7867,7627.74,6964.9907,16582.03,-6.0809899154,0.286852,0.447547,16.642,0.8644,-0.2171,0.058194,0.7072,-3.759304,168,0.638992,2158.8285,0.115981,0
371,15.8293,7626.62,7004.6842,16500.0,-6.3712682646,0.200305,0.436885,14.5038,0.8797,-0.1823,0.059939,0.716246,-6.067069,159,0.631424,2318.7901,0.105237,0
372,15.872,7441.97,6978.8507,16382.81,-5.6743097649,0.265005,0.483047,20.7704,0.8708,-0.2801,0.052668,0.681857,-7.052606,164,0.620051,1890.6385,0.099133,0
373,15.9147,7529.67,6967.7707,16476.56,-5.2646372122,0.127204,0.519705,28.3805,0.8248,-0.3745,0.047374,0.640917,-7.434032,157,0.616651,1901.3329,0.102796,0
374,15.9573,7641.81,6929.6822,16406.25,-5.7237077796,0.214314,0.481593,18.9951,0.8437,-0.2669,0.052887,0.694955,-3.280304,183,0.590353,1944.4749,0.106825,0
375,16.0,7620.56,7006.993,16687.5,-5.5337112772,0.308985,0.49649,20.9077,0.83,-0.3674,0.050682,0.683911,-1.789298,137,0.608113,1937.7321,0.11183,0
376,16.0427,7433.15,6873.3188,16089.84,-5.6303444597,0.351386,0.485083,20.3775,0.8734,-0.2531,0.052364,0.69009,-6.054585,142,0.609535,1967.7802,0.108534,0
377,16.0853,7175.23,6722.5218,15632.81,-5.4331177903,0.297503,0.49954,28.0387,0.918,-0.1182,0.050238,0.64311,-2.825604,159,0.633899,2017.3908,0.093029,0
378,16.128,7427.39,6961.0931,16394.53,-5.364822755,0.327989,0.50027,24.5371,0.8638,-0.3215,0.050133,0.669928,-3.235139,160,0.652637,1961.369,0.098034,0
379,16.1707,7433.75,6892.2043,16183.59,-5.8576549428,0.26994,0.474639,19.0685,0.8996,-0.1666,0.053939,0.689092,-5.487962,147,0.625783,1978.1678,0.10829,0
380,16.2133,7334.07,6864.4263,16007.81,-5.5887445526,0.3309,0.478619,24.2791,0.9046,-0.1629,0.053335,0.663059,-4.608399,168,0.606004,2002.0735,0.099255,0
381,16.256,7410.11,6895.7494,16148.44,-5.5884033478,0.343566,0.487923,21.5908,0.8742,-0.236,0.051941,0.655426,-4.184736,170,0.651552,1880.1986,0.10072,0
382,16.2987,7446.89,7013.467,16605.47,-5.6719938153,0.18401,0.480078,20.1516,0.8478,-0.362,0.053115,0.664272,-3.267145,152,0.613451,1930.7461,0.109022,0
383,16.3413,7594.59,6891.695,16371.09,-5.2431146788,0.496391,0.516389,26.8115,0.8258,-0.3723,0.047837,0.656551,-0.837391,146,0.628472,1968.7019,0.108045,0
384,16.384,7393.09,6897.4708,16183.59,-5.8963717229,0.275049,0.470432,18.7906,0.8936,-0.1762,0.054584,0.684009,-3.9575,136,0.637862,1877.4699,0.101575,0
385,16.4267,7498.63,6917.075,16300.78,-5.7510662384,0.303706,0.475212,19.6108,0.8477,-0.305,0.053852,0.682519,-8.394935,148,0.626606,1987.0125,0.113173,0
386,16.4693,7754.59,6961.9158,16453.12,-5.7051394805,0.332695,0.478919,19.1726,0.8182,-0.3322,0.05329,0.703603,-3.451956,148,0.62774,2082.5823,0.123306,0
387,16.512,7672.62,6987.1399,16675.78,-5.5432289069,0.255728,0.488127,20.5792,0.8359,-0.3503,0.051911,0.703779,-2.677637,160,0.623052,1950.95,0.114638,0
388,16.5547,7779.92,6979.1423,16582.03,-6.7189725589,0.373004,0.401173,12.5884,0.8833,-0.0891,0.066111,0.727648,-5.309496,175,0.638914,2395.832,0.110853,0
389,16.5973,7607.05,6987.4144,16523.44,-5.8986998108,0.203584,0.4758,19.3471,0.8383,-0.2911,0.053763,0.692749,-3.546981,156,0.61106,1859.9121,0.109877,0
390,16.64,7590.33,6915.1772,16359.38,-6.2588572406,0.209258,0.433,15.8696,0.8582,-0.1794,0.060585,0.704809,-6.996117,146,0.614239,2253.1262,0.107557,0
391,16.6827,7596.47,6802.9057,16195.31,-5.7260790869,0.227428,0.48654,19.3475,0.8478,-0.2464,0.052147,0.715445,-4.479363,144,0.632775,1924.9679,0.106458,0
392,16.7253,7552.97,6924.2414,16382.81,-5.7161099368,0.364422,0.480266,20.1394,0.8564,-0.2887,0.053086,0.693072,-3.296976,180,0.617276,1967.6629,0.107923,0
393,16.768,7742.29,6952.6961,16511.72,-5.4930536661,0.233737,0.490848,21.7488,0.8155,-0.3508,0.051509,0.692223,-1.627872,141,0.620432,1849.8474,0.111708,0
394,16.8107,7750.34,6911.901,16429.69,-5.775496164,0.172439,0.477261,19.2386,0.8218,-0.2947,0.053541,0.714695,-3.90358,150,0.609649,2033.0874,0.115615,0
395,16.8533,7787.26,6994.3448,16746.09,-5.7598736122,0.193996,0.478888,18.2951,0.8062,-0.3687,0.053294,0.702438,-2.501735,149,0.627675,2086.862,0.113295,0
396,16.896,7648.68,6999.6795,16535.16,-6.2580207596,0.266408,0.44586,15.0297,0.8835,-0.1761,0.058467,0.720816,-4.935475,155,0.597305,2122.1955,0.113051,0
397,16.9387,7446.44,6940.3103,16347.66,-5.7733863223,0.294668,0.486941,19.7327,0.8688,-0.2748,0.052087,0.696149,-6.871459,172,0.594217,1951.1965,0.11415,0
398,16.9813,7597.43,6978.6219,16371.09,-6.5030464833,0.257605,0.424006,13.974,0.8723,-0.173,0.062105,0.718669,-5.365916,164,0.620037,2224.4927,0.110243,0
399,17.024,7677.15,6918.534,16500.0,-6.0192583961,0.211002,0.46517,17.1365,0.8568,-0.2326,0.055398,0.712006,-3.072923,160,0.589891,2123.2795,0.115615,0
400,17.0667,7723.53,6963.9343,16488.28,-5.851274371,0.228499,0.477926,17.7116,0.8328,-0.3065,0.05344,0.719098,-3.449428,157,0.617275,1972.4271,0.119766,0
401,17.1093,7638.26,6883.2969,16453.12,-5.8417050862,0.231259,0.475238,18.0492,0.8514,-0.2871,0.053848,0.71868,-2.909184,161,0.613338,2084.1506,0.115248,0
402,17.152,7547.6,6918.9968,16347.66,-6.490387537,0.277966,0.430876,14.4815,0.9016,-0.0971,0.060941,0.71405,-5.165584,168,0.636984,2197.4717,0.109144,0
403,17.1947,7408.58,6863.643,16136.72,-5.628091567,0.430826,0.485083,20.4739,0.8915,-0.2082,0.052364,0.682022,-3.884987,170,0.63394,1931.6559,0.10951,0
404,17.2373,7772.9,6933.4913,16441.41,-6.7285815663,0.264099,0.410431,12.6577,0.8686,-0.099,0.06446,0.734801,-5.588406,160,0.635965,2197.553,0.123062,0
405,17.28,7714.24,6869.2741,16253.91,-7.0002584451,0.17934,0.391282,12.0013,0.8952,0.0338,0.067918,0.736779,-3.635218,163,0.598808,2458.273,0.121719,0
406,17.3227,7621.66,6990.7866,16488.28,-6.2746846434,0.251127,0.447757,14.7821,0.8458,-0.246,0.05816,0.709301,-5.896509,167,0.612912,2069.4871,0.115493,0
407,17.3653,7775.67,6921.7495,16359.38,-5.6630229181,0.290699,0.495739,20.8466,0.8278,-0.2999,0.050791,0.713862,-3.556701,167,0.615287,1923.7372,0.120498,0
408,17.408,7590.43,6997.2352,16406.25,-5.9349369618,0.289121,0.474372,17.9635,0.8795,-0.212,0.05398,0.706122,-2.154467,181,0.597944,2061.5362,0.109999,0
409,17.4507,7424.24,6922.0959,16312.5,-5.6598450143,0.32949,0.481811,21.5931,0.8691,-0.2666,0.052854,0.665692,-2.183316,145,0.616389,1883.0645,0.097546,0
410,17.4933,7491.79,6876.9336,16183.59,-5.9985430159,0.371249,0.462464,17.9946,0.89,-0.1666,0.05582,0.700327,-8.012803,136,0.607324,1936.231,0.109022,0
411,17.536,7597.18,6911.0184,16230.47,-6.0362837212,0.33318,0.460287,16.257,0.8848,-0.1585,0.056162,0.716246,-3.271988,162,0.610665,2009.7987,0.120864,0
412,17.5787,7476.47,6933.683,16312.5,-6.5321747227,0.204233,0.427381,14.7536,0.8943,-0.1218,0.061531,0.708038,-4.487131,159,0.623554,2189.7249,0.114638,0
413,17.6213,7561.1,6974.3728,16500.0,-5.7332659178,0.33517,0.478384,18.9894,0.8528,-0.2876,0.053371,0.67951,-4.017074,149,0.601724,1894.7691,0.112807,0
414,17.664,7621.64,6977.0026,16664.06,-5.954360213,0.218773,0.474243,16.9948,0.8677,-0.2583,0.054,0.717935,-5.605344,136,0.606806,2000.9811,0.112563,0
415,17.7067,7604.39,6851.4763,16371.09,-5.3661392739,0.203633,0.512591,25.0782,0.8463,-0.289,0.048372,0.682775,-3.110354,143,0.622085,1946.4103,0.107679,0
416,17.7493,7601.27,6902.2142,16289.06,-5.8857842314,0.311083,0.46658,18.9446,0.8527,-0.2137,0.055179,0.704339,-3.870698,148,0.632632,2013.3152,0.109144,0
417,17.792,7460.08,6937.0404,16277.34,-5.4932000364,0.20997,0.502166,24.3459,0.8543,-0.3333,0.049859,0.665063,-5.487562,147,0.640623,1957.349,0.113783,0
418,17.8347,7597.37,6984.7558,16488.28,-5.8092507452,0.187115,0.477975,19.3354,0.8591,-0.2647,0.053433,0.695444,-5.047367,149,0.636458,1940.0226,0.115737,0
419,17.8773,7514.22,6893.6197,16359.38,-5.5269925478,0.290524,0.503223,23.0977,0.8776,-0.2508,0.049707,0.697675,-2.678963,136,0.594533,1918.5758,0.115126,0
420,17.92,7481.78,6924.2269,16359.38,-5.6111502908,0.230251,0.492935,20.0065,0.8698,-0.2802,0.051202,0.683086,-6.758582,147,0.62904,1984.9577,0.104505,0
421,17.9627,7658.9,6968.8689,16476.56,-5.0814226485,0.19347,0.525975,29.2771,0.8119,-0.3917,0.046506,0.63258,-6.089789,154,0.633949,1947.5278,0.10597,0
422,18.0053,7659.27,6893.7319,16500.0,-5.5918925059,0.360962,0.498406,21.1497,0.845,-0.2962,0.050403,0.704663,-4.133906,167,0.62086,1844.741,0.12001,0
423,18.048,7851.92,6902.64,16476.56,-5.5943460064,0.210111,0.498272,19.3231,0.793,-0.3305,0.050422,0.714478,-3.996877,172,0.626208,2069.1645,0.118056,0
424,18.0907,7386.75,6838.209,16089.84,-5.2254307413,0.303141,0.515584,30.7701,0.8779,-0.2595,0.04795,0.650688,-3.025421,172,0.620627,2045.6626,0.108045,0
425,18.1333,7638.11,6981.6194,16605.47,-5.0904529599,0.275421,0.529868,30.1709,0.8314,-0.3845,0.045972,0.656094,-7.546445,136,0.62117,1844.5632,0.104993,0
426,18.176,7715.62,6971.5666,16582.03,-5.9711845973,0.286936,0.470965,17.6721,0.8554,-0.2528,0.054502,0.711793,-4.718908,182,0.625872,2109.7936,0.111952,0
427,18.2187,7534.84,6952.1574,16394.53,-5.5221051955,0.163951,0.494983,22.6826,0.8277,-0.3692,0.050902,0.680696,-5.181711,164,0.601117,1878.1102,0.118911,0
428,18.2613,7458.34,6911.1484,16230.47,-5.5270540508,0.412725,0.490417,22.4719,0.882,-0.2556,0.051572,0.688837,-8.027574,148,0.617299,1884.7538,0.118301,0
429,18.304,7386.81,6860.2372,16042.97,-6.0055668635,0.27685,0.460895,18.7185,0.9197,-0.0965,0.056066,0.702908,-4.687271,143,0.632011,2056.1025,0.109144,0
430,18.3467,7613.28,6953.198,16523.44,-5.5114651182,0.268117,0.503245,21.372,0.824,-0.3805,0.049703,0.69212,-4.234004,168,0.626839,1889.2085,0.102429,0
431,18.3893,7574.26,6891.157,16335.94,-5.5599369194,0.367575,0.497199,21.5721,0.8562,-0.2598,0.050578,0.697834,-4.474763,143,0.618069,1955.9263,0.098889,0
432,18.432,7525.29,6966.4187,16441.41,-5.6865021158,0.183779,0.479619,20.7563,0.8341,-0.3291,0.053184,0.678182,-7.499291,143,0.617676,1944.2701,0.101941,0
433,18.4747,7463.15,6938.8358,16277.34,-5.9668582054,0.297568,0.463311,16.7541,0.8858,-0.1724,0.055688,0.681298,-7.990528,146,0.617253,1978.571,0.11122,0
434,18.5173,7564.11,6927.8323,16359.38,-6.2602062716,0.243314,0.443229,15.6097,0.8873,-0.1338,0.058895,0.710402,-3.808899,154,0.600599,2158.2112,0.114638,0
435,18.56,7541.45,6920.3705,16335.94,-6.3467006538,0.177326,0.446193,15.2021,0.9025,-0.1122,0.058413,0.718335,-2.914067,162,0.593939,2198.4354,0.106702,0
436,18.6027,7641.25,6963.3009,16511.72,-5.6861866166,0.349636,0.49155,19.821,0.8316,-0.3229,0.051405,0.691375,-3.046205,157,0.592992,1942.0593,0.111098,0
437,18.6453,7482.55,6984.2156,16500.0,-5.8794804378,0.340251,0.471948,18.0213,0.866,-0.2783,0.054351,0.690689,-7.847428,145,0.633165,2044.7942,0.115126,0
438,18.688,7574.58,6892.7232,16417.97,-5.2426915306,0.333111,0.525855,29.4656,0.8374,-0.3531,0.046522,0.672279,-2.326859,168,0.6276,1867.3585,0.108168,0
439,18.7307,7483.5,6974.6887,16429.69,-6.2492726321,0.241072,0.447628,15.6749,0.9136,-0.1317,0.05818,0.709341,-5.76338,151,0.632448,2083.3285,0.111464,0
440,18.7733,7670.09,6946.573,16488.28,-6.1124671655,0.187097,0.454658,16.2775,0.859,-0.2016,0.057053,0.709175,-6.542213,147,0.64802,2080.4368,0.115004,0
441,18.816,7788.91,6940.1321,16582.03,-6.3093464143,0.192599,0.44581,14.9583,0.8452,-0.2005,0.058475,0.73097,-4.938637,149,0.625357,2123.0945,0.113661,0
442,18.8587,7516.02,6919.5419,16312.5,-6.092614657,0.289061,0.465788,16.5334,0.8755,-0.2124,0.055302,0.71252,-3.556262,152,0.600292,2046.2077,0.109022,0
443,18.9013,7284.09,6877.9925,16148.44,-5.9824890678,0.250647,0.458255,19.023,0.9146,-0.1631,0.056482,0.687853,-6.138287,167,0.621268,1889.9926,0.104139,0
444,18.944,7433.46,6821.0555,16078.12,-5.5598567288,0.302273,0.501779,22.583,0.8791,-0.2178,0.049915,0.673678,0.001973,161,0.65354,2023.6272,0.104261,0
445,18.9867,7553.83,6812.7446,16183.59,-5.5067220659,0.228954,0.495849,22.9682,0.8707,-0.2408,0.050775,0.701778,-4.319608,176,0.630899,1953.8981,0.111708,0
446,19.0293,7508.22,6852.8838,16277.34,-5.3431003621,0.31647,0.511938,29.2266,0.8296,-0.3579,0.048464,0.66451,-1.530153,167,0.629241,2024.2778,0.113417,0
447,19.072,7472.69,6897.3797,16171.88,-6.2312560715,0.184615,0.445048,15.6069,0.9177,-0.0782,0.058599,0.713341,-5.53304,163,0.644441,2178.3626,0.111464,0
448,19.1147,7474.02,6932.7799,16406.25,-6.1620503282,0.127678,0.453091,16.0272,0.9119,-0.1017,0.057302,0.704921,-3.923299,163,0.636599,2165.7903,0.11415,0
449,19.1573,7457.4,6891.2291,16265.62,-5.6021512993,0.306322,0.495848,22.3354,0.8916,-0.2217,0.050775,0.687912,-6.713004,159,0.648297,1951.6431,0.112807,0
450,19.2,7563.15,6938.8013,16394.53,-6.0849408907,0.220891,0.455937,16.3194,0.8757,-0.2086,0.056849,0.715446,-2.881514,176,0.62619,2030.3822,0.112685,0
451,19.2427,7572.71,6937.7329,16429.69,-5.3816548943,0.202722,0.505598,25.0431,0.8525,-0.3225,0.049366,0.682796,-2.430967,141,0.61649,1935.6702,0.112196,0
452,19.2853,7798.31,7009.2659,16699.22,-6.3919300378,0.276277,0.434371,14.2003,0.8553,-0.1812,0.060356,0.724843,-5.271753,146,0.599362,2355.3743,0.119766,0
453,19.328,7541.4,6908.3462,16394.53,-6.0703464238,0.320576,0.455676,15.7862,0.8869,-0.172,0.056891,0.710111,-7.633011,161,0.642695,2096.3993,0.120986,0
454,19.3707,7763.65,6990.2315,16511.72,-6.2046568313,0.234263,0.44971,15.561,0.8209,-0.2672,0.057845,0.716453,-3.963309,180,0.624404,2066.1484,0.115248,0
455,19.4133,7681.05,6916.1436,16230.47,-5.7601088868,0.262911,0.485155,19.1072,0.84,-0.2656,0.052353,0.715681,-4.34933,156,0.634263,1915.4202,0.117202,0
456,19.456,7632.43,6919.3089,16347.66,-6.0761610637,0.281482,0.462012,16.4392,0.8829,-0.1941,0.055891,0.729536,-4.582311,137,0.593857,2030.0815,0.115737,0
457,19.4987,7573.5,6923.8697,16464.84,-5.7178750668,0.281366,0.482863,20.0739,0.8645,-0.2564,0.052696,0.692692,-7.927734,161,0.62893,1884.9728,0.10658,0
458,19.5413,7615.68,6949.0172,16500.0,-5.4963610563,0.370778,0.49669,22.8443,0.8176,-0.3874,0.050652,0.668831,-7.33775,121,0.598949,1918.2442,0.097424,0
459,19.584,7233.6,6889.3764,16007.81,-5.2899633968,0.376792,0.502714,29.3173,0.9037,-0.235,0.04978,0.620278,-1.185591,153,0.619904,1941.3997,0.098401,0
460,19.6267,7605.4,7010.6184,16582.03,-6.0826705701,0.33244,0.453765,16.6769,0.869,-0.2117,0.057195,0.700823,-5.07861,154,0.645409,2164.4511,0.10536,0
461,19.6693,7264.41,6872.8627,16066.41,-5.9045882581,0.310679,0.460677,18.0822,0.9168,-0.1646,0.056101,0.685481,-4.052675,150,0.616474,1995.5458,0.113539,0
462,19.712,7656.72,6992.2914,16570.31,-5.5806190331,0.2118,0.492483,20.0958,0.8157,-0.3917,0.051268,0.689624,-3.04934,153,0.651612,1972.5246,0.108778,0
463,19.7547,7560.26,6984.9687,16382.81,-5.9843761253,0.298031,0.460967,17.6658,0.8779,-0.2083,0.056055,0.699101,-7.22895,144,0.631969,2122.5342,0.111586,0
464,19.7973,7691.36,6919.1885,16359.38,-6.031378293,0.287799,0.456639,16.7146,0.8678,-0.1699,0.056738,0.715531,-3.487342,160,0.649509,2169.3874,0.119155,0
465,19.84,7622.03,6966.4788,16394.53,-6.3708152426,0.275456,0.43407,14.5174,0.8749,-0.1769,0.060407,0.712478,-5.618827,155,0.632102,2167.5521,0.118178,0
466,19.8827,7433.04,6921.5091,16605.47,-5.8629939686,0.195185,0.470837,19.0967,0.8902,-0.2442,0.054522,0.701645,-4.698552,158,0.626454,2046.8628,0.116225,0
467,19.9253,7442.64,6924.9029,16242.19,-5.7267283797,0.342178,0.484437,22.2103,0.8778,-0.2558,0.05246,0.682347,-8.116407,145,0.631189,1933.5671,0.104261,0
468,19.968,7605.61,6926.8934,16453.12,-5.5182311653,0.314066,0.496853,21.2714,0.8274,-0.3592,0.050629,0.684453,-4.53674,161,0.616094,2109.5156,0.106336,0
469,20.0107,7840.2,6933.9092,16570.31,-5.3048459578,0.247031,0.507665,23.8648,0.7677,-0.4432,0.04907,0.685471,-3.730595,157,0.627842,1979.9044,0.112807,0
470,20.0533,7633.05,6961.9946,16335.94,-6.3434867056,0.271349,0.439423,15.1464,0.8866,-0.1275,0.05952,0.717926,-6.093865,150,0.622624,2140.5436,0.111464,0
471,20.096,7738.84,6926.1254,16593.75,-5.7011931306,0.263051,0.48933,19.1253,0.8379,-0.3229,0.051733,0.713485,-6.030767,166,0.621588,2009.2576,0.10829,0
472,20.1387,7343.37,6874.318,16113.28,-5.877956504,0.381283,0.477211,19.4854,0.9202,-0.1545,0.053548,0.695007,-6.720453,170,0.629622,1850.3811,0.099133,0
473,20.1813,7243.88,6909.5905,16148.44,-5.4997012996,0.460005,0.490777,22.9736,0.9287,-0.184,0.051519,0.665417,-0.956774,157,0.600456,1899.405,0.098279,0
474,20.224,7451.8,6916.4025,16406.25,-6.1109428333,0.319974,0.449623,15.6892,0.8907,-0.1884,0.057859,0.707035,-4.517483,154,0.640908,2151.2388,0.109388,0
475,20.2667,7677.0,6984.8329,16593.75,-5.7684672967,0.214153,0.491935,19.8141,0.8264,-0.3394,0.051349,0.718155,-5.827457,132,0.608235,1923.8919,0.116347,0
476,20.3093,7822.56,6926.1862,16523.44,-6.1055396269,0.307339,0.462568,15.8301,0.852,-0.1749,0.055804,0.72405,-8.040531,157,0.602701,2052.5904,0.110731,0
477,20.352,7415.48,6911.3507,16230.47,-5.2165283686,0.512377,0.504062,27.2895,0.8515,-0.3379,0.049586,0.631923,-3.066056,150,0.616965,2088.1853,0.10658,0
478,20.3947,7596.4,6938.2006,16511.72,-5.7671490458,0.270839,0.485756,20.2808,0.859,-0.2746,0.052264,0.713239,-2.969064,147,0.619524,1929.9157,0.113051,0
479,20.4373,7731.46,7033.0669,16570.31,-6.6480317757,0.248094,0.421411,13.5214,0.8821,-0.1394,0.062549,0.730428,-5.395312,139,0.612844,2288.3138,0.118301,0
480,20.48,7606.55,6928.9943,16570.31,-5.1087473087,0.319959,0.527711,30.3885,0.8425,-0.3634,0.046267,0.655754,-1.957574,155,0.636393,1938.7493,0.104383,0
481,20.5227,7328.49,6887.4555,16207.03,-5.5633542231,0.320243,0.485344,23.1336,0.896,-0.2463,0.052325,0.673441,-8.659974,168,0.617652,1986.2304,0.10365,0
482,20.5653,7665.25,6889.6505,16289.06,-5.7341047207,0.16515,0.482241,19.0117,0.8538,-0.2267,0.052789,0.709899,-1.997551,157,0.604066,2020.2013,0.116958,0
483,20.608,7780.87,6976.1534,16453.12,-6.2957936754,0.223818,0.437004,14.7272,0.8526,-0.1771,0.059919,0.72313,-5.922518,154,0.628458,2261.9298,0.11476,0
484,20.6507,7317.03,6909.2353,16195.31,-5.4990605141,0.282995,0.495158,26.261,0.8956,-0.2519,0.050876,0.658355,-1.82022,155,0.620931,1898.4922,0.112196,0
485,20.6933,7555.27,6901.9555,16277.34,-6.2009456089,0.15192,0.453105,16.3301,0.8976,-0.1011,0.0573,0.70714,-3.013717,163,0.621926,2010.8718,0.115981,0
486,20.736,7764.57,6930.1887,16417.97,-6.928874469,0.255734,0.399336,12.1134,0.8893,-0.043,0.066444,0.737559,-4.231132,158,0.597557,2371.9195,0.117568,0
487,20.7787,7662.67,7001.4599,16417.97,-5.7206713411,0.273733,0.490607,19.9721,0.839,-0.3226,0.051544,0.710538,-6.048474,144,0.60299,1833.924,0.122696,0
488,20.8213,7570.16,6920.5412,16335.94,-5.9240597743,0.24481,0.472014,16.7136,0.8646,-0.2227,0.054341,0.714429,-5.606794,146,0.583637,1997.1545,0.125626,0
489,20.864,7794.71,6931.6996,16593.75,-5.6534014411,0.249664,0.491979,20.2066,0.8216,-0.3011,0.051342,0.702361,-4.637441,148,0.600746,2060.5887,0.107679,0
490,20.9067,7367.49,6906.1457,16359.38,-5.3507234243,0.324167,0.509476,27.7961,0.8706,-0.3138,0.048813,0.64838,-5.316802,170,0.594584,2068.7537,0.102918,0
491,20.9493,7519.67,6936.3233,16453.12,-6.0500628053,0.228628,0.459811,16.7598,0.8826,-0.1766,0.056237,0.691948,-6.541996,163,0.635493,2103.108,0.112685,0
492,20.992,7623.6,7002.6365,16476.56,-5.7829914075,0.165344,0.475999,17.7986,0.8526,-0.2684,0.053732,0.70667,-5.653731,148,0.62334,2016.3617,0.113539,0
493,21.0347,7567.55,6900.3072,16242.19,-5.5571184138,0.243028,0.496034,22.5508,0.8553,-0.2693,0.050748,0.678417,-3.727648,158,0.626308,1898.671,0.116713,0
494,21.0773,7526.27,6855.0084,16089.84,-5.2953060705,0.282592,0.512723,25.7986,0.8638,-0.2541,0.048353,0.676444,-2.80847,170,0.63786,1963.2063,0.111952,0
495,21.12,7430.49,6937.5148,16265.62,-5.9673878909,0.172948,0.467085,18.0686,0.8723,-0.2464,0.055101,0.687989,-8.088538,160,0.626138,2118.9257,0.110731,0
496,21.1627,7719.37,7041.5104,16746.09,-6.1677222217,0.314517,0.451322,16.1141,0.8484,-0.2711,0.057586,0.709925,-3.951136,135,0.634828,2178.8725,0.118301,0
497,21.2053,7727.85,6967.4332,16371.09,-6.5776431014,0.308342,0.428065,13.0152,0.8681,-0.1426,0.061415,0.734613,-7.386519,150,0.609868,2231.8158,0.113661,0
498,21.248,7457.0,6909.8597,16300.78,-6.3667142586,0.26818,0.432932,15.0923,0.92,-0.0611,0.060597,0.712258,-4.701749,141,0.595447,2239.219,0.106825,0
499,21.2907,7465.76,6904.48,16335.94,-5.5805602585,0.188155,0.493027,21.6123,0.8746,-0.2673,0.051188,0.693056,-4.698554,164,0.640395,1980.1366,0.102063,0
500,21.3333,7392.74,6982.3737,16324.22,-5.4907347859,0.303044,0.492753,23.2391,0.8593,-0.3095,0.051229,0.669592,-10.094913,148,0.613729,1917.4982,0.101331,0
501,21.376,7599.14,6984.4531,16406.25,-5.7524933845,0.308879,0.481204,19.2346,0.8664,-0.2628,0.052945,0.705737,-5.98625,141,0.620042,2029.662,0.106947,0
502,21.4187,7583.37,6946.0216,16406.25,-5.6412263141,0.357186,0.485456,19.6802,0.8671,-0.2763,0.052308,0.701839,-5.145206,140,0.580626,1936.9701,0.11415,0
503,21.4613,7537.23,6961.0303,16453.12,-5.2788575506,0.317434,0.50536,23.7061,0.8405,-0.3762,0.0494,0.67437,-4.150389,137,0.621291,1894.1085,0.109877,0
504,21.504,7296.31,6898.5913,16125.0,-5.6322863925,0.238783,0.480657,21.5014,0.9198,-0.1716,0.053028,0.67044,-7.698645,140,0.602553,1958.948,0.104871,0
505,21.5467,7488.41,6904.7156,16207.03,-6.4256647767,0.349667,0.435334,14.9394,0.9182,-0.0832,0.060196,0.722368,-5.025638,141,0.633198,2085.1291,0.10829,0
506,21.5893,7416.87,6819.4164,16125.0,-5.3626591162,0.307152,0.505456,26.1453,0.8787,-0.2241,0.049386,0.668489,-0.215025,138,0.611202,1910.2252,0.11415,0
507,21.632,7886.06,6939.4698,16593.75,-5.9132215758,0.32327,0.465924,16.4282,0.8251,-0.25,0.055281,0.725334,-5.662648,155,0.636802,2195.8344,0.113661,0
508,21.6747,7391.97,6857.375,16042.97,-5.4839040655,0.238322,0.502134,25.7436,0.8729,-0.2428,0.049863,0.657096,-3.930819,162,0.630303,2006.4665,0.107557,0
509,21.7173,7499.46,6908.2895,16125.0,-5.9740676488,0.244938,0.458399,17.4713,0.8957,-0.1034,0.056459,0.693101,-6.36435,138,0.638123,1984.0445,0.108656,0
510,21.76,7392.63,6983.4716,16277.34,-5.7682192302,0.263902,0.479931,20.849,0.8803,-0.2456,0.053137,0.679164,-5.850384,144,0.647097,1782.2528,0.108412,0
511,21.8027,7868.51,6947.3605,16699.22,-5.6219922845,0.197041,0.493095,19.1181,0.808,-0.3501,0.051178,0.728416,-3.48984,160,0.604367,1970.8006,0.105726,0
512,21.8453,7664.33,6905.3499,16253.91,-5.8909061477,0.204859,0.473042,17.7752,0.8163,-0.3128,0.054183,0.705049,-3.892352,176,0.600874,2026.2598,0.110731,0
513,21.888,7730.02,6967.4026,16652.34,-5.4907324846,0.31411,0.506411,21.9303,0.8185,-0.3735,0.04925,0.707353,-4.474181,136,0.611059,2021.7037,0.117934,0
514,21.9307,7237.15,6939.1423,16289.06,-5.5500181441,0.322143,0.487382,24.0187,0.9035,-0.2776,0.052022,0.662282,-0.899443,149,0.625317,1883.6563,0.11415,0
515,21.9733,7597.22,6945.5043,16570.31,-5.4541233944,0.250265,0.501156,22.6296,0.8271,-0.3862,0.050005,0.686339,-7.668715,128,0.655736,1889.1583,0.109999,0
516,22.016,7546.4,6919.6634,16335.94,-5.9510915657,0.309181,0.461314,16.5996,0.8909,-0.1581,0.056001,0.715995,-4.988742,169,0.616644,2102.2876,0.113295,0
517,22.0587,7666.86,6951.7085,16617.19,-5.8752269855,0.235043,0.482706,19.3766,0.8452,-0.2841,0.05272,0.721133,-4.265778,153,0.600843,2015.923,0.113051,0
518,22.1013,7777.16,6970.3211,16593.75,-5.7996335981,0.293508,0.473312,18.6796,0.8152,-0.3001,0.054142,0.706246,-3.511344,160,0.594474,2078.4116,0.10951,0
519,22.144,7623.6,6971.904,16546.88,-6.2474705673,0.370624,0.441654,15.0377,0.8554,-0.2203,0.059153,0.703694,-5.659183,147,0.600884,2145.1085,0.116225,0
520,22.1867,7814.17,7006.3504,16746.09,-5.8455607118,0.209571,0.479242,18.5103,0.8227,-0.3198,0.053241,0.706039,-4.036942,155,0.629125,2108.1853,0.118423,0
521,22.2293,7530.19,6971.5193,16464.84,-5.5768061124,0.361543,0.488724,22.2782,0.8455,-0.3295,0.051823,0.664625,-0.47659,153,0.618997,1940.7418,0.106825,0
522,22.272,7407.89,6928.8918,16429.69,-5.1960604052,0.179574,0.524965,30.6938,0.8701,-0.3196,0.046645,0.654884,-2.418206,139,0.62334,1993.3686,0.1089,0
523,22.3147,7644.8,6956.6177,16500.0,-6.2046040335,0.167916,0.447742,15.7906,0.8613,-0.1899,0.058162,0.704117,-5.088071,147,0.640016,2123.6116,0.115126,0
524,22.3573,7572.12,6931.6619,16312.5,-6.0918238447,0.278703,0.454224,16.497,0.8745,-0.1806,0.057122,0.702725,-3.870487,174,0.601901,2111.9423,0.107557,0
525,22.4,7520.44,6936.682,16429.69,-5.41620114,0.216156,0.503862,23.9059,0.8516,-0.3245,0.049615,0.678887,-1.811264,165,0.626946,1909.6536,0.110853,0
526,22.4427,7728.42,6976.2111,16605.47,-5.794855762,0.256282,0.479565,18.1122,0.8476,-0.2714,0.053192,0.703445,-2.956792,143,0.633086,2007.6771,0.112563,0
527,22.4853,7460.17,6891.2492,16148.44,-6.1277113423,0.328879,0.4531,17.3636,0.91,-0.1207,0.057301,0.708104,-5.169162,150,0.59597,2050.269,0.10536,0
528,22.528,7529.38,6873.4117,16183.59,-5.9823733417,0.190164,0.469259,17.9163,0.8597,-0.2114,0.054765,0.709741,-5.798405,146,0.603093,2133.2884,0.106947,0
529,22.5707,7528.44,6880.5441,16394.53,-4.8629963035,0.227931,0.541893,38.8362,0.8033,-0.4251,0.044348,0.586468,1.536849,152,0.630395,2059.4792,0.110975,0
530,22.6133,7858.91,6995.0152,16617.19,-6.1495830386,0.131782,0.454811,15.8595,0.8112,-0.2853,0.057028,0.724869,-6.588092,152,0.643882,2102.6229,0.110853,0
531,22.656,7439.98,6867.6159,16113.28,-5.6490564533,0.401118,0.477972,20.3453,0.8741,-0.2508,0.053433,0.6729,-3.438009,161,0.631672,1904.586,0.111952,0
532,22.6987,7352.94,6784.4279,15949.22,-5.6725879463,0.224146,0.490892,22.8767,0.8911,-0.1933,0.051502,0.689454,-3.635625,140,0.630285,1795.1039,0.114394,0
533,22.7413,7504.73,6875.9284,16230.47,-5.2502324139,0.216029,0.510711,26.2894,0.8476,-0.3106,0.048638,0.669117,-2.327854,159,0.63581,1980.8712,0.108778,0
534,22.784,7543.5,6933.3152,16535.16,-5.4925710054,0.270176,0.496411,23.2645,0.8532,-0.34,0.050693,0.69822,-3.03912,155,0.630087,2029.5592,0.104871,0
535,22.8267,7398.81,6820.5077,15972.66,-6.0146215103,0.404798,0.463502,18.5227,0.9066,-0.109,0.055658,0.69708,-5.706502,153,0.631252,1992.4407,0.112196,0
536,22.8693,7571.89,6998.84,16617.19,-5.7769998824,0.207727,0.477242,18.831,0.8629,-0.2861,0.053544,0.705798,-4.745283,153,0.617691,1906.8012,0.113295,0
537,22.912,7558.67,6975.3233,16511.72,-5.6527401615,0.366417,0.480664,20.2492,0.8537,-0.2957,0.053026,0.68174,-4.140717,152,0.622315,1974.1775,0.109022,0
538,22.9547,7584.06,6935.2265,16382.81,-6.3585079675,0.289907,0.432853,15.0262,0.8819,-0.1369,0.06061,0.711657,-6.591456,139,0.620314,2241.0654,0.105237,0
539,22.9973,7737.27,6978.5542,16652.34,-5.5098503732,0.257008,0.505871,20.3929,0.8289,-0.3375,0.049327,0.693361,-8.140061,142,0.617599,1877.9258,0.104627,0
540,23.04,7406.94,6876.9378,16078.12,-6.049829243,0.310539,0.463074,16.8874,0.9012,-0.1694,0.055725,0.702921,-8.212897,144,0.5948,2055.2699,0.112929,0
541,23.0827,7600.47,6921.5489,16488.28,-5.7948420528,0.25423,0.477124,18.6886,0.8569,-0.2765,0.053562,0.711412,-4.859884,153,0.619895,2077.3226,0.110487,0
542,23.1253,7449.89,6925.4218,16253.91,-5.9769742067,0.259895,0.463718,16.8749,0.9169,-0.1204,0.055624,0.705614,-6.260146,153,0.622766,2036.6162,0.111708,0
543,23.168,7673.99,6864.3979,16265.62,-5.7651513308,0.216274,0.481853,19.1897,0.8506,-0.2598,0.052848,0.720202,-7.089803,153,0.603577,1995.5665,0.115248,0
544,23.2107,7398.93,6931.3092,16335.94,-6.1804247788,0.316227,0.444658,15.6999,0.9149,-0.1385,0.058662,0.698558,-4.79636,150,0.633922,2201.424,0.103895,0
545,23.2533,7227.19,6861.1525,15972.66,-5.6092217209,0.294687,0.48726,23.8826,0.9155,-0.197,0.05204,0.670686,-4.048969,154,0.634475,1925.9669,0.101941,0
546,23.296,7437.28,6871.4056,16253.91,-5.7486920223,0.35799,0.478909,18.8899,0.8793,-0.2343,0.053291,0.699108,-4.031563,150,0.628283,2033.6296,0.109144,0
547,23.3387,7681.68,6982.1996,16605.47,-5.2634198866,0.349119,0.508745,24.1525,0.8281,-0.3825,0.048917,0.684912,-2.768739,143,0.622425,1858.3665,0.10658,0
548,23.3813,7574.68,6965.7367,16464.84,-5.5226609136,0.316774,0.487024,21.7097,0.8562,-0.3159,0.052075,0.690351,-2.987624,148,0.645153,1974.212,0.105115,0
549,23.424,7847.84,7008.9435,16734.38,-6.4666021036,0.246934,0.428766,14.2872,0.839,-0.1919,0.061297,0.728556,-5.721737,145,0.615138,2321.1882,0.114638,0
550,23.4667,7712.77,6965.5095,16710.94,-5.885876945,0.30246,0.471554,19.1004,0.8282,-0.3025,0.054411,0.710692,-4.76709,151,0.601028,2106.8268,0.10829,0
551,23.5093,7672.75,6974.8482,16546.88,-5.7503690087,0.276407,0.481276,19.1193,0.8374,-0.2901,0.052934,0.709953,-3.928861,161,0.60593,2067.8934,0.099377,0
552,23.552,7476.51,6998.3428,16359.38,-5.2871045063,0.228273,0.512472,26.0322,0.8526,-0.3581,0.048388,0.664236,-1.226274,165,0.619172,2022.4214,0.101209,0
553,23.5947,7301.78,6889.2488,16218.75,-5.5748563134,0.374361,0.490726,24.0854,0.8834,-0.2433,0.051527,0.667042,-7.757091,139,0.573351,2077.6456,0.098279,0
554,23.6373,7395.28,6889.2385,16183.59,-5.547038198,0.266989,0.497679,23.8192,0.885,-0.2407,0.050508,0.676793,-6.075562,159,0.611969,1924.8112,0.102674,0
555,23.68,7326.62,6946.863,16371.09,-5.7457071851,0.179297,0.478121,20.7109,0.9033,-0.2222,0.05341,0.68147,-3.931642,147,0.598636,1925.8503,0.110365,0
556,23.7227,7467.7,6911.9643,16359.38,-5.2526328929,0.339485,0.516763,27.5807,0.8575,-0.3184,0.047785,0.628746,-6.871346,152,0.63314,1886.9314,0.099622,0
557,23.7653,7678.97,6858.5963,16324.22,-5.3824989965,0.182976,0.513946,25.5459,0.8288,-0.3051,0.04818,0.681211,-7.81942,148,0.624818,1984.1983,0.107313,0
558,23.808,7527.23,6923.7786,16312.5,-6.1574803593,0.233941,0.448172,16.9656,0.8737,-0.1901,0.058092,0.694494,-1.994677,144,0.661738,2089.3834,0.113173,0
559,23.8507,7482.74,6929.0439,16265.62,-5.5967076664,0.296575,0.493897,21.9313,0.8768,-0.2602,0.051061,0.681811,-4.674224,155,0.626856,1952.3309,0.103406,0
560,23.8933,7513.49,6852.0445,16300.78,-5.6302102589,0.304409,0.487169,20.3177,0.8737,-0.2214,0.052053,0.700318,-5.775532,162,0.600044,2042.0471,0.102185,0
561,23.936,7128.61,6849.5878,15925.78,-5.4153028869,0.374384,0.498969,28.8765,0.9107,-0.2329,0.050321,0.638035,-2.173066,166,0.657949,1948.3504,0.097424,0
562,23.9787,7585.0,6953.8001,16417.97,-5.8036873395,0.272866,0.473966,18.1712,0.8663,-0.2524,0.054042,0.705004,-5.251449,142,0.665241,2024.8535,0.107801,0
563,24.0213,7694.57,6988.4907,16617.19,-5.4218560414,0.421381,0.506437,22.482,0.8405,-0.3255,0.049246,0.672982,-1.539385,129,0.62168,1987.9729,0.117446,0
564,24.064,7684.45,6956.5526,16593.75,-5.8225281769,0.381747,0.469998,18.7565,0.8526,-0.2515,0.054651,0.701237,-4.21409,160,0.598334,2110.8258,0.114882,0
565,24.1067,7635.54,6943.5339,16406.25,-6.3413940396,0.200484,0.438482,14.0291,0.8952,-0.1064,0.059675,0.718551,-5.322239,159,0.620868,2100.4108,0.116347,0
566,24.1493,7707.07,6949.6251,16570.31,-5.6326757283,0.263534,0.496398,20.0133,0.8291,-0.326,0.050695,0.719316,-5.001813,154,0.588809,2023.7201,0.111708,0
567,24.192,7608.5,6945.1882,16605.47,-5.9300298176,0.202231,0.464107,17.9983,0.8809,-0.2127,0.055564,0.710613,-4.966333,166,0.596698,2131.8303,0.10658,0
568,24.2347,7707.63,6926.673,16488.28,-6.6218777742,0.456629,0.420879,13.689,0.9112,-0.0433,0.062641,0.736889,-6.404191,159,0.612811,2295.4835,0.111952,0
569,24.2773,7526.48,6941.8642,16394.53,-5.6726964204,0.211837,0.486553,20.2693,0.8632,-0.2717,0.052145,0.694806,-4.334816,148,0.639013,1927.6511,0.108778,0
570,24.32,7351.77,6917.8044,16066.41,-5.7201755482,0.196702,0.481074,20.7471,0.8884,-0.2174,0.052965,0.676827,-1.932195,148,0.639648,1978.8158,0.108534,0
571,24.3627,7534.48,6907.2853,16347.66,-5.5931469982,0.249709,0.502629,23.6463,0.854,-0.3194,0.049792,0.698904,-8.426867,146,0.597281,1823.4138,0.109266,0
572,24.4053,7382.23,6967.81,16464.84,-6.1070637852,0.317736,0.444315,16.6765,0.9228,-0.1226,0.058718,0.685443,-4.577434,146,0.638011,2129.299,0.102674,0
573,24.448,7419.52,6921.4402,16171.88,-5.6682806955,0.290103,0.482158,20.1447,0.8889,-0.2199,0.052802,0.684947,-3.270318,158,0.594902,1938.438,0.107191,0
574,24.4907,7742.7,6930.5154,16394.53,-6.1851694627,0.228692,0.449952,15.8867,0.8613,-0.1621,0.057806,0.722449,-3.547488,156,0.635161,2210.5069,0.115859,0
575,24.5333,7499.47,6905.5747,16335.94,-5.5855709904,0.29026,0.4911,22.7305,0.8849,-0.2217,0.051472,0.684351,-1.263365,163,0.615162,1882.2676,0.113173,0
576,24.576,7540.16,6892.5692,16277.34,-5.5594118392,0.208291,0.497107,21.9895,0.8546,-0.2739,0.050592,0.695926,-2.345272,161,0.625319,1948.8312,0.109388,0
577,24.6187,7483.14,6923.1147,16406.25,-5.9175532114,0.450246,0.460839,17.6301,0.8679,-0.2358,0.056075,0.692543,-5.946717,167,0.620056,2073.6021,0.110487,0
578,24.6613,7260.65,6862.3426,16054.69,-5.6164245254,0.181248,0.48572,23.3409,0.9213,-0.1745,0.052269,0.674816,-7.597415,152,0.647693,1955.499,0.10829,0
579,24.704,7542.13,6900.1207,16335.94,-5.2861475574,0.307686,0.515041,27.2944,0.8478,-0.3326,0.048026,0.668232,-1.344929,155,0.636947,1997.6618,0.106947,0
580,24.7467,7423.07,6920.6732,16359.38,-5.7369703272,0.280618,0.482208,20.8643,0.8777,-0.2487,0.052794,0.678133,-5.968544,155,0.625267,2019.3994,0.097302,0
581,24.7893,7424.21,6869.1147,16218.75,-5.2149277392,0.249462,0.516748,30.6888,0.8851,-0.2385,0.047787,0.642917,-0.772626,161,0.611215,1822.3161,0.097546,0
582,24.832,7599.04,6966.878,16593.75,-5.5969408698,0.269224,0.493644,20.1772,0.8475,-0.3399,0.051098,0.697828,-5.547509,173,0.628913,1938.7529,0.106458,0
583,24.8747,7307.3,6928.1625,16125.0,-5.7306239577,0.296376,0.471733,20.4134,0.9193,-0.1565,0.054384,0.677692,-3.822528,150,0.632663,2012.7821,0.104749,0
584,24.9173,7532.71,6910.4483,16382.81,-5.4350841303,0.291843,0.504265,22.8567,0.8524,-0.3107,0.049557,0.681015,-2.020063,156,0.653793,2016.1657,0.106214,0
585,24.96,7588.67,6958.6291,16441.41,-5.8264303062,0.211069,0.480297,19.7824,0.8571,-0.2561,0.053082,0.692525,-1.059138,158,0.607232,2050.878,0.1089,0
586,25.0027,7612.85,6862.4668,16277.34,-5.6123888213,0.301565,0.502025,21.5133,0.8516,-0.2647,0.049879,0.703499,-4.038851,158,0.582701,1853.1416,0.111952,0
587,25.0453,7652.16,6932.2069,16453.12,-5.6889946444,0.262979,0.490768,19.0525,0.8337,-0.3123,0.051521,0.706971,-4.620608,166,0.618135,2000.4621,0.11183,0
588,25.088,7627.95,6869.9219,16371.09,-5.1989673935,0.252623,0.519361,26.7826,0.8238,-0.3441,0.047422,0.667912,-2.523276,143,0.624118,1951.0274,0.109022,0
589,25.1307,7883.77,6902.2585,16523.44,-5.8409773552,0.327301,0.478067,17.1392,0.7945,-0.3261,0.053419,0.715724,-2.345241,153,0.617603,2094.2875,0.111952,0
590,25.1733,7693.43,6932.7884,16664.06,-5.0623288568,0.245442,0.532464,28.9986,0.8018,-0.4207,0.045618,0.666477,-1.680551,152,0.623756,2063.9545,0.121841,0
591,25.216,7841.87,7009.6513,16699.22,-6.0827016933,0.247138,0.454616,16.3867,0.8141,-0.3068,0.057059,0.715891,-3.22595,135,0.579322,2091.6045,0.118056,0
592,25.2587,7424.75,6912.8563,16265.62,-5.4780726113,0.32843,0.495669,24.271,0.8449,-0.3512,0.050801,0.657676,-0.951772,138,0.633443,1989.5243,0.104749,0
593,25.3013,7453.05,6945.877,16312.5,-5.4869384573,0.220951,0.500564,23.8544,0.8546,-0.3207,0.05009,0.676181,-3.146761,137,0.667665,1923.0291,0.108534,0
594,25.344,7696.49,6881.2965,16500.0,-5.2479043738,0.266829,0.515935,24.7169,0.8126,-0.3894,0.047901,0.688403,-2.563676,148,0.637788,1983.8427,0.114394,0
595,25.3867,7571.49,6955.5084,16429.69,-6.1802807049,0.236877,0.456826,16.5534,0.8664,-0.1961,0.056708,0.708815,-7.590763,154,0.62053,2226.588,0.115004,0
596,25.4293,7777.17,6908.1922,16511.72,-5.33947253,0.232065,0.517723,22.3018,0.7928,-0.3872,0.04765,0.708999,-4.658991,136,0.615217,1856.6178,0.115737,0
597,25.472,7468.82,6943.5917,16371.09,-5.9308666385,0.205494,0.474262,19.7682,0.8816,-0.2121,0.053997,0.687505,-9.187459,152,0.608761,2043.1389,0.10658,0
598,25.5147,7529.51,6914.8412,16289.06,-5.5902195374,0.261016,0.492086,23.6131,0.8426,-0.303,0.051327,0.68095,-6.879014,174,0.602388,1864.1678,0.10658,0
599,25.5573,7416.85,6933.0263,16394.53,-5.5137624243,0.246078,0.496945,24.1535,0.8684,-0.3105,0.050615,0.666064,-2.381904,149,0.607692,1874.1351,0.109999,0
600,25.6,7353.75,6931.4641,16230.47,-5.4290228495,0.289924,0.50591,25.8151,0.8733,-0.3148,0.049321,0.666822,-1.512318,157,0.6198,1890.8885,0.101575,0
601,25.6427,7650.88,7018.296,16570.31,-6.1953069241,0.246248,0.443187,15.2035,0.8366,-0.2859,0.058902,0.713759,-6.184956,149,0.649441,2108.9081,0.107679,0
602,25.6853,7606.37,6879.5234,16265.62,-5.7256147695,0.325327,0.486497,19.7203,0.8548,-0.2255,0.052153,0.69875,-4.853731,152,0.607759,1935.3101,0.11122,0
603,25.728,7308.47,6878.9878,16019.53,-5.7526738279,0.240911,0.480716,21.6239,0.9007,-0.1878,0.053019,0.67695,-1.842458,177,0.612646,1977.4092,0.100232,0
604,25.7707,7301.56,6903.3252,16207.03,-5.9447933881,0.254829,0.464694,19.3697,0.912,-0.1578,0.055472,0.675503,-4.416646,130,0.632106,2125.7273,0.102552,0
605,25.8133,7454.48,6936.8121,16312.5,-5.982536446,0.203375,0.458334,16.7689,0.8939,-0.161,0.05647,0.700185,-6.791604,174,0.62137,2253.1,0.10829,0
606,25.856,7555.89,6963.7757,16488.28,-5.4823451456,0.239571,0.502269,23.2458,0.8205,-0.3982,0.049844,0.686114,-3.569768,160,0.636471,1937.911,0.101941,0
607,25.8987,7498.75,6941.2354,16335.94,-5.1525287164,0.234753,0.519392,30.4626,0.8193,-0.3986,0.047417,0.642266,-2.26091,152,0.596717,2022.6022,0.099255,0
608,25.9413,7431.01,6942.1343,16300.78,-5.5707980234,0.263994,0.493225,22.8769,0.8759,-0.2639,0.051159,0.684823,-3.51159,154,0.632589,1877.7091,0.10829,0
609,25.984,7525.64,6936.2792,16347.66,-5.727857361,0.250543,0.482493,20.5612,0.873,-0.2483,0.052751,0.698029,-2.127449,156,0.621123,2002.2328,0.1089,0
610,26.0267,7645.24,6926.3301,16253.91,-5.8439488937,0.269091,0.480704,17.7333,0.8636,-0.2321,0.05302,0.712019,-1.231355,163,0.600213,2006.1405,0.110853,0
611,26.0693,7661.66,6941.3524,16464.84,-5.8510341481,0.254636,0.475645,18.1336,0.8527,-0.2596,0.053786,0.709546,-1.123546,177,0.592851,2018.9078,0.121231,0
612,26.112,7562.32,6908.1959,16406.25,-5.406011011,0.323967,0.495114,20.4653,0.8438,-0.3234,0.050882,0.693236,-5.911435,152,0.618217,1961.3364,0.108168,0
613,26.1547,7469.58,6997.4002,16488.28,-5.1688248637,0.330715,0.52016,29.3794,0.8565,-0.362,0.047311,0.653376,-2.872321,168,0.635923,1827.765,0.09425,0
614,26.1973,7442.55,6970.7338,16324.22,-5.7129813489,0.291336,0.487397,20.4456,0.8784,-0.2588,0.052019,0.676745,-5.286092,149,0.593247,1855.3322,0.094494,0
615,26.24,7377.48,6929.0039,16230.47,-5.5539346871,0.310341,0.490172,23.105,0.8849,-0.2674,0.051609,0.675751,-5.810157,151,0.628291,2052.4846,0.101575,0
616,26.2827,7531.76,6969.0397,16394.53,-6.258574981,0.392317,0.440137,16.0158,0.898,-0.1165,0.059402,0.695969,-4.705819,171,0.644906,2265.5497,0.110487,0
617,26.3253,7333.51,6896.9744,16066.41,-5.4818380265,0.33563,0.501539,25.9465,0.8829,-0.2611,0.049949,0.66725,-6.627679,151,0.64898,1878.1571,0.099988,0
618,26.368,7250.93,6907.241,16101.56,-5.7923626181,0.272559,0.469734,19.5483,0.9059,-0.1974,0.054691,0.668499,-4.73111,146,0.623136,1901.4086,0.09425,0
619,26.4107,7542.28,6908.3987,16335.94,-6.0401760572,0.238686,0.464176,17.6391,0.8883,-0.1891,0.055553,0.717142,-5.365749,136,0.643897,2099.8047,0.115126,0
620,26.4533,7754.52,6944.6901,16582.03,-5.9384405526,0.336358,0.468271,17.6627,0.8559,-0.2515,0.054917,0.734092,-4.864299,152,0.611279,2228.4718,0.118545,0
621,26.496,7352.67,6858.2097,16101.56,-5.6815888423,0.176622,0.492513,21.5631,0.8883,-0.2277,0.051264,0.693833,-5.306684,173,0.618606,1943.718,0.109755,0
622,26.5387,7451.72,6951.6585,16347.66,-5.7885853261,0.272453,0.482115,20.5347,0.8755,-0.2673,0.052808,0.697691,-6.909972,151,0.599785,1987.9395,0.109877,0
623,26.5813,7715.58,7001.2757,16582.03,-5.370924825,0.384468,0.509043,24.9025,0.7896,-0.4297,0.048874,0.676229,-4.684488,142,0.598159,1890.2043,0.107069,0
624,26.624,7618.4,7047.1224,16500.0,-6.153379711,0.190522,0.455941,16.2211,0.8591,-0.2378,0.056849,0.705446,-7.181985,152,0.615626,2018.9827,0.107557,0
625,26.6667,7643.12,6976.3464,16570.31,-6.2190600828,0.244396,0.447623,15.4581,0.8499,-0.2457,0.058181,0.708224,-6.34081,165,0.636933,2092.6204,0.108778,0
626,26.7093,7662.51,6838.8707,16382.81,-5.2672403938,0.225346,0.51208,24.7987,0.8154,-0.3677,0.048444,0.695526,-2.409673,147,0.654634,1985.154,0.113417,0
627,26.752,7566.91,7029.755,16605.47,-5.7424584664,0.325675,0.485223,19.2857,0.8507,-0.3175,0.052343,0.694255,-3.259173,163,0.651409,2029.3191,0.114516,0
628,26.7947,7683.3,7002.2883,16687.5,-4.9689352175,0.222531,0.529335,30.8535,0.8048,-0.4393,0.046045,0.640557,-1.313057,162,0.59716,1916.0774,0.10951,0
629,26.8373,7405.97,6866.4013,16125.0,-6.15743943,0.205455,0.450897,17.171,0.9176,-0.0802,0.057654,0.693617,-5.184822,162,0.628279,2093.5999,0.105482,0
630,26.88,7420.35,6938.8183,16335.94,-5.2176612475,0.299772,0.519038,28.6969,0.8501,-0.3386,0.047467,0.654247,-5.921501,145,0.61736,2003.3437,0.10304,0
631,26.9227,7471.03,6921.0138,16324.22,-5.5391774004,0.19747,0.487392,21.7971,0.8508,-0.2999,0.05202,0.68099,-3.439215,165,0.608313,1896.941,0.107679,0
632,26.9653,7555.24,6967.8004,16441.41,-5.9863255262,0.241304,0.46149,16.2164,0.8678,-0.2542,0.055973,0.701609,-6.099958,167,0.634497,2109.7134,0.110731,0
633,27.008,7430.09,6846.4966,16113.28,-5.5244184022,0.314086,0.49641,23.1637,0.8372,-0.3059,0.050693,0.666344,-5.267011,172,0.611932,1978.2899,0.106336,0
634,27.0507,7629.37,6921.7146,16488.28,-6.0611435314,0.209243,0.457868,15.1793,0.865,-0.2233,0.056543,0.707495,-2.761454,146,0.640031,2005.9728,0.102429,0
635,27.0933,7561.37,6956.8902,16511.72,-5.4024071279,0.228511,0.500249,21.9818,0.8336,-0.3569,0.050136,0.686841,-3.076548,146,0.617544,1982.8569,0.110731,0
636,27.136,7702.46,6897.0643,16476.56,-5.7406093996,0.286576,0.490749,19.6283,0.835,-0.2962,0.051523,0.714875,-4.260132,142,0.608862,2036.3358,0.110243,0
637,27.1787,7397.98,6965.1744,16324.22,-5.9149685773,0.347024,0.462431,17.616,0.9037,-0.2015,0.055825,0.684983,-7.71475,138,0.624076,1949.9459,0.099499,0
638,27.2213,7531.41,6920.0612,16359.38,-5.8231227194,0.300586,0.475446,19.4042,0.8658,-0.2305,0.053816,0.69787,-2.537053,155,0.639057,2003.8495,0.099988,0
639,27.264,7447.78,6877.1107,16066.41,-5.6079056598,0.309296,0.488831,21.9574,0.8695,-0.2715,0.051807,0.695589,-5.403898,156,0.618837,1905.8924,0.10658,0
640,27.3067,7552.08,6990.6549,16406.25,-5.136307756,0.240235,0.525591,28.8091,0.8019,-0.4316,0.046559,0.62868,-3.299709,161,0.640211,1910.3156,0.107191,0
641,27.3493,7796.02,6976.6736,16617.19,-5.7631925583,0.285936,0.480125,19.3243,0.811,-0.3385,0.053108,0.704313,-5.536334,159,0.623218,1941.8283,0.107801,0
642,27.392,7775.87,6939.8077,16488.28,-5.8006784862,0.244442,0.473801,19.147,0.8287,-0.2922,0.054067,0.712507,-2.581444,178,0.601619,2118.0228,0.11244,0
643,27.4347,7549.15,6932.9935,16347.66,-6.2406466075,0.260967,0.43917,15.1785,0.917,-0.0579,0.059561,0.706176,-6.682643,153,0.62997,2138.6319,0.109022,0
644,27.4773,7496.92,6924.9481,16312.5,-5.5843675706,0.314654,0.479639,20.2278,0.8668,-0.2897,0.053181,0.676517,-0.836474,158,0.662066,1874.8025,0.110731,0
645,27.52,7700.28,6963.1455,16312.5,-6.6700047205,0.274301,0.418364,13.7564,0.8639,-0.1109,0.063074,0.718843,-6.697384,179,0.637967,2244.2855,0.116225,0
646,27.5627,7628.25,6864.9684,16394.53,-5.8201015286,0.261628,0.476248,18.7593,0.8526,-0.2488,0.053695,0.71124,-2.679245,152,0.611237,2023.7793,0.113173,0
647,27.6053,7494.89,6856.0756,16300.78,-6.0897266246,0.273459,0.446268,16.6256,0.9177,-0.0871,0.058401,0.711247,-5.257314,162,0.671327,2177.0559,0.10951,0
648,27.648,7436.21,6958.7333,16312.5,-6.0596582748,0.287706,0.457267,16.7244,0.889,-0.1891,0.056638,0.690636,-8.744739,137,0.675372,2147.2835,0.102429,0
649,27.6907,7379.68,6813.343,16183.59,-5.6378931513,0.35544,0.484402,23.3242,0.8988,-0.2007,0.052466,0.686425,-1.936007,164,0.611235,1894.4405,0.103528,0
650,27.7333,7657.69,6928.1844,16417.97,-5.713471023,0.262469,0.484456,18.703,0.8812,-0.1906,0.052458,0.713397,-4.911484,162,0.633476,2042.9818,0.115004,0
651,27.776,7799.4,6991.9571,16664.06,-5.987896355,0.28856,0.463321,17.0233,0.8228,-0.2774,0.055686,0.703034,-6.996596,148,0.623289,1942.9195,0.121475,0
652,27.8187,7686.29,6944.5891,16488.28,-6.3873736213,0.178281,0.436544,14.2465,0.8798,-0.1495,0.059995,0.725045,-5.207293,163,0.639672,2250.9975,0.119888,0
653,27.8613,7561.2,6962.1832,16371.09,-5.7284711419,0.285713,0.486508,19.2916,0.86,-0.2934,0.052152,0.707564,-4.122163,166,0.623552,2028.434,0.113295,0
654,27.904,7426.6,6837.5084,16183.59,-5.8547382583,0.290445,0.479708,20.0818,0.8777,-0.2207,0.05317,0.702282,-5.387393,166,0.591179,2055.3064,0.109388,0
655,27.9467,7527.77,6916.9973,16417.97,-5.3049832592,0.222231,0.515682,26.3223,0.8569,-0.3152,0.047936,0.676084,-3.188533,149,0.615489,1932.7785,0.107923,0
656,27.9893,7436.6,6950.9424,16289.06,-5.4573994216,0.33731,0.493661,23.1172,0.8814,-0.2818,0.051095,0.657748,-0.825125,151,0.650387,1963.3824,0.111952,0
657,28.032,7679.02,6992.6596,16675.78,-5.2547477484,0.223057,0.513266,24.7666,0.794,-0.4595,0.048276,0.663342,-5.116369,168,0.64531,1913.1739,0.112196,0
658,28.0747,7671.17,6932.846,16511.72,-5.9712548528,0.238564,0.463174,17.1873,0.856,-0.2418,0.055709,0.709131,-1.568126,150,0.6429,1993.7424,0.104627,0
659,28.1173,7549.63,6996.701,16570.31,-5.4471540793,0.185111,0.497296,21.876,0.8602,-0.3279,0.050564,0.680104,-2.234137,162,0.619663,1971.787,0.101331,0
660,28.16,7306.52,6878.3681,16125.0,-5.6285093401,0.325843,0.487464,23.7129,0.8972,-0.2169,0.05201,0.66753,-3.108046,157,0.639224,1758.5962,0.103895,0
661,28.2027,7407.01,6872.9744,16113.28,-5.702421704,0.184644,0.485618,20.2339,0.8885,-0.2005,0.052284,0.694421,-4.281232,152,0.604578,1864.7221,0.107801,0
662,28.2453,7662.52,7032.4296,16781.25,-6.2459818925,0.172575,0.446748,15.7643,0.8427,-0.2508,0.058323,0.710496,-7.480262,158,0.609913,2116.0658,0.104383,0
663,28.288,7448.5,7016.8253,16546.88,-5.6267618596,0.285772,0.486684,21.9382,0.878,-0.2526,0.052125,0.665083,-5.04743,174,0.589913,2045.4372,0.100232,0
664,28.3307,7511.06,6967.5641,16406.25,-5.9642391873,0.349443,0.456597,17.0257,0.9054,-0.1642,0.056744,0.692621,-5.275604,150,0.624283,2090.5508,0.105848,0
665,28.3733,7605.53,6930.6689,16429.69,-5.8633266123,0.347557,0.468521,17.6433,0.8647,-0.2236,0.054879,0.702495,-4.626183,149,0.621483,2100.5811,0.11183,0
666,28.416,7702.97,6960.8229,16476.56,-6.2855058584,0.302149,0.439634,15.8966,0.8892,-0.1285,0.059485,0.720509,-4.777555,154,0.620991,2238.6854,0.114882,0
667,28.4587,7649.04,6949.4784,16523.44,-5.9597432073,0.348494,0.468149,17.157,0.8735,-0.2039,0.054936,0.710077,-2.575293,159,0.596099,2060.2711,0.112074,0
668,28.5013,7641.96,6953.3696,16429.69,-5.6917087695,0.15773,0.493463,19.3452,0.8511,-0.2862,0.051124,0.702967,-5.624844,139,0.611445,1925.3997,0.103772,0
669,28.544,7406.38,6902.4956,16148.44,-6.0059428873,0.267798,0.464769,16.8241,0.9193,-0.1233,0.05546,0.708451,-7.44895,156,0.604383,1898.9635,0.109877,0
670,28.5867,7673.6,6995.6515,16687.5,-6.0542498889,0.147259,0.464628,17.0246,0.875,-0.2011,0.055482,0.722126,-6.013239,154,0.608564,2124.3123,0.119521,0
671,28.6293,7748.69,6936.3998,16523.44,-5.4921569505,0.110712,0.499372,21.2761,0.8151,-0.3519,0.050263,0.697768,-4.059172,160,0.578748,2000.3008,0.119888,0
672,28.672,7772.99,6956.6331,16675.78,-6.4597963772,0.225409,0.422674,13.8324,0.8457,-0.1946,0.062332,0.719797,-5.375982,159,0.631427,2308.2374,0.111464,0
673,28.7147,7350.15,6924.501,16171.88,-5.634112728,0.318919,0.488352,20.9436,0.8869,-0.2402,0.051878,0.674894,-5.275121,168,0.630633,1897.899,0.106458,0
674,28.7573,7501.19,6851.8017,16183.59,-5.9262830483,0.433371,0.468317,18.1611,0.9349,-0.0848,0.05491,0.715398,-3.073754,169,0.652386,1969.5147,0.104749,0
675,28.8,7459.43,6889.7827,16300.78,-5.6729899319,0.374407,0.48065,21.1402,0.8729,-0.2303,0.053028,0.680804,-3.876559,145,0.633849,2142.7267,0.098645,0
676,28.8427,7573.44,6938.9292,16476.56,-5.5231410443,0.225615,0.49441,22.3284,0.8525,-0.3106,0.050985,0.689948,-1.614263,141,0.60437,1936.632,0.107313,0
677,28.8853,7716.28,6957.7235,16628.91,-5.6840662939,0.237981,0.480644,18.9685,0.8471,-0.2782,0.053029,0.70747,-2.072856,148,0.604433,2066.891,0.1089,0
678,28.928,7537.43,6911.5269,16277.34,-5.3437829896,0.24762,0.51545,27.5383,0.8499,-0.3241,0.047969,0.671689,-2.514183,169,0.630077,1844.9605,0.108534,0
679,28.9707,7493.61,6932.2713,16265.62,-6.0769371832,0.299769,0.447373,16.2108,0.8974,-0.1514,0.058222,0.699865,-3.402858,138,0.628327,2038.3277,0.10536,0
680,29.0133,7505.1,6937.5962,16300.78,-5.9876121972,0.306435,0.464804,16.8594,0.8598,-0.2619,0.055455,0.703487,-4.927785,150,0.632475,2046.5011,0.100476,0
681,29.056,7489.78,6998.8878,16394.53,-6.0242215002,0.271379,0.457151,17.2731,0.8892,-0.1902,0.056657,0.691389,-4.758759,153,0.621176,2057.3869,0.106458,0
682,29.0987,7735.38,6968.0873,16640.62,-5.4663344824,0.238771,0.494501,22.1323,0.8175,-0.3792,0.050972,0.692911,-3.165579,149,0.592737,1976.1287,0.109999,0
683,29.1413,7589.2,6897.0719,16429.69,-5.493029499,0.383524,0.492577,22.3435,0.869,-0.2755,0.051254,0.701303,-7.455824,136,0.653837,1812.08,0.107435,0
684,29.184,7704.43,7006.5838,16722.66,-5.5349347931,0.309016,0.490927,20.8833,0.8138,-0.381,0.051497,0.694974,-2.880798,142,0.59539,1946.9591,0.109755,0
685,29.2267,7812.46,6980.5066,16652.34,-6.0997023538,0.250422,0.460333,16.7452,0.8309,-0.2637,0.056155,0.727375,-3.358652,146,0.594126,2102.3085,0.114638,0
686,29.2693,7601.34,6892.4754,16312.5,-5.5204908248,0.210976,0.503712,22.4914,0.8672,-0.2818,0.049636,0.698508,-2.553212,161,0.594676,1951.6898,0.108778,0
687,29.312,7558.28,6906.8698,16417.97,-5.7762858553,0.334038,0.473483,18.7926,0.8706,-0.2176,0.054116,0.695632,-4.910464,164,0.639462,2010.2986,0.105604,0
688,29.3547,7610.99,6947.5366,16335.94,-5.9356325531,0.235699,0.464481,17.8044,0.8663,-0.1918,0.055505,0.705387,-6.313853,166,0.63485,2067.4913,0.108534,0
689,29.3973,7256.51,6928.6715,16136.72,-5.9340565413,0.236521,0.461542,18.3513,0.9344,-0.1069,0.055965,0.672127,-3.152857,147,0.612838,2032.2213,0.11122,0
690,29.44,7477.25,6916.2229,16230.47,-5.219098936,0.225384,0.521425,28.5077,0.8421,-0.3327,0.047135,0.645771,-1.888172,145,0.622245,1957.4153,0.103895,0
691,29.4827,7742.05,6907.2369,16417.97,-6.281743577,0.286797,0.44685,15.673,0.856,-0.1625,0.058306,0.719214,-2.144717,140,0.629533,2262.0633,0.104505,0
692,29.5253,7511.01,6937.4188,16359.38,-5.6430282029,0.278459,0.492728,21.6395,0.8739,-0.244,0.051232,0.697334,-5.495505,175,0.598816,2054.056,0.111464,0
693,29.568,7584.19,6975.6469,16488.28,-6.3303080637,0.279406,0.441346,16.0461,0.8731,-0.1992,0.059203,0.708177,-3.817976,141,0.603504,2165.2531,0.109388,0
694,29.6107,7671.77,6934.9049,16441.41,-6.3425279079,0.23398,0.441041,15.2309,0.8977,-0.1192,0.059254,0.725966,-3.787483,165,0.602059,2115.1882,0.114272,0
695,29.6533,7731.39,7010.1041,16722.66,-6.1374307192,0.332143,0.449971,15.1993,0.8438,-0.2674,0.057803,0.719989,-5.151152,143,0.60413,2203.0741,0.120742,0
696,29.696,7600.63,6954.2524,16500.0,-5.590451237,0.336189,0.49018,21.605,0.8392,-0.3196,0.051607,0.690406,-1.019892,152,0.602005,2050.0418,0.113539,0
697,29.7387,7566.2,6928.4014,16429.69,-5.4524736755,0.228571,0.496708,24.2582,0.84,-0.3469,0.05065,0.679732,-1.130234,151,0.613236,2019.1025,0.109999,0
698,29.7813,7254.98,6876.1156,16078.12,-5.8597965098,0.289673,0.473263,21.0156,0.9431,-0.1002,0.05415,0.688409,-5.719837,171,0.631383,1912.6216,0.108534,0
699,29.824,7471.26,6965.6642,16324.22,-5.5227918675,0.203785,0.489784,21.2712,0.8532,-0.2978,0.051666,0.653367,-5.127413,145,0.63379,1999.126,0.097546,0
700,29.8667,7460.35,6900.1246,16253.91,-5.7458323124,0.214619,0.485368,20.2705,0.8686,-0.2445,0.052321,0.687054,-6.116704,165,0.620091,1987.6224,0.096936,0
701,29.9093,7379.82,6942.258,16324.22,-5.0519300043,0.27452,0.528472,30.7877,0.8657,-0.3341,0.046163,0.62352,-1.735083,138,0.63174,1900.7558,0.101819,0
702,29.952,7587.96,6891.3011,16265.62,-6.3980508591,0.32785,0.439478,14.6373,0.9083,-0.0495,0.05951,0.717132,-4.380108,132,0.637218,2072.4165,0.107679,0
703,29.9947,7549.42,6967.9637,16335.94,-6.0571120933,0.219654,0.456433,17.0115,0.8668,-0.1983,0.056771,0.684297,-6.553186,157,0.606517,2107.7553,0.11122,0
704,30.0373,7840.33,6958.8469,16781.25,-5.6840443916,0.24559,0.491177,18.3905,0.8359,-0.3077,0.05146,0.726767,-4.071715,153,0.603387,2002.956,0.11476,0
705,30.08,7771.23,7002.6908,16628.91,-6.5068335215,0.22508,0.428878,14.4147,0.8568,-0.1553,0.061278,0.727059,-5.245004,162,0.606246,2326.2463,0.118545,0
706,30.1227,7746.49,6973.5394,16546.88,-5.6568985206,0.271153,0.484864,19.3822,0.8235,-0.342,0.052397,0.709003,-3.379185,147,0.590735,1941.7871,0.114272,0
707,30.1653,7692.08,6985.8275,16511.72,-6.5175496155,0.192038,0.426839,14.3292,0.8901,-0.1099,0.061623,0.725032,-3.326072,135,0.607975,2292.213,0.112929,0
708,30.208,7791.02,6994.7314,16746.09,-5.3326849818,0.345653,0.510851,23.0733,0.793,-0.435,0.048618,0.691342,-4.369891,146,0.629122,2068.8533,0.113661,0
709,30.2507,7574.82,6940.4506,16347.66,-5.7860433412,0.218958,0.480128,18.4642,0.8616,-0.2663,0.053107,0.69575,-7.203054,136,0.614401,2040.9574,0.116225,0
710,30.2933,7624.05,6991.6568,16535.16,-5.8478848417,0.313489,0.472217,17.8576,0.8745,-0.2281,0.05431,0.703418,-4.981482,156,0.63226,2065.4177,0.119521,0
711,30.336,7658.23,6930.1643,16476.56,-5.4366677417,0.239117,0.505548,22.1838,0.8376,-0.3361,0.049373,0.690201,-5.213615,157,0.626867,1935.4614,0.114882,0
712,30.3787,7528.26,6890.5146,16359.38,-5.4082168401,0.214664,0.510977,25.7895,0.8473,-0.33,0.0486,0.682942,-4.699043,157,0.61272,1830.4441,0.109388,0
713,30.4213,7553.22,7007.0148,16500.0,-5.3797119947,0.463828,0.497207,22.202,0.8542,-0.321,0.050577,0.668097,-9.470654,140,0.630689,1834.8383,0.107069,0
714,30.464,7568.95,6951.6955,16417.97,-5.0843585416,0.301909,0.520159,28.9411,0.8363,-0.3585,0.047311,0.648075,-2.555715,140,0.655916,1938.667,0.101331,0
715,30.5067,7289.47,6923.2029,16230.47,-5.4047889265,0.314665,0.501637,26.4516,0.8772,-0.3103,0.049935,0.637154,-6.074385,148,0.606494,2012.6065,0.10072,0
716,30.5493,7672.57,6925.2153,16417.97,-5.1237699437,0.246228,0.526527,28.3804,0.7921,-0.4282,0.04643,0.656045,-6.651219,159,0.60628,1888.8299,0.10829,0
717,30.592,7762.96,6986.1888,16687.5,-5.9038675635,0.218076,0.471733,17.7491,0.8357,-0.2692,0.054384,0.708182,-3.722042,163,0.630401,2038.4279,0.119399,0
718,30.6347,7634.17,6956.8575,16535.16,-5.4171159462,0.214541,0.504901,24.6652,0.8252,-0.3729,0.049466,0.676995,-5.121348,176,0.605719,1878.137,0.112929,0
719,30.6773,7686.47,6998.8916,16500.0,-5.3609675652,0.223836,0.503648,23.6374,0.781,-0.4624,0.049646,0.674771,-7.855323,127,0.575235,1947.2807,0.106458,0
720,30.72,7408.48,6817.4561,16089.84,-6.0207209906,0.301794,0.463002,17.7315,0.9043,-0.1181,0.055736,0.697302,-7.144024,139,0.619775,1966.6609,0.110731,0
721,30.7627,7566.89,6923.5541,16265.62,-5.7389034565,0.231646,0.476424,18.8967,0.8608,-0.2392,0.053668,0.683835,-5.368073,163,0.617023,2026.2529,0.111708,0
722,30.8053,7694.61,6918.3278,16382.81,-5.632682703,0.238714,0.490169,19.8867,0.8405,-0.2868,0.051609,0.713916,-3.342577,158,0.663615,1969.8668,0.119399,0
723,30.848,7758.32,6964.0821,16546.88,-5.919749848,0.288388,0.470683,17.3428,0.8135,-0.3341,0.054545,0.710765,-4.985949,154,0.616901,2058.9207,0.118911,0
724,30.8907,7583.71,7009.1059,16382.81,-6.1914129057,0.24495,0.451977,15.7166,0.8736,-0.178,0.057481,0.702119,-5.25381,147,0.595892,2140.6712,0.113661,0
725,30.9333,7775.49,6977.5652,16710.94,-6.0498265961,0.240148,0.46375,16.6666,0.8661,-0.1932,0.055619,0.729528,-2.436445,162,0.621295,2088.5221,0.118667,0
726,30.976,7514.22,6927.8316,16406.25,-5.8606639767,0.277161,0.466526,18.4186,0.8731,-0.2282,0.055187,0.693308,-3.087055,140,0.632686,2047.3748,0.118301,0
727,31.0187,7925.21,7036.1322,16851.56,-6.1216866855,0.316485,0.453855,16.7709,0.8227,-0.2536,0.05718,0.719989,-5.780215,151,0.650442,2205.1743,0.112685,0
728,31.0613,7488.22,6966.9737,16406.25,-5.5502489311,0.257453,0.500889,24.0956,0.858,-0.3132,0.050043,0.678737,-2.966824,164,0.603708,1837.2265,0.11476,0
729,31.104,7396.79,6911.5606,16230.47,-5.6362967316,0.277064,0.484948,21.0758,0.8862,-0.2405,0.052384,0.681839,-1.577479,175,0.613008,1958.1015,0.11769,0
730,31.1467,7660.35,6975.4646,16558.59,-5.5944112414,0.30386,0.490869,21.4044,0.8301,-0.3448,0.051506,0.700529,-6.661118,148,0.62599,1954.0381,0.111708,0
731,31.1893,7551.1,6959.0862,16476.56,-5.2834689133,0.188399,0.508687,25.181,0.8189,-0.3888,0.048925,0.655617,-2.00044,167,0.613654,1906.4851,0.107923,0
732,31.232,7652.29,6913.5192,16347.66,-5.6184051786,0.249946,0.482708,21.5758,0.8469,-0.2595,0.052719,0.701086,-3.410629,181,0.655806,2052.9003,0.108168,0
733,31.2747,7603.36,6953.6849,16453.12,-5.6751114163,0.345428,0.486394,19.4598,0.8431,-0.3118,0.052169,0.698564,-4.15419,163,0.603243,2017.1045,0.102429,0
734,31.3173,7316.82,6785.5747,15937.5,-5.186763181,0.28658,0.519573,32.1781,0.8895,-0.2252,0.047392,0.634913,-0.899216,151,0.612921,2040.0898,0.105726,0
735,31.36,7579.14,6967.397,16417.97,-6.0786264257,0.269468,0.461315,17.4963,0.8678,-0.2352,0.056,0.715029,-4.369332,146,0.627071,2078.4932,0.111708,0
736,31.4027,7271.64,6887.8983,16125.0,-5.5698320053,0.245853,0.497249,24.2992,0.8933,-0.2519,0.050571,0.677845,-6.632394,157,0.617691,1911.2213,0.107679,0
737,31.4453,7740.42,6952.7463,16523.44,-5.8373855557,0.259995,0.482155,19.2299,0.8325,-0.2646,0.052802,0.714619,-6.84714,155,0.602042,2094.6627,0.104383,0
738,31.488,7545.69,6999.0069,16511.72,-5.8640030027,0.383311,0.468709,17.8411,0.8648,-0.2787,0.054849,0.692273,-3.385054,135,0.603738,2009.5329,0.1089,0
739,31.5307,7385.66,6949.2141,16371.09,-6.0042563689,0.256714,0.46007,17.4114,0.9051,-0.1748,0.056196,0.68661,-7.736037,156,0.625957,2053.585,0.113661,0
740,31.5733,7721.64,7036.3319,16722.66,-6.6799245196,0.202287,0.418571,12.2163,0.8674,-0.1636,0.063038,0.723471,-5.351656,173,0.617263,2206.5815,0.115859,0
741,31.616,7658.3,7020.6584,16828.12,-5.8383039755,0.218007,0.478371,18.6978,0.8329,-0.346,0.053372,0.703822,-5.428545,155,0.593452,1883.2272,0.106458,0
742,31.6587,7589.28,6959.5219,16558.59,-4.9190953572,0.198722,0.538011,35.8953,0.8163,-0.4228,0.044868,0.624148,-1.036077,134,0.619271,2005.0473,0.104017,0
743,31.7013,7549.76,6942.3614,16394.53,-5.455066126,0.150479,0.501178,24.9362,0.842,-0.3185,0.050001,0.66113,-3.762852,157,0.595759,1863.6181,0.10951,0
744,31.744,7713.54,6899.7313,16464.84,-5.5772040324,0.212759,0.500053,21.311,0.8503,-0.2546,0.050164,0.700756,-4.28593,153,0.620583,1947.6359,0.108656,0
745,31.7867,7767.15,7080.0435,16781.25,-6.0315975779,0.32011,0.453817,15.3071,0.8327,-0.3174,0.057187,0.710393,-4.955967,153,0.593167,2076.3273,0.111342,0
746,31.8293,7464.31,6998.0771,16476.56,-4.8877754469,0.308352,0.535119,36.857,0.8174,-0.4406,0.045258,0.597049,-2.068745,127,0.636116,1898.95,0.101697,0
747,31.872,7418.15,6904.7228,16242.19,-5.0360859178,0.359206,0.52503,35.6214,0.861,-0.3321,0.046636,0.614345,-0.193245,149,0.614132,2028.856,0.10072,0
748,31.9147,7527.23,6968.7976,16277.34,-5.3652198796,0.235428,0.499333,21.3839,0.8388,-0.3202,0.050268,0.668932,-6.741784,138,0.636776,1920.5091,0.102918,0
749,31.9573,7439.95,6962.7624,16300.78,-5.445700887,0.297148,0.495127,21.9965,0.8575,-0.3241,0.050881,0.68019,-1.858949,153,0.644996,1960.585,0.099133,0
750,32.0,7674.97,7023.7723,16593.75,-6.3309149481,0.215614,0.440161,15.1165,0.8851,-0.1559,0.059398,0.718382,-3.925519,172,0.602028,2184.9922,0.110365,0
751,32.0427,7608.56,6931.8664,16406.25,-6.0871374399,0.170537,0.464122,16.7902,0.8483,-0.2272,0.055561,0.693987,-5.098427,156,0.600789,2011.6407,0.110365,0
752,32.0853,7586.09,6944.9603,16500.0,-5.7973878605,0.239238,0.475534,18.2041,0.86,-0.2561,0.053803,0.6916,-2.589859,150,0.600552,2066.1742,0.114394,0
753,32.128,7746.92,6910.8489,16605.47,-5.1484522255,0.195161,0.515728,28.2089,0.8087,-0.3942,0.04793,0.683322,-1.521211,156,0.629744,1986.4055,0.113539,0
754,32.1707,7357.21,6883.3426,16183.59,-5.6507243245,0.198095,0.489797,21.4537,0.9013,-0.2183,0.051664,0.694873,-5.148214,139,0.624187,1932.5082,0.104139,0
755,32.2133,7502.27,6930.7757,16242.19,-5.7725123807,0.387571,0.480359,18.4457,0.8525,-0.2695,0.053072,0.682147,-7.001477,153,0.626968,1973.8448,0.109266,0
756,32.256,7623.17,7046.0176,16558.59,-6.1264727794,0.353296,0.452768,16.0664,0.8485,-0.2769,0.057354,0.7036,-2.489471,142,0.603046,2047.5353,0.10951,0
757,32.2987,7474.43,6954.7915,16406.25,-6.2690261666,0.262214,0.437706,15.6235,0.8783,-0.1949,0.059803,0.6996,-2.827256,161,0.625748,2134.1165,0.106702,0
758,32.3413,7549.37,6900.0075,16382.81,-5.2251516273,0.253512,0.525315,28.1007,0.8292,-0.3748,0.046597,0.676386,-2.691517,140,0.606057,1970.2963,0.106947,0
759,32.384,7342.63,6908.9997,16125.0,-5.7767243741,0.239955,0.474281,19.355,0.8975,-0.2183,0.053994,0.683978,-6.625199,150,0.641918,1963.2503,0.112563,0
760,32.4267,7499.91,6993.2989,16582.03,-6.2195036271,0.272245,0.439647,15.63,0.92,-0.1244,0.059483,0.711052,-6.874975,172,0.647101,2172.1913,0.110487,0
761,32.4693,7573.17,6969.8244,16429.69,-5.9675702952,0.256738,0.467011,17.16,0.8521,-0.274,0.055112,0.695114,-3.862013,142,0.627899,1949.6841,0.10597,0
762,32.512,7385.28,6846.2182,16113.28,-5.2945303352,0.294329,0.513326,28.8558,0.8796,-0.2624,0.048268,0.651681,-1.403749,163,0.608138,1990.1508,0.106458,0
763,32.5547,7619.26,6954.1191,16464.84,-5.4275528045,0.327199,0.499461,22.6399,0.8471,-0.3152,0.05025,0.685832,-1.808255,156,0.634824,1951.7528,0.104017,0
764,32.5973,7483.79,6835.6766,16207.03,-5.0048729193,0.325411,0.532619,32.3789,0.8354,-0.3385,0.045597,0.640026,-0.66547,146,0.608733,2030.7547,0.101575,0
765,32.64,7549.13,6891.3739,16359.38,-5.3453166125,0.256096,0.510215,25.9152,0.8588,-0.2993,0.048708,0.67064,-0.710805,131,0.651546,1973.2038,0.102552,0
766,32.6827,7608.65,6983.2529,16558.59,-6.1154134173,0.244167,0.4528,15.5226,0.8762,-0.1742,0.057349,0.712487,-5.57762,166,0.634973,2195.1367,0.107069,0
767,32.7253,7663.04,7008.0158,16488.28,-6.5335257515,0.254233,0.432861,13.2255,0.9157,-0.0732,0.060609,0.730343,-4.126818,150,0.591922,2216.868,0.11183,0
768,32.768,7858.69,7029.0662,16781.25,-6.4245800528,0.279789,0.432625,14.7416,0.846,-0.1997,0.060648,0.736883,-6.107193,160,0.608735,2374.815,0.110609,0
769,32.8107,7303.54,6874.6221,16042.97,-6.2295447567,0.287613,0.446236,15.7928,0.9477,-0.0298,0.058406,0.699441,-6.270592,161,0.632375,2029.4595,0.109022,0
770,32.8533,7530.67,6884.0081,16183.59,-5.9632098076,0.211086,0.462947,16.3737,0.8936,-0.134,0.055745,0.711759,-4.355016,182,0.648018,2065.9902,0.107557,0
771,32.896,7480.41,6974.0658,16417.97,-5.6938181381,0.253376,0.484461,20.1696,0.8607,-0.3056,0.052457,0.699098,-4.674175,161,0.620349,1874.9366,0.108534,0
772,32.9387,7618.71,6927.2336,16476.56,-5.2176053032,0.221519,0.528144,28.5493,0.8164,-0.408,0.046208,0.649824,-5.953121,164,0.600826,1975.0878,0.109877,0
773,32.9813,7619.97,6912.9448,16335.94,-5.679165488,0.215986,0.478107,18.8189,0.8655,-0.2378,0.053412,0.702524,-3.107259,199,0.614984,2142.5356,0.104749,0
774,33.024,7377.73,6881.9366,16136.72,-5.5547801317,0.32549,0.4898,23.1187,0.8923,-0.2152,0.051664,0.679791,-1.775697,165,0.63185,2046.9562,0.10951,0
775,33.0667,7562.61,6903.2832,16417.97,-5.6314109115,0.204753,0.489007,21.4613,0.8706,-0.2374,0.051781,0.697189,-3.201218,159,0.614608,1962.3417,0.117324,0
776,33.1093,7555.17,6910.3782,16382.81,-6.0604740346,0.364472,0.458988,16.9239,0.8994,-0.1448,0.056366,0.709967,-4.584006,161,0.614682,2032.3071,0.120742,0
777,33.152,7824.57,6915.6902,16582.03,-5.7057220656,0.357381,0.480868,19.2162,0.8157,-0.3136,0.052996,0.715263,-2.547677,196,0.628703,2103.2213,0.117202,0
778,33.1947,7469.73,6885.28,16195.31,-5.9809197979,0.388947,0.461676,18.1755,0.8867,-0.1587,0.055944,0.691022,-4.46174,145,0.61062,1981.5255,0.105482,0
779,33.2373,7403.66,6948.6818,16324.22,-5.4684534973,0.224939,0.505636,24.0931,0.8825,-0.2804,0.04936,0.677559,-4.628317,138,0.640642,1872.065,0.103772,0
780,33.28,7477.87,6921.1968,16171.88,-6.0009379658,0.296661,0.465107,17.6762,0.8916,-0.1764,0.055408,0.699038,-10.06107,154,0.599649,2039.6188,0.113051,0
781,33.3227,7653.45,6975.2689,16546.88,-5.9581886784,0.217577,0.466036,17.0981,0.8416,-0.2751,0.055263,0.698099,-3.305761,164,0.625519,1941.512,0.116836,0
782,33.3653,7735.18,6925.1557,16546.88,-5.5707743231,0.283893,0.499237,21.6977,0.8257,-0.3455,0.050282,0.701658,-2.360492,149,0.603886,1993.6634,0.11415,0
783,33.408,7320.26,6858.4536,16218.75,-5.8114152814,0.261204,0.474743,19.9071,0.9286,-0.1464,0.053924,0.696084,-3.252545,157,0.647779,1930.5135,0.111464,0
784,33.4507,7612.98,6976.1122,16476.56,-5.6492962405,0.29592,0.47796,19.6797,0.8493,-0.2878,0.053435,0.688768,-8.973757,164,0.644446,2073.8383,0.109266,0
785,33.4933,7438.05,7006.3366,16593.75,-5.2553262741,0.334172,0.503024,26.3089,0.8599,-0.3697,0.049735,0.652501,-6.88306,124,0.663942,1867.0677,0.105604,0
786,33.536,7261.21,6877.4413,15925.78,-5.4135704549,0.286368,0.505505,27.5915,0.8713,-0.2894,0.049379,0.639001,-10.094195,111,0.617513,1543.3357,0.062263,0
787,33.5787,7253.06,6864.4226,15644.53,-7.1630038594,0.231914,0.38738,11.7854,0.9896,0.1305,0.068644,0.732895,0.0,0,0.924903,288.215,0.010743,0
788,33.6213,0.0,0.0,0.0,0.0,0.0,0.0,0.0,0.0,0.0,0.0,0.0,0.0,0,0.0,0.0,0.0,1
789,33.664,0.0,0.0,0.0,0.0,0.0,0.0,0.0,0.0,0.0,0.0,0.0,0.0,0,0.0,0.0,0.0,1
790,33.7067,0.0,0.0,0.0,0.0,0.0,0.0,0.0,0.0,0.0,0.0,0.0,0.0,0,0.0,0.0,0.0,1
791,33.7493,0.0,0.0,0.0,0.0,0.0,0.0,0.0,0.0,0.0,0.0,0.0,0.0,0,0.0,0.0,0.0,1
792,33.792,0.0,0.0,0.0,0.0,0.0,0.0,0.0,0.0,0.0,0.0,0.0,0.0,0,0.0,0.0,0.0,1
793,33.8347,0.0,0.0,0.0,0.0,0.0,0.0,0.0,0.0,0.0,0.0,0.0,0.0,0,0.0,0.0,0.0,1
794,33.8773,0.0,0.0,0.0,0.0,0.0,0.0,0.0,0.0,0.0,0.0,0.0,0.0,0,0.0,0.0,0.0,1
795,33.92,0.0,0.0,0.0,0.0,0.0,0.0,0.0,0.0,0.0,0.0,0.0,0.0,0,0.0,0.0,0.0,1
796,33.9627,0.0,0.0,0.0,0.0,0.0,0.0,0.0,0.0,0.0,0.0,0.0,0.0,0,0.0,0.0,0.0,1
797,34.0053,0.0,0.0,0.0,0.0,0.0,0.0,0.0,0.0,0.0,0.0,0.0,0.0,0,0.0,0.0,0.0,1
798,34.048,0.0,0.0,0.0,0.0,0.0,0.0,0.0,0.0,0.0,0.0,0.0,0.0,0,0.0,0.0,0.0,1
799,34.0907,0.0,0.0,0.0,0.0,0.0,0.0,0.0,0.0,0.0,0.0,0.0,0.0,0,0.0,0.0,0.0,1
800,34.1333,0.0,0.0,0.0,0.0,0.0,0.0,0.0,0.0,0.0,0.0,0.0,0.0,0,0.0,0.0,0.0,1
801,34.176,0.0,0.0,0.0,0.0,0.0,0.0,0.0,0.0,0.0,0.0,0.0,0.0,0,0.0,0.0,0.0,1
802,34.2187,0.0,0.0,0.0,0.0,0.0,0.0,0.0,0.0,0.0,0.0,0.0,0.0,0,0.0,0.0,0.0,1
803,34.2613,0.0,0.0,0.0,0.0,0.0,0.0,0.0,0.0,0.0,0.0,0.0,0.0,0,0.0,0.0,0.0,1
804,34.304,0.0,0.0,0.0,0.0,0.0,0.0,0.0,0.0,0.0,0.0,0.0,0.0,0,0.0,0.0,0.0,1
805,34.3467,0.0,0.0,0.0,0.0,0.0,0.0,0.0,0.0,0.0,0.0,0.0,0.0,0,0.0,0.0,0.0,1
806,34.3893,0.0,0.0,0.0,0.0,0.0,0.0,0.0,0.0,0.0,0.0,0.0,0.0,0,0.0,0.0,0.0,1
807,34.432,0.0,0.0,0.0,0.0,0.0,0.0,0.0,0.0,0.0,0.0,0.0,0.0,0,0.0,0.0,0.0,1
808,34.4747,0.0,0.0,0.0,0.0,0.0,0.0,0.0,0.0,0.0,0.0,0.0,0.0,0,0.0,0.0,0.0,1
809,34.5173,0.0,0.0,0.0,0.0,0.0,0.0,0.0,0.0,0.0,0.0,0.0,0.0,0,0.0,0.0,0.0,1
810,34.56,0.0,0.0,0.0,0.0,0.0,0.0,0.0,0.0,0.0,0.0,0.0,0.0,0,0.0,0.0,0.0,1
811,34.6027,0.0,0.0,0.0,0.0,0.0,0.0,0.0,0.0,0.0,0.0,0.0,0.0,0,0.0,0.0,0.0,1
812,34.6453,0.0,0.0,0.0,0.0,0.0,0.0,0.0,0.0,0.0,0.0,0.0,0.0,0,0.0,0.0,0.0,1
813,34.688,0.0,0.0,0.0,0.0,0.0,0.0,0.0,0.0,0.0,0.0,0.0,0.0,0,0.0,0.0,0.0,1
814,34.7307,0.0,0.0,0.0,0.0,0.0,0.0,0.0,0.0,0.0,0.0,0.0,0.0,0,0.0,0.0,0.0,1
815,34.7733,0.0,0.0,0.0,0.0,0.0,0.0,0.0,0.0,0.0,0.0,0.0,0.0,0,0.0,0.0,0.0,1
816,34.816,0.0,0.0,0.0,0.0,0.0,0.0,0.0,0.0,0.0,0.0,0.0,0.0,0,0.0,0.0,0.0,1
817,34.8587,0.0,0.0,0.0,0.0,0.0,0.0,0.0,0.0,0.0,0.0,0.0,0.0,0,0.0,0.0,0.0,1
818,34.9013,0.0,0.0,0.0,0.0,0.0,0.0,0.0,0.0,0.0,0.0,0.0,0.0,0,0.0,0.0,0.0,1
819,34.944,0.0,0.0,0.0,0.0,0.0,0.0,0.0,0.0,0.0,0.0,0.0,0.0,0,0.0,0.0,0.0,1
820,34.9867,0.0,0.0,0.0,0.0,0.0,0.0,0.0,0.0,0.0,0.0,0.0,0.0,0,0.0,0.0,0.0,1
821,35.0293,0.0,0.0,0.0,0.0,0.0,0.0,0.0,0.0,0.0,0.0,0.0,0.0,0,0.0,0.0,0.0,1
822,35.072,0.0,0.0,0.0,0.0,0.0,0.0,0.0,0.0,0.0,0.0,0.0,0.0,0,0.0,0.0,0.0,1
823,35.1147,0.0,0.0,0.0,0.0,0.0,0.0,0.0,0.0,0.0,0.0,0.0,0.0,0,0.0,0.0,0.0,1
