frame,time,centroid,spread,rolloff,slope,obsir_std,flatness,crest,skewness,kurtosis,tonality,entropy,tpr,n_peaks,flux,irregularity,zcr,gated
0,0.0,8092.3,7289.6709,17355.47,-5.8451590831,0.303617,0.469124,23.4071,0.8582,-0.1426,0.054785,0.693057,-6.247912,152,0.0,2350.1239,0.117202,0
1,0.0427,8293.34,7405.3629,17425.78,-6.1021349924,0.241509,0.44995,20.8685,0.7955,-0.2513,0.057806,0.711356,-4.637992,157,0.617178,2554.3518,0.120986,0
2,0.0853,8077.62,7401.6712,17414.06,-6.5687732709,0.287037,0.410629,18.7918,0.9094,0.0116,0.064425,0.715809,-3.430587,151,0.637227,2687.5142,0.119644,0
3,0.128,8022.55,7317.8252,17332.03,-5.7689601545,0.257206,0.473306,23.5742,0.8527,-0.204,0.054143,0.695123,-2.063206,170,0.648661,2420.7822,0.122696,0
4,0.1707,7936.64,7365.8207,17296.88,-6.1984878363,0.341819,0.442023,20.7175,0.8781,-0.1356,0.059092,0.699903,-7.233411,140,0.611556,2433.0861,0.117934,0
5,0.2133,7915.27,7335.5509,17343.75,-5.6621772898,0.331645,0.470539,25.3527,0.866,-0.2212,0.054567,0.687865,-2.493386,161,0.639545,2363.5863,0.109022,0
6,0.256,7776.76,7234.8431,16957.03,-6.1003627833,0.358143,0.447365,21.5254,0.896,-0.1346,0.058223,0.700313,-4.251798,146,0.644431,2481.5424,0.115371,0
7,0.2987,7720.82,7175.284,16863.28,-5.4999509425,0.2195,0.492417,26.7205,0.8847,-0.204,0.051278,0.671662,-5.759827,170,0.67079,2137.2219,0.114394,0
8,0.3413,7986.94,7211.3773,16992.19,-5.9796821538,0.239979,0.457562,21.793,0.9117,-0.0035,0.056592,0.71194,-2.814304,164,0.640424,2518.5684,0.114394,0
9,0.384,7996.95,7290.4371,17085.94,-6.8480680001,0.31364,0.392459,16.4069,0.9476,0.1814,0.067701,0.728002,-4.93627,163,0.633128,2660.0478,0.12062,0
10,0.4267,8128.07,7381.4284,17449.22,-6.4033549149,0.346335,0.417891,17.9712,0.8506,-0.117,0.063156,0.694243,-6.356818,128,0.648046,2581.495,0.118423,0
11,0.4693,8123.5,7380.8586,17320.31,-6.214471222,0.421158,0.434708,20.1964,0.8628,-0.1178,0.0603,0.713646,-6.143248,157,0.636418,2713.1427,0.118911,0
12,0.512,8177.23,7262.4909,17214.84,-6.6759857062,0.356936,0.403233,16.4876,0.8852,0.0091,0.065741,0.734614,-4.443583,146,0.627136,2622.1424,0.125382,0
13,0.5547,8041.16,7207.798,17085.94,-6.3093642525,0.355935,0.435215,20.0346,0.9182,0.0406,0.060216,0.72495,-2.792858,153,0.651622,2577.5522,0.124161,0
14,0.5973,7953.56,7216.6208,17121.09,-6.04849197,0.312845,0.454556,21.934,0.8833,-0.1173,0.057069,0.717823,-3.414525,146,0.655664,2536.3005,0.118667,0
15,0.64,8150.36,7353.2508,17460.94,-6.8279773855,0.256014,0.398951,16.5709,0.9118,0.0598,0.066513,0.72973,-4.155539,146,0.627615,2831.1444,0.114394,0
16,0.6827,7732.51,7299.8146,17179.69,-5.3001215692,0.344716,0.49935,30.3623,0.8504,-0.362,0.050266,0.648956,-1.40652,150,0.656698,2199.7487,0.119644,0
17,0.7253,8392.38,7395.1609,17625.0,-6.6765780589,0.238705,0.406407,16.994,0.8383,-0.0953,0.065173,0.735023,-4.650923,146,0.665334,2711.8553,0.126358,0
18,0.768,8116.36,7306.2883,17250.0,-6.425705691,0.20191,0.430703,18.7761,0.8699,-0.0616,0.06097,0.732024,-5.128851,142,0.61638,2701.5566,0.121109,0
19,0.8107,7886.13,7372.3003,17203.12,-6.8430570379,0.337099,0.394071,17.5421,0.921,0.0413,0.067404,0.708518,-3.339005,150,0.648148,2716.0368,0.115737,0
20,0.8533,8254.02,7467.3377,17484.38,-7.0029515817,0.270249,0.380281,14.3179,0.8858,-0.0005,0.069983,0.737808,-3.178197,170,0.656716,2809.1361,0.119644,0
21,0.896,8128.16,7396.9144,17484.38,-6.25460911,0.350207,0.438906,20.7929,0.8657,-0.1405,0.059605,0.713462,-3.826953,135,0.642399,2678.3245,0.122207,0
22,0.9387,8097.86,7317.1736,17355.47,-6.0510028689,0.355985,0.449531,19.9608,0.8502,-0.1589,0.057873,0.693578,-2.458746,171,0.65436,2539.8796,0.119399,0
23,0.9813,8084.11,7351.8681,17332.03,-6.4258330531,0.301988,0.423863,19.0971,0.8728,-0.0611,0.062129,0.705828,-7.359594,141,0.658258,2523.098,0.115493,0
24,1.024,7934.1,7344.6281,17179.69,-6.2044823852,0.400992,0.444084,20.5386,0.869,-0.1712,0.058756,0.696816,-4.321677,154,0.626313,2392.9075,0.118667,0
25,1.0667,8236.57,7360.6913,17367.19,-6.205246213,0.34449,0.43818,20.5481,0.8273,-0.2028,0.059725,0.715572,-2.172145,162,0.649173,2748.3515,0.122696,0
26,1.1093,8049.82,7339.13,17203.12,-7.1338218866,0.288303,0.378312,15.4116,0.901,0.0641,0.070358,0.728659,-5.595795,146,0.660493,2831.6489,0.11708,0
27,1.152,8002.86,7301.5591,17214.84,-5.4403847867,0.404681,0.497367,26.0097,0.8032,-0.384,0.050554,0.673028,-0.595468,155,0.637477,2372.0091,0.111952,0
28,1.1947,7912.73,7377.4171,17179.69,-6.2472266225,0.316884,0.439054,20.7906,0.8879,-0.0906,0.05958,0.698957,-1.71349,150,0.634103,2557.1862,0.118178,0
29,1.2373,8033.05,7368.5051,17261.72,-6.6567353127,0.23142,0.410651,17.2725,0.8872,-0.0414,0.064421,0.718926,-4.700608,140,0.647348,2577.9243,0.115493,0
30,1.28,7681.67,7264.9606,16816.41,-6.4016853969,0.235477,0.427734,19.7611,0.9539,0.0781,0.061471,0.701932,-7.600941,157,0.641978,2583.6544,0.110487,0
31,1.3227,8120.6,7438.4086,17542.97,-6.2473922374,0.296166,0.435667,19.3892,0.8371,-0.2167,0.060141,0.70838,-2.845062,145,0.648568,2606.294,0.116591,0
32,1.3653,8018.26,7406.5339,17343.75,-6.8857567766,0.314228,0.386485,15.7234,0.9258,0.0513,0.068811,0.730865,-6.151541,145,0.645773,2678.8351,0.115371,0
33,1.408,8023.29,7321.2316,17355.47,-5.4375312038,0.22357,0.500358,28.6683,0.8243,-0.3241,0.05012,0.673022,-2.584252,154,0.627191,2279.2425,0.115371,0
34,1.4507,7949.61,7338.0497,17191.41,-6.6476459049,0.284298,0.410938,18.2908,0.8973,-0.0002,0.064371,0.713189,-7.409565,148,0.634373,2636.4196,0.123062,0
35,1.4933,8304.61,7449.5887,17414.06,-6.8515808072,0.2931,0.396615,15.665,0.8425,-0.0778,0.066938,0.729347,-3.001109,152,0.624963,2551.4184,0.129166,0
36,1.536,8287.18,7314.2655,17296.88,-6.4542484618,0.287408,0.42604,19.5182,0.8294,-0.1305,0.061758,0.736935,-3.838721,148,0.620423,2668.2578,0.125504,0
37,1.5787,7860.27,7304.9992,17238.28,-5.8039730917,0.26448,0.466607,25.086,0.8832,-0.1666,0.055175,0.684217,-1.029088,170,0.632867,2443.9881,0.115981,0
38,1.6213,7728.97,7244.8585,17121.09,-5.295742075,0.297285,0.505274,30.4421,0.8551,-0.3454,0.049412,0.645124,-6.50886,164,0.643349,2264.1319,0.116469,0
39,1.664,7921.0,7432.1686,17390.62,-6.0582039317,0.297884,0.445946,22.4367,0.8681,-0.1984,0.058453,0.682738,-5.370075,157,0.64158,2649.7807,0.114882,0
40,1.7067,7844.04,7182.5966,17085.94,-5.3880427907,0.385434,0.503284,28.118,0.8588,-0.2961,0.049698,0.68233,-3.233802,152,0.620758,2263.8065,0.114028,0
41,1.7493,7966.42,7312.0079,17179.69,-6.2757954332,0.306522,0.434673,19.7402,0.8839,-0.1159,0.060306,0.715338,-4.567853,153,0.65206,2592.0938,0.116103,0
42,1.792,8038.65,7297.8421,16968.75,-6.5127120082,0.270951,0.421257,19.2083,0.8901,0.0464,0.062576,0.703598,-3.668918,174,0.630932,2654.9404,0.113417,0
43,1.8347,7895.57,7236.4403,17191.41,-5.9251647845,0.319136,0.459318,23.882,0.8918,-0.1003,0.056314,0.686672,-1.498721,169,0.635409,2555.2724,0.122696,0
44,1.8773,8266.04,7385.3476,17507.81,-6.4910370818,0.325513,0.419649,17.9717,0.8608,-0.0961,0.062852,0.726412,-5.216415,121,0.647808,2591.7356,0.130143,0
45,1.92,8285.83,7402.93,17554.69,-7.189052281,0.308655,0.368628,14.0844,0.8609,-0.021,0.072235,0.740327,-9.570709,134,0.640368,2635.3336,0.125992,0
46,1.9627,8127.19,7378.5029,17343.75,-6.7306764389,0.366001,0.402977,16.4468,0.9031,0.0011,0.065787,0.734013,-7.962094,146,0.636208,2757.8128,0.124649,0
47,2.0053,8135.05,7305.6566,17238.28,-5.6529929919,0.243613,0.487401,23.7874,0.8274,-0.2679,0.052019,0.708905,-8.473516,131,0.604302,2391.2232,0.126602,0
48,2.048,8371.31,7397.9917,17496.09,-6.9654791435,0.27629,0.38638,14.4972,0.8408,-0.0931,0.068831,0.748429,-6.709953,148,0.638483,2727.1373,0.128678,0
49,2.0907,8080.99,7342.4634,17261.72,-6.6171289666,0.381229,0.410133,17.6575,0.9137,0.0311,0.064513,0.733488,-4.34641,160,0.625962,2693.9094,0.124161,0
50,2.1333,8175.72,7273.2175,17250.0,-6.5521645714,0.324237,0.4142,17.8252,0.9066,0.0708,0.063798,0.732616,-5.815803,156,0.649119,2666.1615,0.124039,0
51,2.176,7953.95,7351.5987,17167.97,-6.0713864409,0.347694,0.451078,21.1027,0.8708,-0.1893,0.057625,0.697992,-3.764951,147,0.641555,2453.516,0.12294,0
52,2.2187,8101.51,7357.7491,17273.44,-6.9076241441,0.309517,0.392313,15.5256,0.917,0.0971,0.067728,0.732871,-7.786107,157,0.621592,2716.474,0.125137,0
53,2.2613,8349.42,7406.0829,17484.38,-6.8216037113,0.313399,0.397519,15.7933,0.8249,-0.1407,0.066774,0.743494,-4.519194,151,0.619197,2696.4894,0.13112,0
54,2.304,8231.76,7370.2446,17367.19,-6.3587342496,0.265376,0.427117,18.5163,0.8579,-0.1008,0.061576,0.716008,-4.081216,157,0.62101,2778.3763,0.12587,0
55,2.3467,7837.05,7231.6096,17109.38,-5.1269838865,0.292674,0.523534,32.6579,0.8455,-0.3466,0.046842,0.659318,-2.155547,154,0.64765,2233.3497,0.115981,0
56,2.3893,8056.22,7308.2565,17378.91,-5.8028465143,0.23104,0.467854,24.1373,0.8633,-0.1865,0.054982,0.708456,-3.785766,163,0.619713,2531.2722,0.119033,0
57,2.432,7985.89,7299.4436,17273.44,-5.6610416018,0.278693,0.471864,23.9736,0.8359,-0.3031,0.054364,0.694766,-7.478187,146,0.626499,2400.9714,0.125626,0
58,2.4747,8095.71,7315.3292,17296.88,-5.8813910774,0.331655,0.457441,23.1614,0.8561,-0.1417,0.056611,0.691822,-4.446911,138,0.677361,2579.5041,0.116591,0
59,2.5173,7866.47,7377.555,17238.28,-5.8116415422,0.358571,0.460328,23.938,0.849,-0.2368,0.056155,0.665388,-3.151661,191,0.6541,2568.596,0.110975,0
60,2.56,8118.58,7350.8676,17320.31,-6.2284472978,0.244614,0.446837,19.8333,0.86,-0.1281,0.058309,0.717756,-3.602856,184,0.646902,2622.7074,0.124283,0
61,2.6027,8367.99,7445.0861,17707.03,-6.4140831209,0.190914,0.431455,18.8841,0.8349,-0.1569,0.060844,0.731519,-3.450476,148,0.623641,2618.2373,0.130875,0
62,2.6453,8017.15,7336.1267,17261.72,-6.3658232302,0.235533,0.429,19.7376,0.879,-0.0662,0.061257,0.702369,-5.311649,140,0.625604,2606.9196,0.118667,0
63,2.688,7858.27,7373.904,17121.09,-7.004903208,0.283316,0.385664,15.7973,0.9187,0.0143,0.068965,0.717287,-4.79175,172,0.629941,2760.0391,0.119033,0
64,2.7307,7982.3,7371.4951,17144.53,-6.7792836199,0.355036,0.400588,16.8161,0.9019,0.0019,0.066217,0.712947,-3.826506,138,0.636275,2756.1817,0.121231,0
65,2.7733,8150.46,7365.3612,17449.22,-7.05267943,0.279041,0.377164,14.8262,0.9016,0.0431,0.070578,0.729686,-4.616441,171,0.651793,2856.0285,0.115493,0
66,2.816,7948.37,7237.6272,17191.41,-5.4738202959,0.281205,0.488631,29.0839,0.832,-0.281,0.051837,0.677309,-1.453204,151,0.68376,2372.9442,0.115859,0
67,2.8587,7988.43,7355.505,17214.84,-6.714812815,0.295825,0.407087,17.6381,0.9051,0.0088,0.065052,0.723235,-7.582166,162,0.646974,2675.7948,0.120132,0
68,2.9013,8003.3,7387.6519,17121.09,-6.5385561461,0.294548,0.414993,18.343,0.9032,0.0187,0.06366,0.712004,-7.818852,136,0.600681,2673.9028,0.129166,0
69,2.944,8265.0,7399.9684,17425.78,-7.1491994661,0.374585,0.371238,13.5585,0.8926,0.0408,0.071725,0.748283,-6.840378,166,0.63724,2614.6335,0.132707,0
70,2.9867,8006.81,7386.0055,17402.34,-6.5359745609,0.341049,0.416727,17.7576,0.9183,-0.0089,0.063358,0.716018,-2.60722,179,0.650193,2712.7259,0.126114,0
71,3.0293,8098.36,7319.177,17355.47,-6.5336836309,0.347354,0.419584,18.2361,0.8778,-0.0685,0.062863,0.722452,-6.445238,157,0.618599,2612.5261,0.122207,0
72,3.072,7919.85,7268.3542,17167.97,-5.7908978011,0.295464,0.45838,24.2207,0.8722,-0.1675,0.056462,0.689026,-1.253835,158,0.646518,2518.6991,0.120132,0
73,3.1147,7950.5,7319.6763,17074.22,-5.9899176231,0.397479,0.453525,23.5072,0.8716,-0.1358,0.057233,0.692552,-2.617259,158,0.642658,2596.5493,0.115981,0
74,3.1573,8093.44,7374.1585,17250.0,-6.5853989439,0.356772,0.413237,17.4508,0.8767,-0.0696,0.063967,0.713983,-5.436148,168,0.645228,2712.784,0.118178,0
75,3.2,8049.38,7381.536,17367.19,-6.192033346,0.334625,0.434172,20.932,0.8628,-0.1428,0.06039,0.704625,-5.963574,144,0.619843,2562.9019,0.11708,0
76,3.2427,8017.9,7392.2136,17355.47,-5.8656415128,0.315958,0.462624,22.2284,0.8396,-0.2867,0.055795,0.702248,-2.54787,140,0.625724,2455.6361,0.115737,0
77,3.2853,7911.21,7294.5164,17167.97,-6.4620553123,0.512845,0.418168,18.2316,0.9042,-0.0504,0.063108,0.702774,-1.139844,153,0.647252,2686.0551,0.122207,0
78,3.328,8077.1,7339.9602,17414.06,-5.9149683123,0.417672,0.456309,22.7587,0.8839,-0.119,0.05679,0.700625,-5.141616,149,0.655792,2444.806,0.122574,0
79,3.3707,8268.6,7376.3219,17554.69,-6.1402172917,0.342461,0.447298,20.0779,0.8304,-0.1895,0.058234,0.726482,-3.324929,161,0.63729,2526.7476,0.124649,0
80,3.4133,8254.31,7361.5382,17167.97,-6.532307977,0.292781,0.423882,17.7713,0.8645,-0.0376,0.062126,0.7391,-2.86777,166,0.624717,2603.0504,0.126724,0
81,3.456,8116.88,7318.176,17542.97,-5.2812365546,0.248657,0.509252,29.9464,0.826,-0.3481,0.048845,0.690736,-1.519925,157,0.622585,2358.4474,0.115493,0
82,3.4987,7817.0,7374.312,17238.28,-5.7988445461,0.237021,0.468883,24.1511,0.8676,-0.2219,0.054823,0.675384,-2.699269,154,0.637968,2507.5639,0.110121,0
83,3.5413,8197.78,7409.0448,17402.34,-7.1474424167,0.304661,0.375203,14.3618,0.8784,0.002,0.070956,0.729262,-7.30124,155,0.639998,2677.5003,0.115493,0
84,3.584,7767.74,7298.8215,17039.06,-5.5887405507,0.251591,0.476895,25.5033,0.8793,-0.2414,0.053596,0.673091,-0.728523,163,0.644859,2390.6824,0.112074,0
85,3.6267,7936.24,7296.5117,17015.62,-6.2745969187,0.297554,0.437248,21.1541,0.9062,-0.0197,0.059879,0.707005,-5.194787,157,0.669986,2673.212,0.107313,0
86,3.6693,7792.22,7323.6271,17121.09,-5.5959327481,0.384991,0.483547,27.3985,0.8801,-0.224,0.052594,0.664505,-2.025134,163,0.643605,2273.6132,0.113539,0
87,3.712,8028.02,7369.6287,17320.31,-6.0369649799,0.40901,0.447311,21.4209,0.8609,-0.1733,0.058232,0.693484,-4.064693,169,0.620097,2701.2261,0.114394,0
88,3.7547,7973.38,7299.7458,17156.25,-5.9762950569,0.328743,0.458119,22.1795,0.8617,-0.1538,0.056504,0.700049,-3.716727,158,0.613771,2416.4259,0.116103,0
89,3.7973,7875.64,7327.0687,17191.41,-5.7150220455,0.374663,0.475597,24.0071,0.8756,-0.2121,0.053794,0.686676,-3.980597,143,0.665563,2414.3818,0.125626,0
90,3.84,8250.48,7331.3811,17273.44,-6.9976062951,0.290723,0.390529,14.8248,0.8983,0.0854,0.068058,0.738487,-3.561271,153,0.66109,2715.6848,0.126114,0
91,3.8827,8091.21,7404.4416,17519.53,-6.6416321096,0.324042,0.413586,17.2093,0.8701,-0.1125,0.063906,0.722197,-6.54659,146,0.649419,2650.4482,0.121719,0
92,3.9253,7837.49,7222.4402,17027.34,-5.7970932673,0.392964,0.476251,22.8148,0.8868,-0.1785,0.053694,0.707388,-4.26408,144,0.63564,2456.0974,0.118667,0
93,3.968,8357.22,7418.5292,17460.94,-6.4706196336,0.321536,0.424017,18.4365,0.8151,-0.1889,0.062103,0.721511,-7.107279,144,0.616807,2518.7009,0.128067,0
94,4.0107,8064.77,7392.4948,17367.19,-6.3402730453,0.317085,0.428691,18.3472,0.8572,-0.137,0.061309,0.702403,-5.593316,152,0.633025,2603.6423,0.126602,0
95,4.0533,8113.81,7383.6847,17507.81,-6.0139642125,0.297745,0.457256,22.06,0.8354,-0.2357,0.05664,0.707415,-8.69119,154,0.617861,2462.497,0.121841,0
96,4.096,8251.85,7409.0562,17472.66,-6.98151437,0.322746,0.380604,15.3093,0.8841,0.0552,0.069921,0.721847,-3.312188,179,0.640125,2786.3198,0.122696,0
97,4.1387,8043.74,7321.7958,17414.06,-5.5235542972,0.233317,0.488124,26.5038,0.8473,-0.2148,0.051912,0.681898,-1.006444,168,0.650648,2522.4041,0.119033,0
98,4.1813,7955.96,7330.6541,17261.72,-6.173752523,0.297436,0.441923,20.8494,0.885,-0.1239,0.059109,0.704774,-6.162833,157,0.641506,2585.7614,0.122329,0
99,4.224,8193.65,7374.2544,17472.66,-6.842273901,0.250328,0.393389,16.189,0.8815,-0.0078,0.06753,0.72914,-5.62922,157,0.639716,2747.3029,0.131852,0
100,4.2667,8112.39,7380.4093,17332.03,-6.5718637738,0.335568,0.414541,17.922,0.8779,-0.0433,0.063739,0.72506,-6.314524,148,0.62328,2648.7408,0.128434,0
101,4.3093,7873.42,7330.2093,17085.94,-6.5446519266,0.304979,0.42047,18.652,0.8972,-0.0545,0.062711,0.718576,-8.666353,154,0.63545,2596.9572,0.120254,0
102,4.352,8235.53,7334.5112,17320.31,-6.6174065268,0.275273,0.414165,18.051,0.8587,-0.0581,0.063804,0.733049,-7.732092,154,0.657609,2622.098,0.119277,0
103,4.3947,8014.09,7359.4055,17285.16,-6.424837109,0.28028,0.426721,20.4464,0.8897,-0.04,0.061643,0.701746,-3.981511,163,0.620763,2609.0062,0.123184,0
104,4.4373,8036.73,7389.2988,17285.16,-6.6449294439,0.36934,0.407568,16.9517,0.8821,-0.0856,0.064967,0.719172,-8.577794,145,0.643017,2566.5577,0.127091,0
105,4.48,8126.16,7447.8068,17449.22,-6.885438303,0.21683,0.394682,16.3126,0.8738,-0.0644,0.067292,0.723935,-3.993932,174,0.648256,2808.3927,0.123184,0
106,4.5227,7962.78,7340.2909,17273.44,-6.7884767362,0.276939,0.401662,16.4012,0.9093,0.0015,0.066023,0.719933,-4.217139,148,0.656104,2619.6493,0.128189,0
107,4.5653,8173.96,7309.1354,17226.56,-6.2095117845,0.239496,0.441154,20.5974,0.8513,-0.0768,0.059235,0.721034,-2.641891,171,0.650098,2631.0947,0.132585,0
108,4.608,8026.03,7364.8857,17320.31,-5.6605244384,0.250062,0.484621,25.4942,0.8462,-0.2555,0.052433,0.684479,-6.367668,164,0.618818,2436.2956,0.119277,0
109,4.6507,7933.27,7347.8343,17027.34,-6.290661675,0.239193,0.435696,19.1636,0.8749,-0.112,0.060136,0.699409,-6.616056,148,0.633608,2650.0599,0.114394,0
110,4.6933,8191.65,7326.213,17285.16,-5.9051187959,0.311756,0.45751,23.0524,0.8346,-0.1569,0.0566,0.701791,-3.411941,159,0.640383,2486.3435,0.125259,0
111,4.736,8217.24,7439.1546,17531.25,-6.9144652811,0.29296,0.386292,15.9993,0.8693,-0.0629,0.068847,0.717819,-4.881274,154,0.629799,2660.8799,0.127213,0
112,4.7787,8088.84,7271.67,17320.31,-5.0675012939,0.319485,0.515962,31.048,0.7896,-0.424,0.047897,0.663714,-1.768338,158,0.631545,2290.9372,0.116836,0
113,4.8213,7969.3,7266.8624,17226.56,-5.3176806921,0.232938,0.508799,28.1094,0.8437,-0.3081,0.048909,0.680187,-1.140929,171,0.68035,2312.9668,0.11183,0
114,4.864,7812.88,7341.3136,17015.62,-6.8173229716,0.320715,0.396974,15.7339,0.9409,0.0956,0.066873,0.706747,-5.441642,166,0.679093,2595.1723,0.118178,0
115,4.9067,8196.18,7340.2994,17144.53,-6.6570718837,0.218662,0.410395,18.3508,0.8825,0.0222,0.064466,0.72392,-5.496645,147,0.621995,2674.805,0.121475,0
116,4.9493,8034.63,7405.0691,17296.88,-6.4139360724,0.26632,0.42028,19.1217,0.8869,-0.0593,0.062743,0.69646,-1.633113,163,0.639913,2752.0185,0.12062,0
117,4.992,8112.4,7323.3899,17472.66,-5.7764409386,0.399043,0.471744,23.4423,0.8336,-0.2753,0.054382,0.704632,-3.104048,155,0.636333,2448.4612,0.118789,0
118,5.0347,7934.14,7325.6417,17238.28,-6.2892824127,0.352862,0.438551,19.868,0.9066,-0.0133,0.059663,0.697593,-3.016646,157,0.625034,2638.841,0.115737,0
119,5.0773,8197.21,7485.3796,17390.62,-6.9982337772,0.301309,0.386818,15.9073,0.8884,-0.0027,0.068749,0.729895,-6.138498,154,0.642486,2838.445,0.116836,0
120,5.12,8262.34,7365.6052,17554.69,-6.9287376451,0.369745,0.39205,15.7417,0.8703,-0.0352,0.067776,0.741544,-4.263855,164,0.630577,2778.3859,0.11476,0
121,5.1627,7712.76,7282.8247,16957.03,-6.163137123,0.287303,0.438236,22.0553,0.9306,-0.0111,0.059715,0.685456,-1.349398,148,0.667698,2464.9518,0.109999,0
122,5.2053,8060.57,7345.4459,17472.66,-5.6253142505,0.453659,0.48614,25.5052,0.8402,-0.2751,0.052206,0.69102,-2.930282,153,0.664821,2366.4504,0.115126,0
123,5.248,8130.97,7340.6176,17425.78,-5.5143705677,0.298614,0.489741,27.3609,0.8152,-0.3164,0.051672,0.69276,-6.531715,148,0.631667,2299.7792,0.118178,0
124,5.2907,8161.21,7360.7472,17238.28,-6.3644626816,0.305483,0.426252,19.3,0.8726,-0.0474,0.061722,0.711087,-4.699735,145,0.649726,2659.1639,0.120742,0
125,5.3333,7957.99,7290.8478,17121.09,-6.2148694475,0.336159,0.444175,20.7599,0.8843,-0.1137,0.058741,0.710154,-3.113767,147,0.632026,2563.2878,0.126114,0
126,5.376,8347.38,7434.7822,17625.0,-6.813217491,0.297037,0.397718,15.8146,0.8489,-0.0752,0.066737,0.73007,-5.396678,155,0.647315,2721.3584,0.128678,0
127,5.4187,8213.51,7430.9528,17589.84,-6.816300806,0.300315,0.400407,16.0477,0.8751,-0.0359,0.06625,0.727709,-5.908493,137,0.629418,2789.6426,0.126847,0
128,5.4613,7940.54,7298.9968,17179.69,-6.8890010481,0.316628,0.391982,16.1878,0.9016,0.011,0.067789,0.715168,-6.024899,163,0.642328,2589.3012,0.125015,0
129,5.504,8228.33,7370.3324,17507.81,-6.5975243311,0.319185,0.415789,18.3566,0.8545,-0.0734,0.063521,0.725073,-5.707277,141,0.640714,2513.8387,0.124527,0
130,5.5467,7960.83,7280.5858,17332.03,-5.7237733909,0.295564,0.474192,24.3183,0.8654,-0.2037,0.054008,0.678362,-6.228889,152,0.634905,2463.4051,0.118911,0
131,5.5893,8043.32,7355.5428,17273.44,-5.8640918323,0.418723,0.463081,24.3161,0.8522,-0.2029,0.055724,0.684894,-1.710819,172,0.638784,2445.3002,0.11708,0
132,5.632,8038.48,7320.5608,17062.5,-6.3869082059,0.314723,0.431348,19.4401,0.8623,-0.077,0.060862,0.707762,-2.098359,188,0.610675,2690.5782,0.11769,0
133,5.6747,7819.71,7302.8533,17062.5,-6.3985739306,0.313179,0.423266,19.7621,0.9372,0.0469,0.062231,0.708795,-4.293472,162,0.614608,2551.4842,0.115248,0
134,5.7173,8036.75,7444.8164,17390.62,-6.4414445034,0.3418,0.426336,18.4732,0.8598,-0.1704,0.061708,0.710006,-9.71342,152,0.633721,2708.9484,0.115371,0
135,5.76,8132.85,7407.4734,17437.5,-6.2384935148,0.465341,0.444873,20.7909,0.8853,-0.0699,0.058627,0.70927,-4.484131,151,0.617669,2462.1139,0.122207,0
136,5.8027,8276.22,7534.6584,17636.72,-7.3431380926,0.169721,0.361804,13.3879,0.8636,-0.0549,0.073588,0.732089,-6.907436,132,0.618016,2770.2273,0.123062,0
137,5.8453,8284.2,7422.1429,17542.97,-6.8158547552,0.259817,0.403606,16.1947,0.8668,-0.0409,0.065674,0.735059,-6.181717,163,0.605412,2685.7205,0.124039,0
138,5.888,7986.01,7274.8321,17285.16,-5.7549641499,0.275082,0.47812,25.0412,0.8523,-0.2164,0.053411,0.686394,-4.984836,157,0.624736,2401.8484,0.11769,0
139,5.9307,7987.63,7289.5678,17226.56,-4.9876578928,0.236654,0.535872,35.4755,0.7885,-0.4514,0.045157,0.63809,-1.492845,148,0.612561,2178.464,0.109633,0
140,5.9733,7817.15,7310.0179,17097.66,-6.3365717245,0.357849,0.430499,19.8218,0.9015,-0.0682,0.061005,0.687954,-4.389266,161,0.669286,2636.1761,0.114394,0
141,6.016,8050.89,7349.3014,17203.12,-7.2645417929,0.315765,0.371239,14.1756,0.9486,0.18,0.071724,0.740551,-4.534137,152,0.652134,2754.722,0.118911,0
142,6.0587,8068.75,7368.9107,17238.28,-6.8656191031,0.367137,0.391334,16.1699,0.8918,0.0127,0.067909,0.725828,-10.239819,141,0.646708,2775.2756,0.125382,0
143,6.1013,8032.62,7378.9139,17308.59,-6.3349862913,0.255723,0.443468,20.6615,0.8696,-0.0988,0.058856,0.718562,-5.976639,144,0.610203,2623.7866,0.126602,0
144,6.144,8195.82,7405.6177,17578.12,-6.4856324601,0.309422,0.41917,17.533,0.8753,-0.0931,0.062935,0.726965,-3.25376,152,0.635298,2641.3661,0.118667,0
145,6.1867,7784.25,7349.2723,17144.53,-6.1368210751,0.33877,0.442595,21.6421,0.8939,-0.1257,0.058999,0.683541,-4.85926,161,0.638936,2524.4006,0.116103,0
146,6.2293,8255.66,7411.3666,17601.56,-6.4874548346,0.382871,0.420628,18.8935,0.8477,-0.122,0.062684,0.715199,-6.287993,148,0.641854,2625.1872,0.122574,0
147,6.272,8197.04,7341.4866,17320.31,-6.524254669,0.286839,0.421969,18.8237,0.8715,-0.0577,0.062453,0.730731,-6.710586,181,0.632495,2741.1568,0.119644,0
148,6.3147,7760.94,7346.0731,17144.53,-5.6147790572,0.282351,0.470632,25.5088,0.8566,-0.2773,0.054553,0.656385,-6.177907,165,0.632861,2306.9658,0.10829,0
149,6.3573,7668.09,7276.1218,17015.62,-5.3675326716,0.328377,0.492323,30.2421,0.8802,-0.273,0.051292,0.655797,-3.762414,145,0.649562,2171.0353,0.109877,0
150,6.4,8000.06,7366.7524,17214.84,-6.5343683251,0.323004,0.416527,18.9278,0.8881,-0.0562,0.063393,0.72276,-6.435943,134,0.63366,2751.3378,0.12294,0
151,6.4427,7802.04,7228.9695,17039.06,-5.1964871659,0.350205,0.516177,32.4244,0.8472,-0.3496,0.047867,0.652698,-3.050923,144,0.639763,2187.6398,0.116225,0
152,6.4853,7905.82,7331.4604,17062.5,-6.5446181491,0.313874,0.412216,19.1929,0.8995,-0.0082,0.064146,0.693149,-7.174771,155,0.647,2608.1735,0.10658,0
153,6.528,7999.4,7342.9208,17378.91,-5.972929953,0.284516,0.456171,22.8483,0.8655,-0.19,0.056812,0.691735,-8.105894,145,0.679411,2498.3278,0.110975,0
154,6.5707,8052.2,7339.0858,17437.5,-5.5206903067,0.313829,0.492486,26.9179,0.8208,-0.3395,0.051268,0.684884,-3.55461,134,0.639194,2398.865,0.113417,0
155,6.6133,7904.71,7236.5361,17132.81,-5.6829048138,0.233274,0.485618,24.9516,0.8848,-0.1458,0.052284,0.688263,-6.734831,149,0.617513,2495.9625,0.117568,0
156,6.656,8033.17,7259.038,17179.69,-6.563212878,0.365191,0.411972,17.3507,0.9172,0.0834,0.064189,0.713999,-4.456754,158,0.642443,2668.8548,0.117324,0
157,6.6987,7910.98,7345.9692,17109.38,-7.2375191198,0.320843,0.370806,14.1622,0.937,0.0978,0.071809,0.7263,-7.739761,141,0.653234,2786.5381,0.115615,0
158,6.7413,7835.46,7360.2327,17285.16,-5.8327315569,0.346084,0.463279,23.7702,0.8803,-0.2077,0.055693,0.686307,-2.571681,162,0.668603,2454.0887,0.108656,0
159,6.784,7677.77,7202.3593,16839.84,-5.1391562656,0.330723,0.508914,31.7803,0.851,-0.3363,0.048893,0.623224,-6.256423,153,0.660246,2148.0227,0.107801,0
160,6.8267,8128.72,7379.4845,17273.44,-6.7682047731,0.344947,0.403211,16.1855,0.8998,0.008,0.065745,0.733987,-7.521995,118,0.672694,2562.5126,0.115737,0
161,6.8693,8001.23,7379.7772,17179.69,-6.7454084365,0.397038,0.399473,17.1673,0.9047,0.0295,0.066419,0.712708,-5.721049,152,0.635421,2834.0635,0.116836,0
162,6.912,7898.38,7252.8475,17109.38,-5.7475875388,0.341933,0.476626,24.8919,0.8721,-0.2042,0.053637,0.700635,-2.468915,143,0.647366,2517.6387,0.119155,0
163,6.9547,8277.1,7403.948,17425.78,-6.7296033859,0.382625,0.402247,17.4705,0.8699,0.0051,0.065918,0.722462,-1.993229,156,0.605698,2734.5062,0.123916,0
164,6.9973,8130.17,7432.2376,17402.34,-6.8356046729,0.306753,0.391318,16.0548,0.9,0.0302,0.067912,0.727982,-4.721512,141,0.585207,2714.0511,0.123062,0
165,7.04,7859.69,7244.7092,17109.38,-5.1007365076,0.291564,0.513313,31.6274,0.8506,-0.3115,0.04827,0.649516,-2.176715,161,0.634389,2168.4143,0.111464,0
166,7.0827,7824.76,7248.8813,17015.62,-6.1829404658,0.354267,0.445573,21.4972,0.9045,-0.0509,0.058513,0.695603,-5.08321,146,0.635665,2520.4873,0.110365,0
167,7.1253,7985.73,7358.2013,17285.16,-6.46719188,0.253679,0.428552,19.1779,0.8768,-0.0944,0.061333,0.712128,-5.997937,139,0.640593,2737.2575,0.116469,0
168,7.168,8191.96,7407.1425,17402.34,-7.1662951135,0.282327,0.368721,14.5236,0.8931,0.0177,0.072217,0.735206,-4.973956,151,0.615592,2808.9598,0.123916,0
169,7.2107,8202.47,7346.2994,17320.31,-6.9185452804,0.253793,0.394766,15.8378,0.8869,0.0244,0.067277,0.738618,-3.664797,144,0.609842,2679.395,0.125992,0
170,7.2533,8088.3,7441.525,17531.25,-6.9282180042,0.328255,0.393289,16.0293,0.899,-0.0286,0.067548,0.730702,-5.692503,144,0.603188,2677.3413,0.127945,0
171,7.296,8232.66,7337.7057,17449.22,-6.6394382759,0.450171,0.410085,16.5093,0.8722,-0.0536,0.064521,0.734093,-4.693046,179,0.625213,2654.6089,0.132951,0
172,7.3387,8034.64,7409.6876,17332.03,-6.2655417249,0.307954,0.437715,20.6961,0.8505,-0.1688,0.059801,0.68859,-3.333753,140,0.638721,2591.5312,0.120376,0
173,7.3813,7935.35,7365.4323,17097.66,-5.9618776175,0.202699,0.457382,22.1203,0.8539,-0.161,0.05662,0.676728,-4.523477,188,0.628596,2528.4217,0.118301,0
174,7.424,7988.93,7434.3693,17226.56,-6.7256668663,0.331609,0.40038,17.1846,0.8651,-0.0939,0.066255,0.694184,-7.811509,149,0.648615,2609.2586,0.120742,0
175,7.4667,7895.76,7395.6213,17273.44,-6.2903869724,0.332038,0.43153,19.7579,0.8736,-0.1472,0.060831,0.691907,-4.023686,159,0.637736,2541.8225,0.114394,0
176,7.5093,8057.22,7310.5811,17320.31,-6.0064726153,0.372365,0.454486,21.4107,0.8511,-0.173,0.05708,0.701714,-6.185912,164,0.659859,2484.8634,0.115737,0
177,7.552,7979.89,7278.4958,17214.84,-5.9941801517,0.29762,0.452303,22.0946,0.8783,-0.1314,0.057428,0.69924,-4.468367,150,0.651394,2463.4182,0.119644,0
178,7.5947,8173.79,7430.8283,17355.47,-7.1890750625,0.330082,0.373784,15.2103,0.8795,0.0137,0.07123,0.731974,-5.421256,131,0.649867,2739.8924,0.128312,0
179,7.6373,8102.78,7412.3579,17285.16,-7.3043496968,0.207449,0.365194,13.0537,0.9158,0.0966,0.072913,0.733775,-8.049916,153,0.641279,2703.6084,0.127335,0
180,7.68,8059.05,7313.6682,17238.28,-6.4689210973,0.288197,0.42046,18.1926,0.8821,-0.0638,0.062712,0.719044,-8.622655,115,0.67433,2560.5617,0.122085,0
181,7.7227,8100.37,7323.6324,17378.91,-5.9253605398,0.384568,0.458661,21.5235,0.847,-0.2474,0.056418,0.71605,-6.042283,140,0.650785,2315.5351,0.125015,0
182,7.7653,8057.92,7384.5864,17285.16,-6.4696104489,0.311303,0.42507,18.7056,0.8766,-0.1019,0.061923,0.717223,-6.933734,162,0.646499,2725.9325,0.124405,0
183,7.808,7800.95,7311.8457,17062.5,-6.4229209647,0.281011,0.42939,19.7528,0.9141,-0.0017,0.061191,0.700574,-10.10255,147,0.621678,2537.1486,0.123184,0
184,7.8507,8159.63,7375.9963,17355.47,-6.7225652104,0.226188,0.406793,17.6279,0.8704,-0.0501,0.065104,0.730285,-5.483032,164,0.601109,2801.5042,0.125259,0
185,7.8933,8038.86,7286.5936,17238.28,-5.4992559009,0.250831,0.496316,27.3683,0.8372,-0.2583,0.050707,0.681183,-1.77823,157,0.624682,2241.0887,0.12355,0
186,7.936,8098.83,7458.4751,17343.75,-7.1636437656,0.30813,0.380653,14.5723,0.9065,0.0381,0.069912,0.730312,-7.145978,152,0.622507,2701.6456,0.1288,0
187,7.9787,8115.08,7375.6359,17449.22,-6.1977884512,0.246776,0.437481,21.4111,0.8714,-0.1043,0.05984,0.71749,-2.344864,156,0.620912,2511.0518,0.131486,0
188,8.0213,8175.13,7277.553,17273.44,-5.9066158569,0.364985,0.455029,22.5228,0.8588,-0.1214,0.056993,0.719797,-3.790824,156,0.628789,2537.2687,0.120254,0
189,8.064,8032.69,7422.2614,17437.5,-6.3825253038,0.2399,0.43239,20.18,0.8705,-0.1042,0.060687,0.705804,-5.785394,147,0.6518,2519.3209,0.116103,0
190,8.1067,7888.62,7443.7862,17226.56,-7.2759375441,0.284079,0.366465,13.9269,0.9559,0.1315,0.072661,0.734345,-7.433848,149,0.627576,2766.0787,0.121109,0
191,8.1493,8197.03,7413.7496,17296.88,-6.5852202847,0.26761,0.411595,16.9175,0.8651,-0.0787,0.064255,0.72883,-5.338871,137,0.641335,2656.1555,0.122085,0
192,8.192,8252.18,7481.9488,17566.41,-6.3554930229,0.261576,0.426779,19.1263,0.8496,-0.1347,0.061633,0.725016,-3.902469,140,0.604555,2747.1267,0.123184,0
193,8.2347,8169.13,7400.0519,17414.06,-6.4476362255,0.375097,0.418925,18.3197,0.8633,-0.1072,0.062977,0.724569,-4.539861,157,0.62434,2711.9219,0.124283,0
194,8.2773,7780.45,7227.163,16992.19,-6.3047448281,0.358154,0.435997,20.6716,0.9454,0.0576,0.060086,0.707971,-3.949422,140,0.638468,2567.9995,0.121597,0
195,8.32,7992.75,7314.498,17039.06,-6.6056779541,0.377884,0.410086,18.2735,0.9114,0.0502,0.064521,0.706061,-3.120169,146,0.630983,2573.9052,0.11769,0
196,8.3627,8031.15,7421.1464,17414.06,-6.7416450166,0.261924,0.400138,16.5333,0.91,0.0057,0.066298,0.721879,-6.865316,145,0.637022,2640.0352,0.119155,0
197,8.4053,8297.81,7377.21,17507.81,-6.6159847833,0.32518,0.419067,17.1298,0.8433,-0.118,0.062953,0.736768,-3.676606,161,0.645185,2679.3497,0.129777,0
198,8.448,8407.65,7380.1473,17625.0,-6.10155592,0.285835,0.442685,19.5915,0.8046,-0.2394,0.058984,0.725229,-6.468696,148,0.621674,2679.6892,0.133561,0
199,8.4907,8297.72,7430.484,17496.09,-6.7322123329,0.374208,0.398575,16.8948,0.8713,0.0059,0.066582,0.714463,-5.039108,160,0.624711,2788.8902,0.12587,0
200,8.5333,8150.02,7422.1335,17507.81,-6.5429616321,0.332493,0.418526,18.3162,0.857,-0.122,0.063046,0.714288,-2.635381,171,0.645281,2708.2308,0.116713,0
201,8.576,8103.02,7366.4401,17402.34,-6.1992544232,0.282814,0.442105,20.4492,0.8744,-0.0895,0.059079,0.711086,-2.425245,125,0.637459,2562.5226,0.128189,0
202,8.6187,8140.14,7363.5663,17519.53,-6.3044595802,0.300912,0.43367,20.4437,0.8624,-0.1256,0.060473,0.717403,-3.003568,137,0.620247,2614.8804,0.131364,0
203,8.6613,8324.5,7427.0453,17742.19,-6.5477699718,0.206196,0.417111,17.7553,0.825,-0.1684,0.063291,0.730313,-6.172385,144,0.622804,2632.7266,0.119644,0
204,8.704,8137.75,7309.9359,17402.34,-6.1439425193,0.410577,0.453265,22.5204,0.8614,-0.1057,0.057275,0.713892,-3.315479,147,0.644327,2481.9597,0.112074,0
205,8.7467,7946.91,7340.6194,17144.53,-6.4702601636,0.3053,0.421055,18.8697,0.8906,-0.0421,0.06261,0.702562,-4.824889,144,0.625384,2550.109,0.11183,0
206,8.7893,8081.23,7424.3864,17296.88,-6.4957034595,0.244889,0.415326,17.9491,0.861,-0.0751,0.063602,0.711601,-6.411945,131,0.640913,2655.7499,0.119888,0
207,8.832,7982.58,7475.7453,17367.19,-7.115907086,0.276951,0.37757,14.9359,0.8883,-0.0314,0.0705,0.707159,-8.279608,152,0.625744,2680.8459,0.127213,0
208,8.8747,8208.15,7380.3339,17378.91,-7.0881840029,0.352381,0.382317,14.277,0.8769,0.015,0.069596,0.73663,-5.150347,126,0.637318,2695.4588,0.125015,0
209,8.9173,8060.44,7442.7597,17449.22,-7.0417773438,0.29507,0.381147,15.2243,0.9014,0.0178,0.069818,0.722377,-7.070429,151,0.628584,2597.0661,0.118789,0
210,8.96,7958.19,7368.1304,17355.47,-6.1742081986,0.254884,0.439813,21.5469,0.8721,-0.1481,0.059455,0.691367,-8.661853,152,0.6483,2617.525,0.118667,0
211,9.0027,7917.27,7393.3023,17144.53,-6.1482062943,0.28205,0.446201,21.5942,0.8814,-0.1637,0.058412,0.70598,-6.685571,146,0.652714,2543.9014,0.114638,0
212,9.0453,8068.04,7353.1902,17273.44,-6.4769800431,0.376242,0.414432,18.98,0.8771,-0.0694,0.063758,0.712791,-3.98206,143,0.642367,2827.571,0.114394,0
213,9.088,7883.47,7339.2152,17214.84,-6.6082869951,0.44095,0.408061,17.6588,0.9337,0.0369,0.064879,0.704946,-7.65835,149,0.652657,2631.1409,0.118545,0
214,9.1307,8209.55,7340.6741,17425.78,-6.3937272631,0.268804,0.430096,18.333,0.8446,-0.1311,0.061072,0.72546,-4.314335,148,0.642092,2701.4969,0.125015,0
215,9.1733,8073.19,7353.1218,17191.41,-6.8075570554,0.35835,0.391324,15.8911,0.9323,0.1335,0.067911,0.72139,-4.326606,150,0.651528,2632.7471,0.125137,0
216,9.216,8078.3,7327.5128,17132.81,-6.3513611189,0.322476,0.421293,18.3955,0.8843,-0.0167,0.062569,0.713121,-6.660833,153,0.63702,2653.4245,0.121109,0
217,9.2587,8256.07,7426.2225,17472.66,-7.1711490905,0.347609,0.374625,13.8616,0.9013,0.0477,0.071067,0.743263,-5.532195,154,0.64118,2700.0412,0.113051,0
218,9.3013,7822.76,7332.0006,17179.69,-5.9207775112,0.29459,0.454955,22.7365,0.9081,-0.1102,0.057005,0.6953,-2.990504,149,0.637867,2488.8312,0.107069,0
219,9.344,7921.23,7303.8746,17191.41,-5.7461047621,0.420469,0.467772,23.9758,0.8604,-0.2327,0.054994,0.688437,-5.334628,151,0.657171,2425.7888,0.117568,0
220,9.3867,8256.85,7350.2962,17437.5,-6.6741822304,0.431779,0.405599,16.8361,0.8791,0.0096,0.065317,0.721536,-8.844886,134,0.641182,2633.4578,0.117934,0
221,9.4293,7811.75,7334.9341,17214.84,-5.777878197,0.324661,0.467048,25.1416,0.8648,-0.2313,0.055106,0.674797,-7.12847,155,0.662337,2352.0822,0.112563,0
222,9.472,8001.09,7322.3547,17179.69,-6.1757215526,0.346561,0.439775,20.7788,0.8833,-0.1017,0.059462,0.704556,-6.7422,151,0.64345,2630.6421,0.118423,0
223,9.5147,7987.9,7289.0928,17109.38,-6.2760042475,0.340873,0.437016,19.9816,0.896,-0.0463,0.059917,0.712227,-6.49496,158,0.646117,2565.0667,0.125137,0
224,9.5573,7856.26,7313.0323,17085.94,-6.0984897373,0.412506,0.444837,21.053,0.8996,-0.1003,0.058633,0.682965,-9.209449,139,0.619648,2544.6088,0.124283,0
225,9.6,8174.51,7421.7674,17496.09,-6.5809299304,0.308664,0.410069,17.4472,0.8512,-0.1263,0.064524,0.724133,-5.812809,139,0.653517,2713.5693,0.124893,0
226,9.6427,8275.16,7411.0159,17472.66,-6.3593172736,0.316354,0.430502,18.5988,0.8532,-0.1058,0.061004,0.726899,-3.036653,158,0.656818,2643.6835,0.12355,0
227,9.6853,7984.45,7368.3486,17156.25,-6.6078184371,0.313693,0.40803,18.2115,0.9293,0.0875,0.064885,0.719394,-2.729623,165,0.618755,2640.9827,0.117934,0
228,9.728,7908.54,7276.8364,17179.69,-6.2695886669,0.278548,0.433264,19.9729,0.8947,-0.0724,0.060541,0.709475,-7.167125,148,0.644093,2561.7304,0.119033,0
229,9.7707,8366.46,7409.769,17578.12,-5.8458990895,0.264338,0.46412,22.0911,0.8105,-0.2442,0.055562,0.716259,-2.226125,163,0.621339,2450.5423,0.118301,0
230,9.8133,7941.32,7236.2925,17003.91,-5.760166601,0.290945,0.472917,24.3709,0.8766,-0.1776,0.054203,0.710225,-3.716101,148,0.623416,2402.6964,0.113051,0
231,9.856,7906.14,7251.3946,17109.38,-6.4426225522,0.247912,0.425286,18.9505,0.9071,-0.022,0.061886,0.718076,-3.295638,143,0.618759,2577.4704,0.114516,0
232,9.8987,8138.25,7387.2818,17425.78,-6.5540319215,0.197232,0.419205,18.681,0.8662,-0.0621,0.062929,0.717864,-2.082664,173,0.64483,2631.2253,0.115615,0
233,9.9413,8077.51,7392.2805,17355.47,-6.4126112861,0.322927,0.422165,19.2349,0.8867,-0.0703,0.06242,0.712635,-4.653556,135,0.642237,2584.7424,0.118056,0
234,9.984,8150.04,7388.8886,17320.31,-6.4267634951,0.260122,0.422321,19.3194,0.8576,-0.1047,0.062393,0.711103,-3.425852,146,0.643123,2571.4609,0.122451,0
235,10.0267,8106.77,7325.9624,17343.75,-6.1955661456,0.239075,0.445025,20.1201,0.869,-0.1094,0.058603,0.729241,-5.290994,146,0.621286,2545.1532,0.126602,0
236,10.0693,8039.44,7299.2009,17167.97,-7.039632806,0.253266,0.383414,15.4845,0.9014,0.0324,0.069389,0.719191,-4.457306,165,0.636727,2727.8183,0.133195,0
237,10.112,8038.33,7325.5048,17238.28,-6.28443434,0.229953,0.433756,19.8511,0.9084,-0.0194,0.060459,0.717354,-4.332673,154,0.625184,2419.7461,0.123794,0
238,10.1547,7929.73,7332.1068,17144.53,-5.6310093447,0.343693,0.474896,25.4979,0.8522,-0.2216,0.0539,0.666388,-9.325638,144,0.663833,2492.8447,0.121963,0
239,10.1973,8563.95,7420.5299,17648.44,-6.8123484239,0.333087,0.392891,15.1378,0.8394,-0.0163,0.067621,0.742104,-3.700333,154,0.643793,2794.8648,0.130753,0
240,10.24,8164.47,7458.5284,17414.06,-7.1089950428,0.278419,0.380758,14.5331,0.8975,0.0171,0.069892,0.73442,-9.899464,135,0.631247,2664.1342,0.120742,0
241,10.2827,8066.38,7267.7671,17261.72,-5.6600258234,0.309051,0.478178,23.4361,0.8325,-0.2549,0.053402,0.702257,-2.721423,172,0.60586,2352.1095,0.114638,0
242,10.3253,8208.53,7444.1344,17402.34,-6.2606090791,0.23631,0.440872,20.2916,0.8337,-0.1866,0.059281,0.706113,-4.695211,148,0.614701,2435.1056,0.119888,0
243,10.368,7852.95,7264.3893,17167.97,-6.0767032419,0.290961,0.451677,21.7797,0.8982,-0.0992,0.057529,0.692928,-5.318824,139,0.638174,2500.5483,0.119644,0
244,10.4107,8115.47,7285.6349,17261.72,-6.3036017868,0.242351,0.439664,20.1227,0.8678,-0.0687,0.05948,0.722934,-3.794706,154,0.661689,2592.4585,0.122574,0
245,10.4533,8091.44,7376.7024,17296.88,-6.6645750396,0.296569,0.403987,16.7145,0.8875,-0.034,0.065605,0.727428,-5.059688,157,0.663452,2767.3189,0.127213,0
246,10.496,8266.1,7426.2539,17507.81,-7.0423428178,0.248612,0.38446,15.3398,0.8983,0.0585,0.069191,0.742945,-5.172454,149,0.647267,2593.6227,0.130509,0
247,10.5387,8276.87,7390.595,17449.22,-6.5017510301,0.301221,0.420934,18.7634,0.8423,-0.0917,0.062631,0.717787,-1.337487,159,0.62034,2759.5861,0.124283,0
248,10.5813,7956.46,7311.8199,17144.53,-6.3228423272,0.361857,0.435161,20.0541,0.8796,-0.0636,0.060225,0.700051,-3.40841,164,0.623449,2595.4829,0.117812,0
249,10.624,8018.04,7290.9339,17121.09,-6.3620481861,0.405416,0.434107,19.8703,0.8933,-0.0153,0.060401,0.704062,-5.650279,167,0.629469,2675.9781,0.113906,0
250,10.6667,8086.22,7359.9904,17367.19,-5.8829885682,0.313392,0.462972,22.3333,0.8507,-0.1887,0.055741,0.700518,-2.59591,158,0.649034,2593.6894,0.115859,0
251,10.7093,8099.56,7291.0587,17296.88,-6.1017171023,0.365381,0.44799,21.8297,0.8675,-0.1225,0.058122,0.720311,-3.281204,139,0.646554,2543.9332,0.124283,0
252,10.752,8225.63,7312.3605,17425.78,-5.9913327665,0.2853,0.462565,20.2943,0.8175,-0.2278,0.055805,0.717467,-3.533669,157,0.622136,2449.0801,0.121719,0
253,10.7947,8316.55,7371.9947,17414.06,-6.100100331,0.306925,0.451889,20.5712,0.7956,-0.2709,0.057495,0.720896,-1.866263,148,0.63723,2491.6583,0.123916,0
254,10.8373,8055.79,7353.7106,17402.34,-6.1453734714,0.254342,0.440306,20.8772,0.8767,-0.1398,0.059374,0.714597,-3.157865,142,0.636665,2592.566,0.124405,0
255,10.88,7822.04,7260.1546,16968.75,-6.0602978509,0.297705,0.447966,22.0972,0.9044,-0.0723,0.058126,0.694074,-3.398788,140,0.629083,2472.8711,0.122818,0
256,10.9227,8007.14,7368.8801,17414.06,-6.4369210313,0.297248,0.428047,19.5795,0.8693,-0.0974,0.061418,0.694575,-4.740055,153,0.644115,2520.5631,0.123184,0
257,10.9653,8143.61,7333.158,17355.47,-6.266077496,0.331098,0.435151,18.9759,0.8648,-0.1015,0.060227,0.716812,-2.268779,144,0.629462,2578.2286,0.120254,0
258,11.008,7782.2,7300.2622,16875.0,-6.9803621138,0.31319,0.388368,16.3779,0.9775,0.2008,0.068459,0.718981,-7.633782,131,0.633628,2624.533,0.112807,0
259,11.0507,7844.68,7247.1822,16957.03,-5.8905486033,0.313669,0.464301,25.1442,0.9103,-0.0718,0.055533,0.689689,-1.44742,148,0.629354,2385.2517,0.112074,0
260,11.0933,7967.98,7306.8989,16945.31,-6.6565251835,0.281555,0.412769,17.4928,0.9104,0.035,0.064049,0.718805,-3.671413,175,0.642804,2778.2335,0.121963,0
261,11.136,8161.44,7410.8022,17367.19,-6.2599633407,0.319999,0.435002,19.1143,0.8468,-0.1508,0.060252,0.704096,-6.705716,135,0.616659,2524.1943,0.12001,0
262,11.1787,7958.81,7276.4567,17167.97,-6.3770670251,0.324135,0.429639,19.1203,0.8871,-0.0818,0.061149,0.716811,-5.117141,160,0.638039,2590.4734,0.122085,0
263,11.2213,8103.72,7306.6249,17132.81,-7.0291111535,0.301152,0.38597,14.3275,0.9133,0.09,0.068908,0.737179,-7.27067,160,0.631069,2751.3596,0.119644,0
264,11.264,7896.26,7374.0752,17167.97,-6.5647217363,0.286405,0.41562,17.9893,0.9063,-0.0342,0.063551,0.713432,-5.876641,152,0.648318,2678.7146,0.119521,0
265,11.3067,8304.3,7394.1653,17378.91,-7.1318095133,0.262376,0.375332,14.7561,0.88,0.0495,0.070931,0.743036,-3.915598,145,0.650318,2811.1182,0.133439,0
266,11.3493,8104.76,7413.2764,17378.91,-6.5582782192,0.331462,0.411965,18.0564,0.8715,-0.0858,0.06419,0.70669,-5.105909,152,0.630082,2716.4952,0.132951,0
267,11.392,8523.84,7480.4496,17824.22,-7.0099077129,0.211309,0.389846,14.9898,0.8281,-0.0956,0.068184,0.749935,-6.000581,152,0.643878,2691.5861,0.124649,0
268,11.4347,7914.87,7351.5014,17179.69,-6.2836467051,0.33809,0.438337,21.2062,0.9144,-0.0156,0.059699,0.709091,-4.901446,145,0.625244,2572.5508,0.120742,0
269,11.4773,7806.34,7300.125,17097.66,-6.0984623226,0.408378,0.449047,22.8965,0.9347,-0.0084,0.057951,0.698804,-4.050778,169,0.633563,2608.5409,0.118911,0
270,11.52,8013.04,7298.8811,17296.88,-6.077762856,0.218874,0.452524,21.6555,0.861,-0.1699,0.057393,0.708626,-4.115706,184,0.630607,2547.6668,0.12062,0
271,11.5627,8245.15,7281.4562,17121.09,-6.27973446,0.342211,0.435468,19.1614,0.8586,-0.0728,0.060174,0.734482,-3.583212,172,0.672535,2702.3852,0.121719,0
272,11.6053,8185.32,7311.657,17355.47,-5.7012205833,0.352023,0.474959,22.8158,0.8178,-0.2632,0.053891,0.703032,-2.24202,173,0.645497,2534.2007,0.122085,0
273,11.648,7874.13,7224.9362,17085.94,-6.284054365,0.339172,0.437747,19.8737,0.9179,-0.0065,0.059796,0.714233,-3.373066,156,0.646212,2618.1822,0.117812,0
274,11.6907,7938.79,7337.6666,17238.28,-5.6547683819,0.214363,0.474302,25.7075,0.8407,-0.2894,0.053991,0.684771,-6.548508,139,0.646113,2298.8884,0.120132,0
275,11.7333,8184.04,7396.973,17460.94,-6.8829571195,0.334506,0.386253,16.1456,0.8875,-0.003,0.068855,0.718897,-6.701537,153,0.635355,2705.011,0.122574,0
276,11.776,8070.36,7335.7213,17308.59,-6.2172832092,0.28107,0.440067,19.623,0.8499,-0.1756,0.059414,0.711055,-3.877643,147,0.64205,2515.9536,0.124771,0
277,11.8187,8122.13,7411.8271,17449.22,-6.6242591753,0.303361,0.409676,18.1869,0.8906,-0.0103,0.064593,0.721463,-5.671607,161,0.627998,2678.7819,0.132218,0
278,11.8613,8391.54,7425.1508,17578.12,-6.7396630276,0.212645,0.407778,17.2987,0.8544,-0.0174,0.064929,0.739457,-3.956397,137,0.614999,2698.8249,0.133439,0
279,11.904,8402.45,7433.5039,17589.84,-6.9360049325,0.280105,0.380673,15.3965,0.8513,-0.0539,0.069908,0.739341,-4.79775,159,0.598985,2548.5011,0.130631,0
280,11.9467,8186.62,7372.7084,17355.47,-7.3257234966,0.267997,0.360753,12.9776,0.9114,0.0988,0.073798,0.744292,-4.518101,155,0.64177,2782.4611,0.121475,0
281,11.9893,7952.82,7259.2588,17097.66,-5.7461245798,0.300736,0.472139,23.6828,0.8768,-0.1712,0.054322,0.701448,-3.670886,155,0.622848,2390.3422,0.12001,0
282,12.032,8179.62,7439.6105,17472.66,-6.8367614963,0.30127,0.391512,15.9228,0.8797,-0.0396,0.067876,0.721117,-7.584381,133,0.636526,2659.6194,0.121231,0
283,12.0747,7898.93,7328.9513,17214.84,-6.0035370433,0.461308,0.44845,23.1098,0.9005,-0.0877,0.058048,0.693222,-6.700549,153,0.634219,2596.4405,0.120254,0
284,12.1173,7785.65,7228.9073,17003.91,-5.0029865295,0.298367,0.524718,36.4651,0.8432,-0.3695,0.046679,0.622865,-0.002623,155,0.672484,2097.5346,0.112196,0
285,12.16,7927.33,7261.1581,17238.28,-5.0686123528,0.305969,0.518169,33.0539,0.8059,-0.438,0.047588,0.654476,-1.277877,151,0.631152,2155.0737,0.109144,0
286,12.2027,8189.01,7333.7698,17484.38,-5.9724198251,0.266009,0.460445,22.6783,0.843,-0.1986,0.056137,0.723442,-4.500041,155,0.658371,2497.7667,0.123916,0
287,12.2453,8123.25,7364.8988,17460.94,-6.5014924436,0.243919,0.424976,18.7154,0.8652,-0.1145,0.061939,0.734118,-5.677815,150,0.618603,2573.0085,0.125259,0
288,12.288,8140.72,7279.2772,17156.25,-6.4989434502,0.302811,0.421007,19.6443,0.8838,0.018,0.062618,0.728979,-3.874242,149,0.611967,2583.2543,0.122329,0
289,12.3307,8283.86,7358.065,17390.62,-6.5901131607,0.279455,0.415301,17.4861,0.859,-0.0722,0.063606,0.752481,-5.958429,148,0.64377,2535.0077,0.123184,0
290,12.3733,7962.05,7222.4471,17167.97,-5.3678534943,0.283937,0.50695,29.5389,0.8377,-0.2776,0.049173,0.677739,-2.393203,143,0.628492,2346.569,0.119644,0
291,12.416,8178.85,7382.5404,17472.66,-5.960489139,0.364232,0.459625,22.1244,0.8323,-0.2352,0.056266,0.708888,-5.15833,145,0.644065,2559.014,0.124527,0
292,12.4587,7871.38,7316.8789,17156.25,-6.5534452466,0.270844,0.413153,18.3343,0.933,0.0121,0.063982,0.715941,-5.00745,152,0.659077,2738.863,0.122207,0
293,12.5013,8144.7,7338.9856,17460.94,-6.0593821188,0.279827,0.453818,21.7501,0.8591,-0.1321,0.057186,0.723016,-9.981539,143,0.639304,2541.1259,0.118545,0
294,12.544,8227.18,7354.928,17390.62,-6.9766898848,0.305918,0.388617,14.8476,0.8674,-0.0079,0.068413,0.74355,-7.860066,139,0.638771,2704.3925,0.126236,0
295,12.5867,8032.74,7294.7623,17203.12,-6.189023951,0.307248,0.441905,20.8837,0.874,-0.1219,0.059112,0.709144,-1.573354,152,0.627524,2489.2175,0.125992,0
296,12.6293,8134.63,7386.3632,17449.22,-6.0264551435,0.333486,0.450579,21.1218,0.847,-0.1506,0.057705,0.705527,-3.805759,146,0.636029,2591.8778,0.127091,0
297,12.672,8434.54,7383.8572,17554.69,-6.9167395135,0.323118,0.395395,15.1056,0.8657,0.0134,0.067161,0.745486,-5.52007,149,0.61546,2711.8839,0.130875,0
298,12.7147,7968.97,7298.3451,16980.47,-6.8767093515,0.242349,0.395684,16.1459,0.9244,0.0668,0.067109,0.731361,-5.104645,162,0.635419,2656.1891,0.130509,0
299,12.7573,8158.45,7387.5886,17437.5,-6.8263394583,0.363133,0.393848,16.1168,0.9185,0.0615,0.067445,0.729019,-8.376554,135,0.664519,2553.5838,0.128067,0
300,12.8,8140.05,7302.8623,17308.59,-5.3825717612,0.363161,0.497648,27.2133,0.827,-0.3171,0.050513,0.6817,-3.225959,152,0.631045,2300.6549,0.127091,0
301,12.8427,8070.28,7391.636,17285.16,-6.555103674,0.350041,0.415598,18.532,0.8774,-0.0604,0.063554,0.719029,-7.25517,135,0.653438,2699.2734,0.120986,0
302,12.8853,8240.93,7393.8382,17332.03,-6.706259717,0.283281,0.399131,16.8258,0.8767,-0.0042,0.066481,0.71547,-2.449952,156,0.624463,2687.0815,0.126602,0
303,12.928,8244.18,7400.396,17402.34,-6.5452867325,0.326962,0.418329,17.4416,0.8505,-0.1091,0.06308,0.726586,-2.906008,139,0.628721,2658.5816,0.130509,0
304,12.9707,8181.5,7401.4664,17378.91,-6.6765738245,0.317876,0.404852,16.5885,0.8623,-0.1001,0.065451,0.727031,-6.13206,153,0.619645,2692.8406,0.120986,0
305,13.0133,7967.43,7406.1442,17167.97,-7.0228208344,0.274616,0.383305,14.8505,0.9314,0.081,0.069409,0.71896,-6.686483,146,0.638672,2648.0773,0.120254,0
306,13.056,7995.97,7383.4191,17214.84,-6.6625490361,0.246874,0.406483,17.0176,0.8958,-0.0252,0.06516,0.716098,-5.517304,163,0.629477,2718.1645,0.119644,0
307,13.0987,7880.16,7264.0087,17015.62,-6.0981219816,0.395621,0.451318,21.1243,0.8783,-0.1119,0.057586,0.697295,-5.728254,149,0.645587,2520.6174,0.123794,0
308,13.1413,8124.17,7445.5042,17542.97,-5.9830663924,0.231767,0.453383,22.2634,0.8445,-0.2208,0.057256,0.697978,-2.133398,148,0.660043,2618.4968,0.122207,0
309,13.184,8124.77,7339.4927,17390.62,-6.143035119,0.445717,0.444257,20.1324,0.8639,-0.0933,0.058728,0.707137,-2.10042,164,0.645712,2654.5475,0.112929,0
310,13.2267,7831.46,7293.8861,17156.25,-5.6888233714,0.317436,0.481563,26.3537,0.8808,-0.1924,0.052891,0.681858,-1.62849,166,0.624302,2574.6789,0.107923,0
311,13.2693,8102.88,7323.1158,17156.25,-6.4703411788,0.313715,0.417172,18.7744,0.885,-0.0454,0.063281,0.723709,-5.177226,167,0.656362,2693.7257,0.114028,0
312,13.312,8087.39,7293.4276,17320.31,-5.5455132578,0.327069,0.490701,26.5978,0.8307,-0.2864,0.05153,0.681715,-2.039695,173,0.635727,2444.9024,0.119033,0
313,13.3547,7980.58,7351.1399,17355.47,-6.1892602797,0.293804,0.441582,21.4752,0.8964,-0.0654,0.059165,0.702162,-6.970138,162,0.624247,2744.0246,0.124527,0
314,13.3973,8113.68,7381.0761,17320.31,-6.0331656463,0.352465,0.452588,22.2169,0.8532,-0.1846,0.057383,0.703792,-3.408603,154,0.64319,2545.4811,0.124161,0
315,13.44,8092.16,7348.7162,17203.12,-5.9983439275,0.421038,0.455336,22.0332,0.8841,-0.0898,0.056945,0.717179,-3.166913,166,0.625462,2562.655,0.122818,0
316,13.4827,8246.23,7451.3404,17566.41,-7.0789408935,0.247321,0.378331,14.995,0.8742,0.0055,0.070355,0.734558,-7.440643,163,0.641098,2784.8857,0.121353,0
317,13.5253,7888.98,7334.5883,17027.34,-6.4490287887,0.229619,0.42466,18.9431,0.8945,-0.0487,0.061993,0.701028,-4.072421,145,0.639093,2602.2997,0.120132,0
318,13.568,8142.98,7356.4262,17332.03,-6.0995392528,0.248339,0.453036,21.3252,0.8249,-0.2005,0.057311,0.712178,-4.943931,148,0.654382,2657.4553,0.121109,0
319,13.6107,7866.69,7349.7377,17109.38,-6.6831510608,0.308153,0.408889,17.4569,0.9323,0.0535,0.064732,0.715608,-5.204713,169,0.670134,2614.2502,0.121353,0
320,13.6533,8033.53,7363.9917,17121.09,-6.8043049212,0.259201,0.401086,17.1188,0.9034,0.0256,0.066127,0.725812,-3.546234,141,0.649325,2674.2866,0.115615,0
321,13.696,7640.37,7240.7991,16851.56,-5.7617849905,0.344794,0.474009,27.0529,0.9284,-0.0857,0.054036,0.671628,-2.02116,152,0.625123,2493.6032,0.111342,0
322,13.7387,7989.93,7303.4707,17226.56,-6.1004064996,0.249569,0.444327,21.8291,0.8692,-0.131,0.058716,0.700028,-5.688304,171,0.642806,2541.0802,0.114882,0
323,13.7813,8070.1,7440.3057,17414.06,-6.3760352804,0.436339,0.421624,19.3266,0.8841,-0.0923,0.062512,0.708741,-2.651244,160,0.641618,2576.0082,0.119277,0
324,13.824,8249.84,7370.7026,17355.47,-6.3796899028,0.277572,0.430827,18.9298,0.846,-0.1337,0.06095,0.724887,-0.797407,149,0.659097,2645.9225,0.123184,0
325,13.8667,7993.34,7310.2919,17214.84,-6.5334560627,0.295642,0.419937,18.4161,0.913,0.0239,0.062803,0.724694,-3.121023,157,0.634033,2589.5066,0.119399,0
326,13.9093,7994.07,7275.3228,17226.56,-5.6892342412,0.429679,0.482175,26.0666,0.8602,-0.2187,0.052799,0.690118,-4.700564,140,0.632004,2397.8561,0.115004,0
327,13.952,7909.33,7379.5687,17320.31,-5.8144625971,0.28456,0.459876,23.8014,0.8698,-0.2165,0.056226,0.689762,-6.533434,156,0.653856,2424.3331,0.114638,0
328,13.9947,8219.4,7443.8779,17542.97,-6.131192777,0.34148,0.442012,21.2332,0.815,-0.2359,0.059094,0.696045,-1.962734,171,0.649827,2637.799,0.120498,0
329,14.0373,8151.87,7360.5617,17355.47,-7.0270417229,0.287483,0.385588,14.507,0.9068,0.0917,0.068979,0.740244,-6.808124,154,0.626962,2681.4545,0.127457,0
330,14.08,8170.01,7335.4213,17402.34,-6.4152967127,0.274921,0.429587,18.5712,0.8638,-0.0976,0.061158,0.723394,-2.501927,160,0.635397,2549.9912,0.122574,0
331,14.1227,7802.84,7187.6059,16980.47,-5.0661936717,0.34023,0.521794,33.2583,0.8308,-0.3722,0.047084,0.641599,-1.635587,162,0.645024,2308.6548,0.108778,0
332,14.1653,8115.38,7361.0648,17238.28,-7.0254196544,0.320409,0.383411,15.0489,0.9062,0.0853,0.069389,0.725699,-4.618224,163,0.643867,2569.8225,0.118911,0
333,14.208,8214.29,7343.4301,17343.75,-6.651982386,0.333464,0.410031,16.9308,0.8427,-0.1385,0.064531,0.734367,-7.75644,170,0.650543,2726.0379,0.127213,0
334,14.2507,8176.05,7330.6308,17460.94,-5.6568831363,0.331764,0.474859,25.1462,0.826,-0.2539,0.053906,0.704212,-6.136356,149,0.613431,2505.4539,0.122696,0
335,14.2933,8183.36,7291.9982,17308.59,-6.1688760125,0.235095,0.447277,20.4557,0.8469,-0.1202,0.058237,0.713708,-1.665054,153,0.629942,2730.6314,0.125626,0
336,14.336,8006.19,7408.5471,17250.0,-6.967499562,0.258275,0.389524,16.2944,0.9212,0.0663,0.068244,0.729215,-3.61622,151,0.635323,2749.7899,0.123428,0
337,14.3787,7996.66,7256.8506,17214.84,-5.8708151348,0.29473,0.467537,23.8059,0.8456,-0.2,0.055031,0.704212,-2.597109,151,0.638284,2508.559,0.121475,0
338,14.4213,8062.98,7327.5249,17402.34,-6.3873642801,0.253621,0.43289,20.4003,0.8791,-0.0691,0.060604,0.719166,-2.562044,151,0.631423,2622.6565,0.12587,0
339,14.464,8324.52,7386.0018,17414.06,-6.7253884943,0.210931,0.413758,17.109,0.856,-0.0404,0.063876,0.742928,-4.615474,155,0.621562,2623.3168,0.129899,0
340,14.5067,8090.78,7371.1308,17261.72,-6.7603726132,0.279842,0.401258,16.9082,0.9052,0.0393,0.066096,0.724898,-5.108621,153,0.633582,2621.4894,0.125382,0
341,14.5493,7983.88,7269.5963,17039.06,-6.437374009,0.379434,0.425688,19.2383,0.908,0.0237,0.061818,0.71942,-3.642574,175,0.636467,2781.5784,0.116225,0
342,14.592,8021.58,7342.4612,17296.88,-6.0072213334,0.313947,0.458859,23.4423,0.8555,-0.1837,0.056387,0.700695,-3.142348,132,0.642929,2623.8487,0.111342,0
343,14.6347,8361.52,7476.2436,17648.44,-6.7480581322,0.322265,0.399062,16.5534,0.8444,-0.0928,0.066493,0.729831,-2.90515,135,0.635579,2524.9094,0.123306,0
344,14.6773,7997.86,7322.9298,17203.12,-6.1783144612,0.206512,0.443842,21.7556,0.8774,-0.084,0.058795,0.70157,-5.341924,156,0.63964,2686.3214,0.124527,0
345,14.72,7903.22,7399.0806,17214.84,-6.277816753,0.282536,0.431696,19.8342,0.8851,-0.1382,0.060804,0.704364,-3.466851,148,0.637592,2677.6739,0.111586,0
346,14.7627,8039.76,7408.446,17355.47,-6.9002914972,0.33119,0.392612,16.482,0.9031,0.0088,0.067673,0.71925,-3.186924,150,0.655843,2570.3603,0.116347,0
347,14.8053,8160.3,7367.918,17402.34,-6.6375226565,0.345346,0.409671,17.4824,0.8813,-0.0046,0.064594,0.726827,-5.404214,156,0.636552,2521.0054,0.11769,0
348,14.848,7590.92,7247.5169,16828.12,-6.0361906593,0.323107,0.450393,22.9569,0.9507,-0.0008,0.057735,0.677896,-3.253724,162,0.652212,2339.9625,0.112318,0
349,14.8907,7764.53,7287.7737,16910.16,-5.8566004266,0.331145,0.454625,23.071,0.9314,-0.0597,0.057058,0.686761,-2.896367,165,0.672034,2498.9586,0.112685,0
350,14.9333,7750.91,7192.701,17003.91,-5.2661629821,0.267751,0.509282,29.257,0.8494,-0.3455,0.04884,0.661167,-1.885706,156,0.678329,2068.5934,0.123184,0
351,14.976,8351.8,7389.3221,17226.56,-6.5355972546,0.243644,0.415258,18.0331,0.8496,-0.0297,0.063614,0.731995,-2.62417,170,0.672359,2577.6671,0.127335,0
352,15.0187,8118.0,7380.1294,17226.56,-6.9489065529,0.308334,0.386852,16.2603,0.8948,0.041,0.068743,0.732532,-4.562626,153,0.652317,2740.5431,0.12587,0
353,15.0613,8190.02,7453.3992,17519.53,-6.9589764053,0.319066,0.388543,15.3629,0.8919,-0.0185,0.068427,0.732799,-5.052106,144,0.624464,2676.1269,0.124649,0
354,15.104,8140.46,7335.0753,17179.69,-6.6311942703,0.343769,0.403614,17.6674,0.8981,0.032,0.065672,0.730947,-4.151621,160,0.627241,2604.7714,0.123428,0
355,15.1467,8123.25,7328.4758,17273.44,-6.4080217316,0.409425,0.426241,18.4326,0.8782,-0.0729,0.061724,0.718118,-4.024459,143,0.640569,2699.1796,0.124283,0
356,15.1893,7997.16,7315.8086,17238.28,-5.9957081609,0.293794,0.454504,21.7493,0.8454,-0.2214,0.057077,0.699924,-6.151153,154,0.640079,2503.4254,0.117202,0
357,15.232,7872.98,7321.2208,17121.09,-6.3939083449,0.311904,0.427704,19.5101,0.9338,0.0271,0.061476,0.717154,-6.832,156,0.630065,2605.043,0.118423,0
358,15.2747,8147.48,7363.6939,17285.16,-6.7475538057,0.256148,0.402276,17.3239,0.893,0.0087,0.065913,0.730416,-4.349228,161,0.617886,2699.1577,0.121597,0
359,15.3173,8245.84,7325.8411,17226.56,-7.3778268509,0.352657,0.355266,13.9844,0.916,0.1932,0.074908,0.74026,-5.107689,162,0.643328,2859.4275,0.122574,0
360,15.36,7917.26,7385.9676,17226.56,-6.5176792314,0.28247,0.409875,17.4709,0.9062,-0.0335,0.064558,0.698781,-4.687632,142,0.686835,2575.456,0.1288,0
361,15.4027,8108.83,7365.076,17414.06,-6.452435341,0.34643,0.417257,17.2082,0.8989,-0.0239,0.063266,0.727635,-4.283266,143,0.672762,2537.4368,0.127091,0
362,15.4453,8113.94,7371.9786,17437.5,-6.2818720605,0.324979,0.436194,19.9801,0.8563,-0.1499,0.060053,0.706186,-6.461665,154,0.648042,2551.6352,0.125259,0
363,15.488,8205.27,7404.5974,17449.22,-7.1270260268,0.395144,0.37213,14.0709,0.9174,0.1163,0.071551,0.729784,-4.834475,154,0.63687,2694.0444,0.126602,0
364,15.5307,7882.22,7303.5905,17003.91,-6.152527026,0.235068,0.440748,21.1229,0.9138,-0.0149,0.059302,0.708379,-3.025777,171,0.643529,2454.179,0.125259,0
365,15.5733,8099.53,7309.8098,17097.66,-6.5038622651,0.311815,0.418685,18.3095,0.9025,0.0208,0.063019,0.72371,-4.230981,137,0.639453,2627.1285,0.121719,0
366,15.616,7937.82,7308.6465,17167.97,-6.0160785664,0.35536,0.450678,21.94,0.8738,-0.1263,0.057689,0.693872,-5.491221,165,0.647998,2541.4844,0.116469,0
367,15.6587,7934.17,7396.1783,17179.69,-6.1775504802,0.262545,0.440452,21.5608,0.8887,-0.0941,0.05935,0.689303,-4.48903,143,0.648935,2609.6205,0.115126,0
368,15.7013,8110.36,7320.3074,17285.16,-5.8613587358,0.414798,0.466111,23.5013,0.8473,-0.1935,0.055252,0.697574,-2.710012,159,0.663544,2493.5641,0.113661,0
369,15.744,8185.67,7418.1592,17414.06,-6.5048578118,0.318428,0.425284,17.2293,0.8638,-0.0947,0.061887,0.717189,-5.141254,137,0.638195,2497.2718,0.118423,0
370,15.7867,8096.19,7399.0586,17308.59,-6.7254210357,0.303879,0.397936,17.134,0.9053,0.034,0.066698,0.721589,-4.14729,170,0.643339,2699.2041,0.127823,0
371,15.8293,8131.97,7419.6383,17542.97,-7.0666407595,0.249118,0.37629,14.864,0.901,0.0205,0.070746,0.729996,-6.282975,165,0.646326,2770.1422,0.120376,0
372,15.872,7928.86,7381.6612,17261.72,-6.2657356609,0.263494,0.431679,20.8403,0.8932,-0.0622,0.060807,0.701553,-6.471353,172,0.639899,2736.0451,0.113295,0
373,15.9147,8048.23,7355.3376,17308.59,-5.6109942636,0.162317,0.48651,27.4081,0.8166,-0.3024,0.052151,0.665485,-7.429106,156,0.639293,2410.7861,0.11769,0
374,15.9573,8152.93,7372.5159,17261.72,-6.4978165969,0.238111,0.421317,18.9731,0.8697,-0.0505,0.062565,0.71378,-3.540864,176,0.606962,2689.7461,0.121231,0
375,16.0,8093.96,7434.852,17472.66,-6.1408166961,0.331016,0.438312,20.2903,0.8484,-0.2116,0.059703,0.703063,-2.208249,137,0.63195,2580.5819,0.127213,0
376,16.0427,7928.54,7273.7726,17085.94,-6.1821823423,0.384836,0.440486,20.545,0.8789,-0.1186,0.059345,0.707523,-6.157863,140,0.625772,2614.5734,0.118667,0
377,16.0853,7603.87,7124.9017,16582.03,-5.651431898,0.334161,0.480801,27.7052,0.9271,-0.0365,0.053006,0.661603,-2.500723,159,0.647522,2412.7071,0.096691,0
378,16.128,7903.6,7358.361,17273.44,-5.9313850226,0.383686,0.452362,22.9215,0.88,-0.1636,0.057419,0.69036,-2.779841,158,0.657048,2547.0004,0.105848,0
379,16.1707,7907.68,7305.0047,17039.06,-6.617204949,0.322471,0.412228,18.0694,0.9451,0.1223,0.064144,0.710234,-6.110186,160,0.647169,2771.4745,0.121719,0
380,16.2133,7845.98,7287.6194,16804.69,-5.9306941913,0.37068,0.448888,23.6529,0.9135,-0.0142,0.057977,0.682869,-3.608622,152,0.633308,2551.0138,0.11244,0
381,16.256,7876.85,7310.538,17062.5,-6.0226980618,0.365642,0.449716,21.5808,0.8949,-0.0708,0.057844,0.674923,-4.347131,167,0.66731,2475.7336,0.108534,0
382,16.2987,7956.28,7385.8767,17425.78,-6.2656053218,0.255406,0.429835,19.6433,0.8602,-0.1742,0.061116,0.688338,-4.435795,165,0.627498,2708.8224,0.114394,0
383,16.3413,8053.34,7258.3372,17250.0,-5.4934385393,0.526072,0.492085,26.0898,0.8294,-0.2841,0.051327,0.678169,-1.744708,156,0.647394,2405.5824,0.114028,0
384,16.384,7896.5,7347.7672,17144.53,-6.5397212529,0.301683,0.412021,18.7061,0.9172,0.028,0.06418,0.701206,-3.609311,136,0.653505,2609.4475,0.111342,0
385,16.4267,7993.97,7316.0371,17179.69,-6.2600432336,0.342559,0.43506,19.6035,0.8632,-0.1277,0.060242,0.702824,-8.154053,151,0.638249,2585.5942,0.124893,0
386,16.4693,8231.35,7349.6598,17320.31,-6.3877233605,0.356631,0.42065,18.6635,0.8617,-0.0686,0.06268,0.721912,-4.273544,148,0.646739,2569.145,0.13234,0
387,16.512,8178.44,7391.9075,17472.66,-6.1553728854,0.286307,0.441543,20.0693,0.8426,-0.1983,0.059171,0.718343,-4.055207,147,0.641349,2581.791,0.121109,0
388,16.5547,8261.1,7452.183,17484.38,-7.4417149143,0.425981,0.347511,12.8863,0.9194,0.1209,0.076505,0.736381,-6.759245,157,0.645637,2818.5595,0.113539,0
389,16.5973,8071.55,7396.3949,17261.72,-6.492486812,0.240676,0.425906,18.9605,0.8718,-0.0691,0.061781,0.712597,-4.343608,158,0.623119,2455.1582,0.11769,0
390,16.64,8021.61,7329.0839,17203.12,-6.989321854,0.261597,0.379987,15.0342,0.917,0.1085,0.070039,0.723474,-6.109525,158,0.628452,2810.9469,0.120376,0
391,16.6827,8056.71,7237.9883,17074.22,-6.4486424855,0.286822,0.427282,19.0616,0.8907,0.0156,0.061548,0.72982,-4.775933,127,0.648585,2656.2015,0.118178,0
392,16.7253,8029.55,7351.3995,17296.88,-6.295740782,0.388612,0.432717,20.2211,0.8878,-0.0663,0.060633,0.706848,-2.849464,176,0.634514,2633.2078,0.119033,0
393,16.768,8260.59,7398.1234,17507.81,-5.8961447362,0.273293,0.456152,22.0168,0.8306,-0.178,0.056815,0.705807,-2.000665,150,0.633767,2464.5271,0.120986,0
394,16.8107,8254.33,7325.8336,17261.72,-6.4695810745,0.20109,0.421967,18.881,0.8531,-0.0436,0.062454,0.732567,-5.093083,149,0.612104,2720.4994,0.124893,0
395,16.8533,8277.75,7404.8744,17566.41,-6.3569201183,0.259436,0.426796,18.3721,0.8259,-0.1839,0.06163,0.719153,-3.02011,151,0.644301,2710.9845,0.121597,0
396,16.896,8120.57,7426.5279,17414.06,-7.0256976219,0.331395,0.379902,14.9258,0.9188,0.0432,0.070055,0.729367,-7.121014,140,0.630572,2723.8857,0.126236,0
397,16.9387,7974.48,7396.802,17285.16,-6.5778379112,0.313127,0.420238,18.993,0.8883,-0.053,0.062751,0.714627,-6.011158,155,0.612012,2661.1697,0.128922,0
398,16.9813,8043.86,7405.5209,17273.44,-7.2545138412,0.29539,0.366034,13.8178,0.9119,0.054,0.072746,0.732217,-6.435236,152,0.638244,2655.4794,0.119888,0
399,17.024,8190.79,7339.0036,17425.78,-6.7547303771,0.309052,0.405399,16.7567,0.8855,-0.0091,0.065353,0.724443,-2.657948,167,0.608917,2602.3885,0.126969,0
400,17.0667,8267.58,7423.7409,17531.25,-6.4306230557,0.287434,0.424962,18.2237,0.8254,-0.1925,0.061942,0.729073,-4.002457,150,0.633131,2579.9714,0.129532,0
401,17.1093,8129.11,7309.483,17273.44,-6.56438838,0.268915,0.414738,17.8831,0.8759,-0.0694,0.063704,0.731797,-4.30707,168,0.632899,2707.8849,0.124039,0
402,17.152,8058.35,7388.6027,17425.78,-7.1099896623,0.323704,0.375046,14.5316,0.9155,0.0611,0.070986,0.72401,-4.762413,157,0.649187,2639.7748,0.119033,0
403,17.1947,7920.42,7292.9905,17167.97,-6.3535106425,0.448234,0.429718,20.119,0.9081,-0.0159,0.061136,0.700831,-4.633328,158,0.652024,2483.4435,0.117568,0
404,17.2373,8258.58,7395.8648,17449.22,-7.2323688733,0.330943,0.370756,13.3178,0.8862,0.0499,0.071819,0.742534,-5.445974,164,0.656426,2652.1959,0.12587,0
405,17.28,8166.55,7322.0893,17214.84,-7.3484194207,0.253756,0.359014,12.9708,0.929,0.2093,0.074148,0.743326,-4.016569,154,0.620419,2644.2772,0.127091,0
406,17.3227,8115.29,7428.4995,17308.59,-6.9801714868,0.293661,0.387725,15.0829,0.869,-0.0531,0.068579,0.722004,-6.020754,152,0.632608,2718.8704,0.124649,0
407,17.3653,8234.74,7317.0509,17285.16,-6.1480307217,0.321104,0.448394,19.9874,0.8554,-0.1254,0.058057,0.732504,-4.634256,158,0.638856,2551.9623,0.124405,0
408,17.408,8083.48,7411.8904,17390.62,-6.5248726984,0.312897,0.421324,17.9492,0.901,-0.0221,0.062564,0.724172,-3.948795,165,0.610317,2681.0172,0.117202,0
409,17.4507,7896.61,7374.3805,17214.84,-6.202356524,0.341771,0.441272,21.2002,0.8886,-0.1004,0.059216,0.682467,-2.589963,141,0.633901,2590.5043,0.10951,0
410,17.4933,7999.0,7325.7682,17273.44,-6.6015131328,0.382681,0.412306,18.3686,0.9094,0.0249,0.06413,0.714514,-6.067172,141,0.616429,2545.4791,0.11708,0
411,17.536,8097.54,7383.6972,17332.03,-6.756724377,0.380956,0.399594,16.2021,0.9045,0.0209,0.066397,0.726212,-3.113628,154,0.629148,2704.055,0.126969,0
412,17.5787,8030.18,7399.3964,17226.56,-7.0307850537,0.222826,0.386363,15.1974,0.8981,0.0333,0.068834,0.721848,-4.295675,149,0.642056,2701.7766,0.124283,0
413,17.6213,8052.65,7387.3031,17367.19,-6.4612683588,0.373167,0.421321,18.6873,0.8775,-0.091,0.062565,0.699306,-4.59476,137,0.614081,2548.9715,0.118911,0
414,17.664,8170.74,7438.2044,17554.69,-6.7767220328,0.282814,0.406309,17.0235,0.8861,-0.0414,0.065191,0.731646,-6.589331,140,0.619398,2548.6139,0.118056,0
415,17.7067,8082.16,7288.0964,17203.12,-5.7487643334,0.24862,0.46976,24.4475,0.8521,-0.1784,0.054687,0.698394,-2.196745,153,0.649357,2559.1932,0.118178,0
416,17.7493,8090.43,7379.8065,17261.72,-6.4864233664,0.319827,0.421274,18.5165,0.8776,-0.0305,0.062573,0.716891,-3.650921,157,0.661339,2623.5151,0.12355,0
417,17.792,7988.02,7319.236,17156.25,-6.0511421265,0.265689,0.457601,22.5507,0.8605,-0.1653,0.056585,0.693113,-2.939462,135,0.648121,2601.5783,0.127701,0
418,17.8347,8121.31,7424.2095,17402.34,-6.3765666099,0.265694,0.431005,18.8677,0.8658,-0.1117,0.06092,0.711575,-5.542585,151,0.658644,2598.3648,0.123794,0
419,17.8773,7996.56,7327.9897,17320.31,-5.9415624721,0.320967,0.46218,22.4603,0.8776,-0.159,0.055865,0.713409,-3.26686,123,0.614762,2630.5897,0.121963,0
420,17.92,7981.64,7353.4405,17378.91,-6.2093666064,0.274251,0.436467,19.7973,0.8741,-0.1421,0.060008,0.69924,-6.727387,157,0.643442,2560.9003,0.115126,0
421,17.9627,8180.57,7341.7304,17367.19,-5.3895020107,0.23421,0.499708,27.772,0.7964,-0.3333,0.050214,0.661339,-6.937084,158,0.660934,2333.4652,0.118178,0
422,18.0053,8148.83,7327.6355,17390.62,-6.1953127766,0.391833,0.44653,20.5528,0.8642,-0.1098,0.058358,0.718558,-3.790331,170,0.632741,2607.6165,0.128067,0
423,18.048,8281.27,7306.4148,17261.72,-6.3521808635,0.280776,0.438851,19.2325,0.8356,-0.1087,0.059614,0.727749,-4.923276,161,0.634435,2709.5838,0.121719,0
424,18.0907,7862.12,7230.0579,17015.62,-5.3991272476,0.332056,0.496026,29.4718,0.8613,-0.2574,0.050749,0.671074,-3.359374,168,0.637168,2270.8752,0.112929,0
425,18.1333,8138.32,7370.2843,17542.97,-5.3391627382,0.31849,0.501744,28.4904,0.8266,-0.3116,0.04992,0.679461,-5.742745,161,0.634537,2368.1105,0.116591,0
426,18.176,8254.0,7401.3085,17472.66,-6.7288589989,0.347701,0.404396,17.0072,0.8724,-0.0459,0.065532,0.725706,-4.648613,165,0.653242,2730.0782,0.125382,0
427,18.2187,8013.44,7346.4392,17226.56,-5.9663031743,0.220464,0.455849,22.014,0.833,-0.2467,0.056863,0.700002,-4.725955,165,0.615072,2567.1465,0.123428,0
428,18.2613,7964.77,7323.2271,17156.25,-5.9699989718,0.435707,0.448619,22.4816,0.8809,-0.138,0.05802,0.706566,-8.237187,162,0.629601,2535.2518,0.120742,0
429,18.304,7888.92,7291.0097,17062.5,-6.5466649358,0.298129,0.417086,19.0294,0.9376,0.09,0.063296,0.718235,-5.074141,135,0.648524,2584.0036,0.119766,0
430,18.3467,8138.01,7363.9377,17355.47,-6.1491114888,0.27891,0.446038,21.1689,0.8318,-0.2084,0.058438,0.711153,-4.752613,160,0.640161,2467.7883,0.11708,0
431,18.3893,8091.52,7319.8321,17437.5,-6.276335983,0.366524,0.43735,20.4507,0.8789,-0.0538,0.059862,0.719629,-5.054849,136,0.644075,2598.6599,0.111586,0
432,18.432,8006.24,7361.3016,17296.88,-6.1871414728,0.225133,0.439805,20.1018,0.8505,-0.1616,0.059457,0.698711,-7.221947,151,0.627556,2489.5746,0.112685,0
433,18.4747,7960.56,7359.675,17214.84,-6.6266303269,0.30977,0.402883,17.0337,0.9045,0.0064,0.065804,0.70204,-7.539477,168,0.631287,2694.9959,0.120742,0
434,18.5173,8002.49,7302.8772,17027.34,-7.0819191618,0.281123,0.379058,15.2069,0.94,0.1654,0.070216,0.727313,-4.274685,154,0.627793,2748.7824,0.120742,0
435,18.56,8035.77,7364.7762,17261.72,-7.0265656749,0.243374,0.386249,14.8383,0.9243,0.0853,0.068855,0.731255,-3.773012,154,0.632259,2683.1239,0.11476,0
436,18.6027,8129.1,7388.2307,17472.66,-6.2498412964,0.39639,0.444557,19.7662,0.8505,-0.1583,0.058679,0.706624,-3.725748,143,0.617217,2531.9017,0.121597,0
437,18.6453,8026.31,7446.971,17273.44,-6.6064767132,0.369069,0.409525,17.5041,0.877,-0.0934,0.06462,0.706365,-6.817138,140,0.648389,2761.4586,0.123184,0
438,18.688,8015.45,7268.0206,17250.0,-5.5066121158,0.38851,0.498128,27.7855,0.8395,-0.293,0.050443,0.693686,-2.366307,164,0.654716,2323.0595,0.114028,0
439,18.7307,7984.59,7416.724,17320.31,-6.8531074735,0.27271,0.394519,15.9374,0.9265,0.0262,0.067322,0.724509,-4.361038,163,0.65556,2717.3351,0.11769,0
440,18.7733,8157.08,7363.556,17343.75,-6.7464609272,0.246074,0.397406,15.9566,0.8852,-0.0017,0.066794,0.726401,-6.791037,149,0.663536,2629.085,0.122329,0
441,18.816,8281.58,7380.7942,17367.19,-6.9227258478,0.232034,0.394284,15.4671,0.8688,-0.0069,0.067365,0.738647,-4.882822,149,0.648215,2687.0002,0.123184,0
442,18.8587,8006.32,7374.0502,17226.56,-6.884649786,0.328202,0.395189,16.5345,0.8978,-0.0118,0.067199,0.72645,-3.832272,165,0.621056,2756.3454,0.120498,0
443,18.9013,7731.94,7311.6042,16980.47,-6.531884244,0.320108,0.412336,18.9788,0.9411,0.0176,0.064125,0.702789,-5.863394,168,0.638337,2560.3482,0.118056,0
444,18.944,7867.94,7220.6247,16980.47,-6.116697648,0.31766,0.456329,22.0336,0.9047,-0.0538,0.056787,0.692246,-0.859932,152,0.660711,2597.0346,0.11769,0
445,18.9867,8066.79,7237.6799,17179.69,-6.0086636831,0.284392,0.454147,22.3115,0.8722,-0.1105,0.057134,0.71464,-5.753714,163,0.635758,2568.3289,0.119521,0
446,19.0293,7958.44,7206.5744,17191.41,-5.4768809856,0.374409,0.493772,27.5888,0.8207,-0.3256,0.051079,0.685319,-1.753352,163,0.640811,2268.8956,0.121841,0
447,19.072,7950.45,7328.0647,17203.12,-6.9350792105,0.247266,0.389669,15.3405,0.9372,0.102,0.068217,0.724538,-4.743697,166,0.671533,2673.5771,0.120254,0
448,19.1147,7997.72,7382.0761,17320.31,-6.7625646226,0.184131,0.402674,16.2695,0.9155,0.035,0.065841,0.719103,-3.433073,152,0.650557,2604.0845,0.119888,0
449,19.1573,7956.78,7322.3182,17214.84,-6.1856687682,0.337678,0.445205,21.7779,0.9007,-0.0746,0.058573,0.707856,-6.983739,145,0.655915,2546.238,0.120864,0
450,19.2,8075.28,7385.8287,17308.59,-6.8613256864,0.27831,0.395187,16.3693,0.8987,-0.005,0.0672,0.729733,-4.062908,153,0.638919,2724.5194,0.121231,0
451,19.2427,8014.27,7326.8957,17437.5,-5.8647455955,0.268949,0.46816,24.1102,0.875,-0.1543,0.054934,0.703277,-2.624523,136,0.624974,2410.4645,0.12001,0
452,19.2853,8309.22,7488.445,17753.91,-7.1137128734,0.309396,0.380303,14.7513,0.874,-0.0194,0.069978,0.736027,-5.162964,151,0.61381,2726.7007,0.128067,0
453,19.328,8025.5,7352.1212,17296.88,-6.8315785418,0.361621,0.393853,15.7459,0.9155,0.0339,0.067444,0.723537,-6.451312,165,0.649548,2767.8,0.128312,0
454,19.3707,8325.66,7460.577,17542.97,-6.8913140269,0.292681,0.395799,15.2345,0.8299,-0.1078,0.067088,0.729601,-5.223056,159,0.632546,2518.0513,0.124771,0
455,19.4133,8163.32,7354.6006,17144.53,-6.5863474983,0.32734,0.420008,18.0982,0.8724,-0.0462,0.06279,0.73258,-7.608093,157,0.637969,2644.6257,0.127945,0
456,19.456,8088.66,7361.3144,17285.16,-6.8773188044,0.329703,0.396161,16.4902,0.9155,0.026,0.067021,0.739894,-5.128416,151,0.598999,2666.2663,0.125259,0
457,19.4987,8084.37,7360.6723,17449.22,-6.3419662643,0.307878,0.431101,19.86,0.8783,-0.0848,0.060903,0.710827,-7.823546,154,0.642145,2403.1577,0.119277,0
458,19.5413,8131.05,7342.2313,17273.44,-5.9888747277,0.403648,0.454995,22.2909,0.817,-0.256,0.056999,0.688881,-6.975796,151,0.62359,2463.6713,0.110365,0
459,19.584,7690.24,7243.2986,16875.0,-5.4653882515,0.415414,0.490345,27.6139,0.8923,-0.1996,0.051583,0.643344,-1.630938,151,0.639493,2276.9905,0.109144,0
460,19.6267,8137.72,7455.7147,17449.22,-6.84635534,0.375995,0.396117,16.1088,0.8894,-0.0077,0.067029,0.718893,-5.644478,148,0.653398,2658.5261,0.119277,0
461,19.6693,7761.23,7321.447,17050.78,-6.7899575471,0.325826,0.395204,17.7266,0.9443,0.0711,0.067196,0.700352,-4.397813,155,0.631002,2784.6169,0.126969,0
462,19.712,8129.37,7394.0907,17566.41,-6.2631354216,0.250368,0.436118,20.0376,0.8372,-0.209,0.060066,0.708196,-2.983571,166,0.667412,2696.2684,0.122818,0
463,19.7547,8061.72,7409.3505,17261.72,-6.6232129925,0.341556,0.409851,17.3455,0.8928,-0.0221,0.064562,0.715242,-6.353927,162,0.655429,2759.3397,0.123916,0
464,19.7973,8175.71,7355.6164,17285.16,-6.7683874647,0.307092,0.399162,16.4786,0.9005,0.0483,0.066475,0.730117,-3.270822,166,0.665539,2824.4999,0.12648,0
465,19.84,8112.29,7380.4638,17250.0,-7.0108751167,0.318473,0.383019,14.6152,0.8968,0.0264,0.069463,0.725515,-5.655674,161,0.656026,2634.8275,0.127091,0
466,19.8827,7896.29,7359.8015,17355.47,-6.4212492432,0.273839,0.419528,18.8522,0.9067,-0.0925,0.062873,0.714936,-4.164613,163,0.644846,2577.3562,0.123916,0
467,19.9253,7919.64,7318.574,17179.69,-6.1785386563,0.37005,0.445377,21.4384,0.8924,-0.0979,0.058545,0.704176,-8.663263,144,0.640106,2494.8656,0.112807,0
468,19.968,8100.61,7336.9335,17355.47,-6.1790084293,0.3313,0.443424,21.0909,0.8497,-0.1637,0.058863,0.706318,-5.145965,146,0.629682,2653.9742,0.113417,0
469,20.0107,8325.77,7361.4788,17460.94,-5.7403550737,0.276707,0.471856,23.851,0.7791,-0.3163,0.054365,0.700264,-2.474298,151,0.650566,2502.8288,0.114272,0
470,20.0533,8104.02,7373.8619,17191.41,-6.9417117959,0.32925,0.3878,15.5211,0.9233,0.1192,0.068565,0.731722,-5.326915,164,0.6402,2726.1366,0.118178,0
471,20.096,8222.03,7322.6974,17390.62,-6.3597753214,0.329146,0.427967,18.5532,0.8589,-0.1198,0.061432,0.727774,-5.348435,171,0.634613,2725.1744,0.123672,0
472,20.1387,7870.31,7315.0732,17109.38,-6.4012729668,0.430074,0.429733,19.1466,0.9224,0.0017,0.061134,0.711596,-7.747476,155,0.654471,2478.5335,0.11244,0
473,20.1813,7717.52,7297.4393,17015.62,-5.9570535134,0.500287,0.454214,21.9774,0.9308,-0.0848,0.057123,0.68559,-1.643281,173,0.624672,2459.765,0.11122,0
474,20.224,7981.72,7413.5973,17296.88,-6.8137302482,0.328484,0.393175,16.3654,0.896,-0.028,0.067569,0.71646,-5.943494,156,0.655731,2783.4968,0.123428,0
475,20.2667,8177.66,7399.6357,17425.78,-6.5326167741,0.234783,0.42885,18.8746,0.856,-0.1032,0.061282,0.737553,-5.560746,123,0.619831,2575.0284,0.128678,0
476,20.3093,8335.45,7369.0039,17332.03,-6.7245125558,0.322211,0.408868,16.0071,0.8675,-0.0078,0.064736,0.737951,-7.679521,161,0.607415,2686.6429,0.123672,0
477,20.352,7922.02,7275.0583,17109.38,-5.6005477657,0.530024,0.475969,26.1147,0.8489,-0.2225,0.053737,0.656398,-3.589074,151,0.628475,2545.8158,0.116225,0
478,20.3947,8043.56,7338.5766,17320.31,-6.4298421775,0.323635,0.431966,19.7263,0.8957,-0.0504,0.060758,0.727342,-4.013565,148,0.640534,2450.4966,0.119155,0
479,20.4373,8243.91,7476.8961,17578.12,-7.2662985565,0.306245,0.367645,13.9557,0.9018,0.0387,0.072429,0.739561,-4.569014,157,0.631506,2671.8942,0.126602,0
480,20.48,8045.46,7279.097,17378.91,-5.2883462091,0.342254,0.508107,28.6504,0.827,-0.3603,0.049007,0.67925,-2.902605,162,0.65317,2292.7067,0.115248,0
481,20.5227,7860.44,7333.6803,17238.28,-6.0159401597,0.357697,0.448867,22.708,0.8886,-0.1435,0.05798,0.690682,-6.921315,176,0.631693,2626.7986,0.113539,0
482,20.5653,8136.25,7319.2593,17285.16,-6.3616938544,0.228406,0.434316,18.7413,0.8825,-0.0416,0.060366,0.723816,-3.164439,155,0.614634,2671.5007,0.123794,0
483,20.608,8264.4,7412.3507,17378.91,-7.108802801,0.265349,0.379493,14.1782,0.8886,0.0445,0.070133,0.73649,-6.471067,163,0.631722,2709.1878,0.123062,0
484,20.6507,7806.24,7270.2797,17050.78,-5.8208179711,0.330393,0.471866,24.8308,0.8868,-0.1779,0.054364,0.68425,-2.036477,159,0.630572,2379.3884,0.119521,0
485,20.6933,8065.61,7326.8779,17144.53,-6.8906641936,0.213136,0.394251,16.3352,0.9279,0.128,0.067371,0.723984,-3.495188,155,0.645845,2624.5623,0.119399,0
486,20.736,8224.71,7354.7082,17367.19,-7.4267438094,0.292528,0.355481,12.596,0.9221,0.1446,0.074864,0.744151,-4.468214,147,0.620575,2741.7874,0.126847,0
487,20.7787,8183.24,7447.4841,17402.34,-6.3791625987,0.285865,0.430024,19.7403,0.8563,-0.132,0.061085,0.726401,-5.720106,140,0.638267,2593.0814,0.133683,0
488,20.8213,8053.56,7375.888,17296.88,-6.7262262174,0.30367,0.405669,16.2278,0.8922,-0.0256,0.065305,0.729302,-6.773629,134,0.611041,2764.7225,0.135148,0
489,20.864,8277.19,7344.2376,17378.91,-6.2077289919,0.306579,0.442926,19.6983,0.8478,-0.1001,0.058945,0.721911,-4.406891,151,0.623889,2610.4776,0.121353,0
490,20.9067,7844.58,7285.7023,17214.84,-5.5433875508,0.363341,0.488972,26.5579,0.8562,-0.2742,0.051786,0.66898,-1.86332,155,0.609434,2255.7974,0.117324,0
491,20.9493,8040.74,7366.2875,17308.59,-6.8103958132,0.237457,0.396786,16.5485,0.9036,0.0375,0.066907,0.711008,-5.68157,164,0.655939,2708.4068,0.122451,0
492,20.992,8102.18,7417.9607,17449.22,-6.630427956,0.239551,0.407925,17.5768,0.8874,-0.0365,0.064903,0.721254,-5.566113,155,0.642749,2638.0811,0.118545,0
493,21.0347,8051.91,7346.0974,17250.0,-6.1040442281,0.302734,0.447465,22.1605,0.875,-0.0998,0.058207,0.699105,-4.556106,151,0.654287,2439.8528,0.11769,0
494,21.0773,8001.32,7258.2139,17085.94,-5.6391202842,0.320615,0.479273,25.1311,0.8622,-0.1824,0.053236,0.694578,-2.709259,169,0.661598,2373.6655,0.119033,0
495,21.12,7977.46,7382.8513,17285.16,-6.6041446216,0.214215,0.413523,18.2785,0.879,-0.0689,0.063917,0.70552,-6.349122,164,0.63624,2800.7957,0.123672,0
496,21.1627,8221.56,7482.7463,17695.31,-6.8204614747,0.381606,0.398708,16.3841,0.8703,-0.0781,0.066558,0.72336,-3.86528,150,0.640189,2735.8592,0.127091,0
497,21.2053,8206.1,7424.5126,17484.38,-7.3036284652,0.333793,0.369573,12.9379,0.8986,0.0548,0.07205,0.74773,-6.837821,158,0.617758,2718.693,0.123916,0
498,21.248,7955.66,7366.0907,17296.88,-7.0984738618,0.308921,0.376081,15.4099,0.946,0.1464,0.070786,0.725217,-5.27279,132,0.60536,2666.0059,0.116713,0
499,21.2907,7987.96,7346.4553,17320.31,-6.1250585369,0.226889,0.444145,21.2114,0.8732,-0.1584,0.058746,0.711669,-5.014595,157,0.659274,2722.503,0.113295,0
500,21.3333,7928.58,7402.0295,17261.72,-5.9070665296,0.313673,0.457937,22.6154,0.8498,-0.2229,0.056532,0.689911,-10.197377,131,0.638055,2516.4526,0.114516,0
501,21.376,8155.39,7407.4732,17402.34,-6.388259315,0.339649,0.424939,19.0422,0.8739,-0.081,0.061946,0.722323,-6.705721,131,0.632712,2726.9122,0.117202,0
502,21.4187,8071.24,7357.9771,17414.06,-6.388557282,0.387682,0.42542,19.1305,0.8905,-0.0703,0.061864,0.715813,-5.015253,143,0.596477,2680.3364,0.118545,0
503,21.4613,8042.05,7349.6064,17320.31,-5.7963251391,0.338684,0.466108,22.8236,0.8404,-0.2696,0.055252,0.69541,-3.533639,130,0.634722,2503.6351,0.113295,0
504,21.504,7803.58,7338.3567,17050.78,-6.159947379,0.287938,0.431377,20.9655,0.9267,-0.0324,0.060857,0.687812,-6.932017,151,0.624066,2601.3381,0.111464,0
505,21.5467,7978.08,7361.2771,17191.41,-7.0987381746,0.375078,0.378846,15.0513,0.9414,0.1152,0.070256,0.73441,-4.707145,156,0.644136,2719.6086,0.115615,0
506,21.5893,7914.69,7234.4695,17015.62,-5.6256525366,0.326914,0.483009,25.2141,0.8678,-0.1796,0.052674,0.688579,-2.424926,148,0.629439,2396.8998,0.126358,0
507,21.632,8356.9,7377.2918,17519.53,-6.7112520575,0.34227,0.404297,16.3095,0.8634,-0.0246,0.06555,0.739065,-5.657145,157,0.651062,2663.9055,0.125382,0
508,21.6747,7899.18,7292.4529,17097.66,-5.8013892307,0.264814,0.47346,23.7491,0.8693,-0.1598,0.054119,0.679412,-4.813388,148,0.651268,2382.48,0.115371,0
509,21.7173,8004.98,7387.9174,17214.84,-6.5606400855,0.275835,0.409895,17.7324,0.922,0.0663,0.064554,0.709479,-5.170966,139,0.656403,2550.9084,0.115981,0
510,21.76,7913.84,7422.2014,17179.69,-6.258776271,0.282012,0.44304,20.2399,0.8849,-0.1087,0.058926,0.699591,-6.222337,151,0.655908,2456.7743,0.121841,0
511,21.8027,8368.96,7350.3847,17460.94,-6.2742000503,0.25372,0.431246,18.9715,0.8358,-0.1315,0.060879,0.741817,-3.356476,166,0.630097,2605.876,0.123672,0
512,21.8453,8171.9,7325.9179,17015.62,-6.6372471132,0.250048,0.404842,17.6553,0.8489,-0.0659,0.065452,0.720978,-3.721955,164,0.629998,2696.4142,0.122574,0
513,21.888,8233.72,7390.9451,17449.22,-6.0317835211,0.337544,0.462137,21.5206,0.8294,-0.2286,0.055872,0.725299,-2.530591,153,0.621996,2644.8547,0.127457,0
514,21.9307,7760.48,7341.8997,17332.03,-5.9526947191,0.370301,0.448212,22.9666,0.8912,-0.1973,0.058086,0.682129,-1.565591,151,0.649465,2455.147,0.127213,0
515,21.9733,8111.29,7346.4427,17378.91,-6.029845984,0.29381,0.455762,21.8064,0.8374,-0.2204,0.056877,0.707764,-7.089292,131,0.681627,2610.9859,0.123672,0
516,22.016,8051.63,7379.9614,17308.59,-6.6384162602,0.341025,0.406326,17.0446,0.9056,0.005,0.065188,0.72412,-3.925735,170,0.635171,2648.4594,0.124893,0
517,22.0587,8149.56,7384.2751,17472.66,-6.5394796987,0.281449,0.423998,18.8362,0.8823,-0.0358,0.062106,0.736537,-4.167357,146,0.627839,2468.2161,0.121841,0
518,22.1013,8300.74,7402.0642,17425.78,-6.4585539403,0.31042,0.422607,18.4465,0.8395,-0.0901,0.062344,0.723495,-3.556328,162,0.618416,2628.5672,0.12001,0
519,22.144,8093.17,7401.0723,17390.62,-6.8219773015,0.39912,0.397468,16.5289,0.8793,-0.0425,0.066783,0.717563,-5.582211,146,0.618766,2636.7317,0.132829,0
520,22.1867,8403.2,7433.0363,17777.34,-6.3672993958,0.251541,0.433231,18.393,0.8164,-0.1931,0.060547,0.721666,-4.066992,148,0.655405,2600.8027,0.134782,0
521,22.2293,7981.1,7340.9261,17214.84,-6.1360668963,0.392849,0.446705,21.2376,0.8754,-0.127,0.05833,0.688755,-0.865397,155,0.643846,2526.3734,0.122451,0
522,22.272,7883.14,7299.8766,17273.44,-5.4667803227,0.219021,0.497324,28.8098,0.8581,-0.2827,0.05056,0.681657,-2.415502,148,0.650069,2384.2223,0.121597,0
523,22.3147,8114.83,7396.0566,17378.91,-6.8785772339,0.212248,0.39476,15.5249,0.8911,-0.0053,0.067278,0.719053,-4.775818,157,0.657926,2700.4101,0.127091,0
524,22.3573,8087.15,7382.5089,17261.72,-6.8519603382,0.302325,0.396264,15.9633,0.8989,0.0307,0.067003,0.720159,-3.919253,173,0.614818,2697.6686,0.117568,0
525,22.4,7984.69,7328.3948,17261.72,-5.9203875614,0.271947,0.460956,22.9512,0.866,-0.1744,0.056057,0.699034,-2.79278,159,0.634103,2523.7114,0.115981,0
526,22.4427,8231.07,7395.4333,17390.62,-6.5288206479,0.291245,0.416914,17.8833,0.8721,-0.0666,0.063326,0.7207,-3.586796,152,0.653136,2507.0122,0.125015,0
527,22.4853,7932.17,7315.0358,17109.38,-6.6337102032,0.371017,0.411602,17.1413,0.9376,0.0914,0.064254,0.723588,-5.975909,151,0.605036,2637.1933,0.122451,0
528,22.528,8046.02,7340.7947,17109.38,-6.7472942871,0.221659,0.406467,18.0679,0.896,0.0675,0.065162,0.724653,-6.282228,145,0.612821,2725.0247,0.118667,0
529,22.5707,7991.34,7236.6069,17238.28,-4.9094716458,0.248971,0.535661,36.5697,0.7651,-0.5244,0.045185,0.613039,0.233463,147,0.637331,2067.3188,0.120254,0
530,22.6133,8336.61,7404.764,17542.97,-6.7223513322,0.176109,0.405642,15.9773,0.8374,-0.0983,0.06531,0.7384,-5.937371,157,0.656309,2638.0645,0.116713,0
531,22.656,7924.02,7320.9625,17203.12,-6.2351143266,0.413218,0.429114,20.2603,0.8911,-0.0912,0.061238,0.687991,-2.859744,161,0.646867,2590.9497,0.116225,0
532,22.6987,7793.41,7173.6523,16980.47,-6.0804793575,0.296647,0.45382,22.0681,0.9112,-0.0524,0.057186,0.704087,-3.552883,140,0.631013,2400.4838,0.119766,0
533,22.7413,7994.25,7300.7875,17273.44,-5.6220206718,0.288438,0.48218,25.5472,0.8435,-0.2408,0.052799,0.687253,-3.003989,145,0.649969,2455.1972,0.116836,0
534,22.784,8019.31,7283.5514,17285.16,-5.8989504741,0.302537,0.462239,22.0977,0.8544,-0.2353,0.055856,0.717639,-4.043736,171,0.637978,2433.5506,0.115126,0
535,22.8267,7868.55,7233.0164,16792.97,-6.7230583582,0.415024,0.408464,18.1361,0.953,0.1853,0.064808,0.715362,-5.482527,160,0.641079,2648.5016,0.122085,0
536,22.8693,8112.74,7392.3747,17554.69,-6.3662620298,0.233223,0.430064,18.2913,0.8572,-0.1653,0.061078,0.724403,-5.040228,148,0.648495,2591.6415,0.122085,0
537,22.912,8063.34,7394.4475,17484.38,-6.1959894832,0.407992,0.433083,19.8823,0.867,-0.1407,0.060571,0.697935,-5.769124,148,0.641008,2665.6426,0.121597,0
538,22.9547,8088.62,7398.3084,17367.19,-7.1178713023,0.306884,0.372426,14.9577,0.9082,0.0852,0.071493,0.727608,-7.232406,156,0.63919,2756.8458,0.122574,0
539,22.9973,8250.25,7394.0851,17578.12,-5.971109599,0.28166,0.460574,20.3743,0.8232,-0.2495,0.056117,0.710646,-7.586607,143,0.635403,2514.4732,0.120742,0
540,23.04,7904.21,7326.7054,17132.81,-6.694178224,0.356695,0.409185,16.8037,0.9096,-0.0233,0.06468,0.71704,-8.454342,158,0.612297,2614.209,0.121475,0
541,23.0827,8091.02,7333.0304,17296.88,-6.5477393674,0.285281,0.412713,18.3865,0.8811,-0.0476,0.064059,0.725081,-4.89764,159,0.634367,2753.5869,0.117324,0
542,23.1253,7909.88,7351.4071,17167.97,-6.7338627177,0.300256,0.405651,17.0549,0.9474,0.0945,0.065308,0.720876,-6.74988,152,0.639686,2667.3545,0.120254,0
543,23.168,8146.06,7288.3583,17250.0,-6.361690255,0.251204,0.429455,19.3708,0.8704,-0.0832,0.06118,0.730331,-6.086728,153,0.627732,2555.1934,0.121841,0
544,23.2107,7884.95,7356.5526,17203.12,-6.8356603258,0.348607,0.392957,15.9935,0.9331,0.0519,0.067609,0.714329,-5.581029,157,0.65138,2675.2261,0.113783,0
545,23.2533,7726.49,7221.464,16886.72,-5.9669057481,0.303764,0.453054,22.825,0.9064,-0.1061,0.057308,0.691864,-3.932038,152,0.659925,2405.1678,0.11122,0
546,23.296,7896.52,7312.4223,17132.81,-6.4035752333,0.377766,0.429732,18.9442,0.8954,-0.0741,0.061134,0.714464,-4.226667,156,0.652281,2612.6892,0.115004,0
547,23.3387,8161.47,7401.997,17601.56,-5.7800150486,0.386171,0.467511,23.4494,0.8323,-0.2639,0.055035,0.701294,-2.770168,162,0.629726,2491.7632,0.114272,0
548,23.3813,8052.66,7360.8962,17285.16,-6.2262472904,0.368265,0.431897,20.3667,0.8805,-0.107,0.06077,0.708556,-2.941327,150,0.651178,2538.9598,0.117568,0
549,23.424,8342.03,7401.2324,17437.5,-7.1283213462,0.278632,0.376413,14.0894,0.8649,0.0067,0.070722,0.746971,-5.325417,154,0.630474,2747.2339,0.129044,0
550,23.4667,8196.49,7379.9432,17437.5,-6.5372165155,0.319708,0.417949,18.7331,0.8546,-0.0784,0.063146,0.726718,-4.40268,154,0.615773,2670.6988,0.123672,0
551,23.5093,8210.49,7414.1466,17402.34,-6.4342199322,0.296305,0.424507,18.9135,0.8472,-0.113,0.062019,0.724633,-6.013381,157,0.615909,2677.6639,0.113417,0
552,23.552,7936.8,7350.9186,17285.16,-5.7050592707,0.279957,0.475452,24.6288,0.8572,-0.2371,0.053815,0.687734,-1.745256,156,0.626814,2391.6781,0.113906,0
553,23.5947,7774.94,7294.2939,17039.06,-5.9492742642,0.395177,0.453693,23.4658,0.8899,-0.1135,0.057206,0.68806,-8.172476,144,0.605085,2561.6536,0.109755,0
554,23.6373,7799.78,7257.7979,16945.31,-6.0446390634,0.294153,0.452212,22.8379,0.9207,-0.0284,0.057443,0.697615,-5.124853,155,0.636894,2473.433,0.11244,0
555,23.68,7784.22,7380.2429,17273.44,-6.4021278667,0.233626,0.425725,20.4281,0.9328,-0.0095,0.061812,0.698682,-3.781078,149,0.618526,2581.481,0.122329,0
556,23.7227,7949.88,7270.4478,17214.84,-5.5896497631,0.388765,0.485229,26.2882,0.8528,-0.2315,0.052342,0.654972,-7.351486,145,0.655419,2357.4813,0.110365,0
557,23.7653,8164.73,7255.534,17167.97,-5.863460526,0.257293,0.472849,23.8932,0.838,-0.1663,0.054213,0.703708,-8.780716,147,0.643073,2466.6564,0.113661,0
558,23.808,8046.28,7370.864,17261.72,-6.7889620275,0.253932,0.394737,16.9899,0.8866,0.001,0.067282,0.709961,-1.652153,150,0.669805,2626.7389,0.124039,0
559,23.8507,7938.38,7331.5617,17121.09,-6.1965899202,0.363163,0.442739,21.3573,0.9144,-0.009,0.058975,0.701537,-5.19764,155,0.649694,2644.8744,0.114272,0
560,23.8933,7955.8,7238.4542,17050.78,-6.229856271,0.356997,0.440183,18.7295,0.8981,-0.0437,0.059395,0.718483,-6.566184,162,0.611942,2648.6659,0.110243,0
561,23.936,7537.34,7186.7415,16828.12,-5.5344623534,0.404476,0.483107,27.2812,0.9025,-0.2231,0.052659,0.661307,-2.280887,169,0.675294,2160.3133,0.10597,0
562,23.9787,7991.34,7309.1675,17214.84,-6.4538742978,0.308274,0.423173,18.1039,0.9062,-0.0219,0.062247,0.72206,-5.411702,151,0.684247,2664.8516,0.115615,0
563,24.0213,8154.99,7374.1256,17425.78,-5.8313386011,0.432322,0.46573,22.411,0.8499,-0.1904,0.055311,0.693287,-2.474552,134,0.65149,2503.7715,0.125259,0
564,24.064,8149.06,7384.8588,17378.91,-6.433930573,0.392186,0.419523,18.9509,0.8831,-0.0375,0.062874,0.716206,-4.605102,156,0.60732,2602.6882,0.125626,0
565,24.1067,8083.99,7378.6545,17296.88,-7.1348772543,0.304663,0.375213,14.2413,0.9321,0.1255,0.070954,0.728097,-5.5113,151,0.633677,2659.7431,0.124649,0
566,24.1493,8198.39,7372.9959,17449.22,-6.3587823493,0.320443,0.432377,19.7255,0.8565,-0.1174,0.06069,0.73365,-5.712284,148,0.609135,2599.9233,0.118911,0
567,24.192,8085.34,7374.1311,17484.38,-6.5528144398,0.249422,0.414683,18.3458,0.9032,-0.0143,0.063714,0.72464,-4.394825,147,0.606075,2763.8903,0.120254,0
568,24.2347,8171.87,7329.8142,17402.34,-7.1001860465,0.492633,0.377761,14.0607,0.9327,0.1337,0.070464,0.747954,-6.515542,157,0.613648,2816.6557,0.129288,0
569,24.2773,8019.96,7366.8109,17285.16,-6.2892174184,0.28786,0.430652,19.9447,0.8782,-0.1041,0.060979,0.70988,-3.597949,165,0.654753,2626.5716,0.120986,0
570,24.32,7818.35,7291.6137,16945.31,-6.3636958238,0.243688,0.42585,20.2264,0.9177,0.0013,0.061791,0.700928,-3.160838,170,0.654098,2681.7857,0.115859,0
571,24.3627,8003.83,7286.6234,17296.88,-6.0366219774,0.286744,0.466923,22.8872,0.8708,-0.1478,0.055126,0.719281,-8.881385,137,0.61445,2427.3926,0.115859,0
572,24.4053,7840.04,7396.5733,17203.12,-6.7736660558,0.3426,0.393582,17.3255,0.9523,0.0924,0.067494,0.701399,-4.983375,147,0.639255,2704.9529,0.110487,0
573,24.448,7888.71,7312.7911,17050.78,-6.3192693267,0.304428,0.430039,19.6683,0.9143,-0.0108,0.061082,0.702948,-3.933164,156,0.613215,2667.3811,0.118423,0
574,24.4907,8251.91,7383.6314,17472.66,-6.8650032813,0.27964,0.390375,16.0831,0.8913,0.0624,0.068086,0.729566,-3.508125,157,0.648266,2740.1795,0.122207,0
575,24.5333,7908.05,7287.7361,17097.66,-6.015842128,0.33774,0.456994,22.525,0.9099,-0.0743,0.056682,0.70025,-1.401604,160,0.626334,2436.2724,0.120742,0
576,24.576,8012.65,7256.2156,17062.5,-6.2375630455,0.270677,0.443473,21.3343,0.8843,-0.0364,0.058856,0.716291,-3.282451,166,0.637662,2534.3496,0.118056,0
577,24.6187,7946.18,7300.1738,17179.69,-6.6809475391,0.465553,0.407735,17.657,0.9035,0.0185,0.064937,0.711662,-5.690441,157,0.64134,2660.0342,0.117324,0
578,24.6613,7777.48,7299.6982,17085.94,-6.0347019657,0.194434,0.449344,23.0295,0.9202,-0.0365,0.057904,0.68944,-10.91422,140,0.651162,2571.1705,0.119033,0
579,24.704,8027.47,7306.8493,17121.09,-5.6190400267,0.342721,0.482679,26.3528,0.8358,-0.2714,0.052724,0.686265,-1.926036,165,0.636256,2528.1525,0.120132,0
580,24.7467,7858.87,7332.1235,17167.97,-6.3964540407,0.309761,0.429083,20.3233,0.9129,-0.0233,0.061243,0.698632,-6.838853,139,0.642976,2609.4373,0.111098,0
581,24.7893,7859.45,7239.4557,17074.22,-5.3654870577,0.282048,0.500697,28.7485,0.8798,-0.2022,0.050071,0.665368,-1.013049,146,0.622479,2268.4462,0.10951,0
582,24.832,8083.5,7380.1435,17437.5,-6.2373930484,0.312789,0.436579,19.606,0.8663,-0.153,0.059989,0.7158,-6.387744,157,0.649359,2572.324,0.11769,0
583,24.8747,7775.43,7344.0798,17121.09,-6.166640494,0.33482,0.433975,20.4952,0.93,-0.0262,0.060423,0.692787,-3.920813,139,0.647731,2543.6054,0.116225,0
584,24.9173,7981.94,7302.2592,17320.31,-6.0060610552,0.345015,0.456415,22.6269,0.8688,-0.1644,0.056773,0.700124,-3.322039,142,0.661057,2607.5784,0.122085,0
585,24.96,8073.0,7366.7214,17296.88,-6.3928197849,0.263123,0.427125,19.2571,0.8907,-0.0186,0.061574,0.708807,-2.508405,167,0.624994,2580.7078,0.122085,0
586,25.0027,8066.55,7253.6523,17203.12,-6.2565074999,0.327182,0.446452,20.7986,0.889,-0.0247,0.058371,0.723264,-4.167342,165,0.607126,2506.1672,0.121597,0
587,25.0453,8117.12,7347.945,17285.16,-6.5659902168,0.319846,0.416928,18.2894,0.8774,-0.0558,0.063323,0.725595,-9.366018,147,0.643151,2641.1941,0.123062,0
588,25.088,8084.19,7258.4214,17273.44,-5.5288585636,0.306705,0.491987,25.7468,0.8245,-0.2848,0.051341,0.688356,-3.072425,151,0.639611,2349.5561,0.118301,0
589,25.1307,8384.8,7312.0393,17343.75,-6.5555223361,0.359213,0.418868,17.0717,0.8304,-0.0821,0.062987,0.733346,-3.305917,166,0.638334,2641.5771,0.119277,0
590,25.1733,8161.18,7287.1529,17390.62,-5.4179372851,0.296032,0.501904,27.552,0.7952,-0.3617,0.049897,0.689485,-2.102489,152,0.641351,2517.8427,0.13112,0
591,25.216,8395.51,7465.9499,17578.12,-6.8110572354,0.290464,0.395711,16.491,0.8343,-0.0947,0.067104,0.731349,-3.012832,139,0.585767,2630.5353,0.128434,0
592,25.2587,7922.97,7323.5408,17097.66,-5.9515317657,0.352873,0.459084,23.525,0.849,-0.2226,0.056351,0.67491,-1.169024,151,0.642846,2454.8637,0.113295,0
593,25.3013,7910.66,7329.4696,17226.56,-5.9161228411,0.258566,0.465684,23.1382,0.8729,-0.1677,0.055318,0.695926,-4.063609,148,0.666763,2474.2679,0.116958,0
594,25.344,8172.48,7293.3101,17414.06,-5.6918876663,0.295031,0.473907,24.2966,0.8159,-0.2782,0.054051,0.705495,-2.385951,159,0.660741,2478.7465,0.128312,0
595,25.3867,8132.02,7435.4261,17367.19,-6.8813216657,0.254165,0.395588,16.8547,0.8752,-0.0194,0.067126,0.724014,-7.065356,159,0.641638,2721.3244,0.124649,0
596,25.4293,8212.82,7332.2965,17367.19,-5.9848994906,0.299921,0.465239,20.883,0.8267,-0.2106,0.055387,0.726561,-4.519246,151,0.623987,2591.8659,0.124527,0
597,25.472,7971.37,7389.9376,17226.56,-6.495874823,0.269139,0.424642,19.519,0.8964,-0.0526,0.061996,0.707714,-8.353754,161,0.633205,2628.1091,0.122818,0
598,25.5147,7987.27,7334.1301,17203.12,-6.1539970357,0.309538,0.447235,22.076,0.8733,-0.1129,0.058244,0.70208,-6.199531,164,0.626434,2626.0768,0.121231,0
599,25.5573,7879.78,7293.536,17179.69,-6.0899882024,0.28796,0.451563,22.5217,0.895,-0.1068,0.057547,0.694715,-2.653158,152,0.626862,2586.0061,0.119033,0
600,25.6,7853.06,7293.4206,17109.38,-5.7801072108,0.295071,0.473541,24.7174,0.8639,-0.2303,0.054107,0.688816,-2.125195,170,0.641193,2471.1065,0.109633,0
601,25.6427,8138.23,7406.9064,17273.44,-7.0122538992,0.242605,0.382132,15.0751,0.8728,-0.0343,0.069631,0.731848,-6.11347,158,0.661214,2790.8345,0.122207,0
602,25.6853,8106.08,7316.4396,17156.25,-6.4042141108,0.371305,0.435434,19.4905,0.8849,-0.009,0.06018,0.71466,-5.300023,138,0.619818,2604.7459,0.124161,0
603,25.728,7772.53,7282.0353,16980.47,-6.1992758103,0.279813,0.443853,21.4318,0.925,0.0114,0.058794,0.695833,-1.413148,157,0.620974,2574.6775,0.109755,0
604,25.7707,7848.91,7351.6926,17132.81,-6.4836646871,0.293424,0.416062,19.282,0.9204,0.0208,0.063474,0.695088,-4.352395,137,0.646314,2700.0121,0.111098,0
605,25.8133,7940.14,7368.3303,17250.0,-6.814510221,0.2521,0.400423,16.6358,0.9363,0.1015,0.066247,0.719325,-6.851168,165,0.638555,2803.8619,0.116591,0
606,25.856,8064.78,7343.5598,17332.03,-6.0287236133,0.272866,0.452986,21.7147,0.8286,-0.2363,0.057319,0.708602,-3.934766,164,0.654789,2467.4638,0.113417,0
607,25.8987,7966.23,7333.481,17273.44,-5.492078975,0.30168,0.487199,28.0527,0.8196,-0.3287,0.052049,0.670158,-2.842527,155,0.626908,2434.8903,0.11244,0
608,25.9413,7891.22,7367.3413,17191.41,-6.2833472169,0.330144,0.434862,21.6219,0.9155,-0.0375,0.060275,0.706608,-4.23346,141,0.650075,2491.1637,0.118301,0
609,25.984,8006.23,7357.1324,17203.12,-6.2776050196,0.297983,0.433987,20.1328,0.8928,-0.0693,0.060421,0.715999,-2.341682,152,0.629723,2537.4239,0.11769,0
610,26.0267,8153.8,7360.0008,17273.44,-6.7564982732,0.280243,0.407048,17.1827,0.8978,0.0286,0.065059,0.729604,-1.977217,166,0.627783,2669.9458,0.126236,0
611,26.0693,8163.47,7324.8619,17203.12,-6.5741966995,0.270562,0.421605,17.4266,0.8759,-0.0368,0.062516,0.73197,-2.477947,175,0.607231,2584.102,0.134904,0
612,26.112,8017.62,7322.7031,17167.97,-6.1036964234,0.349714,0.444932,20.0083,0.8614,-0.1703,0.058618,0.70945,-6.202703,149,0.638605,2498.3069,0.116958,0
613,26.1547,7955.3,7333.2467,17367.19,-5.3767199995,0.359777,0.498423,27.4575,0.8455,-0.3085,0.0504,0.678459,-2.976479,155,0.660227,2257.4375,0.100598,0
614,26.1973,7922.3,7369.7545,17226.56,-6.3053465302,0.351778,0.434976,20.0845,0.9039,-0.0566,0.060256,0.69807,-6.267417,145,0.610471,2545.2278,0.102552,0
615,26.24,7850.9,7320.0314,17121.09,-6.1164312627,0.377142,0.44182,22.4386,0.9089,-0.0709,0.059126,0.695072,-4.912201,155,0.642441,2573.6223,0.113539,0
616,26.2827,8014.69,7428.4251,17425.78,-6.7922670272,0.420343,0.391917,16.4577,0.9159,0.0533,0.067801,0.705258,-3.605279,175,0.677624,2784.9419,0.114028,0
617,26.3253,7799.03,7280.5944,17050.78,-5.750836834,0.371473,0.47031,24.7785,0.8843,-0.179,0.054603,0.687385,-6.963233,151,0.667134,2453.7761,0.106458,0
618,26.368,7746.97,7334.4252,17085.94,-6.533644048,0.315849,0.411531,19.1816,0.9296,0.005,0.064266,0.687527,-3.750786,163,0.64537,2606.4483,0.106702,0
619,26.4107,8024.03,7342.1607,17179.69,-6.7719944782,0.295698,0.402834,17.6191,0.9191,0.0321,0.065812,0.729655,-4.551361,143,0.67102,2730.0233,0.127091,0
620,26.4533,8219.37,7385.2448,17472.66,-6.6953264885,0.362488,0.40511,17.4226,0.8922,-0.0075,0.065405,0.744383,-4.863336,169,0.634748,2740.5301,0.132462,0
621,26.496,7809.08,7236.0066,16828.12,-6.2443323379,0.192325,0.446399,20.8827,0.9086,-0.0478,0.058379,0.713313,-5.052752,161,0.631663,2560.3224,0.117812,0
622,26.5387,7957.64,7412.0437,17390.62,-6.3687917363,0.309452,0.435893,20.7472,0.887,-0.1047,0.060103,0.714522,-7.148495,148,0.625826,2563.612,0.118911,0
623,26.5813,8213.02,7390.6347,17402.34,-5.6864145292,0.409372,0.487445,24.5616,0.7963,-0.3117,0.052012,0.696583,-5.08526,158,0.597437,2470.9915,0.119521,0
624,26.624,8090.51,7486.276,17472.66,-6.8163246034,0.271253,0.399627,16.2913,0.8803,-0.0736,0.066391,0.718837,-7.113426,162,0.636929,2579.474,0.116103,0
625,26.6667,8094.57,7386.6423,17437.5,-6.848606266,0.295727,0.392439,15.8289,0.8803,-0.0472,0.067705,0.724079,-5.870976,154,0.666494,2752.9669,0.116836,0
626,26.7093,8136.86,7200.8877,17179.69,-5.6889904678,0.280815,0.475209,23.7231,0.8299,-0.2081,0.053853,0.714688,-3.34262,144,0.669835,2458.9537,0.123184,0
627,26.752,8063.19,7486.1467,17613.28,-6.3870496063,0.363919,0.430433,19.189,0.8652,-0.1597,0.061016,0.708675,-3.379611,159,0.662044,2607.9929,0.126847,0
628,26.7947,8183.01,7386.7888,17648.44,-5.1385223281,0.268377,0.511646,29.4441,0.7759,-0.4627,0.048505,0.663296,-1.813564,173,0.619393,2233.9248,0.120254,0
629,26.8373,7875.65,7311.9251,17085.94,-6.8399624421,0.274789,0.394127,17.3351,0.953,0.1562,0.067394,0.712808,-5.388438,172,0.642012,2693.136,0.115737,0
630,26.88,7923.26,7296.2309,17097.66,-5.634087345,0.303643,0.485904,27.4044,0.8499,-0.2234,0.052242,0.67942,-6.089569,148,0.641152,2454.1016,0.116225,0
631,26.9227,7961.34,7303.6956,17191.41,-6.1614875255,0.240044,0.44284,21.0843,0.8679,-0.111,0.058959,0.701979,-4.283304,159,0.613258,2595.8719,0.118911,0
632,26.9653,7998.34,7375.7086,17320.31,-6.7290754291,0.286338,0.396921,16.3562,0.9044,-0.012,0.066883,0.716126,-5.78373,165,0.651579,2788.6788,0.116591,0
633,27.008,7869.71,7255.4549,17074.22,-6.0239060302,0.336915,0.458479,23.3468,0.8671,-0.1121,0.056447,0.685423,-4.691631,161,0.634906,2533.2812,0.113661,0
634,27.0507,8160.14,7366.4194,17460.94,-6.9167105652,0.25821,0.391347,15.4243,0.8848,-0.0059,0.067906,0.721993,-3.079661,167,0.655891,2726.8267,0.113173,0
635,27.0933,8024.42,7329.5896,17273.44,-5.9931065169,0.262349,0.45137,21.747,0.8574,-0.1599,0.057578,0.70555,-3.133865,135,0.630475,2631.46,0.118056,0
636,27.136,8141.97,7311.4209,17308.59,-6.5099450378,0.329259,0.428727,18.5126,0.877,-0.0625,0.061303,0.731196,-4.540006,150,0.630565,2612.227,0.121597,0
637,27.1787,7943.41,7367.8855,17250.0,-6.5773339289,0.392356,0.414418,17.5719,0.9069,-0.0314,0.06376,0.704579,-6.574653,142,0.637363,2602.8003,0.116958,0
638,27.2213,8065.4,7381.4543,17250.0,-6.5312588071,0.319852,0.413858,19.3664,0.8898,0.0135,0.063858,0.714086,-1.889618,141,0.648905,2645.3181,0.11769,0
639,27.264,7953.77,7265.0351,17085.94,-6.2139521102,0.318004,0.446308,21.1096,0.8725,-0.1261,0.058394,0.716086,-5.410091,149,0.625989,2557.8523,0.118545,0
640,27.3067,8031.89,7348.0338,17332.03,-5.5304784772,0.267681,0.493979,27.5177,0.8059,-0.3373,0.051049,0.656572,-3.888851,152,0.646682,2359.2973,0.114516,0
641,27.3493,8231.12,7371.227,17367.19,-6.3693814966,0.336286,0.42941,18.7965,0.8486,-0.1225,0.061188,0.721888,-6.703799,160,0.640673,2563.6263,0.119277,0
642,27.392,8298.75,7372.0056,17367.19,-6.4222956523,0.254005,0.425948,18.7812,0.8421,-0.1073,0.061774,0.730171,-2.932752,164,0.612408,2642.6686,0.125748,0
643,27.4347,8049.32,7371.2854,17378.91,-6.8875882138,0.286988,0.386713,14.8968,0.9307,0.0994,0.068769,0.722412,-7.646593,138,0.632901,2680.9704,0.121475,0
644,27.4773,7981.36,7304.798,17156.25,-6.1966870263,0.360892,0.435288,20.2034,0.8852,-0.1006,0.060204,0.69749,-3.323468,160,0.664514,2573.3065,0.122818,0
645,27.52,8157.49,7384.0882,17320.31,-7.2798949315,0.304999,0.364819,13.6497,0.9049,0.1124,0.072987,0.733791,-6.392689,169,0.654033,2777.0478,0.126724,0
646,27.5627,8131.91,7308.8284,17167.97,-6.5376016939,0.313875,0.41929,18.5455,0.881,-0.0157,0.062914,0.724014,-3.070859,143,0.635026,2636.0691,0.119888,0
647,27.6053,7926.46,7295.8319,17109.38,-6.8333080627,0.309891,0.387072,16.392,0.9572,0.1394,0.068701,0.722359,-5.108061,167,0.677934,2712.9759,0.11708,0
648,27.648,7960.64,7419.6097,17261.72,-6.7978350246,0.332696,0.393373,16.8297,0.9054,0.0092,0.067533,0.706035,-5.909684,165,0.692193,2757.6283,0.115371,0
649,27.6907,7826.29,7210.446,16921.88,-6.1301455203,0.392896,0.447327,22.5852,0.9192,-0.0373,0.058229,0.706886,-1.981327,183,0.642127,2529.4415,0.11476,0
650,27.7333,8136.01,7367.7295,17367.19,-6.4053693598,0.290615,0.429472,18.942,0.9023,-0.0182,0.061177,0.725346,-4.25014,150,0.652591,2614.4393,0.126724,0
651,27.776,8320.29,7433.5832,17484.38,-6.7148384813,0.312122,0.406407,16.9627,0.8445,-0.0815,0.065173,0.72068,-5.837666,166,0.632769,2615.4619,0.131852,0
652,27.8187,8098.2,7355.6518,17355.47,-7.1098315622,0.269579,0.379734,14.3415,0.9202,0.0583,0.070087,0.737321,-5.225142,158,0.652493,2790.2472,0.128189,0
653,27.8613,8052.13,7386.9898,17320.31,-6.3499956731,0.331079,0.434019,19.4817,0.8724,-0.1311,0.060415,0.72077,-4.556858,160,0.663734,2690.9129,0.12355,0
654,27.904,7904.91,7257.6065,17074.22,-6.3333098599,0.326646,0.435131,20.3022,0.8866,-0.0848,0.06023,0.714323,-4.912906,142,0.621184,2623.9318,0.121353,0
655,27.9467,7975.6,7300.3494,17261.72,-5.5925215756,0.261003,0.484193,25.2199,0.8548,-0.2722,0.052497,0.695957,-2.935803,150,0.642837,2371.966,0.122574,0
656,27.9893,7926.93,7372.1115,17343.75,-5.9049949132,0.360621,0.450181,23.0888,0.8863,-0.1508,0.057769,0.67602,-1.180046,161,0.671465,2486.1065,0.124405,0
657,28.032,8141.66,7351.3012,17425.78,-5.8014790711,0.25879,0.464115,23.8605,0.8128,-0.2832,0.055562,0.687993,-5.652933,152,0.671681,2498.1105,0.121719,0
658,28.0747,8150.44,7324.8723,17343.75,-6.6726666338,0.251748,0.411129,17.1146,0.8906,0.0106,0.064337,0.72842,-1.950244,166,0.669104,2740.6224,0.118545,0
659,28.1173,8022.11,7384.4148,17355.47,-6.0524975514,0.23157,0.449255,21.8555,0.8767,-0.1597,0.057918,0.699847,-2.711823,159,0.652182,2500.2802,0.119155,0
660,28.16,7768.81,7296.7888,17167.97,-6.047150174,0.325714,0.455649,23.6276,0.906,-0.0887,0.056895,0.686163,-3.845031,141,0.653548,2410.3562,0.115371,0
661,28.2027,7843.03,7256.6428,17003.91,-6.2380312313,0.263771,0.440063,20.0549,0.9116,-0.0415,0.059414,0.711508,-4.915046,156,0.624808,2503.6423,0.11769,0
662,28.2453,8168.99,7465.1535,17613.28,-6.991317169,0.242084,0.38355,15.7135,0.8762,-0.016,0.069363,0.727275,-7.510017,141,0.643505,2731.0263,0.117568,0
663,28.288,7927.92,7437.2041,17308.59,-6.2131527903,0.320749,0.438525,20.6221,0.9011,-0.0627,0.059668,0.688456,-4.598038,181,0.60438,2438.1627,0.11476,0
664,28.3307,7973.1,7364.5006,17296.88,-6.6637832928,0.360057,0.400935,17.1175,0.9355,0.0548,0.066154,0.714375,-5.548237,158,0.639346,2626.4044,0.12001,0
665,28.3733,8085.57,7364.326,17332.03,-6.5096575938,0.346757,0.417375,18.0548,0.8834,-0.0501,0.063246,0.716188,-4.624744,162,0.64053,2661.7957,0.120498,0
666,28.416,8142.89,7403.7561,17425.78,-6.899164529,0.337605,0.391468,16.1179,0.9307,0.1015,0.067884,0.731539,-4.437395,156,0.63777,2615.3391,0.124161,0
667,28.4587,8122.32,7391.7427,17425.78,-6.6672664022,0.383278,0.405582,16.7021,0.8991,-0.0192,0.06532,0.72269,-2.5055,158,0.616803,2627.5021,0.125382,0
668,28.5013,8163.03,7372.3764,17437.5,-6.3855144327,0.22614,0.431277,19.1592,0.8691,-0.0778,0.060874,0.719847,-5.364061,138,0.633197,2654.6455,0.119644,0
669,28.544,7891.49,7324.4363,17203.12,-6.6908801099,0.305686,0.406585,16.6332,0.9355,0.047,0.065141,0.722431,-7.195144,142,0.633447,2766.835,0.124039,0
670,28.5867,8131.33,7418.177,17507.81,-6.797003519,0.208584,0.400504,16.9302,0.9185,0.0569,0.066232,0.735294,-7.270843,156,0.636826,2697.9593,0.127335,0
671,28.6293,8170.56,7353.9977,17437.5,-6.179092185,0.227599,0.444481,20.8039,0.8581,-0.1292,0.058691,0.716078,-3.90056,163,0.60574,2603.5892,0.128678,0
672,28.672,8221.39,7355.7405,17437.5,-7.0561008262,0.280489,0.374863,13.8904,0.8829,0.0264,0.071021,0.731669,-4.447938,149,0.644222,2845.8266,0.118545,0
673,28.7147,7865.16,7327.0628,17121.09,-6.2417269972,0.342133,0.437233,19.8262,0.8967,-0.0786,0.059881,0.695425,-4.592325,154,0.641363,2581.104,0.11476,0
674,28.7573,7949.0,7271.6145,17191.41,-6.4722358938,0.46266,0.417632,17.9599,0.9538,0.0811,0.063201,0.72567,-3.919859,153,0.666911,2641.4886,0.11476,0
675,28.8,7931.45,7308.0639,17121.09,-6.3708202261,0.390342,0.428452,20.1646,0.9096,0.0146,0.06135,0.701654,-6.955976,134,0.645969,2618.4783,0.108656,0
676,28.8427,8026.79,7326.5644,17296.88,-6.2052844505,0.263677,0.443283,20.9729,0.8914,-0.0592,0.058886,0.710396,-2.23872,140,0.622841,2562.2813,0.116591,0
677,28.8853,8203.55,7391.9047,17449.22,-6.4407308292,0.286931,0.422153,18.2203,0.8693,-0.0781,0.062422,0.722637,-1.628086,154,0.61991,2703.4942,0.115981,0
678,28.928,7980.46,7314.1765,17238.28,-5.6098122975,0.305694,0.492525,26.6151,0.8529,-0.2467,0.051262,0.688629,-2.482425,153,0.637014,2346.64,0.118056,0
679,28.9707,7972.87,7324.3599,17132.81,-6.801375079,0.337004,0.391054,16.3875,0.9332,0.0958,0.067961,0.717015,-3.894403,163,0.630856,2570.4468,0.115615,0
680,29.0133,7972.68,7330.5993,17179.69,-6.846067322,0.354039,0.394845,16.7514,0.9054,0.03,0.067262,0.719853,-4.826435,155,0.646953,2731.2119,0.115981,0
681,29.056,7975.75,7445.4385,17343.75,-6.6820626264,0.293548,0.404067,17.8978,0.9158,0.0244,0.065591,0.707456,-4.177197,146,0.657563,2697.0189,0.124527,0
682,29.0987,8210.96,7390.568,17449.22,-5.944075141,0.291669,0.452767,22.4772,0.8291,-0.2223,0.057354,0.704516,-3.290139,153,0.604491,2635.4131,0.12587,0
683,29.1413,8015.33,7299.6768,17296.88,-6.1296539003,0.445363,0.438892,20.8178,0.8989,-0.0792,0.059607,0.714105,-7.047611,137,0.665359,2540.7904,0.124283,0
684,29.184,8223.91,7444.4638,17589.84,-6.3061528955,0.301485,0.432905,19.9927,0.8351,-0.1601,0.060601,0.713201,-4.618646,143,0.619415,2675.5248,0.125137,0
685,29.2267,8271.6,7398.5635,17449.22,-6.7378507817,0.273496,0.408076,17.0587,0.8649,-0.0317,0.064877,0.73906,-3.029302,141,0.612291,2608.1121,0.131852,0
686,29.2693,8040.04,7248.9515,17285.16,-6.1312785441,0.273434,0.451655,21.7,0.899,-0.0635,0.057532,0.718182,-3.046807,155,0.610597,2487.0588,0.129777,0
687,29.312,8005.8,7306.1756,17214.84,-6.2820977389,0.377549,0.430292,18.5547,0.8926,-0.0534,0.061039,0.712173,-3.380368,169,0.64813,2529.1201,0.120986,0
688,29.3547,8104.9,7374.9551,17250.0,-6.5876199481,0.25584,0.415145,17.5478,0.8918,0.0091,0.063633,0.721101,-5.155714,173,0.642493,2628.9516,0.116591,0
689,29.3973,7707.2,7335.1077,17027.34,-6.6431288656,0.305102,0.407015,17.9014,0.9675,0.1086,0.065065,0.69339,-3.851008,150,0.624351,2665.8082,0.118545,0
690,29.44,7954.62,7259.9505,17062.5,-5.466450444,0.260416,0.49972,27.0517,0.8263,-0.3,0.050212,0.671211,-2.317852,152,0.635967,2183.7528,0.115371,0
691,29.4827,8144.79,7340.1333,17273.44,-6.9130845052,0.332076,0.391401,16.4134,0.9079,0.0827,0.067896,0.728866,-2.797889,145,0.650172,2764.5714,0.118911,0
692,29.5253,7970.45,7327.4286,17238.28,-6.1807218682,0.317967,0.449009,20.8663,0.8929,-0.0831,0.057957,0.717241,-5.671317,169,0.618781,2478.322,0.124405,0
693,29.568,8088.38,7381.8663,17343.75,-6.9307420133,0.326476,0.39078,15.9076,0.8915,0.0078,0.068011,0.725582,-3.291868,150,0.615858,2560.8398,0.123794,0
694,29.6107,8183.37,7366.9306,17460.94,-6.9442948722,0.272981,0.389076,15.2882,0.9048,0.0291,0.068328,0.73906,-3.188197,157,0.622368,2688.7829,0.127945,0
695,29.6533,8238.95,7459.4339,17531.25,-6.9375074436,0.348726,0.382719,15.1969,0.8632,-0.0647,0.06952,0.731481,-4.974437,140,0.616814,2913.464,0.127579,0
696,29.696,8094.9,7384.6827,17320.31,-6.1616213503,0.34708,0.441264,20.3721,0.8444,-0.1883,0.059217,0.709977,-1.443137,160,0.63005,2641.7445,0.121353,0
697,29.7387,8050.69,7357.0808,17261.72,-6.0129226268,0.272854,0.448612,23.9243,0.8591,-0.1716,0.058022,0.698978,-1.99883,166,0.635161,2577.1077,0.121719,0
698,29.7813,7742.73,7310.6753,17132.81,-6.4349599625,0.311208,0.422972,19.8595,0.9596,0.08,0.062281,0.707459,-7.239531,161,0.634668,2698.1991,0.11708,0
699,29.824,7955.77,7355.3356,17156.25,-6.1557176288,0.238913,0.437487,21.0397,0.8698,-0.116,0.059839,0.677672,-4.256784,163,0.651828,2529.4069,0.105604,0
700,29.8667,7977.18,7341.6904,17250.0,-6.2789150782,0.251019,0.431669,20.5301,0.874,-0.0945,0.060808,0.699714,-2.936516,169,0.635328,2678.2619,0.10597,0
701,29.9093,7777.37,7285.0457,17121.09,-5.321431399,0.311128,0.50685,29.0353,0.8583,-0.3242,0.049187,0.650717,-2.240955,147,0.639076,2343.7543,0.109633,0
702,29.952,8016.77,7315.7931,17074.22,-7.0651203539,0.37322,0.383109,15.3668,0.9546,0.2027,0.069446,0.727886,-5.072938,157,0.642313,2620.3907,0.115493,0
703,29.9947,8068.12,7397.5289,17203.12,-6.7231348368,0.289789,0.401219,17.0265,0.8882,0.006,0.066103,0.701535,-6.786585,157,0.622828,2552.4625,0.119155,0
704,30.0373,8352.51,7388.9243,17566.41,-6.4789231624,0.280436,0.422742,17.9045,0.8508,-0.1086,0.062321,0.737849,-5.909408,159,0.619524,2718.3153,0.124771,0
705,30.08,8251.93,7417.933,17566.41,-7.016289837,0.262019,0.385435,14.9267,0.8829,0.0364,0.069008,0.7419,-6.638342,156,0.630996,2649.8842,0.128312,0
706,30.1227,8230.48,7404.2328,17367.19,-6.3481899663,0.302355,0.426839,19.1966,0.8439,-0.1565,0.061623,0.723738,-2.834868,155,0.610177,2634.9698,0.12648,0
707,30.1653,8107.55,7374.2648,17378.91,-7.0634613436,0.265357,0.380514,13.9495,0.9305,0.1009,0.069938,0.739495,-4.457816,134,0.62782,2671.2205,0.125259,0
708,30.208,8272.63,7388.9498,17742.19,-5.5967746657,0.385034,0.48168,23.7917,0.7846,-0.3709,0.052874,0.703717,-4.645108,141,0.650507,2572.6569,0.119521,0
709,30.2507,8046.2,7356.7584,17472.66,-6.4319925104,0.260107,0.424116,18.3741,0.8831,-0.0874,0.062086,0.711702,-7.210872,130,0.638301,2719.2102,0.121963,0
710,30.2933,8130.01,7432.783,17402.34,-6.6335007869,0.348943,0.40861,18.0632,0.9022,0.0038,0.064782,0.720084,-5.257516,144,0.640428,2633.9335,0.12587,0
711,30.336,8091.3,7307.948,17273.44,-6.0919031458,0.309132,0.455472,21.3233,0.8655,-0.1606,0.056923,0.711389,-5.50595,158,0.649215,2542.6582,0.117568,0
712,30.3787,7972.54,7289.7967,17226.56,-5.7819737715,0.257025,0.476021,24.7728,0.853,-0.2283,0.053729,0.700648,-4.809758,155,0.625931,2404.5974,0.114516,0
713,30.4213,8019.11,7357.9444,17285.16,-5.9348596899,0.486216,0.456334,21.595,0.8774,-0.1293,0.056786,0.686571,-8.165204,148,0.638698,2539.8816,0.114882,0
714,30.464,8004.31,7333.4265,17261.72,-5.4455377976,0.335481,0.493294,27.5932,0.8397,-0.277,0.051149,0.670129,-3.107331,129,0.664614,2391.5379,0.104017,0
715,30.5067,7757.73,7295.2749,17132.81,-5.8319601627,0.330709,0.467428,25.2135,0.8858,-0.1667,0.055048,0.662194,-6.100079,148,0.615418,2477.4281,0.105848,0
716,30.5493,8152.19,7323.0897,17320.31,-5.4895632727,0.244361,0.496315,27.2819,0.788,-0.3539,0.050707,0.679074,-5.972129,160,0.622779,2408.3473,0.118301,0
717,30.592,8242.54,7396.2272,17449.22,-6.5499838932,0.2537,0.415681,17.3541,0.8612,-0.0641,0.06354,0.722782,-4.294585,143,0.625603,2713.1655,0.125015,0
718,30.6347,8138.78,7357.1604,17425.78,-5.8342028164,0.227274,0.474416,23.6484,0.8239,-0.2615,0.053973,0.700041,-4.629454,169,0.618295,2417.9275,0.123794,0
719,30.6773,8119.57,7325.5479,17320.31,-5.8524949116,0.272743,0.458619,22.4752,0.8067,-0.2822,0.056425,0.698504,-6.029099,152,0.587589,2431.8866,0.12355,0
720,30.72,7865.39,7261.6347,16980.47,-6.7726019584,0.364177,0.40099,17.9585,0.9449,0.1368,0.066144,0.713022,-7.741404,139,0.627109,2650.0235,0.122574,0
721,30.7627,8061.47,7372.3697,17308.59,-6.4637107328,0.267142,0.421681,18.299,0.8754,-0.0877,0.062503,0.699958,-6.100628,149,0.631978,2758.5655,0.120986,0
722,30.8053,8163.76,7315.7792,17273.44,-6.2196949931,0.304327,0.435069,19.1823,0.8694,-0.0662,0.06024,0.729163,-4.420403,156,0.673515,2655.4627,0.129166,0
723,30.848,8234.92,7368.6072,17484.38,-6.594259136,0.330387,0.415519,17.1894,0.8382,-0.1223,0.063568,0.724713,-4.425577,146,0.635957,2730.8969,0.126847,0
724,30.8907,8010.62,7401.9458,17261.72,-6.8046171785,0.314401,0.401338,15.8027,0.9167,0.0519,0.066082,0.717545,-5.505063,144,0.602784,2612.2228,0.117568,0
725,30.9333,8246.6,7441.5898,17660.16,-6.8677036693,0.281504,0.393717,16.1229,0.9,0.0089,0.067469,0.74192,-4.156962,158,0.641864,2713.0903,0.123794,0
726,30.976,7987.36,7343.9753,17191.41,-6.5572138532,0.278273,0.414349,18.5171,0.9011,-0.0195,0.063772,0.711054,-2.996199,144,0.642182,2668.7759,0.131242,0
727,31.0187,8402.89,7478.0765,17625.0,-6.7224898835,0.352869,0.400668,16.5729,0.8477,-0.0669,0.066203,0.732146,-6.354899,155,0.654535,2615.3214,0.129166,0
728,31.0613,7963.7,7332.2317,17250.0,-5.990388433,0.31014,0.456868,23.0538,0.8688,-0.1684,0.056702,0.701555,-3.303429,150,0.626098,2496.7408,0.126969,0
729,31.104,7838.9,7341.3018,17132.81,-6.3228527124,0.358667,0.429235,19.9963,0.9158,-0.0542,0.061218,0.698629,-2.424057,157,0.624995,2593.0232,0.124527,0
730,31.1467,8096.75,7354.0315,17332.03,-6.2415992796,0.376368,0.439098,20.9037,0.8747,-0.0976,0.059573,0.715439,-5.21445,154,0.63782,2646.1323,0.117324,0
731,31.1893,7984.86,7344.4261,17355.47,-5.5850932841,0.227491,0.479643,24.1659,0.8187,-0.333,0.05318,0.675898,-2.857863,164,0.640617,2278.2247,0.116469,0
732,31.232,8087.13,7354.017,17250.0,-6.066132515,0.30854,0.448204,21.2937,0.8701,-0.1155,0.058087,0.714409,-4.099875,162,0.659508,2529.7849,0.122329,0
733,31.2747,8066.82,7325.7134,17343.75,-6.275739757,0.378917,0.43774,18.911,0.8662,-0.1271,0.059797,0.71764,-4.233117,168,0.607848,2677.5779,0.115615,0
734,31.3173,7765.45,7122.0987,16816.41,-5.3593459378,0.310541,0.501773,30.1397,0.8784,-0.1939,0.049915,0.662797,-1.807973,155,0.63602,2333.5858,0.115737,0
735,31.36,8103.12,7417.2629,17261.72,-6.874187042,0.286395,0.398342,16.8147,0.8911,0.0044,0.066624,0.729089,-3.468679,168,0.645348,2663.2982,0.124405,0
736,31.4027,7739.88,7261.3664,16933.59,-5.9498082027,0.281729,0.462563,23.4075,0.9005,-0.1243,0.055805,0.698752,-6.656908,163,0.626331,2510.0661,0.120376,0
737,31.4453,8178.49,7359.7156,17355.47,-6.4028649449,0.31593,0.430358,18.7355,0.8719,-0.0501,0.061028,0.728397,-6.136094,158,0.625357,2629.851,0.116836,0
738,31.488,8009.56,7422.521,17437.5,-6.6671630241,0.413694,0.404933,17.5309,0.8918,-0.0622,0.065436,0.707295,-4.881181,141,0.622042,2661.4674,0.119521,0
739,31.5307,7906.03,7404.2584,17332.03,-6.6667125453,0.282219,0.403966,17.5346,0.9107,-0.0256,0.065609,0.705274,-7.966219,161,0.646557,2631.0443,0.124649,0
740,31.5733,8235.07,7474.7047,17648.44,-7.3178530863,0.238723,0.36792,13.0195,0.8732,-0.0337,0.072374,0.736582,-6.237619,160,0.638249,2652.4993,0.1288,0
741,31.616,8181.63,7467.3912,17718.75,-6.5193404371,0.257802,0.422181,18.6333,0.8412,-0.1811,0.062417,0.717695,-5.399471,156,0.610163,2616.744,0.118911,0
742,31.6587,8042.68,7276.145,17378.91,-5.0345108393,0.265085,0.526377,33.3645,0.7945,-0.4469,0.046451,0.653551,-1.577962,137,0.640185,2217.9703,0.117568,0
743,31.7013,8028.68,7319.4452,17250.0,-5.883935498,0.186876,0.463147,23.6792,0.8576,-0.1525,0.055714,0.686126,-4.264581,153,0.615827,2499.3372,0.121841,0
744,31.744,8197.88,7303.4124,17320.31,-6.2618945494,0.243493,0.443642,20.0346,0.8765,-0.0522,0.058828,0.721498,-3.606236,168,0.635096,2617.995,0.120986,0
745,31.7867,8168.15,7465.8409,17542.97,-6.7750676161,0.357193,0.3945,15.5196,0.8694,-0.1206,0.067325,0.725395,-5.166762,158,0.614464,2613.7091,0.124527,0
746,31.8293,7908.96,7317.4352,17261.72,-4.8265895557,0.347774,0.531603,34.2441,0.7845,-0.5174,0.045735,0.625322,-2.234432,143,0.637649,1986.0513,0.112685,0
747,31.872,7899.83,7244.9651,17203.12,-4.9455422216,0.354633,0.526718,33.2474,0.808,-0.4538,0.046404,0.640455,-1.21665,151,0.626033,2124.4713,0.11183,0
748,31.9147,8024.05,7406.2253,17214.84,-6.1445415454,0.26436,0.441405,20.9059,0.8646,-0.1174,0.059194,0.689037,-6.474569,156,0.651251,2668.1633,0.118667,0
749,31.9573,7925.72,7386.9609,17261.72,-5.9574573642,0.328611,0.450943,22.0987,0.8646,-0.1852,0.057646,0.693452,-2.540918,164,0.651065,2581.7354,0.116958,0
750,32.0,8166.23,7467.2864,17519.53,-7.0623525305,0.280512,0.38017,15.5685,0.9143,0.0613,0.070004,0.726566,-3.621987,181,0.623165,2702.8176,0.124771,0
751,32.0427,8107.73,7332.0526,17074.22,-6.6432304012,0.207337,0.416045,17.3817,0.8638,-0.0549,0.063477,0.711354,-5.830359,140,0.617692,2518.773,0.119521,0
752,32.0853,8050.49,7366.8025,17273.44,-6.5299114615,0.270487,0.413338,18.0171,0.8915,-0.0223,0.063949,0.707864,-3.532447,165,0.625415,2612.7855,0.121597,0
753,32.128,8167.73,7304.2376,17414.06,-5.4846348336,0.263268,0.484749,27.0073,0.8204,-0.2988,0.052414,0.699155,-1.480036,169,0.663,2319.7882,0.121353,0
754,32.1707,7820.16,7289.2608,17156.25,-6.2211658159,0.242188,0.443079,20.7009,0.9127,-0.0706,0.05892,0.710476,-5.979473,155,0.626436,2414.3115,0.11476,0
755,32.2133,7993.29,7341.0742,17121.09,-6.4923781818,0.41913,0.419755,18.1033,0.8822,-0.0465,0.062834,0.701804,-6.895094,132,0.646114,2606.9304,0.121475,0
756,32.256,8162.05,7480.5714,17449.22,-6.946898436,0.380274,0.389708,15.9622,0.8707,-0.05,0.06821,0.72314,-3.149476,149,0.6192,2753.2363,0.117568,0
757,32.2987,7950.5,7355.5247,17238.28,-6.9516880892,0.284116,0.388207,15.8689,0.9091,0.0389,0.068489,0.715735,-3.465006,155,0.63455,2636.4122,0.115493,0
758,32.3413,8018.01,7283.0078,17191.41,-5.6398863873,0.294725,0.48709,27.0896,0.8267,-0.293,0.052065,0.696366,-3.405694,136,0.622231,2488.2409,0.119888,0
759,32.384,7849.32,7315.1909,17015.62,-6.4675847817,0.285499,0.420689,18.9841,0.9128,-0.0112,0.062673,0.700463,-6.498538,154,0.656156,2628.0861,0.128189,0
760,32.4267,8007.41,7412.4283,17320.31,-6.8620292795,0.311687,0.388604,15.5598,0.9269,0.0312,0.068416,0.727609,-6.481766,175,0.666533,2654.7723,0.122207,0
761,32.4693,8030.97,7385.5288,17296.88,-6.8038946594,0.278793,0.401029,16.8483,0.8937,-0.014,0.066137,0.714258,-3.226353,154,0.640679,2683.8206,0.115493,0
762,32.512,7846.73,7230.5092,17015.62,-5.5700255237,0.314184,0.491992,27.3409,0.8693,-0.2299,0.05134,0.676103,-2.146527,150,0.628975,2409.1822,0.118301,0
763,32.5547,8137.3,7401.4095,17519.53,-5.9737600851,0.359,0.451668,21.9376,0.8525,-0.1721,0.05753,0.701932,-2.185353,156,0.654051,2510.4559,0.118056,0
764,32.5973,7972.13,7194.7157,17027.34,-5.253950098,0.347144,0.505956,30.6816,0.8154,-0.3439,0.049314,0.666042,-0.653901,143,0.628815,2320.9552,0.11708,0
765,32.64,8037.72,7294.0172,17308.59,-5.7100213763,0.278158,0.47555,25.0176,0.8575,-0.2033,0.053801,0.688864,-1.66019,136,0.670812,2468.1679,0.11708,0
766,32.6827,8154.9,7431.9824,17425.78,-6.8334187326,0.282735,0.39378,15.0345,0.8836,-0.0098,0.067458,0.723575,-5.920292,168,0.65214,2777.867,0.115126,0
767,32.7253,8170.41,7465.2572,17437.5,-7.223859085,0.253184,0.37538,13.3594,0.9251,0.0623,0.070921,0.743012,-4.813619,150,0.616094,2651.1333,0.121353,0
768,32.768,8390.21,7469.091,17648.44,-7.1860250375,0.302305,0.368535,14.468,0.8711,0.0245,0.072254,0.748085,-6.809367,167,0.620359,2748.5139,0.126724,0
769,32.8107,7802.57,7311.7086,17144.53,-6.9452679127,0.335751,0.389877,15.7575,0.9639,0.1382,0.068179,0.713527,-7.897851,166,0.644043,2616.8538,0.119521,0
770,32.8533,7995.18,7324.6273,17085.94,-6.563249367,0.239527,0.411554,17.6434,0.9171,0.0431,0.064262,0.722866,-6.033028,161,0.663545,2580.0449,0.118545,0
771,32.896,8034.51,7403.015,17390.62,-6.2656318311,0.270489,0.438232,19.7448,0.853,-0.1775,0.059716,0.71644,-5.926692,150,0.63267,2534.8265,0.121719,0
772,32.9387,8129.43,7311.2977,17378.91,-5.3820356379,0.252512,0.5087,27.228,0.7938,-0.3848,0.048923,0.671136,-5.491869,178,0.60729,2332.5229,0.121963,0
773,32.9813,8130.63,7363.1298,17378.91,-6.5301318663,0.254184,0.412791,18.7661,0.9003,0.0197,0.064045,0.718197,-3.730159,183,0.625529,2707.4839,0.116225,0
774,33.024,7866.05,7280.0357,17074.22,-6.1265816344,0.350674,0.445755,22.1218,0.913,-0.0191,0.058484,0.701617,-2.556703,167,0.63784,2577.9247,0.115981,0
775,33.0667,8044.19,7290.8706,17261.72,-6.2500025281,0.239463,0.444864,20.7387,0.8906,-0.0567,0.058629,0.718353,-3.75143,162,0.624728,2531.7546,0.122329,0
776,33.1093,8054.25,7349.1783,17308.59,-6.7382436659,0.384101,0.401917,17.0538,0.9136,0.0262,0.065977,0.723768,-4.321682,178,0.626443,2760.0337,0.127335,0
777,33.152,8331.28,7326.3837,17472.66,-6.3887228919,0.378461,0.429855,19.0783,0.8406,-0.102,0.061113,0.731635,-3.712443,181,0.63928,2658.3956,0.12587,0
778,33.1947,7949.99,7327.5772,17027.34,-6.708430379,0.42053,0.404686,17.2394,0.9167,0.0603,0.06548,0.711337,-4.487779,148,0.626542,2594.8508,0.115248,0
779,33.2373,7887.13,7372.5756,17167.97,-5.9261971567,0.285573,0.463059,23.346,0.8798,-0.1874,0.055727,0.695696,-4.593234,139,0.652206,2431.9566,0.112807,0
780,33.28,7939.14,7343.7107,17156.25,-6.6991073993,0.357449,0.409576,17.6144,0.9291,0.0473,0.064611,0.715816,-9.165212,162,0.617971,2607.9764,0.122085,0
781,33.3227,8134.87,7416.1975,17378.91,-6.473606848,0.286936,0.420018,16.6956,0.8525,-0.1522,0.062789,0.713626,-3.738674,159,0.635995,2659.2189,0.126236,0
782,33.3653,8238.59,7321.2563,17285.16,-6.1104468483,0.350828,0.451407,20.984,0.8401,-0.1759,0.057572,0.719298,-2.131294,161,0.624395,2498.0416,0.120376,0
783,33.408,7751.75,7269.0453,17144.53,-6.3405159559,0.323886,0.431163,19.6349,0.9497,0.0041,0.060893,0.710251,-3.477086,143,0.658723,2542.7353,0.119155,0
784,33.4507,8121.41,7425.4647,17390.62,-6.6764847106,0.295628,0.403509,17.9913,0.8914,-0.0039,0.065691,0.712452,-8.91802,152,0.655532,2739.074,0.12355,0
785,33.4933,7938.98,7405.6147,17414.06,-5.6922357251,0.398471,0.46381,24.396,0.8528,-0.2897,0.05561,0.676528,-8.950187,132,0.671872,2459.9366,0.117324,0
786,33.536,7736.71,7253.564,16839.84,-5.6745247941,0.305707,0.489354,26.1654,0.8559,-0.2759,0.05173,0.66522,-10.465974,99,0.622526,1784.8708,0.068612,0
787,33.5787,7729.67,7381.9947,16792.97,-7.7541925157,0.269584,0.341115,12.1809,0.9988,0.2149,0.07785,0.737805,0.0,0,0.943454,334.6148,0.012941,0
788,33.6213,0.0,0.0,0.0,0.0,0.0,0.0,0.0,0.0,0.0,0.0,0.0,0.0,0,0.0,0.0,0.0,1
789,33.664,0.0,0.0,0.0,0.0,0.0,0.0,0.0,0.0,0.0,0.0,0.0,0.0,0,0.0,0.0,0.0,1
790,33.7067,0.0,0.0,0.0,0.0,0.0,0.0,0.0,0.0,0.0,0.0,0.0,0.0,0,0.0,0.0,0.0,1
791,33.7493,0.0,0.0,0.0,0.0,0.0,0.0,0.0,0.0,0.0,0.0,0.0,0.0,0,0.0,0.0,0.0,1
792,33.792,0.0,0.0,0.0,0.0,0.0,0.0,0.0,0.0,0.0,0.0,0.0,0.0,0,0.0,0.0,0.0,1
793,33.8347,0.0,0.0,0.0,0.0,0.0,0.0,0.0,0.0,0.0,0.0,0.0,0.0,0,0.0,0.0,0.0,1
794,33.8773,0.0,0.0,0.0,0.0,0.0,0.0,0.0,0.0,0.0,0.0,0.0,0.0,0,0.0,0.0,0.0,1
795,33.92,0.0,0.0,0.0,0.0,0.0,0.0,0.0,0.0,0.0,0.0,0.0,0.0,0,0.0,0.0,0.0,1
796,33.9627,0.0,0.0,0.0,0.0,0.0,0.0,0.0,0.0,0.0,0.0,0.0,0.0,0,0.0,0.0,0.0,1
797,34.0053,0.0,0.0,0.0,0.0,0.0,0.0,0.0,0.0,0.0,0.0,0.0,0.0,0,0.0,0.0,0.0,1
798,34.048,0.0,0.0,0.0,0.0,0.0,0.0,0.0,0.0,0.0,0.0,0.0,0.0,0,0.0,0.0,0.0,1
799,34.0907,0.0,0.0,0.0,0.0,0.0,0.0,0.0,0.0,0.0,0.0,0.0,0.0,0,0.0,0.0,0.0,1
800,34.1333,0.0,0.0,0.0,0.0,0.0,0.0,0.0,0.0,0.0,0.0,0.0,0.0,0,0.0,0.0,0.0,1
801,34.176,0.0,0.0,0.0,0.0,0.0,0.0,0.0,0.0,0.0,0.0,0.0,0.0,0,0.0,0.0,0.0,1
802,34.2187,0.0,0.0,0.0,0.0,0.0,0.0,0.0,0.0,0.0,0.0,0.0,0.0,0,0.0,0.0,0.0,1
803,34.2613,0.0,0.0,0.0,0.0,0.0,0.0,0.0,0.0,0.0,0.0,0.0,0.0,0,0.0,0.0,0.0,1
804,34.304,0.0,0.0,0.0,0.0,0.0,0.0,0.0,0.0,0.0,0.0,0.0,0.0,0,0.0,0.0,0.0,1
805,34.3467,0.0,0.0,0.0,0.0,0.0,0.0,0.0,0.0,0.0,0.0,0.0,0.0,0,0.0,0.0,0.0,1
806,34.3893,0.0,0.0,0.0,0.0,0.0,0.0,0.0,0.0,0.0,0.0,0.0,0.0,0,0.0,0.0,0.0,1
807,34.432,0.0,0.0,0.0,0.0,0.0,0.0,0.0,0.0,0.0,0.0,0.0,0.0,0,0.0,0.0,0.0,1
808,34.4747,0.0,0.0,0.0,0.0,0.0,0.0,0.0,0.0,0.0,0.0,0.0,0.0,0,0.0,0.0,0.0,1
809,34.5173,0.0,0.0,0.0,0.0,0.0,0.0,0.0,0.0,0.0,0.0,0.0,0.0,0,0.0,0.0,0.0,1
810,34.56,0.0,0.0,0.0,0.0,0.0,0.0,0.0,0.0,0.0,0.0,0.0,0.0,0,0.0,0.0,0.0,1
811,34.6027,0.0,0.0,0.0,0.0,0.0,0.0,0.0,0.0,0.0,0.0,0.0,0.0,0,0.0,0.0,0.0,1
812,34.6453,0.0,0.0,0.0,0.0,0.0,0.0,0.0,0.0,0.0,0.0,0.0,0.0,0,0.0,0.0,0.0,1
813,34.688,0.0,0.0,0.0,0.0,0.0,0.0,0.0,0.0,0.0,0.0,0.0,0.0,0,0.0,0.0,0.0,1
814,34.7307,0.0,0.0,0.0,0.0,0.0,0.0,0.0,0.0,0.0,0.0,0.0,0.0,0,0.0,0.0,0.0,1
815,34.7733,0.0,0.0,0.0,0.0,0.0,0.0,0.0,0.0,0.0,0.0,0.0,0.0,0,0.0,0.0,0.0,1
816,34.816,0.0,0.0,0.0,0.0,0.0,0.0,0.0,0.0,0.0,0.0,0.0,0.0,0,0.0,0.0,0.0,1
817,34.8587,0.0,0.0,0.0,0.0,0.0,0.0,0.0,0.0,0.0,0.0,0.0,0.0,0,0.0,0.0,0.0,1
818,34.9013,0.0,0.0,0.0,0.0,0.0,0.0,0.0,0.0,0.0,0.0,0.0,0.0,0,0.0,0.0,0.0,1
819,34.944,0.0,0.0,0.0,0.0,0.0,0.0,0.0,0.0,0.0,0.0,0.0,0.0,0,0.0,0.0,0.0,1
820,34.9867,0.0,0.0,0.0,0.0,0.0,0.0,0.0,0.0,0.0,0.0,0.0,0.0,0,0.0,0.0,0.0,1
821,35.0293,0.0,0.0,0.0,0.0,0.0,0.0,0.0,0.0,0.0,0.0,0.0,0.0,0,0.0,0.0,0.0,1
822,35.072,0.0,0.0,0.0,0.0,0.0,0.0,0.0,0.0,0.0,0.0,0.0,0.0,0,0.0,0.0,0.0,1
823,35.1147,0.0,0.0,0.0,0.0,0.0,0.0,0.0,0.0,0.0,0.0,0.0,0.0,0,0.0,0.0,0.0,1
