frame,time,centroid,spread,rolloff,slope,obsir_std,flatness,crest,skewness,kurtosis,tonality,entropy,tpr,n_peaks,flux,irregularity,zcr,gated
0,0.0,8171.04,7391.322,17601.56,-5.5550777098,0.33079,0.48389,23.2599,0.8206,-0.3415,0.052542,0.690376,-6.305529,173,0.0,2182.8107,0.117812,0
1,0.0427,8378.29,7487.4533,17613.28,-5.7927901094,0.261363,0.468116,20.5434,0.7563,-0.4416,0.054941,0.711519,-4.769143,163,0.598492,2312.6939,0.118789,0
2,0.0853,8150.39,7492.2643,17636.72,-6.2607613726,0.322338,0.423553,18.0164,0.864,-0.2133,0.062182,0.713415,-3.488127,144,0.626396,2564.9026,0.120986,0
3,0.128,8103.15,7424.7403,17613.28,-5.4934990226,0.266052,0.48358,23.4077,0.815,-0.3945,0.052589,0.695002,-1.93137,173,0.630762,2305.5847,0.120132,0
4,0.1707,8036.26,7457.238,17531.25,-5.8365262287,0.352517,0.460623,20.5973,0.83,-0.3513,0.056109,0.700507,-7.79214,145,0.614399,2224.0377,0.116469,0
5,0.2133,7993.98,7420.5406,17589.84,-5.4126008073,0.370243,0.483935,25.0777,0.8324,-0.3952,0.052535,0.687414,-2.568669,150,0.621246,2202.7702,0.112196,0
6,0.256,7843.19,7330.2835,17167.97,-5.6611720115,0.40574,0.466528,21.6191,0.8597,-0.35,0.055187,0.698195,-4.189267,151,0.643592,2239.3355,0.12001,0
7,0.2987,7888.01,7296.6751,17144.53,-5.1787787762,0.228592,0.498899,26.8954,0.8296,-0.4022,0.050331,0.669878,-5.553665,170,0.660769,2037.0504,0.11708,0
8,0.3413,8037.05,7288.6439,17167.97,-5.7775890288,0.258734,0.466526,21.4688,0.8811,-0.1871,0.055187,0.71083,-2.894822,168,0.63647,2385.1592,0.115371,0
9,0.384,8093.35,7406.588,17390.62,-6.5317196127,0.323897,0.408872,16.4791,0.8963,-0.0688,0.064735,0.723852,-6.107818,144,0.627334,2461.888,0.126236,0
10,0.4267,8185.41,7487.332,17707.03,-6.0814731973,0.366642,0.433459,17.8364,0.8165,-0.3257,0.060509,0.691577,-5.817391,134,0.642702,2465.0969,0.125748,0
11,0.4693,8223.62,7455.9279,17578.12,-5.8171641144,0.446532,0.458996,19.9503,0.8131,-0.3349,0.056365,0.713262,-5.476937,158,0.634459,2449.2223,0.121231,0
12,0.512,8217.65,7363.3194,17484.38,-6.2795587049,0.385317,0.419878,16.7987,0.8483,-0.216,0.062813,0.730634,-4.100301,147,0.618339,2477.7397,0.12587,0
13,0.5547,8147.56,7353.1084,17449.22,-5.8998083094,0.366565,0.455581,19.7056,0.8579,-0.233,0.056906,0.722399,-2.72507,156,0.628959,2483.8257,0.122696,0
14,0.5973,8038.77,7308.3805,17402.34,-5.6731800422,0.314634,0.475891,22.3779,0.8373,-0.342,0.053749,0.71343,-3.133297,138,0.641885,2284.9982,0.119644,0
15,0.64,8191.81,7440.6208,17671.88,-6.4734408128,0.297222,0.415401,16.6841,0.8744,-0.1626,0.063589,0.72444,-2.950437,149,0.618989,2533.9595,0.120498,0
16,0.6827,7803.64,7383.9635,17367.19,-5.0996911655,0.348219,0.500829,29.9904,0.8257,-0.493,0.050052,0.650979,-2.022432,145,0.653038,2049.2942,0.125626,0
17,0.7253,8432.72,7473.6278,17765.62,-6.3512948284,0.249328,0.425015,16.8931,0.7983,-0.3108,0.061933,0.733065,-4.073289,163,0.654948,2581.7942,0.129777,0
18,0.768,8215.67,7402.5469,17496.09,-6.1255907646,0.243717,0.443756,18.6308,0.8161,-0.3033,0.058809,0.729841,-5.195409,146,0.594904,2510.4319,0.127213,0
19,0.8107,7964.4,7440.346,17367.19,-6.4913221589,0.341235,0.409185,16.8834,0.88,-0.1746,0.06468,0.710607,-2.311578,158,0.634203,2602.2153,0.124771,0
20,0.8533,8367.12,7557.7279,17835.94,-6.7441848065,0.289114,0.39241,13.9358,0.8323,-0.2259,0.06771,0.738918,-2.285134,186,0.645542,2715.3307,0.125137,0
21,0.896,8227.86,7477.0163,17753.91,-5.9026740995,0.358635,0.454839,20.1913,0.8164,-0.354,0.057024,0.713895,-3.620109,154,0.621322,2453.3448,0.127091,0
22,0.9387,8189.59,7381.1688,17531.25,-5.673717805,0.378419,0.473184,20.2901,0.8054,-0.364,0.054162,0.691856,-2.75777,156,0.642832,2240.9667,0.124771,0
23,0.9813,8093.83,7429.576,17460.94,-6.1535395804,0.303428,0.439318,19.1568,0.8425,-0.2611,0.059537,0.705938,-6.414049,149,0.652435,2379.3487,0.116469,0
24,1.024,8032.09,7423.8519,17390.62,-5.8379998937,0.401287,0.45752,20.3087,0.8255,-0.3721,0.056598,0.698397,-3.559517,166,0.620489,2230.5769,0.118178,0
25,1.0667,8306.76,7451.9062,17578.12,-5.8273225461,0.375219,0.456326,20.1921,0.7803,-0.4246,0.056788,0.713215,-2.460112,168,0.630841,2459.0031,0.126358,0
26,1.1093,8109.52,7428.6763,17519.53,-6.9380211767,0.316482,0.381312,15.015,0.8665,-0.14,0.069787,0.724741,-5.800495,153,0.648319,2715.2859,0.122696,0
27,1.152,8053.44,7381.4168,17460.94,-5.1695091408,0.422953,0.50898,26.2787,0.7798,-0.531,0.048883,0.672045,-0.464747,164,0.639768,2194.8831,0.118545,0
28,1.1947,8053.57,7485.7716,17460.94,-5.813938042,0.347936,0.455294,20.7223,0.8229,-0.3429,0.056951,0.697087,-2.015988,148,0.620773,2337.9624,0.122818,0
29,1.2373,8132.41,7440.4087,17554.69,-6.4492898736,0.266159,0.421194,16.0113,0.8493,-0.2253,0.062586,0.723446,-5.166631,146,0.638215,2436.0462,0.115248,0
30,1.28,7741.58,7333.788,17039.06,-6.1045005921,0.285389,0.442243,19.351,0.9245,-0.1034,0.059056,0.703054,-6.325575,163,0.63342,2390.5654,0.112685,0
31,1.3227,8211.36,7538.6475,17730.47,-5.9093531411,0.292731,0.455317,19.2896,0.7895,-0.4266,0.056948,0.709099,-3.190504,143,0.638827,2445.789,0.121475,0
32,1.3653,8115.31,7472.5797,17589.84,-6.4437137306,0.313143,0.411605,15.4036,0.8721,-0.186,0.064253,0.729162,-6.481474,146,0.636702,2432.4967,0.121841,0
33,1.408,8122.71,7425.1898,17589.84,-5.1758661647,0.220476,0.507532,28.7279,0.7866,-0.4938,0.049089,0.673535,-2.772306,145,0.614776,2152.8701,0.124771,0
34,1.4507,8030.78,7439.7377,17378.91,-6.3501047933,0.310669,0.42709,17.5926,0.8508,-0.2314,0.06158,0.712358,-7.044409,149,0.626345,2416.5412,0.127823,0
35,1.4933,8398.71,7543.5346,17683.59,-6.5336089861,0.297414,0.40865,15.6631,0.7954,-0.2957,0.064775,0.729773,-4.226397,154,0.620273,2590.1611,0.130143,0
36,1.536,8379.4,7393.9301,17601.56,-5.9671892998,0.315199,0.450777,19.5455,0.7719,-0.3891,0.057673,0.733587,-3.659123,151,0.626846,2424.382,0.128189,0
37,1.5787,8012.99,7433.27,17542.97,-5.4239644064,0.295852,0.479239,25.1459,0.8204,-0.4082,0.053241,0.680943,-0.762937,181,0.624955,2268.1757,0.118301,0
38,1.6213,7817.38,7364.1159,17332.03,-5.0348366465,0.320291,0.511041,30.5303,0.8264,-0.4866,0.048591,0.642204,-6.46995,164,0.640675,2009.365,0.117324,0
39,1.664,8013.06,7482.6972,17578.12,-5.715663102,0.337738,0.461049,21.8131,0.8252,-0.3928,0.056042,0.682918,-5.84086,151,0.637848,2480.1905,0.118545,0
40,1.7067,7941.7,7295.9882,17308.59,-5.1281761681,0.40818,0.506415,28.1441,0.8218,-0.4614,0.049249,0.678651,-3.442085,153,0.608806,2121.1049,0.113295,0
41,1.7493,8010.2,7403.9138,17472.66,-5.8164287379,0.357362,0.464179,20.3081,0.849,-0.3393,0.055552,0.712106,-3.520658,156,0.639336,2363.2786,0.113783,0
42,1.792,8108.41,7384.9322,17191.41,-6.2015456919,0.286813,0.438356,18.9484,0.8477,-0.1813,0.059696,0.70146,-3.685292,165,0.610951,2513.8982,0.115615,0
43,1.8347,7971.92,7304.5346,17402.34,-5.5259526084,0.339989,0.480347,24.5042,0.8444,-0.331,0.053074,0.68342,-1.624763,163,0.63348,2240.8447,0.122329,0
44,1.8773,8326.34,7453.1816,17800.78,-6.0418540682,0.329043,0.444027,18.5126,0.8134,-0.3309,0.058765,0.722351,-3.797456,143,0.65656,2427.2238,0.12941,0
45,1.92,8369.8,7471.723,17742.19,-6.8890232652,0.326814,0.385239,13.7014,0.8141,-0.2394,0.069045,0.741321,-8.735552,144,0.632935,2542.7211,0.128067,0
46,1.9627,8212.48,7465.2004,17648.44,-6.413968854,0.396564,0.419932,16.2463,0.8521,-0.2314,0.062803,0.729032,-8.274921,138,0.613249,2546.0701,0.123916,0
47,2.0053,8223.56,7401.38,17472.66,-5.358901097,0.297305,0.497226,23.7727,0.7929,-0.4479,0.050574,0.707497,-9.197198,155,0.59005,2236.5447,0.120254,0
48,2.048,8444.95,7463.707,17730.47,-6.6698813871,0.277746,0.40893,14.1973,0.7934,-0.3122,0.064725,0.747326,-6.558101,147,0.616316,2586.6123,0.128922,0
49,2.0907,8171.94,7434.81,17554.69,-6.3409344058,0.379613,0.424126,17.3655,0.8618,-0.2153,0.062084,0.732622,-2.686815,173,0.619983,2556.625,0.128312,0
50,2.1333,8241.02,7368.5993,17484.38,-6.2649244604,0.359563,0.43068,17.7451,0.8616,-0.1699,0.060974,0.729227,-6.061261,156,0.629491,2502.9831,0.125748,0
51,2.176,8110.64,7470.6642,17496.09,-5.75134831,0.342425,0.468059,20.6142,0.807,-0.4242,0.05495,0.69724,-3.178458,164,0.62773,2282.0693,0.126236,0
52,2.2187,8152.73,7436.7863,17390.62,-6.6256110126,0.334286,0.403334,15.388,0.8778,-0.1174,0.065723,0.729598,-7.552066,160,0.60702,2631.215,0.123794,0
53,2.2613,8415.51,7490.7502,17753.91,-6.3946749675,0.344951,0.417928,15.5448,0.7805,-0.3575,0.06315,0.738249,-4.964028,156,0.618605,2557.0733,0.123672,0
54,2.304,8294.74,7455.8961,17660.16,-5.9265358277,0.288755,0.449665,18.1713,0.8115,-0.3403,0.057852,0.715213,-4.447474,158,0.616497,2604.1156,0.124405,0
55,2.3467,7936.15,7339.0996,17367.19,-4.9101528873,0.29009,0.528459,32.9054,0.8095,-0.5129,0.046165,0.65604,-2.058306,162,0.630206,2046.3885,0.11708,0
56,2.3893,8115.21,7362.6799,17496.09,-5.4869930755,0.257616,0.492374,23.6208,0.8317,-0.3652,0.051284,0.709614,-4.853217,153,0.600884,2324.0213,0.116591,0
57,2.432,8056.19,7394.7081,17449.22,-5.2744691585,0.302968,0.494765,23.7967,0.8001,-0.4855,0.050934,0.692802,-8.585368,154,0.615807,2146.8498,0.119888,0
58,2.4747,8181.61,7416.0901,17531.25,-5.4308759935,0.373166,0.473862,23.9905,0.8033,-0.3933,0.054058,0.684284,-4.182043,141,0.658574,2405.5359,0.111952,0
59,2.5173,7918.6,7447.5887,17425.78,-5.487300047,0.370398,0.473739,23.9242,0.8162,-0.4243,0.054077,0.663764,-2.86576,191,0.642399,2379.4749,0.114638,0
60,2.56,8164.79,7420.5275,17531.25,-5.8997133643,0.281675,0.461975,19.9143,0.8251,-0.3274,0.055897,0.713267,-3.664946,169,0.634421,2438.1548,0.126236,0
61,2.6027,8461.86,7535.6035,17941.41,-6.0842739037,0.20288,0.447739,18.1393,0.7792,-0.3928,0.058162,0.734395,-3.365176,149,0.609503,2441.014,0.129654,0
62,2.6453,8123.34,7411.905,17531.25,-6.0359085791,0.249821,0.441306,19.5985,0.8278,-0.284,0.05921,0.702303,-5.675711,138,0.610693,2396.5837,0.123794,0
63,2.688,7980.88,7461.8415,17460.94,-6.5290958816,0.27269,0.413992,16.2063,0.8534,-0.255,0.063835,0.715632,-6.172605,163,0.623786,2574.0763,0.125137,0
64,2.7307,8100.59,7480.0584,17414.06,-6.5000751242,0.381102,0.406823,15.9464,0.8499,-0.2349,0.065099,0.712148,-4.088882,131,0.624719,2617.0599,0.125382,0
65,2.7733,8267.72,7447.0392,17777.34,-6.6833291244,0.253426,0.395205,14.8434,0.8439,-0.2005,0.067196,0.730881,-4.539746,153,0.6372,2720.6448,0.119644,0
66,2.816,8042.87,7347.928,17437.5,-5.1896768611,0.296603,0.502872,29.0801,0.7871,-0.4862,0.049757,0.674024,-1.381287,165,0.654191,2153.4119,0.118301,0
67,2.8587,8073.18,7457.0933,17472.66,-6.3946362041,0.311576,0.422019,17.521,0.8577,-0.2222,0.062445,0.721445,-7.914051,151,0.625408,2557.2565,0.119644,0
68,2.9013,8107.22,7460.2203,17367.19,-6.1934799836,0.298846,0.435967,18.0051,0.844,-0.2382,0.060091,0.71012,-6.500646,140,0.589845,2465.4447,0.127457,0
69,2.944,8312.5,7486.6334,17671.88,-6.9133156579,0.409694,0.381275,13.3593,0.8503,-0.181,0.069794,0.742576,-6.579742,153,0.631913,2530.8481,0.133927,0
70,2.9867,8100.63,7463.544,17601.56,-6.0247558147,0.366432,0.445577,18.3876,0.8578,-0.274,0.058513,0.711779,-3.325455,179,0.632871,2433.2086,0.127823,0
71,3.0293,8134.75,7414.4746,17554.69,-6.2358605208,0.365055,0.428727,17.5596,0.8452,-0.276,0.061303,0.719453,-6.14017,159,0.608562,2447.8452,0.118301,0
72,3.072,7973.14,7360.881,17378.91,-5.4849411108,0.330997,0.471603,23.6238,0.8375,-0.3725,0.054404,0.68997,-1.649414,172,0.645086,2350.9928,0.11476,0
73,3.1147,7974.12,7333.3901,17179.69,-5.6989346845,0.420126,0.465681,22.4239,0.8463,-0.2995,0.055319,0.694303,-1.763226,153,0.635438,2387.9732,0.121597,0
74,3.1573,8176.53,7447.3343,17414.06,-6.2343947033,0.372167,0.429209,17.3826,0.8272,-0.2952,0.061222,0.712693,-4.520373,163,0.641114,2519.1429,0.129166,0
75,3.2,8148.82,7458.276,17613.28,-5.8576930862,0.353079,0.449135,20.6927,0.8127,-0.3626,0.057937,0.703326,-5.889421,153,0.598044,2422.7351,0.126602,0
76,3.2427,8128.93,7480.8345,17589.84,-5.5119761411,0.304525,0.476678,22.0993,0.7894,-0.491,0.053629,0.701911,-2.411974,148,0.617253,2269.8899,0.122818,0
77,3.2853,7991.02,7377.149,17414.06,-6.2202318158,0.513922,0.429402,17.7971,0.8654,-0.2524,0.061189,0.706969,-0.77824,155,0.632806,2537.3544,0.125626,0
78,3.328,8177.16,7429.5196,17707.03,-5.5369626536,0.436737,0.477081,22.6989,0.8329,-0.3479,0.053568,0.6997,-4.927971,158,0.637379,2214.4769,0.125992,0
79,3.3707,8319.75,7445.6881,17765.62,-5.8272940341,0.359698,0.457629,19.3872,0.7973,-0.3806,0.056581,0.726656,-3.731548,148,0.630467,2438.2835,0.127335,0
80,3.4133,8277.84,7424.9216,17378.91,-6.2793709834,0.32992,0.434093,17.0742,0.8368,-0.2263,0.060403,0.734952,-2.570356,161,0.631533,2477.6714,0.127945,0
81,3.456,8150.97,7362.8875,17707.03,-5.0197057691,0.305891,0.522184,29.2452,0.8062,-0.4871,0.047029,0.691699,-1.79722,148,0.608997,2115.382,0.115493,0
82,3.4987,7885.67,7441.9485,17425.78,-5.466440419,0.248817,0.488202,23.8375,0.8276,-0.4197,0.0519,0.675354,-3.467492,144,0.631336,2238.0307,0.1089,0
83,3.5413,8257.86,7440.7625,17554.69,-6.7382637726,0.306707,0.391791,14.6983,0.8374,-0.1979,0.067824,0.727914,-6.091744,174,0.62909,2702.8254,0.116713,0
84,3.584,7853.91,7386.1503,17273.44,-5.2876630049,0.260212,0.489686,25.4942,0.8445,-0.4117,0.05168,0.672364,-1.080384,155,0.640066,2130.9341,0.112563,0
85,3.6267,8009.49,7382.9376,17238.28,-5.9160705034,0.34018,0.447881,20.275,0.8638,-0.2408,0.05814,0.704078,-4.488069,172,0.667319,2564.4049,0.113173,0
86,3.6693,7851.69,7382.6838,17273.44,-5.3378347349,0.394542,0.496126,26.894,0.8524,-0.3803,0.050735,0.666971,-2.05713,169,0.639518,2061.9923,0.119644,0
87,3.712,8090.55,7432.9329,17542.97,-5.7097659096,0.434241,0.463273,20.8649,0.8235,-0.3668,0.055694,0.69428,-3.976504,162,0.61118,2452.6918,0.112929,0
88,3.7547,8060.6,7378.4852,17332.03,-5.6649124835,0.372502,0.470208,21.5081,0.8178,-0.3619,0.054618,0.697676,-4.253976,142,0.608535,2151.7004,0.118911,0
89,3.7973,7919.76,7412.5387,17414.06,-5.4268267683,0.379965,0.48888,23.7047,0.847,-0.3819,0.0518,0.685363,-4.086618,160,0.653834,2318.1398,0.126969,0
90,3.84,8312.09,7430.7789,17496.09,-6.7559379928,0.331079,0.401338,14.8763,0.8542,-0.1456,0.066082,0.737706,-4.35813,149,0.637475,2560.3522,0.131852,0
91,3.8827,8145.42,7488.5242,17695.31,-6.3735953039,0.354099,0.427999,16.6181,0.8336,-0.3076,0.061426,0.721198,-6.34816,139,0.640675,2442.654,0.130021,0
92,3.9253,7845.3,7302.2948,17191.41,-5.5429478461,0.394257,0.484635,22.6471,0.8719,-0.3284,0.052431,0.705309,-4.384918,151,0.633093,2175.5649,0.120376,0
93,3.968,8418.87,7486.7228,17625.0,-6.179591992,0.322969,0.436141,18.1123,0.7739,-0.381,0.060062,0.722734,-6.115577,154,0.610419,2459.2307,0.128312,0
94,4.0107,8128.61,7458.0022,17589.84,-6.1077259377,0.310217,0.443559,18.3163,0.8212,-0.3201,0.058841,0.701159,-5.848908,151,0.628545,2452.4743,0.126602,0
95,4.0533,8184.65,7454.3902,17671.88,-5.6937399009,0.311842,0.471308,21.8118,0.8012,-0.4224,0.054449,0.70745,-8.959487,152,0.605902,2305.8551,0.121597,0
96,4.096,8316.01,7492.6484,17718.75,-6.6933527376,0.338122,0.396724,15.0681,0.8373,-0.1766,0.066919,0.717043,-3.427758,175,0.629715,2736.8896,0.121231,0
97,4.1387,8104.51,7426.5262,17648.44,-5.2293154845,0.254825,0.498433,26.3864,0.8115,-0.4137,0.050399,0.680137,-1.453547,170,0.642417,2417.3632,0.119644,0
98,4.1813,8018.09,7409.8223,17437.5,-5.8563996022,0.329662,0.457255,20.7166,0.85,-0.3178,0.05664,0.702385,-6.071528,159,0.622885,2349.6202,0.126114,0
99,4.224,8267.4,7418.7589,17589.84,-6.5858030797,0.28496,0.403693,15.3924,0.8351,-0.2124,0.065658,0.726683,-5.977978,158,0.631032,2587.5113,0.133805,0
100,4.2667,8204.76,7452.3555,17554.69,-6.179110729,0.35391,0.436685,17.6411,0.8293,-0.2707,0.059972,0.725432,-7.19415,169,0.623565,2425.2224,0.127091,0
101,4.3093,7977.26,7415.1896,17261.72,-6.1901595488,0.304831,0.4376,18.113,0.8451,-0.2819,0.05982,0.716008,-7.659784,170,0.626465,2462.8078,0.120254,0
102,4.352,8289.1,7397.1122,17542.97,-6.2075199759,0.314054,0.433437,17.5839,0.8186,-0.2745,0.060512,0.727158,-7.20272,152,0.646671,2561.2111,0.118301,0
103,4.3947,8090.98,7430.1843,17542.97,-6.0444757206,0.321333,0.445626,20.1789,0.8415,-0.274,0.058505,0.698535,-3.909088,160,0.611206,2457.0752,0.119521,0
104,4.4373,8114.3,7456.3412,17472.66,-6.2397098709,0.384095,0.434242,16.8985,0.8361,-0.3028,0.060378,0.718229,-8.764963,140,0.623503,2424.1142,0.126602,0
105,4.48,8187.96,7489.952,17566.41,-6.5961574286,0.249926,0.408316,15.8242,0.8302,-0.27,0.064834,0.725037,-4.054732,165,0.633289,2687.3976,0.126969,0
106,4.5227,7970.6,7401.0011,17460.94,-6.4465272217,0.31502,0.417875,16.5282,0.8869,-0.1869,0.063159,0.718329,-4.050587,152,0.65248,2530.8656,0.131852,0
107,4.5653,8186.12,7362.7731,17343.75,-5.9049076554,0.264185,0.457308,20.1615,0.825,-0.264,0.056632,0.719985,-3.148239,167,0.638979,2366.8704,0.130753,0
108,4.608,8111.74,7463.4865,17531.25,-5.3977259835,0.272597,0.494208,25.4162,0.8067,-0.4389,0.051015,0.682322,-6.190414,164,0.614599,2274.9312,0.118545,0
109,4.6507,8052.32,7457.3095,17343.75,-6.0526754713,0.242399,0.443722,18.6183,0.8265,-0.3197,0.058815,0.698045,-6.618795,160,0.627929,2446.3175,0.115371,0
110,4.6933,8236.26,7393.3718,17449.22,-5.5141034696,0.349567,0.473804,23.2927,0.7992,-0.3586,0.054067,0.697375,-3.105128,166,0.642165,2405.3185,0.12648,0
111,4.736,8308.27,7531.0327,17789.06,-6.586509729,0.338883,0.400347,15.8625,0.8182,-0.2971,0.066261,0.715483,-4.84624,134,0.623762,2534.8463,0.130387,0
112,4.7787,8190.86,7368.99,17554.69,-4.8035536172,0.331217,0.524162,31.1332,0.7522,-0.572,0.046756,0.659969,-1.42809,171,0.63258,2242.9263,0.119033,0
113,4.8213,8012.53,7362.6241,17472.66,-5.0038317722,0.285438,0.524171,28.0154,0.8172,-0.4758,0.046754,0.676909,-1.065537,145,0.667918,2145.7336,0.112318,0
114,4.864,7865.7,7422.5445,17273.44,-6.3949578353,0.347405,0.418863,15.9249,0.8998,-0.1391,0.062988,0.703524,-5.816722,165,0.666574,2463.3632,0.118789,0
115,4.9067,8269.31,7419.3673,17414.06,-6.2123182963,0.224829,0.431368,18.1522,0.8202,-0.2557,0.060859,0.720063,-5.328574,145,0.612914,2534.2381,0.125137,0
116,4.9493,8133.85,7484.4318,17496.09,-5.9273847514,0.285569,0.445507,18.8706,0.8286,-0.3192,0.058524,0.694903,-2.138945,160,0.625634,2576.6301,0.122085,0
117,4.992,8154.93,7391.8936,17636.72,-5.5006043304,0.410071,0.481811,23.0141,0.8033,-0.4447,0.052854,0.704313,-3.372795,150,0.620761,2257.1034,0.120254,0
118,5.0347,7992.42,7410.8257,17425.78,-5.8968666596,0.37608,0.449943,20.0326,0.8668,-0.236,0.057807,0.693935,-3.337397,144,0.626937,2488.8782,0.12062,0
119,5.0773,8289.08,7537.5804,17566.41,-6.6264162462,0.296022,0.410129,15.5443,0.8393,-0.2179,0.064513,0.731446,-6.787749,157,0.634769,2615.4485,0.123306,0
120,5.12,8350.39,7469.4171,17859.38,-6.5962313041,0.393588,0.404058,15.7517,0.8198,-0.2707,0.065593,0.73474,-3.519385,156,0.619399,2675.8964,0.120986,0
121,5.1627,7799.76,7386.2098,17273.44,-5.7844608644,0.307907,0.459841,21.8346,0.8799,-0.2561,0.056232,0.680289,-0.811126,148,0.65281,2338.9204,0.116347,0
122,5.2053,8093.79,7425.5962,17683.59,-5.4021036691,0.480377,0.492686,24.5318,0.8191,-0.4258,0.051238,0.692026,-3.475157,145,0.650166,2209.1491,0.119155,0
123,5.248,8210.67,7416.7684,17625.0,-5.2344767705,0.308516,0.503149,27.0267,0.7758,-0.4942,0.049717,0.690833,-5.551217,147,0.629991,2222.1108,0.122818,0
124,5.2907,8177.52,7429.6281,17449.22,-5.9826004644,0.36287,0.441928,19.0154,0.8397,-0.2633,0.059108,0.707609,-4.328299,141,0.651545,2433.8306,0.129044,0
125,5.3333,8049.12,7379.2431,17472.66,-5.7120408907,0.366901,0.475125,20.4041,0.8343,-0.3549,0.053865,0.707892,-2.936226,140,0.615098,2196.3794,0.133805,0
126,5.376,8412.56,7506.711,17847.66,-6.3879820691,0.300334,0.416331,15.4479,0.8058,-0.2879,0.063427,0.728433,-5.468252,151,0.637115,2622.299,0.133073,0
127,5.4187,8274.16,7479.6525,17812.5,-6.4142743497,0.321134,0.421789,16.0402,0.8276,-0.2625,0.062484,0.726547,-7.198518,140,0.61167,2541.7082,0.126114,0
128,5.4613,7999.75,7374.1835,17414.06,-6.6039399799,0.322347,0.39916,15.5195,0.8614,-0.1996,0.066476,0.713235,-4.984674,171,0.631001,2484.7101,0.126114,0
129,5.504,8259.56,7420.6959,17625.0,-6.1583125944,0.360816,0.438811,17.8341,0.8205,-0.2813,0.05962,0.72249,-6.500065,137,0.634701,2302.5991,0.122207,0
130,5.5467,8001.48,7365.7992,17507.81,-5.4841640677,0.319244,0.485612,24.064,0.8416,-0.365,0.052285,0.677297,-5.527988,159,0.626063,2274.1001,0.114882,0
131,5.5893,8118.02,7443.6238,17460.94,-5.6045784197,0.453584,0.469114,24.1181,0.8133,-0.3837,0.054787,0.682305,-1.667001,165,0.623719,2288.8548,0.117812,0
132,5.632,8111.43,7418.8374,17285.16,-6.0445083227,0.327696,0.447181,19.7681,0.8184,-0.3047,0.058253,0.704602,-2.32919,189,0.602827,2471.4253,0.120132,0
133,5.6747,7904.87,7370.1816,17273.44,-6.0201318657,0.315813,0.442733,19.4015,0.8856,-0.1891,0.058976,0.70679,-4.560601,151,0.599862,2251.304,0.119155,0
134,5.7173,8109.68,7517.6333,17660.16,-6.044481955,0.360053,0.445676,18.6947,0.8175,-0.3818,0.058497,0.7069,-5.920391,139,0.619921,2474.4748,0.115859,0
135,5.76,8187.27,7511.2934,17671.88,-5.9232046201,0.473938,0.456245,20.8031,0.8421,-0.2939,0.0568,0.704093,-4.186474,146,0.60247,2380.5051,0.127579,0
136,5.8027,8362.14,7614.559,17882.81,-7.1567498075,0.201178,0.371141,12.9157,0.8192,-0.26,0.071743,0.735078,-7.666243,129,0.603305,2645.5597,0.133561,0
137,5.8453,8373.38,7507.7651,17812.5,-6.4549406766,0.275259,0.4194,16.3078,0.812,-0.2858,0.062895,0.732449,-6.197106,162,0.602919,2605.7337,0.128678,0
138,5.888,8062.58,7363.8279,17472.66,-5.4757322794,0.305967,0.489055,24.7993,0.8138,-0.4063,0.051774,0.684999,-5.440542,151,0.618483,2229.2386,0.115981,0
139,5.9307,8054.79,7369.8033,17414.06,-4.7684100992,0.277123,0.539451,35.1984,0.7689,-0.5643,0.044675,0.637464,-1.257147,147,0.610266,2063.7349,0.109388,0
140,5.9733,7869.02,7389.7661,17273.44,-5.9913027966,0.382225,0.446881,19.4067,0.8597,-0.2933,0.058301,0.685453,-4.979774,151,0.647275,2379.2863,0.119521,0
141,6.016,8113.71,7427.4424,17414.06,-6.8450822089,0.361523,0.390714,14.7425,0.9014,-0.0767,0.068023,0.731743,-3.605794,146,0.64704,2593.8472,0.121841,0
142,6.0587,8145.86,7465.8877,17460.94,-6.5622676994,0.366143,0.408328,16.0741,0.8408,-0.2261,0.064832,0.722996,-10.070534,137,0.632066,2570.4779,0.122451,0
143,6.1013,8093.37,7451.8188,17507.81,-6.0245724246,0.275921,0.456175,20.3285,0.8254,-0.3268,0.056811,0.719455,-6.198186,151,0.595009,2419.7845,0.129166,0
144,6.144,8252.75,7474.2513,17730.47,-6.1970297127,0.336182,0.433987,17.1129,0.8352,-0.2961,0.060421,0.726187,-2.568196,149,0.619486,2498.3202,0.125137,0
145,6.1867,7892.75,7407.9719,17343.75,-5.7646421765,0.335838,0.461512,21.2712,0.8405,-0.3482,0.05597,0.685852,-5.715912,154,0.632302,2235.862,0.116225,0
146,6.2293,8330.1,7498.1439,17835.94,-6.1396527837,0.39957,0.435291,18.099,0.8036,-0.3395,0.060203,0.714208,-5.688685,153,0.612972,2558.9168,0.121353,0
147,6.272,8236.6,7412.5125,17578.12,-6.2207579797,0.322099,0.441613,18.4838,0.8334,-0.2742,0.05916,0.729559,-6.596539,169,0.620903,2507.3154,0.122207,0
148,6.3147,7863.3,7426.7004,17332.03,-5.3839520471,0.311914,0.480986,25.2586,0.8147,-0.4538,0.052978,0.656224,-6.647353,161,0.627402,2113.555,0.10951,0
149,6.3573,7731.9,7365.8924,17296.88,-5.0869272588,0.335257,0.500963,29.9923,0.8507,-0.4329,0.050032,0.655918,-2.561065,163,0.644298,1995.0814,0.107679,0
150,6.4,8065.5,7424.4103,17402.34,-6.1732810971,0.34359,0.436781,18.388,0.8443,-0.2749,0.059956,0.722531,-6.139826,139,0.624155,2510.0561,0.122329,0
151,6.4427,7912.28,7339.1462,17296.88,-5.026273734,0.374918,0.51886,32.5716,0.814,-0.4947,0.047492,0.652536,-2.85346,143,0.636126,2025.4685,0.120254,0
152,6.4853,7947.21,7406.7062,17214.84,-6.2816446501,0.356213,0.424537,18.6111,0.8641,-0.2134,0.062014,0.692731,-7.214766,149,0.631709,2514.9897,0.116469,0
153,6.528,8109.83,7432.3902,17578.12,-5.577958427,0.298801,0.473545,22.7497,0.8142,-0.3993,0.054106,0.688439,-7.296141,154,0.662418,2314.332,0.118178,0
154,6.5707,8126.48,7425.8572,17660.16,-5.2130298452,0.327229,0.5045,26.5977,0.7847,-0.5081,0.049523,0.683029,-2.388314,136,0.627948,2317.1583,0.116591,0
155,6.6133,7966.02,7335.2949,17332.03,-5.4312370372,0.273877,0.490497,24.8393,0.8501,-0.3389,0.051561,0.685237,-6.503886,142,0.622387,2273.5375,0.122451,0
156,6.656,8067.69,7354.7195,17367.19,-6.1772217788,0.395053,0.429802,17.9145,0.8771,-0.1657,0.061122,0.705823,-4.137213,170,0.631344,2495.3036,0.122696,0
157,6.6987,7969.55,7418.9067,17250.0,-6.9295485469,0.346942,0.381999,13.9786,0.9021,-0.1008,0.069656,0.726039,-6.903786,155,0.643925,2606.4557,0.116836,0
158,6.7413,7936.7,7460.7692,17554.69,-5.5383650853,0.373593,0.473009,23.7824,0.8417,-0.3983,0.054188,0.682832,-2.27063,168,0.66216,2307.9179,0.10829,0
159,6.784,7748.75,7282.8286,17062.5,-4.8689978415,0.340193,0.514795,31.501,0.8259,-0.4716,0.048061,0.623476,-5.288203,142,0.641709,2084.9164,0.109755,0
160,6.8267,8163.39,7441.315,17414.06,-6.4986693423,0.351004,0.416829,15.792,0.8681,-0.1799,0.06334,0.733154,-7.044854,128,0.663099,2411.8075,0.116469,0
161,6.8693,8047.51,7465.2843,17437.5,-6.3869158337,0.431904,0.415963,16.8567,0.8638,-0.2006,0.063491,0.707536,-6.295222,151,0.628368,2728.2134,0.115371,0
162,6.912,7960.34,7334.6425,17308.59,-5.4434148403,0.359809,0.49788,24.5457,0.8383,-0.3951,0.050479,0.699114,-2.301153,146,0.636156,2278.8399,0.118911,0
163,6.9547,8334.12,7483.5256,17660.16,-6.46477297,0.401336,0.416663,17.1242,0.8295,-0.2182,0.063369,0.724414,-2.549362,155,0.591511,2580.0359,0.125259,0
164,6.9973,8164.07,7527.7033,17636.72,-6.6221638553,0.329832,0.403054,15.9046,0.865,-0.1825,0.065773,0.725163,-4.714668,149,0.583324,2567.9707,0.123794,0
165,7.04,7971.21,7384.0985,17378.91,-4.9237950977,0.327796,0.513227,31.9955,0.8161,-0.467,0.048282,0.64636,-2.311077,151,0.624553,2123.3625,0.115248,0
166,7.0827,7931.73,7362.8913,17214.84,-5.8505572748,0.372983,0.463165,21.422,0.849,-0.2931,0.055711,0.689053,-6.068993,142,0.624303,2375.3007,0.111586,0
167,7.1253,8062.42,7427.4404,17507.81,-6.1163469282,0.286954,0.441418,18.8897,0.8393,-0.2926,0.059192,0.711764,-5.804542,149,0.627385,2542.94,0.11415,0
168,7.168,8295.67,7506.0173,17660.16,-6.8226128665,0.303441,0.387705,14.7034,0.8346,-0.2335,0.068583,0.7331,-5.487023,160,0.60817,2602.9135,0.128312,0
169,7.2107,8253.76,7400.3084,17566.41,-6.5769222124,0.299915,0.407164,15.4209,0.8518,-0.1791,0.065038,0.734844,-4.255649,150,0.607138,2589.4473,0.133805,0
170,7.2533,8153.87,7511.726,17800.78,-6.5672527025,0.350032,0.412865,15.6552,0.8572,-0.2409,0.064032,0.729861,-5.748428,151,0.597184,2598.1038,0.128678,0
171,7.296,8346.25,7447.0562,17730.47,-6.2802070922,0.453855,0.430187,16.8181,0.8173,-0.2907,0.061057,0.732305,-4.954069,165,0.611133,2549.4579,0.129288,0
172,7.3387,8111.63,7477.4832,17566.41,-5.9038578549,0.321583,0.457818,20.8368,0.8066,-0.3797,0.056551,0.689778,-3.28012,142,0.608105,2467.3745,0.12355,0
173,7.3813,8043.68,7465.4774,17332.03,-5.6094521528,0.229402,0.473424,22.5177,0.8014,-0.3874,0.054125,0.675654,-4.978714,177,0.625988,2315.6336,0.125382,0
174,7.424,8073.61,7517.3311,17425.78,-6.4553401226,0.33614,0.411984,16.8579,0.8183,-0.3048,0.064187,0.694316,-7.244262,145,0.635894,2444.8479,0.124649,0
175,7.4667,7936.03,7457.7491,17425.78,-5.911876452,0.367307,0.450097,19.2117,0.8407,-0.3471,0.057782,0.692371,-3.967362,157,0.62359,2308.3952,0.113417,0
176,7.5093,8115.18,7390.26,17542.97,-5.7793484058,0.356403,0.471609,21.1398,0.8215,-0.3513,0.054403,0.703251,-6.871312,155,0.641262,2241.4902,0.114028,0
177,7.552,8054.82,7391.0783,17378.91,-5.6543774234,0.322859,0.462972,21.9512,0.8396,-0.3279,0.055741,0.69745,-4.148966,155,0.638161,2333.6288,0.12355,0
178,7.5947,8277.94,7498.6632,17625.0,-6.726989373,0.322425,0.396406,15.0946,0.819,-0.2399,0.066977,0.732632,-5.620802,154,0.64892,2632.3622,0.131974,0
179,7.6373,8185.82,7480.6248,17542.97,-7.0617398545,0.250042,0.378739,13.0119,0.8767,-0.0989,0.070277,0.734962,-7.578734,154,0.625566,2590.4817,0.127579,0
180,7.68,8134.63,7401.426,17449.22,-6.1255062956,0.335276,0.436405,17.8903,0.839,-0.2877,0.060018,0.716939,-10.040188,118,0.657721,2437.2862,0.123672,0
181,7.7227,8202.86,7428.7865,17683.59,-5.6597708601,0.393893,0.471133,20.9327,0.7997,-0.4519,0.054476,0.716032,-2.795356,136,0.635429,2154.2706,0.126236,0
182,7.7653,8108.11,7477.9239,17519.53,-6.1767665035,0.362071,0.432826,18.331,0.8425,-0.297,0.060614,0.712891,-6.861472,152,0.634223,2608.1174,0.120254,0
183,7.808,7867.22,7412.4334,17296.88,-6.0338453256,0.318925,0.449186,19.928,0.8733,-0.2276,0.057929,0.694751,-10.682697,154,0.617604,2334.7702,0.118545,0
184,7.8507,8195.3,7458.5258,17554.69,-6.4343588482,0.272403,0.417897,17.3728,0.8399,-0.248,0.063155,0.725579,-4.38645,171,0.611726,2581.8122,0.12062,0
185,7.8933,8136.8,7389.9286,17496.09,-5.215109058,0.245482,0.507216,27.2317,0.7972,-0.442,0.049135,0.681829,-1.84773,151,0.609713,2144.1117,0.119888,0
186,7.936,8194.71,7530.0355,17589.84,-6.9804904755,0.311134,0.388012,14.0008,0.8648,-0.1574,0.068526,0.732972,-6.868822,151,0.612325,2616.8669,0.1288,0
187,7.9787,8228.28,7448.1772,17707.03,-5.9522352639,0.270782,0.449274,20.679,0.8243,-0.3077,0.057915,0.721585,-2.461525,148,0.606455,2308.9606,0.135881,0
188,8.0213,8281.8,7376.3419,17484.38,-5.6920130976,0.358564,0.467916,21.7825,0.812,-0.325,0.054972,0.724072,-4.209073,154,0.618621,2341.2398,0.129532,0
189,8.064,8112.43,7483.2851,17636.72,-6.0290302227,0.234736,0.449595,19.7276,0.8298,-0.311,0.057863,0.709604,-5.495432,157,0.640522,2417.7516,0.124649,0
190,8.1067,8008.73,7521.9081,17496.09,-6.8572428621,0.300514,0.389289,14.2083,0.8975,-0.1204,0.068288,0.733756,-7.761535,154,0.623972,2604.7045,0.123794,0
191,8.1493,8290.01,7491.2725,17496.09,-6.3649590253,0.26982,0.417662,15.7036,0.8206,-0.2754,0.063196,0.731304,-5.042073,125,0.629189,2622.5915,0.123062,0
192,8.192,8309.02,7543.7414,17789.06,-6.1183783857,0.270843,0.434857,18.4019,0.821,-0.3038,0.060276,0.727875,-3.894232,149,0.594968,2541.2485,0.121719,0
193,8.2347,8233.97,7512.4427,17695.31,-6.2474562838,0.385985,0.425514,17.7871,0.8223,-0.3168,0.061848,0.721921,-5.22726,162,0.617571,2568.5352,0.117202,0
194,8.2773,7866.68,7327.7306,17343.75,-5.9827111274,0.391393,0.450483,20.6435,0.9031,-0.1671,0.05772,0.704613,-3.315297,148,0.635684,2349.4084,0.118667,0
195,8.32,8110.92,7386.1532,17250.0,-6.1747478115,0.360212,0.433134,18.2713,0.8453,-0.2292,0.060563,0.70436,-2.525357,150,0.623766,2339.4585,0.119644,0
196,8.3627,8184.57,7511.136,17742.19,-6.4575686045,0.293853,0.414581,16.3141,0.849,-0.2331,0.063732,0.724043,-7.998116,142,0.622006,2481.8358,0.125748,0
197,8.4053,8396.9,7476.0461,17789.06,-6.2992704905,0.327272,0.437739,17.0347,0.7911,-0.3491,0.059797,0.73311,-4.037946,159,0.623036,2393.5443,0.137834,0
198,8.448,8479.24,7473.0481,17871.09,-5.8235623457,0.284574,0.460544,19.1954,0.7623,-0.443,0.056122,0.724868,-6.564739,147,0.615153,2462.6536,0.137956,0
199,8.4907,8387.99,7497.4862,17742.19,-6.4211737316,0.358175,0.413011,16.4877,0.8238,-0.2104,0.064006,0.712398,-4.421271,153,0.61394,2663.643,0.132707,0
200,8.5333,8304.53,7526.2962,17824.22,-6.0314896347,0.331859,0.446945,18.4439,0.7879,-0.3963,0.058291,0.711698,-2.125261,172,0.640137,2420.4478,0.124893,0
201,8.576,8191.21,7427.0394,17695.31,-5.8615983868,0.301674,0.459822,20.0136,0.8342,-0.2916,0.056235,0.712395,-3.029733,132,0.630152,2403.6481,0.129654,0
202,8.6187,8230.15,7451.5805,17730.47,-6.0042325171,0.322832,0.444882,19.534,0.8186,-0.3363,0.058626,0.715308,-2.801216,147,0.607883,2431.4984,0.127457,0
203,8.6613,8356.11,7501.9336,17894.53,-6.3223942339,0.255793,0.430263,17.0462,0.7973,-0.3408,0.061044,0.728586,-6.311684,159,0.609907,2508.6587,0.12062,0
204,8.704,8235.48,7399.4772,17660.16,-5.7258072358,0.433228,0.475215,22.2783,0.8154,-0.3309,0.053852,0.708375,-3.568465,148,0.628696,2417.6637,0.119888,0
205,8.7467,8028.67,7430.0464,17425.78,-6.0018383687,0.350083,0.445928,18.8907,0.8357,-0.3078,0.058456,0.698784,-4.537856,150,0.615412,2418.2653,0.117934,0
206,8.7893,8218.17,7547.7473,17636.72,-6.1942957375,0.247012,0.431806,17.8399,0.795,-0.3408,0.060785,0.71125,-5.644223,138,0.623233,2498.1771,0.122818,0
207,8.832,8050.65,7533.693,17566.41,-6.7434142738,0.285078,0.39734,15.0173,0.85,-0.2338,0.066806,0.710107,-6.855089,150,0.612245,2609.199,0.1288,0
208,8.8747,8290.2,7461.888,17601.56,-6.7339172967,0.374097,0.394658,13.9974,0.8288,-0.211,0.067297,0.735824,-5.742779,130,0.636487,2579.2312,0.125626,0
209,8.9173,8139.91,7491.6324,17625.0,-6.7111272983,0.30941,0.397505,15.1883,0.853,-0.2029,0.066776,0.723508,-5.946121,148,0.628057,2464.9431,0.120742,0
210,8.96,8052.12,7467.9472,17625.0,-5.612227559,0.276641,0.471299,22.0983,0.8072,-0.4416,0.054451,0.685746,-7.933458,147,0.647306,2323.9538,0.118423,0
211,9.0027,8004.02,7483.2363,17402.34,-5.8809560771,0.298065,0.460325,21.2134,0.8445,-0.3442,0.056156,0.706477,-6.497564,165,0.643076,2333.8019,0.115371,0
212,9.0453,8151.63,7413.1708,17484.38,-6.1647889444,0.375484,0.433154,18.5169,0.834,-0.2853,0.06056,0.713312,-3.306301,151,0.624851,2538.3636,0.12001,0
213,9.088,7985.91,7435.9659,17496.09,-6.2726021336,0.445511,0.425847,17.6382,0.885,-0.1957,0.061791,0.706346,-6.932723,159,0.635323,2473.8273,0.12001,0
214,9.1307,8294.32,7438.5108,17753.91,-6.0466895642,0.281048,0.446963,18.3853,0.8068,-0.3295,0.058288,0.722972,-3.666542,146,0.633324,2513.939,0.121109,0
215,9.1733,8167.57,7439.796,17460.94,-6.3953190642,0.375904,0.416481,15.9996,0.8736,-0.1418,0.063401,0.717014,-4.104871,159,0.634142,2565.0044,0.12294,0
216,9.216,8188.58,7457.3785,17472.66,-5.9822715552,0.338913,0.442935,18.7578,0.8225,-0.2877,0.058943,0.709615,-5.633306,150,0.633893,2397.6396,0.122329,0
217,9.2587,8351.1,7510.3265,17753.91,-6.7833524037,0.341967,0.390987,13.9363,0.8482,-0.1949,0.067973,0.741898,-5.570096,149,0.62396,2644.9272,0.117202,0
218,9.3013,7970.22,7448.2845,17507.81,-5.6123703499,0.319136,0.465361,22.7656,0.8503,-0.348,0.055368,0.692335,-2.394059,144,0.639355,2253.5337,0.109999,0
219,9.344,7999.07,7407.3277,17449.22,-5.492882327,0.4344,0.474593,23.776,0.8248,-0.4261,0.053946,0.686491,-5.546994,144,0.647566,2389.5111,0.119766,0
220,9.3867,8354.23,7486.4138,17777.34,-6.2471800544,0.462739,0.42246,16.8586,0.8256,-0.2562,0.062369,0.716856,-8.042627,144,0.644243,2485.1024,0.122085,0
221,9.4293,7944.01,7461.56,17472.66,-5.4426892131,0.338597,0.482307,25.134,0.8131,-0.4487,0.052779,0.67168,-7.524331,156,0.654546,2193.9985,0.119155,0
222,9.472,8120.89,7438.5643,17542.97,-5.8166624505,0.359909,0.455306,20.2568,0.8313,-0.3312,0.056949,0.703243,-7.022414,160,0.643135,2428.3276,0.125504,0
223,9.5147,8098.69,7368.7132,17343.75,-5.8757812977,0.352071,0.453478,19.7372,0.8449,-0.2781,0.057241,0.710894,-7.081628,160,0.642857,2368.6009,0.126114,0
224,9.5573,7975.34,7405.0077,17273.44,-5.707417348,0.415836,0.463667,21.1294,0.8426,-0.3339,0.055632,0.682713,-10.284039,152,0.622574,2268.0167,0.124771,0
225,9.6,8257.32,7509.9426,17835.94,-6.2850664557,0.331927,0.425565,17.1139,0.8072,-0.3431,0.061839,0.72503,-5.144389,143,0.652422,2556.0101,0.128434,0
226,9.6427,8341.27,7489.2058,17636.72,-6.0735473377,0.340589,0.443046,18.2969,0.8119,-0.3102,0.058925,0.724439,-2.841089,181,0.657723,2481.1469,0.128922,0
227,9.6853,8069.73,7434.5039,17320.31,-6.3196991728,0.354774,0.421775,17.8748,0.8858,-0.1382,0.062487,0.720766,-3.631479,155,0.598971,2415.9498,0.120986,0
228,9.728,7960.15,7337.8938,17343.75,-5.8667597699,0.339371,0.451335,19.9488,0.8606,-0.276,0.057583,0.704119,-5.403179,155,0.633355,2418.8092,0.124283,0
229,9.7707,8403.03,7464.8743,17753.91,-5.5315043765,0.296403,0.479812,21.9973,0.7816,-0.4227,0.053155,0.716099,-1.856291,167,0.616939,2247.7655,0.126358,0
230,9.8133,8017.79,7332.8249,17308.59,-5.417662167,0.319731,0.488408,24.6693,0.8416,-0.3646,0.05187,0.707014,-3.397736,147,0.622065,2219.8692,0.117446,0
231,9.856,8008.95,7357.8973,17320.31,-6.0713869702,0.289454,0.447211,18.8348,0.8558,-0.2637,0.058248,0.715275,-4.54307,145,0.611574,2343.8425,0.116469,0
232,9.8987,8211.84,7459.9816,17554.69,-6.1341256329,0.227533,0.438516,18.7143,0.8192,-0.2986,0.059669,0.716755,-2.045628,163,0.630385,2498.5941,0.118545,0
233,9.9413,8112.91,7450.4032,17578.12,-5.9287126166,0.346884,0.445632,19.1273,0.849,-0.2868,0.058504,0.710046,-3.576589,156,0.643917,2366.5432,0.120376,0
234,9.984,8221.63,7447.035,17507.81,-6.1397344409,0.312619,0.439398,18.7774,0.8173,-0.3076,0.059524,0.713771,-3.196928,163,0.63471,2460.7131,0.124893,0
235,10.0267,8216.63,7424.8722,17660.16,-5.7502448549,0.26692,0.461043,19.8608,0.8118,-0.3532,0.056043,0.727788,-4.724458,154,0.616814,2393.3069,0.131242,0
236,10.0693,8083.86,7385.201,17367.19,-6.6584125625,0.275367,0.401996,15.1325,0.8627,-0.1919,0.065963,0.717311,-4.455969,158,0.631522,2592.0918,0.138078,0
237,10.112,8165.64,7434.1518,17566.41,-5.9368750644,0.268472,0.45274,19.6444,0.8549,-0.2589,0.057359,0.716365,-4.185666,148,0.608485,2224.9092,0.124771,0
238,10.1547,7988.81,7426.0735,17402.34,-5.3884783521,0.360575,0.484,25.2342,0.8253,-0.3896,0.052526,0.666113,-8.925663,137,0.656576,2331.074,0.122207,0
239,10.1973,8653.39,7519.4967,17964.84,-6.5487790277,0.327718,0.406306,14.8769,0.7898,-0.2444,0.065191,0.743975,-4.394068,151,0.643463,2718.1046,0.134172,0
240,10.24,8229.94,7546.8599,17695.31,-6.7353011675,0.310812,0.390936,14.6423,0.8557,-0.2073,0.067982,0.731664,-7.56817,134,0.620823,2599.5197,0.123916,0
241,10.2827,8190.04,7394.7693,17566.41,-5.3902194682,0.313196,0.489728,23.4215,0.7846,-0.4607,0.051674,0.698488,-3.678508,160,0.607266,2268.0273,0.119033,0
242,10.3253,8263.99,7507.4425,17660.16,-5.9009688403,0.259569,0.461471,19.9271,0.7943,-0.3923,0.055976,0.708029,-5.087866,146,0.601412,2300.2344,0.118178,0
243,10.368,7926.76,7346.9133,17367.19,-5.7970665607,0.309732,0.46233,21.553,0.8628,-0.2915,0.055841,0.691365,-5.489392,149,0.626118,2248.4413,0.116836,0
244,10.4107,8182.42,7384.042,17449.22,-6.0611744266,0.26528,0.45263,20.2795,0.8319,-0.2729,0.057376,0.723861,-3.398323,158,0.634456,2303.6884,0.127457,0
245,10.4533,8188.07,7444.7423,17519.53,-6.460843653,0.310538,0.415233,15.8983,0.8471,-0.2249,0.063618,0.73214,-5.321422,154,0.650855,2580.6464,0.134416,0
246,10.496,8339.69,7510.5281,17789.06,-6.5992657571,0.264562,0.412464,15.6637,0.8476,-0.1883,0.064102,0.740408,-4.633184,158,0.643017,2595.4585,0.134782,0
247,10.5387,8310.29,7474.6972,17683.59,-6.2374303251,0.333849,0.429783,18.472,0.8091,-0.2917,0.061125,0.713812,-1.728313,157,0.611897,2578.2203,0.127823,0
248,10.5813,8021.02,7409.0285,17367.19,-6.0108469205,0.379102,0.449702,19.8033,0.8395,-0.2875,0.057846,0.700058,-3.674283,177,0.624934,2432.2665,0.124039,0
249,10.624,8124.53,7389.2679,17414.06,-6.0360930855,0.414693,0.448007,20.0445,0.8385,-0.2687,0.058119,0.701998,-4.485696,162,0.626972,2540.3364,0.118301,0
250,10.6667,8156.8,7440.8012,17601.56,-5.5040912073,0.348849,0.479965,22.096,0.8136,-0.3883,0.053132,0.695321,-2.121229,153,0.636309,2293.7519,0.120254,0
251,10.7093,8141.92,7358.8009,17449.22,-5.6713432958,0.391301,0.467684,21.7981,0.835,-0.319,0.055008,0.716029,-3.462894,129,0.64232,2308.0146,0.125626,0
252,10.752,8287.72,7390.9271,17660.16,-5.8022846351,0.306408,0.467771,19.9921,0.7887,-0.397,0.054994,0.717668,-3.833241,164,0.624324,2299.1713,0.12294,0
253,10.7947,8435.05,7474.9828,17753.91,-5.8105931765,0.323836,0.463598,20.4535,0.7524,-0.4648,0.055643,0.721707,-1.858195,152,0.623185,2329.5956,0.126724,0
254,10.8373,8175.32,7460.8644,17730.47,-5.8783667957,0.290663,0.452985,20.6754,0.8241,-0.3694,0.057319,0.709131,-2.3287,145,0.61605,2380.9819,0.122085,0
255,10.88,7900.49,7354.3076,17250.0,-5.6946208766,0.315867,0.466375,21.8601,0.8683,-0.2773,0.055211,0.69027,-2.837485,144,0.610014,2184.2547,0.120498,0
256,10.9227,8121.24,7470.4094,17648.44,-6.0327201577,0.29288,0.450398,19.842,0.8086,-0.3532,0.057734,0.690907,-4.161246,154,0.630373,2377.8647,0.125992,0
257,10.9653,8221.63,7429.8709,17566.41,-5.9072851863,0.35839,0.451917,18.7152,0.8219,-0.3218,0.05749,0.712798,-2.097485,148,0.623455,2461.8956,0.122818,0
258,11.008,7938.1,7410.8578,17167.97,-6.7820115004,0.298602,0.393725,15.4185,0.913,-0.0526,0.067468,0.721543,-7.633201,132,0.627986,2579.7184,0.115981,0
259,11.0507,7926.89,7326.3737,17144.53,-5.6006703658,0.342537,0.473287,24.8298,0.8717,-0.2711,0.054146,0.690167,-2.222833,150,0.640142,2290.9487,0.115004,0
260,11.0933,8097.25,7399.1913,17179.69,-6.2761752736,0.265367,0.429873,17.2416,0.8502,-0.2176,0.06111,0.72058,-3.60541,179,0.639701,2585.7673,0.120132,0
261,11.136,8264.02,7514.3138,17613.28,-5.8990798781,0.372018,0.451989,18.8216,0.7993,-0.3713,0.057479,0.700402,-3.395662,154,0.613239,2416.5536,0.124283,0
262,11.1787,8066.5,7375.1485,17378.91,-6.089948888,0.347947,0.442273,18.3095,0.837,-0.3002,0.059052,0.718249,-4.339846,157,0.637699,2504.1263,0.126114,0
263,11.2213,8259.31,7451.9343,17437.5,-6.6303912124,0.3537,0.40756,14.3815,0.8438,-0.1954,0.064968,0.732972,-7.940515,141,0.610157,2604.8769,0.119399,0
264,11.264,8017.6,7477.2437,17472.66,-6.1595593336,0.298976,0.434206,18.2249,0.8562,-0.2669,0.060384,0.714548,-5.985042,141,0.63257,2485.8533,0.117324,0
265,11.3067,8385.38,7532.8961,17625.0,-6.9251585096,0.278149,0.377635,14.1448,0.8322,-0.1976,0.070488,0.739636,-3.491501,154,0.640321,2759.4517,0.130753,0
266,11.3493,8215.02,7494.6613,17636.72,-6.1020293516,0.333585,0.438193,17.6822,0.814,-0.3289,0.059723,0.705522,-3.97956,136,0.617074,2603.0315,0.133073,0
267,11.392,8601.71,7536.0796,18000.0,-6.7038428444,0.242116,0.401071,14.6253,0.7821,-0.3009,0.06613,0.75142,-6.068889,150,0.634751,2681.5805,0.12294,0
268,11.4347,8036.75,7459.9297,17601.56,-5.8470958305,0.34519,0.453516,21.4563,0.85,-0.2959,0.057234,0.705857,-5.707992,141,0.62305,2449.645,0.118789,0
269,11.4773,7885.5,7388.3186,17308.59,-5.7653180042,0.430557,0.464646,22.6189,0.8955,-0.2196,0.05548,0.697359,-3.888651,172,0.62103,2400.8279,0.116469,0
270,11.52,8092.91,7373.3469,17496.09,-5.7658068508,0.24914,0.4674,21.2413,0.8208,-0.372,0.055052,0.708317,-3.611505,171,0.616852,2275.3952,0.11769,0
271,11.5627,8344.5,7370.7469,17332.03,-5.9401401933,0.356905,0.452142,18.8859,0.8103,-0.3,0.057454,0.731007,-3.262255,169,0.656987,2554.2996,0.119521,0
272,11.6053,8299.58,7418.885,17636.72,-5.370709613,0.34348,0.488692,22.6608,0.7666,-0.4765,0.051827,0.701085,-2.212923,164,0.63293,2289.3405,0.118056,0
273,11.648,7964.9,7346.8865,17414.06,-5.9387818258,0.343783,0.45424,19.8088,0.8717,-0.2396,0.057119,0.709428,-3.381973,158,0.644939,2388.0668,0.115737,0
274,11.6907,8036.59,7417.4129,17472.66,-5.3753052358,0.256343,0.485854,25.3304,0.804,-0.4591,0.052249,0.684858,-7.096685,161,0.631376,2223.2519,0.118789,0
275,11.7333,8289.3,7479.1603,17742.19,-6.3792208109,0.360967,0.413009,16.2698,0.8285,-0.2628,0.064007,0.713472,-6.461826,149,0.62963,2610.5376,0.122329,0
276,11.776,8181.79,7470.4877,17718.75,-5.8899537526,0.325762,0.453333,20.283,0.8024,-0.3901,0.057264,0.706769,-3.364711,166,0.634961,2403.6945,0.1288,0
277,11.8187,8217.13,7462.8655,17636.72,-6.3085322232,0.308021,0.423381,18.1463,0.8443,-0.2178,0.062212,0.721722,-5.926717,150,0.621275,2510.8046,0.132707,0
278,11.8613,8444.97,7497.1475,17800.78,-6.3907740729,0.235162,0.424683,16.9221,0.8151,-0.2353,0.061989,0.740496,-4.117012,134,0.619755,2553.6065,0.130387,0
279,11.904,8536.09,7507.1327,17847.66,-6.6472949026,0.306043,0.394995,15.3201,0.7919,-0.2898,0.067235,0.738984,-5.648131,149,0.591563,2606.7549,0.133805,0
280,11.9467,8250.08,7454.8955,17613.28,-6.9871308583,0.272078,0.378862,12.9723,0.8671,-0.1305,0.070253,0.744013,-4.375513,170,0.63122,2738.9432,0.125748,0
281,11.9893,8098.78,7360.7228,17367.19,-5.4326927452,0.297842,0.4885,23.5389,0.8253,-0.3762,0.051856,0.702648,-5.002018,142,0.604067,2281.85,0.124649,0
282,12.032,8236.26,7534.995,17683.59,-6.4736430256,0.335996,0.407907,15.6215,0.837,-0.2617,0.064907,0.721073,-6.169772,158,0.621365,2542.2719,0.125748,0
283,12.0747,8033.15,7447.1173,17449.22,-5.6976632117,0.454724,0.4701,22.3554,0.8436,-0.3287,0.054635,0.692826,-5.903047,160,0.626696,2411.0255,0.118178,0
284,12.1173,7858.09,7343.0881,17285.16,-4.8386126428,0.330067,0.52415,36.489,0.8244,-0.4885,0.046757,0.623284,-0.213766,162,0.657033,2078.4373,0.111952,0
285,12.16,7990.15,7369.0358,17437.5,-4.9153249712,0.325334,0.52223,32.7619,0.7868,-0.5542,0.047023,0.65363,-1.176776,159,0.617089,2042.4572,0.110609,0
286,12.2027,8257.7,7408.248,17730.47,-5.5838136855,0.324836,0.479549,22.6937,0.8006,-0.4204,0.053195,0.718647,-4.002975,159,0.635266,2261.5238,0.123916,0
287,12.2453,8208.78,7479.1554,17742.19,-6.0481930899,0.281897,0.44561,18.9656,0.812,-0.3707,0.058508,0.72794,-5.677452,138,0.617014,2366.926,0.130143,0
288,12.288,8242.37,7369.799,17437.5,-6.1286474993,0.301211,0.44122,19.4298,0.8249,-0.2439,0.059224,0.727235,-3.991463,154,0.602055,2426.1414,0.125992,0
289,12.3307,8341.45,7416.1342,17554.69,-6.2824460672,0.291248,0.430025,17.1821,0.8168,-0.28,0.061084,0.750075,-7.221502,145,0.624504,2423.7803,0.123428,0
290,12.3733,8108.65,7364.3981,17449.22,-5.1515341738,0.30454,0.514398,30.114,0.7919,-0.4576,0.048117,0.67395,-1.692012,163,0.623387,2196.8294,0.123672,0
291,12.416,8272.18,7481.7451,17742.19,-5.6846316156,0.373328,0.47307,22.0408,0.7875,-0.4436,0.054179,0.707475,-5.866332,153,0.624125,2337.7151,0.127457,0
292,12.4587,7935.88,7394.0883,17332.03,-6.1955288061,0.305096,0.436124,17.9677,0.894,-0.2058,0.060065,0.71582,-4.733503,161,0.638665,2529.2176,0.121719,0
293,12.5013,8216.06,7437.3222,17589.84,-5.7441149243,0.307173,0.470011,21.5421,0.8104,-0.3662,0.054649,0.720376,-7.443098,160,0.615701,2378.6901,0.120742,0
294,12.544,8313.32,7446.3809,17695.31,-6.8007904415,0.354797,0.395599,14.0732,0.8249,-0.2208,0.067124,0.743135,-7.070681,163,0.61928,2627.313,0.127701,0
295,12.5867,8181.48,7396.3865,17519.53,-5.819956023,0.318715,0.460403,20.8922,0.8122,-0.3584,0.056144,0.705934,-2.618977,144,0.625358,2282.4173,0.125992,0
296,12.6293,8217.85,7458.0075,17648.44,-5.8567131404,0.343257,0.458477,20.1976,0.8108,-0.3343,0.056447,0.708846,-4.292579,155,0.625537,2448.9218,0.128678,0
297,12.672,8470.16,7463.0289,17812.5,-6.6796038815,0.339222,0.405839,15.0,0.8314,-0.1919,0.065274,0.743744,-5.208288,155,0.617552,2634.6721,0.130509,0
298,12.7147,8063.33,7425.5707,17203.12,-6.572840162,0.277251,0.40736,15.721,0.8688,-0.1919,0.065004,0.726421,-4.411014,168,0.635439,2499.8892,0.126236,0
299,12.7573,8219.59,7471.9921,17730.47,-6.3816185557,0.404095,0.419131,16.1127,0.8688,-0.1927,0.062942,0.724648,-7.00104,142,0.651156,2430.7269,0.125137,0
300,12.8,8243.63,7391.4026,17531.25,-5.1103534883,0.355498,0.509096,27.0184,0.7837,-0.4939,0.048867,0.681987,-3.419758,150,0.62532,2143.7523,0.129288,0
301,12.8427,8148.68,7463.5809,17507.81,-6.248003084,0.340432,0.427583,17.8145,0.8315,-0.2672,0.061497,0.721175,-7.177604,145,0.643994,2569.6624,0.122696,0
302,12.8853,8365.68,7472.4765,17519.53,-6.2736469303,0.275571,0.420754,17.1052,0.8132,-0.2557,0.062662,0.714539,-2.859022,161,0.618104,2462.1988,0.122696,0
303,12.928,8336.46,7497.129,17765.62,-6.1415574445,0.323365,0.436094,17.4598,0.7952,-0.3558,0.06007,0.723074,-2.643204,144,0.612099,2496.9382,0.129532,0
304,12.9707,8281.83,7516.795,17765.62,-6.2663793296,0.350246,0.426215,16.8441,0.8092,-0.3448,0.061729,0.722006,-5.430701,152,0.612007,2516.6144,0.125626,0
305,13.0133,8032.53,7464.5006,17414.06,-6.7616987705,0.274814,0.39573,14.5949,0.891,-0.1249,0.0671,0.720025,-6.871153,147,0.619232,2531.5367,0.122329,0
306,13.056,8093.44,7455.5422,17507.81,-6.3228895266,0.28481,0.425057,16.7556,0.8492,-0.2387,0.061925,0.716201,-5.360698,156,0.609283,2485.7803,0.118545,0
307,13.0987,7981.31,7376.3398,17285.16,-5.7484220507,0.407181,0.459981,21.1388,0.8298,-0.3379,0.05621,0.69372,-4.869084,150,0.636499,2313.24,0.12355,0
308,13.1413,8212.31,7523.5013,17718.75,-5.7162242222,0.232268,0.468015,22.1544,0.8007,-0.4134,0.054957,0.69598,-2.898363,144,0.650013,2386.2427,0.122085,0
309,13.184,8199.51,7450.7126,17660.16,-5.8682480929,0.463107,0.456653,20.193,0.8181,-0.3236,0.056736,0.705865,-2.489394,170,0.620611,2417.3183,0.114882,0
310,13.2267,7933.29,7380.0593,17378.91,-5.343835505,0.346545,0.499212,26.161,0.8398,-0.3876,0.050286,0.678911,-1.365639,154,0.617561,2330.2243,0.11183,0
311,13.2693,8196.16,7390.9242,17355.47,-6.1385266224,0.336129,0.43398,18.3522,0.8352,-0.2701,0.060422,0.723486,-5.401285,165,0.64785,2544.372,0.115248,0
312,13.312,8159.38,7397.7251,17519.53,-5.2147565637,0.36107,0.502638,26.3392,0.796,-0.4745,0.049791,0.679028,-1.94557,155,0.620687,2112.1525,0.122207,0
313,13.3547,8074.29,7454.2796,17601.56,-5.8956911717,0.291313,0.453636,21.3178,0.8494,-0.2817,0.057215,0.700011,-7.310167,162,0.603619,2514.6816,0.124527,0
314,13.3973,8183.27,7448.3658,17531.25,-5.7650172276,0.375445,0.46458,21.2096,0.8131,-0.3837,0.05549,0.702806,-4.011278,155,0.633513,2266.4029,0.122207,0
315,13.44,8165.62,7437.0147,17472.66,-5.6922028837,0.455927,0.474974,21.509,0.8449,-0.2944,0.053888,0.716138,-3.325322,157,0.611934,2332.8986,0.122818,0
316,13.4827,8320.16,7513.5356,17847.66,-6.6612251796,0.299794,0.399805,14.9301,0.83,-0.2129,0.066359,0.730851,-5.80646,166,0.625847,2656.2001,0.122085,0
317,13.5253,7983.35,7424.3212,17203.12,-6.1804945777,0.226351,0.434511,18.2556,0.8494,-0.2491,0.060333,0.701832,-3.732785,153,0.63425,2442.4758,0.123672,0
318,13.568,8191.64,7436.4234,17542.97,-5.7239801697,0.282013,0.474094,21.4934,0.7905,-0.4052,0.054023,0.710662,-5.970462,138,0.637909,2395.58,0.125137,0
319,13.6107,7955.72,7454.9415,17355.47,-6.3710998966,0.311165,0.423837,17.3948,0.8832,-0.1815,0.062133,0.713563,-5.583762,160,0.658842,2481.5715,0.124649,0
320,13.6533,8135.76,7472.2535,17425.78,-6.3844741424,0.274236,0.423709,17.2513,0.8416,-0.2439,0.062155,0.722777,-3.358124,158,0.639091,2528.8901,0.120498,0
321,13.696,7757.42,7355.338,17132.81,-5.4134420531,0.350688,0.486303,27.1234,0.8787,-0.3125,0.052182,0.668494,-1.906664,155,0.605445,2182.8885,0.116713,0
322,13.7387,8067.14,7421.1601,17542.97,-5.6922296044,0.263349,0.462428,22.1546,0.8256,-0.3626,0.055826,0.693871,-5.956835,166,0.632417,2390.5443,0.117324,0
323,13.7813,8161.13,7512.4608,17671.88,-6.0210660323,0.45219,0.440239,18.7881,0.8356,-0.3055,0.059385,0.70657,-2.593808,144,0.634009,2461.6708,0.119033,0
324,13.824,8342.24,7433.9395,17601.56,-5.9673682453,0.289571,0.448319,18.7858,0.7924,-0.369,0.058069,0.723047,-1.287956,156,0.652788,2461.8252,0.122451,0
325,13.8667,8053.89,7395.6836,17472.66,-6.1057977282,0.303513,0.441851,18.4843,0.8714,-0.2121,0.059121,0.722943,-2.813897,176,0.634748,2417.3063,0.118423,0
326,13.9093,8100.26,7411.4829,17578.12,-5.3107097838,0.441637,0.495572,26.1218,0.8111,-0.4457,0.050815,0.687409,-4.887851,136,0.621075,2152.8399,0.112074,0
327,13.952,7941.33,7437.4495,17519.53,-5.5261901427,0.316035,0.470937,23.313,0.8507,-0.3668,0.054506,0.690327,-5.82827,168,0.64838,2203.8109,0.114394,0
328,13.9947,8332.11,7538.642,17859.38,-5.7820625727,0.3203,0.458457,20.9805,0.7618,-0.457,0.05645,0.694915,-2.386455,161,0.654142,2557.9736,0.12294,0
329,14.0373,8227.15,7447.8732,17660.16,-6.7782197553,0.300562,0.398942,14.312,0.8676,-0.125,0.066515,0.741907,-6.733761,162,0.616094,2589.7384,0.130631,0
330,14.08,8204.98,7360.64,17496.09,-6.0328065741,0.303226,0.448501,17.8348,0.8389,-0.2638,0.058039,0.724077,-2.808432,153,0.6228,2406.9747,0.126236,0
331,14.1227,7873.8,7298.3119,17214.84,-4.9165445057,0.345752,0.522132,33.2326,0.8112,-0.488,0.047037,0.641104,-1.246439,182,0.638572,2283.1202,0.112196,0
332,14.1653,8195.56,7456.2587,17601.56,-6.7434153661,0.324225,0.392619,14.8394,0.8581,-0.1546,0.067672,0.725714,-5.081363,146,0.64372,2548.0888,0.124283,0
333,14.208,8247.07,7414.7369,17554.69,-6.4218141153,0.362323,0.418813,16.6484,0.8156,-0.3148,0.062997,0.730207,-8.290802,169,0.63283,2655.2415,0.129899,0
334,14.2507,8195.59,7409.2718,17648.44,-5.4090592273,0.360249,0.485915,24.6922,0.8058,-0.42,0.05224,0.703243,-6.143247,158,0.61471,2333.655,0.125626,0
335,14.2933,8265.92,7390.5681,17578.12,-5.8809706903,0.283731,0.460067,20.3605,0.8045,-0.33,0.056196,0.710932,-1.242741,159,0.618172,2573.3821,0.1288,0
336,14.336,8101.57,7501.505,17554.69,-6.5618683566,0.276016,0.412963,16.3745,0.8627,-0.2076,0.064015,0.730779,-3.250746,158,0.621038,2610.4704,0.124649,0
337,14.3787,8030.61,7340.588,17425.78,-5.6108125235,0.32558,0.476556,23.6205,0.8237,-0.3643,0.053648,0.701652,-2.290731,156,0.623939,2307.7455,0.122451,0
338,14.4213,8179.61,7446.6683,17660.16,-5.9702701286,0.234225,0.45367,20.8263,0.8139,-0.3447,0.05721,0.714043,-1.893219,167,0.627134,2484.8787,0.126724,0
339,14.464,8361.73,7431.165,17531.25,-6.3736669152,0.246633,0.430002,16.5758,0.8192,-0.2441,0.061088,0.741872,-4.362525,170,0.613789,2596.4486,0.130875,0
340,14.5067,8176.82,7446.9397,17507.81,-6.4256420321,0.285294,0.417622,16.5686,0.8559,-0.1934,0.063203,0.724006,-4.266004,147,0.618035,2603.4449,0.125015,0
341,14.5493,8030.62,7342.3978,17214.84,-6.1438000758,0.405363,0.435471,18.3554,0.8761,-0.1766,0.060174,0.717849,-4.89871,148,0.636546,2600.5311,0.121597,0
342,14.592,8110.4,7422.6788,17601.56,-5.6953695501,0.319708,0.473124,23.0773,0.8118,-0.3908,0.054171,0.701601,-2.900696,154,0.636925,2395.2519,0.118178,0
343,14.6347,8448.93,7554.0754,17882.81,-6.6060826221,0.338524,0.40305,15.5915,0.807,-0.2791,0.065774,0.729439,-2.383701,143,0.62589,2567.0557,0.125259,0
344,14.6773,8063.55,7406.9255,17390.62,-5.8331728612,0.215924,0.463386,21.445,0.8371,-0.2974,0.055676,0.701146,-5.895035,163,0.628313,2431.2192,0.123062,0
345,14.72,8026.66,7498.2258,17472.66,-5.7738267216,0.289147,0.46102,20.6018,0.8213,-0.4034,0.056047,0.700197,-3.973927,138,0.63021,2440.9385,0.113295,0
346,14.7627,8095.01,7490.5754,17648.44,-6.5540908229,0.346859,0.413492,16.0341,0.8624,-0.216,0.063922,0.714684,-3.288322,154,0.653548,2442.9755,0.122696,0
347,14.8053,8275.37,7449.0624,17660.16,-6.3515002835,0.351576,0.425278,17.4434,0.8281,-0.2313,0.061888,0.723616,-5.696009,149,0.625752,2486.6325,0.119644,0
348,14.848,7655.99,7332.6385,17039.06,-5.6992441785,0.351672,0.463698,23.152,0.9127,-0.2109,0.055627,0.676673,-4.094562,144,0.636229,2138.6091,0.112807,0
349,14.8907,7797.04,7363.697,17144.53,-5.5837879926,0.379834,0.473295,22.6322,0.906,-0.2467,0.054145,0.684836,-3.411156,157,0.653498,2237.4091,0.110243,0
350,14.9333,7851.25,7320.1451,17273.44,-5.0371903963,0.264014,0.517196,29.4277,0.8163,-0.4948,0.047724,0.658748,-2.393145,149,0.669544,2009.4985,0.121963,0
351,14.976,8455.99,7498.628,17542.97,-6.3330049329,0.256425,0.42433,17.0859,0.7997,-0.2613,0.062049,0.731256,-3.36486,164,0.674453,2572.2751,0.133195,0
352,15.0187,8190.64,7466.5735,17402.34,-6.5409175924,0.301025,0.403293,15.9339,0.8421,-0.2064,0.06573,0.731017,-4.510076,167,0.638076,2558.0996,0.130143,0
353,15.0613,8328.22,7535.9766,17765.62,-6.5839981493,0.343912,0.406667,15.3133,0.825,-0.2714,0.065127,0.730851,-4.927796,134,0.616376,2499.6896,0.126969,0
354,15.104,8164.66,7374.7174,17285.16,-6.3146354606,0.372906,0.423792,17.1676,0.8646,-0.1698,0.062141,0.728917,-4.936007,160,0.610246,2480.0388,0.12648,0
355,15.1467,8174.53,7410.7271,17460.94,-5.9572429279,0.446141,0.447292,18.4201,0.8373,-0.3115,0.058235,0.716528,-3.463886,151,0.6246,2430.2269,0.127823,0
356,15.1893,8095.51,7403.0319,17460.94,-5.603377682,0.298483,0.470946,21.5724,0.7968,-0.4461,0.054505,0.703659,-8.310613,134,0.616082,2245.5472,0.119399,0
357,15.232,7947.85,7394.5891,17308.59,-6.0549754347,0.330917,0.445012,19.1786,0.8868,-0.2017,0.058605,0.715062,-7.020769,148,0.615293,2452.7094,0.120132,0
358,15.2747,8183.33,7424.7941,17472.66,-6.3547773107,0.274435,0.421351,16.9517,0.8529,-0.2223,0.062559,0.727745,-4.558951,159,0.606085,2552.4323,0.12355,0
359,15.3173,8302.78,7402.945,17402.34,-7.0775631552,0.377271,0.368878,13.7483,0.8699,-0.0496,0.072186,0.738827,-5.339988,178,0.631191,2761.9461,0.125748,0
360,15.36,7951.45,7445.7976,17484.38,-6.1930565203,0.296195,0.426728,17.041,0.874,-0.2299,0.061642,0.699534,-4.477764,154,0.669184,2337.9245,0.132707,0
361,15.4027,8194.14,7458.3533,17671.88,-6.12143815,0.357021,0.435236,17.2025,0.8439,-0.2665,0.060213,0.725297,-4.823667,148,0.656093,2417.9045,0.129777,0
362,15.4453,8194.01,7460.5363,17601.56,-5.9065356887,0.348066,0.454139,19.5457,0.8067,-0.3844,0.057135,0.70275,-6.958516,147,0.636437,2365.1089,0.130387,0
363,15.488,8315.33,7494.6285,17707.03,-6.8152785585,0.405205,0.384708,14.061,0.8548,-0.1509,0.069145,0.728827,-4.799295,145,0.629236,2639.8074,0.127579,0
364,15.5307,7926.54,7399.9053,17203.12,-5.8724551782,0.260072,0.455427,20.9563,0.8795,-0.2285,0.05693,0.706886,-3.054564,174,0.631553,2324.117,0.124039,0
365,15.5733,8191.37,7415.3014,17378.91,-6.2159433802,0.337714,0.433605,18.185,0.8468,-0.2381,0.060484,0.722261,-3.691046,159,0.626548,2499.0342,0.124527,0
366,15.616,8017.83,7394.7644,17355.47,-5.6510316594,0.365414,0.468223,21.3293,0.8277,-0.3556,0.054924,0.692684,-5.355669,167,0.634638,2399.421,0.118911,0
367,15.6587,8004.98,7459.641,17378.91,-5.7487009373,0.249389,0.460921,20.8422,0.8373,-0.3256,0.056062,0.689538,-3.746556,142,0.627388,2431.4399,0.117812,0
368,15.7013,8190.78,7401.3622,17542.97,-5.5330777454,0.427982,0.48478,23.3206,0.7965,-0.4176,0.052409,0.695934,-2.722071,160,0.651356,2280.9512,0.119277,0
369,15.744,8247.93,7519.8602,17753.91,-6.1750825527,0.324295,0.441464,16.9143,0.8205,-0.3138,0.059184,0.714349,-5.30098,158,0.625346,2357.4015,0.127701,0
370,15.7867,8175.84,7481.7479,17542.97,-6.3115147335,0.322227,0.421173,17.3701,0.8522,-0.2203,0.06259,0.717278,-3.839051,169,0.627464,2527.2109,0.132951,0
371,15.8293,8153.84,7467.5472,17753.91,-6.800882078,0.287595,0.389577,14.4975,0.8667,-0.181,0.068234,0.726745,-6.69005,162,0.618199,2696.6566,0.121109,0
372,15.872,7975.63,7467.5186,17460.94,-5.9911260233,0.288186,0.447364,20.1363,0.8545,-0.2726,0.058223,0.701354,-7.330067,145,0.619651,2393.4959,0.116958,0
373,15.9147,8104.94,7432.5383,17601.56,-5.2240841479,0.199304,0.506364,26.9815,0.7767,-0.5117,0.049256,0.662799,-7.458808,155,0.621644,2138.8036,0.121109,0
374,15.9573,8178.47,7443.8426,17472.66,-6.1536653089,0.261532,0.436163,18.7575,0.8348,-0.2643,0.060058,0.710292,-3.651212,180,0.602006,2513.535,0.122574,0
375,16.0,8103.43,7491.7236,17589.84,-5.9016234308,0.342735,0.450801,19.7687,0.8237,-0.3765,0.057669,0.703939,-2.6252,140,0.623172,2369.7094,0.128434,0
376,16.0427,7988.06,7350.1561,17250.0,-5.8384837619,0.394853,0.460123,19.8069,0.8441,-0.3119,0.056188,0.705008,-5.71254,163,0.608034,2389.6145,0.119644,0
377,16.0853,7646.93,7213.495,16804.69,-5.4645726225,0.339434,0.481839,26.899,0.9017,-0.2038,0.05285,0.660997,-3.969514,155,0.63758,2271.1498,0.101331,0
378,16.128,7973.67,7431.9607,17449.22,-5.5450225284,0.402504,0.474083,23.1273,0.8285,-0.4018,0.054024,0.687782,-3.326877,142,0.644246,2249.7983,0.113661,0
379,16.1707,7965.67,7375.3981,17273.44,-6.2509310586,0.347598,0.434304,18.1936,0.9006,-0.1237,0.060368,0.711401,-6.353609,141,0.627298,2539.2525,0.125626,0
380,16.2133,7909.07,7372.1372,16992.19,-5.6456325531,0.382758,0.466111,23.5061,0.874,-0.227,0.055252,0.682762,-2.488299,158,0.622763,2379.84,0.114882,0
381,16.256,7936.3,7399.3498,17308.59,-5.7090300419,0.365533,0.466686,21.0675,0.8577,-0.2817,0.055162,0.677711,-3.987576,171,0.640966,2296.3025,0.111098,0
382,16.2987,8051.11,7483.3793,17730.47,-5.8950050804,0.265579,0.452146,19.5323,0.8075,-0.4056,0.057454,0.688049,-4.215318,155,0.617349,2404.1064,0.113417,0
383,16.3413,8130.38,7381.5902,17449.22,-5.2652759737,0.544434,0.493321,25.5525,0.7947,-0.4589,0.051145,0.675163,-1.367808,149,0.633707,2236.1142,0.11415,0
384,16.384,7949.92,7417.0504,17296.88,-6.2130071731,0.302726,0.4365,18.3415,0.8744,-0.1963,0.060003,0.699897,-3.532058,141,0.631618,2363.4356,0.110365,0
385,16.4267,8084.41,7427.3429,17472.66,-5.9328464528,0.353555,0.442145,19.3523,0.8159,-0.3405,0.059073,0.69897,-7.684279,155,0.624693,2398.5451,0.12355,0
386,16.4693,8250.81,7431.4145,17472.66,-6.1923640816,0.38853,0.429928,18.4258,0.8347,-0.2521,0.061101,0.71933,-4.508645,156,0.631259,2423.7976,0.13759,0
387,16.512,8229.67,7466.7722,17683.59,-5.8095988351,0.328089,0.458029,19.6056,0.8041,-0.3964,0.056518,0.714449,-3.13577,152,0.632444,2389.3543,0.128678,0
388,16.5547,8364.24,7517.0455,17671.88,-7.2112955185,0.45026,0.357508,12.9718,0.8697,-0.0955,0.074452,0.73768,-5.129923,176,0.643248,2754.9877,0.117934,0
389,16.5973,8128.8,7472.9339,17449.22,-6.0891740501,0.271165,0.441041,18.9243,0.8329,-0.2817,0.059254,0.709939,-4.84682,165,0.613996,2335.8645,0.115004,0
390,16.64,8081.16,7366.967,17343.75,-6.6350312177,0.265259,0.398187,15.0787,0.8767,-0.1009,0.066652,0.7237,-5.088883,165,0.630481,2736.0061,0.119644,0
391,16.6827,8089.0,7303.8735,17226.56,-6.2186107374,0.302159,0.442567,18.732,0.8613,-0.1739,0.059003,0.728075,-4.759697,139,0.635848,2428.203,0.124283,0
392,16.7253,8129.57,7463.2323,17542.97,-6.0586010118,0.407924,0.441936,19.4655,0.8414,-0.2845,0.059107,0.708079,-3.521326,161,0.613212,2536.1762,0.124283,0
393,16.768,8362.74,7477.1991,17789.06,-5.7007375911,0.267114,0.468335,21.738,0.7887,-0.3643,0.054907,0.707495,-2.456279,145,0.617598,2316.1107,0.125992,0
394,16.8107,8313.34,7416.0793,17531.25,-6.117224652,0.233784,0.43463,19.0405,0.8091,-0.2731,0.060313,0.729221,-4.861745,159,0.597912,2592.1214,0.135026,0
395,16.8533,8329.33,7474.6843,17742.19,-6.1597649561,0.285711,0.434551,17.7154,0.7963,-0.3534,0.060326,0.719205,-2.985894,161,0.638267,2514.7121,0.130265,0
396,16.896,8174.8,7487.3506,17601.56,-6.794819116,0.346072,0.388836,14.3712,0.8824,-0.1502,0.068372,0.727213,-7.19256,138,0.623845,2653.8966,0.124527,0
397,16.9387,8069.57,7479.9686,17496.09,-6.0974206746,0.322709,0.444155,19.5783,0.835,-0.2974,0.058744,0.710727,-3.007324,167,0.613285,2473.8881,0.125015,0
398,16.9813,8132.37,7482.8934,17554.69,-7.0077053361,0.295826,0.381628,13.6739,0.8652,-0.1633,0.069727,0.732323,-5.465174,159,0.618716,2555.8072,0.118667,0
399,17.024,8272.19,7446.613,17753.91,-6.3977461182,0.343917,0.416141,16.7305,0.8407,-0.2398,0.06346,0.720892,-2.496029,168,0.606355,2519.5141,0.125015,0
400,17.0667,8356.97,7523.664,17753.91,-6.1398219322,0.316471,0.439172,17.604,0.7821,-0.3976,0.059561,0.728823,-4.629876,151,0.6254,2440.3234,0.130021,0
401,17.1093,8197.15,7392.8076,17472.66,-6.31303505,0.304626,0.424348,17.6798,0.8417,-0.2552,0.062046,0.732046,-4.81355,148,0.61034,2527.9217,0.12648,0
402,17.152,8083.72,7456.3126,17589.84,-6.830524235,0.358511,0.387756,14.2873,0.8871,-0.131,0.068574,0.723168,-4.236506,158,0.631345,2598.2616,0.121841,0
403,17.1947,7992.27,7406.8269,17449.22,-6.0353210814,0.458775,0.443814,20.0878,0.8658,-0.2455,0.0588,0.698919,-3.809128,169,0.643889,2331.6083,0.120498,0
404,17.2373,8324.18,7492.1888,17765.62,-6.9431840464,0.348952,0.383904,13.7102,0.8421,-0.1734,0.069296,0.73669,-5.334521,153,0.646973,2591.9353,0.128312,0
405,17.28,8226.36,7427.3443,17531.25,-7.2774392271,0.288266,0.35915,12.1405,0.8932,0.0026,0.074121,0.740466,-4.045373,149,0.606933,2734.1931,0.129166,0
406,17.3227,8219.4,7532.8338,17566.41,-6.6618247002,0.283551,0.404591,14.5602,0.8156,-0.2799,0.065497,0.719792,-6.322029,160,0.614896,2674.3409,0.126724,0
407,17.3653,8323.77,7413.0273,17496.09,-5.7850829584,0.34357,0.46805,19.6961,0.8072,-0.3436,0.054951,0.730303,-3.699344,158,0.626358,2355.2106,0.130265,0
408,17.408,8149.92,7510.4827,17671.88,-6.3050700554,0.334685,0.426764,17.3904,0.8648,-0.2121,0.061635,0.719492,-4.144725,171,0.607688,2551.5133,0.121597,0
409,17.4507,7927.01,7422.1558,17308.59,-5.8631588823,0.344052,0.450432,20.773,0.8644,-0.2642,0.057729,0.684435,-2.74406,147,0.631382,2410.6969,0.110975,0
410,17.4933,8086.02,7441.7763,17578.12,-6.2655462329,0.390645,0.423524,17.8048,0.8629,-0.2119,0.062187,0.711227,-8.018717,133,0.617759,2418.4042,0.122207,0
411,17.536,8153.17,7453.8808,17601.56,-6.4923666859,0.375934,0.411898,15.856,0.8721,-0.1639,0.064202,0.728022,-3.875862,164,0.617129,2641.0002,0.133317,0
412,17.5787,8156.93,7532.1234,17484.38,-6.7511059988,0.220312,0.390929,14.9574,0.8381,-0.2252,0.067984,0.719585,-4.489666,152,0.64621,2641.5556,0.133073,0
413,17.6213,8170.66,7518.4148,17695.31,-6.098488937,0.403309,0.438395,18.6527,0.8236,-0.3308,0.059689,0.695601,-4.611928,150,0.60776,2420.4723,0.131974,0
414,17.664,8266.29,7493.9505,17765.62,-6.4325270091,0.31323,0.425119,16.6482,0.8419,-0.2467,0.061915,0.733372,-6.759248,136,0.612447,2426.0792,0.12587,0
415,17.7067,8172.29,7385.4408,17519.53,-5.4505497377,0.286327,0.485335,24.3723,0.806,-0.406,0.052326,0.696427,-2.189632,171,0.626462,2393.5914,0.120864,0
416,17.7493,8178.05,7455.8235,17414.06,-6.1631818268,0.308454,0.434816,18.2079,0.8297,-0.2484,0.060282,0.715768,-3.542342,149,0.643637,2461.681,0.124649,0
417,17.792,8072.52,7416.7252,17519.53,-5.5913770944,0.310821,0.480026,23.0844,0.8159,-0.398,0.053123,0.689219,-2.595489,141,0.640994,2276.2981,0.128434,0
418,17.8347,8219.68,7540.3918,17648.44,-6.0504321553,0.291289,0.448824,18.7704,0.8144,-0.3492,0.057987,0.711402,-6.680417,154,0.648696,2380.6917,0.13112,0
419,17.8773,8104.95,7409.4987,17601.56,-5.6204127527,0.318408,0.478852,22.2887,0.8319,-0.3638,0.0533,0.714251,-3.433706,138,0.602229,2279.7991,0.123184,0
420,17.92,8084.84,7455.2929,17683.59,-5.8344775646,0.307324,0.454445,19.6679,0.8262,-0.3642,0.057086,0.697063,-7.367533,155,0.641635,2315.131,0.113295,0
421,17.9627,8255.79,7446.7759,17578.12,-5.0916799226,0.26815,0.509591,27.5356,0.7645,-0.5118,0.048796,0.660069,-7.130877,151,0.651451,2237.5242,0.121841,0
422,18.0053,8249.44,7465.1495,17753.91,-5.8091569493,0.416506,0.462743,20.4594,0.8075,-0.3728,0.055777,0.711863,-3.325861,182,0.621777,2391.463,0.135393,0
423,18.048,8354.97,7369.5259,17437.5,-5.9055429841,0.303986,0.465123,19.2534,0.7891,-0.3349,0.055405,0.72564,-4.839953,155,0.620764,2489.0826,0.133439,0
424,18.0907,7975.46,7342.1659,17296.88,-5.1706287384,0.333717,0.505924,29.4565,0.8171,-0.4457,0.049319,0.670631,-2.545042,169,0.630157,2162.0926,0.121597,0
425,18.1333,8191.0,7446.0224,17742.19,-5.19102452,0.356741,0.505745,28.2002,0.801,-0.4641,0.049345,0.678913,-4.938953,169,0.621103,2114.2458,0.120254,0
426,18.176,8368.67,7485.3565,17765.62,-6.2758208009,0.379587,0.426969,16.9251,0.8111,-0.3113,0.061601,0.7251,-2.780138,174,0.643183,2647.6155,0.126724,0
427,18.2187,8159.62,7440.2187,17472.66,-5.6477442916,0.248744,0.473971,21.7819,0.7761,-0.4594,0.054041,0.701313,-5.187727,154,0.607966,2343.3461,0.128067,0
428,18.2613,8109.05,7441.086,17507.81,-5.6804097386,0.428287,0.465196,22.0307,0.8157,-0.3933,0.055394,0.706107,-8.400964,164,0.616508,2443.687,0.123428,0
429,18.304,7988.1,7407.7962,17367.19,-6.168827585,0.30283,0.43423,18.6089,0.8874,-0.1606,0.06038,0.716435,-5.939248,134,0.641847,2462.1683,0.120742,0
430,18.3467,8223.39,7472.2092,17636.72,-5.7417295924,0.299098,0.465267,20.9859,0.7851,-0.4364,0.055383,0.708696,-4.952297,160,0.634902,2273.0575,0.122451,0
431,18.3893,8157.3,7407.4922,17718.75,-5.8789499966,0.354921,0.462331,20.4889,0.837,-0.2843,0.055841,0.717967,-4.860086,140,0.625023,2397.3264,0.116958,0
432,18.432,8070.67,7451.1254,17601.56,-5.8997419287,0.234132,0.445977,19.8652,0.8226,-0.3386,0.058448,0.700084,-7.279903,147,0.626886,2338.4527,0.115859,0
433,18.4747,8061.75,7491.3887,17496.09,-6.3359866965,0.326617,0.421554,16.6626,0.8519,-0.2467,0.062525,0.697412,-7.016941,160,0.624793,2571.1994,0.12062,0
434,18.5173,8093.33,7385.2554,17273.44,-6.7113445373,0.308333,0.396135,14.8831,0.8855,-0.1004,0.067026,0.725009,-5.520681,154,0.626766,2623.3144,0.120498,0
435,18.56,8133.17,7463.5428,17519.53,-6.6328421059,0.273528,0.400802,15.0338,0.8695,-0.1673,0.066178,0.72477,-3.150635,151,0.628537,2535.8271,0.115493,0
436,18.6027,8219.88,7469.2781,17671.88,-5.9193763693,0.388555,0.460262,19.8898,0.8044,-0.3723,0.056166,0.707241,-3.191319,158,0.61677,2351.5609,0.119521,0
437,18.6453,8106.86,7511.1636,17460.94,-6.2544875838,0.363572,0.425706,17.4387,0.8361,-0.3063,0.061815,0.706642,-5.328005,143,0.634387,2600.9007,0.123672,0
438,18.688,8050.49,7338.3847,17460.94,-5.2128461473,0.40895,0.507835,27.1499,0.8102,-0.4776,0.049046,0.694138,-3.223306,160,0.642354,2065.8251,0.118178,0
439,18.7307,8119.81,7502.7966,17753.91,-6.5620773585,0.293353,0.404931,15.2174,0.8735,-0.2004,0.065436,0.725569,-4.025029,158,0.643435,2599.8791,0.122696,0
440,18.7733,8255.76,7424.0716,17531.25,-6.5040842114,0.246976,0.41057,14.988,0.8423,-0.197,0.064435,0.731289,-6.290925,168,0.652172,2502.8619,0.131608,0
441,18.816,8369.22,7468.5239,17660.16,-6.7074527698,0.277211,0.40249,15.0536,0.8212,-0.2313,0.065874,0.738049,-4.772942,160,0.643852,2576.4506,0.127091,0
442,18.8587,8095.96,7459.255,17507.81,-6.4495082374,0.327617,0.424028,16.1664,0.8464,-0.2493,0.062101,0.724364,-3.725947,142,0.602354,2535.8214,0.116347,0
443,18.9013,7849.03,7389.3787,17285.16,-6.1449619,0.336412,0.433363,19.0158,0.8846,-0.2277,0.060525,0.703152,-7.900015,147,0.622368,2333.1087,0.116591,0
444,18.944,7981.53,7317.8676,17285.16,-5.7312932044,0.331896,0.471098,21.7107,0.8504,-0.3003,0.054481,0.693657,-1.165329,147,0.645987,2291.8043,0.118911,0
445,18.9867,8222.3,7388.5406,17542.97,-5.6856253542,0.288073,0.47571,22.4234,0.8067,-0.3703,0.053776,0.712415,-5.040144,167,0.628356,2319.5633,0.123428,0
446,19.0293,8102.44,7332.4574,17484.38,-5.2190230006,0.36312,0.501825,27.8308,0.7724,-0.5192,0.049908,0.684055,-2.247093,153,0.635615,2099.2205,0.123062,0
447,19.072,8058.25,7419.6725,17437.5,-6.5383343481,0.274638,0.409387,15.1955,0.8826,-0.1442,0.064644,0.719361,-4.615251,160,0.654201,2555.1255,0.120986,0
448,19.1147,8103.8,7476.9019,17578.12,-6.563666009,0.230143,0.407088,15.6072,0.8718,-0.1774,0.065052,0.716805,-2.688833,160,0.638922,2572.0386,0.123184,0
449,19.1573,8078.42,7424.0354,17554.69,-5.853327095,0.353166,0.457446,21.4571,0.8469,-0.3097,0.05661,0.706496,-9.026942,144,0.653187,2385.269,0.118178,0
450,19.2,8174.01,7474.3255,17671.88,-6.5230384282,0.282401,0.410759,16.0768,0.8485,-0.2362,0.064402,0.731067,-4.715499,151,0.631912,2554.0214,0.119399,0
451,19.2427,8118.49,7419.408,17695.31,-5.5090722518,0.296545,0.482536,23.6526,0.827,-0.3742,0.052745,0.701435,-1.502203,149,0.623912,2278.1614,0.120254,0
452,19.2853,8408.54,7557.1347,17988.28,-6.9209450836,0.327563,0.385226,14.1366,0.8295,-0.2243,0.069047,0.737381,-6.308155,150,0.616106,2669.7321,0.128312,0
453,19.328,8130.31,7436.6345,17542.97,-6.5377147871,0.372313,0.40545,15.455,0.8641,-0.195,0.065344,0.721286,-6.654883,166,0.646635,2651.8148,0.132462,0
454,19.3707,8439.19,7533.5759,17753.91,-6.5612665604,0.298321,0.41482,15.3044,0.7779,-0.3278,0.06369,0.728968,-5.753639,148,0.625162,2462.5503,0.12648,0
455,19.4133,8246.8,7464.2664,17390.62,-6.2224801164,0.348393,0.438142,18.293,0.8267,-0.2811,0.059731,0.72869,-7.447809,143,0.626989,2487.0743,0.130143,0
456,19.456,8192.12,7457.3928,17554.69,-6.5474714844,0.345574,0.413795,16.1835,0.8617,-0.222,0.063869,0.739186,-5.616733,148,0.599926,2542.5202,0.130509,0
457,19.4987,8160.11,7454.0574,17695.31,-5.9769832748,0.330618,0.449387,19.5193,0.8348,-0.3143,0.057897,0.710195,-7.266686,157,0.625118,2298.8172,0.125137,0
458,19.5413,8284.88,7486.1375,17683.59,-5.6450198801,0.424842,0.471201,22.174,0.752,-0.5084,0.054466,0.688227,-7.064367,149,0.613862,2337.0269,0.118545,0
459,19.584,7824.86,7364.8291,17179.69,-5.1284094811,0.427014,0.50265,27.6657,0.8451,-0.4015,0.049789,0.642767,-2.068787,148,0.62935,2140.6584,0.114516,0
460,19.6267,8262.02,7563.1714,17765.62,-6.5229845832,0.379562,0.414781,16.3723,0.828,-0.2685,0.063697,0.718071,-4.929166,160,0.65035,2560.8834,0.116836,0
461,19.6693,7841.19,7393.3766,17250.0,-6.2921944918,0.32691,0.424787,18.1116,0.8899,-0.1921,0.061971,0.699323,-4.271835,150,0.617343,2509.79,0.120132,0
462,19.712,8242.02,7503.1011,17835.94,-5.9587271136,0.261908,0.449108,18.9594,0.7892,-0.4186,0.057942,0.7086,-1.754706,162,0.64981,2441.8645,0.121353,0
463,19.7547,8170.8,7504.3728,17507.81,-6.327445884,0.356763,0.42194,17.0008,0.8413,-0.2492,0.062458,0.715023,-7.224337,149,0.6365,2506.0095,0.130021,0
464,19.7973,8262.55,7472.0607,17636.72,-6.4298340138,0.369666,0.415248,16.451,0.8482,-0.2137,0.063615,0.723602,-3.5174,156,0.655548,2646.0455,0.132096,0
465,19.84,8204.58,7475.3621,17531.25,-6.667779602,0.349279,0.398258,14.8942,0.8521,-0.2038,0.066639,0.725854,-6.239722,156,0.641636,2488.1081,0.127335,0
466,19.8827,7980.55,7444.2456,17542.97,-6.1114751831,0.301569,0.434562,18.5473,0.8642,-0.2998,0.060325,0.714217,-3.753625,166,0.642443,2390.33,0.125382,0
467,19.9253,7987.13,7418.0145,17390.62,-5.8662227566,0.371763,0.459525,21.3175,0.855,-0.3037,0.056282,0.702177,-8.185028,147,0.63065,2325.3546,0.114516,0
468,19.968,8164.9,7416.5937,17566.41,-5.8086177241,0.347962,0.458545,20.7465,0.8067,-0.3874,0.056436,0.703635,-5.135662,157,0.626871,2441.9197,0.114394,0
469,20.0107,8407.84,7437.6815,17707.03,-5.5444124122,0.30131,0.477402,22.6441,0.7427,-0.4914,0.053519,0.704767,-3.019543,161,0.649097,2365.6889,0.118423,0
470,20.0533,8241.4,7486.3146,17566.41,-6.6488634084,0.328983,0.402508,15.4335,0.8613,-0.1476,0.065871,0.731589,-6.809754,143,0.638871,2521.2496,0.123306,0
471,20.096,8296.28,7415.9467,17613.28,-6.0230036821,0.368416,0.440537,18.1847,0.8154,-0.3384,0.059336,0.720624,-5.118405,183,0.637362,2503.8299,0.126114,0
472,20.1387,7938.09,7407.962,17296.88,-6.0898039194,0.450371,0.441415,18.9132,0.8858,-0.2052,0.059192,0.708576,-5.695889,158,0.654469,2378.6075,0.113906,0
473,20.1813,7817.52,7411.1243,17320.31,-5.6620039194,0.500943,0.467285,21.8408,0.8855,-0.2949,0.05507,0.685039,-2.016272,154,0.614843,2311.44,0.112807,0
474,20.224,8101.55,7493.5884,17554.69,-6.543963636,0.333923,0.403155,15.8157,0.8417,-0.264,0.065755,0.719058,-5.09545,154,0.645694,2636.1869,0.12294,0
475,20.2667,8252.2,7474.6464,17695.31,-6.0723420688,0.238485,0.455481,19.2411,0.8064,-0.3462,0.056922,0.734748,-4.928236,137,0.616665,2338.9993,0.132096,0
476,20.3093,8433.87,7458.1785,17671.88,-6.5031651801,0.346527,0.410707,15.3547,0.8244,-0.2142,0.064411,0.737432,-7.389395,171,0.616567,2575.0818,0.129044,0
477,20.352,8040.21,7401.5566,17390.62,-5.3019861181,0.550434,0.491666,26.1922,0.7969,-0.446,0.051388,0.653123,-3.654681,154,0.63106,2303.7603,0.118056,0
478,20.3947,8126.48,7422.9491,17566.41,-5.9619791778,0.357405,0.453135,19.2774,0.845,-0.2895,0.057295,0.720543,-3.539598,157,0.634244,2303.9106,0.123428,0
479,20.4373,8355.99,7543.7225,17859.38,-6.9748930315,0.341916,0.378023,13.4316,0.8514,-0.178,0.070414,0.737134,-4.843137,156,0.636268,2631.8236,0.133317,0
480,20.48,8119.61,7361.3234,17578.12,-5.0528079924,0.387988,0.518862,28.1993,0.8025,-0.5043,0.047491,0.679292,-2.344815,156,0.657824,2077.0695,0.117202,0
481,20.5227,7965.1,7422.3233,17472.66,-5.6917821392,0.379515,0.462443,22.5791,0.8408,-0.3566,0.055824,0.689569,-5.384279,171,0.619587,2344.6784,0.11244,0
482,20.5653,8212.15,7404.4229,17507.81,-6.0462096379,0.251932,0.44928,18.6229,0.8423,-0.255,0.057914,0.722348,-3.601503,156,0.608193,2508.1697,0.118911,0
483,20.608,8344.88,7501.3694,17671.88,-6.763805229,0.271983,0.394369,14.3465,0.8372,-0.2012,0.06735,0.735397,-5.687764,159,0.61746,2614.9226,0.120132,0
484,20.6507,7928.49,7384.9668,17320.31,-5.43806558,0.342665,0.486044,24.6714,0.8374,-0.3937,0.052221,0.681841,-1.550607,161,0.626818,2196.2623,0.122207,0
485,20.6933,8176.35,7437.9252,17449.22,-6.6072350191,0.262475,0.407081,15.3852,0.875,-0.1093,0.065053,0.721207,-3.473821,157,0.633593,2490.3754,0.120376,0
486,20.736,8298.62,7474.2059,17683.59,-7.1965516627,0.299685,0.366437,12.3603,0.8711,-0.1071,0.072667,0.740967,-4.999296,157,0.608965,2814.522,0.124283,0
487,20.7787,8250.62,7521.4633,17753.91,-6.0504406306,0.300694,0.448868,19.1808,0.8132,-0.3497,0.05798,0.726076,-6.005874,155,0.623893,2464.1906,0.127091,0
488,20.8213,8163.13,7446.7557,17554.69,-6.3458939638,0.319593,0.428604,16.2359,0.8386,-0.2556,0.061324,0.728187,-6.449544,141,0.609074,2523.6177,0.130509,0
489,20.864,8371.98,7465.2396,17660.16,-5.9269152152,0.340399,0.452096,19.7475,0.7973,-0.3382,0.057462,0.717901,-4.069263,159,0.611167,2356.4884,0.122818,0
490,20.9067,7945.74,7375.0314,17425.78,-5.2733203148,0.37861,0.499041,26.345,0.8195,-0.4412,0.050311,0.670141,-1.03271,169,0.596423,2146.599,0.115737,0
491,20.9493,8083.94,7453.8708,17554.69,-6.5318687836,0.268729,0.411571,16.3516,0.8675,-0.1758,0.064259,0.708832,-5.75461,167,0.652719,2501.0596,0.119033,0
492,20.992,8165.21,7496.63,17660.16,-6.345861291,0.279076,0.42279,17.081,0.8554,-0.2285,0.062313,0.719761,-4.488372,158,0.629321,2585.1103,0.121597,0
493,21.0347,8156.6,7440.6254,17472.66,-5.7453026536,0.31407,0.464216,21.8978,0.8241,-0.3183,0.055547,0.695203,-4.652775,147,0.637856,2284.5967,0.122085,0
494,21.0773,8084.42,7391.8038,17378.91,-5.2989097566,0.354626,0.501605,25.7102,0.8204,-0.3998,0.04994,0.687947,-3.743711,148,0.638575,2123.4648,0.123306,0
495,21.12,8082.3,7505.879,17531.25,-6.2364499846,0.213409,0.43549,18.594,0.8247,-0.3203,0.06017,0.702509,-6.694107,149,0.620003,2658.2856,0.121475,0
496,21.1627,8302.83,7565.7754,17976.56,-6.532963836,0.387527,0.410236,15.7149,0.8246,-0.2871,0.064494,0.724028,-3.584119,144,0.6294,2644.3318,0.125626,0
497,21.2053,8276.77,7492.839,17707.03,-7.0907639546,0.333261,0.376373,12.7328,0.863,-0.1286,0.07073,0.747974,-6.171779,152,0.610434,2673.5729,0.126602,0
498,21.248,8062.47,7464.2892,17554.69,-6.7467274324,0.314568,0.396177,15.5065,0.8912,-0.1067,0.067018,0.724269,-5.021122,142,0.599069,2667.7644,0.11769,0
499,21.2907,8121.37,7467.3812,17625.0,-5.7297370821,0.242395,0.462025,21.1986,0.8138,-0.3994,0.055889,0.707822,-4.356718,169,0.642215,2339.1445,0.116591,0
500,21.3333,8012.61,7500.3893,17531.25,-5.6278211277,0.338054,0.469928,22.422,0.8129,-0.4124,0.054661,0.689388,-10.214628,132,0.62811,2299.5822,0.116103,0
501,21.376,8227.46,7500.167,17566.41,-6.0700535418,0.359588,0.438422,18.8331,0.8354,-0.2859,0.059685,0.721877,-6.91996,131,0.625339,2594.4565,0.120742,0
502,21.4187,8194.26,7469.7146,17730.47,-5.93765237,0.368592,0.451374,18.9353,0.8333,-0.3172,0.057577,0.71534,-4.733815,144,0.587667,2472.2439,0.122696,0
503,21.4613,8141.01,7440.7,17566.41,-5.5137284822,0.346411,0.476878,22.6409,0.8013,-0.4477,0.053599,0.69524,-4.786983,133,0.617415,2277.936,0.116836,0
504,21.504,7869.82,7436.4985,17378.91,-5.7701345434,0.302381,0.452407,20.5802,0.8861,-0.2528,0.057412,0.684989,-8.478675,142,0.614709,2388.5461,0.118911,0
505,21.5467,8051.33,7442.4287,17519.53,-6.7641830324,0.399019,0.391826,15.0463,0.8995,-0.1071,0.067818,0.730701,-5.170311,150,0.640746,2620.6859,0.119766,0
506,21.5893,8075.77,7357.5861,17367.19,-5.2531382925,0.327422,0.501466,25.2508,0.8104,-0.4039,0.04996,0.686312,-2.263202,145,0.628734,2198.6372,0.128434,0
507,21.632,8478.67,7479.7692,17812.5,-6.3983808795,0.353418,0.419173,16.1841,0.8098,-0.2536,0.062934,0.736062,-5.592565,159,0.625558,2620.9616,0.1288,0
508,21.6747,8017.64,7414.3527,17320.31,-5.4568192442,0.277767,0.484858,24.2188,0.8172,-0.3802,0.052398,0.675194,-4.87025,152,0.645403,2259.9382,0.116469,0
509,21.7173,8111.91,7466.1308,17460.94,-6.2395599463,0.282587,0.429412,17.8968,0.8725,-0.1582,0.061188,0.710513,-4.630999,160,0.643648,2385.9596,0.116713,0
510,21.76,8028.4,7502.2959,17425.78,-5.9425024196,0.292369,0.458226,20.0205,0.8412,-0.2965,0.056487,0.700166,-6.069476,154,0.634704,2347.3614,0.120376,0
511,21.8027,8507.0,7442.6951,17742.19,-6.018175244,0.283413,0.446192,18.1636,0.7857,-0.3355,0.058413,0.743126,-2.978361,168,0.623731,2482.3063,0.12294,0
512,21.8453,8235.37,7405.4065,17226.56,-6.3916221463,0.262432,0.416259,17.3336,0.815,-0.2585,0.063439,0.719343,-3.07199,189,0.624095,2598.9856,0.127701,0
513,21.888,8324.01,7495.7738,17777.34,-5.7118177204,0.358114,0.473638,21.6732,0.7901,-0.4282,0.054092,0.721613,-2.798837,147,0.624006,2442.638,0.131242,0
514,21.9307,7885.51,7447.344,17554.69,-5.6582161859,0.369816,0.466225,22.7316,0.8434,-0.3935,0.055234,0.681932,-1.654265,155,0.643152,2193.0412,0.123794,0
515,21.9733,8281.07,7481.0288,17671.88,-5.6290375062,0.304014,0.47228,21.7059,0.7747,-0.4563,0.0543,0.70635,-6.79281,130,0.672407,2461.4829,0.12001,0
516,22.016,8132.41,7481.1689,17554.69,-6.3960535828,0.347451,0.418694,16.9742,0.8694,-0.1937,0.063017,0.723387,-4.019818,176,0.629036,2546.5019,0.127457,0
517,22.0587,8224.78,7470.7833,17660.16,-6.2197727912,0.307812,0.436724,18.8548,0.84,-0.2442,0.059965,0.731392,-3.605583,147,0.6167,2416.5841,0.127213,0
518,22.1013,8343.57,7480.8038,17671.88,-6.2371819266,0.322362,0.434419,18.0524,0.8089,-0.2741,0.060349,0.72073,-3.381443,157,0.608328,2583.7255,0.12294,0
519,22.144,8159.2,7486.775,17671.88,-6.3355878603,0.400681,0.425896,16.8669,0.8353,-0.2772,0.061783,0.714125,-6.03875,138,0.606379,2513.9851,0.12941,0
520,22.1867,8538.03,7550.0966,18152.34,-6.0514366698,0.26981,0.448018,18.5904,0.7623,-0.414,0.058117,0.718709,-5.24805,138,0.645269,2441.0236,0.12941,0
521,22.2293,8032.23,7430.1685,17414.06,-5.8642436212,0.416783,0.458378,20.8679,0.8505,-0.2955,0.056463,0.688856,-1.222477,152,0.635578,2353.6933,0.121963,0
522,22.272,8016.27,7416.1989,17589.84,-5.236815623,0.235216,0.504579,28.7109,0.8124,-0.4666,0.049512,0.681209,-2.965704,152,0.633327,2217.5523,0.125748,0
523,22.3147,8216.67,7496.0673,17660.16,-6.5165289244,0.235535,0.411558,15.3232,0.844,-0.2145,0.064262,0.719307,-5.595069,154,0.642407,2560.5068,0.12648,0
524,22.3573,8213.45,7486.0097,17554.69,-6.5467364994,0.339409,0.407161,15.9563,0.848,-0.1833,0.065039,0.716142,-4.176152,175,0.601498,2618.1954,0.116347,0
525,22.4,8078.07,7421.3531,17484.38,-5.5590434964,0.293228,0.480233,22.4028,0.8233,-0.3811,0.053091,0.701179,-2.769385,167,0.624107,2325.6752,0.118056,0
526,22.4427,8343.06,7514.6021,17753.91,-6.1863008576,0.321948,0.433721,17.9588,0.8211,-0.2935,0.060465,0.716527,-3.670385,148,0.649445,2448.2329,0.126969,0
527,22.4853,8100.27,7468.2022,17531.25,-6.279426413,0.377159,0.426046,17.7275,0.8734,-0.1788,0.061757,0.719874,-5.485705,155,0.599291,2456.9278,0.122574,0
528,22.528,8163.6,7445.8436,17320.31,-6.4389043546,0.215564,0.418937,17.9995,0.8412,-0.1831,0.062975,0.723809,-5.945244,143,0.607305,2594.4284,0.119888,0
529,22.5707,8131.13,7389.5371,17531.25,-4.6989063794,0.258559,0.537356,37.0259,0.7303,-0.6637,0.044956,0.610382,0.292503,148,0.632948,2004.7146,0.125137,0
530,22.6133,8412.13,7495.1855,17800.78,-6.5460916079,0.242815,0.410254,15.2794,0.8062,-0.2738,0.064491,0.737277,-4.795647,149,0.648307,2569.3225,0.118667,0
531,22.656,8035.55,7413.1424,17531.25,-5.9415937079,0.418948,0.449791,20.0564,0.8441,-0.3108,0.057832,0.690362,-3.254993,154,0.631013,2371.7333,0.118911,0
532,22.6987,7899.6,7282.1703,17226.56,-5.709405112,0.317632,0.465925,21.865,0.8722,-0.2595,0.055281,0.704214,-4.453475,145,0.622916,2309.0976,0.123184,0
533,22.7413,8074.12,7401.1049,17519.53,-5.3701781646,0.309454,0.493599,25.0299,0.8128,-0.4078,0.051104,0.688759,-3.389715,138,0.642803,2288.1142,0.119644,0
534,22.784,8118.03,7380.0616,17496.09,-5.5994355521,0.304323,0.475416,21.7208,0.8203,-0.4084,0.053821,0.719413,-4.979494,151,0.630061,2207.2079,0.119766,0
535,22.8267,7947.98,7332.286,17085.94,-6.3794500744,0.433769,0.418526,17.7759,0.9123,-0.0466,0.063046,0.712051,-4.818258,158,0.647426,2504.1308,0.123794,0
536,22.8693,8277.55,7528.8408,17859.38,-5.923672904,0.248966,0.450689,18.1059,0.7955,-0.4114,0.057687,0.721776,-4.624167,155,0.640485,2419.4374,0.124527,0
537,22.912,8182.99,7509.1018,17812.5,-5.8499604828,0.398739,0.448442,19.6888,0.8136,-0.3673,0.058049,0.69561,-7.146118,154,0.626934,2475.8673,0.127213,0
538,22.9547,8176.61,7487.2369,17554.69,-6.934081224,0.331372,0.384155,14.653,0.8661,-0.13,0.069249,0.728547,-6.876291,145,0.626571,2652.7482,0.130997,0
539,22.9973,8357.38,7485.5603,17871.09,-5.7256742816,0.307108,0.470652,19.3629,0.7856,-0.4246,0.05455,0.71258,-7.408636,136,0.625331,2306.4167,0.123672,0
540,23.04,8020.39,7424.3215,17437.5,-6.3643762855,0.366531,0.420054,16.479,0.8623,-0.2469,0.062783,0.718097,-9.823304,149,0.602557,2591.9785,0.12001,0
541,23.0827,8235.7,7461.9983,17683.59,-6.1713651213,0.30277,0.432934,18.1052,0.8185,-0.3149,0.060596,0.726754,-5.213288,152,0.627053,2573.3701,0.119277,0
542,23.1253,8014.51,7465.711,17484.38,-6.444078571,0.324566,0.417738,16.467,0.9049,-0.129,0.063183,0.721215,-6.992756,158,0.644992,2550.9117,0.119766,0
543,23.168,8238.62,7373.1651,17566.41,-6.0515015786,0.268136,0.441767,18.4321,0.8239,-0.3043,0.059134,0.731749,-6.666555,148,0.629129,2457.1254,0.12355,0
544,23.2107,8063.88,7525.6737,17601.56,-6.5138439519,0.365457,0.409139,15.7759,0.8617,-0.2253,0.064688,0.71,-5.60896,139,0.640219,2561.6924,0.122818,0
545,23.2533,7844.67,7331.2275,17167.97,-5.6301067135,0.330004,0.468389,22.6328,0.8664,-0.3086,0.054899,0.691651,-4.099033,144,0.651998,2247.0971,0.120132,0
546,23.296,8043.79,7435.3063,17496.09,-5.999519814,0.382246,0.447425,19.04,0.8329,-0.3279,0.058213,0.71354,-4.116132,144,0.640504,2394.6663,0.117446,0
547,23.3387,8327.7,7539.3679,17988.28,-5.419273854,0.413092,0.484136,23.3572,0.7695,-0.5094,0.052505,0.698928,-3.619036,156,0.620221,2257.1787,0.116713,0
548,23.3813,8149.15,7429.8583,17566.41,-5.8200886031,0.403224,0.457945,20.2454,0.8337,-0.3384,0.056531,0.708268,-3.720417,146,0.64348,2344.8289,0.122207,0
549,23.424,8462.76,7526.8628,17835.94,-6.7284351452,0.309599,0.394339,13.8725,0.8042,-0.266,0.067355,0.742915,-5.447606,160,0.631936,2621.4616,0.130997,0
550,23.4667,8331.63,7482.9884,17800.78,-6.1680707014,0.341612,0.433192,18.4865,0.7957,-0.332,0.060553,0.723764,-4.157575,159,0.612283,2479.9878,0.12062,0
551,23.5093,8343.29,7531.3359,17718.75,-6.061254627,0.317479,0.445966,18.5887,0.7885,-0.3734,0.05845,0.721389,-6.859181,152,0.616852,2453.0578,0.111464,0
552,23.552,8031.64,7433.2454,17496.09,-5.4314640602,0.334192,0.48557,24.1804,0.8207,-0.413,0.052291,0.687469,-2.318496,156,0.621067,2212.3418,0.116958,0
553,23.5947,7901.36,7400.3072,17273.44,-5.6338446113,0.406214,0.467038,23.1954,0.8407,-0.3336,0.055108,0.68677,-7.879287,147,0.601038,2370.1439,0.112074,0
554,23.6373,7878.01,7356.4101,17214.84,-5.7386899049,0.311205,0.467002,22.3508,0.8819,-0.2478,0.055114,0.697385,-4.926246,162,0.625534,2274.0458,0.113173,0
555,23.68,7903.66,7474.2582,17542.97,-6.0770301319,0.266914,0.440841,19.8937,0.8836,-0.2392,0.059286,0.700965,-2.790359,158,0.607893,2397.8156,0.122329,0
556,23.7227,8093.23,7402.8505,17566.41,-5.2471313504,0.420212,0.495749,26.2576,0.7967,-0.4649,0.05079,0.651847,-7.547962,140,0.644798,2173.0928,0.115981,0
557,23.7653,8286.82,7383.5816,17449.22,-5.4092228441,0.284936,0.496962,24.3193,0.7821,-0.4269,0.050613,0.694114,-9.284836,149,0.626578,2215.8067,0.121231,0
558,23.808,8101.74,7444.8531,17449.22,-6.5033124852,0.275009,0.408862,16.5355,0.852,-0.2064,0.064737,0.709591,-1.442719,158,0.659444,2466.6975,0.125259,0
559,23.8507,8075.28,7415.9569,17472.66,-5.8925315351,0.400212,0.459953,20.9854,0.8527,-0.2654,0.056214,0.702462,-5.327263,147,0.640548,2421.0823,0.118667,0
560,23.8933,8067.74,7328.4392,17273.44,-5.8582394275,0.397584,0.455662,18.7591,0.8471,-0.2751,0.056893,0.717336,-6.407697,160,0.612499,2439.2472,0.118301,0
561,23.936,7635.51,7299.0541,17085.94,-5.3314605599,0.440309,0.484985,27.1741,0.8737,-0.3726,0.052379,0.661848,-2.673753,161,0.660102,1993.8437,0.111586,0
562,23.9787,8055.51,7394.2508,17460.94,-6.2084332684,0.323951,0.432036,17.0872,0.8726,-0.2172,0.060747,0.723219,-5.467943,157,0.691779,2512.9241,0.119521,0
563,24.0213,8248.68,7469.0566,17671.88,-5.6063331003,0.44757,0.473839,21.3837,0.8065,-0.3861,0.054061,0.693353,-2.488295,131,0.648394,2316.6225,0.128434,0
564,24.064,8283.09,7479.9595,17625.0,-6.1871615493,0.389857,0.427744,18.3096,0.8229,-0.2824,0.061469,0.716158,-4.324549,166,0.603925,2545.3798,0.12941,0
565,24.1067,8181.4,7447.1698,17648.44,-6.799259236,0.334733,0.392079,14.0416,0.8818,-0.1175,0.067771,0.730808,-5.120048,153,0.622353,2571.1445,0.123794,0
566,24.1493,8304.91,7448.8516,17671.88,-5.9671812221,0.36011,0.454726,19.2405,0.7993,-0.3626,0.057042,0.730398,-4.149035,159,0.601378,2415.3865,0.119033,0
567,24.192,8190.47,7451.0956,17718.75,-6.2535861914,0.24073,0.427083,17.4019,0.8492,-0.2429,0.061581,0.726411,-4.039094,156,0.606761,2586.977,0.123184,0
568,24.2347,8299.83,7410.5806,17707.03,-6.7161668805,0.522029,0.395637,13.9419,0.8668,-0.1371,0.067117,0.742658,-6.69611,148,0.608888,2630.434,0.127335,0
569,24.2773,8087.83,7398.258,17425.78,-5.9196350875,0.354038,0.453562,19.155,0.8421,-0.2995,0.057227,0.708958,-3.337366,135,0.648827,2411.6581,0.118423,0
570,24.32,7879.8,7385.5541,17214.84,-5.9601184966,0.25779,0.44839,19.6897,0.8683,-0.2605,0.058057,0.697375,-2.793345,154,0.657151,2542.7173,0.113906,0
571,24.3627,8123.78,7380.706,17589.84,-5.7106726424,0.326038,0.478229,22.7799,0.8185,-0.3799,0.053394,0.716857,-7.633151,144,0.603001,2324.9152,0.113173,0
572,24.4053,7953.23,7478.0756,17437.5,-6.3518684489,0.369067,0.416734,16.8654,0.8864,-0.1879,0.063357,0.699295,-5.19888,148,0.633385,2518.9407,0.109022,0
573,24.448,7982.97,7428.1518,17425.78,-5.8596707479,0.330906,0.455184,19.6183,0.8586,-0.2891,0.056969,0.699645,-3.78707,162,0.6045,2356.0957,0.119155,0
574,24.4907,8308.75,7446.68,17695.31,-6.4970520143,0.30924,0.407533,15.8103,0.8471,-0.1691,0.064973,0.726537,-3.522469,160,0.641194,2685.1275,0.124893,0
575,24.5333,8012.94,7396.0174,17449.22,-5.639247929,0.35346,0.471365,21.8957,0.8531,-0.3222,0.05444,0.700346,-1.583588,158,0.620763,2200.9488,0.123916,0
576,24.576,8130.13,7369.273,17378.91,-5.7808676751,0.275786,0.465885,21.1869,0.8179,-0.3258,0.055287,0.713329,-2.332609,171,0.629896,2376.0931,0.118301,0
577,24.6187,8044.61,7399.0022,17425.78,-6.357241699,0.467532,0.423026,16.8969,0.8528,-0.229,0.062272,0.712988,-5.371142,143,0.621003,2460.7398,0.118301,0
578,24.6613,7868.04,7381.809,17320.31,-5.6813837142,0.222716,0.464628,22.8461,0.8667,-0.2865,0.055482,0.688108,-9.885666,162,0.630268,2277.6459,0.122574,0
579,24.704,8107.95,7373.1437,17320.31,-5.2914857668,0.380634,0.493902,25.9038,0.7942,-0.4696,0.05106,0.687285,-2.189695,151,0.624403,2254.9199,0.122207,0
580,24.7467,7945.57,7419.494,17460.94,-6.0604086729,0.289385,0.44472,20.0527,0.8625,-0.2625,0.058652,0.699702,-6.585886,144,0.631122,2374.2013,0.113539,0
581,24.7893,7932.35,7346.345,17343.75,-5.127540501,0.301257,0.513271,28.8293,0.8456,-0.3914,0.048276,0.663084,-1.324842,143,0.604146,2017.5873,0.109633,0
582,24.832,8156.81,7438.8356,17671.88,-5.8859758671,0.360385,0.453046,19.08,0.8197,-0.3726,0.05731,0.71385,-6.241966,151,0.622307,2358.4476,0.115126,0
583,24.8747,7871.33,7442.078,17390.62,-5.898657912,0.373375,0.445257,19.8852,0.8854,-0.2383,0.058565,0.691275,-4.240429,143,0.632618,2319.2909,0.114028,0
584,24.9173,8060.67,7413.7845,17625.0,-5.6534822534,0.367817,0.473054,23.0971,0.8169,-0.4058,0.054182,0.694591,-3.3242,139,0.641298,2385.8368,0.120864,0
585,24.96,8130.56,7434.096,17507.81,-6.0780857018,0.3147,0.438065,18.7967,0.8447,-0.2509,0.059744,0.705575,-0.963071,175,0.612,2407.5669,0.124283,0
586,25.0027,8164.7,7350.6875,17496.09,-5.8190622967,0.33486,0.468219,20.6105,0.83,-0.2904,0.054925,0.718687,-3.984159,161,0.605059,2216.0402,0.124039,0
587,25.0453,8164.44,7438.7559,17554.69,-6.1432792202,0.355651,0.438686,18.8711,0.831,-0.3014,0.059641,0.718501,-5.330824,160,0.631786,2429.0527,0.125748,0
588,25.088,8157.88,7318.801,17472.66,-5.2149067152,0.319771,0.503287,25.3235,0.7918,-0.4527,0.049697,0.687247,-2.780607,147,0.627497,2179.7817,0.122207,0
589,25.1307,8472.98,7425.9324,17601.56,-6.220289732,0.386336,0.43127,17.1824,0.7779,-0.3273,0.060875,0.726709,-2.79353,164,0.622864,2534.2442,0.120132,0
590,25.1733,8229.73,7391.6892,17625.0,-5.1205180686,0.309955,0.514187,27.4424,0.7618,-0.5335,0.048146,0.686716,-2.819186,160,0.638404,2321.3973,0.131608,0
591,25.216,8517.01,7552.1942,17917.97,-6.49919946,0.278617,0.409805,16.4102,0.7728,-0.3274,0.064571,0.730944,-2.700826,149,0.582021,2553.4091,0.132096,0
592,25.2587,7993.99,7420.6781,17285.16,-5.6508921904,0.358994,0.471819,23.2805,0.8072,-0.4241,0.054371,0.67229,-1.250253,151,0.637275,2387.5549,0.119033,0
593,25.3013,8011.82,7405.7016,17402.34,-5.52424971,0.297926,0.482673,23.213,0.8214,-0.3898,0.052724,0.694947,-4.227552,155,0.643386,2211.4335,0.121841,0
594,25.344,8242.54,7386.6714,17648.44,-5.3590394134,0.322544,0.491148,24.5489,0.7781,-0.4658,0.051465,0.701701,-2.503995,161,0.640452,2355.2893,0.130631,0
595,25.3867,8247.1,7528.8521,17566.41,-6.5048926458,0.263672,0.41356,16.5122,0.8168,-0.2658,0.06391,0.721284,-6.633452,164,0.635804,2653.8639,0.131242,0
596,25.4293,8271.23,7374.7007,17542.97,-5.6840930602,0.340589,0.474425,20.744,0.7951,-0.3864,0.053972,0.724487,-3.902124,150,0.619862,2427.2081,0.127701,0
597,25.472,8070.86,7452.3983,17437.5,-6.118414985,0.266233,0.436253,19.1392,0.8424,-0.2857,0.060044,0.708075,-8.839042,166,0.640723,2416.7688,0.120864,0
598,25.5147,8024.55,7389.3031,17390.62,-5.8071469271,0.349961,0.463936,21.8244,0.846,-0.2894,0.05559,0.698671,-7.173998,166,0.631297,2332.4334,0.118056,0
599,25.5573,7942.83,7368.081,17332.03,-5.623909853,0.309952,0.475063,23.1501,0.8507,-0.3462,0.053875,0.689186,-2.675553,155,0.618203,2240.5033,0.120864,0
600,25.6,7915.78,7402.2447,17343.75,-5.4319996429,0.339234,0.487014,24.4856,0.829,-0.4312,0.052076,0.685319,-1.994905,172,0.633259,2262.0407,0.113417,0
601,25.6427,8282.66,7529.6639,17636.72,-6.7775693932,0.263204,0.393603,14.1801,0.8132,-0.274,0.06749,0.731162,-7.232842,139,0.639806,2617.5196,0.118789,0
602,25.6853,8191.71,7403.0582,17343.75,-6.054949385,0.356628,0.449796,19.1314,0.834,-0.2415,0.057831,0.712635,-5.419862,142,0.603103,2529.5938,0.123306,0
603,25.728,7878.45,7407.1434,17296.88,-5.9608277597,0.306257,0.447729,21.1248,0.8824,-0.2047,0.058164,0.694546,-1.313276,186,0.619488,2404.5455,0.11244,0
604,25.7707,7962.41,7421.915,17378.91,-6.197345025,0.303646,0.431836,19.0087,0.87,-0.1997,0.06078,0.698021,-3.784084,135,0.636135,2514.0803,0.11476,0
605,25.8133,8038.76,7503.2265,17613.28,-6.4251831018,0.254816,0.415837,16.5777,0.8803,-0.1603,0.063513,0.715973,-7.246563,157,0.625866,2641.2633,0.121231,0
606,25.856,8155.85,7421.4,17578.12,-5.6797251324,0.305467,0.473136,21.6103,0.7849,-0.4421,0.054169,0.707256,-4.386015,167,0.649572,2233.6828,0.116469,0
607,25.8987,8066.73,7435.9406,17519.53,-5.1574864272,0.339133,0.499872,28.3918,0.7783,-0.5135,0.05019,0.664703,-2.786959,153,0.61997,2278.698,0.113661,0
608,25.9413,7989.95,7464.8856,17460.94,-5.8891085,0.304802,0.455273,21.7914,0.8649,-0.275,0.056955,0.705452,-4.516853,163,0.643611,2410.3814,0.119399,0
609,25.984,8104.57,7448.2362,17425.78,-5.9498862317,0.310278,0.451514,19.7793,0.8413,-0.2996,0.057555,0.71413,-2.566347,147,0.618079,2336.5987,0.115004,0
610,26.0267,8205.48,7426.4785,17542.97,-6.3426225933,0.314468,0.428128,17.1472,0.8583,-0.1977,0.061404,0.725743,-2.311321,167,0.614239,2600.3461,0.126236,0
611,26.0693,8275.33,7436.5558,17496.09,-6.2603916287,0.289286,0.436935,17.5298,0.8241,-0.2722,0.059931,0.729871,-4.140199,178,0.600942,2438.3387,0.138323,0
612,26.112,8113.59,7394.0649,17367.19,-5.7036648154,0.365161,0.463329,19.5577,0.8179,-0.3814,0.055685,0.711203,-6.931802,139,0.641201,2208.9651,0.118423,0
613,26.1547,8070.59,7475.5515,17683.59,-5.1530278436,0.413848,0.49923,27.6796,0.8083,-0.4799,0.050283,0.675227,-2.538386,165,0.652408,2150.7759,0.106458,0
614,26.1973,8028.57,7462.6617,17496.09,-5.9401077938,0.356266,0.452839,19.7208,0.8528,-0.282,0.057343,0.695251,-5.329901,150,0.607651,2361.0957,0.107191,0
615,26.24,7955.76,7409.4335,17437.5,-5.8064900071,0.42543,0.454403,22.0741,0.8656,-0.2793,0.057093,0.693139,-5.096828,145,0.643233,2350.9534,0.115615,0
616,26.2827,8100.7,7509.4887,17671.88,-6.5309928011,0.421902,0.404482,15.8756,0.8748,-0.1607,0.065517,0.70654,-3.222595,169,0.665679,2650.36,0.119155,0
617,26.3253,7878.78,7345.9268,17296.88,-5.4710073238,0.38941,0.483528,24.296,0.8528,-0.3485,0.052596,0.688408,-7.451045,139,0.661257,2173.0016,0.11183,0
618,26.368,7887.15,7425.4775,17414.06,-6.1330021385,0.342396,0.432245,18.9145,0.8743,-0.2275,0.060712,0.68448,-6.458162,146,0.63605,2412.0742,0.112074,0
619,26.4107,8115.27,7394.2654,17332.03,-6.3332232598,0.309695,0.42683,17.2029,0.8659,-0.2103,0.061624,0.73276,-4.336878,152,0.6557,2528.9695,0.130875,0
620,26.4533,8284.06,7441.0534,17718.75,-6.289880109,0.387921,0.428798,17.2174,0.8515,-0.2294,0.061291,0.743161,-5.32443,159,0.624224,2595.304,0.134782,0
621,26.496,7911.93,7348.058,17156.25,-5.9083007029,0.232837,0.461102,20.7074,0.8631,-0.2837,0.056034,0.712857,-5.641037,155,0.616509,2301.1644,0.120986,0
622,26.5387,8067.25,7497.7232,17660.16,-6.0231373481,0.323046,0.452527,21.0164,0.8369,-0.3267,0.057393,0.713538,-5.803292,156,0.613854,2375.3682,0.120864,0
623,26.5813,8351.21,7503.454,17683.59,-5.5030150477,0.42524,0.495094,23.7467,0.7476,-0.5039,0.050885,0.699294,-5.187296,158,0.590185,2309.7423,0.123672,0
624,26.624,8138.47,7541.9789,17683.59,-6.5693579748,0.311109,0.406545,15.4312,0.8527,-0.2378,0.065149,0.716565,-8.0781,144,0.629995,2512.6592,0.122451,0
625,26.6667,8200.13,7480.8732,17660.16,-6.7658652529,0.317425,0.390644,14.2653,0.8383,-0.2317,0.068036,0.724426,-5.511046,156,0.660135,2680.6729,0.121841,0
626,26.7093,8266.01,7331.127,17472.66,-5.4094739961,0.322738,0.48877,23.8147,0.778,-0.4301,0.051816,0.710266,-3.039052,150,0.660412,2292.4035,0.124161,0
627,26.752,8175.36,7561.2177,17871.09,-6.085494908,0.356372,0.443051,18.7501,0.8155,-0.3642,0.058924,0.709288,-3.429168,168,0.634666,2502.0912,0.126114,0
628,26.7947,8250.51,7500.5076,17906.25,-4.910007887,0.297046,0.516536,29.3294,0.7454,-0.6187,0.047817,0.660713,-1.863377,168,0.610884,2070.3707,0.120742,0
629,26.8373,7992.46,7394.9349,17296.88,-6.4111780183,0.262764,0.416865,17.4972,0.8885,-0.1258,0.063334,0.711015,-5.460059,168,0.640877,2521.2772,0.117812,0
630,26.88,8040.44,7405.3409,17437.5,-5.2623978181,0.312811,0.500714,27.1551,0.7967,-0.4606,0.050068,0.678298,-6.070483,159,0.638133,2218.4222,0.118789,0
631,26.9227,8054.59,7406.5961,17449.22,-5.828660852,0.283459,0.457781,20.9229,0.822,-0.3366,0.056557,0.702042,-4.411273,170,0.608331,2282.8891,0.120254,0
632,26.9653,8108.28,7465.5239,17519.53,-6.4806860756,0.325775,0.408825,15.7223,0.8564,-0.2377,0.064744,0.715418,-5.130179,151,0.642116,2661.2856,0.12001,0
633,27.008,7935.95,7348.9379,17320.31,-5.7383206771,0.354932,0.470184,22.4142,0.8327,-0.3176,0.054622,0.68789,-4.566637,158,0.623804,2380.6264,0.117812,0
634,27.0507,8247.52,7448.7675,17742.19,-6.6584175002,0.298904,0.403309,15.1472,0.8393,-0.2256,0.065727,0.718162,-2.82758,183,0.63901,2588.4121,0.115859,0
635,27.0933,8057.53,7419.3031,17519.53,-5.7349835414,0.279031,0.465513,20.8809,0.8315,-0.3496,0.055345,0.706476,-3.392654,131,0.611549,2442.9362,0.121475,0
636,27.136,8191.3,7392.4014,17554.69,-6.1842395623,0.360914,0.443395,18.4869,0.8372,-0.2825,0.058868,0.727463,-4.562426,158,0.623035,2412.378,0.125259,0
637,27.1787,8054.79,7469.6726,17566.41,-6.1452198246,0.410785,0.431233,17.6947,0.855,-0.2716,0.060881,0.704795,-5.665553,159,0.646484,2406.2085,0.117812,0
638,27.2213,8155.95,7450.4466,17414.06,-6.2593634921,0.318337,0.433991,18.9738,0.8404,-0.2201,0.06042,0.716021,-2.739625,148,0.631797,2498.1723,0.12001,0
639,27.264,8047.25,7379.8572,17390.62,-5.8147230296,0.341855,0.468298,21.0417,0.8215,-0.3722,0.054913,0.710373,-5.600657,146,0.614162,2312.0173,0.120742,0
640,27.3067,8096.03,7413.0135,17531.25,-5.1688465475,0.274146,0.510955,26.8389,0.7768,-0.5091,0.048603,0.656706,-3.589927,153,0.633603,2147.6741,0.11708,0
641,27.3493,8317.21,7468.5035,17648.44,-5.9593136762,0.363004,0.450781,18.8051,0.7975,-0.3631,0.057672,0.719809,-6.811662,159,0.627084,2392.6145,0.119766,0
642,27.392,8355.17,7446.3422,17566.41,-6.1589916091,0.279667,0.435684,18.3271,0.8031,-0.3142,0.060138,0.729087,-3.325812,165,0.607885,2536.2425,0.125748,0
643,27.4347,8132.03,7482.9304,17683.59,-6.61617826,0.290367,0.39598,14.988,0.8866,-0.1223,0.067054,0.720496,-7.661274,147,0.629428,2645.7603,0.124771,0
644,27.4773,8082.27,7406.0398,17425.78,-5.8905629484,0.394939,0.442349,19.6303,0.8418,-0.306,0.059039,0.698126,-2.177505,161,0.663324,2293.3451,0.124283,0
645,27.52,8255.29,7472.3052,17589.84,-6.8992242192,0.351401,0.382477,13.4409,0.8539,-0.1309,0.069566,0.730806,-6.12014,165,0.649159,2650.4073,0.126724,0
646,27.5627,8237.36,7400.164,17507.81,-6.2045308469,0.290105,0.438606,18.1401,0.824,-0.2716,0.059654,0.724339,-2.905788,138,0.624278,2487.4293,0.121597,0
647,27.6053,8005.23,7376.4271,17308.59,-6.5133385038,0.321449,0.403891,15.9205,0.9072,-0.1041,0.065623,0.723611,-5.052803,165,0.670665,2604.1136,0.118056,0
648,27.648,8067.25,7505.4979,17484.38,-6.4356677826,0.347721,0.410062,16.5455,0.8516,-0.2293,0.064525,0.704582,-5.791491,150,0.689356,2575.8713,0.112685,0
649,27.6907,7909.64,7303.0399,17167.97,-5.7750583674,0.394743,0.462616,22.3135,0.8756,-0.2593,0.055797,0.707724,-2.104186,185,0.637815,2378.1656,0.115981,0
650,27.7333,8239.01,7468.7594,17683.59,-5.9947300061,0.286202,0.449679,18.3277,0.8454,-0.2683,0.05785,0.72428,-5.04787,144,0.647791,2362.1097,0.129654,0
651,27.776,8426.0,7517.928,17812.5,-6.3065019086,0.332054,0.422528,16.5047,0.7902,-0.3138,0.062357,0.720053,-4.166202,157,0.627287,2557.283,0.133073,0
652,27.8187,8208.12,7442.2025,17636.72,-6.7899828763,0.285284,0.391974,13.8435,0.8666,-0.1776,0.06779,0.737468,-5.301244,151,0.638813,2705.485,0.129532,0
653,27.8613,8157.82,7467.8182,17625.0,-6.1008462053,0.368236,0.440223,18.6229,0.8259,-0.3328,0.059388,0.721637,-4.506903,175,0.649256,2535.508,0.126236,0
654,27.904,8023.13,7382.9784,17378.91,-6.0159275153,0.328404,0.449938,19.9254,0.8369,-0.3108,0.057808,0.70929,-4.261919,161,0.60398,2368.1971,0.122574,0
655,27.9467,8065.86,7393.8996,17531.25,-5.2578503863,0.267845,0.499899,24.922,0.8127,-0.464,0.050186,0.695989,-2.401593,150,0.62454,2139.9687,0.124527,0
656,27.9893,8052.63,7483.3877,17707.03,-5.6683136202,0.3703,0.459807,22.2654,0.8337,-0.3679,0.056237,0.67685,-1.040454,156,0.659736,2448.0391,0.126114,0
657,28.032,8236.31,7492.3775,17765.62,-5.4945332278,0.311379,0.477703,23.6735,0.7632,-0.5246,0.053474,0.686153,-6.528935,151,0.652448,2298.3647,0.121231,0
658,28.0747,8264.28,7456.499,17601.56,-6.4050039157,0.255122,0.424098,16.441,0.8351,-0.2371,0.062089,0.726551,-2.669343,167,0.66769,2563.8685,0.121475,0
659,28.1173,8150.84,7481.9646,17660.16,-5.8080784796,0.252466,0.454594,21.1076,0.8237,-0.3715,0.057063,0.698559,-1.880287,172,0.647341,2345.2109,0.119644,0
660,28.16,7867.93,7403.4455,17496.09,-5.7445471823,0.323621,0.470046,22.9312,0.8583,-0.3051,0.054643,0.68402,-3.318717,165,0.646073,2146.6122,0.11769,0
661,28.2027,7932.88,7364.2091,17191.41,-5.9390904862,0.287536,0.453489,19.2691,0.8667,-0.2643,0.057239,0.708542,-4.200201,166,0.618594,2311.7322,0.118667,0
662,28.2453,8232.09,7509.6991,17789.06,-6.6631418177,0.2631,0.403153,15.2709,0.8379,-0.2172,0.065755,0.727738,-7.576605,146,0.624386,2615.2228,0.115859,0
663,28.288,8038.11,7575.4445,17613.28,-5.8873799085,0.331484,0.451996,20.978,0.8421,-0.3193,0.057478,0.684155,-5.350647,169,0.609943,2355.5058,0.118545,0
664,28.3307,8078.8,7466.5803,17636.72,-6.3702154203,0.382632,0.419261,16.564,0.8817,-0.1917,0.062919,0.711961,-4.80952,162,0.632102,2412.7021,0.123672,0
665,28.3733,8143.85,7439.7101,17578.12,-6.2315394618,0.359293,0.430368,17.2676,0.8483,-0.2512,0.061027,0.717769,-4.17996,175,0.627275,2559.2758,0.123306,0
666,28.416,8223.2,7466.3698,17636.72,-6.630790726,0.352172,0.401146,15.4722,0.8868,-0.117,0.066116,0.731094,-3.710789,159,0.627925,2585.9939,0.1288,0
667,28.4587,8259.95,7510.9457,17730.47,-6.4526647818,0.402594,0.413877,15.6534,0.838,-0.2617,0.063855,0.721667,-3.766107,157,0.606642,2499.4834,0.128189,0
668,28.5013,8259.25,7461.9521,17636.72,-6.0467242373,0.252428,0.444924,18.7516,0.8175,-0.3129,0.058619,0.719156,-4.904088,141,0.626062,2453.0505,0.123306,0
669,28.544,8006.51,7405.6278,17472.66,-6.3029629207,0.315495,0.420477,16.4224,0.8861,-0.1856,0.06271,0.722043,-7.495909,144,0.630887,2561.4453,0.127213,0
670,28.5867,8211.39,7496.0639,17695.31,-6.4495336033,0.273073,0.419429,16.47,0.8697,-0.1875,0.06289,0.735609,-9.202588,151,0.625017,2524.7923,0.129288,0
671,28.6293,8255.03,7443.1737,17707.03,-5.8894552885,0.247247,0.459644,20.4925,0.8092,-0.3585,0.056263,0.715112,-4.655148,161,0.591657,2361.4282,0.132829,0
672,28.672,8264.51,7406.5228,17625.0,-6.7744173123,0.31779,0.385807,13.9234,0.8507,-0.1728,0.068938,0.72969,-5.099363,156,0.636142,2744.0542,0.121231,0
673,28.7147,7989.54,7424.2628,17414.06,-5.8159165902,0.337373,0.461448,20.0661,0.8408,-0.3242,0.05598,0.695218,-5.227408,164,0.633436,2335.1754,0.11476,0
674,28.7573,8049.69,7365.1708,17496.09,-6.0552489794,0.482075,0.437365,17.768,0.9019,-0.1673,0.059859,0.722903,-4.139569,149,0.66222,2519.7668,0.115737,0
675,28.8,8066.19,7453.3945,17425.78,-5.9683259414,0.402913,0.443205,20.6951,0.8413,-0.2728,0.058899,0.696126,-5.555311,140,0.634894,2431.1378,0.109877,0
676,28.8427,8143.43,7417.0557,17507.81,-5.8152195746,0.293091,0.459914,21.1649,0.835,-0.3038,0.056221,0.707777,-2.268407,141,0.609497,2364.5433,0.123428,0
677,28.8853,8277.99,7448.6877,17636.72,-6.0485640374,0.309105,0.440738,18.2385,0.8294,-0.2856,0.059303,0.721714,-1.465584,142,0.612752,2524.6743,0.121109,0
678,28.928,8093.91,7405.4873,17449.22,-5.2882708464,0.299836,0.505965,26.2204,0.8039,-0.4505,0.049313,0.688898,-2.170606,161,0.621765,2186.9522,0.116469,0
679,28.9707,8069.63,7419.1582,17402.34,-6.5544614493,0.348233,0.403018,15.9287,0.8827,-0.1505,0.065779,0.717271,-3.189302,158,0.616263,2584.4636,0.118301,0
680,29.0133,8053.83,7426.3777,17390.62,-6.5256968312,0.374766,0.408809,16.5501,0.8553,-0.2228,0.064747,0.714806,-3.729313,155,0.634921,2571.9967,0.11708,0
681,29.056,8093.22,7535.9771,17589.84,-6.4038763231,0.296575,0.41801,17.3388,0.8606,-0.2117,0.063136,0.708677,-4.073134,148,0.647852,2608.4542,0.124039,0
682,29.0987,8325.31,7468.8845,17765.62,-5.6506893742,0.313338,0.466558,21.739,0.7793,-0.4314,0.055182,0.706004,-3.194361,151,0.602998,2391.4356,0.126602,0
683,29.1413,8154.09,7418.8531,17601.56,-5.71117193,0.448805,0.462785,21.0664,0.8302,-0.3536,0.05577,0.708981,-7.121105,132,0.64834,2257.2972,0.122329,0
684,29.184,8323.03,7531.0184,17835.94,-5.8721165821,0.29391,0.455839,20.0373,0.7772,-0.4096,0.056865,0.713227,-4.631688,144,0.606329,2454.6242,0.122085,0
685,29.2267,8337.42,7459.9116,17625.0,-6.5117764322,0.280296,0.418898,16.4497,0.8306,-0.2245,0.062982,0.743065,-3.489939,149,0.600395,2496.3715,0.130387,0
686,29.2693,8143.19,7366.3989,17707.03,-5.8363862702,0.28868,0.464597,21.6231,0.848,-0.3048,0.055487,0.715126,-2.540636,158,0.602389,2314.4192,0.129532,0
687,29.312,8089.65,7416.9092,17519.53,-5.8975406587,0.389961,0.448783,18.7132,0.8461,-0.2871,0.057994,0.710818,-2.626798,179,0.629172,2356.9658,0.125382,0
688,29.3547,8194.2,7471.6463,17507.81,-6.2447820392,0.275772,0.432264,17.2977,0.8427,-0.228,0.060708,0.718898,-4.213207,161,0.633529,2435.5533,0.120498,0
689,29.3973,7772.99,7391.7081,17203.12,-6.3289173858,0.341208,0.421959,17.4165,0.9299,-0.0915,0.062455,0.694187,-3.749562,152,0.616833,2489.045,0.118789,0
690,29.44,8097.96,7402.2248,17414.06,-5.241798162,0.265824,0.507756,27.2848,0.7764,-0.4959,0.049057,0.667094,-2.376098,147,0.624787,2076.8541,0.117934,0
691,29.4827,8253.95,7418.9662,17496.09,-6.5670378789,0.344019,0.40813,15.9646,0.8542,-0.1622,0.064867,0.726113,-2.446371,138,0.639084,2553.4816,0.12294,0
692,29.5253,8087.6,7428.0732,17554.69,-5.8038005419,0.335758,0.461461,20.6039,0.8386,-0.3198,0.055978,0.716297,-5.559714,164,0.595053,2291.2509,0.124893,0
693,29.568,8169.58,7458.4787,17648.44,-6.6325030565,0.344434,0.404806,15.5588,0.8461,-0.2259,0.065459,0.724649,-3.975271,151,0.596997,2461.6735,0.118545,0
694,29.6107,8261.58,7433.4165,17730.47,-6.6367683364,0.28982,0.407796,15.2506,0.8565,-0.1884,0.064926,0.739606,-4.140596,154,0.611608,2536.2608,0.123184,0
695,29.6533,8344.22,7531.7954,17730.47,-6.715828603,0.369264,0.394445,14.1836,0.8164,-0.2666,0.067336,0.731266,-4.628024,143,0.602881,2754.3174,0.124527,0
696,29.696,8213.02,7463.1921,17542.97,-5.7134547629,0.360487,0.462123,20.4578,0.7906,-0.4172,0.055874,0.710092,-1.694039,152,0.619487,2432.2222,0.118178,0
697,29.7387,8119.38,7430.7459,17484.38,-5.7264201963,0.313438,0.462668,23.5334,0.8227,-0.3653,0.055788,0.698868,-2.240432,157,0.630945,2348.0571,0.118056,0
698,29.7813,7819.68,7415.0585,17437.5,-6.049258561,0.356468,0.442582,20.02,0.913,-0.1704,0.059001,0.704489,-6.788796,166,0.627549,2403.6678,0.116713,0
699,29.824,8032.91,7426.3891,17378.91,-5.7199908375,0.293964,0.457915,20.9485,0.8281,-0.3367,0.056536,0.674648,-4.066353,161,0.650309,2379.5138,0.112929,0
700,29.8667,8097.02,7447.3187,17531.25,-5.911003117,0.260607,0.453932,20.6545,0.8163,-0.3377,0.057168,0.694457,-2.630628,158,0.628342,2413.2187,0.107679,0
701,29.9093,7875.04,7389.1618,17414.06,-4.9913167816,0.31606,0.519106,28.661,0.816,-0.5147,0.047457,0.650042,-1.807987,160,0.636787,2125.4154,0.108534,0
702,29.952,8103.88,7405.8221,17343.75,-6.7197548612,0.395357,0.397064,15.2614,0.9013,-0.055,0.066857,0.724763,-5.148999,145,0.643338,2491.9114,0.118545,0
703,29.9947,8165.19,7472.8309,17425.78,-6.3345711041,0.312169,0.422908,16.694,0.8372,-0.2332,0.062292,0.703508,-5.361802,156,0.619411,2462.4788,0.117202,0
704,30.0373,8422.25,7493.4777,17871.09,-6.1014851238,0.307893,0.440055,17.5864,0.8048,-0.3415,0.059415,0.732758,-4.498397,155,0.621356,2426.5169,0.121231,0
705,30.08,8335.56,7510.9287,17812.5,-6.7771734145,0.277829,0.394633,14.6697,0.8325,-0.1955,0.067301,0.740188,-6.686173,157,0.619198,2582.525,0.133073,0
706,30.1227,8330.17,7489.3099,17613.28,-5.9817032659,0.311171,0.444766,18.9182,0.795,-0.3805,0.058645,0.722399,-2.168496,168,0.601691,2444.8565,0.134294,0
707,30.1653,8203.89,7437.7811,17648.44,-6.7690046372,0.290578,0.3937,13.8732,0.8811,-0.1271,0.067472,0.740298,-4.385785,143,0.620535,2480.8837,0.129899,0
708,30.208,8349.22,7462.6049,17988.28,-5.2730998907,0.388715,0.497638,24.1362,0.7504,-0.5493,0.050514,0.702029,-4.234498,140,0.641192,2273.121,0.124161,0
709,30.2507,8128.17,7405.5996,17671.88,-6.0751435434,0.289258,0.443181,17.8547,0.8415,-0.2869,0.058903,0.714747,-6.555679,136,0.617869,2485.4068,0.128067,0
710,30.2933,8210.78,7480.0943,17601.56,-6.2034671935,0.360448,0.431095,18.1321,0.8524,-0.2281,0.060905,0.719583,-5.959595,151,0.639111,2560.9104,0.132462,0
711,30.336,8192.81,7405.7137,17496.09,-5.7003152332,0.324801,0.471481,21.043,0.8153,-0.3788,0.054423,0.70829,-4.727053,173,0.643377,2280.1866,0.124161,0
712,30.3787,8078.4,7370.0692,17496.09,-5.5253138225,0.280147,0.490084,24.4733,0.8137,-0.4035,0.051622,0.703164,-4.04171,160,0.613019,2170.8788,0.11476,0
713,30.4213,8126.74,7452.8678,17531.25,-5.5384839938,0.510031,0.472786,21.8088,0.8244,-0.3549,0.054223,0.681857,-9.405291,141,0.622775,2194.4699,0.11415,0
714,30.464,8044.75,7426.8017,17472.66,-5.1955390528,0.349842,0.505191,27.2098,0.8085,-0.468,0.049424,0.670687,-3.468001,137,0.651161,2139.6049,0.114272,0
715,30.5067,7833.2,7371.2305,17343.75,-5.5639008906,0.3611,0.474989,24.8297,0.8532,-0.344,0.053886,0.664517,-5.140971,147,0.5991,2340.8488,0.114394,0
716,30.5493,8209.75,7394.1486,17578.12,-5.1972161815,0.259607,0.506608,26.7204,0.7591,-0.5277,0.049221,0.680635,-5.759659,170,0.611132,2217.4099,0.119521,0
717,30.592,8278.39,7468.2355,17683.59,-6.1899249968,0.311495,0.432262,16.9469,0.8254,-0.2813,0.060709,0.720834,-3.681238,150,0.614787,2497.5316,0.12941,0
718,30.6347,8234.11,7476.9294,17683.59,-5.5240899129,0.261665,0.486064,23.6085,0.7789,-0.4672,0.052218,0.694615,-4.595295,168,0.614052,2305.4105,0.12355,0
719,30.6773,8187.22,7413.433,17496.09,-5.5395424415,0.321976,0.478954,22.1845,0.7696,-0.4696,0.053284,0.697677,-5.968757,152,0.577306,2186.6296,0.116713,0
720,30.72,7947.15,7342.8806,17261.72,-6.3763570284,0.35298,0.423826,17.7004,0.8922,-0.1249,0.062135,0.71388,-7.620017,132,0.611381,2520.0524,0.117446,0
721,30.7627,8101.24,7410.2183,17402.34,-6.0811889948,0.29764,0.43949,17.8628,0.8467,-0.2631,0.059508,0.701591,-3.804922,160,0.608469,2364.7095,0.11708,0
722,30.8053,8200.7,7396.3797,17519.53,-5.9454112359,0.353191,0.451201,18.8017,0.8421,-0.2637,0.057605,0.725217,-3.626894,148,0.668463,2447.8406,0.127945,0
723,30.848,8288.2,7454.2585,17765.62,-6.2440026276,0.345518,0.432323,16.8799,0.7988,-0.3361,0.060699,0.722331,-2.877034,139,0.627432,2430.521,0.127823,0
724,30.8907,8060.81,7469.6806,17449.22,-6.5924874528,0.360367,0.405788,15.1588,0.8832,-0.1402,0.065284,0.715435,-5.238183,139,0.597026,2511.7428,0.122451,0
725,30.9333,8321.25,7504.1906,17906.25,-6.4224484607,0.317987,0.411063,16.4305,0.8508,-0.2178,0.064349,0.736359,-4.704654,163,0.627997,2601.7561,0.126114,0
726,30.976,8105.58,7423.3134,17414.06,-6.1247972905,0.273451,0.436039,18.5068,0.8415,-0.2742,0.060079,0.71065,-3.03937,158,0.632518,2432.8035,0.128556,0
727,31.0187,8531.15,7570.4582,17953.12,-6.4632304264,0.352551,0.415615,16.4719,0.789,-0.3037,0.063551,0.729165,-6.846329,144,0.649657,2577.6168,0.127579,0
728,31.0613,8034.95,7433.7317,17507.81,-5.6490231406,0.31591,0.477238,22.8879,0.8264,-0.3911,0.053544,0.69933,-3.074009,153,0.603689,2163.4252,0.124039,0
729,31.104,7926.33,7407.7507,17343.75,-5.8799344387,0.351861,0.452741,20.0772,0.8664,-0.2874,0.057358,0.698029,-2.450212,169,0.61381,2365.6157,0.120986,0
730,31.1467,8152.87,7415.6124,17496.09,-5.8601296204,0.412667,0.450953,20.3304,0.8354,-0.308,0.057645,0.710783,-3.650639,161,0.629647,2432.8797,0.118056,0
731,31.1893,8061.97,7435.9513,17589.84,-5.3574273036,0.242833,0.487264,24.0188,0.789,-0.4935,0.052039,0.677795,-2.940445,149,0.647052,2125.1711,0.119644,0
732,31.232,8155.94,7404.6879,17390.62,-5.7557238073,0.352571,0.459384,21.0435,0.8346,-0.3108,0.056304,0.714789,-3.9545,153,0.651786,2420.3613,0.122085,0
733,31.2747,8127.72,7411.9619,17589.84,-5.9919644663,0.404335,0.448042,18.683,0.8336,-0.319,0.058114,0.716872,-4.63877,162,0.604451,2533.9065,0.117324,0
734,31.3173,7804.6,7236.8601,17062.5,-5.1988736252,0.340791,0.508861,30.2776,0.8574,-0.3585,0.0489,0.661722,-1.707606,174,0.627739,2203.1506,0.117934,0
735,31.36,8208.22,7506.3114,17554.69,-6.5605521195,0.298791,0.408403,16.5057,0.834,-0.2471,0.064819,0.728051,-3.084466,168,0.634902,2521.6519,0.120376,0
736,31.4027,7835.68,7377.4131,17238.28,-5.5681326603,0.306869,0.480521,23.3731,0.8526,-0.3582,0.053048,0.697389,-8.354041,161,0.616253,2261.1131,0.119277,0
737,31.4453,8271.4,7442.655,17636.72,-6.0110293274,0.331426,0.449623,18.3609,0.8189,-0.2875,0.057859,0.725054,-5.950849,157,0.603541,2460.6463,0.119277,0
738,31.488,8100.03,7486.6707,17625.0,-6.3826327102,0.420257,0.418594,17.1545,0.8442,-0.2751,0.063034,0.706962,-4.110791,139,0.609773,2552.7618,0.122207,0
739,31.5307,7990.91,7509.3647,17648.44,-6.3745330146,0.289659,0.415981,16.9527,0.87,-0.2363,0.063488,0.705289,-7.868144,152,0.634981,2525.8588,0.124771,0
740,31.5733,8332.14,7546.0028,17871.09,-7.0304200936,0.282208,0.377729,12.7155,0.8238,-0.2493,0.07047,0.736775,-6.377993,167,0.621584,2606.9767,0.124161,0
741,31.616,8233.07,7559.0509,17988.28,-6.0585089247,0.284635,0.444817,18.2964,0.7993,-0.4142,0.058636,0.715129,-6.067966,161,0.606193,2448.6542,0.119155,0
742,31.6587,8148.12,7368.3107,17601.56,-4.8238723998,0.306419,0.533974,33.0882,0.757,-0.6086,0.045413,0.652504,-1.216791,132,0.638237,2028.0521,0.118178,0
743,31.7013,8097.33,7378.7509,17449.22,-5.4891775113,0.240194,0.474465,23.1425,0.8164,-0.3606,0.053966,0.686204,-4.535466,167,0.609647,2248.3746,0.118423,0
744,31.744,8266.59,7392.1962,17589.84,-5.8361165499,0.262857,0.46676,20.0564,0.8231,-0.3094,0.055151,0.717737,-4.235789,161,0.629898,2401.8026,0.119277,0
745,31.7867,8243.03,7516.5896,17718.75,-6.4721044686,0.369192,0.408557,15.3837,0.8254,-0.3196,0.064791,0.726397,-4.227246,159,0.602295,2529.5125,0.121963,0
746,31.8293,7962.32,7435.5701,17496.09,-4.7137659916,0.376438,0.529827,34.5109,0.7764,-0.6128,0.045978,0.623562,-2.039259,137,0.629006,1928.1273,0.109999,0
747,31.872,7958.3,7334.4857,17390.62,-4.8349579498,0.374448,0.525355,33.1185,0.7974,-0.5447,0.046591,0.642114,-1.177369,144,0.617272,1992.3169,0.109633,0
748,31.9147,8094.4,7478.3351,17437.5,-5.8511641509,0.295961,0.450736,20.4449,0.8238,-0.3271,0.05768,0.692391,-6.109962,161,0.638653,2463.753,0.119155,0
749,31.9573,8007.4,7439.7237,17496.09,-5.6539302322,0.350546,0.465688,21.1493,0.8247,-0.3771,0.055317,0.697772,-3.471199,165,0.639553,2411.3675,0.118301,0
750,32.0,8270.38,7525.0308,17742.19,-6.7542423662,0.306997,0.395557,15.1483,0.8596,-0.175,0.067132,0.724565,-4.75006,164,0.608624,2633.8409,0.127457,0
751,32.0427,8182.57,7417.563,17273.44,-6.2229193072,0.237377,0.433876,17.6966,0.8135,-0.299,0.060439,0.707853,-5.703748,152,0.622638,2476.9771,0.123184,0
752,32.0853,8077.56,7454.8398,17542.97,-6.2248892123,0.295003,0.430805,17.7268,0.8554,-0.25,0.060953,0.70523,-3.185584,169,0.612795,2475.5912,0.121841,0
753,32.128,8257.73,7403.9592,17601.56,-5.1734676881,0.274728,0.500673,26.7299,0.7689,-0.5107,0.050074,0.697204,-2.320155,166,0.628673,2152.3036,0.121353,0
754,32.1707,7896.16,7375.6096,17367.19,-5.9086233154,0.276397,0.459119,20.5086,0.8749,-0.2759,0.056346,0.712556,-6.397769,130,0.610858,2259.3076,0.116591,0
755,32.2133,8094.32,7425.0932,17273.44,-6.2107024593,0.424112,0.429966,18.0065,0.8319,-0.2618,0.061094,0.69914,-7.298739,146,0.634053,2498.8793,0.121963,0
756,32.256,8270.99,7552.8767,17660.16,-6.5762179521,0.379033,0.407789,15.9064,0.8134,-0.2824,0.064927,0.720955,-2.964316,144,0.604535,2640.9408,0.117324,0
757,32.2987,8025.76,7449.7705,17414.06,-6.4937041076,0.298632,0.411254,16.2387,0.8558,-0.2219,0.064315,0.711165,-2.33641,162,0.63324,2620.3535,0.116713,0
758,32.3413,8106.11,7369.5829,17414.06,-5.2661482345,0.331541,0.506958,26.8,0.7821,-0.5034,0.049171,0.69403,-3.744865,133,0.607589,2217.67,0.120132,0
759,32.384,7941.24,7412.195,17320.31,-6.0914934093,0.2774,0.437592,18.9399,0.8591,-0.2628,0.059822,0.699236,-6.015671,150,0.642251,2496.1654,0.122085,0
760,32.4267,8086.0,7473.7081,17566.41,-6.4524814949,0.331158,0.407826,15.4978,0.8756,-0.2028,0.064921,0.726837,-6.889064,164,0.662647,2477.8135,0.120742,0
761,32.4693,8068.06,7464.6268,17484.38,-6.405698054,0.294942,0.41663,16.7185,0.8497,-0.2568,0.063375,0.711614,-3.050998,150,0.625507,2604.4153,0.119155,0
762,32.512,7876.81,7320.109,17214.84,-5.3048990922,0.338,0.498724,27.1424,0.8447,-0.4027,0.050357,0.675716,-2.167059,168,0.624127,2131.7424,0.116836,0
763,32.5547,8183.48,7474.6393,17753.91,-5.7861389657,0.371575,0.463481,21.5558,0.821,-0.3526,0.055661,0.700736,-2.412711,164,0.637153,2337.8927,0.11476,0
764,32.5973,8059.79,7304.0654,17250.0,-5.0204869186,0.382003,0.518172,30.8806,0.7836,-0.5016,0.047588,0.661856,-1.189214,138,0.614474,2193.9949,0.116469,0
765,32.64,8095.86,7390.2446,17554.69,-5.3753624499,0.296225,0.490566,24.8046,0.8155,-0.4189,0.05155,0.683535,-1.44927,130,0.644633,2350.3437,0.12001,0
766,32.6827,8198.03,7488.8629,17578.12,-6.391111882,0.308305,0.414821,15.3309,0.8447,-0.2239,0.06369,0.722792,-5.907006,171,0.6339,2624.5665,0.119033,0
767,32.7253,8289.0,7547.6621,17695.31,-6.9545624179,0.265522,0.387116,12.9825,0.8724,-0.1577,0.068693,0.741108,-4.933428,166,0.609137,2565.4533,0.119766,0
768,32.768,8448.13,7554.5385,17882.81,-6.9891300995,0.33179,0.37091,13.7694,0.8259,-0.206,0.071789,0.745004,-6.565573,166,0.622423,2796.7056,0.126969,0
769,32.8107,7919.51,7421.6775,17507.81,-6.532404616,0.322636,0.412972,15.5587,0.901,-0.1369,0.064013,0.712946,-7.954729,155,0.636241,2538.8142,0.122696,0
770,32.8533,8039.15,7396.5297,17238.28,-6.2045330527,0.267084,0.435815,17.9233,0.8773,-0.1837,0.060116,0.720891,-5.288893,162,0.634435,2390.8859,0.116958,0
771,32.896,8126.96,7478.3129,17660.16,-5.9387117922,0.291672,0.454927,19.4299,0.8111,-0.3796,0.05701,0.717459,-8.120508,150,0.622193,2319.2567,0.120742,0
772,32.9387,8229.56,7399.4557,17566.41,-5.1396074015,0.270898,0.519134,26.992,0.7575,-0.551,0.047453,0.669814,-5.303504,167,0.604596,2152.7151,0.122085,0
773,32.9813,8236.25,7454.0852,17636.72,-6.1613649161,0.285324,0.434146,18.5575,0.8433,-0.2391,0.060394,0.717888,-3.43857,175,0.614635,2555.5093,0.119155,0
774,33.024,7922.13,7387.3749,17285.16,-5.8336029723,0.361633,0.458783,21.9547,0.8722,-0.2505,0.056399,0.700374,-2.930325,154,0.638548,2243.3596,0.116591,0
775,33.0667,8088.58,7386.395,17519.53,-5.9130985221,0.271343,0.459518,20.6267,0.8556,-0.2643,0.056283,0.716382,-3.438111,173,0.624561,2346.0824,0.119766,0
776,33.1093,8104.3,7422.2146,17496.09,-6.3647747129,0.400424,0.425419,17.0199,0.8702,-0.2046,0.061864,0.720792,-5.160793,152,0.621544,2491.5199,0.131974,0
777,33.152,8439.74,7387.3729,17742.19,-5.9967423573,0.391926,0.44937,19.0341,0.7857,-0.3326,0.057899,0.732248,-3.399083,197,0.622448,2531.9804,0.133195,0
778,33.1947,8015.51,7406.2949,17167.97,-6.3188869598,0.437327,0.427576,17.6408,0.8714,-0.1776,0.061498,0.70672,-4.548372,159,0.623228,2438.2806,0.120132,0
779,33.2373,7904.09,7416.0884,17390.62,-5.6127753897,0.346799,0.478359,22.7236,0.861,-0.3419,0.053374,0.694079,-4.907371,139,0.640145,2167.9902,0.116713,0
780,33.28,8026.66,7450.0273,17449.22,-6.4365197326,0.37726,0.419981,16.7728,0.8848,-0.1749,0.062795,0.714766,-8.728181,151,0.608592,2547.0911,0.12355,0
781,33.3227,8226.52,7486.8928,17554.69,-6.215308643,0.31144,0.431256,16.3233,0.81,-0.3412,0.060878,0.714911,-4.222296,149,0.631041,2527.6986,0.123062,0
782,33.3653,8337.96,7434.3288,17542.97,-5.8202726368,0.390019,0.461615,20.9861,0.7947,-0.3871,0.055953,0.714179,-2.165363,153,0.618264,2283.4668,0.118423,0
783,33.408,7845.0,7394.295,17437.5,-5.9147723048,0.324835,0.451378,19.9969,0.8972,-0.2583,0.057577,0.710916,-4.533528,148,0.650967,2190.3924,0.121841,0
784,33.4507,8165.41,7507.3989,17648.44,-6.1990758763,0.322708,0.428113,18.1047,0.8413,-0.2651,0.061407,0.70774,-8.031001,155,0.6393,2544.8291,0.127091,0
785,33.4933,8055.38,7522.5022,17730.47,-5.277878799,0.413842,0.482611,24.6421,0.7964,-0.5201,0.052734,0.672779,-7.56594,146,0.664857,2271.2797,0.121963,0
786,33.536,7814.16,7396.8874,17050.78,-5.4311254001,0.306951,0.498024,26.333,0.8266,-0.4388,0.050458,0.662231,-10.153366,117,0.609823,1677.9606,0.070199,0
787,33.5787,7727.09,7340.3245,16804.69,-7.503307133,0.291797,0.360078,10.79,0.996,0.1259,0.073934,0.746066,0.0,0,0.917325,309.6662,0.012819,0
788,33.6213,0.0,0.0,0.0,0.0,0.0,0.0,0.0,0.0,0.0,0.0,0.0,0.0,0,0.0,0.0,0.0,1
789,33.664,0.0,0.0,0.0,0.0,0.0,0.0,0.0,0.0,0.0,0.0,0.0,0.0,0,0.0,0.0,0.0,1
790,33.7067,0.0,0.0,0.0,0.0,0.0,0.0,0.0,0.0,0.0,0.0,0.0,0.0,0,0.0,0.0,0.0,1
791,33.7493,0.0,0.0,0.0,0.0,0.0,0.0,0.0,0.0,0.0,0.0,0.0,0.0,0,0.0,0.0,0.0,1
792,33.792,0.0,0.0,0.0,0.0,0.0,0.0,0.0,0.0,0.0,0.0,0.0,0.0,0,0.0,0.0,0.0,1
793,33.8347,0.0,0.0,0.0,0.0,0.0,0.0,0.0,0.0,0.0,0.0,0.0,0.0,0,0.0,0.0,0.0,1
794,33.8773,0.0,0.0,0.0,0.0,0.0,0.0,0.0,0.0,0.0,0.0,0.0,0.0,0,0.0,0.0,0.0,1
795,33.92,0.0,0.0,0.0,0.0,0.0,0.0,0.0,0.0,0.0,0.0,0.0,0.0,0,0.0,0.0,0.0,1
796,33.9627,0.0,0.0,0.0,0.0,0.0,0.0,0.0,0.0,0.0,0.0,0.0,0.0,0,0.0,0.0,0.0,1
797,34.0053,0.0,0.0,0.0,0.0,0.0,0.0,0.0,0.0,0.0,0.0,0.0,0.0,0,0.0,0.0,0.0,1
798,34.048,0.0,0.0,0.0,0.0,0.0,0.0,0.0,0.0,0.0,0.0,0.0,0.0,0,0.0,0.0,0.0,1
799,34.0907,0.0,0.0,0.0,0.0,0.0,0.0,0.0,0.0,0.0,0.0,0.0,0.0,0,0.0,0.0,0.0,1
800,34.1333,0.0,0.0,0.0,0.0,0.0,0.0,0.0,0.0,0.0,0.0,0.0,0.0,0,0.0,0.0,0.0,1
801,34.176,0.0,0.0,0.0,0.0,0.0,0.0,0.0,0.0,0.0,0.0,0.0,0.0,0,0.0,0.0,0.0,1
802,34.2187,0.0,0.0,0.0,0.0,0.0,0.0,0.0,0.0,0.0,0.0,0.0,0.0,0,0.0,0.0,0.0,1
803,34.2613,0.0,0.0,0.0,0.0,0.0,0.0,0.0,0.0,0.0,0.0,0.0,0.0,0,0.0,0.0,0.0,1
804,34.304,0.0,0.0,0.0,0.0,0.0,0.0,0.0,0.0,0.0,0.0,0.0,0.0,0,0.0,0.0,0.0,1
805,34.3467,0.0,0.0,0.0,0.0,0.0,0.0,0.0,0.0,0.0,0.0,0.0,0.0,0,0.0,0.0,0.0,1
806,34.3893,0.0,0.0,0.0,0.0,0.0,0.0,0.0,0.0,0.0,0.0,0.0,0.0,0,0.0,0.0,0.0,1
807,34.432,0.0,0.0,0.0,0.0,0.0,0.0,0.0,0.0,0.0,0.0,0.0,0.0,0,0.0,0.0,0.0,1
808,34.4747,0.0,0.0,0.0,0.0,0.0,0.0,0.0,0.0,0.0,0.0,0.0,0.0,0,0.0,0.0,0.0,1
809,34.5173,0.0,0.0,0.0,0.0,0.0,0.0,0.0,0.0,0.0,0.0,0.0,0.0,0,0.0,0.0,0.0,1
810,34.56,0.0,0.0,0.0,0.0,0.0,0.0,0.0,0.0,0.0,0.0,0.0,0.0,0,0.0,0.0,0.0,1
811,34.6027,0.0,0.0,0.0,0.0,0.0,0.0,0.0,0.0,0.0,0.0,0.0,0.0,0,0.0,0.0,0.0,1
812,34.6453,0.0,0.0,0.0,0.0,0.0,0.0,0.0,0.0,0.0,0.0,0.0,0.0,0,0.0,0.0,0.0,1
813,34.688,0.0,0.0,0.0,0.0,0.0,0.0,0.0,0.0,0.0,0.0,0.0,0.0,0,0.0,0.0,0.0,1
814,34.7307,0.0,0.0,0.0,0.0,0.0,0.0,0.0,0.0,0.0,0.0,0.0,0.0,0,0.0,0.0,0.0,1
815,34.7733,0.0,0.0,0.0,0.0,0.0,0.0,0.0,0.0,0.0,0.0,0.0,0.0,0,0.0,0.0,0.0,1
816,34.816,0.0,0.0,0.0,0.0,0.0,0.0,0.0,0.0,0.0,0.0,0.0,0.0,0,0.0,0.0,0.0,1
817,34.8587,0.0,0.0,0.0,0.0,0.0,0.0,0.0,0.0,0.0,0.0,0.0,0.0,0,0.0,0.0,0.0,1
818,34.9013,0.0,0.0,0.0,0.0,0.0,0.0,0.0,0.0,0.0,0.0,0.0,0.0,0,0.0,0.0,0.0,1
819,34.944,0.0,0.0,0.0,0.0,0.0,0.0,0.0,0.0,0.0,0.0,0.0,0.0,0,0.0,0.0,0.0,1
820,34.9867,0.0,0.0,0.0,0.0,0.0,0.0,0.0,0.0,0.0,0.0,0.0,0.0,0,0.0,0.0,0.0,1
821,35.0293,0.0,0.0,0.0,0.0,0.0,0.0,0.0,0.0,0.0,0.0,0.0,0.0,0,0.0,0.0,0.0,1
822,35.072,0.0,0.0,0.0,0.0,0.0,0.0,0.0,0.0,0.0,0.0,0.0,0.0,0,0.0,0.0,0.0,1
823,35.1147,0.0,0.0,0.0,0.0,0.0,0.0,0.0,0.0,0.0,0.0,0.0,0.0,0,0.0,0.0,0.0,1
