frame,time,centroid,spread,rolloff,slope,obsir_std,flatness,crest,skewness,kurtosis,tonality,entropy,tpr,n_peaks,flux,irregularity,zcr,gated
0,0.0,5581.53,5476.6946,11121.09,-6.7162288106,0.247852,0.394708,25.2582,1.3192,1.404,0.067287,0.647748,-7.384704,163,0.0,1973.9413,0.076914,0
1,0.0427,5757.67,5579.9724,11460.94,-6.6862172107,0.208504,0.391547,23.8495,1.2686,1.2205,0.067869,0.654987,-3.197463,176,0.247103,2065.3603,0.073251,0
2,0.0853,5724.98,5575.1538,11578.12,-6.4262075841,0.201316,0.415568,27.7833,1.2382,1.129,0.06356,0.620113,0.186302,180,0.239655,2093.9465,0.074838,0
3,0.128,5653.98,5462.219,11238.28,-6.5499969798,0.259422,0.407289,28.5123,1.28,1.2994,0.065016,0.622324,-5.20238,191,0.227429,2010.9322,0.0796,0
4,0.1707,5467.52,5485.6405,11238.28,-6.4117829611,0.156189,0.408864,31.3229,1.2812,1.2245,0.064737,0.607533,-7.34779,168,0.243822,2030.7276,0.071054,0
5,0.2133,5672.36,5521.9143,11449.22,-6.3418825193,0.190057,0.418516,29.4802,1.2604,1.1707,0.063048,0.627834,-7.276351,180,0.23716,2031.977,0.069833,0
6,0.256,5585.03,5533.3381,11320.31,-6.674828997,0.259721,0.391828,25.5309,1.3225,1.3714,0.067817,0.645386,-2.235306,185,0.238659,2040.6895,0.068612,0
7,0.2987,5441.9,5423.3301,11039.06,-6.1746562768,0.26259,0.422419,34.3454,1.3208,1.303,0.062376,0.589994,2.213959,175,0.254354,1883.854,0.065316,0
8,0.3413,5513.49,5491.7323,11355.47,-5.7864307474,0.129884,0.462327,44.5181,1.2002,0.8883,0.055842,0.527183,1.45768,193,0.250751,1934.3719,0.065071,0
9,0.384,5466.61,5432.8828,11226.56,-6.1723064118,0.187735,0.433376,36.4764,1.2701,1.1462,0.060522,0.606563,-3.200774,192,0.245175,2094.5061,0.064583,0
10,0.4267,5392.94,5408.3503,10898.44,-6.4002009121,0.316524,0.413191,31.8881,1.3266,1.3428,0.063975,0.631902,-1.914125,172,0.251462,2051.8415,0.072152,0
11,0.4693,5756.82,5621.675,11613.28,-7.0518819772,0.228584,0.374426,18.9667,1.2746,1.2807,0.071106,0.671629,-8.486677,153,0.252773,2067.0613,0.077158,0
12,0.512,5484.0,5483.8324,11261.72,-6.2047192724,0.26433,0.43,35.2913,1.2521,1.0987,0.061089,0.580409,-7.026625,167,0.250791,2087.5014,0.082163,0
13,0.5547,5735.43,5626.5308,11484.38,-7.291924256,0.229327,0.360758,17.45,1.2634,1.264,0.073797,0.670741,-6.832037,188,0.245931,2118.6639,0.081797,0
14,0.5973,5461.52,5464.7951,11109.38,-6.7194676672,0.143383,0.396957,27.3003,1.3207,1.3953,0.066876,0.637138,-7.648553,191,0.242481,2113.5435,0.069955,0
15,0.64,5572.76,5398.9532,11226.56,-6.0859323642,0.203924,0.43586,38.2448,1.2595,1.1642,0.060109,0.607925,-6.272746,176,0.252909,1984.3662,0.068734,0
16,0.6827,5690.92,5553.3505,11449.22,-6.4487781354,0.137342,0.414138,29.6395,1.2635,1.1736,0.063809,0.647079,-4.532627,158,0.252574,2043.1647,0.077158,0
17,0.7253,5805.41,5614.3689,11847.66,-6.3523867835,0.162018,0.4229,28.1094,1.204,0.9733,0.062294,0.637861,-0.515994,170,0.239163,2107.4142,0.078379,0
18,0.768,5563.11,5548.6703,11578.12,-6.312319852,0.209356,0.42737,31.9815,1.2673,1.0875,0.061533,0.618878,-2.628542,167,0.242808,1985.8614,0.068124,0
19,0.8107,5528.61,5507.6565,11308.59,-6.5216607611,0.261498,0.407841,29.8768,1.2925,1.227,0.064918,0.629144,-4.706203,180,0.246486,2008.9771,0.066048,0
20,0.8533,5420.34,5463.6794,10921.88,-6.1631373949,0.272457,0.43382,37.6121,1.3262,1.3458,0.060448,0.583962,-6.05169,167,0.248122,2093.6721,0.072397,0
21,0.896,5689.62,5468.3357,11332.03,-6.1940617094,0.245373,0.437725,31.6912,1.2465,1.1154,0.0598,0.623999,-0.144701,179,0.246149,1965.9353,0.075571,0
22,0.9387,5668.16,5533.7145,11285.16,-6.7968395661,0.141646,0.381544,22.5829,1.2951,1.3329,0.069743,0.656733,-5.116447,192,0.244305,2093.5169,0.07728,0
23,0.9813,5664.55,5508.8258,11296.88,-6.6074863376,0.200432,0.39976,25.5291,1.2854,1.2687,0.066367,0.649407,-1.893919,180,0.246993,2096.1852,0.076425,0
24,1.024,5440.96,5438.2458,11250.0,-6.2878415464,0.259996,0.421498,33.7627,1.2876,1.2321,0.062534,0.59604,-5.775253,179,0.254114,1984.2531,0.072397,0
25,1.0667,5491.54,5454.812,11179.69,-6.8531295335,0.2097,0.388027,23.8978,1.3188,1.4147,0.068523,0.655204,-6.692835,175,0.24222,2002.2121,0.069833,0
26,1.1093,5615.89,5436.3985,11203.12,-6.6570965639,0.218173,0.398721,24.241,1.3002,1.3438,0.066555,0.661727,-5.328736,172,0.261622,2060.5297,0.079233,0
27,1.152,5637.56,5482.8987,11378.91,-6.8364194502,0.32337,0.387072,23.0079,1.3126,1.3765,0.068701,0.655915,-2.613575,174,0.258111,2104.4065,0.080088,0
28,1.1947,5559.56,5444.2425,11226.56,-6.68230351,0.202969,0.399434,26.1785,1.2935,1.3361,0.066426,0.65688,-1.29961,230,0.2596,2150.5249,0.073617,0
29,1.2373,5459.37,5451.3453,10886.72,-6.7683534136,0.140187,0.391935,25.6784,1.3448,1.5237,0.067798,0.624939,0.09267,164,0.24874,2062.4427,0.070321,0
30,1.28,5231.01,5395.2127,10980.47,-5.9097007082,0.124423,0.447198,50.0147,1.2942,1.1734,0.05825,0.505002,3.039014,181,0.246544,1879.1252,0.067635,0
31,1.3227,5651.97,5464.7902,11332.03,-6.4195634103,0.198239,0.424912,31.7266,1.272,1.2069,0.06195,0.638306,-5.781494,165,0.261818,1962.1016,0.067025,0
32,1.3653,5513.3,5446.7412,11085.94,-6.0943146552,0.251682,0.44225,37.858,1.3039,1.2958,0.059055,0.573425,0.614426,171,0.250695,2078.6924,0.067391,0
33,1.408,5503.59,5554.1041,11320.31,-6.7705766436,0.249174,0.384447,23.8137,1.3391,1.3695,0.069194,0.634899,-3.022999,180,0.249753,2111.2185,0.072274,0
34,1.4507,5493.03,5510.216,10968.75,-7.0997240359,0.264526,0.366133,21.3591,1.3693,1.5955,0.072727,0.654957,-2.959128,178,0.24796,2088.8407,0.074838,0
35,1.4933,5673.73,5519.923,11414.06,-6.197607707,0.303161,0.432073,33.8113,1.2474,1.1272,0.060741,0.609131,-1.430228,166,0.25734,1958.1672,0.078867,0
36,1.536,5665.59,5474.2715,11507.81,-6.1514821403,0.202793,0.442291,36.2076,1.2357,1.0899,0.059049,0.618264,-1.256949,175,0.243904,2010.2803,0.077524,0
37,1.5787,5643.79,5472.4236,11378.91,-6.3834277382,0.242681,0.418019,32.0038,1.2773,1.2573,0.063134,0.607765,-3.807975,197,0.246139,1998.9005,0.073007,0
38,1.6213,5697.97,5503.7667,11285.16,-6.658477882,0.222405,0.400284,25.1749,1.2959,1.3362,0.066272,0.668504,-1.789673,165,0.23837,2129.8097,0.076914,0
39,1.664,5748.14,5542.5982,11472.66,-6.5851271166,0.283058,0.402473,24.8499,1.2506,1.1711,0.065877,0.667426,-5.601761,178,0.241453,2034.1866,0.076303,0
40,1.7067,5374.02,5456.7457,11109.38,-6.4801221884,0.317367,0.399177,28.6096,1.3279,1.371,0.066472,0.620161,-5.674592,184,0.252742,1968.9462,0.073251,0
41,1.7493,5413.71,5479.6967,11144.53,-6.1793820101,0.191108,0.424915,35.3543,1.2855,1.1955,0.06195,0.579377,-7.258328,182,0.25185,2025.3062,0.066781,0
42,1.792,5222.67,5427.3189,10980.47,-6.4847937294,0.232839,0.407265,31.1481,1.3342,1.3388,0.06502,0.596114,-8.747966,175,0.2502,2001.0313,0.062386,0
43,1.8347,5651.28,5573.0458,11378.91,-6.6765468803,0.259729,0.393115,24.2295,1.2754,1.2323,0.06758,0.645245,-3.380444,191,0.25074,2040.1771,0.070687,0
44,1.8773,5362.06,5457.6399,11179.69,-6.1857760067,0.230001,0.42574,36.7592,1.2836,1.1534,0.061809,0.565166,1.690859,174,0.266681,2100.7559,0.069466,0
45,1.92,5777.86,5511.9465,11449.22,-6.3355375207,0.204655,0.414579,29.267,1.2387,1.1585,0.063732,0.639899,-6.463938,164,0.256641,2069.5853,0.068246,0
46,1.9627,5472.32,5458.654,11097.66,-6.6616526479,0.210347,0.390536,25.7301,1.3428,1.4354,0.068057,0.63836,-4.007901,184,0.248015,2050.4071,0.077402,0
47,2.0053,5371.87,5425.8062,10886.72,-6.6463997223,0.210622,0.394762,26.8641,1.3557,1.45,0.067277,0.63488,-2.992181,187,0.25711,2048.0759,0.067879,0
48,2.048,5451.9,5447.3085,11167.97,-6.2047847978,0.289741,0.42465,34.1049,1.2923,1.2209,0.061995,0.608216,-2.070455,176,0.238824,2040.5518,0.065926,0
49,2.0907,5404.04,5437.7236,11074.22,-6.3477470547,0.28187,0.418888,30.2564,1.3176,1.3139,0.062984,0.615816,-7.878312,176,0.231716,2033.0313,0.071664,0
50,2.1333,5585.09,5544.1382,11566.41,-6.4760758026,0.205685,0.406563,26.6539,1.2575,1.1218,0.065145,0.643866,-3.591509,199,0.246265,2034.2491,0.071786,0
51,2.176,5617.78,5484.8213,11320.31,-6.03471855,0.233399,0.450005,38.6201,1.2467,1.0798,0.057797,0.602661,-0.091725,176,0.243965,2024.3002,0.070443,0
52,2.2187,5734.38,5592.5563,11578.12,-6.8725071245,0.245754,0.383427,21.5957,1.3199,1.3416,0.069386,0.676244,-6.633955,201,0.25403,2054.6776,0.069955,0
53,2.2613,5658.55,5517.1725,11425.78,-6.4997730558,0.257976,0.416846,27.5815,1.2886,1.2607,0.063337,0.654128,-2.173593,163,0.242256,1998.8412,0.076547,0
54,2.304,5285.56,5417.7638,10781.25,-6.892513201,0.274663,0.377185,24.1839,1.4211,1.7188,0.070574,0.639544,-4.524885,177,0.24297,2074.6029,0.072397,0
55,2.3467,5450.73,5467.9255,11261.72,-6.2330074247,0.261509,0.421941,35.1837,1.3066,1.2341,0.062458,0.614578,-1.769017,180,0.245721,1959.6067,0.068612,0
56,2.3893,5661.66,5550.2156,11320.31,-7.1229483177,0.257547,0.370938,20.8151,1.3162,1.3901,0.071783,0.667867,-2.816271,189,0.243554,2025.7922,0.071298,0
57,2.432,5702.92,5562.884,11449.22,-7.0370342011,0.250143,0.377709,20.7722,1.2995,1.3966,0.070474,0.656838,-1.126868,200,0.234251,2102.206,0.074106,0
58,2.4747,5633.59,5540.3003,11460.94,-6.6309690593,0.377218,0.394852,26.3549,1.2729,1.2619,0.067261,0.633735,-7.769198,172,0.249059,2110.9626,0.069222,0
59,2.5173,5554.27,5518.8668,11460.94,-6.2354108842,0.191024,0.421299,33.3208,1.2701,1.1652,0.062568,0.598436,-1.938255,176,0.259098,1897.1097,0.067879,0
60,2.56,5642.62,5523.5658,11343.75,-6.5607208891,0.188186,0.397682,25.6265,1.3023,1.2929,0.066744,0.630996,-1.014005,181,0.251821,1981.1826,0.077402,0
61,2.6027,5754.82,5570.1197,11519.53,-6.764870419,0.274102,0.39622,24.3018,1.3154,1.3723,0.067011,0.688872,-3.073298,168,0.257952,2066.129,0.081797,0
62,2.6453,5467.44,5495.8589,11285.16,-6.479195488,0.218799,0.3989,28.0977,1.3274,1.3216,0.066523,0.619444,-2.378409,184,0.249185,1931.8261,0.078989,0
63,2.688,5396.32,5471.2104,11191.41,-6.7180421533,0.198851,0.391079,26.6635,1.3263,1.3619,0.067956,0.628526,-4.977473,158,0.249981,2047.634,0.074106,0
64,2.7307,5504.23,5477.4923,11179.69,-6.7013464632,0.154558,0.390513,25.2894,1.3371,1.4266,0.068061,0.655129,-3.966743,181,0.256309,2049.1332,0.073007,0
65,2.7733,5558.58,5503.5434,11261.72,-6.2903237409,0.26896,0.423157,32.0382,1.2988,1.2553,0.06225,0.625074,-0.949088,180,0.255061,2125.1841,0.072397,0
66,2.816,5547.48,5445.542,11156.25,-6.5368589792,0.252142,0.411452,30.5158,1.2991,1.3262,0.06428,0.61706,-6.128445,180,0.238275,2000.0563,0.078867,0
67,2.8587,5818.37,5573.2068,11648.44,-7.0954956843,0.201652,0.373278,18.4213,1.2928,1.3749,0.071328,0.691776,-5.126042,180,0.240121,2166.3037,0.08314,0
68,2.9013,5476.78,5523.6023,11156.25,-6.7853485266,0.18243,0.389333,24.4779,1.3348,1.4037,0.06828,0.643791,-4.965901,185,0.242456,1938.3072,0.078623,0
69,2.944,5542.98,5465.2755,11214.84,-6.7710753202,0.275847,0.381175,25.0691,1.3158,1.4133,0.069813,0.631146,-7.875993,185,0.236202,1987.3264,0.075815,0
70,2.9867,5628.77,5529.9103,11425.78,-6.1678825419,0.251501,0.425382,35.2982,1.2435,1.0936,0.06187,0.594307,0.362261,169,0.253571,2030.1861,0.068734,0
71,3.0293,5539.62,5560.0486,11320.31,-6.6683141939,0.226647,0.388606,24.286,1.3004,1.2613,0.068415,0.632985,-3.164428,177,0.256216,2118.4386,0.067513,0
72,3.072,5574.3,5548.3903,11167.97,-7.3677443592,0.158919,0.351011,18.5099,1.3514,1.5954,0.07578,0.665762,-7.103532,165,0.25826,2077.7849,0.08082,0
73,3.1147,5791.45,5613.3737,11566.41,-7.3915832017,0.172075,0.349446,16.8578,1.3086,1.4583,0.076103,0.674265,-2.922689,159,0.243902,2059.3013,0.084727,0
74,3.1573,5718.29,5542.0244,11589.84,-6.8746833255,0.251849,0.373498,21.6656,1.2719,1.2676,0.071285,0.654673,-1.7513,189,0.245208,2041.475,0.079966,0
75,3.2,5571.1,5489.6249,11531.25,-6.3353299182,0.212985,0.417613,32.1749,1.2729,1.2074,0.063204,0.618509,-2.802441,173,0.249909,2036.0341,0.072641,0
76,3.2427,5341.8,5465.8634,11214.84,-6.4513511763,0.200382,0.40733,30.5863,1.3117,1.2638,0.065009,0.623509,-4.307377,164,0.236208,2079.4616,0.063118,0
77,3.2853,5496.72,5561.2691,11378.91,-6.59516443,0.202011,0.402649,26.453,1.3158,1.2812,0.065846,0.64105,-5.126542,167,0.245388,1995.3965,0.067879,0
78,3.328,5687.03,5552.2118,11460.94,-6.8263007694,0.249077,0.395108,24.644,1.2949,1.328,0.067214,0.669727,-3.424883,171,0.240888,2101.7574,0.07435,0
79,3.3707,5563.09,5507.5348,11191.41,-7.0991756149,0.249988,0.362861,19.1158,1.3575,1.5516,0.073377,0.663871,-3.011994,173,0.243102,2022.8308,0.073617,0
80,3.4133,5775.77,5607.17,11484.38,-7.179464633,0.178949,0.363501,18.7595,1.317,1.4519,0.073249,0.686557,-3.379947,172,0.254289,2063.0967,0.078012,0
81,3.456,5511.16,5483.0508,11179.69,-6.214100178,0.201729,0.428939,35.6069,1.2558,1.1238,0.061267,0.592397,0.388814,165,0.242996,2034.7649,0.075937,0
82,3.4987,5456.18,5523.4023,11261.72,-6.5528518774,0.249758,0.398634,28.5414,1.312,1.2825,0.066571,0.62909,-10.238837,178,0.244372,2006.551,0.066292,0
83,3.5413,5534.14,5509.7358,11203.12,-6.8520117556,0.232177,0.38571,23.4117,1.3603,1.5339,0.068957,0.655919,-4.360565,177,0.23295,2059.0096,0.073129,0
84,3.584,5529.09,5468.4418,11226.56,-6.1908367103,0.23036,0.426282,36.4735,1.2863,1.1925,0.061717,0.607782,0.154641,187,0.233778,2149.31,0.076547,0
85,3.6267,5484.3,5422.7629,11015.62,-6.2388104946,0.252726,0.418492,34.7679,1.3287,1.3775,0.063052,0.619528,-1.477435,182,0.234742,2072.1617,0.070687,0
86,3.6693,5646.38,5512.7433,11390.62,-6.6790389882,0.302082,0.393876,24.5942,1.3036,1.3301,0.06744,0.644104,-3.289061,190,0.237433,2016.9239,0.075571,0
87,3.712,5600.34,5482.7973,11273.44,-6.8388200251,0.235931,0.385529,23.6624,1.2972,1.3487,0.06899,0.650789,-2.461872,182,0.245385,2074.8768,0.077036,0
88,3.7547,5615.8,5454.5284,11191.41,-6.3425118259,0.251564,0.422271,33.1445,1.2735,1.2516,0.062401,0.614096,-1.331007,180,0.249069,2019.0378,0.072274,0
89,3.7973,5647.98,5474.2068,11285.16,-6.233033998,0.091106,0.429465,32.2805,1.2268,1.1039,0.061179,0.59756,-6.883734,173,0.23363,2014.5699,0.068734,0
90,3.84,5553.6,5442.7352,11332.03,-6.4085773567,0.218957,0.411474,31.7057,1.2677,1.2364,0.064276,0.629695,-2.014664,177,0.235051,1882.9108,0.073251,0
91,3.8827,5558.3,5515.7708,11285.16,-6.6931097687,0.34471,0.395465,24.5403,1.2946,1.3063,0.067149,0.646158,-2.749518,171,0.255584,1955.1905,0.081065,0
92,3.9253,5985.54,5645.969,12035.16,-7.1313749299,0.328443,0.368646,17.3899,1.2686,1.308,0.072232,0.692349,-5.320782,180,0.240769,2119.1096,0.080332,0
93,3.968,5535.68,5492.3548,11273.44,-6.6049102557,0.202438,0.402613,26.9946,1.2534,1.1461,0.065852,0.629029,-4.061589,200,0.254771,2066.74,0.076547,0
94,4.0107,5762.22,5543.4363,11542.97,-6.6770395697,0.203073,0.39769,23.1257,1.2796,1.2798,0.066743,0.675659,-5.531135,170,0.247874,1933.9829,0.07496,0
95,4.0533,5481.31,5453.7873,11250.0,-6.5807817193,0.253996,0.397782,28.4869,1.3363,1.395,0.066726,0.643798,-4.91668,173,0.246745,2047.3049,0.073251,0
96,4.096,5673.73,5609.6244,11730.47,-6.7618462432,0.29914,0.390426,24.1808,1.2797,1.1713,0.068077,0.646124,-4.349073,155,0.262388,1995.249,0.074716,0
97,4.1387,5650.03,5603.3616,11273.44,-7.4588959214,0.242152,0.340723,16.8468,1.3473,1.561,0.077933,0.679255,-5.736285,166,0.249108,2075.3277,0.075449,0
98,4.1813,5678.39,5579.5109,11613.28,-7.5427061322,0.165806,0.34507,16.5476,1.3338,1.4784,0.077015,0.691375,-4.042115,168,0.24761,2108.9451,0.077768,0
99,4.224,5742.02,5602.5694,11566.41,-7.0101772777,0.240924,0.373692,20.7928,1.2982,1.3175,0.071248,0.664928,-3.516851,184,0.243753,1992.495,0.083262,0
100,4.2667,5777.17,5593.498,11859.38,-6.3388118493,0.253203,0.425755,29.5466,1.2076,0.9589,0.061807,0.636817,-1.269506,186,0.242309,1981.5188,0.079111,0
101,4.3093,5729.0,5581.5094,11542.97,-6.2081155667,0.167997,0.4365,31.7483,1.2527,1.1069,0.060003,0.646402,-3.911926,191,0.234748,1998.4147,0.071908,0
102,4.352,5575.31,5461.874,11203.12,-6.5195275813,0.358111,0.39883,27.4892,1.2986,1.3101,0.066535,0.617296,-5.794388,164,0.247562,2037.4393,0.077524,0
103,4.3947,5738.74,5536.2315,11378.91,-7.0555282867,0.215675,0.373509,20.1594,1.3076,1.4367,0.071283,0.672346,-8.657975,181,0.248535,2095.1699,0.083628,0
104,4.4373,5725.76,5570.2305,11601.56,-6.8817849374,0.190384,0.381184,21.0939,1.2822,1.2645,0.069811,0.654529,-6.842333,163,0.23697,2080.7234,0.079477,0
105,4.48,5716.08,5525.1732,11332.03,-6.8778151383,0.232668,0.382892,22.4757,1.2782,1.3384,0.069487,0.665069,-3.791098,171,0.23966,2053.2312,0.083262,0
106,4.5227,5520.28,5482.1268,11250.0,-6.8047765108,0.265851,0.382083,23.7708,1.3476,1.4596,0.06964,0.660086,-2.748661,193,0.255779,1988.2137,0.086314,0
107,4.5653,5743.82,5594.7076,11671.88,-7.2242462186,0.230602,0.367961,19.0671,1.3306,1.4549,0.072366,0.682784,-4.761685,183,0.238682,1973.947,0.076547,0
108,4.608,5581.79,5435.358,11261.72,-6.6028742974,0.258937,0.403714,27.8635,1.3164,1.3952,0.065654,0.64238,-2.635738,177,0.23833,2042.964,0.075082,0
109,4.6507,5759.73,5520.5826,11460.94,-7.1581400372,0.205168,0.36834,19.2226,1.2689,1.3334,0.072292,0.67944,-6.282071,164,0.236515,2136.2648,0.075327,0
110,4.6933,5563.83,5559.6673,11332.03,-6.6974554103,0.208327,0.390193,24.3684,1.2726,1.1942,0.06812,0.636379,-5.553328,166,0.247707,1981.47,0.072152,0
111,4.736,5673.21,5600.2925,11683.59,-6.3738762638,0.218755,0.41777,29.1733,1.2231,1.0126,0.063177,0.619554,-1.252406,164,0.243004,1939.4915,0.07496,0
112,4.7787,5551.41,5457.6003,11167.97,-6.2735538482,0.24914,0.41672,33.013,1.2534,1.1322,0.063359,0.619243,-1.654849,185,0.250218,2083.7282,0.073495,0
113,4.8213,5431.29,5371.6721,10957.03,-6.1894696999,0.24121,0.422224,35.7109,1.25,1.133,0.06241,0.578256,0.410217,183,0.252263,2120.0062,0.073984,0
114,4.864,5449.83,5474.4939,11273.44,-6.429764944,0.186199,0.403299,30.2992,1.2766,1.2015,0.065729,0.61553,-3.935219,199,0.25227,2080.8958,0.072519,0
115,4.9067,5654.96,5539.0931,11378.91,-6.8535936737,0.244899,0.384941,22.9386,1.3209,1.4031,0.069101,0.656914,-3.49008,198,0.254621,2094.3723,0.070321,0
116,4.9493,5556.66,5413.4878,11191.41,-6.8090126605,0.295704,0.392836,25.0237,1.3053,1.385,0.067631,0.647914,-6.12573,181,0.245806,2000.8482,0.078135,0
117,4.992,5895.77,5650.4089,11601.56,-7.2912003598,0.178671,0.356103,16.9139,1.3046,1.4299,0.074737,0.691427,-4.465958,156,0.257078,2056.7548,0.083384,0
118,5.0347,5727.43,5549.577,11683.59,-6.6362732751,0.291726,0.393898,23.8885,1.2927,1.2782,0.067436,0.670291,-1.158433,168,0.244277,2057.1939,0.080332,0
119,5.0773,5466.4,5391.028,10769.53,-6.6171687533,0.195417,0.408575,27.9202,1.3094,1.3651,0.064788,0.656169,-5.720499,175,0.255924,1998.4775,0.073617,0
120,5.12,5585.62,5495.8805,11250.0,-6.3348854763,0.213749,0.422321,32.8547,1.2756,1.1962,0.062393,0.637009,-2.822222,147,0.24085,1996.0022,0.066659,0
121,5.1627,5378.4,5423.3407,10992.19,-6.089087777,0.300084,0.436664,36.5796,1.287,1.1832,0.059975,0.577032,-0.714737,166,0.24205,1978.7245,0.068368,0
122,5.2053,5407.63,5475.0145,10886.72,-6.4524421801,0.169407,0.409315,29.1965,1.3341,1.3666,0.064657,0.632467,-1.684713,179,0.247589,2027.1265,0.070687,0
123,5.248,5305.96,5363.4811,10746.09,-6.7379003381,0.174885,0.382306,25.4492,1.3884,1.6304,0.069598,0.646806,-7.598832,174,0.257538,2058.0853,0.068978,0
124,5.2907,5488.15,5348.8357,10898.44,-6.1126357145,0.242943,0.428435,35.0623,1.2898,1.2632,0.061353,0.598844,-6.235433,183,0.247587,2023.945,0.072519,0
125,5.3333,5422.11,5430.2411,11003.91,-6.4154257603,0.258033,0.417639,31.5733,1.3291,1.3381,0.0632,0.630312,-3.107227,178,0.246274,1965.4178,0.074716,0
126,5.376,5379.5,5415.8105,10910.16,-7.2108477022,0.254953,0.362446,21.2774,1.3719,1.6329,0.073459,0.655265,-7.426007,162,0.244483,2119.5731,0.073617,0
127,5.4187,5459.04,5510.3886,11296.88,-6.7552660711,0.227037,0.393573,25.0341,1.3238,1.3235,0.067496,0.640376,-6.770989,167,0.250244,1873.8258,0.072641,0
128,5.4613,5629.02,5604.6493,11601.56,-6.7929301569,0.319119,0.38265,21.0136,1.3128,1.3201,0.069533,0.652113,-8.028425,182,0.246132,2109.592,0.076303,0
129,5.504,5528.32,5494.6512,11308.59,-6.5690526934,0.205872,0.40154,25.5015,1.3091,1.3049,0.066045,0.63667,-7.125277,159,0.236916,1974.9594,0.077646,0
130,5.5467,5759.12,5566.9758,11648.44,-6.3184317519,0.151855,0.424451,31.4248,1.2364,1.0725,0.062029,0.640151,-3.563217,192,0.24138,2044.8545,0.072519,0
131,5.5893,5630.41,5546.5638,11460.94,-6.389099115,0.257018,0.417812,30.7845,1.2537,1.0966,0.06317,0.617704,-8.60464,189,0.236403,2050.1716,0.070565,0
132,5.632,5595.78,5506.3286,11320.31,-6.1597203235,0.248473,0.431795,35.5943,1.2727,1.1673,0.060787,0.590587,0.518778,171,0.234415,2037.7209,0.073251,0
133,5.6747,5514.8,5534.9593,11273.44,-6.460187879,0.156269,0.410446,30.0703,1.2932,1.2281,0.064457,0.611162,0.609211,155,0.241403,1896.1422,0.075082,0
134,5.7173,5592.51,5483.0003,11296.88,-6.3294304583,0.226398,0.418234,30.0367,1.2391,1.1176,0.063097,0.607011,-2.083762,182,0.236878,2117.6966,0.070565,0
135,5.76,5470.23,5435.2486,10933.59,-6.7431479238,0.196894,0.38228,23.3589,1.3167,1.431,0.069603,0.635915,-4.028837,170,0.249749,2040.6595,0.069344,0
136,5.8027,5497.76,5526.322,11156.25,-7.0235628427,0.14081,0.367615,20.6784,1.3655,1.5358,0.072434,0.652953,-4.196376,170,0.250697,2036.1241,0.073007,0
137,5.8453,5795.53,5544.487,11355.47,-6.4811310974,0.193082,0.410407,26.9198,1.2351,1.1515,0.064464,0.635858,-5.928034,159,0.252784,1912.5752,0.076792,0
138,5.888,5698.17,5523.5367,11414.06,-6.6827922402,0.188898,0.395478,25.1949,1.2786,1.3146,0.067146,0.652513,-7.404298,186,0.244676,2083.2145,0.080942,0
139,5.9307,5780.72,5585.059,11671.88,-6.6884191546,0.225487,0.393132,23.6984,1.2508,1.1863,0.067577,0.659267,-0.935877,180,0.248384,2102.8252,0.077524,0
140,5.9733,5442.21,5483.7193,11261.72,-6.6186680929,0.300818,0.400921,28.9987,1.336,1.3561,0.066157,0.628485,-5.865239,169,0.254052,2057.9622,0.072519,0
141,6.016,5625.02,5359.0597,11250.0,-6.0489258603,0.264071,0.446162,37.3716,1.2669,1.2153,0.058418,0.609038,-1.410706,179,0.255247,2041.9294,0.075815,0
142,6.0587,5558.08,5503.3633,11343.75,-7.0848076376,0.237907,0.367933,20.5423,1.3465,1.4887,0.072372,0.666122,-3.417407,161,0.262304,2052.7884,0.077402,0
143,6.1013,5557.73,5471.4271,11167.97,-7.0600313083,0.257326,0.366473,20.9341,1.3555,1.5673,0.07266,0.654459,-6.188293,179,0.268382,2073.1114,0.079966,0
144,6.144,5604.16,5515.3162,11191.41,-6.5607987504,0.219732,0.399409,27.3791,1.3144,1.3543,0.06643,0.647234,-2.917788,164,0.250425,1881.4108,0.078012,0
145,6.1867,5759.24,5589.9742,11636.72,-6.9261568576,0.317845,0.372366,19.1914,1.299,1.331,0.071505,0.665821,-3.548249,192,0.257137,2056.5996,0.073373,0
146,6.2293,5620.0,5511.434,11308.59,-6.6788304806,0.15807,0.396843,25.0454,1.3027,1.3238,0.066897,0.645275,-2.911969,163,0.242341,2015.351,0.076914,0
147,6.272,5902.67,5548.8462,11625.0,-7.1919768285,0.212597,0.361517,17.5714,1.2703,1.3678,0.073645,0.689019,-5.111859,155,0.241856,2120.0605,0.076425,0
148,6.3147,5582.68,5443.932,11156.25,-6.7761291037,0.148025,0.386806,25.237,1.356,1.5491,0.068751,0.658886,-2.850111,178,0.239449,2032.2447,0.076425,0
149,6.3573,5675.73,5515.0193,11238.28,-6.7455779003,0.238244,0.390533,23.8326,1.3334,1.4393,0.068057,0.665537,-2.661137,160,0.245256,2109.2758,0.079233,0
150,6.4,5631.88,5528.3467,11402.34,-6.6722390139,0.200713,0.398822,25.3252,1.2913,1.2761,0.066537,0.652782,-2.613267,183,0.246706,2078.9333,0.072519,0
151,6.4427,5513.89,5433.5413,11050.78,-6.392073435,0.198592,0.420222,31.4872,1.2932,1.283,0.062754,0.622931,-0.372463,167,0.247872,2096.5237,0.068001,0
152,6.4853,5514.65,5459.8407,11226.56,-6.4637268229,0.176115,0.406401,28.6431,1.3052,1.3171,0.065174,0.63735,-1.89114,175,0.248508,2043.6208,0.071298,0
153,6.528,5501.0,5502.3598,11203.12,-6.8327669023,0.267696,0.385791,23.6948,1.3752,1.5491,0.068941,0.653976,-4.423567,169,0.258054,2059.6027,0.068978,0
154,6.5707,5598.77,5469.8405,11226.56,-6.4120199277,0.207801,0.407334,29.9623,1.2795,1.2631,0.065008,0.623454,-5.978404,197,0.237057,1891.7937,0.074716,0
155,6.6133,5591.58,5447.2887,11250.0,-6.7255894915,0.193596,0.393153,25.9751,1.2848,1.3585,0.067573,0.650284,-5.242318,187,0.238081,2109.7682,0.079722,0
156,6.656,5583.25,5475.967,11167.97,-7.1841122004,0.220712,0.364458,20.1725,1.3576,1.6088,0.073059,0.656833,-4.469402,171,0.259931,2041.5642,0.076059,0
157,6.6987,5528.87,5434.7004,11109.38,-6.4916388027,0.19898,0.412666,28.3313,1.2873,1.2998,0.064067,0.634504,-3.434064,185,0.247726,2100.0112,0.07728,0
158,6.7413,5621.72,5431.1194,11378.91,-6.3959104173,0.240484,0.406681,28.6796,1.2592,1.1756,0.065124,0.632272,-4.176783,171,0.25461,1972.9793,0.076059,0
159,6.784,5549.95,5447.3184,11238.28,-6.5586886048,0.150308,0.404016,27.9139,1.2707,1.2149,0.0656,0.638043,-7.70868,157,0.238212,1980.4216,0.074472,0
160,6.8267,5468.19,5428.9248,11167.97,-6.5166199407,0.256494,0.399529,29.629,1.3213,1.3987,0.066409,0.621257,-6.022244,186,0.243326,2025.6009,0.073129,0
161,6.8693,5429.01,5411.1766,10992.19,-6.4886342704,0.243083,0.405451,29.6329,1.3488,1.4549,0.065344,0.634034,-5.679537,176,0.242701,1984.407,0.07142,0
162,6.912,5574.02,5466.3062,11074.22,-6.6970345215,0.301765,0.390785,25.6393,1.3112,1.405,0.06801,0.631108,-1.448106,173,0.269431,1906.5012,0.073251,0
163,6.9547,5756.51,5626.0029,11578.12,-7.0135210872,0.250892,0.380727,21.8976,1.2923,1.3098,0.069898,0.661867,-5.077953,163,0.253234,1990.4655,0.076425,0
164,6.9973,5572.23,5468.6964,11179.69,-6.4876623883,0.298064,0.410534,29.2322,1.321,1.3773,0.064442,0.643685,-2.234252,184,0.245417,2015.9062,0.0796,0
165,7.04,5807.96,5561.7082,11472.66,-7.5456984063,0.236617,0.343074,15.494,1.3464,1.5931,0.077435,0.703532,-2.656218,200,0.244593,2237.5183,0.081553,0
166,7.0827,5793.6,5611.0168,11695.31,-6.8785206309,0.161465,0.38989,21.0286,1.2646,1.2094,0.068176,0.676604,-5.872448,177,0.237214,2019.8788,0.085338,0
167,7.1253,5918.73,5602.1323,11800.78,-7.1136787801,0.251083,0.367674,17.207,1.2754,1.3312,0.072423,0.688335,-3.21056,192,0.242852,2146.9171,0.089,0
168,7.168,5851.56,5570.7296,11695.31,-7.0272895869,0.19016,0.383827,20.0047,1.2673,1.2924,0.069311,0.687423,-3.152005,207,0.241382,2076.3371,0.085948,0
169,7.2107,5792.54,5580.0101,11660.16,-6.9759248108,0.220316,0.378495,20.9534,1.2636,1.2391,0.070323,0.672622,-5.644625,194,0.235853,2047.171,0.087047,0
170,7.2533,5963.2,5565.8558,11964.84,-6.7383654413,0.235476,0.396598,22.2883,1.2351,1.1765,0.066942,0.688994,-2.458311,198,0.236005,2027.1213,0.086681,0
171,7.296,5839.68,5525.2805,11636.72,-6.5651961118,0.285397,0.40811,25.768,1.2262,1.1055,0.06487,0.660935,-5.551895,178,0.244083,2067.7459,0.085582,0
172,7.3387,6006.17,5695.7666,12023.44,-7.0461741508,0.242041,0.370912,18.391,1.2312,1.1582,0.071788,0.685418,-3.917796,188,0.235598,2214.8314,0.085215,0
173,7.3813,5736.37,5552.8609,11625.0,-7.2238128291,0.327903,0.364098,17.4043,1.2953,1.2899,0.07313,0.683277,-3.696025,161,0.245375,2058.3281,0.079844,0
174,7.424,5675.29,5555.7822,11566.41,-6.6831416337,0.277801,0.396883,24.1429,1.275,1.1921,0.06689,0.656169,-4.628533,170,0.249701,1986.1755,0.075204,0
175,7.4667,5625.71,5482.7258,11238.28,-6.5973313148,0.277936,0.399523,24.7714,1.2868,1.2543,0.06641,0.629201,-3.873019,169,0.236118,2120.8007,0.073617,0
176,7.5093,5676.47,5562.8051,11320.31,-7.141084751,0.205793,0.362704,19.8374,1.327,1.4767,0.073408,0.671147,-4.829117,169,0.245029,1971.9801,0.07496,0
177,7.552,5701.39,5494.5337,11519.53,-6.0850784381,0.217211,0.442518,35.2398,1.2338,1.0631,0.059011,0.618022,0.139969,177,0.252617,2045.124,0.075082,0
178,7.5947,5649.89,5535.5119,11367.19,-6.5439232014,0.33452,0.401959,25.239,1.2865,1.2613,0.06597,0.640478,-4.916242,180,0.25554,2165.6464,0.073617,0
179,7.6373,5743.3,5457.7705,11460.94,-6.4589321794,0.216869,0.419003,29.8595,1.2377,1.1619,0.062964,0.652508,-1.55284,152,0.234818,2007.2843,0.074838,0
180,7.68,5705.52,5519.6432,11472.66,-6.4262821761,0.205964,0.418938,28.9192,1.2413,1.1256,0.062975,0.629994,-7.89949,166,0.224849,2016.5319,0.079355,0
181,7.7227,5538.93,5526.225,11320.31,-6.4135121911,0.230968,0.412143,29.5411,1.2675,1.1496,0.064159,0.625007,-1.464932,176,0.235497,2014.0678,0.076547,0
182,7.7653,5561.13,5548.854,11367.19,-6.2668958973,0.183984,0.415376,29.8015,1.2641,1.1328,0.063593,0.605101,-6.179631,178,0.245868,2045.7702,0.068246,0
183,7.808,5613.5,5488.7953,11332.03,-6.3410328231,0.25426,0.419973,31.3418,1.2517,1.1656,0.062796,0.617292,-6.934718,170,0.236408,2009.1132,0.068368,0
184,7.8507,5379.66,5425.8282,11085.94,-6.7780647568,0.198312,0.382673,25.5069,1.3493,1.4701,0.069529,0.632468,-6.853817,172,0.241395,2116.1759,0.07142,0
185,7.8933,5547.66,5479.9253,11191.41,-6.7577600631,0.237285,0.384815,22.5029,1.3139,1.3944,0.069125,0.638017,-2.64469,195,0.253608,2034.9166,0.075571,0
186,7.936,5658.98,5538.5895,11320.31,-6.9529753357,0.190924,0.369121,20.2428,1.3139,1.4262,0.072139,0.659089,-4.777378,198,0.252971,2125.2688,0.077524,0
187,7.9787,5623.1,5508.1564,11308.59,-6.3195552106,0.252328,0.410594,30.0238,1.2588,1.1658,0.064431,0.622825,-2.284738,199,0.249911,2153.8509,0.079355,0
188,8.0213,5750.0,5635.3373,11718.75,-6.8167375007,0.25164,0.385092,21.0966,1.2892,1.2492,0.069073,0.667275,-1.441738,193,0.242597,2086.5477,0.079966,0
189,8.064,5385.8,5444.9832,10957.03,-6.3326369606,0.26583,0.407986,32.61,1.3218,1.3718,0.064892,0.601599,1.08442,184,0.256424,2063.3571,0.075082,0
190,8.1067,5583.43,5573.587,11273.44,-6.4523512831,0.172684,0.41189,28.8665,1.2917,1.2451,0.064203,0.617638,-3.727641,186,0.254498,2092.1963,0.066536,0
191,8.1493,5489.85,5447.3967,11015.62,-6.8215144774,0.215109,0.388153,25.4953,1.3381,1.4602,0.068499,0.652115,-2.386825,187,0.239207,2082.304,0.073251,0
192,8.192,5663.83,5528.7557,11378.91,-6.7825236784,0.180883,0.387414,21.8463,1.3002,1.3245,0.068637,0.669865,-4.583258,175,0.241754,1956.6513,0.083262,0
193,8.2347,5708.79,5593.6397,11414.06,-6.7344878329,0.209502,0.389128,23.2966,1.2773,1.2654,0.068318,0.644646,-4.748046,168,0.253152,2105.8349,0.081675,0
194,8.2773,5795.15,5633.9725,11601.56,-6.6153149839,0.235103,0.397342,24.1903,1.3031,1.2713,0.066806,0.668799,-2.197144,178,0.256207,2057.0184,0.086681,0
195,8.32,5770.48,5611.7289,11636.72,-7.4952880164,0.30553,0.350043,16.3246,1.3257,1.4664,0.07598,0.691961,-4.176427,169,0.237105,2014.1791,0.084727,0
196,8.3627,5429.96,5534.2878,11261.72,-7.0791585051,0.186463,0.370338,21.2541,1.3746,1.5363,0.0719,0.654372,-8.03438,166,0.239547,2053.4159,0.075204,0
197,8.4053,5446.41,5488.475,11156.25,-6.6668599311,0.283551,0.393883,26.6031,1.339,1.4024,0.067439,0.648577,-5.227416,207,0.254888,2067.5937,0.072641,0
198,8.448,5513.41,5488.8306,11156.25,-6.9533511844,0.273296,0.379359,22.27,1.3292,1.4492,0.070158,0.655907,-2.14496,171,0.255163,2018.0399,0.068612,0
199,8.4907,5357.36,5429.0183,11121.09,-6.4120604668,0.268503,0.41581,31.208,1.3167,1.2907,0.063518,0.611092,-0.268874,163,0.246031,1963.1311,0.070809,0
200,8.5333,5494.69,5507.9555,11320.31,-6.2096434083,0.233046,0.423701,33.5953,1.2778,1.1664,0.062157,0.615441,-8.531633,178,0.241378,1967.7678,0.074716,0
201,8.576,5720.7,5582.8568,11554.69,-7.0025389193,0.188273,0.376176,21.3292,1.3111,1.3916,0.070768,0.663743,-3.214746,180,0.257518,2010.5892,0.071298,0
202,8.6187,5563.6,5518.2487,11238.28,-6.8067278137,0.171388,0.391641,22.5561,1.3079,1.3518,0.067852,0.657457,-5.683866,191,0.247806,1980.5957,0.071908,0
203,8.6613,5499.47,5495.0293,11179.69,-6.6477739923,0.334985,0.397697,26.2984,1.3234,1.3572,0.066741,0.641892,-7.883232,170,0.234031,2017.2204,0.068856,0
204,8.704,5419.58,5491.6722,11425.78,-5.8201617699,0.249442,0.457647,44.623,1.2408,0.9892,0.056578,0.524166,1.426379,180,0.250932,2111.7725,0.068246,0
205,8.7467,5809.39,5690.8374,11613.28,-7.1679386674,0.216491,0.358389,18.3046,1.2969,1.3597,0.074274,0.668055,-5.027105,180,0.270369,2099.0857,0.073129,0
206,8.7893,5829.36,5655.0173,11789.06,-7.1699301368,0.208492,0.354015,18.0708,1.2681,1.2595,0.075163,0.677787,-4.043678,175,0.255832,2094.9504,0.082285,0
207,8.832,5889.02,5572.0287,11800.78,-7.3492346274,0.153593,0.363093,16.0067,1.2605,1.2719,0.07333,0.701825,-3.920248,151,0.241555,2016.6892,0.089977,0
208,8.8747,5820.06,5586.2718,11730.47,-6.8111087001,0.179295,0.400624,21.9185,1.2679,1.2224,0.06621,0.690228,-7.510188,171,0.229765,2083.1537,0.084117,0
209,8.9173,5625.14,5595.4512,11355.47,-6.7728890324,0.187508,0.391134,24.4372,1.3136,1.3441,0.067946,0.635852,-5.255703,200,0.235929,2050.5378,0.077158,0
210,8.96,5525.85,5379.1402,11109.38,-5.8258693255,0.206605,0.455482,42.9482,1.2433,1.1187,0.056921,0.557244,-0.048302,161,0.244587,2110.6965,0.069589,0
211,9.0027,5423.4,5404.9408,10957.03,-6.11799828,0.233081,0.438093,38.6403,1.2889,1.2407,0.059739,0.586163,-0.852048,162,0.2512,1989.7192,0.063728,0
212,9.0453,5633.75,5516.192,11167.97,-6.7853488233,0.271416,0.383376,21.8935,1.2816,1.3177,0.069396,0.643188,-6.242324,172,0.254672,2063.7171,0.076547,0
213,9.088,5681.66,5516.4011,11566.41,-6.9014264921,0.235891,0.380068,21.5886,1.3142,1.3815,0.070023,0.664044,-5.206836,161,0.255911,1930.0695,0.082163,0
214,9.1307,5727.18,5579.1092,11601.56,-6.9851064727,0.207055,0.374694,21.2508,1.267,1.2686,0.071054,0.653506,-4.094844,154,0.247576,2089.7157,0.080332,0
215,9.1733,5995.99,5610.563,11660.16,-7.6485181142,0.269396,0.337947,14.5799,1.3166,1.5873,0.078525,0.708495,-5.035775,168,0.239498,2180.7854,0.081431,0
216,9.216,5594.3,5504.298,11238.28,-7.1822099117,0.163955,0.357248,17.6559,1.3505,1.563,0.074505,0.665603,-1.882129,189,0.240456,2048.1686,0.079844,0
217,9.2587,5672.4,5522.1557,11542.97,-6.4329359734,0.201623,0.420935,28.4056,1.2553,1.1562,0.062631,0.633683,-3.773479,165,0.249436,1966.4735,0.072763,0
218,9.3013,5448.98,5495.1973,11203.12,-6.6510027385,0.194985,0.391906,26.8649,1.3532,1.4472,0.067803,0.623172,-0.035798,176,0.257981,1948.1266,0.065804,0
219,9.344,5466.35,5450.7934,11167.97,-6.2906821735,0.120783,0.429518,32.401,1.2573,1.1227,0.06117,0.6153,-6.641282,175,0.252508,1912.6542,0.070321,0
220,9.3867,5428.61,5391.0807,11285.16,-5.7169270888,0.178476,0.465289,47.5639,1.2006,0.8827,0.05538,0.526725,1.29412,166,0.237476,1852.265,0.065926,0
221,9.4293,5501.52,5443.3291,11273.44,-5.8554496939,0.296843,0.45349,39.8342,1.2445,1.0373,0.057239,0.585595,-0.37117,176,0.243663,1902.1505,0.059944,0
222,9.472,5614.94,5570.1401,11613.28,-6.2734793226,0.247332,0.427794,32.9677,1.2512,1.0666,0.061461,0.608308,-2.574736,154,0.224959,2024.0157,0.07435,0
223,9.5147,5607.87,5453.5091,11191.41,-6.5573436702,0.288965,0.395947,26.147,1.2907,1.3245,0.06706,0.647315,-0.298008,178,0.237471,2106.9593,0.081797,0
224,9.5573,5546.27,5452.4388,10839.84,-6.9337946117,0.197311,0.372346,22.4002,1.3603,1.598,0.071509,0.663889,-5.933164,179,0.251106,2053.6813,0.073495,0
225,9.6,5609.5,5521.6263,11179.69,-6.9150102867,0.306875,0.373771,22.0035,1.3164,1.4369,0.071232,0.644477,-2.594474,175,0.254931,1993.8891,0.075571,0
226,9.6427,5719.67,5573.6133,11285.16,-7.575846745,0.214482,0.336119,15.489,1.3401,1.593,0.078918,0.688468,-7.116064,166,0.259356,2078.2384,0.081065,0
227,9.6853,5772.75,5569.4164,11554.69,-6.8491447384,0.219379,0.389852,21.8804,1.2589,1.2119,0.068183,0.677383,-4.121576,166,0.2404,1947.8951,0.078623,0
228,9.728,5644.37,5448.4894,11167.97,-6.8920490045,0.276819,0.385179,22.5642,1.3444,1.5264,0.069056,0.681866,-3.525167,183,0.250516,2065.927,0.081553,0
229,9.7707,5569.98,5523.7507,11449.22,-6.6943264996,0.258901,0.396296,25.0117,1.2964,1.2559,0.066997,0.657901,-8.868433,169,0.261778,1934.8114,0.074472,0
230,9.8133,5261.4,5303.6554,10781.25,-6.1202873644,0.215699,0.432962,40.5855,1.3173,1.3187,0.060592,0.572345,-0.00961,190,0.252055,2035.2118,0.063851,0
231,9.856,5557.48,5432.4159,11203.12,-6.3773811925,0.222306,0.417454,29.9893,1.2963,1.2977,0.063232,0.639185,-5.101113,172,0.245056,1928.3688,0.072885,0
232,9.8987,5898.04,5641.8261,11800.78,-7.0430973607,0.199395,0.379164,20.4624,1.2692,1.2708,0.070195,0.684285,-8.268052,163,0.245419,2138.4105,0.079477,0
233,9.9413,5625.16,5555.2001,11308.59,-6.9718664419,0.137966,0.376278,20.7676,1.3194,1.4462,0.070748,0.658765,-5.105657,201,0.24098,1928.9128,0.078379,0
234,9.984,5665.11,5554.1411,11507.81,-6.8889445433,0.238443,0.383509,21.0419,1.3361,1.4244,0.069371,0.675993,-5.815669,188,0.251943,1988.0219,0.075449,0
235,10.0267,5708.87,5477.6381,11449.22,-6.7726844707,0.341902,0.392433,22.8596,1.2856,1.2983,0.067706,0.666304,-1.827453,199,0.235393,1975.9356,0.072397,0
236,10.0693,5575.87,5553.9015,11472.66,-7.0380631402,0.221248,0.365959,20.0012,1.3252,1.4213,0.072761,0.663336,-2.80993,193,0.246036,2005.1837,0.07203,0
237,10.112,5628.46,5531.3099,11320.31,-6.8729610469,0.213833,0.377872,21.5327,1.3427,1.4801,0.070442,0.663699,-1.877922,174,0.250898,1942.6913,0.078989,0
238,10.1547,5892.91,5601.3121,11812.5,-6.8193647021,0.216093,0.389276,22.1129,1.2634,1.2027,0.06829,0.676181,-4.534072,187,0.256998,2132.9457,0.084971,0
239,10.1973,5820.23,5606.3712,11601.56,-7.0059678031,0.247815,0.378485,20.5838,1.3082,1.3997,0.070325,0.678619,-2.988173,172,0.245604,2061.3614,0.082285,0
240,10.24,5722.5,5650.6001,11472.66,-7.2730711247,0.145833,0.357391,16.6182,1.3303,1.4434,0.074476,0.676815,-4.538908,177,0.23269,2010.8792,0.076792,0
241,10.2827,5686.22,5532.1697,11261.72,-6.8592816613,0.131654,0.382637,22.8727,1.2918,1.3648,0.069535,0.661746,-4.95463,158,0.246679,2074.8229,0.075327,0
242,10.3253,5560.97,5517.3735,11167.97,-7.2985666487,0.239666,0.345472,17.6354,1.3457,1.5565,0.076931,0.660608,-3.217306,181,0.247302,1999.3626,0.077158,0
243,10.368,5497.57,5534.5974,11179.69,-7.1312334277,0.18645,0.367819,20.2247,1.3464,1.4916,0.072394,0.659521,-7.359891,174,0.24937,2013.12,0.071786,0
244,10.4107,5209.13,5429.4085,10828.12,-6.4793115858,0.242913,0.402616,34.2897,1.3845,1.5425,0.065852,0.575155,-12.266314,174,0.253337,2180.2988,0.069344,0
245,10.4533,5572.72,5545.4209,11320.31,-6.7720953309,0.250022,0.380536,24.3861,1.3241,1.3941,0.069934,0.650708,-8.547919,165,0.242145,1942.7183,0.075082,0
246,10.496,5779.45,5558.0607,11507.81,-7.0210790107,0.267096,0.376404,19.8273,1.2909,1.3453,0.070724,0.67887,-6.944074,161,0.251205,2001.0359,0.082041,0
247,10.5387,5676.73,5456.0408,11250.0,-6.5344727334,0.325813,0.408567,28.2188,1.3128,1.3839,0.06479,0.654997,-2.207908,154,0.239143,2012.8324,0.08314,0
248,10.5813,5698.25,5575.0263,11625.0,-6.5168814161,0.274304,0.406593,26.2283,1.2847,1.2152,0.06514,0.663868,-2.64982,176,0.239033,2045.7297,0.078257,0
249,10.624,5609.01,5573.3077,11554.69,-6.1830053455,0.221395,0.433695,31.7745,1.2564,1.0847,0.060469,0.618311,-3.348728,153,0.231342,1945.0395,0.071176,0
250,10.6667,5379.17,5430.2194,10992.19,-6.3137462476,0.265091,0.415088,33.5446,1.3476,1.4107,0.063643,0.613591,-2.627684,163,0.245287,2053.4808,0.068734,0
251,10.7093,5513.36,5513.0201,11203.12,-6.6572514997,0.388962,0.393372,26.0852,1.3536,1.4637,0.067533,0.643559,-8.268257,194,0.25486,2042.5624,0.067391,0
252,10.752,5472.78,5502.4,11296.88,-6.336251654,0.174798,0.412002,31.6413,1.2876,1.2024,0.064183,0.603057,-4.650796,183,0.245486,2008.676,0.069833,0
253,10.7947,5649.83,5510.2935,11484.38,-6.6732451046,0.162003,0.383684,23.201,1.2904,1.2856,0.069338,0.651564,-3.251778,183,0.26319,2166.7769,0.078257,0
254,10.8373,5416.93,5466.0512,11179.69,-6.1229625514,0.224175,0.429319,35.3935,1.2742,1.1677,0.061203,0.57405,-1.025508,192,0.262198,2127.6836,0.075082,0
255,10.88,5828.75,5493.7725,11402.34,-7.1645599065,0.287361,0.361642,18.2328,1.3191,1.5422,0.07362,0.690311,-4.497591,182,0.255051,2111.2074,0.075449,0
256,10.9227,5643.13,5452.3149,11132.81,-6.2520034427,0.292821,0.430515,32.8984,1.261,1.2052,0.061002,0.631616,-1.465953,186,0.242088,2061.8369,0.07789,0
257,10.9653,5724.88,5533.0193,11554.69,-6.3287459305,0.245503,0.42054,30.6892,1.254,1.1373,0.062699,0.641476,-1.527908,163,0.232388,2098.8363,0.07203,0
258,11.008,5659.89,5532.6679,11402.34,-6.6447411994,0.178369,0.407257,25.8617,1.3136,1.3555,0.065022,0.653152,-6.344643,165,0.245321,2090.7286,0.071664,0
259,11.0507,5619.98,5606.8511,11519.53,-6.8034650669,0.293404,0.379311,24.3047,1.2974,1.2983,0.070167,0.637302,-4.035161,174,0.250503,1961.8961,0.072885,0
260,11.0933,5588.45,5517.6175,11250.0,-7.2356034913,0.291562,0.348036,17.9697,1.3548,1.5691,0.076396,0.661399,-4.673708,189,0.255167,2054.0492,0.076181,0
261,11.136,5424.96,5389.9294,10898.44,-6.3235602755,0.193004,0.420097,32.3192,1.2739,1.2242,0.062775,0.614698,-2.440846,178,0.260308,2034.8345,0.07435,0
262,11.1787,5580.12,5543.699,11613.28,-6.4570315985,0.211147,0.415727,30.0016,1.2906,1.2085,0.063532,0.644238,-2.230703,205,0.243132,1929.4768,0.073007,0
263,11.2213,5653.26,5521.7613,11425.78,-6.5404204588,0.268881,0.406795,26.4691,1.286,1.2365,0.065104,0.640168,-1.427451,192,0.232907,2086.313,0.076303,0
264,11.264,5639.31,5466.9488,11273.44,-6.2637640552,0.262166,0.426273,31.844,1.284,1.235,0.061719,0.618721,-6.187088,170,0.238499,1963.4066,0.077402,0
265,11.3067,5824.31,5539.6886,11707.03,-6.1619283777,0.219921,0.434293,31.3031,1.2283,1.092,0.06037,0.632006,-1.10654,177,0.229263,2065.2776,0.078257,0
266,11.3493,5854.77,5533.7737,11484.38,-6.6066989709,0.24328,0.408515,25.6652,1.249,1.1916,0.064799,0.655998,-4.153529,174,0.230851,1942.9456,0.080576,0
267,11.392,5729.42,5483.0006,11285.16,-6.5553910126,0.224252,0.407014,25.7716,1.2832,1.2868,0.065065,0.653918,-5.226971,181,0.247804,2003.5454,0.079111,0
268,11.4347,5545.79,5514.6019,11167.97,-6.7734199284,0.279298,0.385005,23.6078,1.3342,1.4256,0.069089,0.657875,-5.032393,179,0.24252,2096.1178,0.072397,0
269,11.4773,5626.8,5547.9803,11519.53,-6.3117665016,0.191704,0.417206,30.1487,1.2386,1.0884,0.063275,0.62967,-1.566447,168,0.246443,1974.4802,0.073129,0
270,11.52,5465.09,5425.8543,11003.91,-6.1358367548,0.240066,0.438458,39.7399,1.2969,1.2747,0.059679,0.573506,-0.436851,177,0.249642,1963.5351,0.071908,0
271,11.5627,5695.85,5484.7874,11390.62,-6.5910179075,0.290629,0.396867,24.9485,1.2559,1.2607,0.066893,0.626858,-3.981854,187,0.255498,2083.0359,0.066414,0
272,11.6053,5431.9,5455.727,11144.53,-6.0545112459,0.212035,0.427612,36.0387,1.2555,1.1113,0.061492,0.585409,-8.260406,154,0.260952,2080.1426,0.073129,0
273,11.648,5537.86,5524.34,11156.25,-6.9095132893,0.210709,0.378198,22.215,1.3259,1.4409,0.07038,0.64219,-6.213313,165,0.254777,2127.0631,0.075327,0
274,11.6907,5626.06,5594.9221,11554.69,-7.0186172916,0.231289,0.379124,20.5535,1.2992,1.2789,0.070203,0.659822,-5.08247,163,0.235768,1933.792,0.071298,0
275,11.7333,5778.99,5563.3317,11390.62,-6.3333888519,0.140268,0.422893,27.6766,1.2627,1.1864,0.062295,0.658563,-5.315468,162,0.245684,2047.4645,0.075937,0
276,11.776,5736.58,5548.7202,11390.62,-6.3936882409,0.243283,0.414164,26.6342,1.2618,1.1653,0.063805,0.665524,-5.922257,177,0.244434,2050.6116,0.07667,0
277,11.8187,5613.56,5484.3299,11402.34,-6.0025728207,0.25454,0.445375,37.6626,1.2338,1.0322,0.058546,0.588059,0.287066,163,0.244837,2022.2274,0.07435,0
278,11.8613,5693.46,5539.2082,11554.69,-6.5726532894,0.180456,0.401957,26.5062,1.27,1.2193,0.06597,0.654435,-0.649894,207,0.242259,2116.3654,0.073251,0
279,11.904,5482.86,5451.5782,11074.22,-6.9334530066,0.186728,0.385119,24.5177,1.3386,1.4414,0.069068,0.665385,-5.592735,173,0.237187,2079.9039,0.069711,0
280,11.9467,5332.24,5426.4789,10898.44,-5.8819954861,0.208952,0.439104,41.6316,1.3017,1.2324,0.059572,0.551065,-0.126239,157,0.25554,1986.8503,0.071664,0
281,11.9893,5624.9,5583.8166,11308.59,-6.9355187472,0.115755,0.382921,22.499,1.2954,1.3347,0.069482,0.66252,-1.188541,195,0.261051,2047.9065,0.080088,0
282,12.032,5718.2,5478.1306,11191.41,-6.2711515647,0.188584,0.426883,32.0064,1.2548,1.1842,0.061615,0.62025,-1.57651,173,0.239785,2011.7353,0.073129,0
283,12.0747,5573.65,5455.5869,11238.28,-6.3651721901,0.236031,0.427358,31.8204,1.2806,1.2078,0.061535,0.633283,-0.420368,179,0.239698,1899.6733,0.069955,0
284,12.1173,5615.55,5549.115,11460.94,-6.7484231739,0.192229,0.393295,24.0738,1.2865,1.2622,0.067547,0.641933,-3.399991,163,0.237853,1938.3796,0.074106,0
285,12.16,5607.79,5533.7799,11378.91,-6.1479672132,0.266246,0.432295,34.6298,1.2749,1.1393,0.060703,0.598663,-0.673231,171,0.247992,2053.1952,0.075571,0
286,12.2027,5617.08,5546.941,11449.22,-6.5134577659,0.193169,0.403757,28.0436,1.2602,1.2089,0.065647,0.633344,-8.551964,186,0.237415,2036.4068,0.072519,0
287,12.2453,5566.66,5543.5915,11296.88,-6.5032255234,0.168757,0.408287,27.6827,1.3292,1.357,0.064839,0.646516,-3.838278,187,0.241602,1952.0164,0.067025,0
288,12.288,5550.46,5485.0487,11238.28,-6.3994268659,0.198989,0.417614,31.2621,1.3223,1.3394,0.063204,0.630118,-1.474613,173,0.249735,2021.1357,0.073373,0
289,12.3307,5894.69,5631.462,11882.81,-6.809941127,0.272603,0.388366,20.8044,1.263,1.2077,0.06846,0.67246,-1.761885,178,0.255753,2102.6961,0.087413,0
290,12.3733,5884.55,5537.4546,11496.09,-6.9610928659,0.194064,0.372683,19.096,1.2571,1.3289,0.071443,0.671538,-3.784595,170,0.250125,1980.4123,0.086803,0
291,12.416,5707.38,5574.6593,11460.94,-7.0514926135,0.172042,0.36673,19.2259,1.3482,1.5569,0.072609,0.667099,-2.230503,182,0.245439,2063.7011,0.08021,0
292,12.4587,5637.29,5502.318,11566.41,-6.7767853249,0.19964,0.387026,24.425,1.305,1.3473,0.06871,0.65231,-4.529558,177,0.2606,1884.7026,0.078989,0
293,12.5013,5612.34,5544.3904,11250.0,-7.2255250154,0.272303,0.351439,17.9635,1.3359,1.4934,0.075692,0.663815,-4.205785,191,0.249647,2097.8254,0.07435,0
294,12.544,5668.79,5587.9484,11472.66,-6.5706097379,0.24837,0.389003,25.122,1.2698,1.237,0.068341,0.641251,-3.656422,166,0.267522,2086.5508,0.073984,0
295,12.5867,5369.95,5425.1485,10980.47,-6.4036050694,0.198569,0.400733,30.6813,1.3373,1.3819,0.066191,0.622905,-5.598843,190,0.269886,2079.491,0.070199,0
296,12.6293,5557.32,5468.5107,11449.22,-6.2587005204,0.227499,0.42752,33.5234,1.2869,1.1951,0.061507,0.6304,-1.44822,172,0.256644,2082.0139,0.069955,0
297,12.672,5604.44,5458.6341,11507.81,-5.8879663656,0.280414,0.449347,41.7792,1.2299,1.0115,0.057903,0.56464,0.056242,188,0.242675,2081.6404,0.074228,0
298,12.7147,5444.04,5482.1021,11273.44,-5.9810575377,0.183967,0.442413,40.3578,1.2823,1.127,0.059029,0.586488,-5.016623,172,0.239937,2052.5431,0.070809,0
299,12.7573,5670.18,5506.9681,11449.22,-5.986087849,0.116311,0.442919,36.5013,1.2158,1.0051,0.058946,0.605926,-4.578742,176,0.235652,2112.3676,0.070443,0
300,12.8,5550.97,5590.1183,11531.25,-6.2161533569,0.175392,0.42829,34.642,1.2415,1.0309,0.061377,0.591099,-0.617156,181,0.240148,1932.6922,0.073495,0
301,12.8427,5713.72,5471.4479,11296.88,-6.411368037,0.353059,0.414089,28.6984,1.2262,1.0991,0.063818,0.635061,-5.871687,177,0.250654,1977.7576,0.077402,0
302,12.8853,5663.1,5516.7857,11402.34,-6.4594654032,0.196898,0.410379,28.1328,1.2441,1.1562,0.064469,0.626914,-4.339205,192,0.23963,2058.4648,0.076181,0
303,12.928,5704.82,5566.7803,11566.41,-7.0497122578,0.150531,0.37934,20.3713,1.2982,1.3298,0.070162,0.673538,-5.388974,170,0.245217,1928.0201,0.079355,0
304,12.9707,5910.28,5614.9137,11953.12,-6.2928099731,0.24057,0.432156,29.799,1.2154,0.9844,0.060727,0.657458,-2.912349,169,0.245904,1888.5601,0.086803,0
305,13.0133,5638.17,5531.1631,11460.94,-6.6164038186,0.324037,0.401542,25.1845,1.3128,1.3484,0.066045,0.652737,-3.309641,155,0.244189,2024.6903,0.08021,0
306,13.056,5730.28,5556.9186,11332.03,-7.0335362215,0.207029,0.370418,21.1401,1.3516,1.5599,0.071885,0.675102,-5.349733,186,0.256479,2054.982,0.078623,0
307,13.0987,5716.29,5525.4207,11378.91,-7.2156340517,0.208246,0.358976,17.5139,1.3566,1.616,0.074156,0.685981,-3.089039,180,0.255265,2107.5217,0.081553,0
308,13.1413,5755.63,5647.6071,11648.44,-6.8014481672,0.191825,0.393484,22.4397,1.2918,1.289,0.067512,0.667426,-3.052389,185,0.237683,2004.2742,0.083018,0
309,13.184,5641.99,5500.601,11179.69,-6.4535851114,0.186322,0.408461,28.9328,1.2883,1.2846,0.064808,0.632825,-6.179491,178,0.241295,2114.543,0.079844,0
310,13.2267,5657.78,5496.332,11250.0,-6.6136799298,0.22641,0.400582,25.4711,1.293,1.2914,0.066218,0.6603,-4.531655,200,0.238095,2003.9121,0.068734,0
311,13.2693,5509.74,5572.4931,11496.09,-6.3722315022,0.210419,0.414458,32.4802,1.2953,1.2017,0.063753,0.607103,-9.483931,188,0.243228,2090.4171,0.064583,0
312,13.312,5778.54,5643.9154,11871.09,-6.864811294,0.236059,0.381075,21.68,1.2809,1.2455,0.069832,0.655618,-8.662121,196,0.245483,2045.0305,0.067513,0
313,13.3547,5593.76,5536.4884,11554.69,-6.1750809304,0.187447,0.431878,35.0383,1.2404,1.0496,0.060773,0.591456,-4.807591,172,0.258276,1938.1333,0.070809,0
314,13.3973,5530.11,5440.0122,11074.22,-6.4359382831,0.267024,0.406611,28.0032,1.3021,1.3514,0.065137,0.612436,-7.121246,189,0.238979,2000.3171,0.071542,0
315,13.44,5524.49,5394.3407,11179.69,-6.4302872539,0.310773,0.404362,28.4717,1.2724,1.2321,0.065538,0.628212,-7.222788,174,0.251728,2004.5736,0.075815,0
316,13.4827,5589.4,5512.627,11484.38,-6.4168421512,0.212764,0.420382,29.3708,1.294,1.2081,0.062726,0.63449,-2.949658,188,0.23899,1985.4354,0.076303,0
317,13.5253,5437.99,5422.54,10957.03,-6.649718886,0.18404,0.399965,26.1905,1.3162,1.3706,0.06633,0.638351,-3.991495,173,0.23248,1993.8119,0.070687,0
318,13.568,5532.83,5497.8953,11109.38,-6.4389508355,0.147444,0.407341,28.9767,1.2717,1.2322,0.065007,0.624576,-6.206595,151,0.234025,1974.2295,0.071054,0
319,13.6107,5715.99,5595.1034,11507.81,-6.9659793309,0.287038,0.371467,20.3966,1.3042,1.3604,0.07168,0.659484,-5.408061,170,0.250682,2043.3487,0.075815,0
320,13.6533,5352.59,5458.9584,11062.5,-6.2254613221,0.182388,0.430441,36.0273,1.3118,1.2106,0.061014,0.600188,0.144249,159,0.255683,2010.3747,0.070443,0
321,13.696,5679.37,5620.8837,11460.94,-6.6383174314,0.113721,0.404634,25.3877,1.2592,1.184,0.06549,0.655191,-6.916292,180,0.226628,1992.5067,0.070687,0
322,13.7387,5759.04,5689.358,11636.72,-7.0629152358,0.146538,0.369474,19.4387,1.3008,1.3258,0.072069,0.660243,-0.167059,204,0.231772,2104.9258,0.07667,0
323,13.7813,5620.14,5521.2802,11437.5,-6.2536962104,0.182599,0.429857,32.4914,1.2651,1.1695,0.061113,0.605126,-6.512309,174,0.242634,1914.79,0.075815,0
324,13.824,5912.3,5613.3663,11835.94,-7.0972232661,0.184241,0.36671,19.3766,1.2674,1.298,0.072613,0.676721,-0.842428,173,0.243041,2084.0863,0.081797,0
325,13.8667,5668.69,5530.2593,11203.12,-6.9574338161,0.194443,0.370479,21.0843,1.3164,1.4383,0.071873,0.669558,-4.044055,188,0.239418,2158.0953,0.08546,0
326,13.9093,5758.94,5691.4513,11789.06,-6.8005131449,0.272638,0.383516,21.1642,1.3265,1.3127,0.069369,0.660574,-6.655725,193,0.239564,2041.4557,0.08375,0
327,13.952,5611.84,5646.7358,11484.38,-7.0895260563,0.32218,0.361659,19.6424,1.3141,1.3462,0.073617,0.647289,-3.673224,177,0.243787,1942.1483,0.075693,0
328,13.9947,5462.87,5579.3637,11191.41,-6.5229280295,0.239062,0.39901,27.1901,1.3009,1.2238,0.066503,0.605771,-0.793713,188,0.256782,2058.9044,0.075204,0
329,14.0373,5613.08,5579.0422,11367.19,-6.537287284,0.210361,0.402162,26.5777,1.2837,1.2392,0.065933,0.630672,-1.636196,170,0.249401,1957.6997,0.075815,0
330,14.08,5693.17,5626.968,11566.41,-6.8441067435,0.259451,0.383453,21.4405,1.2692,1.2323,0.069381,0.652312,-7.364628,174,0.242338,2028.2487,0.070565,0
331,14.1227,5621.26,5566.9855,11390.62,-7.1044426419,0.271684,0.369257,20.4515,1.3436,1.4817,0.072112,0.662163,-2.766567,182,0.242428,2004.441,0.072763,0
332,14.1653,5598.64,5472.2154,11273.44,-6.2840032844,0.189728,0.422533,32.0033,1.2428,1.1324,0.062357,0.604813,-0.26639,174,0.251603,1946.9561,0.076181,0
333,14.208,5596.36,5537.2564,11472.66,-7.1547798192,0.270902,0.365959,20.0231,1.3175,1.3677,0.072761,0.663199,-5.993615,182,0.255644,2033.7036,0.07789,0
334,14.2507,5665.9,5557.3265,11507.81,-6.4421730636,0.228723,0.417027,28.8244,1.2524,1.1195,0.063306,0.632091,-1.767207,167,0.246588,2068.6887,0.08021,0
335,14.2933,5699.22,5540.7353,11460.94,-6.6791984988,0.234747,0.399894,24.5177,1.2841,1.2491,0.066343,0.665506,-2.758863,171,0.240249,1897.6858,0.079966,0
336,14.336,5606.24,5515.4846,11460.94,-6.416878882,0.251901,0.413517,29.7895,1.276,1.1878,0.063918,0.643995,-2.508435,158,0.246141,2138.4668,0.073495,0
337,14.3787,5616.72,5484.9409,11285.16,-6.6108000528,0.408806,0.393861,24.5828,1.3038,1.3294,0.067443,0.65123,-5.460124,169,0.243818,2005.7048,0.077402,0
338,14.4213,5489.99,5536.53,11320.31,-6.679236566,0.141228,0.395663,26.5461,1.2902,1.2121,0.067112,0.643722,-6.576112,181,0.258752,2084.8105,0.078379,0
339,14.464,5829.86,5566.4379,11671.88,-6.55745788,0.23594,0.411497,25.195,1.2594,1.1988,0.064272,0.662995,-0.894132,174,0.245997,2074.8384,0.075327,0
340,14.5067,5468.96,5531.6732,11214.84,-6.641183236,0.185685,0.391378,23.332,1.3125,1.3113,0.067901,0.636245,-2.175493,169,0.249591,2181.642,0.074594,0
341,14.5493,5549.02,5575.0215,11191.41,-6.9388508536,0.287454,0.377927,21.3844,1.3504,1.4455,0.070432,0.660529,-4.271908,182,0.256544,2094.5864,0.075937,0
342,14.592,5668.73,5613.3236,11472.66,-6.7114918251,0.229257,0.395964,24.7429,1.3091,1.2714,0.067057,0.66382,-1.991646,166,0.248821,1988.9008,0.08021,0
343,14.6347,5522.08,5406.5762,11085.94,-6.5643510447,0.212055,0.391928,26.5148,1.3104,1.3599,0.067799,0.648852,-3.097324,185,0.25301,2131.7988,0.079722,0
344,14.6773,5780.05,5588.7835,11437.5,-7.2885089882,0.227783,0.361905,16.9504,1.3248,1.4734,0.073568,0.686951,-8.747874,169,0.261807,2102.1712,0.080088,0
345,14.72,5848.24,5562.6648,11601.56,-7.3512446993,0.254762,0.352826,16.8754,1.3107,1.5134,0.075407,0.689548,-5.212487,176,0.243005,2182.9136,0.087047,0
346,14.7627,5780.27,5468.0515,11460.94,-6.5826734583,0.25453,0.409128,26.3677,1.2618,1.2619,0.06469,0.671294,-1.685602,154,0.243129,1976.4139,0.08314,0
347,14.8053,5500.01,5501.1802,11285.16,-6.2738006655,0.215125,0.423362,34.316,1.2792,1.1719,0.062215,0.61511,-1.640383,165,0.244892,2033.3162,0.073617,0
348,14.848,5625.75,5483.8664,11273.44,-6.333350641,0.181545,0.418943,33.0528,1.3179,1.3872,0.062974,0.613468,-5.494287,159,0.239713,1936.9243,0.076914,0
349,14.8907,5623.58,5478.5082,11214.84,-6.1599963256,0.244507,0.429609,32.768,1.2681,1.2057,0.061154,0.590941,-7.011554,189,0.233279,2054.7671,0.071054,0
350,14.9333,5401.75,5527.3264,11191.41,-6.8684320732,0.269454,0.376549,24.3518,1.3449,1.4332,0.070696,0.63484,-5.383528,190,0.253132,1920.2539,0.067635,0
351,14.976,5660.4,5450.8688,11226.56,-6.6835661339,0.296435,0.395663,25.8019,1.2975,1.3529,0.067112,0.653231,-5.748442,166,0.251697,1920.0334,0.07203,0
352,15.0187,5558.21,5491.3205,11437.5,-5.7823007975,0.274226,0.455736,44.4562,1.246,1.0252,0.056881,0.565047,0.962205,193,0.251369,2146.2176,0.0691,0
353,15.0613,5668.7,5605.1538,11589.84,-6.4309904916,0.25432,0.40659,27.9521,1.2423,1.0544,0.06514,0.630628,-4.814759,181,0.24873,2088.7707,0.068978,0
354,15.104,5528.61,5525.1502,11226.56,-7.0618415518,0.234787,0.366764,21.2221,1.3373,1.4609,0.072602,0.653574,-3.782944,188,0.256621,2119.1463,0.074228,0
355,15.1467,5541.32,5473.6062,11003.91,-7.522919589,0.215327,0.343963,16.4518,1.3904,1.7496,0.077248,0.685436,-5.72367,167,0.244429,2080.5782,0.083506,0
356,15.1893,5816.98,5614.6511,11601.56,-7.2800445772,0.199804,0.357782,18.0712,1.3071,1.4667,0.074397,0.682315,-6.040824,186,0.241902,2029.7228,0.087901,0
357,15.232,5764.75,5496.6854,11320.31,-7.1772327205,0.295679,0.366529,19.3124,1.34,1.5605,0.072649,0.684964,-2.589561,190,0.24314,2100.7282,0.087291,0
358,15.2747,5984.5,5604.9545,11777.34,-7.1739909224,0.255098,0.365749,17.3733,1.278,1.3578,0.072803,0.698036,-2.648687,185,0.250134,2179.4182,0.087047,0
359,15.3173,5816.9,5493.2935,11519.53,-6.798864068,0.362115,0.384369,22.2541,1.2676,1.3242,0.069209,0.668056,-4.506058,182,0.24557,2050.8917,0.084971,0
360,15.36,5774.56,5522.9854,11625.0,-6.5665472449,0.199987,0.409817,26.0429,1.2585,1.1885,0.064568,0.657891,-3.508931,159,0.244701,1926.0779,0.08082,0
361,15.4027,5590.6,5531.611,11496.09,-6.4918401605,0.206902,0.406447,28.5497,1.2839,1.2201,0.065166,0.64551,-3.746174,179,0.257038,2127.5906,0.082408,0
362,15.4453,5916.04,5656.3681,11941.41,-7.4229272871,0.221928,0.353788,15.5788,1.2968,1.3714,0.075209,0.697863,-6.595706,155,0.24736,2074.3142,0.084727,0
363,15.488,5942.41,5630.277,11835.94,-7.654818628,0.212989,0.336798,14.1488,1.3105,1.4723,0.078772,0.709152,-5.045596,204,0.233687,2188.1948,0.08375,0
364,15.5307,5639.75,5542.9689,11308.59,-7.1656772696,0.261416,0.362242,18.3993,1.3658,1.5569,0.0735,0.674643,-2.073423,195,0.247173,2138.5507,0.079844,0
365,15.5733,5465.62,5518.5319,11250.0,-6.6106998964,0.213376,0.401279,26.781,1.3268,1.3555,0.066092,0.63389,-6.946828,191,0.259571,1938.09,0.071176,0
366,15.616,5474.26,5479.432,11285.16,-5.933293178,0.278354,0.456594,45.9829,1.2956,1.1645,0.056745,0.566442,-1.187998,173,0.239391,2016.7153,0.064095,0
367,15.6587,5389.53,5358.0981,11003.91,-5.6867535705,0.245689,0.466613,49.6673,1.2559,1.0935,0.055174,0.509874,1.750986,158,0.233062,1975.2792,0.064827,0
368,15.7013,5615.55,5581.6022,11472.66,-6.6592434251,0.158531,0.400972,25.1811,1.2952,1.2404,0.066148,0.650453,-2.06229,161,0.256638,2087.6568,0.072885,0
369,15.744,5668.03,5516.3782,11449.22,-6.3649503528,0.251446,0.424798,32.2428,1.2753,1.2385,0.06197,0.613227,0.996091,167,0.246555,1993.9366,0.07789,0
370,15.7867,5836.11,5595.5976,11636.72,-7.1233728386,0.217139,0.369679,19.5001,1.2871,1.3357,0.072029,0.684444,-5.734356,181,0.245607,2066.3885,0.084117,0
371,15.8293,5610.02,5526.7639,11296.88,-6.5538387831,0.167119,0.398949,25.3609,1.2667,1.2052,0.066514,0.621016,-1.849819,186,0.256463,2027.5107,0.081065,0
372,15.872,5620.64,5587.1897,11730.47,-5.833750417,0.299476,0.449113,36.7905,1.1953,0.8504,0.057941,0.577643,-3.473755,161,0.253874,1925.1741,0.070565,0
373,15.9147,5616.35,5528.4708,11625.0,-6.2354574966,0.332823,0.425434,33.762,1.2242,1.0208,0.061861,0.617655,-5.637389,185,0.233253,2047.2588,0.074838,0
374,15.9573,5845.39,5533.9695,11496.09,-6.635528713,0.205476,0.395755,23.8217,1.2452,1.2168,0.067096,0.648043,-1.459977,173,0.234895,2079.3135,0.081919,0
375,16.0,5773.77,5588.1362,11589.84,-6.5119270156,0.229519,0.403128,25.3866,1.2378,1.1147,0.06576,0.640343,-4.488056,170,0.255828,2006.9442,0.07667,0
376,16.0427,5589.68,5427.7372,11226.56,-6.5196601611,0.179785,0.403422,27.3633,1.2814,1.2745,0.065707,0.629372,-5.832918,170,0.239507,1987.6589,0.077524,0
377,16.0853,5538.84,5492.6971,11167.97,-6.4333569947,0.143918,0.410686,28.4349,1.3032,1.3079,0.064415,0.631926,-2.00939,168,0.24147,2013.6857,0.07789,0
378,16.128,5625.86,5540.1799,11273.44,-6.6361867056,0.327588,0.393206,23.6107,1.3068,1.3399,0.067563,0.640712,-7.70585,171,0.256554,1902.0592,0.075571,0
379,16.1707,5849.28,5593.4156,11660.16,-6.4939342129,0.217123,0.409781,24.8806,1.2332,1.1064,0.064575,0.652582,-3.867743,183,0.24982,2061.6434,0.080332,0
380,16.2133,5650.13,5490.5495,11261.72,-6.8484220597,0.285248,0.384452,22.4635,1.3183,1.4242,0.069193,0.661183,-2.313949,178,0.238451,2072.8236,0.08082,0
381,16.256,5724.23,5513.1569,11332.03,-7.2783390142,0.226568,0.360728,18.2912,1.3046,1.4664,0.073803,0.684589,-4.519317,193,0.256496,2171.2288,0.077524,0
382,16.2987,5783.25,5553.5136,11367.19,-7.4727407874,0.210878,0.350746,16.4037,1.3297,1.5484,0.075835,0.695658,-2.384056,183,0.235073,2092.0619,0.078867,0
383,16.3413,5681.17,5520.4949,11507.81,-6.3606699189,0.257974,0.422672,29.318,1.2239,1.0491,0.062333,0.623917,-5.17971,185,0.25966,2104.2063,0.080576,0
384,16.384,5629.45,5570.0043,11531.25,-6.5015093047,0.216786,0.413978,27.5032,1.2553,1.1197,0.063837,0.627706,-5.537838,149,0.251761,1896.162,0.076059,0
385,16.4267,5509.77,5474.7463,11191.41,-6.2271677654,0.245917,0.427608,32.6844,1.2874,1.2046,0.061492,0.587583,-1.751197,161,0.249344,1912.437,0.0691,0
386,16.4693,5423.17,5465.9469,10886.72,-6.6530591485,0.195956,0.39589,25.6523,1.3582,1.466,0.067071,0.639362,-3.461048,183,0.258513,2018.5579,0.06556,0
387,16.512,5405.21,5457.1868,11320.31,-6.2855713156,0.260668,0.41527,31.6325,1.3095,1.267,0.063612,0.605032,-0.946358,167,0.255302,1918.552,0.067269,0
388,16.5547,5634.97,5487.0803,11273.44,-6.739345629,0.288661,0.387948,23.7289,1.3165,1.4317,0.068538,0.644961,-4.292484,198,0.255305,2043.0919,0.075571,0
389,16.5973,5763.0,5603.962,11484.38,-6.9922465576,0.176216,0.378918,20.7554,1.2977,1.3746,0.070242,0.670243,-8.075871,185,0.254448,2077.5405,0.084239,0
390,16.64,5711.91,5557.6035,11285.16,-7.0377107139,0.32899,0.368454,19.6099,1.3493,1.5407,0.072269,0.669542,-3.579207,168,0.252096,2066.0502,0.077524,0
391,16.6827,5406.98,5507.9675,10863.28,-6.5679217927,0.119283,0.406461,29.0624,1.3484,1.4231,0.065163,0.636723,-2.958551,175,0.251381,2024.9904,0.06849,0
392,16.7253,5552.86,5416.7484,11179.69,-6.3873394469,0.203327,0.420949,30.6028,1.2924,1.2647,0.062628,0.642362,-4.573339,189,0.250201,2020.2838,0.065926,0
393,16.768,5517.88,5439.1891,11332.03,-5.8006336949,0.268842,0.457056,44.9276,1.2376,1.0168,0.056672,0.536574,2.143304,183,0.247953,1988.2432,0.068368,0
394,16.8107,5611.38,5459.2961,11261.72,-6.2421532305,0.121892,0.432317,35.1495,1.239,1.1229,0.0607,0.619959,-0.971838,176,0.231605,2061.6238,0.068246,0
395,16.8533,5450.71,5469.1488,11203.12,-5.9154381518,0.207069,0.45296,42.2935,1.2592,1.0691,0.057323,0.558952,-0.497819,187,0.246045,2009.8691,0.069466,0
396,16.896,5543.46,5504.4719,11191.41,-6.3199552944,0.177935,0.416063,30.7453,1.2866,1.2165,0.063473,0.620883,-0.626587,199,0.254997,1944.6058,0.075815,0
397,16.9387,5448.93,5499.6126,11191.41,-6.2204603824,0.163539,0.42775,32.7107,1.283,1.1791,0.061468,0.593466,-6.242734,168,0.257148,2030.9324,0.070443,0
398,16.9813,5550.73,5512.1462,11296.88,-6.6743851107,0.20703,0.394292,24.4535,1.3113,1.3395,0.067364,0.636298,-0.265094,194,0.245603,2027.1957,0.068124,0
399,17.024,5455.79,5455.7941,11039.06,-6.0590499499,0.211736,0.448079,38.3976,1.2869,1.1964,0.058108,0.576409,0.360756,158,0.253882,1961.1212,0.075082,0
400,17.0667,5604.4,5550.3337,11507.81,-6.3567338594,0.277742,0.421307,32.3414,1.2524,1.0614,0.062567,0.61996,-7.028997,173,0.232832,1926.9858,0.073495,0
401,17.1093,5726.16,5633.7673,11484.38,-7.3918497649,0.210297,0.344345,16.5765,1.346,1.5457,0.077168,0.675457,-3.317776,182,0.235186,2107.5055,0.074472,0
402,17.152,5863.01,5591.2411,11636.72,-7.3161454716,0.3081,0.349384,16.9897,1.291,1.4066,0.076116,0.686183,-5.422286,179,0.240181,2157.0111,0.08314,0
403,17.1947,5906.67,5633.7546,11917.97,-6.3143348269,0.267264,0.422784,28.4206,1.2063,0.9849,0.062314,0.641866,-0.824138,195,0.243229,1955.1808,0.088146,0
404,17.2373,5748.43,5602.623,11472.66,-6.8994117244,0.208273,0.3755,20.1988,1.2993,1.367,0.070898,0.658521,-3.107669,169,0.245112,2115.6101,0.080332,0
405,17.28,5450.74,5468.4285,11226.56,-6.4153169491,0.205952,0.409813,31.2373,1.2961,1.2049,0.064569,0.620126,-1.200375,185,0.246169,2086.7229,0.072519,0
406,17.3227,5687.45,5540.5471,11238.28,-6.9458417858,0.243545,0.379177,21.0779,1.3362,1.4799,0.070193,0.675773,-5.036533,153,0.25889,1927.0992,0.075082,0
407,17.3653,5721.57,5556.3656,11402.34,-6.9369330638,0.185189,0.37796,20.7949,1.2947,1.3623,0.070426,0.663666,-2.633362,183,0.243647,2002.387,0.080332,0
408,17.408,5784.81,5529.8843,11402.34,-6.912284197,0.246032,0.377223,19.7801,1.3001,1.3918,0.070567,0.679259,-5.232067,159,0.243801,2074.7776,0.086558,0
409,17.4507,5645.66,5528.1081,11320.31,-6.9290175486,0.288571,0.372466,19.7363,1.3152,1.3893,0.071486,0.655287,-2.165641,166,0.25508,2124.8544,0.082652,0
410,17.4933,5689.23,5602.1348,11507.81,-6.533592541,0.27981,0.399868,26.2172,1.3133,1.3354,0.066347,0.649226,-2.424761,173,0.255127,2136.1145,0.076181,0
411,17.536,5598.86,5563.9497,11460.94,-7.0196947124,0.22037,0.375446,20.7532,1.3324,1.4038,0.070909,0.660665,-5.174818,168,0.240603,1969.327,0.078501,0
412,17.5787,5840.92,5539.4053,11496.09,-7.2917528714,0.274735,0.361368,17.2453,1.2977,1.4215,0.073675,0.692716,-5.242367,173,0.242298,2076.3652,0.080698,0
413,17.6213,5560.7,5436.4143,11132.81,-6.2998270471,0.30823,0.417147,29.8172,1.3225,1.3709,0.063285,0.623828,-0.642406,160,0.257071,1966.3558,0.070809,0
414,17.664,5557.88,5476.1805,11332.03,-6.3324539066,0.193315,0.423851,32.4583,1.2598,1.1479,0.062131,0.611521,-1.56622,184,0.25622,1986.3998,0.064705,0
415,17.7067,5479.19,5507.2467,11085.94,-6.9664419659,0.167584,0.378941,22.2758,1.3656,1.5189,0.070238,0.655781,-2.554375,173,0.233845,2034.236,0.072763,0
416,17.7493,5560.61,5507.7685,11097.66,-6.7471743536,0.197276,0.3904,24.7124,1.2704,1.2322,0.068082,0.629899,-4.992508,197,0.238911,2061.7376,0.075815,0
417,17.792,5490.08,5477.8058,11238.28,-6.3844784544,0.166347,0.407363,29.1365,1.2751,1.2087,0.065003,0.595574,-4.437477,182,0.260898,2079.0957,0.073495,0
418,17.8347,5654.42,5479.7784,11296.88,-6.4444519793,0.27427,0.422332,30.6753,1.2995,1.2834,0.062391,0.63483,-3.366432,181,0.241801,2058.487,0.069955,0
419,17.8773,5747.32,5523.0635,11472.66,-6.0870264974,0.231901,0.438773,34.7641,1.2689,1.2004,0.059627,0.603995,-6.133908,192,0.24046,2081.6021,0.070932,0
420,17.92,5493.37,5497.7589,11250.0,-6.4502198612,0.20314,0.418199,32.5217,1.3007,1.2477,0.063103,0.622118,-1.613661,171,0.245727,2054.3805,0.077036,0
421,17.9627,5591.31,5570.8864,11496.09,-6.960234401,0.184502,0.38117,22.0116,1.307,1.3498,0.069814,0.659544,-8.565077,158,0.234179,2086.7395,0.075449,0
422,18.0053,5627.83,5658.8511,11777.34,-6.9256017333,0.296876,0.376694,21.5343,1.3329,1.3851,0.070669,0.662346,-7.86661,153,0.233156,2022.959,0.072885,0
423,18.048,5705.34,5629.7892,11660.16,-6.4354877818,0.205009,0.424802,27.843,1.2496,1.078,0.061969,0.630639,0.264477,182,0.22463,1933.6269,0.07728,0
424,18.0907,5484.98,5484.5408,11261.72,-6.3644804813,0.272664,0.423178,31.9227,1.286,1.1974,0.062246,0.607321,-5.179674,180,0.22527,2006.0547,0.074106,0
425,18.1333,5576.71,5526.5019,11460.94,-6.0475802207,0.173506,0.438315,37.5827,1.242,1.0738,0.059702,0.584507,-8.62358,179,0.234355,1937.5876,0.069711,0
426,18.176,5694.16,5506.0125,11507.81,-6.2840149947,0.264965,0.432,33.695,1.2345,1.0715,0.060753,0.635614,-1.834262,198,0.231332,1913.2081,0.076547,0
427,18.2187,5822.1,5530.6594,11589.84,-6.0426708407,0.257613,0.43667,34.1103,1.198,0.9943,0.059974,0.607808,0.834148,197,0.240337,1992.4945,0.079111,0
428,18.2613,5596.33,5448.2095,11367.19,-6.2283254084,0.265698,0.429233,33.9384,1.2656,1.1692,0.061218,0.629918,-8.252928,180,0.259631,2034.091,0.073007,0
429,18.304,5322.05,5403.6988,11097.66,-6.3421927276,0.199208,0.418699,31.8901,1.3343,1.3025,0.063016,0.618637,-5.801825,170,0.265191,1881.5729,0.071542,0
430,18.3467,5497.54,5421.1431,11250.0,-5.8749702049,0.225382,0.453492,44.4844,1.2877,1.2024,0.057238,0.54706,1.077809,177,0.252917,2163.2038,0.073373,0
431,18.3893,5686.82,5542.6353,11601.56,-6.4253936853,0.257756,0.418922,28.7664,1.2584,1.1558,0.062978,0.650223,-5.753235,173,0.236565,1939.0345,0.073617,0
432,18.432,5598.97,5543.6349,11250.0,-6.9040296725,0.272689,0.37839,22.8388,1.3416,1.4997,0.070343,0.653195,-2.908062,197,0.235291,2058.2442,0.076181,0
433,18.4747,5534.42,5464.1461,11261.72,-6.0837005347,0.231381,0.442683,36.4177,1.2383,1.0653,0.058984,0.594088,-1.964341,164,0.247388,2039.234,0.070809,0
434,18.5173,5594.1,5490.4186,11378.91,-6.1230448204,0.155826,0.438241,36.2631,1.2279,1.0563,0.059715,0.600899,-5.114375,174,0.25656,2096.2386,0.065438,0
435,18.56,5609.57,5549.9822,11531.25,-6.3550331275,0.240423,0.413048,30.2052,1.2762,1.1895,0.064,0.611562,-0.242594,194,0.262081,2045.8241,0.071908,0
436,18.6027,5652.23,5546.668,11390.62,-7.0181007031,0.213136,0.371172,20.7638,1.2861,1.2996,0.071738,0.666363,-5.98813,183,0.254939,2014.4184,0.078379,0
437,18.6453,5625.07,5564.9905,11578.12,-6.2717833118,0.190479,0.42485,32.2824,1.2589,1.0916,0.061961,0.623069,0.064378,208,0.245377,2036.2344,0.076181,0
438,18.688,5638.44,5565.907,11332.03,-6.6132886769,0.227552,0.400684,25.1857,1.2783,1.2154,0.0662,0.642312,-4.629072,176,0.2469,1990.3673,0.075815,0
439,18.7307,5423.11,5328.0612,10851.56,-6.2848190934,0.243851,0.419045,34.8518,1.3364,1.4732,0.062957,0.613843,0.935258,188,0.242922,2039.2146,0.078989,0
440,18.7733,5639.05,5505.6717,11378.91,-6.5767605753,0.289226,0.406163,27.861,1.2894,1.2794,0.065217,0.641798,-1.431508,170,0.248217,2044.6499,0.076303,0
441,18.816,5715.0,5643.4253,11472.66,-7.3503694044,0.167459,0.350617,17.4763,1.3268,1.4704,0.075861,0.67384,-6.367082,194,0.237834,2055.5838,0.079477,0
442,18.8587,5642.21,5546.9863,11355.47,-6.6504906404,0.187813,0.400688,28.3089,1.2665,1.2046,0.066199,0.65142,-2.695766,168,0.240707,1938.188,0.078501,0
443,18.9013,5569.82,5516.5222,11273.44,-6.5305568725,0.15225,0.406251,27.8577,1.2896,1.2608,0.065201,0.641424,-5.585448,176,0.230546,1998.2635,0.078867,0
444,18.944,5565.44,5485.2608,11285.16,-6.3945398618,0.236177,0.424775,33.4414,1.2747,1.1764,0.061974,0.619489,-1.717647,159,0.233368,2011.9116,0.08253,0
445,18.9867,5688.38,5522.7017,11414.06,-6.4023075629,0.216024,0.420601,29.7015,1.2632,1.1783,0.062688,0.645767,-2.065245,167,0.225585,1974.8555,0.078257,0
446,19.0293,5651.94,5576.0492,11273.44,-7.2039585776,0.266362,0.358645,18.8768,1.3536,1.5411,0.074222,0.667058,-4.865051,155,0.243428,2198.7862,0.080576,0
447,19.072,5554.06,5482.2775,11097.66,-7.1919753963,0.274564,0.356841,19.4048,1.3688,1.593,0.074587,0.678159,-5.759151,165,0.2479,2110.3988,0.079966,0
448,19.1147,5735.89,5581.1853,11625.0,-6.82994125,0.235503,0.384398,22.6872,1.2846,1.2977,0.069203,0.663757,-1.112406,173,0.252253,2046.4646,0.075204,0
449,19.1573,5547.48,5548.2504,11285.16,-7.0054462534,0.353648,0.36944,21.3235,1.3238,1.3764,0.072076,0.649038,-7.791069,179,0.244512,2098.7832,0.074716,0
450,19.2,5488.96,5499.436,11156.25,-6.3379571202,0.224652,0.413602,32.8965,1.327,1.3426,0.063903,0.611253,-7.38711,163,0.241987,2009.8842,0.072641,0
451,19.2427,5684.03,5518.8339,11519.53,-6.9409378026,0.272628,0.381215,22.5207,1.3078,1.3799,0.069805,0.68111,-5.74157,181,0.23136,2060.9282,0.075571,0
452,19.2853,5531.81,5528.6361,11261.72,-6.5450512359,0.345146,0.400034,27.7873,1.2948,1.2803,0.066317,0.632176,-5.755928,185,0.237785,2048.4547,0.076547,0
453,19.328,5563.23,5552.1216,11449.22,-6.7424983403,0.2098,0.389888,24.2769,1.2967,1.2733,0.068177,0.640233,-9.306731,186,0.240198,1995.3604,0.071664,0
454,19.3707,5621.43,5451.9467,11273.44,-6.4873240476,0.179827,0.410743,27.6173,1.2384,1.1483,0.064405,0.644792,-7.081572,157,0.24705,1934.4044,0.078012,0
455,19.4133,5714.22,5556.5189,11519.53,-7.0163227434,0.22564,0.371952,19.8133,1.2757,1.2827,0.071585,0.675436,-2.706437,183,0.251223,2122.3842,0.081797,0
456,19.456,5769.1,5616.8844,11472.66,-7.3131625635,0.302537,0.356598,17.6635,1.35,1.55,0.074637,0.688478,-3.782775,178,0.254465,2053.4339,0.08021,0
457,19.4987,5700.64,5580.3361,11308.59,-7.0655750478,0.181734,0.368763,20.3685,1.336,1.4793,0.072209,0.674027,-3.680326,181,0.242405,2159.121,0.079844,0
458,19.5413,5727.3,5501.663,11308.59,-6.8597955256,0.234475,0.377909,22.7098,1.2971,1.3612,0.070435,0.667154,-2.907254,172,0.235117,1993.0311,0.073984,0
459,19.584,5616.93,5487.2119,11320.31,-6.1406416728,0.168122,0.444923,38.6442,1.2381,1.0794,0.058619,0.610751,-1.967512,182,0.255317,2057.5428,0.069222,0
460,19.6267,5378.03,5520.0264,11367.19,-6.3577924467,0.22542,0.412759,33.0757,1.2937,1.1907,0.064051,0.590634,-5.235506,166,0.253098,1963.6613,0.067879,0
461,19.6693,5478.77,5513.2146,11378.91,-6.5172270009,0.337418,0.412776,29.1801,1.3077,1.2183,0.064048,0.623738,-1.443304,173,0.242233,1820.2555,0.074106,0
462,19.712,5521.04,5455.8579,11250.0,-6.6738004128,0.181677,0.398066,26.7186,1.2992,1.348,0.066674,0.645308,-1.521365,179,0.248741,2062.1932,0.073739,0
463,19.7547,5429.63,5466.0553,11167.97,-6.2306703929,0.338857,0.432542,34.5393,1.326,1.2943,0.060662,0.609037,-1.115967,178,0.245708,1941.4091,0.069344,0
464,19.7973,5645.92,5518.8917,11601.56,-6.2721406428,0.273257,0.420997,30.1123,1.2752,1.1652,0.06262,0.630347,-3.334308,173,0.23539,2041.166,0.075082,0
465,19.84,5888.71,5607.4486,11812.5,-7.0474437,0.250981,0.370513,18.3371,1.2725,1.2697,0.071866,0.687522,-4.844615,178,0.254682,2061.483,0.082774,0
466,19.8827,5693.06,5582.683,11425.78,-7.2288558536,0.257819,0.358024,17.6943,1.3621,1.5373,0.074348,0.689067,-5.429245,190,0.244631,2122.3379,0.086192,0
467,19.9253,5871.06,5628.5157,11601.56,-7.1448035921,0.241115,0.363526,18.7129,1.3042,1.4314,0.073244,0.687475,-3.426455,179,0.246309,2148.4241,0.080698,0
468,19.968,5702.36,5624.3041,11625.0,-6.9500930665,0.216677,0.378916,20.9869,1.3011,1.287,0.070243,0.674532,-4.019313,182,0.232427,2130.5867,0.076059,0
469,20.0107,5486.9,5459.0227,11156.25,-6.4551538342,0.26811,0.415264,31.0829,1.2877,1.2407,0.063613,0.617089,-7.845478,199,0.24278,2044.0232,0.074228,0
470,20.0533,5862.82,5668.0933,11707.03,-7.0782408199,0.190532,0.3719,19.4573,1.2769,1.2911,0.071596,0.683188,-7.738056,184,0.250325,2100.0765,0.082041,0
471,20.096,5868.29,5572.8874,11449.22,-7.4127583562,0.196359,0.345423,15.9788,1.316,1.5164,0.076942,0.6951,-6.269154,149,0.241554,2175.9948,0.085093,0
472,20.1387,5768.74,5538.8469,11449.22,-7.1615086967,0.226585,0.366825,19.15,1.3016,1.4067,0.07259,0.674908,-2.208909,161,0.255873,2097.6109,0.08253,0
473,20.1813,5846.5,5637.1883,11671.88,-7.2602384635,0.237974,0.358949,17.5944,1.2992,1.3989,0.074161,0.69167,-4.612323,195,0.241779,2157.9721,0.083995,0
474,20.224,5745.99,5571.8037,11531.25,-6.8533394831,0.177123,0.382906,21.564,1.3182,1.3801,0.069485,0.662689,-3.895264,168,0.244546,2002.828,0.078012,0
475,20.2667,5563.14,5610.5332,11273.44,-7.2557652545,0.190524,0.356413,17.3029,1.3812,1.5858,0.074674,0.670483,-3.755539,170,0.253453,1996.3242,0.071542,0
476,20.3093,5762.63,5474.9257,11613.28,-6.1161153272,0.227241,0.433723,33.7314,1.2469,1.1257,0.060465,0.626241,-0.438634,160,0.253589,2029.3729,0.0796,0
477,20.352,5594.32,5510.6577,11308.59,-6.4680366123,0.273097,0.412082,29.2794,1.2864,1.242,0.064169,0.63761,-5.958685,171,0.236307,2068.8917,0.079111,0
478,20.3947,5366.26,5447.18,10957.03,-6.6896964887,0.155026,0.394163,28.9717,1.3512,1.486,0.067387,0.632429,-1.650466,180,0.242316,2096.7773,0.068734,0
479,20.4373,5510.48,5458.0348,11085.94,-6.9066622804,0.17229,0.370914,23.1212,1.3378,1.5343,0.071788,0.650821,-1.962062,174,0.254168,1979.0164,0.073739,0
480,20.48,5898.65,5562.9588,11589.84,-6.6991023683,0.173177,0.39728,22.7816,1.233,1.1756,0.066817,0.677063,-4.59794,185,0.250493,2048.9248,0.080088,0
481,20.5227,5893.23,5652.2102,11636.72,-7.1634746519,0.183597,0.362097,17.2673,1.2987,1.3661,0.073529,0.686872,-1.556447,182,0.234867,2203.8677,0.085338,0
482,20.5653,5785.11,5585.5827,11531.25,-7.1410402522,0.152859,0.367713,18.9829,1.2737,1.3233,0.072415,0.673781,-5.091636,164,0.239971,2080.6962,0.08375,0
483,20.608,5791.26,5580.4907,11566.41,-6.8453399725,0.223847,0.37744,20.2582,1.2669,1.2495,0.070525,0.674049,-3.355224,185,0.242281,2168.8368,0.082163,0
484,20.6507,5525.04,5563.5608,11273.44,-7.2549887241,0.240645,0.354051,18.5842,1.3686,1.5458,0.075156,0.665678,-4.816637,187,0.247414,2149.8713,0.081675,0
485,20.6933,5631.03,5556.0173,11179.69,-7.4488213811,0.245599,0.342129,16.8065,1.362,1.6181,0.077635,0.672835,-3.895538,176,0.253081,2138.388,0.073007,0
486,20.736,5628.5,5545.1222,11320.31,-6.4965008579,0.192593,0.406047,26.7831,1.2803,1.2286,0.065237,0.630166,-1.895524,169,0.257965,2021.8138,0.076792,0
487,20.7787,5715.77,5470.7215,11285.16,-7.0863780903,0.21245,0.3655,20.6735,1.3174,1.4967,0.072852,0.678351,-4.618257,164,0.250055,2084.9834,0.084239,0
488,20.8213,5810.41,5605.5852,11671.88,-7.0176461659,0.266382,0.374603,20.1874,1.2702,1.2893,0.071071,0.668601,-6.575969,160,0.234055,2082.2653,0.080576,0
489,20.864,5759.16,5583.8981,11507.81,-7.0628999286,0.238311,0.364528,19.3599,1.2814,1.3291,0.073045,0.662624,-4.852131,172,0.244364,2111.3404,0.081797,0
490,20.9067,5825.74,5590.1586,11613.28,-6.8196892736,0.207826,0.392029,21.6291,1.2763,1.2511,0.06778,0.673564,-2.568329,167,0.244211,2015.3458,0.077402,0
491,20.9493,5581.57,5569.1403,11437.5,-6.6572508736,0.257823,0.397986,25.6206,1.2913,1.2703,0.066689,0.649117,-1.655969,185,0.248065,2028.6094,0.070199,0
492,20.992,5588.19,5582.2574,11437.5,-7.0267182062,0.324128,0.36872,19.7183,1.2998,1.3227,0.072217,0.655981,-6.607728,168,0.257214,2181.9851,0.074716,0
493,21.0347,5399.5,5499.4265,11003.91,-7.0210891197,0.175595,0.368593,22.9854,1.3655,1.5335,0.072242,0.654291,-5.472395,160,0.230571,2070.007,0.075204,0
494,21.0773,5719.12,5613.9221,11613.28,-6.9746140727,0.280335,0.375573,20.8853,1.3296,1.4295,0.070884,0.656567,-4.387157,182,0.242599,2033.2497,0.077158,0
495,21.12,5680.59,5588.5402,11343.75,-6.8786656673,0.201161,0.380685,20.8806,1.3001,1.3629,0.069906,0.656367,-5.277164,194,0.24928,2152.5091,0.077402,0
496,21.1627,5814.69,5522.968,11308.59,-6.6612766875,0.267631,0.392993,23.0878,1.2659,1.2722,0.067603,0.659171,-3.026103,181,0.249644,2002.9246,0.077402,0
497,21.2053,5663.22,5483.2557,11308.59,-6.7832482566,0.226831,0.390645,23.8837,1.3058,1.3838,0.068036,0.667006,-1.254491,183,0.242275,1939.189,0.075082,0
498,21.248,5686.75,5509.5011,11484.38,-6.0384318798,0.260952,0.447864,35.9099,1.2421,1.0527,0.058142,0.587509,-8.552912,176,0.24994,1986.8693,0.069711,0
499,21.2907,5550.8,5426.6698,11144.53,-6.2535638629,0.206002,0.422538,34.8734,1.2788,1.2474,0.062356,0.614004,-7.083419,200,0.231125,2040.8886,0.071298,0
500,21.3333,5599.34,5513.6192,11296.88,-6.6435251979,0.230677,0.408286,26.6936,1.3001,1.3115,0.064839,0.654063,-9.252682,162,0.239047,2040.2536,0.072397,0
501,21.376,5617.94,5454.713,11144.53,-6.8433374218,0.214385,0.389164,23.633,1.3053,1.4349,0.068311,0.664043,-4.886559,181,0.238254,2113.6872,0.076181,0
502,21.4187,5565.48,5444.5186,11261.72,-6.0234217571,0.212562,0.436401,39.1984,1.2378,1.1365,0.060019,0.583719,-0.278357,175,0.242302,2012.8628,0.072397,0
503,21.4613,5495.62,5475.8591,10992.19,-6.6073966961,0.25685,0.401748,27.2639,1.3185,1.356,0.066008,0.650606,-1.764885,203,0.254166,1975.6051,0.07142,0
504,21.504,5513.36,5450.8353,11062.5,-6.5533059792,0.216038,0.398411,28.929,1.3259,1.4063,0.066611,0.641456,-2.545231,188,0.240087,1929.0289,0.076181,0
505,21.5467,5569.79,5473.7733,11179.69,-6.7772167152,0.247757,0.39089,25.1699,1.3414,1.479,0.067991,0.655153,-8.353382,155,0.252551,2001.1076,0.0691,0
506,21.5893,5529.43,5459.6394,11191.41,-6.5383299527,0.246926,0.407102,29.1168,1.3081,1.371,0.06505,0.632963,-5.387624,183,0.241416,2030.8888,0.068001,0
507,21.632,5669.08,5529.1559,11578.12,-6.2922877942,0.110968,0.422552,30.1504,1.2063,0.9611,0.062353,0.619206,-4.380717,195,0.233625,1960.8137,0.070443,0
508,21.6747,5647.62,5547.3613,11285.16,-6.8309346644,0.175484,0.386327,22.9973,1.2823,1.2743,0.068841,0.653234,-2.932045,167,0.251832,2107.9064,0.073617,0
509,21.7173,5765.14,5590.3904,11578.12,-7.2427069586,0.22921,0.361285,16.973,1.3089,1.3826,0.073692,0.69298,-6.1586,176,0.244092,2026.0215,0.07496,0
510,21.76,5852.87,5617.8306,11613.28,-6.9983570891,0.136558,0.369135,19.23,1.2853,1.329,0.072136,0.674576,-3.489981,173,0.243898,2089.8505,0.073251,0
511,21.8027,5806.07,5572.3145,11625.0,-7.1150783789,0.297257,0.363169,18.2476,1.2753,1.3126,0.073315,0.678585,-3.40918,184,0.244539,2090.4947,0.080698,0
512,21.8453,5654.57,5512.6695,11437.5,-6.9952321494,0.227747,0.371015,21.1404,1.3305,1.4889,0.071768,0.655748,-4.1941,177,0.254547,2107.0126,0.077524,0
513,21.888,5556.16,5581.7308,11355.47,-7.1926564071,0.193123,0.362568,19.3124,1.3569,1.5331,0.073435,0.662236,-6.173297,179,0.237936,2116.436,0.071786,0
514,21.9307,5698.61,5480.5796,11484.38,-5.9304086996,0.228873,0.450177,37.2223,1.2219,1.0189,0.057769,0.607011,-2.20974,184,0.240255,2014.4747,0.072763,0
515,21.9733,5533.18,5506.1368,11261.72,-6.9689858617,0.233193,0.375143,22.5111,1.3471,1.4684,0.070967,0.647712,-3.175454,155,0.247449,2031.0722,0.075571,0
516,22.016,5659.45,5518.2467,11332.03,-6.4275382539,0.15135,0.409959,28.2131,1.2759,1.2686,0.064543,0.630702,-3.609064,168,0.233154,1936.8343,0.070932,0
517,22.0587,5682.08,5481.1616,11296.88,-6.5163900408,0.117957,0.407556,28.49,1.2754,1.2663,0.064969,0.637141,-2.076619,180,0.246836,2095.7202,0.073617,0
518,22.1013,5730.63,5634.1712,11601.56,-7.3235204352,0.234228,0.347488,17.4072,1.2983,1.3881,0.07651,0.670046,-3.871178,168,0.256594,2128.4275,0.078623,0
519,22.144,5692.95,5515.2489,11109.38,-6.8062748943,0.261539,0.384026,22.4946,1.3018,1.3903,0.069273,0.652404,-5.036171,179,0.253095,2168.889,0.074594,0
520,22.1867,5567.05,5507.6152,11214.84,-6.8929181817,0.265994,0.378529,22.7446,1.3464,1.5005,0.070317,0.665148,-4.17134,190,0.253086,2138.8323,0.082896,0
521,22.2293,5742.7,5549.6212,11425.78,-7.5342244704,0.254893,0.337624,16.3116,1.3318,1.5493,0.078595,0.691397,-4.491492,171,0.244268,2200.0289,0.082285,0
522,22.272,5831.77,5547.0685,11566.41,-6.5326457158,0.216216,0.412184,25.9315,1.2606,1.2355,0.064152,0.664335,-5.73534,167,0.239649,2042.0616,0.080454,0
523,22.3147,5875.27,5618.4203,11636.72,-7.4088963889,0.205557,0.349452,17.0261,1.2899,1.3998,0.076102,0.696782,-3.69428,194,0.240264,2244.2825,0.084971,0
524,22.3573,5606.24,5503.3137,11238.28,-6.7892950945,0.219919,0.390828,24.5517,1.3019,1.3743,0.068002,0.651553,-7.201323,204,0.250349,2051.684,0.079722,0
525,22.4,5760.11,5521.1513,11378.91,-6.5442610709,0.234285,0.402678,26.833,1.251,1.2475,0.06584,0.647649,-3.740686,163,0.255142,2048.4826,0.074472,0
526,22.4427,5512.71,5452.4391,11097.66,-6.5685569463,0.306293,0.399452,24.723,1.2778,1.2463,0.066423,0.626228,-3.063905,181,0.246126,1947.9461,0.072641,0
527,22.4853,5660.47,5550.6508,11414.06,-6.7309430256,0.233889,0.387708,23.611,1.2994,1.3117,0.068583,0.648329,-5.351871,174,0.255016,2112.6053,0.072641,0
528,22.528,5628.96,5525.0579,11472.66,-6.6954300221,0.231412,0.400481,25.9557,1.2792,1.2531,0.066236,0.649917,-6.557043,164,0.23658,1941.7598,0.0796,0
529,22.5707,5741.7,5616.0181,11613.28,-6.8006844536,0.204423,0.390772,21.2479,1.2754,1.2057,0.068013,0.67572,-6.701278,168,0.242742,1857.7669,0.08314,0
530,22.6133,5604.35,5493.0705,11203.12,-6.3761060384,0.245486,0.419136,29.4924,1.2692,1.1694,0.062941,0.629813,-0.630099,184,0.247037,2087.9744,0.073984,0
531,22.656,5436.53,5452.0886,11203.12,-6.5113172675,0.205842,0.41211,31.6747,1.3103,1.3163,0.064165,0.617617,-2.008551,164,0.254218,1965.1323,0.073617,0
532,22.6987,5707.64,5644.9321,11472.66,-7.0816279296,0.200835,0.367411,18.4881,1.2773,1.2557,0.072475,0.663644,-4.363335,187,0.248497,2078.2475,0.083628,0
533,22.7413,5555.03,5476.2953,11191.41,-6.6991729308,0.207989,0.398523,27.6537,1.3207,1.3861,0.066591,0.650392,-6.117906,176,0.252786,1928.9157,0.083262,0
534,22.784,5514.86,5427.3474,11214.84,-6.1515218101,0.19296,0.433981,34.9207,1.2566,1.122,0.060421,0.612257,-1.197025,161,0.240852,1936.5225,0.070199,0
535,22.8267,5615.76,5536.1311,11554.69,-6.2301802276,0.123994,0.418537,31.6171,1.244,1.0997,0.063044,0.630696,-3.883253,172,0.249394,2000.9519,0.064217,0
536,22.8693,5745.7,5543.4153,11601.56,-6.4407119181,0.240009,0.417932,29.312,1.2521,1.1522,0.063149,0.639192,-2.883874,156,0.239678,2072.1471,0.075327,0
537,22.912,5817.65,5615.143,11578.12,-6.8797176039,0.127388,0.389324,22.5362,1.247,1.2011,0.068282,0.655534,-1.909777,202,0.24536,2038.6742,0.077768,0
538,22.9547,5607.88,5544.1291,11332.03,-6.8021388017,0.228854,0.384525,23.8864,1.3077,1.3523,0.069179,0.653045,-5.882828,179,0.243939,2052.1708,0.072274,0
539,22.9973,5739.85,5607.4135,11660.16,-6.6045442103,0.173096,0.405164,26.9488,1.2576,1.1547,0.065395,0.645204,-2.820536,193,0.253678,2051.9199,0.077524,0
540,23.04,5528.63,5485.9557,11144.53,-6.9009134854,0.172192,0.382308,22.1628,1.3424,1.4408,0.069598,0.664318,-8.211388,158,0.242878,1995.8137,0.075204,0
541,23.0827,5364.32,5491.7881,10910.16,-6.2835103341,0.270414,0.421042,35.1006,1.3545,1.3796,0.062612,0.591509,-1.43402,175,0.24172,2042.1401,0.069344,0
542,23.1253,5664.23,5488.7857,11378.91,-6.5991167282,0.206935,0.40333,27.263,1.2658,1.253,0.065723,0.630903,-4.215262,161,0.246634,1932.9215,0.073984,0
543,23.168,5778.57,5477.5345,11320.31,-6.9348806327,0.211146,0.378329,21.6674,1.2942,1.3857,0.070355,0.659741,-0.386954,192,0.254074,2119.9046,0.081919,0
544,23.2107,5857.93,5563.1699,11601.56,-7.2481249748,0.285386,0.365363,18.0417,1.307,1.4502,0.072879,0.691784,-2.632098,178,0.243999,2043.6445,0.083873,0
545,23.2533,5618.38,5440.7269,11179.69,-6.0789634979,0.203262,0.429087,33.4807,1.242,1.1106,0.061243,0.614347,1.283271,194,0.249859,1960.7683,0.080332,0
546,23.296,5951.35,5620.7587,11789.06,-7.4040996207,0.262709,0.354858,15.7265,1.323,1.5088,0.074991,0.703632,-4.484497,188,0.253357,2140.3508,0.081187,0
547,23.3387,5591.15,5426.6553,11179.69,-6.0898651957,0.176931,0.436829,36.2881,1.2761,1.2407,0.059948,0.596721,-0.275068,182,0.250537,2089.2488,0.081797,0
548,23.3813,5621.1,5557.139,11414.06,-6.652847248,0.188213,0.398454,26.1168,1.3052,1.3022,0.066604,0.639842,-7.226722,176,0.245517,2112.2188,0.0796,0
549,23.424,5636.54,5544.6329,11601.56,-6.2136861646,0.180905,0.425622,33.7329,1.2376,1.0463,0.061829,0.619074,-2.00648,181,0.250302,2028.1068,0.072152,0
550,23.4667,5611.42,5534.5543,11531.25,-6.7290362529,0.191944,0.392452,24.8855,1.2526,1.1922,0.067702,0.62432,-5.790443,149,0.25571,1907.6061,0.07203,0
551,23.5093,5676.86,5578.1165,11578.12,-6.2362651391,0.228356,0.425374,30.969,1.2378,1.0607,0.061872,0.621224,-0.387726,180,0.235013,1981.0635,0.07728,0
552,23.552,5657.87,5527.3076,11402.34,-6.3609873805,0.20021,0.422418,30.5299,1.2514,1.1308,0.062376,0.637301,-1.710622,175,0.237378,1976.4705,0.07789,0
553,23.5947,5759.65,5538.8809,11308.59,-7.0201144327,0.197689,0.373022,19.468,1.3116,1.415,0.071377,0.679278,-2.106294,177,0.241599,2066.6403,0.078135,0
554,23.6373,5546.25,5513.3686,11285.16,-6.5908140188,0.337431,0.402178,28.3979,1.32,1.329,0.06593,0.635816,-1.295049,173,0.241155,2111.3293,0.073129,0
555,23.68,5377.09,5487.9707,11156.25,-6.786269429,0.149932,0.383551,25.6067,1.3638,1.4897,0.069363,0.6354,-1.461925,205,0.258522,2070.6695,0.071176,0
556,23.7227,5705.73,5546.0109,11308.59,-7.4604197725,0.216828,0.344353,16.4966,1.3343,1.5741,0.077166,0.688611,-3.609638,172,0.245348,2267.6724,0.077768,0
557,23.7653,5767.16,5572.4534,11625.0,-6.4246138765,0.175936,0.415314,28.9651,1.2384,1.1109,0.063604,0.647747,-1.499194,172,0.243944,2141.6677,0.078501,0
558,23.808,5885.3,5665.8622,11941.41,-6.9124447534,0.260846,0.37764,19.6946,1.2446,1.1502,0.070487,0.671602,-1.434487,183,0.248416,2083.8479,0.076547,0
559,23.8507,5746.09,5640.9366,11554.69,-6.9967662752,0.14722,0.371011,19.1748,1.3049,1.3614,0.071769,0.670716,-5.988477,167,0.250787,2106.6464,0.078867,0
560,23.8933,5715.18,5539.6184,11332.03,-7.0523798602,0.254286,0.371653,18.9863,1.3391,1.4827,0.071644,0.678935,-4.033751,180,0.247018,2029.6746,0.081309,0
561,23.936,5676.64,5492.7786,11437.5,-6.8243692087,0.245466,0.379596,22.5117,1.3203,1.4007,0.070113,0.649492,-3.645175,174,0.24517,2004.4075,0.075204,0
562,23.9787,5736.47,5637.0052,11683.59,-6.7845018011,0.258698,0.390883,22.9679,1.2673,1.206,0.067992,0.653721,-4.160208,168,0.247499,1978.6646,0.077524,0
563,24.0213,5792.14,5594.7513,11625.0,-7.2337396891,0.242124,0.362192,19.5283,1.2966,1.3377,0.07351,0.697502,-6.314315,188,0.246374,2013.5946,0.083628,0
564,24.064,5664.15,5576.0824,11531.25,-7.1978083975,0.212471,0.364134,18.5625,1.3161,1.3792,0.073123,0.675536,-5.48207,177,0.250182,2161.9922,0.082285,0
565,24.1067,5618.98,5462.8906,11214.84,-7.2498159444,0.251191,0.35555,17.0381,1.3352,1.5116,0.07485,0.676596,-6.280236,169,0.249819,2116.2971,0.078501,0
566,24.1493,5607.67,5601.1364,11402.34,-7.2364578265,0.244851,0.34951,17.3869,1.3807,1.5943,0.07609,0.662653,-3.38496,199,0.247331,1995.9506,0.075937,0
567,24.192,5588.76,5644.1513,11507.81,-7.1164150867,0.188873,0.362922,18.9204,1.3289,1.4005,0.073365,0.654205,-3.574052,185,0.250208,2129.9294,0.078867,0
568,24.2347,5920.68,5589.3336,11660.16,-6.9374147633,0.201697,0.379578,20.5278,1.2572,1.2329,0.070117,0.683455,-3.799502,187,0.250364,2103.1809,0.076547,0
569,24.2773,5660.51,5512.4022,11378.91,-6.7908793408,0.193034,0.388986,23.8559,1.2947,1.3394,0.068344,0.661089,-6.304694,180,0.246334,1974.332,0.077768,0
570,24.32,5660.12,5515.8799,11343.75,-7.7770596844,0.257571,0.329055,14.8472,1.4183,1.8751,0.080455,0.703266,-5.563915,183,0.24059,2132.7782,0.08082,0
571,24.3627,5524.05,5499.8056,11285.16,-7.0656378774,0.353099,0.367957,21.8951,1.3696,1.5792,0.072367,0.672987,-3.700097,190,0.227924,2151.9557,0.077646,0
572,24.4053,5621.18,5480.1404,11402.34,-6.5741533897,0.216705,0.40458,26.2499,1.2979,1.3146,0.065499,0.654356,-5.686544,162,0.246891,2029.9335,0.073984,0
573,24.448,5564.63,5599.5851,11285.16,-6.7519000237,0.245948,0.390191,24.089,1.3174,1.3329,0.068121,0.646402,-9.378039,184,0.24498,2073.9166,0.072885,0
574,24.4907,5591.87,5538.236,11378.91,-6.5446345845,0.184514,0.406044,27.438,1.2886,1.2593,0.065238,0.627997,-3.106463,180,0.261632,1918.3269,0.073495,0
575,24.5333,5650.55,5593.8905,11507.81,-6.8189349618,0.183685,0.389545,21.8267,1.3145,1.3136,0.06824,0.658088,-1.831803,182,0.239327,2108.4856,0.071542,0
576,24.576,5626.51,5545.9419,11601.56,-6.4516746149,0.220479,0.411456,26.4053,1.2903,1.1883,0.06428,0.648436,-2.391679,185,0.250001,2005.9738,0.069344,0
577,24.6187,5351.15,5400.3258,11179.69,-5.8229451796,0.264111,0.460046,44.8766,1.2627,1.0677,0.0562,0.532087,0.666276,165,0.248814,1959.7793,0.067757,0
578,24.6613,5548.54,5461.6514,11285.16,-5.9820092843,0.198342,0.429989,38.3704,1.2343,1.072,0.06109,0.564128,0.109407,184,0.239876,2030.7546,0.069955,0
579,24.704,5672.4,5553.0774,11425.78,-6.6656662836,0.168548,0.402071,25.4442,1.2891,1.2879,0.06595,0.659586,-7.093004,165,0.260935,2044.3071,0.072885,0
580,24.7467,5606.38,5564.3085,11355.47,-6.953801253,0.208593,0.376727,22.8228,1.3246,1.3731,0.070662,0.66431,-6.663872,160,0.239907,2001.1088,0.073862,0
581,24.7893,5488.63,5491.172,11250.0,-6.6926913493,0.323503,0.398695,25.6823,1.3241,1.3486,0.06656,0.632689,-4.043373,179,0.240722,2003.8071,0.075571,0
582,24.832,5718.39,5539.6973,11578.12,-6.73818211,0.238035,0.387709,22.2913,1.2826,1.3009,0.068582,0.650082,-4.291853,146,0.231346,1996.9051,0.082774,0
583,24.8747,5829.47,5616.1416,11625.0,-7.3480828995,0.140692,0.357287,16.1255,1.2984,1.4031,0.074497,0.687049,-4.322395,174,0.239517,2101.189,0.082408,0
584,24.9173,5626.9,5568.9222,11437.5,-7.0760541518,0.219803,0.370811,21.3448,1.3255,1.4174,0.071808,0.667904,-8.208272,155,0.234726,2006.8863,0.076914,0
585,24.96,5372.68,5414.5121,10898.44,-6.5701218095,0.145808,0.401009,29.1227,1.3347,1.4029,0.066141,0.62802,-5.948051,172,0.246546,1942.7241,0.076792,0
586,25.0027,5675.41,5580.5003,11566.41,-7.1683115472,0.227612,0.360898,19.18,1.3068,1.3708,0.073769,0.65899,-3.661546,169,0.25369,2085.8264,0.077768,0
587,25.0453,5874.31,5598.124,11882.81,-7.3440227486,0.197961,0.356233,16.0093,1.3044,1.4131,0.074711,0.696528,-4.71263,187,0.237389,2100.6405,0.0796,0
588,25.088,5694.2,5497.1265,11449.22,-6.5361951427,0.19334,0.40799,27.0738,1.2901,1.305,0.064892,0.653109,-6.792015,180,0.242261,1975.6819,0.075449,0
589,25.1307,5501.44,5474.6494,11179.69,-6.0704263551,0.242452,0.440896,37.6106,1.2744,1.2032,0.059277,0.573788,-6.635637,170,0.246117,2109.3252,0.071786,0
590,25.1733,5621.49,5514.2364,11472.66,-7.2199280213,0.284242,0.358689,19.3586,1.3347,1.4972,0.074214,0.664163,-3.670901,184,0.257556,2125.5854,0.076547,0
591,25.216,5627.04,5545.2254,11320.31,-6.8745020041,0.173526,0.382793,21.8552,1.3185,1.3899,0.069506,0.650285,-4.93638,165,0.246959,2074.4084,0.07789,0
592,25.2587,5681.9,5490.7629,11238.28,-6.8498747188,0.213018,0.382453,22.561,1.3294,1.494,0.06957,0.651943,-5.915669,157,0.23338,2037.1338,0.079355,0
593,25.3013,5949.65,5683.2987,11988.28,-6.7416909192,0.182361,0.394116,21.0813,1.2103,1.0444,0.067396,0.664935,-0.602955,190,0.245129,2000.8723,0.079844,0
594,25.344,5842.09,5676.1195,12046.88,-6.75997491,0.242231,0.388867,22.5155,1.24,1.1194,0.068366,0.662814,-7.730043,158,0.234015,2051.5522,0.071664,0
595,25.3867,5678.73,5572.8842,11378.91,-6.4595185011,0.174454,0.41087,29.5592,1.262,1.1755,0.064383,0.629092,-2.752647,201,0.249221,1911.6859,0.07728,0
596,25.4293,5662.95,5428.9435,11273.44,-6.5567621469,0.255383,0.405205,28.2117,1.2924,1.3613,0.065388,0.65291,-1.818823,172,0.233105,1926.7979,0.082652,0
597,25.472,5580.84,5470.5019,11085.94,-7.2142721185,0.220394,0.359901,20.5098,1.3531,1.5572,0.07397,0.680091,-3.691858,187,0.234983,2004.1081,0.084239,0
598,25.5147,5616.64,5548.5028,11261.72,-7.105218104,0.181154,0.360783,19.6257,1.3254,1.4951,0.073792,0.66421,-3.760683,186,0.241144,2081.0808,0.080698,0
599,25.5573,5664.91,5485.2596,11378.91,-6.6011022877,0.200801,0.402657,26.7953,1.2889,1.3389,0.065844,0.659518,-2.781352,194,0.248836,2020.4536,0.072274,0
600,25.6,5575.54,5477.4434,11296.88,-6.1998976644,0.15004,0.433037,37.2177,1.2832,1.2126,0.060579,0.607058,-0.739148,176,0.244784,2031.7653,0.075327,0
601,25.6427,5836.66,5626.8681,11671.88,-7.4392928524,0.280069,0.348551,15.326,1.335,1.5166,0.076289,0.690241,-5.197722,151,0.241079,2147.0742,0.081065,0
602,25.6853,5774.35,5586.5521,11308.59,-7.4890479349,0.198092,0.34069,17.05,1.3405,1.6184,0.07794,0.683376,-6.338474,198,0.236774,2174.7476,0.080576,0
603,25.728,5784.93,5535.0619,11601.56,-7.0806930894,0.246009,0.3666,19.6178,1.3168,1.4077,0.072635,0.677151,-2.371873,194,0.235674,2043.4074,0.080576,0
604,25.7707,5559.23,5422.4459,11261.72,-6.3671816556,0.280179,0.4129,30.7402,1.2924,1.2669,0.064026,0.629079,-4.188165,174,0.242281,2019.2571,0.072763,0
605,25.8133,5544.8,5379.053,11097.66,-5.9034186834,0.238815,0.45193,42.7304,1.2678,1.1805,0.057488,0.557874,0.377846,156,0.245287,2052.9783,0.066781,0
606,25.856,5588.62,5449.2505,11261.72,-6.2955026974,0.256629,0.413883,31.5547,1.2842,1.2462,0.063854,0.614409,-3.8139,192,0.250555,1999.6197,0.074106,0
607,25.8987,5757.65,5519.3879,11437.5,-7.0392609872,0.260927,0.375167,20.7586,1.2872,1.3956,0.070963,0.670592,-3.99198,162,0.265399,2081.9816,0.073373,0
608,25.9413,5522.59,5475.0356,11367.19,-6.0363983045,0.242789,0.443605,38.0641,1.2471,1.077,0.058834,0.579256,-1.120701,165,0.253034,2010.1402,0.070443,0
609,25.984,5479.38,5565.2905,11437.5,-6.482869722,0.254525,0.402831,28.2946,1.2645,1.1322,0.065813,0.602403,-4.225189,189,0.244772,2017.4724,0.070809,0
610,26.0267,5655.11,5524.7611,11390.62,-6.4459585633,0.203104,0.411045,27.6915,1.269,1.2019,0.064352,0.64463,-4.611474,187,0.248164,1954.0435,0.073007,0
611,26.0693,5726.92,5608.7703,11484.38,-6.7971531295,0.174178,0.387366,20.6544,1.2963,1.2985,0.068646,0.65533,-3.327317,189,0.249575,2060.5201,0.075327,0
612,26.112,5710.6,5613.3158,11472.66,-6.8137563226,0.248222,0.394277,23.16,1.292,1.2454,0.067366,0.647639,-3.764404,173,0.250826,2002.5518,0.07435,0
613,26.1547,5802.12,5627.4482,11636.72,-6.6566099714,0.245748,0.395198,23.0277,1.245,1.1446,0.067198,0.65417,-3.770518,177,0.235825,1985.5813,0.070199,0
614,26.1973,5580.53,5494.2494,11250.0,-6.4092931519,0.263945,0.41045,30.4649,1.2877,1.2506,0.064457,0.641627,-3.224923,178,0.242818,1966.304,0.072397,0
615,26.24,5377.67,5479.3868,11003.91,-6.5688608964,0.340017,0.402314,28.7994,1.3473,1.4121,0.065906,0.6278,-2.367886,186,0.241261,2094.9514,0.074594,0
616,26.2827,5647.16,5624.5895,11636.72,-6.8391209777,0.289551,0.386903,22.8044,1.31,1.3307,0.068733,0.653262,-7.660351,158,0.234538,2076.3596,0.068734,0
617,26.3253,5558.63,5460.6212,11285.16,-6.2557729815,0.230011,0.4284,34.1644,1.2788,1.2158,0.061358,0.629193,-0.584907,192,0.234181,2005.087,0.069222,0
618,26.368,5556.08,5398.9607,11132.81,-6.2266985097,0.22521,0.430688,35.2273,1.2583,1.1938,0.060973,0.616703,0.265053,196,0.241468,2136.4726,0.074594,0
619,26.4107,5504.24,5526.158,11250.0,-6.6271390845,0.173184,0.386055,23.2618,1.3068,1.3033,0.068892,0.636579,-4.914847,182,0.263183,2049.5341,0.079233,0
620,26.4533,5487.0,5484.6482,11167.97,-7.0758863043,0.20357,0.366257,21.1002,1.3618,1.5601,0.072702,0.653897,-4.438817,173,0.253521,2106.4259,0.077402,0
621,26.496,5704.29,5497.061,11367.19,-5.9217434044,0.21078,0.444289,36.912,1.2153,1.0167,0.058722,0.603775,-1.518629,196,0.248446,2095.4874,0.072519,0
622,26.5387,5606.48,5479.1127,11261.72,-7.0256372153,0.321083,0.371148,20.9237,1.3069,1.4144,0.071742,0.653275,-3.334333,188,0.249684,2026.8048,0.07142,0
623,26.5813,5712.04,5574.7727,11578.12,-6.5574896553,0.302233,0.402457,24.2098,1.2691,1.1905,0.06588,0.639193,-5.665782,166,0.237995,1943.2541,0.073129,0
624,26.624,5522.76,5399.3176,11085.94,-6.3747704234,0.192323,0.412429,30.6169,1.2851,1.3092,0.064109,0.621162,-6.551769,161,0.236153,2043.0901,0.077768,0
625,26.6667,5711.14,5580.0684,11437.5,-6.9709541115,0.154334,0.369501,19.4798,1.3031,1.377,0.072064,0.670664,-1.229484,162,0.240522,2045.6415,0.08021,0
626,26.7093,5750.97,5629.9075,11648.44,-7.2648414711,0.217462,0.358633,17.3883,1.3334,1.4615,0.074225,0.68351,-2.307029,179,0.244033,2116.0314,0.080454,0
627,26.752,5785.37,5522.9069,11496.09,-6.8443842284,0.217327,0.387397,21.696,1.289,1.3383,0.068641,0.686082,-3.265709,168,0.235886,1994.0264,0.077524,0
628,26.7947,5594.44,5567.0428,11402.34,-6.7956242303,0.127454,0.385006,21.7111,1.2919,1.243,0.069089,0.639533,-5.714712,164,0.26245,1954.6384,0.07728,0
629,26.8373,5808.12,5531.4295,11554.69,-7.2666485654,0.344569,0.353907,17.871,1.2871,1.3949,0.075185,0.685673,-7.257745,158,0.264799,2079.4489,0.079966,0
630,26.88,5615.76,5448.6326,11214.84,-5.9958543998,0.224723,0.441656,35.6986,1.2718,1.1808,0.059153,0.59464,-1.329938,166,0.258988,2013.2818,0.078745,0
631,26.9227,5696.32,5575.0733,11601.56,-6.8071424251,0.254787,0.391364,23.3905,1.3012,1.2672,0.067903,0.667468,-2.758989,160,0.234171,1996.4874,0.07496,0
632,26.9653,5649.21,5502.9737,11449.22,-6.0599329108,0.159057,0.438412,35.2897,1.2077,0.9491,0.059686,0.617661,-1.923531,160,0.232627,1968.2518,0.068978,0
633,27.008,5501.34,5477.6225,11203.12,-6.4323912564,0.257063,0.401808,28.5507,1.3023,1.3008,0.065997,0.631389,-0.64242,180,0.263089,1987.2706,0.071542,0
634,27.0507,5717.69,5508.6304,11332.03,-6.5719531903,0.200716,0.397418,24.5376,1.2588,1.2523,0.066792,0.652113,-3.559987,185,0.261278,2057.1464,0.07728,0
635,27.0933,5667.49,5525.3154,11437.5,-7.047172971,0.194072,0.372627,19.8929,1.3074,1.4093,0.071454,0.668286,-0.188767,176,0.247515,2016.8051,0.077158,0
636,27.136,5637.87,5577.5172,11437.5,-7.2208658228,0.255423,0.357838,19.5671,1.3361,1.4748,0.074386,0.670481,-3.647121,159,0.257709,2091.1459,0.078135,0
637,27.1787,5779.68,5522.2144,11531.25,-6.7794300784,0.283319,0.399495,25.2673,1.2595,1.2351,0.066415,0.658072,-5.994008,185,0.240825,2118.836,0.081309,0
638,27.2213,5787.31,5547.185,11835.94,-5.9098518147,0.284689,0.44648,36.3208,1.2098,0.9608,0.058366,0.624145,-1.863724,197,0.235169,2085.5865,0.078257,0
639,27.264,5383.82,5435.3111,11179.69,-6.0438271615,0.232287,0.439841,38.3821,1.3151,1.2342,0.059451,0.607614,-1.639036,164,0.24692,1966.6008,0.071054,0
640,27.3067,5765.27,5489.7257,11367.19,-6.6765122516,0.219991,0.405204,25.4224,1.29,1.3599,0.065388,0.6739,-6.643081,175,0.246646,1975.4871,0.079966,0
641,27.3493,5545.5,5474.1765,11097.66,-7.031276123,0.212975,0.370572,20.0564,1.348,1.5013,0.071855,0.670826,-4.98349,179,0.242811,2026.465,0.081553,0
642,27.392,5426.45,5495.5792,11156.25,-6.3432096237,0.239842,0.403638,29.7006,1.342,1.3513,0.065668,0.619128,-5.48112,181,0.256159,2048.6291,0.073007,0
643,27.4347,5204.66,5376.4886,10886.72,-5.9014579587,0.281616,0.444678,47.3153,1.323,1.2721,0.058659,0.499416,-7.934346,220,0.251765,1957.8277,0.067513,0
644,27.4773,5384.74,5449.5403,11144.53,-6.3761005632,0.205827,0.409387,33.3393,1.3017,1.2761,0.064644,0.598374,-6.056632,172,0.238077,2051.3524,0.064217,0
645,27.52,5464.47,5462.3302,11250.0,-6.2425583919,0.168298,0.420762,33.1437,1.2906,1.2014,0.062661,0.602421,-5.194288,180,0.268987,1986.1066,0.072397,0
646,27.5627,5771.08,5455.5768,11484.38,-6.4003180548,0.215491,0.417018,27.441,1.257,1.1959,0.063307,0.662119,-3.594632,169,0.253852,1995.0658,0.076914,0
647,27.6053,5483.32,5366.6401,10980.47,-6.24450131,0.269775,0.415584,33.3958,1.2795,1.2649,0.063557,0.604918,-4.40158,168,0.260808,1999.1494,0.069955,0
648,27.648,5430.54,5410.8869,10945.31,-6.5031407841,0.187091,0.405345,29.1113,1.3435,1.4041,0.065362,0.642312,-2.959959,169,0.246873,2131.9186,0.070077,0
649,27.6907,5822.59,5534.7908,11554.69,-6.9337997246,0.212188,0.376045,20.2648,1.301,1.3806,0.070793,0.69087,-8.316671,191,0.253827,2028.7076,0.083262,0
650,27.7333,5746.38,5495.3333,11402.34,-6.8100589902,0.193631,0.378201,24.1935,1.286,1.4244,0.07038,0.650851,-0.987188,186,0.237979,2167.8012,0.082408,0
651,27.776,5581.44,5519.7699,11367.19,-6.0332958527,0.200018,0.432023,35.033,1.2617,1.1273,0.060749,0.588551,-6.25275,172,0.247568,2091.1215,0.075327,0
652,27.8187,5653.52,5555.2583,11531.25,-6.9234349055,0.182412,0.379662,21.0404,1.2953,1.2902,0.070101,0.6619,-3.657962,169,0.259508,2009.5318,0.079477,0
653,27.8613,5764.7,5561.1473,11273.44,-6.8855201223,0.268508,0.380219,21.1809,1.2852,1.313,0.069994,0.663969,-0.956202,177,0.239954,2078.3298,0.08082,0
654,27.904,5693.05,5479.3564,11625.0,-6.3266461864,0.24321,0.425915,30.7024,1.2296,1.0657,0.06178,0.645273,-0.973915,172,0.234359,1829.7003,0.076425,0
655,27.9467,5565.04,5446.0266,11273.44,-6.0448185761,0.181813,0.439949,35.5738,1.245,1.0479,0.059433,0.611409,-3.032092,167,0.256143,2071.6423,0.079966,0
656,27.9893,5705.96,5516.4987,11402.34,-6.4707657563,0.243899,0.407965,29.1869,1.2875,1.2884,0.064896,0.643874,-1.823712,209,0.241441,1976.4572,0.081675,0
657,28.032,5652.93,5545.0627,11238.28,-7.1648960693,0.189452,0.360805,19.0896,1.3284,1.5096,0.073788,0.672854,-2.70215,172,0.238569,2081.2302,0.079111,0
658,28.0747,5681.01,5546.6275,11332.03,-7.3127600705,0.243323,0.35288,17.4329,1.3355,1.5197,0.075396,0.670748,-6.138979,191,0.241278,2070.8368,0.076914,0
659,28.1173,5553.11,5570.5897,11261.72,-7.129954732,0.206323,0.359124,18.572,1.3372,1.4775,0.074126,0.659446,-6.438631,182,0.232495,2060.08,0.073984,0
660,28.16,5694.3,5467.1812,11320.31,-6.6158010934,0.200544,0.403862,25.3501,1.3012,1.3586,0.065628,0.664513,-2.709943,185,0.25322,2009.6216,0.075571,0
661,28.2027,5823.37,5672.677,11742.19,-6.8781212788,0.284536,0.387614,21.5069,1.2538,1.2048,0.0686,0.676816,-6.641749,178,0.226597,2085.9556,0.084239,0
662,28.2453,5754.55,5617.5514,11613.28,-7.2179899511,0.158931,0.363236,20.0625,1.31,1.4369,0.073302,0.672855,-7.01786,178,0.234078,2097.0526,0.084361,0
663,28.288,5800.58,5532.7371,11378.91,-6.9307112465,0.164062,0.386083,22.4963,1.2857,1.3908,0.068887,0.674884,-4.610935,173,0.226604,2183.1986,0.082041,0
664,28.3307,5617.35,5478.2066,11308.59,-6.4400093519,0.232858,0.413344,28.5693,1.2535,1.1814,0.063948,0.641955,-6.815124,169,0.244536,1980.4076,0.079233,0
665,28.3733,5539.44,5481.258,11238.28,-6.3663168505,0.143568,0.41157,29.2171,1.2634,1.1921,0.064259,0.625077,-2.657067,174,0.2395,1982.7552,0.074106,0
666,28.416,5851.63,5628.2318,11906.25,-6.8361462791,0.310104,0.39157,22.3524,1.2407,1.1521,0.067865,0.668862,-5.650234,174,0.249495,2076.3661,0.077036,0
667,28.4587,5496.39,5549.2631,11355.47,-6.5560961562,0.203542,0.401212,27.6753,1.299,1.2413,0.066104,0.622262,-3.183898,180,0.246127,2029.8184,0.070565,0
668,28.5013,5542.36,5548.4867,11285.16,-6.5720472084,0.18289,0.396266,26.8167,1.2718,1.2189,0.067002,0.608124,-2.421401,199,0.249314,1954.7781,0.070809,0
669,28.544,5588.85,5463.8416,11097.66,-6.8872494427,0.142965,0.386966,23.9169,1.329,1.472,0.068721,0.668071,-5.186869,157,0.247971,1987.4488,0.07667,0
670,28.5867,5610.2,5496.2033,11390.62,-6.2941749862,0.184777,0.427146,34.4243,1.2425,1.0723,0.061571,0.630479,-1.644629,205,0.249507,2026.7446,0.073373,0
671,28.6293,5598.33,5462.8052,11390.62,-6.0878832466,0.235399,0.446313,35.4211,1.2485,1.056,0.058393,0.620917,-1.842418,168,0.239893,2039.1848,0.074838,0
672,28.672,5712.94,5554.746,11320.31,-7.2968707573,0.240468,0.361793,17.7567,1.3213,1.4543,0.07359,0.681701,-6.072646,171,0.247151,2039.587,0.081553,0
673,28.7147,5647.77,5532.0709,11261.72,-7.1640754024,0.227975,0.352609,19.181,1.3411,1.5536,0.075451,0.665683,-0.527406,185,0.249757,2175.6349,0.081553,0
674,28.7573,5537.84,5549.9949,11531.25,-6.2921110177,0.223789,0.422683,32.4397,1.2888,1.156,0.062331,0.608191,-1.21868,170,0.253928,1971.2444,0.077158,0
675,28.8,5731.66,5484.6101,11320.31,-6.3318705271,0.175043,0.42236,29.5433,1.2501,1.1374,0.062386,0.651357,-1.285988,179,0.250624,2043.1428,0.072519,0
676,28.8427,5527.21,5495.4344,11085.94,-6.7601755264,0.187349,0.384977,23.6156,1.3307,1.3886,0.069094,0.647954,-2.943143,183,0.237856,2019.9129,0.067147,0
677,28.8853,5459.47,5430.0437,11261.72,-6.094444001,0.207261,0.428363,37.3977,1.2671,1.1768,0.061365,0.558714,1.2832,174,0.259679,2031.5981,0.068124,0
678,28.928,5572.26,5401.3511,11156.25,-6.0813641821,0.265913,0.434299,37.0858,1.2768,1.1994,0.060369,0.599193,-1.155839,158,0.246304,2054.6295,0.072274,0
679,28.9707,5769.71,5609.2339,11484.38,-7.3309405609,0.211842,0.363176,17.2776,1.3356,1.5334,0.073314,0.679784,-5.507817,164,0.257218,1993.8973,0.077402,0
680,29.0133,5737.01,5565.2978,11519.53,-6.9556599,0.280122,0.386211,20.3902,1.2633,1.208,0.068863,0.678647,-4.991768,178,0.245566,2199.2228,0.076425,0
681,29.056,5541.14,5539.2453,11332.03,-6.456994735,0.215381,0.406362,27.05,1.2973,1.2676,0.065181,0.623097,-2.885559,190,0.244108,1957.3722,0.073617,0
682,29.0987,5635.73,5493.0413,11261.72,-7.2610162685,0.278084,0.359666,17.9278,1.3776,1.6453,0.074017,0.686813,-4.136584,180,0.256455,2081.7529,0.078867,0
683,29.1413,5748.68,5506.6994,11460.94,-6.6268823079,0.227252,0.39391,23.9859,1.2535,1.1959,0.067434,0.653251,-2.867359,177,0.249143,1885.6199,0.07789,0
684,29.184,5690.93,5569.9246,11519.53,-7.0882606588,0.147127,0.373955,20.314,1.2761,1.257,0.071197,0.667579,-7.041701,200,0.241253,2074.7699,0.076059,0
685,29.2267,5768.18,5582.9942,11507.81,-6.5742936218,0.207404,0.405816,25.5673,1.2447,1.1399,0.065278,0.645954,-6.451699,200,0.239052,2151.5808,0.077402,0
686,29.2693,5678.1,5551.4052,11625.0,-6.2263868829,0.254242,0.430438,30.8755,1.2272,0.9941,0.061015,0.626144,-6.950378,181,0.237545,1967.1211,0.073373,0
687,29.312,5631.2,5510.3283,11484.38,-6.0223917325,0.155337,0.442509,35.9706,1.2475,1.0762,0.059013,0.598494,-7.125468,168,0.237277,1907.133,0.068368,0
688,29.3547,5370.55,5369.7197,10898.44,-6.306878213,0.281374,0.418361,32.4586,1.3259,1.3537,0.063075,0.610648,-6.997202,193,0.248994,2020.9346,0.061775,0
689,29.3973,5238.82,5338.735,10851.56,-5.8314683285,0.195353,0.441953,47.1586,1.2693,1.1412,0.059104,0.491531,1.310037,163,0.254598,2122.2028,0.064095,0
690,29.44,5392.08,5407.658,10957.03,-5.8682468431,0.168715,0.458902,43.5073,1.2715,1.1001,0.05638,0.52951,-7.668245,185,0.248523,2022.0571,0.064827,0
691,29.4827,5691.48,5501.9975,11437.5,-6.2259581191,0.199484,0.433276,34.2492,1.2295,1.0781,0.060539,0.619147,0.011307,201,0.241905,2131.6715,0.071664,0
692,29.5253,5672.7,5475.8539,11390.62,-6.5780025534,0.235584,0.405525,25.6696,1.2856,1.2609,0.06533,0.675374,-3.707609,171,0.244829,2073.2202,0.087901,0
693,29.568,5631.28,5452.7557,11167.97,-6.0406869849,0.224513,0.436822,38.3918,1.2605,1.1544,0.059949,0.582199,1.261242,186,0.248487,1842.515,0.079844,0
694,29.6107,5715.47,5435.7454,11250.0,-6.268131355,0.315116,0.418107,31.4979,1.2621,1.2363,0.063119,0.628773,-0.681902,201,0.243742,2082.3133,0.077402,0
695,29.6533,5997.81,5592.5629,11613.28,-7.3379339593,0.176023,0.354407,16.4821,1.2699,1.3997,0.075083,0.70474,-2.521547,190,0.237254,2214.3843,0.085704,0
696,29.696,5549.01,5492.5804,11097.66,-7.2492761982,0.204405,0.365714,19.6426,1.372,1.6073,0.07281,0.673301,-9.054875,169,0.243625,1948.3523,0.076547,0
697,29.7387,5774.36,5571.766,11589.84,-6.2027081821,0.125761,0.434172,31.1468,1.2264,1.0314,0.06039,0.6434,-2.68259,159,0.248983,1865.2301,0.069466,0
698,29.7813,5672.89,5629.6946,11613.28,-6.0569909373,0.163443,0.430781,32.3023,1.2176,0.9422,0.060957,0.606244,0.093801,186,0.244173,2014.4294,0.070687,0
699,29.824,5616.21,5550.0426,11484.38,-7.0835437585,0.185019,0.366363,20.8095,1.3255,1.4042,0.072681,0.663708,-3.00625,165,0.248891,2077.6733,0.073373,0
700,29.8667,5655.83,5505.8719,11402.34,-6.5475482005,0.189394,0.403268,25.9291,1.2847,1.2729,0.065734,0.663349,-3.317175,185,0.242588,2016.8898,0.07728,0
701,29.9093,5690.33,5535.5343,11437.5,-6.9010022235,0.228667,0.381071,21.1953,1.2928,1.3124,0.069832,0.665169,-4.480186,193,0.239336,2057.0267,0.079844,0
702,29.952,5622.93,5543.9358,11507.81,-6.4806411202,0.247436,0.408993,29.5244,1.2697,1.1829,0.064714,0.63684,-3.80398,158,0.247301,1897.9843,0.07496,0
703,29.9947,5352.29,5451.592,11003.91,-6.1309712024,0.193124,0.42516,37.7571,1.2773,1.1854,0.061908,0.582159,-8.229086,166,0.265474,2019.0454,0.067025,0
704,30.0373,5474.76,5438.8479,10816.41,-6.4725670121,0.194784,0.407047,31.1785,1.3213,1.409,0.065059,0.613264,-4.910186,170,0.25123,2111.8444,0.072641,0
705,30.08,5760.74,5536.0609,11449.22,-6.6922781035,0.201788,0.39732,23.4854,1.2615,1.2522,0.06681,0.660857,-4.490913,171,0.250064,1955.7682,0.073739,0
706,30.1227,5508.79,5438.1588,11273.44,-6.4451568141,0.297106,0.412006,29.561,1.2797,1.2131,0.064183,0.629671,-6.675332,184,0.274634,2000.4453,0.065682,0
707,30.1653,5513.86,5479.9511,11167.97,-6.5655188098,0.24225,0.395283,26.1252,1.3357,1.4202,0.067182,0.61929,-3.585353,186,0.26803,2016.9062,0.072519,0
708,30.208,5886.17,5623.1478,11660.16,-6.9622053229,0.232566,0.371309,19.2748,1.2935,1.3434,0.071711,0.682639,-5.071318,190,0.240339,2001.8421,0.078745,0
709,30.2507,5482.6,5545.2116,11203.12,-7.3329210961,0.246679,0.356372,18.4779,1.3809,1.6317,0.074683,0.665986,-5.486096,171,0.244098,2062.703,0.08314,0
710,30.2933,5848.96,5631.9532,11660.16,-7.1988592485,0.235434,0.359351,17.818,1.2781,1.3417,0.07408,0.680844,-7.427079,175,0.236746,2094.5168,0.083628,0
711,30.336,5505.64,5430.4491,11109.38,-6.2501022781,0.266297,0.41663,32.2928,1.2829,1.2288,0.063375,0.623781,-0.586626,157,0.247898,2021.7463,0.076425,0
712,30.3787,5747.64,5522.6026,11542.97,-6.7571256983,0.195966,0.387809,23.2277,1.2711,1.3115,0.068564,0.674038,-3.666497,170,0.246882,2122.424,0.076181,0
713,30.4213,5624.24,5521.9791,11484.38,-6.064690129,0.20537,0.42982,34.6358,1.2255,1.0185,0.061119,0.614642,0.171414,169,0.243357,2156.893,0.072519,0
714,30.464,5321.67,5387.8327,10875.0,-6.6532194101,0.275035,0.391353,28.489,1.365,1.5413,0.067905,0.624567,-3.604553,181,0.260026,2018.045,0.062874,0
715,30.5067,5254.94,5391.5172,11167.97,-5.6474059725,0.172133,0.464525,50.9694,1.2553,1.0195,0.055498,0.493397,2.608898,198,0.263339,1982.4559,0.062386,0
716,30.5493,5531.3,5453.0921,11214.84,-6.2742553127,0.394652,0.417115,32.4285,1.2966,1.2522,0.063291,0.623798,-7.076624,163,0.263925,2050.5949,0.063484,0
717,30.592,5489.47,5434.7375,11296.88,-6.1241342416,0.192155,0.435995,37.5601,1.2239,1.0342,0.060086,0.554896,-5.420539,168,0.247894,1952.6946,0.067879,0
718,30.6347,5395.58,5426.4026,11179.69,-5.8434264799,0.149394,0.453855,45.5008,1.2338,1.017,0.05718,0.531456,0.372057,192,0.248807,2105.3362,0.070077,0
719,30.6773,5466.57,5464.7909,11167.97,-7.0476869427,0.331411,0.366024,19.6328,1.3539,1.531,0.072748,0.650143,-2.464797,168,0.267763,2039.6086,0.072397,0
720,30.72,5705.67,5501.5088,11449.22,-6.8671289152,0.185871,0.392658,23.3263,1.3099,1.404,0.067664,0.672451,-2.223466,208,0.253473,1953.6597,0.080454,0
721,30.7627,5601.3,5524.5437,11203.12,-7.2523607478,0.221586,0.356999,18.7577,1.3661,1.6099,0.074556,0.679923,-4.381156,168,0.23937,2032.9669,0.081431,0
722,30.8053,5674.44,5500.3363,11261.72,-7.1602528376,0.29693,0.366736,18.5941,1.3281,1.4892,0.072608,0.689071,-4.799483,170,0.241158,2084.3231,0.081797,0
723,30.848,5539.58,5589.4637,11332.03,-7.3278540951,0.173884,0.343145,16.7168,1.3924,1.6352,0.07742,0.676606,-6.1296,188,0.245948,2204.4435,0.079355,0
724,30.8907,5593.34,5516.9182,11320.31,-7.2271565048,0.234021,0.35846,17.6825,1.3729,1.6213,0.07426,0.680566,-6.0947,171,0.245397,2113.0143,0.075571,0
725,30.9333,5479.27,5455.6052,11085.94,-6.5108878372,0.347345,0.4021,27.7847,1.3361,1.4215,0.065944,0.636635,-2.533031,193,0.250412,2044.2904,0.074716,0
726,30.976,5566.36,5564.2365,11472.66,-6.5595499601,0.21856,0.402057,27.5124,1.3094,1.2609,0.065952,0.635233,-1.584786,166,0.240184,1987.76,0.07728,0
727,31.0187,5718.02,5592.4473,11613.28,-6.8537223373,0.167438,0.383335,21.5058,1.2755,1.2479,0.069404,0.665201,-2.316105,186,0.243825,2098.4398,0.07789,0
728,31.0613,5618.67,5579.7689,11425.78,-7.1193402181,0.16984,0.370919,19.699,1.3213,1.4297,0.071787,0.669263,-4.11291,181,0.233624,2060.2198,0.07728,0
729,31.104,5764.36,5643.3246,11625.0,-7.0789899898,0.181664,0.373336,20.8679,1.2679,1.2572,0.071317,0.673692,-6.81987,145,0.236166,2092.7094,0.083018,0
730,31.1467,5571.69,5492.0663,10992.19,-7.2783343814,0.154639,0.354216,18.6055,1.3564,1.62,0.075122,0.674967,-5.799979,189,0.236442,2089.7944,0.083995,0
731,31.1893,5599.35,5560.7838,11273.44,-6.9539369592,0.311221,0.373053,21.8074,1.3574,1.4692,0.071372,0.664957,-5.251147,170,0.250998,2020.8267,0.075571,0
732,31.232,5566.56,5480.5219,11484.38,-6.1096004414,0.285263,0.430469,32.9709,1.2871,1.2049,0.06101,0.59284,-7.016078,154,0.268275,1952.8049,0.073251,0
733,31.2747,5688.98,5521.946,11332.03,-6.3025462875,0.132102,0.424196,30.0944,1.2208,1.0479,0.062072,0.626648,-5.510763,190,0.248002,1929.141,0.071786,0
734,31.3173,5517.81,5452.7355,11191.41,-6.2448977359,0.16994,0.429919,35.7744,1.2942,1.269,0.061102,0.604515,-6.776801,158,0.240576,1975.8501,0.064949,0
735,31.36,5487.3,5565.6943,11308.59,-6.1857537231,0.437856,0.417572,32.8863,1.2927,1.1763,0.063211,0.591058,-6.39569,185,0.260192,2044.9889,0.067879,0
736,31.4027,5655.48,5511.6641,11261.72,-6.5854120776,0.173465,0.403551,27.6213,1.2755,1.2557,0.065684,0.658491,-2.879727,168,0.248126,2062.1707,0.078989,0
737,31.4453,5760.54,5574.7209,11449.22,-6.8015719067,0.278161,0.391246,22.1493,1.3102,1.3903,0.067925,0.670828,-2.997289,157,0.245718,2055.4814,0.084849,0
738,31.488,5667.51,5564.5895,11285.16,-7.1446951077,0.175807,0.36887,19.1277,1.3001,1.3762,0.072188,0.681528,-3.994067,190,0.23877,2069.6187,0.085093,0
739,31.5307,5616.63,5563.7573,11449.22,-6.1733513566,0.207847,0.417939,31.4291,1.2342,1.0692,0.063148,0.609773,-5.895783,172,0.267341,2007.7101,0.078135,0
740,31.5733,5795.88,5503.8018,11449.22,-6.549923265,0.291667,0.407702,27.0021,1.2159,1.1206,0.064943,0.648429,-1.179939,178,0.258715,2095.2517,0.077402,0
741,31.616,5599.06,5532.9327,11531.25,-6.0738149381,0.152654,0.433918,34.1494,1.2252,0.9754,0.060432,0.598047,-1.259223,174,0.257731,2011.1065,0.073739,0
742,31.6587,5619.64,5490.5887,11214.84,-6.1636309438,0.270942,0.427472,30.9695,1.2809,1.2081,0.061515,0.614175,-6.724162,197,0.252258,2068.864,0.070687,0
743,31.7013,5795.63,5554.7227,11542.97,-6.9789552221,0.220526,0.384148,20.1311,1.2458,1.2355,0.06925,0.675291,-1.513831,168,0.249703,1851.0626,0.061409,0
744,31.744,5653.76,5582.1544,11730.47,-7.7852412017,0.290896,0.331839,14.2182,1.3187,1.4423,0.079846,0.681147,-32.299882,1,0.358983,629.1393,0.023318,0
745,31.7867,0.0,0.0,0.0,0.0,0.0,0.0,0.0,0.0,0.0,0.0,0.0,0.0,0,0.0,0.0,0.0,1
746,31.8293,0.0,0.0,0.0,0.0,0.0,0.0,0.0,0.0,0.0,0.0,0.0,0.0,0,0.0,0.0,0.0,1
747,31.872,0.0,0.0,0.0,0.0,0.0,0.0,0.0,0.0,0.0,0.0,0.0,0.0,0,0.0,0.0,0.0,1
748,31.9147,0.0,0.0,0.0,0.0,0.0,0.0,0.0,0.0,0.0,0.0,0.0,0.0,0,0.0,0.0,0.0,1
749,31.9573,0.0,0.0,0.0,0.0,0.0,0.0,0.0,0.0,0.0,0.0,0.0,0.0,0,0.0,0.0,0.0,1
750,32.0,0.0,0.0,0.0,0.0,0.0,0.0,0.0,0.0,0.0,0.0,0.0,0.0,0,0.0,0.0,0.0,1
751,32.0427,0.0,0.0,0.0,0.0,0.0,0.0,0.0,0.0,0.0,0.0,0.0,0.0,0,0.0,0.0,0.0,1
752,32.0853,0.0,0.0,0.0,0.0,0.0,0.0,0.0,0.0,0.0,0.0,0.0,0.0,0,0.0,0.0,0.0,1
753,32.128,0.0,0.0,0.0,0.0,0.0,0.0,0.0,0.0,0.0,0.0,0.0,0.0,0,0.0,0.0,0.0,1
754,32.1707,0.0,0.0,0.0,0.0,0.0,0.0,0.0,0.0,0.0,0.0,0.0,0.0,0,0.0,0.0,0.0,1
755,32.2133,0.0,0.0,0.0,0.0,0.0,0.0,0.0,0.0,0.0,0.0,0.0,0.0,0,0.0,0.0,0.0,1
756,32.256,0.0,0.0,0.0,0.0,0.0,0.0,0.0,0.0,0.0,0.0,0.0,0.0,0,0.0,0.0,0.0,1
757,32.2987,0.0,0.0,0.0,0.0,0.0,0.0,0.0,0.0,0.0,0.0,0.0,0.0,0,0.0,0.0,0.0,1
758,32.3413,0.0,0.0,0.0,0.0,0.0,0.0,0.0,0.0,0.0,0.0,0.0,0.0,0,0.0,0.0,0.0,1
759,32.384,0.0,0.0,0.0,0.0,0.0,0.0,0.0,0.0,0.0,0.0,0.0,0.0,0,0.0,0.0,0.0,1
760,32.4267,0.0,0.0,0.0,0.0,0.0,0.0,0.0,0.0,0.0,0.0,0.0,0.0,0,0.0,0.0,0.0,1
761,32.4693,0.0,0.0,0.0,0.0,0.0,0.0,0.0,0.0,0.0,0.0,0.0,0.0,0,0.0,0.0,0.0,1
762,32.512,0.0,0.0,0.0,0.0,0.0,0.0,0.0,0.0,0.0,0.0,0.0,0.0,0,0.0,0.0,0.0,1
763,32.5547,0.0,0.0,0.0,0.0,0.0,0.0,0.0,0.0,0.0,0.0,0.0,0.0,0,0.0,0.0,0.0,1
764,32.5973,0.0,0.0,0.0,0.0,0.0,0.0,0.0,0.0,0.0,0.0,0.0,0.0,0,0.0,0.0,0.0,1
765,32.64,0.0,0.0,0.0,0.0,0.0,0.0,0.0,0.0,0.0,0.0,0.0,0.0,0,0.0,0.0,0.0,1
766,32.6827,0.0,0.0,0.0,0.0,0.0,0.0,0.0,0.0,0.0,0.0,0.0,0.0,0,0.0,0.0,0.0,1
767,32.7253,0.0,0.0,0.0,0.0,0.0,0.0,0.0,0.0,0.0,0.0,0.0,0.0,0,0.0,0.0,0.0,1
768,32.768,0.0,0.0,0.0,0.0,0.0,0.0,0.0,0.0,0.0,0.0,0.0,0.0,0,0.0,0.0,0.0,1
769,32.8107,0.0,0.0,0.0,0.0,0.0,0.0,0.0,0.0,0.0,0.0,0.0,0.0,0,0.0,0.0,0.0,1
770,32.8533,0.0,0.0,0.0,0.0,0.0,0.0,0.0,0.0,0.0,0.0,0.0,0.0,0,0.0,0.0,0.0,1
771,32.896,0.0,0.0,0.0,0.0,0.0,0.0,0.0,0.0,0.0,0.0,0.0,0.0,0,0.0,0.0,0.0,1
772,32.9387,0.0,0.0,0.0,0.0,0.0,0.0,0.0,0.0,0.0,0.0,0.0,0.0,0,0.0,0.0,0.0,1
773,32.9813,0.0,0.0,0.0,0.0,0.0,0.0,0.0,0.0,0.0,0.0,0.0,0.0,0,0.0,0.0,0.0,1
774,33.024,0.0,0.0,0.0,0.0,0.0,0.0,0.0,0.0,0.0,0.0,0.0,0.0,0,0.0,0.0,0.0,1
775,33.0667,0.0,0.0,0.0,0.0,0.0,0.0,0.0,0.0,0.0,0.0,0.0,0.0,0,0.0,0.0,0.0,1
776,33.1093,0.0,0.0,0.0,0.0,0.0,0.0,0.0,0.0,0.0,0.0,0.0,0.0,0,0.0,0.0,0.0,1
777,33.152,0.0,0.0,0.0,0.0,0.0,0.0,0.0,0.0,0.0,0.0,0.0,0.0,0,0.0,0.0,0.0,1
778,33.1947,0.0,0.0,0.0,0.0,0.0,0.0,0.0,0.0,0.0,0.0,0.0,0.0,0,0.0,0.0,0.0,1
779,33.2373,0.0,0.0,0.0,0.0,0.0,0.0,0.0,0.0,0.0,0.0,0.0,0.0,0,0.0,0.0,0.0,1
780,33.28,0.0,0.0,0.0,0.0,0.0,0.0,0.0,0.0,0.0,0.0,0.0,0.0,0,0.0,0.0,0.0,1
781,33.3227,0.0,0.0,0.0,0.0,0.0,0.0,0.0,0.0,0.0,0.0,0.0,0.0,0,0.0,0.0,0.0,1
782,33.3653,0.0,0.0,0.0,0.0,0.0,0.0,0.0,0.0,0.0,0.0,0.0,0.0,0,0.0,0.0,0.0,1
783,33.408,0.0,0.0,0.0,0.0,0.0,0.0,0.0,0.0,0.0,0.0,0.0,0.0,0,0.0,0.0,0.0,1
784,33.4507,0.0,0.0,0.0,0.0,0.0,0.0,0.0,0.0,0.0,0.0,0.0,0.0,0,0.0,0.0,0.0,1
785,33.4933,0.0,0.0,0.0,0.0,0.0,0.0,0.0,0.0,0.0,0.0,0.0,0.0,0,0.0,0.0,0.0,1
786,33.536,0.0,0.0,0.0,0.0,0.0,0.0,0.0,0.0,0.0,0.0,0.0,0.0,0,0.0,0.0,0.0,1
787,33.5787,0.0,0.0,0.0,0.0,0.0,0.0,0.0,0.0,0.0,0.0,0.0,0.0,0,0.0,0.0,0.0,1
788,33.6213,0.0,0.0,0.0,0.0,0.0,0.0,0.0,0.0,0.0,0.0,0.0,0.0,0,0.0,0.0,0.0,1
789,33.664,0.0,0.0,0.0,0.0,0.0,0.0,0.0,0.0,0.0,0.0,0.0,0.0,0,0.0,0.0,0.0,1
790,33.7067,0.0,0.0,0.0,0.0,0.0,0.0,0.0,0.0,0.0,0.0,0.0,0.0,0,0.0,0.0,0.0,1
791,33.7493,0.0,0.0,0.0,0.0,0.0,0.0,0.0,0.0,0.0,0.0,0.0,0.0,0,0.0,0.0,0.0,1
792,33.792,0.0,0.0,0.0,0.0,0.0,0.0,0.0,0.0,0.0,0.0,0.0,0.0,0,0.0,0.0,0.0,1
793,33.8347,0.0,0.0,0.0,0.0,0.0,0.0,0.0,0.0,0.0,0.0,0.0,0.0,0,0.0,0.0,0.0,1
794,33.8773,0.0,0.0,0.0,0.0,0.0,0.0,0.0,0.0,0.0,0.0,0.0,0.0,0,0.0,0.0,0.0,1
795,33.92,0.0,0.0,0.0,0.0,0.0,0.0,0.0,0.0,0.0,0.0,0.0,0.0,0,0.0,0.0,0.0,1
796,33.9627,0.0,0.0,0.0,0.0,0.0,0.0,0.0,0.0,0.0,0.0,0.0,0.0,0,0.0,0.0,0.0,1
797,34.0053,0.0,0.0,0.0,0.0,0.0,0.0,0.0,0.0,0.0,0.0,0.0,0.0,0,0.0,0.0,0.0,1
798,34.048,0.0,0.0,0.0,0.0,0.0,0.0,0.0,0.0,0.0,0.0,0.0,0.0,0,0.0,0.0,0.0,1
799,34.0907,0.0,0.0,0.0,0.0,0.0,0.0,0.0,0.0,0.0,0.0,0.0,0.0,0,0.0,0.0,0.0,1
800,34.1333,0.0,0.0,0.0,0.0,0.0,0.0,0.0,0.0,0.0,0.0,0.0,0.0,0,0.0,0.0,0.0,1
801,34.176,0.0,0.0,0.0,0.0,0.0,0.0,0.0,0.0,0.0,0.0,0.0,0.0,0,0.0,0.0,0.0,1
802,34.2187,0.0,0.0,0.0,0.0,0.0,0.0,0.0,0.0,0.0,0.0,0.0,0.0,0,0.0,0.0,0.0,1
803,34.2613,0.0,0.0,0.0,0.0,0.0,0.0,0.0,0.0,0.0,0.0,0.0,0.0,0,0.0,0.0,0.0,1
804,34.304,0.0,0.0,0.0,0.0,0.0,0.0,0.0,0.0,0.0,0.0,0.0,0.0,0,0.0,0.0,0.0,1
805,34.3467,0.0,0.0,0.0,0.0,0.0,0.0,0.0,0.0,0.0,0.0,0.0,0.0,0,0.0,0.0,0.0,1
806,34.3893,0.0,0.0,0.0,0.0,0.0,0.0,0.0,0.0,0.0,0.0,0.0,0.0,0,0.0,0.0,0.0,1
807,34.432,0.0,0.0,0.0,0.0,0.0,0.0,0.0,0.0,0.0,0.0,0.0,0.0,0,0.0,0.0,0.0,1
808,34.4747,0.0,0.0,0.0,0.0,0.0,0.0,0.0,0.0,0.0,0.0,0.0,0.0,0,0.0,0.0,0.0,1
809,34.5173,0.0,0.0,0.0,0.0,0.0,0.0,0.0,0.0,0.0,0.0,0.0,0.0,0,0.0,0.0,0.0,1
810,34.56,0.0,0.0,0.0,0.0,0.0,0.0,0.0,0.0,0.0,0.0,0.0,0.0,0,0.0,0.0,0.0,1
811,34.6027,0.0,0.0,0.0,0.0,0.0,0.0,0.0,0.0,0.0,0.0,0.0,0.0,0,0.0,0.0,0.0,1
812,34.6453,0.0,0.0,0.0,0.0,0.0,0.0,0.0,0.0,0.0,0.0,0.0,0.0,0,0.0,0.0,0.0,1
813,34.688,0.0,0.0,0.0,0.0,0.0,0.0,0.0,0.0,0.0,0.0,0.0,0.0,0,0.0,0.0,0.0,1
814,34.7307,0.0,0.0,0.0,0.0,0.0,0.0,0.0,0.0,0.0,0.0,0.0,0.0,0,0.0,0.0,0.0,1
815,34.7733,0.0,0.0,0.0,0.0,0.0,0.0,0.0,0.0,0.0,0.0,0.0,0.0,0,0.0,0.0,0.0,1
816,34.816,0.0,0.0,0.0,0.0,0.0,0.0,0.0,0.0,0.0,0.0,0.0,0.0,0,0.0,0.0,0.0,1
817,34.8587,0.0,0.0,0.0,0.0,0.0,0.0,0.0,0.0,0.0,0.0,0.0,0.0,0,0.0,0.0,0.0,1
818,34.9013,0.0,0.0,0.0,0.0,0.0,0.0,0.0,0.0,0.0,0.0,0.0,0.0,0,0.0,0.0,0.0,1
819,34.944,0.0,0.0,0.0,0.0,0.0,0.0,0.0,0.0,0.0,0.0,0.0,0.0,0,0.0,0.0,0.0,1
820,34.9867,0.0,0.0,0.0,0.0,0.0,0.0,0.0,0.0,0.0,0.0,0.0,0.0,0,0.0,0.0,0.0,1
821,35.0293,0.0,0.0,0.0,0.0,0.0,0.0,0.0,0.0,0.0,0.0,0.0,0.0,0,0.0,0.0,0.0,1
822,35.072,0.0,0.0,0.0,0.0,0.0,0.0,0.0,0.0,0.0,0.0,0.0,0.0,0,0.0,0.0,0.0,1
823,35.1147,0.0,0.0,0.0,0.0,0.0,0.0,0.0,0.0,0.0,0.0,0.0,0.0,0,0.0,0.0,0.0,1
