frame,time,centroid,spread,rolloff,slope,obsir_std,flatness,crest,skewness,kurtosis,tonality,entropy,tpr,n_peaks,flux,irregularity,zcr,gated
0,0.0,5012.51,4982.8356,9972.66,-6.8743341437,0.35629,0.379297,24.6415,1.3963,1.6857,0.07017,0.637346,-2.945855,184,0.0,1865.8794,0.065438,0
1,0.0427,4929.63,4922.5207,9972.66,-6.1013983735,0.421009,0.432538,39.3216,1.345,1.4261,0.060663,0.566932,-0.778736,188,0.172503,1928.1793,0.055793,0
2,0.0853,5213.22,5039.9191,10546.88,-6.6525347924,0.334503,0.396511,27.073,1.3499,1.5212,0.066958,0.624569,-5.215638,191,0.165381,1929.8883,0.062508,0
3,0.128,4939.44,4907.5326,10125.0,-5.8105011737,0.347781,0.446327,45.0015,1.298,1.3014,0.058391,0.496223,-8.958773,180,0.164011,1966.372,0.06324,0
4,0.1707,5156.32,5009.2184,10511.72,-6.0776959284,0.31821,0.438894,36.3881,1.2727,1.1976,0.059607,0.574759,1.442114,169,0.16566,1940.8573,0.066048,0
5,0.2133,5061.99,4990.5298,10289.06,-6.3541242538,0.31053,0.415158,33.1196,1.3217,1.3699,0.063631,0.606418,-2.404028,180,0.165339,1911.7639,0.070077,0
6,0.256,4987.26,4987.5724,10113.28,-6.3845697305,0.408876,0.413088,31.6609,1.3579,1.4489,0.063993,0.621702,-3.803836,167,0.160285,1898.015,0.072641,0
7,0.2987,5090.74,4958.3475,10066.41,-6.5237745024,0.399918,0.403338,29.8127,1.3716,1.5789,0.065722,0.61825,-0.620553,178,0.155726,1892.2257,0.071664,0
8,0.3413,4905.45,4952.0656,10207.03,-6.2758518988,0.424819,0.415646,34.1119,1.3612,1.4126,0.063546,0.604472,-0.249507,180,0.170894,1889.3478,0.063973,0
9,0.384,4922.88,4913.5922,9949.22,-6.3557630122,0.426759,0.411419,32.8076,1.3651,1.5602,0.064286,0.573665,-5.43164,176,0.164545,1911.4755,0.05738,0
10,0.4267,4922.03,4892.5228,9890.62,-6.1549310921,0.375114,0.427807,40.4052,1.3492,1.4853,0.061459,0.572476,0.360044,189,0.167234,1927.7893,0.056648,0
11,0.4693,4873.22,4925.1472,10101.56,-6.0349056314,0.291037,0.428479,38.8837,1.3308,1.3225,0.061345,0.565233,-1.764473,192,0.164515,1967.8641,0.063484,0
12,0.512,5095.7,4950.2109,10160.16,-6.7441126925,0.357219,0.380118,25.0171,1.3603,1.5864,0.070014,0.638018,-6.611126,182,0.174423,1821.1805,0.0691,0
13,0.5547,5078.48,4974.5055,10218.75,-6.6275293239,0.322595,0.400277,29.1875,1.3471,1.4964,0.066273,0.625893,-1.1403,181,0.170752,1837.0955,0.068734,0
14,0.5973,4857.98,4917.8686,10101.56,-6.0431299438,0.240178,0.438534,38.8653,1.3332,1.3492,0.059666,0.540412,-4.302786,169,0.167603,1779.4906,0.055793,0
15,0.64,5036.39,4927.3718,10160.16,-6.4211690437,0.443487,0.396016,30.4004,1.3564,1.5433,0.067048,0.587216,-6.956407,199,0.17558,2008.3061,0.059822,0
16,0.6827,5099.8,4888.3816,10019.53,-6.6329624089,0.330506,0.395452,28.3959,1.3599,1.5844,0.067151,0.64075,-3.989392,184,0.169615,1896.575,0.065071,0
17,0.7253,4690.38,4782.1991,9691.41,-5.9662471646,0.331484,0.441823,48.9233,1.3853,1.5708,0.059125,0.496111,1.67996,167,0.168201,1864.3535,0.059455,0
18,0.768,5240.11,5086.9287,10628.91,-6.6668468214,0.379227,0.402307,25.3022,1.3147,1.3474,0.065907,0.655652,-1.453527,190,0.167175,1802.3721,0.067025,0
19,0.8107,5003.11,4940.1527,10171.88,-6.0288941543,0.32862,0.436535,41.3914,1.326,1.37,0.059997,0.562923,0.44374,185,0.161265,1852.4443,0.063728,0
20,0.8533,4824.78,4928.8599,9937.5,-6.3676173362,0.314762,0.418783,35.991,1.3723,1.5275,0.063002,0.56472,-11.363904,172,0.156392,1748.6435,0.059944,0
21,0.896,4954.62,4952.953,10007.81,-6.7365047906,0.415882,0.391732,27.7547,1.4131,1.6975,0.067835,0.603747,-2.07738,197,0.168119,1846.1809,0.062019,0
22,0.9387,4956.78,4936.0895,9925.78,-6.4411917016,0.2655,0.414346,32.1501,1.3459,1.4959,0.063773,0.602962,-4.294445,187,0.162243,1768.5282,0.061043,0
23,0.9813,5188.97,5000.8701,10394.53,-7.0445387324,0.271666,0.377816,22.1409,1.3659,1.5731,0.070453,0.679014,-1.888894,167,0.172222,1742.3738,0.069466,0
24,1.024,5154.24,4963.1817,10382.81,-6.3408984208,0.329281,0.423446,32.3956,1.3045,1.3563,0.0622,0.614768,-0.124303,187,0.166031,1830.0359,0.070321,0
25,1.0667,5011.46,4842.8913,10078.12,-6.2199559863,0.403139,0.43222,39.4152,1.3366,1.4849,0.060716,0.588582,-0.254246,181,0.154788,1889.1598,0.066659,0
26,1.1093,5111.88,4858.8916,10089.84,-6.740909183,0.405201,0.384579,24.4363,1.3575,1.6309,0.069169,0.652352,-4.687502,203,0.171992,1877.5147,0.069466,0
27,1.152,5077.37,4929.4342,10113.28,-6.3448082122,0.396654,0.411831,31.3815,1.3211,1.3953,0.064214,0.606886,-1.353568,181,0.171559,1793.0631,0.067391,0
28,1.1947,4957.36,4933.2485,10101.56,-6.2397272859,0.296069,0.430215,36.4502,1.3329,1.4027,0.061052,0.591128,-1.495501,187,0.166738,1820.8515,0.059944,0
29,1.2373,4965.85,4960.9831,10136.72,-6.1693257097,0.277565,0.433074,36.9952,1.3202,1.3305,0.060573,0.559251,-7.42308,191,0.162578,1817.1159,0.059822,0
30,1.28,4880.33,4905.9263,9996.09,-6.108295509,0.263475,0.429121,37.2314,1.3489,1.4141,0.061237,0.573151,-1.123979,188,0.154089,1788.3978,0.054328,0
31,1.3227,4705.59,4701.5076,9714.84,-5.6130945838,0.322836,0.462237,57.1811,1.3514,1.4343,0.055856,0.468194,2.66318,163,0.169011,1920.9004,0.046392,0
32,1.3653,4986.02,4889.989,9937.5,-6.1735788033,0.366205,0.429175,38.7142,1.3746,1.5649,0.061228,0.58179,0.619522,193,0.174843,1982.2446,0.058601,0
33,1.408,4841.65,5040.2018,10089.84,-6.5300632643,0.310394,0.398981,31.7347,1.3798,1.4783,0.066508,0.583097,-6.720141,190,0.171769,1841.0899,0.064095,0
34,1.4507,5188.86,4948.7095,10207.03,-6.4592976391,0.361276,0.412447,28.8801,1.3296,1.4857,0.064105,0.644434,-2.284164,175,0.167983,1896.1213,0.067269,0
35,1.4933,5032.12,4908.2597,10183.59,-6.1049754146,0.446466,0.430926,36.6665,1.294,1.2928,0.060933,0.552681,-1.292616,194,0.165984,1819.3384,0.061897,0
36,1.536,4880.92,4904.4485,10078.12,-5.6932994611,0.347468,0.452073,53.1081,1.3198,1.3164,0.057465,0.495631,0.942784,181,0.169104,1897.685,0.054206,0
37,1.5787,4940.46,4919.3262,10113.28,-6.3592257693,0.326467,0.415972,35.1943,1.3262,1.3513,0.063489,0.5917,-1.520241,170,0.167947,1881.4891,0.062752,0
38,1.6213,4883.21,4907.2526,9878.91,-6.6376101439,0.363642,0.391318,29.2864,1.4443,1.8496,0.067912,0.601795,-3.470227,189,0.160434,1917.0732,0.064095,0
39,1.664,5092.93,4984.7397,10277.34,-5.9384158759,0.300747,0.447259,43.6304,1.28,1.2375,0.05824,0.553104,0.536324,211,0.169791,1841.9004,0.06031,0
40,1.7067,5029.09,4936.658,10183.59,-6.0457150198,0.414315,0.436648,39.337,1.3127,1.3374,0.059978,0.573644,-0.552842,173,0.162505,1898.6554,0.063606,0
41,1.7493,4799.5,4829.712,9984.38,-5.9706901202,0.378826,0.442186,43.5126,1.3418,1.4296,0.059066,0.538653,0.193398,177,0.160262,1895.2095,0.059578,0
42,1.792,4775.66,4858.3019,9984.38,-5.6726900737,0.312634,0.468854,53.6538,1.3385,1.3483,0.054827,0.479009,0.723491,203,0.164888,2016.9351,0.047003,0
43,1.8347,4942.32,4919.7462,10089.84,-6.1180393417,0.362363,0.429001,39.739,1.3521,1.4692,0.061257,0.552661,0.867535,155,0.168177,1864.8561,0.055671,0
44,1.8773,5059.18,5037.3622,10394.53,-6.6219292843,0.386158,0.400529,27.0882,1.356,1.4699,0.066228,0.629052,-7.469416,190,0.154367,1930.8291,0.061409,0
45,1.92,4728.58,4811.6182,9808.59,-5.8240494749,0.394023,0.448307,51.323,1.3627,1.4481,0.058071,0.507729,1.24687,179,0.174886,1966.2798,0.051276,0
46,1.9627,4785.41,4816.7594,9820.31,-6.2950267071,0.463696,0.407019,36.1852,1.4236,1.7472,0.065064,0.570981,-4.00757,205,0.166717,1958.023,0.058967,0
47,2.0053,5142.79,4996.1968,10417.97,-6.9548717917,0.347992,0.374597,21.2856,1.3815,1.618,0.071073,0.661477,-3.737964,181,0.177109,1805.8625,0.072519,0
48,2.048,5068.32,4994.9464,10300.78,-6.2623527383,0.435385,0.424453,36.5475,1.3734,1.5016,0.062028,0.602628,-4.885689,174,0.163888,1789.432,0.068612,0
49,2.0907,4773.51,4831.2365,9808.59,-6.2553097941,0.40357,0.412532,34.6515,1.4327,1.7135,0.06409,0.589648,-9.148814,201,0.166226,1789.7683,0.060188,0
50,2.1333,5180.75,5062.8286,10523.44,-6.7415683235,0.348433,0.391258,24.5471,1.3062,1.3446,0.067923,0.654114,-3.805418,189,0.173656,1875.697,0.062874,0
51,2.176,5187.24,5067.7076,10558.59,-6.5894704406,0.345856,0.394424,26.541,1.3392,1.4016,0.067339,0.64073,-3.88758,191,0.164829,1786.7413,0.0691,0
52,2.2187,5142.2,4921.8018,10335.94,-6.3207140051,0.336288,0.414101,32.2587,1.3334,1.4559,0.063816,0.604249,-4.28517,195,0.164183,1858.8314,0.071664,0
53,2.2613,5081.54,4955.1204,10230.47,-6.7529588651,0.398722,0.377872,24.7868,1.3902,1.6659,0.070443,0.644489,-4.742777,170,0.166197,1801.6271,0.069466,0
54,2.304,4855.15,4836.4991,9714.84,-6.9836928119,0.486764,0.367341,24.7135,1.4653,2.0225,0.072489,0.633304,-3.012024,182,0.171057,1840.0057,0.063118,0
55,2.3467,4870.16,4935.952,10066.41,-6.702683031,0.464232,0.386845,26.8062,1.392,1.6043,0.068744,0.610507,-6.313349,165,0.174923,1801.385,0.060921,0
56,2.3893,4886.01,4906.3812,9820.31,-6.2013763604,0.422173,0.416653,37.1121,1.3907,1.553,0.063371,0.591828,-1.639319,164,0.170815,1750.4082,0.062019,0
57,2.432,5068.02,4896.1603,10289.06,-6.0246368593,0.359424,0.439428,40.1513,1.2798,1.2094,0.059519,0.578608,1.121422,179,0.166254,1845.533,0.066048,0
58,2.4747,5119.47,5038.2439,10371.09,-7.8964758051,0.346464,0.322168,14.6238,1.4339,1.9062,0.081986,0.685567,-4.841665,182,0.163959,1911.6932,0.066781,0
59,2.5173,5158.9,4931.2065,10324.22,-6.294904605,0.392962,0.414138,34.2237,1.2687,1.2879,0.063809,0.599163,-6.871052,181,0.167046,1905.999,0.065071,0
60,2.56,5029.26,4901.5072,10148.44,-6.0244234968,0.481242,0.433716,40.4823,1.3239,1.3864,0.060466,0.565676,0.818507,211,0.163608,1947.9693,0.06556,0
61,2.6027,5132.87,4990.9389,10335.94,-6.6374749363,0.417289,0.396093,28.7889,1.3508,1.4742,0.067034,0.642899,-1.860339,193,0.17764,1863.7503,0.063728,0
62,2.6453,5101.59,4959.1193,10359.38,-6.4061444982,0.372834,0.418066,32.1023,1.3452,1.4581,0.063126,0.631576,-1.531958,167,0.172592,1803.7575,0.062996,0
63,2.688,4985.89,4909.7537,10054.69,-6.5443845449,0.337996,0.412553,32.8145,1.343,1.4512,0.064087,0.614537,-5.596009,185,0.160681,1791.2194,0.065071,0
64,2.7307,4987.62,4928.2037,10101.56,-6.2299341646,0.238213,0.433922,39.9739,1.309,1.3155,0.060431,0.590163,-1.448889,170,0.155711,1902.3715,0.062141,0
65,2.7733,5159.43,5012.3368,10371.09,-6.6123046251,0.302252,0.399515,28.6353,1.3583,1.5264,0.066411,0.620345,-1.683648,190,0.165769,1778.1423,0.068734,0
66,2.816,5275.22,5025.0927,10406.25,-7.057923952,0.352971,0.36951,19.5802,1.3503,1.5613,0.072062,0.672213,-5.127887,193,0.16268,1946.3908,0.076547,0
67,2.8587,5207.09,4954.1899,10371.09,-6.7981517007,0.43415,0.38861,24.4349,1.3462,1.5603,0.068414,0.643007,-0.860051,169,0.162165,1837.8218,0.072152,0
68,2.9013,5193.74,4994.7272,10417.97,-6.9298587048,0.456923,0.374762,22.8528,1.379,1.6143,0.071041,0.648429,-2.983099,183,0.16272,1818.017,0.071054,0
69,2.944,5178.32,5021.3913,10335.94,-6.5547711859,0.438968,0.397455,28.7775,1.3513,1.5174,0.066785,0.618102,-5.514962,179,0.162231,1896.869,0.069466,0
70,2.9867,4999.32,4875.803,10171.88,-5.9931545954,0.357643,0.436186,42.1856,1.3086,1.3195,0.060055,0.564603,-4.442797,175,0.171167,1885.736,0.062019,0
71,3.0293,5085.28,4993.4182,10300.78,-6.6152763299,0.383165,0.402684,28.2669,1.3583,1.4796,0.065839,0.636328,-2.669899,173,0.167007,1885.1551,0.062996,0
72,3.072,5024.83,4952.4695,10171.88,-6.8509349187,0.409802,0.375446,23.281,1.3722,1.5928,0.070909,0.637735,-2.311547,192,0.173209,1718.0955,0.069222,0
73,3.1147,5215.84,5102.4249,10488.28,-7.360567383,0.305822,0.349492,17.4517,1.4041,1.7274,0.076094,0.673175,-3.685856,169,0.174724,1954.3269,0.067147,0
74,3.1573,5033.41,4954.9502,10253.91,-6.1042170945,0.295,0.436809,39.2461,1.3176,1.363,0.059951,0.57863,0.747635,186,0.170623,1938.7008,0.064705,0
75,3.2,5093.93,4915.5163,10359.38,-6.042271646,0.419944,0.430885,38.2773,1.3029,1.3405,0.06094,0.569718,1.282181,193,0.160406,1902.9393,0.063118,0
76,3.2427,4714.9,4779.0897,9750.0,-6.2893081912,0.374444,0.420188,40.0597,1.3889,1.6005,0.062759,0.558975,0.188927,176,0.163898,1947.2373,0.05738,0
77,3.2853,4898.46,4954.5957,10019.53,-6.3169935311,0.346934,0.422201,35.3605,1.3585,1.4824,0.062413,0.558526,-1.925061,182,0.161268,1731.6861,0.063484,0
78,3.328,5075.75,5047.506,10417.97,-7.1722197133,0.335432,0.371735,21.3642,1.3958,1.6338,0.071628,0.663559,-9.007886,165,0.171468,1891.6316,0.072885,0
79,3.3707,4922.03,4868.5954,9996.09,-6.3550874848,0.374593,0.414878,34.5321,1.3841,1.5761,0.06368,0.614091,-0.798374,200,0.166987,1845.0648,0.072397,0
80,3.4133,5085.52,4982.1588,10265.62,-7.1253162701,0.307544,0.368559,20.6942,1.3932,1.685,0.072249,0.664816,-4.918149,200,0.174461,1875.7447,0.073251,0
81,3.456,4862.29,4920.6405,10042.97,-5.9367682251,0.324574,0.448021,45.0827,1.3342,1.3321,0.058117,0.53684,0.844315,198,0.168365,2008.8774,0.062019,0
82,3.4987,4864.59,4907.3919,10019.53,-5.9406610312,0.371265,0.443777,44.7069,1.3308,1.3556,0.058806,0.552876,0.245278,178,0.154892,1899.4014,0.054938,0
83,3.5413,5057.33,5014.3388,10242.19,-6.747145798,0.382408,0.391432,27.3223,1.3815,1.5989,0.067891,0.646734,-6.194852,168,0.164015,1828.189,0.061043,0
84,3.584,5058.78,4948.699,10136.72,-6.6218893132,0.34755,0.397164,29.5427,1.361,1.5613,0.066838,0.625844,-1.542627,187,0.154508,1895.7828,0.065926,0
85,3.6267,5080.42,4979.9815,10183.59,-6.5069748186,0.4027,0.399765,28.1736,1.3906,1.6058,0.066366,0.622537,-6.459761,192,0.17018,1796.3054,0.069833,0
86,3.6693,4951.09,4999.2942,10171.88,-6.7617649601,0.352196,0.379238,23.569,1.4275,1.7058,0.070181,0.627628,-4.866897,177,0.159971,1832.9547,0.068978,0
87,3.712,5034.89,5027.5261,10265.62,-7.22425111,0.321688,0.348984,19.8368,1.4275,1.805,0.076199,0.639926,-2.39937,178,0.174307,1879.9373,0.067757,0
88,3.7547,5087.75,4912.769,10125.0,-5.9817099325,0.275188,0.44426,41.9606,1.2937,1.3078,0.058727,0.535281,1.388411,153,0.164574,1930.6467,0.06617,0
89,3.7973,5157.01,4986.8877,10265.62,-6.6596214455,0.302414,0.397924,27.7598,1.3489,1.5343,0.0667,0.627877,-3.739193,181,0.166514,1898.9749,0.06324,0
90,3.84,5147.95,5016.3068,10500.0,-7.1935581677,0.272743,0.366108,20.0142,1.3337,1.5212,0.072732,0.656715,-3.995694,181,0.162428,1829.8979,0.067513,0
91,3.8827,5211.93,4989.2992,10406.25,-7.2654166888,0.332725,0.353636,17.9841,1.3609,1.69,0.07524,0.681128,-5.491045,189,0.162184,1858.2842,0.071908,0
92,3.9253,5230.48,5014.655,10453.12,-6.9305319057,0.2881,0.376374,21.2619,1.3652,1.5943,0.07073,0.666101,-1.231794,200,0.156485,1787.8927,0.066781,0
93,3.968,5222.58,5010.7176,10605.47,-6.3577644777,0.40353,0.415138,28.8688,1.2876,1.2652,0.063635,0.593181,-1.844594,182,0.160231,1928.9448,0.06617,0
94,4.0107,5045.28,5047.889,10359.38,-6.8701083209,0.402726,0.375932,22.4473,1.3894,1.5607,0.070815,0.645713,-5.728515,176,0.180149,1817.3629,0.072519,0
95,4.0533,5080.88,5033.1749,10230.47,-6.6150358438,0.40898,0.390036,25.8005,1.3501,1.4625,0.068149,0.632814,-4.023021,189,0.167063,1872.8628,0.070321,0
96,4.096,5011.86,4990.9227,10101.56,-6.4773729302,0.342799,0.408607,30.447,1.4052,1.5922,0.064782,0.613063,-4.476091,191,0.165215,1857.958,0.065438,0
97,4.1387,5168.19,5043.1118,10265.62,-7.3155392915,0.42081,0.346878,17.5419,1.4294,1.7933,0.076637,0.677065,-4.185685,192,0.172157,1942.4603,0.070199,0
98,4.1813,5193.61,4998.6345,10429.69,-6.676152913,0.277052,0.401129,26.2365,1.3378,1.4631,0.066119,0.638243,-2.332319,191,0.166821,1843.3421,0.069833,0
99,4.224,4968.55,5023.9589,10218.75,-6.7777566662,0.386593,0.383632,24.5788,1.4051,1.6089,0.069348,0.622827,-2.738792,203,0.16795,1888.3021,0.067757,0
100,4.2667,5188.89,5036.2622,10441.41,-7.5537723424,0.391736,0.343802,16.9082,1.3671,1.622,0.077282,0.672538,-7.448843,179,0.161957,1817.1491,0.067879,0
101,4.3093,5166.62,5072.0402,10617.19,-6.081307421,0.31549,0.437501,37.4874,1.2696,1.1599,0.059837,0.590358,-1.601427,170,0.153614,1799.0673,0.060921,0
102,4.352,5039.16,4920.0168,10160.16,-6.1757243258,0.383181,0.427966,36.1398,1.3031,1.3315,0.061432,0.582322,-8.118773,184,0.157859,2079.3813,0.067757,0
103,4.3947,5294.43,5064.773,10605.47,-7.2870448432,0.424814,0.350198,16.8017,1.3943,1.7205,0.075948,0.684589,-6.887319,169,0.167813,1872.7829,0.078501,0
104,4.4373,5190.4,4979.5533,10535.16,-6.8888572482,0.306431,0.374422,22.0849,1.353,1.5609,0.071106,0.65688,0.698958,196,0.170002,1827.5502,0.072641,0
105,4.48,5076.75,4992.9244,10464.84,-6.6534497726,0.269454,0.392149,27.4791,1.3136,1.3942,0.067758,0.618237,-5.453483,188,0.168199,1936.0899,0.069833,0
106,4.5227,5106.66,4892.4015,10160.16,-6.906982457,0.328626,0.372428,23.2306,1.3887,1.7167,0.071493,0.662476,-4.706961,181,0.165796,1966.5505,0.068856,0
107,4.5653,5130.6,5036.6246,10535.16,-6.8838883869,0.258374,0.381164,24.1825,1.3539,1.4849,0.069815,0.654813,-9.083262,184,0.155605,1933.3525,0.067147,0
108,4.608,5058.95,4993.4631,10359.38,-6.7392024163,0.443171,0.387487,24.6325,1.3751,1.5424,0.068624,0.623489,-3.629145,190,0.15768,1822.1822,0.067513,0
109,4.6507,4966.9,4906.3611,10160.16,-6.4976174702,0.360521,0.410209,32.1916,1.3718,1.5531,0.064499,0.614477,-2.734186,187,0.162477,1844.0335,0.064705,0
110,4.6933,5055.52,4990.6529,10476.56,-6.5990832566,0.346406,0.400824,27.0182,1.3187,1.3515,0.066174,0.631128,-1.58879,187,0.154273,1858.1199,0.064949,0
111,4.736,5152.29,5021.0684,10628.91,-5.9734926489,0.298787,0.441469,36.89,1.2361,1.0327,0.059183,0.576146,1.111472,200,0.161065,1776.7307,0.063484,0
112,4.7787,4855.75,4881.8096,10019.53,-5.9406693561,0.391765,0.436467,43.5033,1.3442,1.4008,0.060008,0.536376,2.529403,177,0.171366,1926.5786,0.056525,0
113,4.8213,5020.95,4801.3835,9960.94,-5.7730586926,0.305321,0.457561,48.0606,1.2826,1.3169,0.056592,0.518056,1.186371,192,0.16572,1866.8583,0.0597,0
114,4.864,5101.85,4933.726,10476.56,-6.137905482,0.312503,0.426596,35.4118,1.2571,1.2094,0.061664,0.592309,0.372112,184,0.166181,2000.3132,0.06617,0
115,4.9067,5142.27,4972.9913,10359.38,-6.6426577396,0.353315,0.405906,26.6396,1.3312,1.4442,0.065263,0.648835,-2.108326,206,0.156653,1863.2319,0.067513,0
116,4.9493,5148.22,4929.514,10125.0,-6.8363367263,0.482114,0.382553,24.1723,1.3918,1.6919,0.069551,0.656043,-0.830627,181,0.165435,1844.4872,0.067513,0
117,4.992,5202.8,4989.6961,10394.53,-6.6970739158,0.406823,0.395789,26.2283,1.3325,1.4741,0.067089,0.644629,-2.533198,183,0.156121,2019.1864,0.071176,0
118,5.0347,5227.39,5079.4479,10429.69,-7.2331971881,0.383517,0.358868,18.981,1.3748,1.6058,0.074178,0.674921,-3.303729,169,0.165858,1757.9754,0.071542,0
119,5.0773,5026.98,4936.8899,10195.31,-5.8719975563,0.460361,0.442395,43.8917,1.3122,1.2899,0.059032,0.553992,-0.04589,183,0.176964,1887.0285,0.059211,0
120,5.12,4720.59,4835.9632,9773.44,-5.9964305973,0.31107,0.438743,45.6676,1.3749,1.4949,0.059632,0.536816,-0.220385,194,0.174915,1922.8519,0.05445,0
121,5.1627,4898.96,4896.9114,9996.09,-5.8916686784,0.393731,0.44301,42.8672,1.3386,1.3775,0.058931,0.53181,-0.413836,176,0.163835,1853.355,0.059455,0
122,5.2053,4949.57,4874.305,9960.94,-6.2079801098,0.320868,0.431012,41.1489,1.3442,1.4614,0.060918,0.569726,-0.219552,200,0.165211,1921.5252,0.061653,0
123,5.248,4930.2,4910.7084,9902.34,-6.5353059421,0.335301,0.402649,31.3023,1.4038,1.6448,0.065846,0.633426,-2.849706,179,0.166989,1976.0496,0.065194,0
124,5.2907,4955.82,4834.6024,9878.91,-6.5310891056,0.289172,0.407519,31.6755,1.3487,1.5435,0.064975,0.610105,-8.742318,158,0.163748,1864.7446,0.071176,0
125,5.3333,5014.33,4968.6257,10195.31,-6.1884548991,0.308871,0.429423,37.3055,1.3413,1.3579,0.061186,0.587598,0.614882,186,0.167636,1846.9024,0.068612,0
126,5.376,4925.83,4866.9829,9890.62,-6.6958484667,0.475739,0.39458,28.6045,1.4029,1.6909,0.067311,0.630126,-4.92058,181,0.163438,1861.4957,0.065804,0
127,5.4187,5112.83,5017.972,10523.44,-6.943780719,0.38422,0.372581,21.969,1.385,1.5979,0.071463,0.657373,-5.801793,171,0.175713,1983.4512,0.07142,0
128,5.4613,5020.47,5046.5575,10417.97,-7.0507923566,0.440726,0.359757,20.9427,1.389,1.6211,0.073998,0.640259,-3.821921,173,0.172869,1802.8569,0.074106,0
129,5.504,5033.95,4936.5942,10042.97,-6.6017596269,0.436164,0.397037,26.9885,1.3718,1.5515,0.066862,0.6209,-7.115377,191,0.162073,1830.6313,0.072519,0
130,5.5467,5162.48,5034.3163,10582.03,-6.4465214022,0.320866,0.406148,30.613,1.3305,1.3833,0.065219,0.632291,-1.991092,161,0.163164,1889.4637,0.0691,0
131,5.5893,4950.41,4928.5278,10160.16,-5.9649914778,0.302486,0.436759,41.1679,1.3043,1.2756,0.05996,0.548402,-7.59878,178,0.173054,1865.3722,0.062263,0
132,5.632,4950.05,4952.0333,10136.72,-6.1019375714,0.364059,0.430558,39.2534,1.335,1.3489,0.060995,0.536616,-6.260263,177,0.159665,1835.6282,0.064095,0
133,5.6747,5147.32,5047.1139,10582.03,-6.5323222466,0.276706,0.400201,28.3791,1.319,1.3403,0.066287,0.612481,-4.053843,182,0.170568,1870.209,0.064095,0
134,5.7173,4820.38,4883.4369,9843.75,-6.6132525109,0.26525,0.394359,28.8314,1.4087,1.6626,0.067351,0.611696,-8.322214,186,0.169163,1922.8085,0.062386,0
135,5.76,4900.71,4863.9867,9949.22,-6.4419685858,0.310142,0.415433,35.2367,1.38,1.605,0.063583,0.598428,-6.097281,195,0.164345,1947.3939,0.067635,0
136,5.8027,5041.59,4953.5788,9996.09,-7.1025215601,0.321833,0.3591,20.4288,1.4087,1.7697,0.074131,0.644671,-4.835707,188,0.16593,1789.9113,0.068856,0
137,5.8453,4835.49,4933.0243,9972.66,-6.3236203246,0.35603,0.406197,33.0461,1.4024,1.5863,0.065211,0.583651,-6.124398,167,0.187346,1863.1612,0.063728,0
138,5.888,5105.52,4900.8741,10089.84,-6.8587467111,0.336334,0.379599,25.3475,1.3495,1.5877,0.070113,0.63103,-2.137972,183,0.180959,1943.5649,0.063728,0
139,5.9307,5102.68,5033.2352,10558.59,-6.8670214989,0.342978,0.388826,23.4127,1.3351,1.4121,0.068374,0.626817,-1.717543,171,0.164081,1926.3647,0.068124,0
140,5.9733,5028.66,4960.2205,10171.88,-7.1527063305,0.351767,0.359771,20.8108,1.429,1.8336,0.073996,0.65856,-3.299125,197,0.166197,1802.3425,0.069955,0
141,6.016,5037.94,4878.1773,10160.16,-6.7843240635,0.342526,0.389451,26.2234,1.363,1.579,0.068258,0.64277,-1.301097,207,0.169448,1896.5283,0.068124,0
142,6.0587,4871.59,4888.2222,10031.25,-5.960211035,0.363634,0.436562,40.4829,1.3386,1.3328,0.059992,0.55774,-5.527136,188,0.178486,1942.2596,0.061287,0
143,6.1013,4950.96,4903.6381,9996.09,-7.5668609587,0.298844,0.331711,16.2797,1.4659,1.9854,0.079873,0.661458,-3.62976,202,0.185857,1952.6445,0.062508,0
144,6.144,4921.72,4931.8971,9878.91,-6.7543691714,0.278602,0.387306,26.7102,1.4069,1.6901,0.068658,0.612501,-1.126298,180,0.166623,1817.425,0.065316,0
145,6.1867,5067.57,5006.9834,10347.66,-6.5767557224,0.412883,0.408361,30.566,1.3803,1.556,0.064826,0.635011,-3.326528,203,0.158807,1879.1294,0.062996,0
146,6.2293,5049.71,4962.4,10160.16,-7.2241497385,0.387448,0.363157,20.0772,1.4351,1.8427,0.073318,0.658205,-5.353639,179,0.151213,1860.0253,0.067513,0
147,6.272,5315.9,5005.4433,10570.31,-6.4943292257,0.372564,0.408446,27.5678,1.3117,1.4045,0.064811,0.642341,1.043082,192,0.160483,1959.8789,0.078989,0
148,6.3147,5088.69,5010.5233,10347.66,-6.7098634983,0.448017,0.383997,22.6685,1.3461,1.4485,0.069279,0.641607,-0.443018,187,0.161631,1962.7677,0.077524,0
149,6.3573,5127.14,4978.5135,10031.25,-6.9350038054,0.367128,0.375273,21.9318,1.4028,1.7292,0.070942,0.659556,-5.614789,173,0.155756,1872.7793,0.068978,0
150,6.4,5067.52,4929.2834,10101.56,-6.7090373273,0.389586,0.394262,28.2483,1.382,1.6466,0.067369,0.641539,-3.384381,165,0.162355,1825.6642,0.061165,0
151,6.4427,4606.82,4738.0734,9480.47,-5.8275330551,0.392365,0.448295,54.054,1.395,1.5827,0.058073,0.483037,2.039098,183,0.168514,1996.6501,0.049933,0
152,6.4853,4943.85,4899.5961,10171.88,-6.0059887929,0.302781,0.444277,41.3807,1.2804,1.1819,0.058724,0.560932,1.501376,180,0.171234,1929.9449,0.059211,0
153,6.528,5108.36,4961.9977,10101.56,-7.6281816046,0.441919,0.332469,15.6385,1.4405,1.9408,0.079708,0.67492,-3.896577,194,0.166756,1774.4386,0.069833,0
154,6.5707,4938.98,4965.6728,9902.34,-6.4834469324,0.413793,0.401563,31.7026,1.3686,1.5441,0.066041,0.566695,-8.087094,197,0.178771,1797.1691,0.06617,0
155,6.6133,4975.45,4904.6935,9902.34,-7.0215416813,0.37927,0.374047,23.4901,1.4137,1.7868,0.071179,0.646074,-6.749477,204,0.16371,1908.366,0.064339,0
156,6.656,5128.98,4911.1096,10253.91,-6.0657332606,0.488503,0.427707,36.5711,1.2844,1.3005,0.061476,0.605425,-0.680169,179,0.17698,1764.5474,0.062386,0
157,6.6987,4931.71,4870.7921,9984.38,-6.258980456,0.340385,0.417208,36.4568,1.3758,1.614,0.063275,0.600399,-1.484563,190,0.161352,2040.7479,0.067879,0
158,6.7413,4995.55,4866.526,9984.38,-6.4790223133,0.370175,0.411164,31.7073,1.3775,1.6291,0.064331,0.619877,-1.412796,184,0.169102,1730.7234,0.074716,0
159,6.784,5105.42,4949.667,10359.38,-6.5959890651,0.368911,0.396116,26.4975,1.3372,1.4362,0.06703,0.641811,-3.532458,170,0.159986,1813.806,0.070687,0
160,6.8267,4862.97,4859.4488,9832.03,-6.2131883192,0.299184,0.417367,36.8337,1.3455,1.4476,0.063247,0.580295,-5.784663,202,0.167462,1872.1726,0.064095,0
161,6.8693,4968.78,4827.9008,9960.94,-5.7598657834,0.35306,0.452134,48.394,1.3259,1.3837,0.057455,0.53633,2.248511,202,0.173949,1936.8257,0.061165,0
162,6.912,4899.76,4845.1222,9878.91,-6.2829468466,0.357109,0.423223,37.0026,1.3774,1.6054,0.062238,0.598213,-0.819351,165,0.168389,1803.6514,0.066536,0
163,6.9547,5086.66,4968.8562,10277.34,-6.472247046,0.362919,0.403019,29.9553,1.3409,1.4662,0.065779,0.617016,-2.368604,156,0.172347,1801.2893,0.069344,0
164,6.9973,5041.91,5049.7908,10347.66,-7.0054210097,0.377557,0.369046,21.9978,1.4047,1.6787,0.072153,0.639356,-5.136389,175,0.163055,1808.4599,0.067025,0
165,7.04,4997.98,4995.4325,10101.56,-7.1507822429,0.356819,0.361584,20.8836,1.4172,1.7512,0.073632,0.644516,-4.660153,172,0.162426,1822.6891,0.064095,0
166,7.0827,5220.42,5051.1809,10488.28,-7.0997876892,0.406474,0.363979,19.3647,1.3549,1.5424,0.073154,0.661689,-2.826992,180,0.168525,1865.5612,0.067269,0
167,7.1253,5209.29,4991.1903,10476.56,-7.0030917249,0.402196,0.372993,21.2947,1.3548,1.6028,0.071383,0.662072,-2.540794,170,0.152439,1841.4674,0.071786,0
168,7.168,5103.92,4906.7113,10230.47,-6.4160918324,0.396602,0.41138,31.3675,1.3386,1.4913,0.064293,0.605241,-1.837557,194,0.161364,1922.4275,0.070077,0
169,7.2107,5052.5,4976.8966,10441.41,-6.02265017,0.368214,0.436795,41.7793,1.3185,1.2938,0.059954,0.554563,0.167861,175,0.16018,1889.0122,0.072641,0
170,7.2533,5163.22,4989.3614,10406.25,-6.8409049736,0.329428,0.382404,22.8768,1.3439,1.4819,0.06958,0.644832,-4.364198,200,0.170582,1784.2103,0.069833,0
171,7.296,5152.57,5023.9243,10464.84,-7.1626339858,0.370454,0.364304,19.7876,1.3958,1.6655,0.073089,0.674249,-4.23949,175,0.166956,1831.5971,0.073739,0
172,7.3387,5368.96,5131.6778,10839.84,-7.2414492409,0.379405,0.360973,16.8962,1.3282,1.4283,0.073754,0.675944,-5.333368,198,0.148423,1849.5166,0.079233,0
173,7.3813,5274.46,5058.7296,10722.66,-6.8170510345,0.397389,0.395349,21.7658,1.3154,1.307,0.06717,0.674607,-3.002082,199,0.157806,1766.8912,0.07496,0
174,7.424,5075.2,4964.9855,10500.0,-6.4799131182,0.477127,0.403503,30.5955,1.3492,1.4741,0.065692,0.626678,-1.516115,181,0.159042,1875.4496,0.070809,0
175,7.4667,5142.62,4969.863,10464.84,-6.1831735843,0.427576,0.411834,31.2839,1.338,1.3973,0.064213,0.61446,-4.514203,169,0.173951,1829.7744,0.064095,0
176,7.5093,4972.99,4968.8051,10078.12,-6.7615526292,0.354281,0.387233,26.0887,1.3726,1.5342,0.068671,0.63107,-5.783147,186,0.170906,1869.1039,0.066659,0
177,7.552,5258.46,5001.1231,10535.16,-6.9435690955,0.434298,0.374199,21.5942,1.3162,1.46,0.07115,0.669462,-4.244019,175,0.163853,1907.843,0.075693,0
178,7.5947,5106.91,5009.2057,10500.0,-6.1995335526,0.37064,0.427708,36.2403,1.2754,1.1976,0.061475,0.576985,-1.493067,173,0.172042,1852.8454,0.066414,0
179,7.6373,4890.61,4928.0574,10078.12,-6.5764543013,0.272406,0.39594,28.8875,1.3634,1.519,0.067062,0.588577,-6.016773,207,0.166653,1862.8193,0.061043,0
180,7.68,4931.56,4890.224,10066.41,-6.2658317574,0.330649,0.417567,35.6406,1.3729,1.5398,0.063212,0.573028,-4.586161,185,0.165124,1845.7805,0.055305,0
181,7.7227,4651.86,4780.6116,9703.12,-5.663374268,0.323136,0.460913,57.1705,1.3678,1.447,0.056063,0.456492,2.63843,165,0.177732,2017.1129,0.049811,0
182,7.7653,4965.7,4971.8537,10371.09,-6.226187201,0.275764,0.431105,37.0835,1.3302,1.3254,0.060903,0.587199,0.354886,216,0.165229,1958.134,0.060188,0
183,7.808,5140.36,4924.3926,10476.56,-6.3101141497,0.332971,0.407749,33.0631,1.2955,1.3237,0.064935,0.602486,-5.40198,182,0.166674,1939.7587,0.062996,0
184,7.8507,4916.45,4859.1821,10183.59,-5.9321427897,0.292702,0.436217,44.5935,1.3015,1.2808,0.06005,0.526058,1.234652,188,0.172617,1883.824,0.062019,0
185,7.8933,5092.62,5000.2086,10324.22,-7.1217506319,0.36388,0.361,20.3519,1.357,1.5742,0.073749,0.64413,-5.358001,181,0.174452,1935.7915,0.064705,0
186,7.936,5024.3,4974.338,10253.91,-7.0574300194,0.331647,0.362816,20.3701,1.4096,1.6942,0.073386,0.651133,-1.774136,198,0.165273,1880.9882,0.070687,0
187,7.9787,4998.0,4937.2795,10125.0,-6.4312575217,0.412827,0.406332,30.5112,1.352,1.4724,0.065186,0.614871,-2.825161,167,0.159839,1897.9817,0.072519,0
188,8.0213,5115.32,5014.5721,10464.84,-6.4047416116,0.388086,0.409248,27.9955,1.3069,1.3031,0.064669,0.619665,-2.561257,199,0.168212,1866.1739,0.065071,0
189,8.064,5095.25,4981.2214,10535.16,-5.9915080958,0.372562,0.438152,40.645,1.2702,1.1708,0.059729,0.568694,0.328628,209,0.167406,1829.3963,0.06617,0
190,8.1067,5044.7,4979.4234,10242.19,-6.4754893941,0.364388,0.401643,28.3772,1.3841,1.5847,0.066027,0.620256,-2.497148,215,0.169597,1949.6223,0.064583,0
191,8.1493,4924.81,4842.9254,9914.06,-6.1967844972,0.311938,0.425135,38.2436,1.3388,1.4595,0.061912,0.552156,-8.650746,181,0.164576,1843.3286,0.057746,0
192,8.192,5143.02,4935.8356,10242.19,-6.4331133297,0.354818,0.415784,33.1576,1.3212,1.4225,0.063522,0.621226,-2.088297,183,0.159042,1910.9206,0.067879,0
193,8.2347,5123.14,5025.3379,10429.69,-6.8365026244,0.348723,0.380587,22.656,1.3588,1.5149,0.069924,0.63522,-5.108038,193,0.171786,1800.4941,0.076059,0
194,8.2773,5306.17,5033.3332,10511.72,-6.9093936661,0.393389,0.381334,22.353,1.3428,1.5314,0.069782,0.669443,-5.309985,182,0.164528,1971.6595,0.074472,0
195,8.32,4996.31,4998.3476,10148.44,-7.2911115846,0.418236,0.346512,19.1177,1.4357,1.8735,0.076714,0.645777,-1.872742,179,0.163626,1924.5406,0.071298,0
196,8.3627,4942.19,4957.3404,10007.81,-7.0810674519,0.369699,0.366109,20.7637,1.4259,1.7703,0.072732,0.653408,-1.978494,206,0.164402,1840.0894,0.064949,0
197,8.4053,4908.53,4968.3154,10089.84,-6.9046611253,0.468321,0.376508,25.2842,1.4137,1.6829,0.070704,0.627045,-4.216482,182,0.16642,1824.0155,0.068124,0
198,8.448,5006.04,4957.3961,10242.19,-6.6838762712,0.360085,0.394601,28.5836,1.359,1.5152,0.067307,0.631818,-1.282553,172,0.164137,1868.9522,0.07142,0
199,8.4907,4985.49,4976.798,10242.19,-6.9005394019,0.428955,0.376708,23.4354,1.3715,1.5543,0.070666,0.631149,-2.196036,200,0.164323,1816.2641,0.068124,0
200,8.5333,4894.21,4931.7491,9925.78,-6.7020887119,0.385245,0.380877,27.2203,1.4241,1.7178,0.069869,0.630422,-5.979437,188,0.168598,1815.4809,0.070687,0
201,8.576,5026.9,4957.2153,10031.25,-7.4763384942,0.390252,0.34033,16.782,1.4865,2.0621,0.078017,0.673941,-6.188706,170,0.167217,1826.0866,0.069955,0
202,8.6187,4967.39,4918.6176,9902.34,-7.5128604673,0.363742,0.333186,16.3243,1.4334,1.8794,0.079552,0.661538,-3.572804,213,0.166324,1957.7005,0.068368,0
203,8.6613,5085.34,4965.6064,10218.75,-6.6868041543,0.317575,0.391995,24.9348,1.3738,1.5809,0.067787,0.644481,-5.268056,188,0.162917,1975.8617,0.06556,0
204,8.704,5093.31,5082.8533,10582.03,-6.7418929475,0.375307,0.382773,23.0728,1.3651,1.4688,0.06951,0.635691,-6.08311,185,0.161687,1885.3505,0.065316,0
205,8.7467,4909.5,4961.5436,9996.09,-6.1504631352,0.279044,0.424658,38.8368,1.3317,1.3725,0.061994,0.567763,-0.788459,167,0.176408,1957.6693,0.067879,0
206,8.7893,5035.07,4984.8763,10195.31,-7.053993236,0.447066,0.362419,21.6468,1.4129,1.7425,0.073465,0.648022,-2.532203,194,0.1661,1840.1199,0.069466,0
207,8.832,5034.43,4974.8373,10289.06,-6.5667820587,0.326754,0.396511,26.9099,1.3363,1.4399,0.066957,0.623477,-1.597442,193,0.164577,1855.1653,0.06617,0
208,8.8747,4984.17,4920.2751,10101.56,-6.2175792577,0.252217,0.429824,37.0072,1.3042,1.3108,0.061118,0.584921,-0.343114,197,0.170188,1846.1346,0.064583,0
209,8.9173,5224.43,5093.1255,10605.47,-6.3131633518,0.4883,0.421753,33.6897,1.2726,1.2175,0.06249,0.606814,-2.516799,186,0.16712,1919.9803,0.068001,0
210,8.96,4853.22,4874.5739,9960.94,-6.476753847,0.379084,0.41502,34.2242,1.3893,1.6005,0.063655,0.597913,-1.272152,191,0.153205,1790.7879,0.065316,0
211,9.0027,4867.37,4834.029,9832.03,-6.2127089562,0.370059,0.427012,37.8393,1.3422,1.4757,0.061593,0.578929,0.069138,176,0.154183,1823.7784,0.062508,0
212,9.0453,5148.39,5000.5894,10218.75,-6.8253218429,0.295775,0.385806,23.1542,1.3197,1.4862,0.068939,0.646101,-4.774695,159,0.169984,1830.3764,0.061409,0
213,9.088,4812.07,4877.4709,9902.34,-6.3096606844,0.29046,0.414773,34.9004,1.3593,1.4692,0.063698,0.571045,-5.378753,179,0.166351,1808.7038,0.065316,0
214,9.1307,4944.87,4863.3284,9890.62,-6.6514519002,0.27076,0.397542,30.0764,1.359,1.574,0.06677,0.605525,-0.739275,188,0.173299,1837.6468,0.06849,0
215,9.1733,5184.72,5069.3457,10546.88,-6.727162481,0.268292,0.393861,24.943,1.3028,1.3726,0.067443,0.624115,-4.85882,191,0.164781,1960.3982,0.070565,0
216,9.216,5011.78,4929.8517,10371.09,-6.5643921121,0.380731,0.405101,30.188,1.3592,1.5245,0.065406,0.625807,0.224729,185,0.162839,1932.7761,0.070199,0
217,9.2587,5265.18,5031.8535,10535.16,-7.1539666793,0.429636,0.356784,17.965,1.3692,1.622,0.074599,0.670006,-2.16627,213,0.172818,1882.7025,0.071176,0
218,9.3013,5023.2,5030.329,10253.91,-7.5608143782,0.448371,0.330177,16.3215,1.4393,1.8118,0.080209,0.662767,-4.105077,174,0.174797,1861.8494,0.073617,0
219,9.344,4868.98,4916.9843,9960.94,-6.5394438889,0.397342,0.403193,33.0853,1.3686,1.5576,0.065748,0.583015,-8.844464,174,0.18132,1777.0312,0.067025,0
220,9.3867,4880.03,4847.6977,9996.09,-5.7969064805,0.308991,0.453708,44.7601,1.2723,1.1634,0.057204,0.524625,1.530967,173,0.16657,1792.3607,0.061775,0
221,9.4293,5000.59,5000.7448,10183.59,-6.5962188645,0.311652,0.397007,28.1067,1.371,1.5749,0.066867,0.610285,-9.203318,177,0.167979,1807.7405,0.065071,0
222,9.472,5148.26,5094.6209,10605.47,-7.1647277701,0.329704,0.365653,19.918,1.347,1.5109,0.072822,0.651613,-6.831753,179,0.161348,1797.9088,0.074472,0
223,9.5147,5164.35,4954.0267,10429.69,-6.4236139048,0.365332,0.409151,29.9154,1.3171,1.3798,0.064686,0.615846,-5.915233,180,0.161719,1851.5047,0.070077,0
224,9.5573,4960.9,4931.0178,10054.69,-6.2962905943,0.310746,0.411325,35.1421,1.372,1.5466,0.064303,0.591584,-2.313852,179,0.172006,1908.0127,0.061287,0
225,9.6,4928.56,4894.9545,9996.09,-6.2862632093,0.482977,0.412171,35.2314,1.3732,1.5478,0.064154,0.597866,-1.455716,176,0.171905,2032.4092,0.068612,0
226,9.6427,5180.36,5036.8018,10464.84,-7.6787110978,0.379028,0.330538,14.9629,1.3915,1.7319,0.08013,0.68459,-5.002087,194,0.166234,1902.8376,0.075327,0
227,9.6853,5158.95,4987.8825,10523.44,-6.7104987587,0.303772,0.391288,25.3152,1.3145,1.4205,0.067917,0.636313,0.008766,211,0.167868,1766.761,0.073007,0
228,9.728,5084.41,4900.141,10078.12,-6.6172130997,0.418435,0.39461,26.7135,1.3768,1.6091,0.067305,0.64478,-4.788167,203,0.172832,1923.9492,0.074716,0
229,9.7707,5067.47,4911.8029,10218.75,-6.3262698836,0.422734,0.417499,33.1404,1.3707,1.5369,0.063224,0.619715,0.325433,195,0.175056,1854.3081,0.069711,0
230,9.8133,4965.04,4924.7203,9984.38,-6.9655851331,0.428267,0.37436,24.4815,1.4062,1.7158,0.071118,0.625267,-4.226359,181,0.157361,1795.7634,0.061653,0
231,9.856,4910.49,4896.3007,9867.19,-7.2639022328,0.395779,0.346092,20.2116,1.4661,1.9638,0.076801,0.653231,-4.015783,184,0.168003,1834.9235,0.058967,0
232,9.8987,5077.78,4947.6433,10125.0,-6.5855124697,0.314696,0.399387,29.4403,1.3679,1.5855,0.066434,0.637861,-5.410111,174,0.173933,1972.1362,0.060554,0
233,9.9413,5029.35,4997.2527,10242.19,-6.548237842,0.338033,0.397348,28.6663,1.3816,1.5892,0.066805,0.627893,-2.626776,179,0.163533,1963.4626,0.071298,0
234,9.984,5190.09,5017.3459,10500.0,-7.3583605733,0.365094,0.351253,16.6273,1.382,1.6575,0.07573,0.67477,-3.763384,186,0.163798,1795.816,0.075327,0
235,10.0267,5172.63,5039.2371,10546.88,-7.2418876406,0.393514,0.358881,17.5876,1.3641,1.5917,0.074175,0.672565,-4.093926,185,0.168102,1823.171,0.071786,0
236,10.0693,5095.92,4963.5098,10242.19,-7.5978003264,0.33597,0.338418,16.1551,1.4337,1.8658,0.078424,0.689642,-5.25349,169,0.154459,1804.1106,0.073862,0
237,10.112,4910.46,4869.4733,9761.72,-6.8900105904,0.268939,0.374695,24.6455,1.4276,1.8214,0.071054,0.635449,-3.160176,195,0.158366,1866.5142,0.071054,0
238,10.1547,5042.08,5043.9489,10265.62,-6.8946172941,0.466046,0.380158,23.1424,1.4154,1.6411,0.070006,0.654318,-5.535162,186,0.168326,1875.8864,0.063606,0
239,10.1973,5039.35,4897.4849,10265.62,-6.0742638962,0.369183,0.441185,40.9283,1.314,1.3288,0.05923,0.565009,1.359491,193,0.167105,1806.5059,0.058113,0
240,10.24,4938.15,4899.9031,10031.25,-5.7219414937,0.329949,0.449041,49.7779,1.3173,1.3523,0.057952,0.499381,2.858359,177,0.165296,2050.3989,0.055549,0
241,10.2827,4832.37,4890.3063,9750.0,-6.6804042034,0.356855,0.386015,29.3602,1.4184,1.8115,0.068899,0.585251,-2.974328,181,0.173063,1985.6202,0.061775,0
242,10.3253,5082.54,4943.5391,10253.91,-6.6543581929,0.312252,0.392788,27.9513,1.3426,1.5071,0.06764,0.633817,-1.07212,183,0.173783,1892.8241,0.066903,0
243,10.368,4936.38,4837.2348,9949.22,-6.0215739501,0.325171,0.43732,41.1836,1.3208,1.3847,0.059867,0.545122,0.787557,179,0.174361,1831.2425,0.059822,0
244,10.4107,4650.88,4800.5159,9714.84,-5.8419902125,0.418876,0.444999,52.536,1.3655,1.4835,0.058607,0.475029,1.485669,178,0.177745,2059.7239,0.054328,0
245,10.4533,4898.46,4863.0168,9925.78,-7.12654181,0.491326,0.355871,22.6736,1.4875,2.0283,0.074785,0.647966,-2.80156,182,0.176788,1836.0839,0.066536,0
246,10.496,5177.91,4971.6963,10312.5,-7.0298108403,0.418678,0.362933,21.9589,1.3717,1.6813,0.073362,0.650079,-2.949905,189,0.166609,1854.0593,0.070199,0
247,10.5387,5008.91,4923.829,10113.28,-6.5324090869,0.479398,0.402948,29.4554,1.374,1.5932,0.065792,0.605598,-0.566627,179,0.166247,1875.9052,0.068246,0
248,10.5813,5008.28,4914.9724,10253.91,-6.174834469,0.391863,0.417758,35.7779,1.3539,1.4555,0.063179,0.601003,-0.6906,192,0.166162,1985.8804,0.065804,0
249,10.624,4889.37,4856.0296,10007.81,-6.0381248776,0.304507,0.430635,40.8263,1.3477,1.4464,0.060982,0.56899,2.056021,201,0.157515,1931.3911,0.059333,0
250,10.6667,4894.19,4862.2865,9914.06,-6.30307096,0.384357,0.422697,38.3561,1.3818,1.6057,0.062329,0.580629,1.543474,186,0.160279,1846.4332,0.055671,0
251,10.7093,5008.38,4951.9422,10195.31,-5.8999060638,0.350479,0.435369,42.3876,1.2953,1.2664,0.06019,0.552388,-0.409236,198,0.166604,1901.2753,0.055671,0
252,10.752,4854.71,4912.0494,9984.38,-6.3121087201,0.341756,0.408801,36.8771,1.403,1.6432,0.064748,0.583264,-1.142683,178,0.16043,2010.6296,0.056403,0
253,10.7947,5040.67,4976.5056,10148.44,-6.2785351969,0.325441,0.4177,34.5241,1.3367,1.4045,0.063189,0.588738,0.355368,160,0.173617,1920.3306,0.062019,0
254,10.8373,4981.3,4885.4334,9996.09,-6.388653961,0.398457,0.41306,33.2263,1.3417,1.4587,0.063998,0.615767,-6.557954,166,0.178264,1851.1683,0.066292,0
255,10.88,4975.05,4829.7236,10054.69,-6.3058009843,0.380625,0.42135,37.6085,1.3391,1.5089,0.06256,0.595411,-0.418938,185,0.163477,2021.0149,0.064461,0
256,10.9227,4922.48,4888.5752,9890.62,-6.6013869713,0.35343,0.398144,31.5319,1.3898,1.6773,0.06666,0.624897,-2.105949,175,0.16547,1836.5375,0.065438,0
257,10.9653,4967.14,5036.9138,10324.22,-6.7191818782,0.337716,0.387045,27.7526,1.3728,1.5182,0.068706,0.617662,-8.177045,186,0.161104,1798.8769,0.065194,0
258,11.008,5123.26,4917.9329,10265.62,-6.5252392915,0.328908,0.407117,30.6322,1.3173,1.4427,0.065047,0.625425,-1.068754,183,0.161889,1921.5371,0.069344,0
259,11.0507,5112.84,4982.4889,10382.81,-6.6573650233,0.363349,0.398514,27.6743,1.3541,1.5008,0.066593,0.638687,-1.136097,179,0.170227,1874.065,0.069833,0
260,11.0933,4896.16,4870.1682,10031.25,-6.1994086841,0.300281,0.431203,38.0363,1.3242,1.3429,0.060886,0.589668,1.31838,183,0.174791,1886.1148,0.066048,0
261,11.136,4898.43,4837.4437,9996.09,-6.5005950877,0.401237,0.402188,30.2276,1.3633,1.5421,0.065929,0.605995,-2.58701,193,0.166834,1898.1371,0.068124,0
262,11.1787,5077.03,4987.8395,10265.62,-6.7643125849,0.432667,0.381652,25.5004,1.3814,1.6212,0.069722,0.630633,-6.273395,191,0.178901,1841.1702,0.068368,0
263,11.2213,5073.31,4993.3869,10511.72,-6.5033740748,0.39259,0.399887,29.1696,1.3483,1.4476,0.066344,0.609306,-4.79089,208,0.161333,1970.7441,0.068612,0
264,11.264,5081.9,4992.2826,10289.06,-6.9367954397,0.483248,0.374603,22.0025,1.385,1.584,0.071071,0.634356,-6.773653,182,0.157936,1759.5655,0.06556,0
265,11.3067,5064.54,4987.4195,10347.66,-6.7542257686,0.402905,0.387671,25.4227,1.3545,1.5047,0.068589,0.644629,-6.030475,179,0.162584,1824.8042,0.066903,0
266,11.3493,5139.61,4992.9069,10324.22,-6.634320012,0.45756,0.393179,27.4396,1.3512,1.4896,0.067568,0.634137,-0.352583,201,0.168216,1857.6905,0.07496,0
267,11.392,5255.89,5014.9674,10558.59,-6.2689417656,0.35813,0.422828,31.8668,1.2974,1.3167,0.062306,0.629389,-6.425791,163,0.163398,1877.3741,0.065194,0
268,11.4347,5076.28,4957.207,10464.84,-6.0805139512,0.282297,0.42252,34.7435,1.3038,1.2978,0.062359,0.578241,-6.331224,181,0.166899,1852.003,0.060676,0
269,11.4773,5070.81,4936.0717,10347.66,-7.0267669303,0.332,0.364909,22.4943,1.3934,1.6964,0.072969,0.65864,-1.61063,193,0.166017,1917.8862,0.069466,0
270,11.52,4946.73,4929.7219,9949.22,-7.2361802003,0.31692,0.350832,20.2316,1.4182,1.7885,0.075817,0.636285,-5.195819,184,0.160901,1881.6433,0.071542,0
271,11.5627,5006.13,4878.4991,9867.19,-6.6913468582,0.309638,0.387989,28.8518,1.4012,1.7817,0.06853,0.623603,-4.318524,196,0.1647,1906.8106,0.064827,0
272,11.6053,5080.16,5011.6995,10511.72,-6.2120169499,0.400121,0.429034,38.6101,1.283,1.2519,0.061251,0.566993,-2.256298,182,0.166237,1911.9726,0.061531,0
273,11.648,5088.47,4926.5441,10300.78,-6.3383702038,0.359953,0.420894,34.2093,1.3114,1.3751,0.062638,0.615821,-1.24771,197,0.165476,1913.7749,0.067269,0
274,11.6907,5036.17,4987.4329,10042.97,-7.1701420669,0.4047,0.357538,19.1675,1.4091,1.7201,0.074446,0.661445,-5.240727,192,0.164613,1803.8667,0.069833,0
275,11.7333,4967.81,4860.1683,9902.34,-6.0184728263,0.435683,0.440425,40.4126,1.3573,1.5085,0.059355,0.564738,0.114498,177,0.169603,1853.5969,0.066659,0
276,11.776,5200.29,5000.7938,10500.0,-6.1701358183,0.307584,0.433782,35.5615,1.2967,1.3195,0.060455,0.591818,-0.295956,169,0.156553,1756.1654,0.065804,0
277,11.8187,5067.9,4944.78,10042.97,-6.366969826,0.458536,0.413914,31.7822,1.3633,1.5504,0.063848,0.617853,0.037368,188,0.168323,1896.7295,0.060921,0
278,11.8613,4562.86,4731.0289,9562.5,-5.6266651037,0.305668,0.45356,56.4372,1.365,1.4216,0.057228,0.460691,3.234225,190,0.170589,2069.6577,0.05384,0
279,11.904,4861.19,4932.5784,10007.81,-7.0333501217,0.278749,0.369641,22.792,1.4357,1.7709,0.072037,0.640142,-2.6003,188,0.165703,1872.9843,0.061287,0
280,11.9467,4907.69,4882.2248,10019.53,-6.351972389,0.29199,0.412667,35.901,1.3714,1.5692,0.064067,0.567327,-6.949195,179,0.171637,1896.1761,0.05799,0
281,11.9893,4613.72,4830.7998,9796.88,-5.9713484669,0.250646,0.438145,50.2834,1.3753,1.4463,0.05973,0.493565,1.561105,189,0.166905,1959.4749,0.054938,0
282,12.032,5223.18,5089.3856,10453.12,-7.0853322003,0.270135,0.36819,18.07,1.3522,1.5393,0.072321,0.662869,-3.620931,194,0.179132,1802.6879,0.063728,0
283,12.0747,4745.91,4777.4141,9738.28,-5.9489326876,0.422138,0.430329,46.6374,1.3835,1.6015,0.061033,0.522189,2.937109,176,0.171216,1993.3037,0.060066,0
284,12.1173,5004.87,4909.8625,10277.34,-5.935496615,0.402291,0.438523,43.4312,1.3132,1.3037,0.059668,0.556694,0.997134,171,0.171162,1954.3905,0.060921,0
285,12.16,5059.6,4934.4248,10160.16,-6.5079735899,0.350349,0.409877,31.6523,1.3408,1.4848,0.064558,0.61968,-2.04636,183,0.166945,1892.8075,0.066903,0
286,12.2027,4963.66,4880.1652,9984.38,-6.0070980836,0.320851,0.432303,40.7908,1.3394,1.4461,0.060702,0.574864,-0.649241,185,0.167266,1804.5622,0.063118,0
287,12.2453,5138.77,4927.3212,10453.12,-6.2437732887,0.324994,0.41712,32.8394,1.3045,1.3578,0.06329,0.618209,-1.694986,172,0.163901,1827.3234,0.061287,0
288,12.288,4973.67,4893.324,10125.0,-6.0309634276,0.360049,0.433788,41.0733,1.3521,1.4717,0.060454,0.55485,1.298939,185,0.165148,2035.1029,0.062752,0
289,12.3307,4980.39,4951.8807,10160.16,-6.7126614061,0.2746,0.385931,27.1019,1.4095,1.6435,0.068915,0.623026,0.065803,170,0.172866,1840.368,0.0691,0
290,12.3733,5421.7,5046.2069,10605.47,-7.1916482185,0.31962,0.368526,18.2294,1.3359,1.5599,0.072255,0.691231,-3.964783,181,0.164475,1888.8894,0.07142,0
291,12.416,5102.48,5000.9701,10253.91,-6.5223248495,0.403153,0.401538,28.0937,1.3415,1.4728,0.066046,0.624214,-2.80271,175,0.160302,1876.0753,0.068856,0
292,12.4587,5067.75,4969.0888,10113.28,-7.2337310193,0.335731,0.353859,19.2096,1.425,1.8374,0.075195,0.64456,-1.338145,184,0.167577,1817.8991,0.069833,0
293,12.5013,5130.44,4902.0012,10160.16,-6.51345943,0.306682,0.404981,29.0077,1.3365,1.5195,0.065428,0.639119,-0.03455,183,0.174963,1852.3389,0.068734,0
294,12.544,4911.26,4882.0544,9878.91,-6.6711525405,0.488085,0.39074,30.2716,1.3973,1.6916,0.068019,0.621759,-3.091679,187,0.167784,1832.8935,0.067879,0
295,12.5867,4988.93,4900.212,9972.66,-6.48183355,0.320788,0.411695,32.631,1.377,1.641,0.064237,0.607837,-6.042355,158,0.175527,1849.1231,0.063973,0
296,12.6293,4807.43,4855.3625,9960.94,-5.7438372902,0.304315,0.450784,50.458,1.3273,1.2859,0.057672,0.518553,3.298965,199,0.170136,1901.0554,0.056281,0
297,12.672,4811.83,4881.1692,10031.25,-5.6169273024,0.345447,0.458949,54.3329,1.3226,1.2555,0.056373,0.47459,3.217539,190,0.159658,2012.1586,0.05091,0
298,12.7147,4935.55,4880.3791,10148.44,-6.1001538138,0.312744,0.44515,43.16,1.3271,1.3372,0.058582,0.559536,-0.775362,189,0.162569,1902.6004,0.054328,0
299,12.7573,4808.15,4822.8651,9867.19,-5.7751997608,0.336371,0.453383,50.6067,1.3412,1.3837,0.057256,0.506619,1.789001,172,0.161756,1923.0775,0.057014,0
300,12.8,4951.22,4973.1216,10218.75,-6.2311120017,0.375407,0.424736,37.6912,1.3243,1.3402,0.06198,0.571918,-0.395307,177,0.173262,1884.7506,0.059089,0
301,12.8427,4886.81,4946.9656,10148.44,-6.5088058029,0.424453,0.398312,30.7147,1.3454,1.4385,0.066629,0.577687,-5.838984,163,0.1706,1810.4573,0.062263,0
302,12.8853,5163.59,4989.5129,10312.5,-7.0302974235,0.304729,0.37443,20.9121,1.3708,1.6464,0.071105,0.653875,-1.713696,175,0.168027,1888.0849,0.068856,0
303,12.928,5244.21,4994.7099,10476.56,-6.8812873988,0.292222,0.384214,24.7142,1.3783,1.618,0.069238,0.669577,-1.471801,197,0.167033,1792.6604,0.068978,0
304,12.9707,5018.34,4979.2026,10195.31,-6.6105322198,0.422605,0.398692,26.9352,1.344,1.4383,0.06656,0.603614,-4.474802,192,0.170151,1918.8228,0.065194,0
305,13.0133,5058.95,4904.0584,10207.03,-5.852089408,0.352035,0.442157,41.9111,1.2906,1.2856,0.059071,0.54755,-0.407634,189,0.176527,1960.2469,0.065316,0
306,13.056,5292.15,5047.6282,10488.28,-7.1025457627,0.306337,0.361297,19.2529,1.366,1.6458,0.073689,0.661659,-6.261619,181,0.164949,1812.8561,0.069955,0
307,13.0987,5148.8,5028.0931,10289.06,-7.2521105304,0.376592,0.36409,20.7495,1.3879,1.69,0.073132,0.665376,-4.955977,179,0.157913,1862.011,0.071054,0
308,13.1413,4955.04,4861.3077,10007.81,-6.1387801104,0.379337,0.431444,41.5569,1.3158,1.3343,0.060846,0.567114,0.085487,205,0.168863,1807.4682,0.065071,0
309,13.184,5052.89,4969.6574,10160.16,-6.4301768787,0.341536,0.419493,32.0051,1.3422,1.4286,0.062879,0.61093,-6.267118,187,0.164764,1840.5085,0.067391,0
310,13.2267,5220.48,4948.7682,10253.91,-7.1317205563,0.41067,0.367871,20.0131,1.36,1.6468,0.072384,0.675631,-4.825162,188,0.164457,1849.166,0.067635,0
311,13.2693,4961.74,4913.9866,10101.56,-6.7251772508,0.368347,0.383803,26.4755,1.3996,1.7086,0.069315,0.625219,-4.47847,210,0.164102,1775.7803,0.066659,0
312,13.312,4936.99,4965.608,10101.56,-6.6011475368,0.322179,0.401719,27.9979,1.3789,1.5672,0.066013,0.612047,-5.156272,155,0.162156,1872.2129,0.065438,0
313,13.3547,5095.03,5000.1132,10464.84,-6.6084994256,0.36512,0.397928,27.2516,1.3627,1.5059,0.066699,0.629313,-1.669846,213,0.166253,1964.8128,0.066536,0
314,13.3973,4865.06,4888.7603,9972.66,-6.2611563072,0.329149,0.418229,39.0658,1.3772,1.5601,0.063098,0.55426,-7.213197,187,0.168406,1935.3679,0.058845,0
315,13.44,4941.35,4858.4438,10101.56,-6.1432759448,0.440531,0.435407,41.9058,1.3188,1.3646,0.060184,0.567335,0.258937,171,0.162882,1819.3529,0.054328,0
316,13.4827,5016.46,4931.5658,10183.59,-6.3641787295,0.415881,0.412372,31.7663,1.342,1.4173,0.064118,0.603976,0.005285,195,0.167586,1836.4231,0.062874,0
317,13.5253,4855.7,4819.7109,9796.88,-6.2139985377,0.413919,0.417689,36.8565,1.4064,1.6466,0.063191,0.597898,-0.089689,176,0.171304,1923.4047,0.061409,0
318,13.568,4771.16,4838.0734,9796.88,-6.9205884267,0.309398,0.374319,25.4968,1.4545,1.881,0.071126,0.637324,-4.960053,173,0.169732,1885.9811,0.062141,0
319,13.6107,5081.11,4968.1366,10230.47,-6.5941119831,0.362229,0.396676,26.4919,1.3503,1.4989,0.066927,0.623781,0.614518,185,0.1706,1829.4061,0.068001,0
320,13.6533,5140.08,5055.2105,10359.38,-6.764008176,0.351359,0.395742,25.6957,1.3438,1.4608,0.067098,0.648999,-2.553557,169,0.171592,1856.6218,0.066292,0
321,13.696,4863.98,4910.9447,9972.66,-6.3726228449,0.408457,0.412388,33.8908,1.3769,1.5306,0.064116,0.601324,-2.155772,177,0.165695,1851.2832,0.065804,0
322,13.7387,5100.31,5022.7057,10382.81,-6.5484833079,0.294578,0.404804,26.2505,1.3022,1.2927,0.065459,0.617415,-4.994747,196,0.161412,1795.2765,0.068124,0
323,13.7813,5141.68,5010.4943,10277.34,-6.8885028358,0.314468,0.374639,22.6549,1.4042,1.7072,0.071064,0.655564,-3.651149,193,0.162773,1818.0638,0.074716,0
324,13.824,5320.79,5023.0617,10558.59,-7.2415055662,0.332507,0.360154,18.2369,1.3352,1.5813,0.073919,0.678679,-4.220387,203,0.151919,1890.1633,0.080332,0
325,13.8667,5054.07,4944.0957,10160.16,-6.6618842855,0.330587,0.402008,27.7619,1.3654,1.5685,0.065961,0.63517,-1.616003,169,0.169469,1916.7565,0.071176,0
326,13.9093,5361.04,5122.2139,10535.16,-7.5458219459,0.329025,0.33678,14.5906,1.3896,1.7177,0.078776,0.684519,-5.509002,169,0.164405,1844.2389,0.074472,0
327,13.952,5238.47,5077.9537,10640.62,-6.9351572486,0.434595,0.383599,21.4289,1.3483,1.472,0.069354,0.663865,-0.985723,192,0.159542,1763.4934,0.073739,0
328,13.9947,4827.15,4953.6332,10031.25,-6.1383616498,0.360104,0.42783,39.6813,1.3708,1.4603,0.061455,0.56679,0.867617,174,0.161858,1795.2073,0.062386,0
329,14.0373,5074.24,4987.2615,10218.75,-6.6110783939,0.486966,0.400598,28.8687,1.3586,1.5496,0.066215,0.635338,-1.471038,184,0.156617,1872.6191,0.061165,0
330,14.08,4984.54,4994.3973,10113.28,-6.9672556577,0.285771,0.370929,23.5895,1.3991,1.7148,0.071785,0.639942,-3.15638,204,0.164629,2022.4073,0.063362,0
331,14.1227,5041.29,5016.6672,10277.34,-7.1289614716,0.308672,0.360401,20.4051,1.3894,1.6215,0.073869,0.650342,-2.986398,185,0.16432,1859.326,0.069955,0
332,14.1653,4925.22,4926.1849,9984.38,-6.7698331776,0.300118,0.372764,25.0036,1.4067,1.7259,0.071428,0.604723,-1.011583,204,0.164959,1880.3916,0.066659,0
333,14.208,4886.75,4911.5918,9914.06,-6.2805344789,0.393041,0.414635,35.8828,1.3822,1.5357,0.063722,0.578287,0.037058,196,0.178231,1900.1242,0.061653,0
334,14.2507,5121.15,4937.3555,10253.91,-6.5250769613,0.331127,0.391024,26.8769,1.3496,1.5349,0.067966,0.63424,-2.220278,186,0.17047,1895.3915,0.065926,0
335,14.2933,5050.22,4921.5707,10054.69,-5.9975324351,0.35689,0.429694,37.3493,1.3281,1.4081,0.06114,0.583371,0.753516,183,0.173337,1877.7877,0.064339,0
336,14.336,5032.15,4993.5298,10253.91,-6.7787863237,0.3605,0.389885,26.5286,1.3705,1.5481,0.068177,0.618852,-1.181516,192,0.161596,1820.7412,0.064339,0
337,14.3787,5039.06,4945.549,10218.75,-6.1239724245,0.404012,0.42576,37.9513,1.2832,1.2518,0.061806,0.568402,-1.20286,182,0.163116,1879.201,0.064339,0
338,14.4213,5005.18,4982.7712,10347.66,-6.0706088666,0.322576,0.43829,38.6659,1.2587,1.1185,0.059706,0.55452,-7.872474,186,0.158219,1895.9685,0.06031,0
339,14.464,5021.46,4898.3263,9996.09,-6.822889971,0.354951,0.382773,22.468,1.3985,1.7305,0.06951,0.636459,-2.570192,192,0.16969,1833.9723,0.063728,0
340,14.5067,5011.12,5031.7589,10359.38,-6.5761168472,0.379476,0.402968,30.4185,1.3321,1.3765,0.065788,0.610808,-8.69572,180,0.167141,1779.6125,0.067757,0
341,14.5493,5185.37,5027.2799,10265.62,-6.97611845,0.410408,0.36952,20.3747,1.3986,1.6823,0.07206,0.661031,-5.890862,206,0.175397,1887.6214,0.068978,0
342,14.592,4848.92,4818.4067,9703.12,-6.6346202053,0.417845,0.39506,31.5628,1.4017,1.7247,0.067223,0.612561,-1.470786,186,0.173149,1830.1018,0.065194,0
343,14.6347,4775.14,4802.5786,9832.03,-6.1275595695,0.432151,0.427538,42.4392,1.394,1.6171,0.061504,0.550105,-1.206811,167,0.165203,1946.4085,0.058723,0
344,14.6773,5046.36,4884.9558,10007.81,-6.2921574297,0.274107,0.431352,37.8157,1.3437,1.5182,0.060861,0.591897,-0.640144,170,0.163601,1815.0244,0.065438,0
345,14.72,5059.74,4993.7209,10347.66,-6.3773996371,0.467264,0.407395,32.6104,1.3139,1.3946,0.064997,0.573338,-2.163536,183,0.169766,1822.8974,0.064827,0
346,14.7627,4919.06,4815.3068,10054.69,-5.6208144125,0.422648,0.465107,51.3881,1.2808,1.2446,0.055408,0.49203,2.246715,163,0.164723,2044.2913,0.054572,0
347,14.8053,4920.95,4844.8715,10007.81,-5.6483699727,0.365924,0.466688,49.8531,1.2829,1.2239,0.055162,0.508,1.571847,179,0.159204,1968.4374,0.055671,0
348,14.848,4967.51,4918.7292,9925.78,-6.2952058443,0.314574,0.415972,36.7307,1.3739,1.6034,0.063489,0.561904,-1.254946,183,0.164477,1836.2387,0.059822,0
349,14.8907,4981.12,4901.1481,10078.12,-5.9966477988,0.323765,0.434949,40.9425,1.3446,1.4299,0.06026,0.572481,-0.154795,199,0.162636,1882.7582,0.063484,0
350,14.9333,4949.45,4910.6904,10066.41,-6.3497054672,0.36481,0.425138,37.6091,1.3656,1.5411,0.061912,0.595184,-0.00712,202,0.158755,1915.8097,0.065438,0
351,14.976,5023.6,4932.3472,10218.75,-7.3266175457,0.48698,0.344198,17.3392,1.4249,1.8433,0.077199,0.659669,-5.11947,192,0.165202,1926.5773,0.069222,0
352,15.0187,5174.01,4968.8929,10359.38,-6.7220538022,0.275938,0.388402,26.3703,1.3371,1.5191,0.068453,0.65182,-2.419415,196,0.174473,1914.1782,0.070321,0
353,15.0613,5105.47,5075.265,10371.09,-6.8656064406,0.326364,0.375019,22.053,1.3518,1.5015,0.070991,0.633087,-3.827336,192,0.1652,1972.7382,0.071054,0
354,15.104,5089.82,4972.0678,10207.03,-6.8773800065,0.439424,0.379285,22.5455,1.3826,1.63,0.070172,0.643456,-1.141169,185,0.164345,1825.3623,0.070932,0
355,15.1467,4951.49,4884.5144,9960.94,-6.7784829123,0.345419,0.384235,26.9753,1.4027,1.7526,0.069234,0.639268,-7.806496,187,0.168317,1900.3983,0.066903,0
356,15.1893,5071.51,4942.8385,10160.16,-6.2405996132,0.487137,0.420326,35.9444,1.3366,1.4253,0.062736,0.593017,-1.915676,188,0.160382,1768.515,0.063973,0
357,15.232,4999.33,4858.238,9878.91,-6.8103116835,0.395514,0.380392,25.6396,1.3921,1.7545,0.069961,0.627685,-5.697485,189,0.160701,1895.8812,0.064949,0
358,15.2747,5316.41,5047.9725,10523.44,-7.5344648897,0.416614,0.337473,15.2037,1.4225,1.8326,0.078627,0.687122,-3.944163,178,0.168131,1817.5537,0.071298,0
359,15.3173,5179.03,4982.5897,10347.66,-6.7424062581,0.444804,0.395552,25.3601,1.3235,1.4229,0.067133,0.648943,-2.929105,181,0.168565,1831.4353,0.070443,0
360,15.36,4836.0,4826.0458,9890.62,-5.9340214777,0.387177,0.446377,46.3827,1.3278,1.3678,0.058383,0.526344,1.417087,190,0.1722,2010.3585,0.057502,0
361,15.4027,4765.7,4778.1963,9703.12,-6.0234075047,0.387945,0.439988,44.9405,1.3717,1.5411,0.059426,0.53758,0.211598,185,0.163362,1961.1415,0.052619,0
362,15.4453,5208.86,5035.6428,10546.88,-6.9736636149,0.380046,0.380579,22.177,1.3697,1.5899,0.069926,0.65248,-2.704472,195,0.17513,1687.9811,0.070077,0
363,15.488,5283.96,5027.4953,10605.47,-6.9950134801,0.445284,0.372062,20.7352,1.3765,1.6158,0.071564,0.675768,-4.126076,172,0.16074,1791.6892,0.076181,0
364,15.5307,4925.8,4900.6937,9960.94,-6.2881105507,0.353683,0.416391,35.0097,1.3767,1.5765,0.063416,0.577272,-1.404685,207,0.171807,1858.0017,0.064339,0
365,15.5733,4788.73,4839.2991,9890.62,-6.1777401442,0.513641,0.415209,39.2539,1.427,1.6934,0.063622,0.565439,0.828318,205,0.176199,1831.3364,0.056281,0
366,15.616,4947.61,4940.1992,10066.41,-6.0895450424,0.424172,0.434316,38.048,1.3663,1.4472,0.060366,0.576909,-0.280784,185,0.169096,1807.2773,0.057258,0
367,15.6587,4859.74,4977.9079,10148.44,-6.3949611548,0.331621,0.409825,32.6462,1.3866,1.4973,0.064567,0.592692,-5.221124,191,0.157452,1926.7478,0.059089,0
368,15.7013,5066.75,5099.2819,10558.59,-7.0449845318,0.25962,0.365544,21.0038,1.3633,1.5021,0.072843,0.627042,-4.000991,202,0.166376,1812.8064,0.058723,0
369,15.744,4925.66,4968.9579,10019.53,-6.9138940851,0.359049,0.373641,24.3157,1.3808,1.5991,0.071258,0.60179,-4.455011,184,0.16829,1813.5222,0.065438,0
370,15.7867,5019.79,4937.0305,10242.19,-6.2075944592,0.421299,0.424819,36.4802,1.3334,1.4246,0.061966,0.581779,-7.49672,177,0.169864,1942.7541,0.064583,0
371,15.8293,4950.32,4903.1217,9960.94,-5.8607511512,0.353988,0.447742,44.4993,1.3127,1.3345,0.058162,0.538012,0.18251,197,0.167006,1884.6487,0.054572,0
372,15.872,4996.16,4983.7155,10476.56,-6.0513145671,0.337439,0.432135,39.8212,1.2887,1.2015,0.06073,0.552834,-7.529988,171,0.166671,1948.0359,0.054694,0
373,15.9147,5255.21,5037.0428,10640.62,-6.6504422475,0.376459,0.39739,25.5419,1.2935,1.335,0.066797,0.657669,-2.050321,188,0.178776,1867.3457,0.063606,0
374,15.9573,4993.64,4973.4797,10019.53,-6.2184456685,0.24776,0.420112,34.3837,1.3248,1.4007,0.062772,0.567702,-5.239039,185,0.167974,1851.9991,0.068368,0
375,16.0,5071.57,4982.3749,10207.03,-6.9668453984,0.365923,0.37188,22.5277,1.3898,1.627,0.071599,0.662801,-4.560692,220,0.179915,1908.4171,0.070321,0
376,16.0427,5001.77,4893.7866,10066.41,-6.5548506774,0.387695,0.404276,28.6889,1.3296,1.4233,0.065554,0.614777,-0.228056,224,0.163927,1792.7247,0.067025,0
377,16.0853,5169.05,4910.2704,10230.47,-6.2764737981,0.364965,0.421969,31.8071,1.306,1.4028,0.062453,0.598861,-4.894894,163,0.163797,1888.4168,0.067391,0
378,16.128,5193.88,4986.1453,10113.28,-7.3150976537,0.419377,0.350853,16.9332,1.4158,1.8052,0.075812,0.684036,-5.831627,187,0.166895,1866.0048,0.07435,0
379,16.1707,5139.58,5001.2448,10453.12,-6.9019715818,0.310997,0.373322,21.1335,1.3855,1.6762,0.071319,0.648119,-3.399708,191,0.164629,1937.1019,0.076792,0
380,16.2133,5104.82,5028.1258,10453.12,-7.25766145,0.323419,0.360557,19.7912,1.3862,1.6922,0.073838,0.665965,-6.018896,188,0.159421,1841.5774,0.073251,0
381,16.256,5224.93,4978.297,10523.44,-7.0570271255,0.293309,0.375766,21.3734,1.3374,1.523,0.070847,0.682941,-2.942644,197,0.16061,1859.4823,0.070199,0
382,16.2987,4961.35,4898.6019,10101.56,-6.6784348867,0.380603,0.395266,28.9849,1.3775,1.6008,0.067185,0.639841,-1.998943,201,0.159544,1846.7838,0.070321,0
383,16.3413,5000.05,4918.969,10253.91,-6.2524632723,0.389694,0.426438,35.879,1.3193,1.3496,0.061691,0.598816,-1.327467,176,0.160518,1809.9214,0.06556,0
384,16.384,5033.06,4923.7959,10230.47,-5.9749194243,0.415273,0.445288,43.0773,1.2825,1.2167,0.05856,0.556545,-0.228902,186,0.168123,1878.9517,0.062996,0
385,16.4267,5058.31,4926.2884,10347.66,-6.2525396743,0.394578,0.420172,33.5149,1.3332,1.4198,0.062762,0.615324,-6.875363,164,0.176049,1839.2711,0.066536,0
386,16.4693,4904.17,4908.1295,10019.53,-6.3059384121,0.264734,0.418483,35.1896,1.345,1.4299,0.063054,0.592652,-1.609849,192,0.176373,1830.9714,0.063973,0
387,16.512,4996.79,4940.8347,10089.84,-6.2210227082,0.41033,0.424455,35.2824,1.3449,1.4243,0.062028,0.601516,-0.022098,173,0.159987,1942.0822,0.064827,0
388,16.5547,4976.88,4873.0864,10042.97,-6.3412104599,0.409073,0.409833,31.9149,1.336,1.4774,0.064565,0.574832,-6.372731,204,0.176398,1827.2523,0.074106,0
389,16.5973,5002.05,4877.3006,10031.25,-6.6118651956,0.341543,0.393868,27.6037,1.3874,1.6736,0.067442,0.626356,-5.863087,195,0.177787,1729.606,0.073129,0
390,16.64,5086.32,4985.7747,10230.47,-6.7625079901,0.356425,0.390119,25.6745,1.3773,1.6198,0.068134,0.642752,-0.632421,197,0.166445,1738.8484,0.065194,0
391,16.6827,4760.97,4836.3612,9796.88,-6.1113850156,0.351037,0.428648,41.2232,1.393,1.596,0.061316,0.555699,-0.142891,164,0.171771,1968.29,0.056892,0
392,16.7253,4801.18,4886.9187,9949.22,-6.2723626024,0.347358,0.422866,42.1387,1.3816,1.525,0.0623,0.563817,-0.017744,195,0.166462,2015.746,0.056648,0
393,16.768,4916.91,4848.3468,10054.69,-5.8329163369,0.514464,0.44247,47.9807,1.3199,1.3473,0.059019,0.516271,3.139263,175,0.175974,1873.2946,0.055549,0
394,16.8107,4764.14,4861.0838,9949.22,-5.6584572191,0.31381,0.455478,55.3603,1.2935,1.2008,0.056922,0.464832,1.792883,187,0.164063,1904.3773,0.050421,0
395,16.8533,4858.27,4874.2412,10066.41,-5.9319478293,0.3627,0.444435,47.4779,1.3129,1.2836,0.058699,0.521178,0.858638,182,0.160668,1945.9983,0.052008,0
396,16.896,4872.77,4851.7875,10148.44,-5.8379033367,0.32715,0.451212,48.0147,1.3173,1.2773,0.057603,0.523991,1.359888,180,0.163894,1893.0894,0.055671,0
397,16.9387,4998.3,4985.2088,10113.28,-6.8203942741,0.275829,0.375842,25.9123,1.3687,1.5882,0.070832,0.607603,-4.005258,193,0.181077,1831.6927,0.061897,0
398,16.9813,4965.41,4857.2662,9996.09,-5.8957626196,0.406234,0.44185,45.2972,1.3296,1.4016,0.059121,0.542998,1.415982,198,0.175699,2026.944,0.059211,0
399,17.024,4877.35,4874.1471,9914.06,-6.1042901902,0.294905,0.434886,40.7572,1.3571,1.4538,0.060271,0.564123,0.961091,182,0.154501,1827.8915,0.062019,0
400,17.0667,5231.6,5004.312,10359.38,-7.0585486032,0.340734,0.357965,19.4198,1.3791,1.6817,0.07436,0.660425,-4.062345,194,0.168505,1908.6295,0.073007,0
401,17.1093,5129.14,5009.3412,10347.66,-6.9659453842,0.316223,0.362122,22.4634,1.3845,1.6745,0.073524,0.636284,-1.569093,181,0.166871,1884.0281,0.067757,0
402,17.152,5024.79,4975.1622,10125.0,-6.6855709046,0.348226,0.382411,28.7103,1.3634,1.5647,0.069578,0.605949,-3.352316,175,0.17294,1968.2045,0.060798,0
403,17.1947,5130.56,4979.7907,10347.66,-6.4291786912,0.416056,0.414016,29.6428,1.2862,1.2826,0.06383,0.614731,-7.21706,172,0.1707,1689.9198,0.073373,0
404,17.2373,5098.05,4944.4736,10113.28,-6.8568187246,0.299509,0.37776,23.4266,1.4052,1.7341,0.070464,0.656491,-4.598422,223,0.15877,1790.7919,0.073129,0
405,17.28,5045.76,4943.91,10078.12,-6.5853323791,0.373919,0.39198,26.0238,1.3797,1.5881,0.067789,0.624929,-5.877307,182,0.162005,1822.6631,0.061043,0
406,17.3227,5056.89,5028.5909,10195.31,-7.0882890252,0.331144,0.360203,20.3811,1.4439,1.8258,0.073909,0.646953,-3.948504,189,0.159598,1938.5029,0.068368,0
407,17.3653,5179.92,5057.0995,10546.88,-7.421899924,0.328911,0.340288,16.308,1.4031,1.7731,0.078026,0.678911,-3.61792,188,0.15545,1900.201,0.073373,0
408,17.408,4984.32,4915.8545,9960.94,-6.9090772339,0.437419,0.366217,22.5749,1.3972,1.7637,0.07271,0.625896,-5.853866,192,0.170208,1805.6167,0.066659,0
409,17.4507,4997.3,4962.4962,9996.09,-6.7958074031,0.39241,0.389483,25.7771,1.4142,1.7372,0.068252,0.636975,-6.926986,213,0.168378,1777.3989,0.064339,0
410,17.4933,5173.31,5040.0614,10429.69,-6.7596074998,0.274082,0.392455,25.5766,1.3478,1.5087,0.067702,0.638669,-5.975479,180,0.159663,1841.472,0.067879,0
411,17.536,5170.77,4993.1061,10453.12,-6.582433126,0.414853,0.395498,25.497,1.3296,1.4396,0.067143,0.629599,-7.571219,184,0.160857,1851.3135,0.071664,0
412,17.5787,5025.49,4928.3976,10253.91,-6.5910131076,0.400963,0.401088,30.5644,1.368,1.5333,0.066127,0.62746,-4.515621,186,0.164967,1798.7418,0.073862,0
413,17.6213,5154.52,4924.5162,10230.47,-6.6603192402,0.430254,0.393412,25.5386,1.3617,1.6113,0.067525,0.645639,-1.444862,179,0.168632,1925.3492,0.072641,0
414,17.664,5109.78,4963.9902,10101.56,-7.2772153899,0.428156,0.345811,17.7665,1.4237,1.8395,0.07686,0.664835,-2.724283,200,0.173479,1885.712,0.070565,0
415,17.7067,4838.16,4890.5363,9796.88,-6.6940336791,0.391011,0.386782,27.201,1.4194,1.7108,0.068756,0.622882,-2.884339,178,0.175891,1806.0525,0.059944,0
416,17.7493,4806.13,4867.0925,9867.19,-5.9179471762,0.253912,0.442202,44.2779,1.3689,1.445,0.059063,0.536257,0.965814,184,0.183283,1831.3172,0.05677,0
417,17.792,5078.31,4946.2344,10253.91,-6.6101333288,0.342774,0.405953,29.2766,1.3234,1.3793,0.065254,0.63962,-6.104599,184,0.167316,1779.5334,0.066781,0
418,17.8347,4862.56,4893.8371,10054.69,-5.9861454417,0.367488,0.446357,44.9037,1.3196,1.3202,0.058386,0.53817,0.826421,181,0.166323,1858.6586,0.066903,0
419,17.8773,4853.99,4896.7991,9785.16,-6.3086254856,0.339554,0.402866,32.9202,1.4151,1.6798,0.065806,0.603025,-0.326306,208,0.170567,1836.1964,0.060921,0
420,17.92,5002.67,4923.6317,9996.09,-6.2874991256,0.324707,0.414866,34.7415,1.3663,1.5215,0.063682,0.59916,0.457864,208,0.168067,1920.8304,0.066048,0
421,17.9627,5036.37,4990.0622,10207.03,-6.655899204,0.360025,0.393634,27.9865,1.4034,1.5984,0.067484,0.643612,-0.628621,193,0.163188,1866.5062,0.067879,0
422,18.0053,4960.14,4939.065,10183.59,-6.3876019376,0.372332,0.410004,33.729,1.3921,1.5405,0.064535,0.616684,-1.757064,183,0.165137,1766.8887,0.061897,0
423,18.048,4847.82,4860.3205,9726.56,-6.3056354946,0.359557,0.409764,35.3789,1.391,1.6378,0.064578,0.578056,1.847736,209,0.163056,1938.2382,0.061653,0
424,18.0907,5077.83,4983.9126,10347.66,-6.0911566776,0.345843,0.430635,39.0202,1.2944,1.2631,0.060982,0.565448,2.447706,209,0.166409,1864.779,0.062386,0
425,18.1333,4938.08,4901.3453,10207.03,-5.6877262322,0.307429,0.464168,51.0531,1.2957,1.243,0.055554,0.511708,1.349245,198,0.168051,2062.1729,0.061165,0
426,18.176,4859.52,4885.9153,10101.56,-5.9264274166,0.278136,0.43402,42.6737,1.3131,1.2971,0.060415,0.532468,0.76938,169,0.157862,1966.8058,0.058479,0
427,18.2187,5069.81,4895.0696,10160.16,-6.2581139295,0.54681,0.416939,32.8506,1.3257,1.4372,0.063321,0.610661,-0.195772,184,0.177873,1906.5262,0.059822,0
428,18.2613,4940.9,4885.838,10066.41,-6.0491719239,0.417873,0.427466,38.0797,1.3184,1.3375,0.061516,0.576452,-0.758885,184,0.170085,1832.6127,0.059944,0
429,18.304,4946.73,4904.7786,10078.12,-6.0696330632,0.391155,0.426554,38.8394,1.3273,1.3531,0.061671,0.562879,-6.400415,167,0.170375,1893.3984,0.05799,0
430,18.3467,4934.29,4896.4581,9960.94,-5.9162620419,0.333628,0.452041,45.8438,1.3288,1.3618,0.05747,0.523438,0.904516,202,0.163079,1953.7393,0.056892,0
431,18.3893,5018.69,4974.9674,10382.81,-6.0977746625,0.298756,0.427812,36.7041,1.3324,1.3312,0.061458,0.585953,0.270641,190,0.157143,1956.1876,0.059089,0
432,18.432,5107.67,4958.1593,10265.62,-6.546995604,0.426099,0.404717,29.702,1.3588,1.5273,0.065475,0.641664,-0.040248,182,0.166526,1888.5934,0.066781,0
433,18.4747,5021.63,5001.389,10195.31,-6.7708627391,0.370905,0.38846,25.5025,1.3549,1.5083,0.068442,0.627412,-4.469879,196,0.164841,1764.5681,0.066414,0
434,18.5173,5043.79,4887.6101,10195.31,-6.2798600072,0.322113,0.421767,32.6794,1.2956,1.3049,0.062488,0.602635,-7.938633,158,0.168012,1808.5492,0.062019,0
435,18.56,4888.25,4898.4198,9996.09,-5.7032766696,0.335635,0.445701,47.3073,1.3096,1.2576,0.058493,0.520674,2.132484,180,0.168621,1943.7063,0.057014,0
436,18.6027,4887.3,4900.9804,9925.78,-6.376701615,0.374395,0.407747,34.6943,1.3839,1.5807,0.064935,0.582989,-4.772382,171,0.168679,1763.4904,0.061653,0
437,18.6453,5118.86,4999.0757,10359.38,-6.4396834246,0.221148,0.404858,28.6563,1.3028,1.3142,0.065449,0.616757,-0.951035,202,0.159221,1833.3994,0.06617,0
438,18.688,4849.23,4965.2876,10160.16,-5.8874174299,0.206988,0.446659,47.8979,1.3141,1.2432,0.058337,0.517373,0.108572,159,0.166704,1816.618,0.059944,0
439,18.7307,4876.16,4878.4013,10042.97,-6.1156812626,0.396386,0.430211,40.5444,1.3518,1.4637,0.061053,0.560741,-0.130968,189,0.156852,1920.5053,0.062263,0
440,18.7733,5152.03,4899.7303,10101.56,-6.7370091301,0.424512,0.391379,27.0893,1.3737,1.6915,0.0679,0.64082,-2.630316,183,0.161277,1885.1312,0.067757,0
441,18.816,4899.4,4981.7904,9937.5,-6.625886448,0.340263,0.389522,29.7649,1.3938,1.5888,0.068245,0.617578,-5.548942,180,0.167484,1909.5321,0.06617,0
442,18.8587,4899.54,4965.7843,10007.81,-6.7995045793,0.36504,0.380045,25.5172,1.403,1.6679,0.070028,0.624815,-8.565725,196,0.1646,1925.65,0.064583,0
443,18.9013,5033.3,4937.1466,10183.59,-6.8525243822,0.283722,0.382828,25.629,1.3393,1.5223,0.069499,0.618344,-5.518878,187,0.161343,1926.935,0.068978,0
444,18.944,5021.75,4994.5931,10125.0,-6.8478182005,0.37601,0.382063,23.439,1.3827,1.6279,0.069644,0.630541,-6.824514,187,0.161771,1795.3399,0.069222,0
445,18.9867,5102.53,4958.8642,10242.19,-6.5141606985,0.260867,0.411427,29.4337,1.315,1.4083,0.064285,0.625767,-0.783947,204,0.162255,1888.5085,0.067879,0
446,19.0293,5073.62,4983.7409,10195.31,-7.0832373973,0.286643,0.361029,21.7381,1.3712,1.6448,0.073743,0.637285,-4.616281,178,0.170736,1945.0095,0.064827,0
447,19.072,4998.22,4958.6021,10207.03,-6.7661253983,0.354484,0.382186,26.0809,1.3664,1.5529,0.069621,0.627298,-6.815027,185,0.165505,1858.0084,0.063606,0
448,19.1147,5124.32,5045.7257,10523.44,-6.7366816807,0.322489,0.390165,24.4051,1.3473,1.4935,0.068125,0.628791,-4.871344,183,0.160667,1947.341,0.067147,0
449,19.1573,5131.61,5083.1569,10722.66,-6.5190672612,0.198581,0.399682,28.1534,1.2923,1.2513,0.066381,0.607069,-5.125598,186,0.161282,1852.9393,0.067635,0
450,19.2,4943.84,4991.3777,9925.78,-7.1577448875,0.296673,0.359994,21.5282,1.4312,1.7795,0.073951,0.646981,-5.075393,155,0.152866,1902.916,0.068734,0
451,19.2427,5137.2,5010.235,10207.03,-7.0238576371,0.410097,0.361299,21.001,1.3825,1.6302,0.073689,0.653283,-4.719169,166,0.166488,1878.4368,0.066414,0
452,19.2853,4964.98,4885.4829,9996.09,-6.1635963529,0.425359,0.424253,36.3518,1.3007,1.3461,0.062062,0.588864,-8.294467,155,0.157829,1845.5958,0.06031,0
453,19.328,4914.01,4931.6776,10183.59,-6.1519371766,0.531607,0.424826,37.1763,1.3407,1.3711,0.061965,0.586666,1.155935,175,0.17089,1770.6165,0.058845,0
454,19.3707,5156.78,5050.8679,10476.56,-6.730519197,0.370532,0.395664,24.3125,1.3307,1.393,0.067112,0.639413,-4.976798,168,0.165806,1742.7058,0.061775,0
455,19.4133,5185.34,5012.0107,10464.84,-6.6168519481,0.422666,0.39894,25.4143,1.2901,1.3232,0.066515,0.624558,-5.929606,195,0.159476,1882.9814,0.065926,0
456,19.456,5013.56,4938.4087,10242.19,-6.7176684834,0.322742,0.386848,26.7343,1.383,1.6109,0.068743,0.622352,-3.103101,199,0.169836,1889.0316,0.072885,0
457,19.4987,5180.67,4988.0332,10371.09,-7.138268759,0.332199,0.363587,19.8782,1.3811,1.6683,0.073232,0.672607,-6.979293,164,0.163482,1915.0708,0.076425,0
458,19.5413,5138.96,4980.5879,10324.22,-6.526725514,0.36088,0.398235,28.5194,1.3421,1.4768,0.066644,0.614527,-1.750455,172,0.169424,1837.322,0.068612,0
459,19.584,4907.28,4904.4026,10054.69,-6.0659197186,0.34327,0.436047,41.5575,1.3355,1.3449,0.060078,0.551368,-4.93148,183,0.165532,1809.262,0.061897,0
460,19.6267,5052.81,4949.5432,10148.44,-6.7358671881,0.383719,0.397863,26.797,1.3593,1.5286,0.066711,0.64428,-2.202226,189,0.162554,1777.7539,0.064217,0
461,19.6693,5046.48,4984.2637,10347.66,-6.0728476133,0.430957,0.433726,37.5621,1.3222,1.3087,0.060464,0.568287,-6.692647,191,0.159267,1810.8865,0.060676,0
462,19.712,5142.7,4951.4646,10476.56,-6.377021968,0.25936,0.420152,32.7196,1.2878,1.298,0.062766,0.624652,-1.644277,191,0.165816,1836.8889,0.068856,0
463,19.7547,5112.75,4985.0207,10371.09,-7.6304660814,0.403547,0.33734,16.1109,1.4218,1.8362,0.078655,0.683384,-5.921338,175,0.158962,1797.6367,0.077646,0
464,19.7973,5075.63,4903.2548,10054.69,-6.7543952724,0.31977,0.389514,26.2329,1.3907,1.6884,0.068246,0.646542,-4.42189,183,0.159646,1822.0907,0.068001,0
465,19.84,5169.49,5013.0273,10289.06,-7.4855629292,0.365857,0.341946,17.0405,1.4181,1.7815,0.077674,0.676686,-4.739873,157,0.169647,1833.2261,0.067635,0
466,19.8827,4962.28,4930.8586,10089.84,-6.6024797371,0.395751,0.396984,28.395,1.3951,1.6213,0.066871,0.630589,-1.748403,186,0.173103,1868.3598,0.068246,0
467,19.9253,5174.64,4948.7658,10382.81,-6.3854332674,0.450897,0.416332,30.6843,1.3398,1.4839,0.063427,0.624996,-1.924349,177,0.164106,1920.7797,0.069833,0
468,19.968,4980.02,5009.9922,9996.09,-6.9315090501,0.307554,0.372036,23.6631,1.4208,1.7041,0.071569,0.629222,-2.66677,198,0.1622,1810.1382,0.072152,0
469,20.0107,4762.89,4874.178,9890.62,-6.4173216785,0.384825,0.399397,32.7892,1.3937,1.6122,0.066433,0.558556,-5.877272,194,0.166378,1861.4334,0.064583,0
470,20.0533,5182.79,5050.0961,10546.88,-6.8144137812,0.304843,0.386666,25.4229,1.3318,1.4564,0.068777,0.639897,-2.810746,192,0.170293,1806.6866,0.064217,0
471,20.096,5271.69,5003.2697,10417.97,-6.7829831024,0.304382,0.395137,25.2244,1.3281,1.479,0.067209,0.665466,-6.651987,174,0.1534,1868.7599,0.074472,0
472,20.1387,5108.07,5002.889,10359.38,-7.0345578233,0.358072,0.372208,20.8199,1.4097,1.7172,0.071536,0.663723,-5.915816,189,0.165902,1840.9657,0.075815,0
473,20.1813,5085.13,4974.0921,10195.31,-6.586858772,0.3755,0.394128,26.9029,1.3881,1.5949,0.067394,0.627186,-4.183474,197,0.163553,1811.6071,0.068368,0
474,20.224,5176.16,5014.3438,10359.38,-7.0051971809,0.405596,0.370128,22.6236,1.3655,1.609,0.071941,0.659489,-4.771384,173,0.161605,1844.0324,0.068612,0
475,20.2667,4945.95,4967.189,10007.81,-6.7771750196,0.29326,0.382413,25.3238,1.4358,1.7593,0.069578,0.63788,-1.817926,197,0.161318,1900.8639,0.069833,0
476,20.3093,5118.11,4933.4674,10359.38,-6.6646561452,0.403698,0.398335,25.9617,1.343,1.4882,0.066625,0.647322,-6.556519,179,0.160798,1945.1779,0.072397,0
477,20.352,5180.62,4928.2309,10289.06,-6.9681768456,0.386245,0.376534,23.2999,1.3684,1.7021,0.070699,0.642864,-5.719671,177,0.156592,1814.4235,0.068856,0
478,20.3947,5047.73,4947.0374,10429.69,-6.3116316207,0.379608,0.41267,32.706,1.3077,1.3387,0.064066,0.599203,-4.331111,191,0.158693,1960.0924,0.062874,0
479,20.4373,4986.61,4900.7884,9937.5,-7.0884592185,0.387823,0.366056,22.089,1.3998,1.75,0.072742,0.63551,-2.216868,180,0.16249,1859.4229,0.067147,0
480,20.48,4879.47,4949.0168,10054.69,-6.3262891908,0.330803,0.412205,35.7668,1.3685,1.5025,0.064148,0.549823,-7.632934,179,0.179964,1807.492,0.062141,0
481,20.5227,5017.63,4928.2692,10183.59,-6.0504700918,0.348762,0.428933,39.6376,1.3097,1.3162,0.061268,0.560615,0.772937,173,0.170802,1854.6483,0.057746,0
482,20.5653,4921.33,4924.5775,10089.84,-6.4235213147,0.308336,0.410819,32.2572,1.3745,1.552,0.064392,0.58864,-6.777734,167,0.174412,1802.106,0.063606,0
483,20.608,5131.52,5017.5953,10453.12,-7.096871722,0.297057,0.367336,20.9553,1.3563,1.5492,0.07249,0.668419,-5.055971,185,0.159037,1907.203,0.071298,0
484,20.6507,4852.57,4927.4245,10019.53,-6.4558552827,0.259399,0.407851,31.7625,1.3867,1.5318,0.064916,0.604406,0.514106,170,0.157486,1785.8657,0.068246,0
485,20.6933,5101.18,5031.9996,10253.91,-7.216119724,0.281079,0.35555,19.7127,1.3938,1.6973,0.07485,0.649271,-1.550859,204,0.174458,1823.7074,0.068001,0
486,20.736,5097.4,4973.0145,10218.75,-6.9632032712,0.340627,0.377008,22.4686,1.3668,1.6165,0.070608,0.659423,-6.329536,180,0.167652,1773.1855,0.070199,0
487,20.7787,5143.34,4944.8306,10253.91,-6.7502748421,0.362794,0.391052,25.6567,1.3364,1.4998,0.067961,0.645302,-1.71884,176,0.16564,1794.0202,0.066903,0
488,20.8213,5102.71,4977.9084,10558.59,-6.271537261,0.306547,0.424083,35.4935,1.2864,1.2294,0.062092,0.596628,0.338157,182,0.163349,1897.293,0.071054,0
489,20.864,5250.29,5080.8664,10476.56,-7.1572488976,0.264103,0.372651,20.0991,1.3399,1.5062,0.07145,0.666359,-2.733937,199,0.160411,1849.2598,0.072397,0
490,20.9067,4994.9,4963.3246,10089.84,-6.6637794281,0.318488,0.395588,26.7245,1.3476,1.4874,0.067126,0.617821,-0.413216,180,0.159715,1863.0836,0.06849,0
491,20.9493,4968.51,4899.8263,10054.69,-5.6283533495,0.481458,0.463878,52.4364,1.2967,1.2448,0.055599,0.491756,2.939784,186,0.167457,1990.4576,0.055915,0
492,20.992,4925.27,4921.0799,10253.91,-6.356293995,0.524639,0.413817,32.2507,1.3457,1.4228,0.063865,0.610651,-2.477032,170,0.164733,1792.0495,0.058357,0
493,21.0347,5107.14,4940.5172,10136.72,-7.0027276297,0.460581,0.369425,21.8853,1.3942,1.7106,0.072079,0.654616,-1.018072,186,0.172379,1899.4965,0.066659,0
494,21.0773,4874.71,4844.0968,9878.91,-6.2009733147,0.458224,0.417633,39.7051,1.4034,1.6423,0.063201,0.581025,0.566618,193,0.180208,1854.1406,0.065438,0
495,21.12,5079.78,4986.0866,10195.31,-6.7892168065,0.424476,0.388184,25.1964,1.3837,1.594,0.068494,0.657441,-3.338701,185,0.16165,1817.3171,0.069833,0
496,21.1627,5254.83,5003.2224,10253.91,-7.1419691219,0.362225,0.367235,19.4737,1.3407,1.5588,0.072509,0.680618,-5.235586,171,0.158309,1851.1503,0.069711,0
497,21.2053,5038.79,4829.9487,10019.53,-6.2132272328,0.337679,0.42829,36.376,1.3216,1.4643,0.061377,0.60057,0.210947,190,0.16743,1840.403,0.06849,0
498,21.248,4951.59,4890.0082,10007.81,-6.0825093322,0.365029,0.438997,39.3993,1.3303,1.3829,0.05959,0.568191,0.078466,177,0.154591,1729.2283,0.062874,0
499,21.2907,4775.87,4819.2745,9902.34,-6.1106558404,0.455648,0.42548,41.6863,1.3669,1.5055,0.061854,0.563685,-0.602194,184,0.163732,2020.2623,0.06263,0
500,21.3333,5037.69,4910.3536,10125.0,-6.1579951312,0.399909,0.425861,38.0128,1.3416,1.4459,0.061789,0.595538,-1.673263,170,0.164477,1852.7915,0.065804,0
501,21.376,4816.95,4806.4909,9820.31,-6.4879329949,0.423926,0.404808,34.7907,1.3772,1.6057,0.065458,0.593231,-1.93068,183,0.180023,1854.1861,0.060921,0
502,21.4187,5147.34,4921.1754,10242.19,-5.8794313492,0.357451,0.441631,40.4865,1.2412,1.1719,0.059157,0.560735,1.251111,175,0.179288,1903.006,0.065316,0
503,21.4613,5004.83,4893.4785,10007.81,-6.9659733489,0.359666,0.377001,23.494,1.4083,1.7753,0.07061,0.65397,-2.559317,173,0.169546,1854.2248,0.067147,0
504,21.504,4933.36,4872.7922,10042.97,-6.0928311146,0.309671,0.429694,40.9294,1.3589,1.4896,0.06114,0.57102,-0.406634,182,0.168873,1964.5159,0.060554,0
505,21.5467,4883.46,4839.9396,9960.94,-5.9123065898,0.248651,0.447716,47.0638,1.3369,1.4025,0.058166,0.526845,0.646714,204,0.159296,1909.2224,0.059944,0
506,21.5893,5034.98,5003.0461,10218.75,-6.6081988713,0.33796,0.397398,28.0227,1.3669,1.5097,0.066796,0.617586,-2.064121,215,0.172726,1771.5321,0.064461,0
507,21.632,4963.04,4965.0504,10464.84,-6.4893512454,0.284132,0.406751,30.9839,1.3237,1.3534,0.065112,0.594958,-8.070047,175,0.166991,1815.296,0.069589,0
508,21.6747,5151.07,5046.8448,10558.59,-6.7136319441,0.289931,0.395139,26.2698,1.3237,1.3458,0.067208,0.630595,-0.716467,195,0.167246,1769.7463,0.068368,0
509,21.7173,5005.24,4953.065,10441.41,-6.3885719718,0.232084,0.417047,34.471,1.3271,1.3476,0.063302,0.601095,-2.194067,166,0.169467,1944.2979,0.066659,0
510,21.76,5333.34,4929.6441,10582.03,-6.4868935487,0.317038,0.409779,28.5149,1.299,1.3966,0.064575,0.644149,-0.315442,176,0.16307,1907.0386,0.074838,0
511,21.8027,5269.84,4984.7014,10523.44,-6.7830733155,0.383545,0.38829,23.0565,1.3379,1.4755,0.068474,0.667421,-3.642233,184,0.164408,1858.0842,0.073739,0
512,21.8453,5154.94,5000.607,10535.16,-7.2809251853,0.389246,0.356118,19.0376,1.3706,1.5999,0.074734,0.662995,-3.272153,198,0.159151,1832.9367,0.067757,0
513,21.888,4983.64,4879.1145,10089.84,-6.3494071227,0.290921,0.4115,33.6381,1.3726,1.5839,0.064272,0.608453,-2.299859,176,0.175377,1946.7576,0.07142,0
514,21.9307,5161.02,4961.5805,10488.28,-6.9590393351,0.377878,0.37286,21.7789,1.3865,1.681,0.071409,0.651141,-2.612544,156,0.161968,1777.5676,0.074472,0
515,21.9733,4881.37,4868.2268,9984.38,-6.17222576,0.366026,0.421401,39.2704,1.3737,1.4989,0.062551,0.57296,2.52357,198,0.16804,1907.9282,0.066292,0
516,22.016,4992.25,4906.8607,10113.28,-6.2626032158,0.267506,0.424065,36.2172,1.3273,1.4251,0.062095,0.581574,0.830618,187,0.167464,1826.3372,0.063728,0
517,22.0587,5095.52,4997.5155,10207.03,-6.8241239718,0.285156,0.377031,23.8546,1.3704,1.6246,0.070604,0.649667,-5.333061,220,0.161532,1983.9753,0.067757,0
518,22.1013,5088.52,4976.1797,10476.56,-6.5669009617,0.326163,0.396337,28.9759,1.3513,1.4636,0.066989,0.635844,-1.449705,178,0.168764,1899.7917,0.063728,0
519,22.144,5116.74,5001.6537,10218.75,-6.8162415182,0.353103,0.387321,23.307,1.3485,1.5094,0.068655,0.648233,-2.528531,195,0.16663,1810.4189,0.070565,0
520,22.1867,5135.86,4990.1617,10359.38,-7.0931468694,0.373365,0.363107,20.8687,1.3979,1.7071,0.073328,0.669879,-4.201839,187,0.167774,1930.536,0.075571,0
521,22.2293,5252.61,5046.638,10582.03,-7.1154298378,0.346706,0.367299,18.7164,1.3656,1.5873,0.072497,0.673092,-2.893511,177,0.160748,1877.8238,0.073373,0
522,22.272,5091.38,4853.0865,10171.88,-6.226212196,0.308025,0.422769,33.6688,1.3181,1.4305,0.062316,0.619413,-0.123383,203,0.170067,1950.9997,0.066414,0
523,22.3147,4920.86,4887.6569,9960.94,-6.1480863107,0.28431,0.422382,38.2936,1.3833,1.5795,0.062382,0.577754,-0.100836,177,0.16439,1932.4472,0.062508,0
524,22.3573,5225.44,5024.0289,10500.0,-7.340778801,0.291693,0.351364,18.0633,1.3923,1.7378,0.075707,0.667098,-3.369822,196,0.176494,1921.6289,0.067757,0
525,22.4,5125.34,4990.7651,10195.31,-6.9915570167,0.311791,0.373442,21.5815,1.3673,1.6059,0.071296,0.65259,-5.149156,200,0.163618,1776.3512,0.072152,0
526,22.4427,4952.01,4748.4817,9820.31,-6.2218239434,0.345228,0.414178,33.463,1.3556,1.5765,0.063802,0.604165,0.051911,203,0.168625,1891.4136,0.069711,0
527,22.4853,4886.7,4921.9765,9902.34,-6.6442001803,0.403218,0.389884,28.8432,1.3878,1.6059,0.068177,0.609448,-4.981244,187,0.177686,1871.1451,0.065438,0
528,22.528,5038.99,4925.7831,10347.66,-5.9892346188,0.401858,0.439441,40.0442,1.2385,1.0769,0.059517,0.564417,0.021609,182,0.176604,1961.0187,0.063851,0
529,22.5707,5084.91,4947.984,10300.78,-6.1491663508,0.321004,0.426169,36.0051,1.2999,1.3361,0.061736,0.578185,-0.44144,179,0.170921,1937.1842,0.065926,0
530,22.6133,4986.03,5013.0919,10089.84,-6.6208894489,0.340096,0.397384,27.5903,1.3441,1.4201,0.066798,0.617653,-3.236582,207,0.160256,1801.1969,0.068734,0
531,22.656,5029.85,4979.9321,10289.06,-6.3031717396,0.349989,0.415916,33.0572,1.331,1.3943,0.063499,0.59441,-4.61941,167,0.169853,1834.1069,0.067513,0
532,22.6987,5131.77,4999.6964,10183.59,-7.0278175907,0.278602,0.377466,20.6809,1.3413,1.5554,0.07052,0.66352,-2.325966,169,0.159488,1801.9687,0.06849,0
533,22.7413,4799.93,4807.1838,9867.19,-5.9288087642,0.476171,0.435113,45.0465,1.3288,1.3847,0.060233,0.53439,1.121463,177,0.177024,2058.6649,0.05799,0
534,22.784,4905.58,4772.9343,9902.34,-5.7677648715,0.404374,0.458794,55.0798,1.3407,1.4648,0.056397,0.492512,2.444349,167,0.165837,1858.0095,0.048712,0
535,22.8267,5049.04,4936.4607,10242.19,-6.1109485082,0.300682,0.43356,36.7442,1.2982,1.2711,0.060492,0.578785,-1.913434,173,0.166643,1843.5026,0.058601,0
536,22.8693,5162.12,5008.4007,10429.69,-6.3854558254,0.287587,0.413386,29.992,1.3019,1.357,0.063941,0.626962,-1.543126,196,0.162769,1880.1048,0.067025,0
537,22.912,5314.22,4985.0284,10582.03,-6.822818665,0.349463,0.387447,22.7972,1.3035,1.4359,0.068631,0.646433,-2.559336,178,0.160088,1757.1512,0.069589,0
538,22.9547,5182.23,4990.319,10382.81,-6.9247856726,0.321622,0.385315,23.9014,1.3578,1.578,0.069031,0.648728,-2.616193,167,0.161381,1838.2525,0.066903,0
539,22.9973,4875.15,5002.3418,10148.44,-6.468292918,0.412152,0.401564,31.3078,1.3674,1.4824,0.066041,0.583354,-2.734911,185,0.163621,1866.6569,0.061775,0
540,23.04,5029.77,4957.4995,10359.38,-6.478976439,0.349058,0.401916,28.6792,1.3593,1.4671,0.065977,0.626525,-0.692862,206,0.173834,1923.3641,0.064461,0
541,23.0827,5004.92,4977.0838,10171.88,-6.2458060365,0.27845,0.415954,33.5121,1.3506,1.4317,0.063493,0.603331,-0.946205,188,0.163373,1865.8572,0.062874,0
542,23.1253,4936.61,4872.3162,10007.81,-6.0709330826,0.397109,0.435107,40.3549,1.3647,1.5454,0.060234,0.565013,-0.044442,187,0.167423,1991.8619,0.061775,0
543,23.168,5133.45,4915.3149,10101.56,-6.8938298748,0.422948,0.382951,22.1787,1.3951,1.7158,0.069476,0.659165,-0.50065,181,0.170977,1850.7356,0.069589,0
544,23.2107,5159.72,4971.7879,10371.09,-6.9854961533,0.428619,0.377118,21.1499,1.374,1.6182,0.070587,0.660001,-2.066556,180,0.153352,1786.8674,0.072885,0
545,23.2533,5184.64,4913.4734,10359.38,-6.074622703,0.425848,0.435543,38.9595,1.2779,1.2853,0.060161,0.572206,0.679943,177,0.154369,1855.6884,0.071542,0
546,23.296,5236.75,4998.8477,10582.03,-6.3566400079,0.416419,0.411685,29.3454,1.294,1.3061,0.064239,0.622818,-2.250432,193,0.160075,1862.3569,0.073617,0
547,23.3387,5163.23,4997.6459,10113.28,-7.4740445501,0.318657,0.339976,15.8331,1.4215,1.8544,0.078092,0.681165,-3.951281,184,0.161503,1801.6221,0.071786,0
548,23.3813,5036.83,4961.5449,10277.34,-6.1618459012,0.340674,0.433431,36.402,1.333,1.3707,0.060513,0.591145,-0.360627,165,0.161433,1787.8916,0.060798,0
549,23.424,5057.95,5042.6154,10359.38,-6.9099741007,0.386087,0.372052,21.0419,1.3794,1.591,0.071566,0.630786,-3.042598,195,0.169901,1820.5817,0.05384,0
550,23.4667,4912.97,5021.3882,10359.38,-6.5668973389,0.291609,0.397936,29.9328,1.3422,1.3714,0.066698,0.578393,-5.483795,183,0.175117,1884.1987,0.057258,0
551,23.5093,4798.36,4865.8577,9984.38,-5.8269148437,0.312811,0.448972,46.8518,1.3432,1.3345,0.057964,0.518008,2.392214,172,0.166048,2007.9473,0.059089,0
552,23.552,5016.21,4894.8459,10207.03,-6.7582901728,0.37989,0.384783,26.6225,1.3592,1.5884,0.069131,0.628184,-0.526142,192,0.177625,1854.5176,0.063362,0
553,23.5947,5099.25,4890.4765,10054.69,-6.3349589184,0.415687,0.411713,32.7125,1.3391,1.4538,0.064234,0.59957,-0.1935,168,0.166067,1908.9864,0.070809,0
554,23.6373,5125.15,4991.1976,10441.41,-6.7985195998,0.398713,0.384739,23.8607,1.3691,1.5379,0.069139,0.645662,-4.128317,180,0.162788,1819.9907,0.07203,0
555,23.68,4774.15,4877.57,9738.28,-7.2061717429,0.322631,0.35947,21.627,1.4739,1.9492,0.074056,0.651428,-5.975053,178,0.159428,1799.7477,0.066292,0
556,23.7227,4933.02,4883.1965,9960.94,-6.6745166973,0.306477,0.397515,27.4512,1.3924,1.6406,0.066774,0.636152,-5.003359,193,0.154522,1928.543,0.064949,0
557,23.7653,5170.53,4977.5659,10253.91,-6.8221671229,0.309139,0.375065,23.1909,1.368,1.6108,0.070982,0.653951,-4.423022,203,0.16916,1892.5028,0.064827,0
558,23.808,5100.45,4941.0127,10429.69,-5.9952691579,0.339651,0.441333,40.5226,1.2721,1.199,0.059206,0.565319,1.552352,199,0.179842,1927.189,0.062996,0
559,23.8507,4972.77,4971.2659,10195.31,-6.1839835932,0.368025,0.425795,36.9397,1.3587,1.4589,0.0618,0.570448,0.023739,174,0.167655,1709.9177,0.060432,0
560,23.8933,5070.32,5013.5623,10277.34,-6.2221187993,0.267765,0.419557,33.7534,1.3173,1.3395,0.062868,0.582009,0.343818,206,0.166091,1873.1632,0.061287,0
561,23.936,5073.67,4902.0867,10242.19,-6.0210009455,0.369116,0.43125,37.6711,1.3442,1.4817,0.060878,0.580069,0.121855,199,0.163498,1852.3954,0.064583,0
562,23.9787,4874.74,4871.0383,9996.09,-6.1713759689,0.436792,0.42194,40.0398,1.3852,1.5759,0.062458,0.568545,1.137545,172,0.1676,1775.8199,0.062996,0
563,24.0213,5128.27,4901.7067,10347.66,-6.1600276167,0.383533,0.434826,35.2281,1.328,1.3943,0.060281,0.606605,-1.348305,172,0.167744,2034.6068,0.062263,0
564,24.064,4915.17,4965.3468,10042.97,-6.7243734169,0.364378,0.382866,24.5321,1.3781,1.5475,0.069492,0.623158,-6.459576,183,0.159948,1859.4367,0.062874,0
565,24.1067,5113.0,4970.908,10347.66,-7.049965912,0.452357,0.369281,20.9538,1.3734,1.5854,0.072107,0.65824,-7.405872,202,0.160956,1925.394,0.0691,0
566,24.1493,5180.41,5011.8269,10277.34,-6.9889117054,0.490283,0.373653,20.8247,1.3896,1.652,0.071255,0.663501,-3.750752,211,0.160408,1831.0484,0.071542,0
567,24.192,4994.23,5052.1244,10265.62,-7.1125616576,0.397203,0.360187,20.2199,1.4236,1.7176,0.073912,0.641364,-4.690356,183,0.161605,1770.0928,0.065926,0
568,24.2347,5276.25,5040.0845,10582.03,-7.37773008,0.317535,0.360032,16.659,1.3583,1.5727,0.073943,0.691189,-4.470946,174,0.163922,1849.8261,0.069589,0
569,24.2773,5118.95,4986.429,10335.94,-6.6480103955,0.30745,0.402531,27.6266,1.3248,1.4087,0.065867,0.629802,-5.831264,192,0.16565,1867.9537,0.072763,0
570,24.32,5025.08,4856.7567,10066.41,-6.5098001569,0.399987,0.401499,30.761,1.3683,1.6059,0.066053,0.621619,-0.884694,196,0.162104,1910.9817,0.065071,0
571,24.3627,4960.64,4858.4468,10031.25,-6.1574121744,0.395178,0.427069,38.5396,1.347,1.4647,0.061584,0.584028,-0.334779,190,0.158819,1843.5947,0.062019,0
572,24.4053,5012.83,4841.2465,9925.78,-6.1428383493,0.430193,0.436505,40.4141,1.3654,1.5266,0.060002,0.585054,-0.64758,180,0.156671,1831.0385,0.061165,0
573,24.448,5099.35,4993.958,10335.94,-6.7492930925,0.530967,0.39118,24.6799,1.3507,1.4679,0.067937,0.637989,-7.869925,177,0.158712,1824.2541,0.067635,0
574,24.4907,5243.74,5011.038,10546.88,-7.0641386262,0.408136,0.377573,20.4748,1.3957,1.6867,0.0705,0.685178,-2.843985,186,0.161864,1687.4328,0.071298,0
575,24.5333,5119.48,5008.8092,10183.59,-7.1551038645,0.42225,0.356467,19.5028,1.4091,1.7321,0.074663,0.657025,-3.238673,166,0.160847,1792.3398,0.071908,0
576,24.576,5318.5,5125.29,10816.41,-6.8572944929,0.195686,0.38567,20.5495,1.2815,1.2711,0.068964,0.652744,-6.097733,187,0.175591,1848.1478,0.074838,0
577,24.6187,5004.27,4872.7031,10136.72,-6.420403481,0.473463,0.408834,29.9061,1.3488,1.444,0.064742,0.601104,-3.608034,171,0.172361,1776.845,0.066659,0
578,24.6613,5094.06,4964.7347,10546.88,-6.472507645,0.377119,0.404605,29.349,1.327,1.391,0.065495,0.624048,-0.292994,187,0.170708,1830.446,0.060554,0
579,24.704,5075.1,4962.2203,10125.0,-6.1372435383,0.303643,0.427951,36.7066,1.3238,1.4144,0.061434,0.587942,0.363167,171,0.175957,1832.425,0.060432,0
580,24.7467,5048.69,4942.4865,10195.31,-6.0856581906,0.444541,0.429133,38.0973,1.3157,1.3384,0.061235,0.575092,-7.637513,169,0.163053,1826.6949,0.059211,0
581,24.7893,4889.79,4918.6082,9902.34,-6.7405778477,0.261834,0.388586,26.346,1.4078,1.653,0.068419,0.624916,-5.973297,180,0.170291,1839.5649,0.066292,0
582,24.832,4980.66,4964.6535,10253.91,-6.5127421396,0.388069,0.408913,31.3349,1.3578,1.4432,0.064728,0.62821,-2.702603,166,0.164767,1817.9878,0.0691,0
583,24.8747,5081.77,4933.7543,10207.03,-6.1290900051,0.322148,0.432953,38.5328,1.3037,1.343,0.060593,0.587769,-0.474166,198,0.153713,1887.5595,0.067391,0
584,24.9173,4921.01,4931.1533,9914.06,-7.461335005,0.334506,0.340362,17.655,1.4658,1.9763,0.07801,0.656506,-7.950197,207,0.168554,1848.4174,0.069589,0
585,24.96,4902.72,4924.8415,10019.53,-6.7792704236,0.351175,0.3836,26.2346,1.417,1.7086,0.069354,0.632361,-5.529532,188,0.168393,1865.7855,0.067391,0
586,25.0027,4978.71,4887.3478,9914.06,-6.6636099684,0.32702,0.391767,28.4864,1.3783,1.611,0.067829,0.632978,-1.731797,177,0.166589,1812.4983,0.065926,0
587,25.0453,5058.15,4982.737,10195.31,-6.8521845333,0.508632,0.374319,21.9061,1.3766,1.5631,0.071126,0.642256,-3.831196,165,0.167318,1872.4045,0.068368,0
588,25.088,5044.98,4996.5022,10113.28,-6.6591928216,0.422758,0.388818,26.6597,1.3951,1.6726,0.068376,0.625632,-5.420347,180,0.164927,1802.0561,0.066536,0
589,25.1307,4784.51,4894.5172,9820.31,-6.367473405,0.421533,0.411852,34.0503,1.4038,1.6327,0.06421,0.568102,-8.072829,180,0.164677,2042.3112,0.062019,0
590,25.1733,5106.65,4966.2862,10136.72,-6.7457449401,0.302084,0.388362,26.6881,1.3588,1.6116,0.068461,0.615108,-6.124905,175,0.166343,1825.7611,0.070199,0
591,25.216,5499.16,5091.3576,10933.59,-7.8637520292,0.413355,0.32645,12.4613,1.3479,1.6654,0.081031,0.717245,-7.327302,188,0.165226,1897.2885,0.083262,0
592,25.2587,5319.66,5005.2508,10558.59,-7.4206059736,0.397381,0.350494,16.4649,1.3613,1.698,0.075887,0.693245,-3.869127,192,0.152912,1904.9672,0.083262,0
593,25.3013,5170.93,4977.0532,10242.19,-6.8127352043,0.331363,0.382186,24.1512,1.3328,1.5148,0.069621,0.639251,-3.922497,195,0.155386,1881.7705,0.073373,0
594,25.344,5225.92,5033.8311,10582.03,-6.1875655658,0.346643,0.421282,32.2895,1.2853,1.2584,0.062571,0.608175,-1.363598,172,0.170262,1821.1861,0.064583,0
595,25.3867,4938.12,4898.1802,9984.38,-6.0111650047,0.314228,0.435852,39.3795,1.3312,1.4005,0.06011,0.563486,0.008942,201,0.166951,2005.8695,0.066659,0
596,25.4293,5316.84,5013.9826,10570.31,-7.0652126524,0.393256,0.369781,20.4935,1.3583,1.5864,0.072009,0.667576,-0.406565,176,0.161248,1824.9938,0.072519,0
597,25.472,5045.3,4914.0946,9996.09,-6.7071276535,0.382387,0.387632,27.0974,1.3892,1.6588,0.068597,0.644132,-2.172907,171,0.165398,1867.748,0.067269,0
598,25.5147,4911.03,4958.3387,9972.66,-6.7323613572,0.414054,0.384737,26.8113,1.4064,1.6396,0.069139,0.632079,-1.597467,177,0.161643,1843.282,0.063118,0
599,25.5573,4958.82,4896.2618,9890.62,-6.7606321993,0.370976,0.39123,26.9862,1.385,1.6446,0.067928,0.62981,-9.70324,158,0.166738,1879.9997,0.061897,0
600,25.6,4979.24,4880.9226,9867.19,-6.6496137616,0.276247,0.399135,29.1714,1.368,1.6238,0.06648,0.604879,-4.53453,197,0.162479,1915.2863,0.065926,0
601,25.6427,5128.32,5029.2858,10230.47,-6.8122277313,0.35637,0.390766,25.311,1.3849,1.6457,0.068014,0.643194,-4.720872,202,0.160253,1899.2515,0.067025,0
602,25.6853,5112.33,4952.5312,10125.0,-6.9117930606,0.408861,0.373119,23.8285,1.4139,1.7634,0.071359,0.652951,-2.891676,169,0.173556,1905.0223,0.064339,0
603,25.728,5098.74,4950.8544,10183.59,-6.3537244384,0.357943,0.413841,29.7479,1.3675,1.5268,0.063861,0.611034,-3.649133,178,0.162845,1726.1658,0.069589,0
604,25.7707,5138.03,4993.2279,10312.5,-6.6961207503,0.423883,0.385838,22.7655,1.3602,1.5357,0.068933,0.637245,-6.375067,177,0.164534,1799.8781,0.071664,0
605,25.8133,5100.14,4982.6834,10230.47,-6.3914819893,0.404696,0.410833,32.4083,1.3285,1.4001,0.064389,0.597141,-7.193564,175,0.156814,1928.2186,0.067391,0
606,25.856,4942.05,4974.1897,10148.44,-7.0683327874,0.3912,0.366871,21.6003,1.4297,1.7661,0.072581,0.64815,-4.777647,212,0.156712,1873.6785,0.065071,0
607,25.8987,4976.03,4887.2347,9902.34,-6.5215792415,0.389718,0.401521,31.8333,1.3903,1.6647,0.066049,0.623899,-1.341219,212,0.167249,1925.2978,0.064095,0
608,25.9413,4968.73,5002.5725,10289.06,-6.5964541487,0.378672,0.389626,27.7138,1.3578,1.4794,0.068225,0.597291,-6.815819,191,0.166127,1867.7729,0.067513,0
609,25.984,4875.23,4967.8528,10207.03,-6.5953844655,0.404603,0.398013,30.4298,1.3624,1.473,0.066684,0.597135,-7.228488,190,0.160544,1933.0871,0.064217,0
610,26.0267,4925.66,4836.8514,9878.91,-6.0998716162,0.287843,0.435002,40.6094,1.3385,1.4423,0.060251,0.574263,0.720767,168,0.174007,1859.2936,0.062996,0
611,26.0693,5182.34,4963.0161,10265.62,-6.5655125937,0.421028,0.395478,27.2948,1.3586,1.591,0.067146,0.643458,0.476368,194,0.173651,1884.8167,0.070199,0
612,26.112,5112.25,5035.5757,10546.88,-6.9896668196,0.462888,0.37437,21.2385,1.3803,1.5635,0.071117,0.659132,-6.963809,181,0.173907,1875.6442,0.068368,0
613,26.1547,5162.27,5026.1792,10523.44,-6.7955205799,0.360075,0.388636,24.0258,1.3422,1.4695,0.06841,0.637113,-1.314977,174,0.16003,1788.8844,0.068001,0
614,26.1973,5159.95,5033.2367,10335.94,-6.6872653728,0.25239,0.396352,27.3163,1.3387,1.482,0.066987,0.614616,-0.433343,198,0.161798,1963.6838,0.070932,0
615,26.24,5066.55,4989.0808,10125.0,-6.8164610426,0.336817,0.381749,25.2696,1.3647,1.55,0.069704,0.627602,-2.421088,179,0.155016,1833.7874,0.067513,0
616,26.2827,4873.34,4964.4805,10101.56,-6.7602621982,0.405078,0.383281,27.1004,1.407,1.6434,0.069414,0.613741,-7.697746,189,0.16408,1856.1113,0.062263,0
617,26.3253,5235.97,4994.632,10476.56,-7.0880872691,0.440696,0.363635,19.6449,1.3751,1.645,0.073222,0.664119,-3.999558,175,0.168377,1829.8725,0.069466,0
618,26.368,5155.68,4933.3472,10160.16,-6.8227128373,0.333093,0.377782,23.1068,1.3545,1.6411,0.07046,0.632409,-5.688324,193,0.16624,1933.8693,0.072519,0
619,26.4107,4860.74,4917.1916,9972.66,-6.235759859,0.274094,0.420151,37.2654,1.3518,1.4467,0.062766,0.56843,-0.000917,168,0.171197,1836.8465,0.062752,0
620,26.4533,5005.41,4954.5911,10207.03,-6.2844240665,0.326587,0.424767,36.2057,1.3284,1.4164,0.061975,0.587958,-1.012885,175,0.160933,1896.2216,0.063851,0
621,26.496,5210.03,4947.6154,10441.41,-7.3885935882,0.473829,0.347159,16.9928,1.4028,1.7517,0.076579,0.684255,-4.332279,175,0.181114,1815.4314,0.071908,0
622,26.5387,5190.67,5012.394,10359.38,-7.314827272,0.423124,0.352711,16.7074,1.3912,1.6749,0.07543,0.682739,-4.302331,182,0.167181,1800.7177,0.073373,0
623,26.5813,5324.37,4963.7698,10488.28,-6.8206572152,0.317031,0.381949,22.2267,1.3135,1.5048,0.069666,0.657173,-5.285508,205,0.169594,1869.2735,0.07435,0
624,26.624,5039.11,4933.9507,10054.69,-6.5800239711,0.399409,0.39333,27.8651,1.3544,1.571,0.06754,0.620015,-4.886882,191,0.161327,1854.1486,0.075571,0
625,26.6667,5224.85,5022.6675,10148.44,-7.3682230026,0.395799,0.343212,17.5361,1.3932,1.7975,0.077406,0.663291,-2.804625,176,0.169504,1889.3572,0.074594,0
626,26.7093,5189.69,5062.4471,10488.28,-7.401650409,0.357887,0.348465,16.6934,1.4029,1.7344,0.076307,0.674959,-3.213668,169,0.166512,1961.9085,0.074228,0
627,26.752,4987.46,4919.5188,9984.38,-7.0644894187,0.410284,0.357641,20.6289,1.4354,1.8707,0.074425,0.639458,-2.359035,201,0.166058,1897.1157,0.073495,0
628,26.7947,5238.1,5053.5381,10558.59,-7.2254495604,0.441079,0.35772,18.8717,1.3834,1.6624,0.074409,0.661628,-4.940791,187,0.168404,1779.6303,0.069833,0
629,26.8373,5124.85,4923.3064,10207.03,-6.6463245605,0.392504,0.394679,26.909,1.3388,1.553,0.067293,0.644006,-2.752772,187,0.164077,1832.98,0.070199,0
630,26.88,5122.32,5042.9969,10476.56,-6.8940049941,0.390942,0.380948,23.8054,1.3518,1.484,0.069856,0.646127,-6.595173,182,0.161058,1854.7671,0.072763,0
631,26.9227,5146.84,4998.7973,10347.66,-6.3037644773,0.286652,0.416136,31.4875,1.3287,1.4063,0.063461,0.610405,-1.073211,205,0.172597,1779.116,0.070199,0
632,26.9653,4989.3,4998.716,10277.34,-6.6253742826,0.270477,0.397779,28.8282,1.3933,1.5726,0.066726,0.620141,-5.325035,189,0.16498,1868.6475,0.072274,0
633,27.008,5220.35,5029.9302,10605.47,-7.5211733879,0.370829,0.337912,15.7063,1.3657,1.5978,0.078533,0.682246,-5.608262,170,0.167233,1955.4071,0.073007,0
634,27.0507,4967.64,4911.0414,9996.09,-7.1188185721,0.384192,0.366858,22.1735,1.4241,1.8233,0.072584,0.661709,-3.486169,147,0.170117,1856.2265,0.072152,0
635,27.0933,5170.11,5033.5271,10546.88,-6.3820936064,0.42831,0.416183,29.3314,1.3191,1.3679,0.063453,0.632137,-2.090794,182,0.16025,1772.2292,0.06849,0
636,27.136,5049.73,4976.779,10136.72,-6.9096799814,0.419911,0.374495,23.4786,1.3603,1.5719,0.071092,0.63612,-3.901253,184,0.162814,1884.6132,0.066903,0
637,27.1787,5194.58,5033.9467,10535.16,-7.1886702275,0.433473,0.362435,20.4488,1.3893,1.6689,0.073462,0.6703,-3.078762,176,0.162062,1850.7421,0.070077,0
638,27.2213,4996.98,4944.06,10148.44,-6.3114359752,0.396001,0.412124,33.8944,1.3607,1.4918,0.064162,0.594007,-5.347042,217,0.166386,2004.4754,0.0691,0
639,27.264,5155.02,5011.1704,10359.38,-6.9174448112,0.396528,0.37173,21.9159,1.3728,1.645,0.071629,0.652887,-4.136442,197,0.159616,1834.8886,0.070687,0
640,27.3067,5096.7,4978.9927,10359.38,-7.028406301,0.39552,0.368901,21.1178,1.4101,1.7263,0.072182,0.651202,-3.651826,200,0.168111,1903.8775,0.070443,0
641,27.3493,5070.05,4907.2858,9972.66,-6.9061720123,0.351137,0.372141,22.9812,1.3862,1.6856,0.071549,0.646847,-4.748737,157,0.167804,1801.7421,0.071664,0
642,27.392,5005.28,4983.689,10125.0,-6.6530794905,0.33599,0.39825,26.8288,1.395,1.5736,0.066641,0.638362,-6.332243,187,0.16993,1771.5939,0.068734,0
643,27.4347,4861.65,4900.6653,9949.22,-6.0435315749,0.326026,0.432424,41.1484,1.3751,1.5444,0.060682,0.55946,-0.208153,203,0.163806,2016.7648,0.061409,0
644,27.4773,4855.61,4790.1991,9855.47,-6.0601056298,0.402506,0.434494,43.3208,1.3591,1.5381,0.060336,0.563079,-0.561126,167,0.159261,2075.173,0.058601,0
645,27.52,5018.61,4907.2712,10242.19,-6.1463250204,0.430746,0.426986,38.878,1.3334,1.3953,0.061598,0.591189,0.969782,191,0.166744,1892.2005,0.057624,0
646,27.5627,5083.79,4866.6432,10125.0,-6.1449544849,0.297436,0.434046,35.5601,1.296,1.3085,0.060411,0.60346,-1.345459,183,0.15493,1792.1744,0.066659,0
647,27.6053,5062.89,4945.0619,10218.75,-6.685040622,0.334356,0.391946,26.9193,1.3307,1.4638,0.067796,0.606874,-4.399615,188,0.16658,1888.6414,0.071054,0
648,27.648,5152.38,4908.1297,10160.16,-7.0032375047,0.357002,0.374345,22.5097,1.3851,1.7273,0.071121,0.664151,-4.15667,178,0.165804,1867.274,0.071176,0
649,27.6907,5138.51,4943.6107,10324.22,-6.6818326108,0.319433,0.396262,26.7477,1.3746,1.5911,0.067003,0.649317,-2.226473,187,0.16324,1836.2943,0.075449,0
650,27.7333,5340.22,5014.0196,10687.5,-6.6543577066,0.268883,0.40443,27.3753,1.2988,1.3865,0.065526,0.654005,-6.710957,179,0.16015,1925.5821,0.076059,0
651,27.776,5270.0,5065.9833,10617.19,-7.0376347896,0.303307,0.369882,20.9598,1.3435,1.5402,0.071989,0.649038,-6.563861,163,0.148409,1880.1242,0.074594,0
652,27.8187,5184.92,4999.2988,10511.72,-6.9099172403,0.448373,0.385564,22.9543,1.3694,1.5463,0.068984,0.659685,-4.193454,184,0.161744,1689.5573,0.073129,0
653,27.8613,5344.65,5057.5583,10675.78,-7.0193491592,0.367643,0.374493,18.9468,1.3354,1.4832,0.071093,0.677642,-6.740364,180,0.159085,1840.8608,0.076181,0
654,27.904,5346.82,5100.3621,10687.5,-7.1990741093,0.402268,0.361889,17.901,1.3299,1.4512,0.073571,0.675694,-3.561587,171,0.163185,1745.8431,0.074716,0
655,27.9467,5361.34,5020.9465,10769.53,-6.3192986219,0.342575,0.415443,28.2095,1.2438,1.1625,0.063582,0.639976,0.291533,177,0.163139,1920.2149,0.074716,0
656,27.9893,5176.26,4979.7144,10242.19,-6.9980471764,0.3521,0.366619,20.4362,1.3773,1.6392,0.072631,0.658581,-5.338876,188,0.162266,1912.0467,0.072519,0
657,28.032,5238.79,4986.4623,10242.19,-7.5207935169,0.4053,0.341566,16.4385,1.3964,1.8102,0.077754,0.679841,-5.838971,173,0.159003,1760.8984,0.072885,0
658,28.0747,5269.39,5050.9894,10582.03,-7.2540206845,0.347318,0.350456,18.1376,1.3626,1.6213,0.075894,0.659125,-1.33961,198,0.165847,1937.2205,0.074106,0
659,28.1173,5044.03,4969.4416,10265.62,-7.0002327115,0.361879,0.374252,22.4979,1.4266,1.8068,0.071139,0.656507,-1.755451,170,0.156735,1944.9905,0.073617,0
660,28.16,5166.88,4955.6796,10277.34,-7.3318980337,0.448622,0.350427,18.4748,1.392,1.79,0.0759,0.667642,-5.854705,186,0.173283,1851.3279,0.075449,0
661,28.2027,5318.72,5033.3745,10382.81,-7.318401155,0.401759,0.351204,16.6263,1.3855,1.7699,0.07574,0.686104,-2.999329,189,0.153272,1911.5576,0.077036,0
662,28.2453,5050.48,4948.4429,10125.0,-6.6830438779,0.277674,0.405163,28.8754,1.3416,1.5128,0.065395,0.622962,-2.552952,180,0.167093,1902.7764,0.073373,0
663,28.288,5013.83,4932.4075,10031.25,-6.4722672631,0.334524,0.414064,33.0537,1.3411,1.4678,0.063822,0.614381,-2.210522,196,0.152884,1826.3575,0.067513,0
664,28.3307,4945.86,4975.6762,10195.31,-6.3077922201,0.3784,0.402921,33.3869,1.3379,1.3964,0.065797,0.584152,-9.116405,213,0.157184,1959.4182,0.069955,0
665,28.3733,5198.86,5036.8376,10605.47,-7.1333474818,0.391181,0.360066,18.6396,1.3383,1.499,0.073936,0.663628,-3.644252,182,0.172857,1828.9299,0.069955,0
666,28.416,5053.34,4940.9242,10253.91,-6.1162778152,0.358528,0.428586,37.8282,1.2999,1.2853,0.061327,0.568937,-0.459055,165,0.169113,1869.8565,0.065926,0
667,28.4587,5043.17,4986.0825,10207.03,-6.3438598976,0.276375,0.4136,31.6749,1.3499,1.4767,0.063903,0.61804,-3.768921,176,0.168182,1887.3964,0.065804,0
668,28.5013,5201.97,4983.0113,10441.41,-6.4439455776,0.258485,0.407993,30.4997,1.2938,1.3554,0.064891,0.607775,-0.307393,176,0.1545,1911.6586,0.074472,0
669,28.544,5091.8,4919.7882,10195.31,-6.5446066227,0.372832,0.395145,27.0748,1.3198,1.4685,0.067207,0.632517,-7.737387,192,0.16743,1813.6312,0.074716,0
670,28.5867,5044.56,4909.5911,10007.81,-6.3400532728,0.357808,0.406332,32.0352,1.3482,1.5051,0.065187,0.60762,-5.958117,178,0.165039,1828.7424,0.071298,0
671,28.6293,5097.17,4968.9209,10183.59,-6.6855323616,0.351176,0.391344,26.6068,1.3627,1.5185,0.067907,0.634914,-3.496395,192,0.162474,1872.4322,0.067391,0
672,28.672,5018.69,4977.85,10136.72,-6.4546488249,0.362521,0.410035,31.7507,1.382,1.519,0.06453,0.60095,-4.715444,188,0.166366,1795.056,0.064827,0
673,28.7147,5282.23,5043.3189,10570.31,-6.5235559459,0.238401,0.412559,25.8439,1.2896,1.2771,0.064086,0.648865,-1.990316,174,0.16243,1800.9537,0.069833,0
674,28.7573,5033.39,4919.4228,10183.59,-6.4644197072,0.324103,0.405134,31.0786,1.3537,1.4689,0.0654,0.615252,-6.995289,195,0.165987,1793.0867,0.069466,0
675,28.8,5239.74,5026.6474,10476.56,-6.9138753663,0.256217,0.378971,22.1148,1.3042,1.4138,0.070232,0.638904,-3.919944,188,0.163195,1914.8917,0.068246,0
676,28.8427,5139.58,4944.3869,10113.28,-6.7595549527,0.470383,0.389166,25.6123,1.3509,1.5592,0.068311,0.6301,-2.790893,181,0.178386,1763.1871,0.072152,0
677,28.8853,4957.91,4941.5362,10136.72,-6.7353309069,0.334991,0.384835,27.1656,1.3741,1.5762,0.069121,0.627071,-8.106431,147,0.165427,1856.8385,0.068001,0
678,28.928,4897.22,4882.0348,9949.22,-6.6317403707,0.377691,0.387803,27.686,1.4174,1.7417,0.068565,0.62311,-1.293318,171,0.176533,1851.2371,0.068001,0
679,28.9707,5152.68,5021.3059,10371.09,-7.3476594771,0.427626,0.348238,16.4723,1.3892,1.6643,0.076354,0.675899,-5.874054,189,0.17253,1905.6671,0.071664,0
680,29.0133,5054.43,4941.0807,10312.5,-6.4010733427,0.398765,0.4073,30.8493,1.3244,1.373,0.065014,0.598279,-8.263502,185,0.176056,1891.7883,0.066903,0
681,29.056,5107.4,4982.4142,10371.09,-6.7674390059,0.286511,0.393191,25.4022,1.3601,1.5133,0.067566,0.65551,-1.325208,176,0.175697,1833.3231,0.064583,0
682,29.0987,5060.75,4960.4005,10160.16,-6.8321417379,0.344563,0.388888,26.1268,1.3642,1.6057,0.068363,0.640434,-2.053688,181,0.16057,1907.5303,0.066048,0
683,29.1413,5126.76,4985.2645,10277.34,-6.7549956955,0.32938,0.381665,23.8594,1.3619,1.5666,0.06972,0.64658,-5.09806,197,0.170289,1832.6161,0.073617,0
684,29.184,5095.48,4945.4995,10253.91,-6.4259066251,0.393827,0.413822,30.5685,1.3101,1.3099,0.063864,0.623829,-4.653148,174,0.17121,1783.8967,0.067025,0
685,29.2267,4958.62,4964.2407,10054.69,-6.1871940761,0.256133,0.421658,36.0706,1.3321,1.3635,0.062507,0.592311,0.027958,184,0.172404,1874.5885,0.063362,0
686,29.2693,5100.74,5013.4547,10476.56,-6.4603258065,0.364544,0.407619,30.1459,1.3309,1.3708,0.064958,0.615695,-2.251678,185,0.180841,1849.6916,0.06324,0
687,29.312,5005.54,4932.3888,10394.53,-5.5499320865,0.441209,0.470195,50.0671,1.2549,1.0629,0.05462,0.512071,1.621574,205,0.163881,1974.7725,0.05213,0
688,29.3547,4919.48,4895.5303,10042.97,-5.7961699652,0.341563,0.458317,49.2971,1.3209,1.3141,0.056472,0.516498,0.459123,188,0.153094,2030.6113,0.050665,0
689,29.3973,4739.68,4801.8674,9832.03,-5.7575420293,0.363781,0.44409,50.5751,1.3451,1.4244,0.058755,0.463578,2.299878,186,0.163879,1973.0544,0.048956,0
690,29.44,4809.41,4824.0593,10007.81,-5.3400335012,0.458492,0.482681,62.1859,1.2732,1.1172,0.052723,0.425362,3.517058,180,0.177009,2017.8304,0.045416,0
691,29.4827,4971.31,4908.3381,10253.91,-5.5589974971,0.296236,0.463952,52.2763,1.2639,1.116,0.055588,0.48601,1.776957,169,0.168493,1900.5778,0.053962,0
692,29.5253,4962.98,4946.553,10253.91,-5.9007569247,0.303426,0.438997,41.6831,1.3061,1.2405,0.05959,0.531139,-6.812133,172,0.165637,1915.9761,0.057746,0
693,29.568,4923.65,4802.1451,9808.59,-5.7378770566,0.394447,0.463723,53.1965,1.2867,1.2784,0.055624,0.491122,1.87331,176,0.175407,1893.3866,0.053351,0
694,29.6107,5122.6,4924.0558,10347.66,-6.0079726738,0.330047,0.438015,38.7314,1.2424,1.1481,0.059752,0.563421,-7.571878,183,0.165179,1832.3737,0.063606,0
695,29.6533,5142.39,4891.1887,10019.53,-6.4404893548,0.369615,0.402127,29.0639,1.3439,1.5537,0.06594,0.633898,-1.492324,185,0.170057,2001.2454,0.068246,0
696,29.696,5083.51,4987.4861,10101.56,-7.0014692685,0.29877,0.369402,22.4158,1.404,1.7208,0.072083,0.646653,-6.328791,203,0.163676,1810.6673,0.067879,0
697,29.7387,5254.06,5015.4812,10429.69,-6.9772413934,0.336551,0.380384,20.3323,1.3441,1.4929,0.069963,0.663289,-5.435726,176,0.157689,1793.7776,0.069222,0
698,29.7813,5113.66,5020.4103,10394.53,-6.3785331173,0.346663,0.412228,29.7426,1.3365,1.4092,0.064144,0.60885,-1.010785,195,0.160807,1946.9104,0.067879,0
699,29.824,4986.11,5052.0936,10207.03,-7.1232179888,0.307746,0.370076,21.7336,1.4173,1.6833,0.071952,0.635087,-0.143495,175,0.16062,1868.8817,0.068856,0
700,29.8667,5089.27,4964.3028,10488.28,-6.3170306364,0.314612,0.422962,33.4417,1.3254,1.3704,0.062283,0.613444,-1.923368,191,0.164941,1865.6013,0.063728,0
701,29.9093,5023.15,4983.4768,10265.62,-6.8428116517,0.375098,0.378678,24.7302,1.357,1.5133,0.070288,0.621883,-4.912713,184,0.169937,1932.8907,0.066536,0
702,29.952,5181.24,4931.0887,10347.66,-6.4766686273,0.457656,0.409723,30.0222,1.2913,1.3515,0.064585,0.605952,0.978749,192,0.17041,1889.4569,0.059089,0
703,29.9947,4836.57,4900.6267,9902.34,-5.3692998103,0.243084,0.471698,64.1311,1.2736,1.1725,0.054389,0.415188,2.668445,178,0.178723,2164.5123,0.043951,0
704,30.0373,4806.33,4779.78,9855.47,-5.6519262958,0.38446,0.461441,59.1505,1.2975,1.292,0.055981,0.448267,2.961765,173,0.160902,1967.4244,0.047857,0
705,30.08,4980.57,4924.9101,10031.25,-6.699601376,0.378431,0.382782,26.3198,1.3852,1.5906,0.069508,0.639335,-4.904662,204,0.169507,1912.675,0.058601,0
706,30.1227,5003.08,4944.3098,10500.0,-5.8786771925,0.347316,0.450456,44.1168,1.2686,1.1481,0.057725,0.538032,-0.08302,166,0.178978,1901.8251,0.059333,0
707,30.1653,4729.42,4791.0126,9691.41,-6.2082681203,0.40527,0.412804,38.5877,1.4011,1.6531,0.064043,0.566943,-1.40555,193,0.160798,1976.9479,0.062263,0
708,30.208,5347.66,5100.768,10710.94,-7.6139454348,0.341087,0.332161,15.1857,1.3665,1.6515,0.079775,0.686712,-6.083359,187,0.178965,1953.3792,0.070565,0
709,30.2507,5011.35,4996.9844,10066.41,-7.0422123798,0.315925,0.368711,22.8385,1.3955,1.7235,0.072219,0.62591,-5.964947,182,0.156017,1852.8355,0.068124,0
710,30.2933,5199.6,5056.6546,10675.78,-6.6179589272,0.334033,0.401657,27.0246,1.3068,1.3282,0.066024,0.636019,-2.867309,183,0.157525,1820.0663,0.065804,0
711,30.336,5066.34,5033.7948,10535.16,-6.6727528936,0.288283,0.394147,28.0254,1.3188,1.3462,0.06739,0.611141,-5.5566,195,0.159622,1888.9724,0.064949,0
712,30.3787,4922.39,4905.1588,10113.28,-6.0700836156,0.318111,0.434422,40.0731,1.3343,1.3889,0.060348,0.554173,-1.675435,177,0.167048,1935.3543,0.054694,0
713,30.4213,4837.33,4728.6179,9808.59,-5.6092073688,0.338526,0.454757,52.4362,1.2986,1.3232,0.057037,0.493333,1.822399,182,0.169553,2049.9515,0.052863,0
714,30.464,5018.67,4920.4283,10066.41,-6.6228079765,0.393369,0.393961,27.9308,1.3688,1.596,0.067424,0.618601,-4.787446,186,0.175093,1790.7122,0.061043,0
715,30.5067,4637.54,4741.0901,9679.69,-5.9101305435,0.367569,0.437077,46.9879,1.3609,1.4757,0.059907,0.5048,0.713392,198,0.175984,1961.7162,0.058113,0
716,30.5493,4851.17,4821.7733,9972.66,-5.5901818944,0.419394,0.464399,55.5535,1.3067,1.2579,0.055518,0.47879,2.332301,192,0.170383,2027.5669,0.052741,0
717,30.592,4912.97,4856.4809,9914.06,-6.3444267438,0.377806,0.417172,36.0535,1.3651,1.508,0.063281,0.589217,-0.715808,180,0.169329,1965.0545,0.062141,0
718,30.6347,4954.65,4848.5462,10101.56,-5.8063445822,0.292783,0.4455,43.4188,1.2742,1.1989,0.058525,0.531355,0.79906,173,0.167853,1793.9874,0.062386,0
719,30.6773,4769.41,4854.8883,9914.06,-5.8817757444,0.407715,0.446669,45.5312,1.3391,1.3328,0.058336,0.535775,1.083621,211,0.168356,1773.0922,0.054694,0
720,30.72,5225.71,5046.6126,10500.0,-6.9815189457,0.373174,0.378912,20.7319,1.3357,1.4672,0.070244,0.662081,-3.618077,192,0.175657,1764.4062,0.063728,0
721,30.7627,4961.7,4867.448,9867.19,-6.6716267848,0.434754,0.387489,26.4835,1.4216,1.7665,0.068624,0.629578,-0.764534,168,0.168205,1842.1576,0.065926,0
722,30.8053,5250.35,5026.0741,10570.31,-6.4082538968,0.287346,0.413637,29.6834,1.2619,1.2171,0.063897,0.625879,-1.159776,177,0.168375,1817.0111,0.064705,0
723,30.848,5125.42,5006.6194,10371.09,-7.1269451506,0.315533,0.368362,20.3749,1.3758,1.6443,0.072288,0.65134,-2.750871,211,0.166792,1922.673,0.075571,0
724,30.8907,5110.95,4890.0099,10089.84,-6.6933442455,0.340125,0.393689,27.4411,1.3602,1.6136,0.067475,0.637541,-1.445508,176,0.166367,1746.5909,0.071786,0
725,30.9333,4993.29,4898.7891,10101.56,-6.398205192,0.606831,0.40891,32.3808,1.3665,1.5724,0.064729,0.6013,-0.187363,191,0.160143,1900.7527,0.063606,0
726,30.976,4968.89,4988.4692,10101.56,-6.8737925917,0.426084,0.380767,24.4415,1.4082,1.687,0.06989,0.629396,-2.438192,185,0.154231,1810.3155,0.065804,0
727,31.0187,5051.26,4996.5503,10113.28,-6.9040335185,0.356156,0.378874,23.131,1.3884,1.619,0.070251,0.64925,0.487639,179,0.160709,1898.8171,0.067269,0
728,31.0613,5172.29,5038.2817,10488.28,-7.5071826963,0.325447,0.336296,15.6684,1.412,1.7527,0.07888,0.678119,-5.509131,190,0.15973,1873.3094,0.070687,0
729,31.104,4976.17,4995.5233,10207.03,-6.3876828471,0.303191,0.40629,32.6877,1.3391,1.4211,0.065194,0.589865,-3.987279,181,0.166939,1836.6904,0.069711,0
730,31.1467,5087.05,4908.2942,10136.72,-6.389024814,0.371983,0.408598,29.9667,1.3411,1.4979,0.064784,0.615376,-3.829723,198,0.160786,1807.3024,0.065438,0
731,31.1893,5042.23,4986.7804,10171.88,-6.7411585191,0.504352,0.384297,24.9466,1.3769,1.5981,0.069222,0.639433,0.922458,195,0.158273,1827.6826,0.07142,0
732,31.232,5085.88,5073.4933,10488.28,-6.7039917903,0.303721,0.388177,24.4634,1.365,1.4808,0.068495,0.629689,-6.11746,183,0.162401,1800.8764,0.070077,0
733,31.2747,5115.89,5004.6443,10570.31,-5.7126153539,0.181586,0.451278,46.3466,1.2442,1.0662,0.057593,0.548417,-0.223611,200,0.170915,1909.671,0.054938,0
734,31.3173,4822.92,4899.6517,10089.84,-5.6108184103,0.290442,0.455277,52.8578,1.3094,1.2422,0.056954,0.487042,-7.364815,188,0.170959,2068.1753,0.047857,0
735,31.36,4924.25,4889.2592,10054.69,-6.3869791412,0.401375,0.414005,33.7464,1.375,1.592,0.063832,0.565684,-7.149177,197,0.170043,1808.8709,0.056281,0
736,31.4027,5023.81,5071.9573,10359.38,-7.0385284621,0.398764,0.368591,20.5034,1.4042,1.6182,0.072242,0.65815,-6.673633,194,0.164468,1787.8476,0.06556,0
737,31.4453,4979.31,4956.2194,10101.56,-6.3534692172,0.442954,0.41335,33.9928,1.3496,1.4544,0.063947,0.607863,-1.310057,184,0.16572,1849.4749,0.064949,0
738,31.488,5266.01,5029.9743,10453.12,-6.8943396631,0.365329,0.379913,20.5559,1.3714,1.5965,0.070053,0.672472,-5.37608,163,0.16439,1834.5814,0.070199,0
739,31.5307,5273.44,5034.6632,10535.16,-6.835435924,0.331362,0.382018,22.4258,1.3175,1.446,0.069653,0.654464,-4.029119,177,0.160105,1900.5509,0.071908,0
740,31.5733,5059.26,4912.8922,10136.72,-5.8017591141,0.331193,0.452887,46.3103,1.2707,1.1858,0.057335,0.53848,1.311714,183,0.168948,2036.4419,0.06263,0
741,31.616,5073.1,4967.0717,10417.97,-5.7395172973,0.27142,0.464176,48.2368,1.2574,1.0961,0.055553,0.516389,1.752249,167,0.155735,1802.7918,0.059455,0
742,31.6587,5027.61,4991.8084,10289.06,-6.7565469074,0.338723,0.385177,25.2861,1.3733,1.5568,0.069057,0.630012,-6.294455,178,0.169076,1945.7664,0.059944,0
743,31.7013,4955.85,4949.3235,10136.72,-6.4311416411,0.377878,0.412741,35.1158,1.3262,1.4139,0.064054,0.574416,-2.650283,172,0.164968,1759.1894,0.047369,0
744,31.744,5290.93,5050.6508,10523.44,-8.0090687073,0.580662,0.311594,12.7317,1.3944,1.8309,0.084402,0.703916,0.0,0,0.25284,583.4631,0.018313,0
745,31.7867,0.0,0.0,0.0,0.0,0.0,0.0,0.0,0.0,0.0,0.0,0.0,0.0,0,0.0,0.0,0.0,1
746,31.8293,0.0,0.0,0.0,0.0,0.0,0.0,0.0,0.0,0.0,0.0,0.0,0.0,0,0.0,0.0,0.0,1
747,31.872,0.0,0.0,0.0,0.0,0.0,0.0,0.0,0.0,0.0,0.0,0.0,0.0,0,0.0,0.0,0.0,1
748,31.9147,0.0,0.0,0.0,0.0,0.0,0.0,0.0,0.0,0.0,0.0,0.0,0.0,0,0.0,0.0,0.0,1
749,31.9573,0.0,0.0,0.0,0.0,0.0,0.0,0.0,0.0,0.0,0.0,0.0,0.0,0,0.0,0.0,0.0,1
750,32.0,0.0,0.0,0.0,0.0,0.0,0.0,0.0,0.0,0.0,0.0,0.0,0.0,0,0.0,0.0,0.0,1
751,32.0427,0.0,0.0,0.0,0.0,0.0,0.0,0.0,0.0,0.0,0.0,0.0,0.0,0,0.0,0.0,0.0,1
752,32.0853,0.0,0.0,0.0,0.0,0.0,0.0,0.0,0.0,0.0,0.0,0.0,0.0,0,0.0,0.0,0.0,1
753,32.128,0.0,0.0,0.0,0.0,0.0,0.0,0.0,0.0,0.0,0.0,0.0,0.0,0,0.0,0.0,0.0,1
754,32.1707,0.0,0.0,0.0,0.0,0.0,0.0,0.0,0.0,0.0,0.0,0.0,0.0,0,0.0,0.0,0.0,1
755,32.2133,0.0,0.0,0.0,0.0,0.0,0.0,0.0,0.0,0.0,0.0,0.0,0.0,0,0.0,0.0,0.0,1
756,32.256,0.0,0.0,0.0,0.0,0.0,0.0,0.0,0.0,0.0,0.0,0.0,0.0,0,0.0,0.0,0.0,1
757,32.2987,0.0,0.0,0.0,0.0,0.0,0.0,0.0,0.0,0.0,0.0,0.0,0.0,0,0.0,0.0,0.0,1
758,32.3413,0.0,0.0,0.0,0.0,0.0,0.0,0.0,0.0,0.0,0.0,0.0,0.0,0,0.0,0.0,0.0,1
759,32.384,0.0,0.0,0.0,0.0,0.0,0.0,0.0,0.0,0.0,0.0,0.0,0.0,0,0.0,0.0,0.0,1
760,32.4267,0.0,0.0,0.0,0.0,0.0,0.0,0.0,0.0,0.0,0.0,0.0,0.0,0,0.0,0.0,0.0,1
761,32.4693,0.0,0.0,0.0,0.0,0.0,0.0,0.0,0.0,0.0,0.0,0.0,0.0,0,0.0,0.0,0.0,1
762,32.512,0.0,0.0,0.0,0.0,0.0,0.0,0.0,0.0,0.0,0.0,0.0,0.0,0,0.0,0.0,0.0,1
763,32.5547,0.0,0.0,0.0,0.0,0.0,0.0,0.0,0.0,0.0,0.0,0.0,0.0,0,0.0,0.0,0.0,1
764,32.5973,0.0,0.0,0.0,0.0,0.0,0.0,0.0,0.0,0.0,0.0,0.0,0.0,0,0.0,0.0,0.0,1
765,32.64,0.0,0.0,0.0,0.0,0.0,0.0,0.0,0.0,0.0,0.0,0.0,0.0,0,0.0,0.0,0.0,1
766,32.6827,0.0,0.0,0.0,0.0,0.0,0.0,0.0,0.0,0.0,0.0,0.0,0.0,0,0.0,0.0,0.0,1
767,32.7253,0.0,0.0,0.0,0.0,0.0,0.0,0.0,0.0,0.0,0.0,0.0,0.0,0,0.0,0.0,0.0,1
768,32.768,0.0,0.0,0.0,0.0,0.0,0.0,0.0,0.0,0.0,0.0,0.0,0.0,0,0.0,0.0,0.0,1
769,32.8107,0.0,0.0,0.0,0.0,0.0,0.0,0.0,0.0,0.0,0.0,0.0,0.0,0,0.0,0.0,0.0,1
770,32.8533,0.0,0.0,0.0,0.0,0.0,0.0,0.0,0.0,0.0,0.0,0.0,0.0,0,0.0,0.0,0.0,1
771,32.896,0.0,0.0,0.0,0.0,0.0,0.0,0.0,0.0,0.0,0.0,0.0,0.0,0,0.0,0.0,0.0,1
772,32.9387,0.0,0.0,0.0,0.0,0.0,0.0,0.0,0.0,0.0,0.0,0.0,0.0,0,0.0,0.0,0.0,1
773,32.9813,0.0,0.0,0.0,0.0,0.0,0.0,0.0,0.0,0.0,0.0,0.0,0.0,0,0.0,0.0,0.0,1
774,33.024,0.0,0.0,0.0,0.0,0.0,0.0,0.0,0.0,0.0,0.0,0.0,0.0,0,0.0,0.0,0.0,1
775,33.0667,0.0,0.0,0.0,0.0,0.0,0.0,0.0,0.0,0.0,0.0,0.0,0.0,0,0.0,0.0,0.0,1
776,33.1093,0.0,0.0,0.0,0.0,0.0,0.0,0.0,0.0,0.0,0.0,0.0,0.0,0,0.0,0.0,0.0,1
777,33.152,0.0,0.0,0.0,0.0,0.0,0.0,0.0,0.0,0.0,0.0,0.0,0.0,0,0.0,0.0,0.0,1
778,33.1947,0.0,0.0,0.0,0.0,0.0,0.0,0.0,0.0,0.0,0.0,0.0,0.0,0,0.0,0.0,0.0,1
779,33.2373,0.0,0.0,0.0,0.0,0.0,0.0,0.0,0.0,0.0,0.0,0.0,0.0,0,0.0,0.0,0.0,1
780,33.28,0.0,0.0,0.0,0.0,0.0,0.0,0.0,0.0,0.0,0.0,0.0,0.0,0,0.0,0.0,0.0,1
781,33.3227,0.0,0.0,0.0,0.0,0.0,0.0,0.0,0.0,0.0,0.0,0.0,0.0,0,0.0,0.0,0.0,1
782,33.3653,0.0,0.0,0.0,0.0,0.0,0.0,0.0,0.0,0.0,0.0,0.0,0.0,0,0.0,0.0,0.0,1
783,33.408,0.0,0.0,0.0,0.0,0.0,0.0,0.0,0.0,0.0,0.0,0.0,0.0,0,0.0,0.0,0.0,1
784,33.4507,0.0,0.0,0.0,0.0,0.0,0.0,0.0,0.0,0.0,0.0,0.0,0.0,0,0.0,0.0,0.0,1
785,33.4933,0.0,0.0,0.0,0.0,0.0,0.0,0.0,0.0,0.0,0.0,0.0,0.0,0,0.0,0.0,0.0,1
786,33.536,0.0,0.0,0.0,0.0,0.0,0.0,0.0,0.0,0.0,0.0,0.0,0.0,0,0.0,0.0,0.0,1
787,33.5787,0.0,0.0,0.0,0.0,0.0,0.0,0.0,0.0,0.0,0.0,0.0,0.0,0,0.0,0.0,0.0,1
788,33.6213,0.0,0.0,0.0,0.0,0.0,0.0,0.0,0.0,0.0,0.0,0.0,0.0,0,0.0,0.0,0.0,1
789,33.664,0.0,0.0,0.0,0.0,0.0,0.0,0.0,0.0,0.0,0.0,0.0,0.0,0,0.0,0.0,0.0,1
790,33.7067,0.0,0.0,0.0,0.0,0.0,0.0,0.0,0.0,0.0,0.0,0.0,0.0,0,0.0,0.0,0.0,1
791,33.7493,0.0,0.0,0.0,0.0,0.0,0.0,0.0,0.0,0.0,0.0,0.0,0.0,0,0.0,0.0,0.0,1
792,33.792,0.0,0.0,0.0,0.0,0.0,0.0,0.0,0.0,0.0,0.0,0.0,0.0,0,0.0,0.0,0.0,1
793,33.8347,0.0,0.0,0.0,0.0,0.0,0.0,0.0,0.0,0.0,0.0,0.0,0.0,0,0.0,0.0,0.0,1
794,33.8773,0.0,0.0,0.0,0.0,0.0,0.0,0.0,0.0,0.0,0.0,0.0,0.0,0,0.0,0.0,0.0,1
795,33.92,0.0,0.0,0.0,0.0,0.0,0.0,0.0,0.0,0.0,0.0,0.0,0.0,0,0.0,0.0,0.0,1
796,33.9627,0.0,0.0,0.0,0.0,0.0,0.0,0.0,0.0,0.0,0.0,0.0,0.0,0,0.0,0.0,0.0,1
797,34.0053,0.0,0.0,0.0,0.0,0.0,0.0,0.0,0.0,0.0,0.0,0.0,0.0,0,0.0,0.0,0.0,1
798,34.048,0.0,0.0,0.0,0.0,0.0,0.0,0.0,0.0,0.0,0.0,0.0,0.0,0,0.0,0.0,0.0,1
799,34.0907,0.0,0.0,0.0,0.0,0.0,0.0,0.0,0.0,0.0,0.0,0.0,0.0,0,0.0,0.0,0.0,1
800,34.1333,0.0,0.0,0.0,0.0,0.0,0.0,0.0,0.0,0.0,0.0,0.0,0.0,0,0.0,0.0,0.0,1
801,34.176,0.0,0.0,0.0,0.0,0.0,0.0,0.0,0.0,0.0,0.0,0.0,0.0,0,0.0,0.0,0.0,1
802,34.2187,0.0,0.0,0.0,0.0,0.0,0.0,0.0,0.0,0.0,0.0,0.0,0.0,0,0.0,0.0,0.0,1
803,34.2613,0.0,0.0,0.0,0.0,0.0,0.0,0.0,0.0,0.0,0.0,0.0,0.0,0,0.0,0.0,0.0,1
804,34.304,0.0,0.0,0.0,0.0,0.0,0.0,0.0,0.0,0.0,0.0,0.0,0.0,0,0.0,0.0,0.0,1
805,34.3467,0.0,0.0,0.0,0.0,0.0,0.0,0.0,0.0,0.0,0.0,0.0,0.0,0,0.0,0.0,0.0,1
806,34.3893,0.0,0.0,0.0,0.0,0.0,0.0,0.0,0.0,0.0,0.0,0.0,0.0,0,0.0,0.0,0.0,1
807,34.432,0.0,0.0,0.0,0.0,0.0,0.0,0.0,0.0,0.0,0.0,0.0,0.0,0,0.0,0.0,0.0,1
808,34.4747,0.0,0.0,0.0,0.0,0.0,0.0,0.0,0.0,0.0,0.0,0.0,0.0,0,0.0,0.0,0.0,1
809,34.5173,0.0,0.0,0.0,0.0,0.0,0.0,0.0,0.0,0.0,0.0,0.0,0.0,0,0.0,0.0,0.0,1
810,34.56,0.0,0.0,0.0,0.0,0.0,0.0,0.0,0.0,0.0,0.0,0.0,0.0,0,0.0,0.0,0.0,1
811,34.6027,0.0,0.0,0.0,0.0,0.0,0.0,0.0,0.0,0.0,0.0,0.0,0.0,0,0.0,0.0,0.0,1
812,34.6453,0.0,0.0,0.0,0.0,0.0,0.0,0.0,0.0,0.0,0.0,0.0,0.0,0,0.0,0.0,0.0,1
813,34.688,0.0,0.0,0.0,0.0,0.0,0.0,0.0,0.0,0.0,0.0,0.0,0.0,0,0.0,0.0,0.0,1
814,34.7307,0.0,0.0,0.0,0.0,0.0,0.0,0.0,0.0,0.0,0.0,0.0,0.0,0,0.0,0.0,0.0,1
815,34.7733,0.0,0.0,0.0,0.0,0.0,0.0,0.0,0.0,0.0,0.0,0.0,0.0,0,0.0,0.0,0.0,1
816,34.816,0.0,0.0,0.0,0.0,0.0,0.0,0.0,0.0,0.0,0.0,0.0,0.0,0,0.0,0.0,0.0,1
817,34.8587,0.0,0.0,0.0,0.0,0.0,0.0,0.0,0.0,0.0,0.0,0.0,0.0,0,0.0,0.0,0.0,1
818,34.9013,0.0,0.0,0.0,0.0,0.0,0.0,0.0,0.0,0.0,0.0,0.0,0.0,0,0.0,0.0,0.0,1
819,34.944,0.0,0.0,0.0,0.0,0.0,0.0,0.0,0.0,0.0,0.0,0.0,0.0,0,0.0,0.0,0.0,1
820,34.9867,0.0,0.0,0.0,0.0,0.0,0.0,0.0,0.0,0.0,0.0,0.0,0.0,0,0.0,0.0,0.0,1
821,35.0293,0.0,0.0,0.0,0.0,0.0,0.0,0.0,0.0,0.0,0.0,0.0,0.0,0,0.0,0.0,0.0,1
822,35.072,0.0,0.0,0.0,0.0,0.0,0.0,0.0,0.0,0.0,0.0,0.0,0.0,0,0.0,0.0,0.0,1
823,35.1147,0.0,0.0,0.0,0.0,0.0,0.0,0.0,0.0,0.0,0.0,0.0,0.0,0,0.0,0.0,0.0,1
