frame,time,centroid,spread,rolloff,slope,obsir_std,flatness,crest,skewness,kurtosis,tonality,entropy,tpr,n_peaks,flux,irregularity,zcr,gated
0,0.0,5096.81,5100.0858,10089.84,-6.6156005363,0.273834,0.400777,32.0842,1.3718,1.6832,0.066183,0.576795,-5.39244,161,0.0,1906.2546,0.068368,0
1,0.0427,5211.59,5170.3377,10359.38,-6.5732446031,0.316791,0.398413,28.5907,1.3345,1.5098,0.066611,0.583413,-10.446047,179,0.183389,2030.7287,0.063973,0
2,0.0853,5241.42,5215.8125,10582.03,-7.0696936454,0.224649,0.376824,23.101,1.3391,1.5688,0.070644,0.63731,-6.814345,166,0.183869,2066.029,0.068368,0
3,0.128,5078.45,5087.695,10253.91,-6.6166234405,0.418442,0.398696,30.8828,1.3533,1.5979,0.06656,0.581814,-3.718078,168,0.184238,1942.377,0.065682,0
4,0.1707,5302.67,5155.8458,10652.34,-6.662120118,0.261808,0.40004,29.3357,1.3071,1.4389,0.066316,0.630082,-6.296013,171,0.194737,1971.395,0.073129,0
5,0.2133,5227.13,5137.7244,10335.94,-7.4443378604,0.246147,0.348046,20.1093,1.4038,1.8965,0.076394,0.672755,-4.838833,175,0.187356,1986.0587,0.07789,0
6,0.256,5288.03,5194.6133,10523.44,-6.7903297716,0.283413,0.386539,26.6094,1.3493,1.5875,0.068801,0.630432,-3.645309,191,0.181723,1942.043,0.071176,0
7,0.2987,5100.45,5087.0956,10089.84,-6.5085265008,0.298082,0.402799,32.4951,1.373,1.6158,0.065819,0.603475,0.992278,168,0.178419,1928.7275,0.062508,0
8,0.3413,4908.64,5091.2147,10242.19,-6.1292617185,0.351321,0.428988,42.1584,1.3539,1.4269,0.061259,0.525564,-0.169233,182,0.186452,1944.1584,0.052985,0
9,0.384,4903.53,4996.0485,9984.38,-6.2414006885,0.287546,0.417712,40.3865,1.3576,1.5171,0.063187,0.566445,0.727947,182,0.189678,1951.8471,0.05677,0
10,0.4267,5230.09,5254.5711,10582.03,-7.7172567689,0.205606,0.329263,17.9074,1.422,1.927,0.08041,0.667475,-3.089798,183,0.19926,2103.111,0.070321,0
11,0.4693,5122.81,5205.0359,10582.03,-6.9177393013,0.305403,0.377089,24.6101,1.3831,1.6329,0.070593,0.621865,-3.909063,180,0.183394,1925.2784,0.069222,0
12,0.512,5027.54,5065.5089,10136.72,-6.8634860107,0.327988,0.378911,26.9146,1.3886,1.7507,0.070244,0.604415,-0.61707,188,0.186924,2021.783,0.065438,0
13,0.5547,5235.11,5103.0155,10324.22,-6.46213621,0.24527,0.41219,31.5239,1.2995,1.476,0.06415,0.597265,-0.323762,174,0.182506,2004.8913,0.064217,0
14,0.5973,5002.5,5141.7617,10394.53,-6.6726958581,0.243348,0.396904,29.7479,1.3655,1.5556,0.066886,0.609149,-0.376586,194,0.197072,1954.7461,0.063973,0
15,0.64,4950.01,4922.8935,9890.62,-6.3155534804,0.265836,0.418374,40.4031,1.3437,1.5679,0.063073,0.551613,-7.845602,197,0.189252,2121.8027,0.067757,0
16,0.6827,5301.82,5111.9885,10546.88,-6.9008932604,0.21277,0.386234,26.8495,1.3314,1.5737,0.068858,0.644941,-5.681475,181,0.184683,2077.2493,0.069344,0
17,0.7253,5220.48,5120.5048,10546.88,-6.5975412498,0.288853,0.400923,31.1772,1.3433,1.5532,0.066157,0.620484,-6.383322,189,0.177556,1973.1067,0.069711,0
18,0.768,5221.84,5195.5684,10511.72,-6.7559628708,0.261762,0.393102,24.8982,1.3457,1.5153,0.067582,0.647533,-4.933469,199,0.185715,1911.7348,0.066048,0
19,0.8107,5020.1,5111.9078,10277.34,-6.4223763419,0.308721,0.40832,33.6428,1.3712,1.5743,0.064833,0.579719,1.1914,187,0.178202,1912.5566,0.066536,0
20,0.8533,5076.43,5077.3486,10136.72,-6.4381210367,0.303406,0.416073,34.6003,1.3753,1.647,0.063472,0.609609,-2.598131,169,0.182069,1932.9287,0.063118,0
21,0.896,5081.52,5167.2203,10371.09,-7.0980922476,0.300441,0.367672,22.8994,1.399,1.7192,0.072423,0.626903,-2.107244,202,0.19258,2051.4818,0.059822,0
22,0.9387,5104.3,5111.5295,10218.75,-6.7310834878,0.203669,0.391123,28.452,1.3467,1.5637,0.067948,0.621178,-1.982985,168,0.195055,1841.3767,0.066414,0
23,0.9813,5163.81,5193.3671,10417.97,-6.9920175381,0.261914,0.368088,23.259,1.4057,1.7813,0.072341,0.63023,-3.53963,182,0.196572,2009.0135,0.070077,0
24,1.024,5091.08,5081.8642,10347.66,-6.5308263682,0.267989,0.408564,33.4318,1.3317,1.4831,0.06479,0.597808,0.164601,181,0.191276,1892.4652,0.060798,0
25,1.0667,4944.07,4993.0354,9984.38,-6.7405156618,0.275141,0.391963,31.2541,1.396,1.7356,0.067792,0.605174,-5.949758,182,0.175857,1986.229,0.061775,0
26,1.1093,5194.12,5075.0241,10089.84,-7.7043022269,0.292038,0.327297,16.7299,1.4567,2.1798,0.080843,0.675118,-6.635075,174,0.201115,2137.1138,0.070687,0
27,1.152,5294.13,5121.5366,10546.88,-7.1970272191,0.302366,0.361435,21.3242,1.3768,1.786,0.073662,0.663587,-1.316271,171,0.194764,2185.9883,0.069222,0
28,1.1947,4972.81,5114.006,10148.44,-7.3536556815,0.236805,0.349405,21.391,1.451,1.9676,0.076112,0.632488,-3.563914,180,0.205209,1985.7007,0.063851,0
29,1.2373,5282.62,5191.5789,10710.94,-6.6921255265,0.25252,0.391602,26.1938,1.3138,1.4512,0.067859,0.631099,-4.976156,181,0.195926,2004.3673,0.063606,0
30,1.28,4979.3,5034.9354,10019.53,-6.5697870834,0.20494,0.400206,32.6139,1.3648,1.6168,0.066286,0.57547,-0.597381,190,0.192483,1945.6342,0.063728,0
31,1.3227,5171.2,5102.2131,10253.91,-6.835019522,0.346694,0.386057,27.2367,1.3576,1.6666,0.068891,0.606061,-5.638657,151,0.177032,1965.0196,0.061287,0
32,1.3653,5206.67,5114.692,10300.78,-6.8188969635,0.296312,0.389889,28.2408,1.3613,1.6647,0.068177,0.629209,-5.347547,182,0.179867,1903.1176,0.065194,0
33,1.408,5306.93,5214.4507,10628.91,-7.3380936646,0.30623,0.349624,20.8852,1.3767,1.7858,0.076066,0.649583,-7.235438,165,0.184229,2137.3139,0.07203,0
34,1.4507,5261.41,5197.8214,10312.5,-7.5670197337,0.270267,0.337704,18.0454,1.4116,1.9214,0.078577,0.671841,-7.746745,190,0.186243,2090.1787,0.071786,0
35,1.4933,5159.53,5143.7086,10207.03,-6.8764828128,0.26351,0.373538,25.5751,1.3518,1.6315,0.071278,0.624688,-4.182253,180,0.194237,2006.7736,0.069344,0
36,1.536,5260.03,5171.4574,10593.75,-6.7893403791,0.292492,0.387873,25.7073,1.3548,1.6088,0.068552,0.626296,-4.529472,178,0.191861,1922.626,0.072397,0
37,1.5787,5003.54,5075.5596,10218.75,-6.8642228041,0.245492,0.377213,26.4816,1.3917,1.722,0.070569,0.621222,-3.630178,185,0.19053,1980.4438,0.073129,0
38,1.6213,5462.15,5267.5681,10734.38,-7.1818612543,0.360668,0.358752,20.0578,1.3634,1.7141,0.074201,0.660496,-2.24888,185,0.195257,2105.374,0.073251,0
39,1.664,5210.84,5191.425,10546.88,-6.9884848956,0.333276,0.370293,23.1825,1.3681,1.6507,0.071909,0.627052,-3.831437,189,0.182806,2017.624,0.069466,0
40,1.7067,5184.74,5131.6393,10347.66,-7.3010971154,0.322659,0.353826,20.549,1.3856,1.7843,0.075202,0.648942,-5.380924,184,0.183729,2047.3289,0.063484,0
41,1.7493,5105.58,5104.6102,10453.12,-6.5164400533,0.339971,0.402562,32.3438,1.3462,1.5579,0.065861,0.588745,-6.118869,171,0.187167,1921.517,0.062508,0
42,1.792,4797.99,5060.6005,10078.12,-6.4556520756,0.273805,0.406902,36.0779,1.385,1.5493,0.065085,0.550465,-5.116551,211,0.188195,1886.9962,0.063851,0
43,1.8347,5120.6,5188.8131,10558.59,-6.8949984435,0.269086,0.376928,24.548,1.373,1.6395,0.070624,0.617192,-2.837251,175,0.196253,1977.8016,0.061409,0
44,1.8773,4827.22,5051.8054,10195.31,-6.0370610569,0.271191,0.43099,44.5287,1.3623,1.4309,0.060922,0.525408,-0.173279,179,0.190111,2051.4378,0.05384,0
45,1.92,5078.98,5037.9444,10300.78,-6.3979184647,0.31188,0.411203,35.0984,1.3471,1.5525,0.064324,0.595418,-7.036569,182,0.186246,1881.1615,0.057746,0
46,1.9627,5128.55,5086.8965,10277.34,-6.6229534929,0.240237,0.397169,30.3737,1.3788,1.6558,0.066837,0.623746,-1.83547,162,0.189871,1940.5896,0.068124,0
47,2.0053,5047.38,5024.9606,10230.47,-6.3251138537,0.288098,0.419878,35.2108,1.3488,1.5417,0.062813,0.598661,0.003818,197,0.194432,1981.2157,0.068124,0
48,2.048,4898.92,5039.1969,9972.66,-6.2484390471,0.306773,0.420765,40.0126,1.3578,1.4582,0.06266,0.547739,-3.915269,166,0.179985,1906.9592,0.063362,0
49,2.0907,5018.57,5028.4401,10218.75,-6.4621001005,0.275591,0.422181,35.1153,1.3569,1.5843,0.062417,0.586711,-10.142617,167,0.179896,1825.751,0.060554,0
50,2.1333,5007.94,5047.9281,10230.47,-6.0634527349,0.221021,0.440047,40.9945,1.2909,1.2575,0.059417,0.557496,-5.110615,177,0.173951,1967.6813,0.063606,0
51,2.176,5129.49,5031.8667,10277.34,-5.866529818,0.312343,0.458017,49.3877,1.2847,1.2856,0.05652,0.533017,0.326772,196,0.183666,1917.8724,0.061531,0
52,2.2187,5153.78,5051.2176,10429.69,-6.1302891882,0.263214,0.428278,38.4016,1.3194,1.428,0.061379,0.580114,-0.271755,175,0.177818,2040.3961,0.063728,0
53,2.2613,5143.01,5110.9234,10265.62,-6.9530054566,0.403248,0.38103,25.4702,1.4254,1.8465,0.06984,0.645949,-5.280694,182,0.188861,1920.9124,0.067879,0
54,2.304,4858.2,5040.1941,9960.94,-6.8833569616,0.348172,0.376666,27.6195,1.4659,2.0033,0.070674,0.605883,-3.713444,193,0.177722,2022.5676,0.065682,0
55,2.3467,5075.43,5149.0229,10218.75,-6.7543914704,0.365321,0.381241,28.1485,1.4062,1.7259,0.0698,0.611726,-5.109956,205,0.190354,2021.472,0.068124,0
56,2.3893,5046.17,5099.8891,10113.28,-6.7701787675,0.296278,0.389145,28.5595,1.4036,1.714,0.068315,0.625061,-5.628004,182,0.175979,1984.0627,0.067513,0
57,2.432,5199.56,5134.8818,10511.72,-6.7563333702,0.276439,0.383402,27.1077,1.3204,1.5321,0.069391,0.620641,-3.468607,159,0.192483,2044.2376,0.06617,0
58,2.4747,5114.12,5090.6084,10265.62,-6.8863043974,0.432846,0.369748,27.807,1.3552,1.6711,0.072016,0.620769,-2.665994,180,0.192937,2022.2194,0.067879,0
59,2.5173,5167.85,5147.0823,10582.03,-6.5045394325,0.342453,0.397396,31.0551,1.3202,1.4466,0.066796,0.587606,-4.063481,179,0.196982,1924.7327,0.066536,0
60,2.56,5335.23,5266.0635,10710.94,-7.2754000896,0.341405,0.355368,20.2929,1.3774,1.7085,0.074887,0.647154,-2.21651,188,0.186805,2063.9221,0.07435,0
61,2.6027,5539.48,5329.6128,10886.72,-7.6694318877,0.236713,0.332434,16.5048,1.3541,1.7562,0.079716,0.691897,-6.535539,182,0.181882,2178.0088,0.083628,0
62,2.6453,5241.1,5178.8703,10476.56,-7.7412682701,0.288025,0.326902,17.057,1.4572,2.0841,0.08093,0.678905,-5.484669,164,0.184117,2128.7066,0.074838,0
63,2.688,5086.78,5121.2438,10265.62,-7.2123208273,0.202754,0.357572,22.0169,1.4119,1.8482,0.074439,0.63791,-6.973495,171,0.184757,1999.2982,0.072397,0
64,2.7307,5167.95,5159.1878,10382.81,-7.5599040779,0.242385,0.334705,19.5219,1.4009,1.876,0.079223,0.651644,-3.770252,171,0.187444,2021.7035,0.072763,0
65,2.7733,5143.35,5040.5831,10277.34,-6.1831568601,0.287906,0.432531,39.229,1.3397,1.5139,0.060664,0.558365,-6.68698,172,0.190802,1862.53,0.064949,0
66,2.816,5059.56,5034.7661,10078.12,-6.2635771909,0.291148,0.415836,36.9707,1.3436,1.5601,0.063513,0.565667,-3.610508,188,0.184468,2006.0954,0.063851,0
67,2.8587,5347.81,5170.42,10675.78,-7.359261171,0.220068,0.34819,19.4105,1.3881,1.8376,0.076364,0.669766,-5.21058,177,0.190072,2183.3933,0.068368,0
68,2.9013,5159.38,5145.8941,10535.16,-6.7239605556,0.307359,0.390562,27.3325,1.3542,1.5563,0.068052,0.631427,-2.002263,178,0.190379,1936.5533,0.076547,0
69,2.944,5309.83,5276.3545,10734.38,-7.1099491015,0.346428,0.366123,20.769,1.3679,1.6352,0.072729,0.657278,-4.612862,187,0.184431,2021.6184,0.072763,0
70,2.9867,5068.88,5072.0295,10289.06,-5.9955871224,0.310279,0.437295,42.5349,1.2929,1.354,0.059871,0.518044,1.153618,185,0.185501,2021.1923,0.06263,0
71,3.0293,5026.28,5158.2637,10371.09,-6.4475153083,0.24979,0.41364,33.1709,1.3302,1.379,0.063896,0.597838,-8.213104,173,0.178215,2054.8084,0.068368,0
72,3.072,5103.46,5054.0456,10195.31,-7.3268990255,0.246916,0.356438,21.3242,1.4113,1.877,0.074669,0.6658,-3.909556,178,0.190724,2005.8882,0.074472,0
73,3.1147,5222.58,5210.9642,10488.28,-7.3376244499,0.176606,0.352308,22.4251,1.3731,1.749,0.075513,0.643329,-4.096903,164,0.189986,1958.2657,0.067269,0
74,3.1573,5159.8,5109.0401,10394.53,-6.6970181006,0.220941,0.39109,29.6169,1.3521,1.6327,0.067954,0.609316,-0.633476,188,0.181856,2010.216,0.06556,0
75,3.2,5244.99,5119.7813,10382.81,-6.8871021571,0.2401,0.386157,27.0908,1.3413,1.6111,0.068873,0.637235,-1.548149,175,0.189263,2071.527,0.068734,0
76,3.2427,4958.38,5065.5044,10265.62,-6.3395505399,0.252903,0.408856,35.6628,1.3497,1.4886,0.064738,0.566297,0.808804,175,0.189159,2004.9388,0.058723,0
77,3.2853,5105.66,5105.6812,10347.66,-6.3418121722,0.315797,0.422603,33.9094,1.3394,1.4373,0.062345,0.591667,-7.467688,160,0.199013,1905.3714,0.060554,0
78,3.328,5148.56,5150.792,10277.34,-6.934812853,0.271444,0.379689,25.3794,1.397,1.7432,0.070095,0.627529,-2.333812,185,0.187869,1955.3813,0.064095,0
79,3.3707,4995.66,5017.3886,10101.56,-6.6629472203,0.337436,0.384878,28.9463,1.3884,1.7244,0.069113,0.603136,-2.879402,185,0.19831,2008.3327,0.062752,0
80,3.4133,5137.99,5096.5834,10253.91,-6.6083683959,0.301105,0.398874,32.2419,1.3557,1.63,0.066527,0.601634,0.379213,192,0.194296,2047.2053,0.061775,0
81,3.456,5166.09,5178.8954,10558.59,-6.5524363879,0.175334,0.407367,32.4854,1.3176,1.4167,0.065002,0.608956,-0.965345,182,0.185553,2013.2158,0.062263,0
82,3.4987,5187.7,5170.1687,10406.25,-6.7709043974,0.26938,0.386952,27.5428,1.3613,1.6172,0.068724,0.61451,-1.233929,182,0.184361,1967.5091,0.061775,0
83,3.5413,5176.7,5186.9953,10335.94,-7.5424229993,0.294254,0.336171,19.2246,1.4626,2.0943,0.078907,0.658913,-3.316838,162,0.184252,2073.4005,0.066536,0
84,3.584,5396.6,5222.1216,10710.94,-7.2513235565,0.275565,0.359632,19.0416,1.396,1.759,0.074024,0.687459,-7.151005,169,0.179993,2042.0648,0.07435,0
85,3.6267,4984.66,5094.9727,10230.47,-6.7219876797,0.292733,0.383209,29.6087,1.3969,1.6915,0.069427,0.600023,-4.687757,169,0.190055,1890.9919,0.066414,0
86,3.6693,5176.41,5093.7116,10335.94,-6.8002001229,0.401332,0.383491,26.9906,1.3974,1.7748,0.069374,0.640903,-3.434711,183,0.188656,2043.6572,0.0691,0
87,3.712,5236.45,5141.6856,10546.88,-7.2793731214,0.433114,0.351,20.4568,1.4189,1.9155,0.075782,0.655992,-1.732217,183,0.185388,2098.3708,0.076792,0
88,3.7547,5367.93,5194.4934,10523.44,-7.145005013,0.290793,0.36581,22.4873,1.3559,1.7092,0.072791,0.657851,-2.935782,180,0.183178,1966.7746,0.076547,0
89,3.7973,5340.68,5170.8501,10593.75,-6.8851396761,0.234046,0.384392,25.172,1.3265,1.5663,0.069204,0.642526,-2.1025,168,0.18616,1920.9307,0.072152,0
90,3.84,5273.74,5132.2314,10605.47,-6.5522872447,0.299437,0.398412,29.1313,1.2833,1.3476,0.066611,0.633218,-1.033063,183,0.184068,1841.5744,0.071054,0
91,3.8827,5056.31,5093.3423,10324.22,-6.6755752132,0.340767,0.392293,30.2753,1.3693,1.6297,0.067732,0.611032,-1.044928,181,0.180872,2078.9028,0.068734,0
92,3.9253,5294.01,5196.5373,10628.91,-7.0492142436,0.349451,0.371903,23.9184,1.3512,1.6394,0.071595,0.643244,-2.762691,204,0.182416,2035.5721,0.072641,0
93,3.968,5301.6,5194.2132,10593.75,-7.1594485135,0.270227,0.373232,21.5566,1.3696,1.6611,0.071337,0.671647,-0.036202,190,0.177136,2057.2629,0.073007,0
94,4.0107,5387.32,5244.4437,10628.91,-7.0943072438,0.341817,0.369174,21.6682,1.356,1.6674,0.072128,0.65333,-5.186253,180,0.185284,2011.6583,0.068856,0
95,4.0533,4994.63,5059.048,10171.88,-6.3201765023,0.384992,0.417103,35.8093,1.3521,1.4823,0.063293,0.579685,-5.006231,185,0.189851,2028.4637,0.068612,0
96,4.096,5175.84,5173.5915,10265.62,-7.2748669875,0.277203,0.35848,22.4219,1.4429,1.9135,0.074256,0.660618,-7.045764,173,0.187271,2007.4855,0.069955,0
97,4.1387,5146.36,5130.5626,10218.75,-7.1689750771,0.327847,0.355987,22.3241,1.4107,1.8525,0.074761,0.646829,-6.819948,193,0.182347,2014.0678,0.07496,0
98,4.1813,5219.58,5203.8522,10394.53,-7.4572458339,0.212801,0.345739,19.8992,1.4145,1.8735,0.076875,0.662389,-3.735532,172,0.185096,2022.5087,0.071298,0
99,4.224,5232.84,5185.3365,10675.78,-6.8995641287,0.263301,0.387214,25.912,1.3367,1.4983,0.068675,0.635187,-7.519702,171,0.18548,1884.3126,0.071176,0
100,4.2667,5002.64,5169.9526,10570.31,-6.864049213,0.426201,0.373282,26.0683,1.3852,1.5949,0.071327,0.608353,-4.407454,188,0.174867,1928.4379,0.069711,0
101,4.3093,5200.75,5182.7198,10675.78,-6.1592311648,0.193903,0.435324,37.5404,1.2706,1.2254,0.060198,0.57571,-0.885137,170,0.188631,1868.7373,0.062874,0
102,4.352,5198.79,5131.4356,10558.59,-6.6282479469,0.250648,0.396633,29.2464,1.3222,1.5053,0.066935,0.611869,-4.238235,178,0.177734,1901.178,0.064461,0
103,4.3947,5291.46,5148.3758,10335.94,-7.1708224853,0.263394,0.363731,22.1587,1.3885,1.836,0.073203,0.663331,-3.621731,181,0.18226,2030.9153,0.071786,0
104,4.4373,5121.37,5090.1321,10429.69,-6.5566343678,0.231378,0.398281,31.2385,1.3382,1.5293,0.066635,0.596749,0.02863,193,0.191135,1826.6127,0.068368,0
105,4.48,4930.83,5052.3668,10160.16,-6.6712427039,0.273847,0.382907,30.3778,1.3841,1.6807,0.069484,0.601342,-4.569536,177,0.197311,2060.7051,0.060676,0
106,4.5227,5208.67,5092.3112,10511.72,-6.5933706204,0.310902,0.397247,29.4897,1.3408,1.5741,0.066823,0.615772,-2.020557,193,0.192984,1991.976,0.063728,0
107,4.5653,5287.03,5173.1351,10593.75,-7.1444171067,0.321784,0.359285,21.6371,1.3862,1.765,0.074093,0.648444,-4.357541,191,0.18998,2018.5011,0.068124,0
108,4.608,5224.17,5108.3535,10488.28,-7.0034513839,0.313656,0.380998,26.0506,1.3951,1.7778,0.069846,0.658024,-2.015371,205,0.173683,1907.9528,0.070809,0
109,4.6507,5270.95,5230.6001,10710.94,-7.286005011,0.23548,0.355773,20.7374,1.3599,1.6623,0.074804,0.65001,-4.118445,179,0.170808,2099.0853,0.06849,0
110,4.6933,5292.43,5222.2756,10628.91,-7.1418998899,0.23891,0.362853,21.4697,1.3446,1.6135,0.073378,0.642788,-6.689132,180,0.182992,2033.1569,0.069466,0
111,4.736,5337.4,5226.8919,10687.5,-7.2625326701,0.305068,0.365161,20.4152,1.3469,1.6055,0.072919,0.670243,-2.623857,182,0.182136,2095.523,0.073007,0
112,4.7787,5279.87,5246.3469,10699.22,-7.071054908,0.287945,0.363918,21.4487,1.357,1.6155,0.073166,0.629655,-2.102287,202,0.183123,2009.4835,0.070687,0
113,4.8213,5121.11,5036.2634,10101.56,-7.0515466308,0.240188,0.372509,24.5887,1.4,1.8729,0.071477,0.636399,-3.837886,177,0.183052,2014.0623,0.068246,0
114,4.864,5112.27,5065.1473,10253.91,-6.8596313641,0.207479,0.384539,26.7142,1.3362,1.615,0.069177,0.631351,0.334991,172,0.185851,2031.2708,0.065926,0
115,4.9067,5236.3,5150.3914,10546.88,-7.0033842016,0.300091,0.379717,23.9926,1.3609,1.6454,0.07009,0.661769,-5.409543,185,0.185319,1965.2475,0.069466,0
116,4.9493,4995.91,5053.4236,10078.12,-6.6170952787,0.238149,0.398049,31.6943,1.3597,1.5929,0.066677,0.592509,-1.893972,177,0.182726,2057.4091,0.0691,0
117,4.992,5161.45,5131.5152,10113.28,-7.1364565467,0.233202,0.367778,24.1148,1.4085,1.8622,0.072402,0.632539,-2.798918,168,0.180829,1986.1087,0.070321,0
118,5.0347,5050.05,5143.9772,10183.59,-6.9857646363,0.325423,0.365698,25.2033,1.4167,1.8125,0.072813,0.619608,-3.850361,185,0.188435,1981.2207,0.072397,0
119,5.0773,5179.65,5124.4577,10382.81,-6.7626174017,0.306239,0.383276,26.6485,1.3731,1.6417,0.069415,0.636834,-3.189545,172,0.190144,1989.4628,0.067269,0
120,5.12,5108.27,5206.6776,10277.34,-7.2239280801,0.259768,0.354487,20.783,1.4353,1.8959,0.075067,0.646752,-6.965979,194,0.179531,2098.5379,0.068124,0
121,5.1627,5149.17,5117.8502,10359.38,-6.7823822892,0.288676,0.382419,25.3934,1.3902,1.6988,0.069577,0.63555,-3.281051,199,0.189175,1890.8834,0.072152,0
122,5.2053,5270.91,5153.6335,10335.94,-7.5257539722,0.403867,0.338937,18.7114,1.3912,1.8844,0.078313,0.658939,-6.629997,176,0.194046,2154.3814,0.071176,0
123,5.248,5132.96,5055.8753,10171.88,-7.0130214325,0.2229,0.379134,24.7691,1.4044,1.8073,0.070201,0.655912,-3.388131,170,0.195349,1941.6981,0.069466,0
124,5.2907,5281.71,5123.9462,10523.44,-6.8577996035,0.25712,0.390177,28.3654,1.3644,1.648,0.068123,0.658045,-1.838758,190,0.190919,1872.7151,0.068001,0
125,5.3333,5093.49,5041.226,10253.91,-6.2966856155,0.298653,0.418692,38.3225,1.3281,1.4812,0.063017,0.572416,-0.024498,185,0.189221,1840.6603,0.064095,0
126,5.376,4926.23,5065.2948,9937.5,-7.180344543,0.35335,0.355704,23.9082,1.4794,2.079,0.074819,0.628522,-2.20974,181,0.18773,2060.3502,0.066048,0
127,5.4187,5170.05,5145.4764,10324.22,-6.9245264234,0.360402,0.376929,25.154,1.3455,1.5611,0.070623,0.638308,-2.768619,182,0.182814,1978.7232,0.070565,0
128,5.4613,5302.14,5248.4361,10734.38,-6.9917382681,0.366856,0.378285,23.6404,1.3471,1.5959,0.070363,0.643568,-3.422214,176,0.187515,1958.419,0.069955,0
129,5.504,5100.89,5175.972,10347.66,-6.8713638795,0.296098,0.376094,25.8418,1.3993,1.734,0.070784,0.629916,-5.120597,187,0.181857,1988.8235,0.064461,0
130,5.5467,5230.19,5173.8088,10628.91,-6.6604046054,0.349067,0.391564,28.5991,1.3557,1.5681,0.067866,0.615343,-2.015926,190,0.196925,1963.6354,0.066048,0
131,5.5893,5336.66,5223.9085,10781.25,-6.1853410379,0.347907,0.43231,36.682,1.2439,1.1258,0.060701,0.586188,-8.834116,149,0.189849,1961.6061,0.073373,0
132,5.632,5238.42,5223.149,10593.75,-7.2267252778,0.327537,0.361985,22.2657,1.4053,1.7804,0.073552,0.656362,-3.659153,177,0.188977,2003.5079,0.070565,0
133,5.6747,5209.7,5182.7873,10582.03,-6.4542001576,0.262534,0.412617,31.6087,1.3305,1.4404,0.064076,0.613236,1.990836,201,0.183677,2000.6099,0.06556,0
134,5.7173,4953.18,5024.5607,10101.56,-6.2554890642,0.301506,0.423938,37.8578,1.301,1.3214,0.062116,0.548455,1.770999,170,0.189193,1896.1484,0.062508,0
135,5.76,5041.93,5122.6482,10207.03,-6.7423688773,0.267033,0.392248,30.3289,1.374,1.6545,0.06774,0.596374,-3.795087,177,0.174481,1952.7975,0.059333,0
136,5.8027,5019.01,5108.4719,10160.16,-7.0535126516,0.267577,0.369215,24.4189,1.4162,1.811,0.07212,0.642097,-9.072035,180,0.182607,1926.6938,0.066536,0
137,5.8453,5098.22,5155.598,10277.34,-7.0411132592,0.260101,0.373541,25.53,1.3957,1.7205,0.071277,0.622058,-1.876811,190,0.192186,1946.9207,0.071908,0
138,5.888,4988.24,5007.0115,10183.59,-6.1752277283,0.216046,0.419329,38.7066,1.3324,1.4922,0.062907,0.550582,2.157855,178,0.199412,1999.5246,0.068368,0
139,5.9307,5009.37,5070.7627,10312.5,-6.3164816125,0.243525,0.416322,34.4557,1.3178,1.3685,0.063428,0.582194,-7.138772,186,0.187509,2025.4876,0.062752,0
140,5.9733,5091.68,5130.8394,10476.56,-6.1708489826,0.314516,0.430387,38.4694,1.3432,1.4883,0.061023,0.558409,-5.910054,185,0.184682,1999.2963,0.061287,0
141,6.016,4992.55,5005.1041,10031.25,-6.6241121733,0.370371,0.403688,33.0839,1.4012,1.7351,0.065659,0.58849,-5.907755,184,0.175268,2010.5017,0.064461,0
142,6.0587,5117.42,5141.4328,10277.34,-6.9861948066,0.297933,0.376933,25.8881,1.3933,1.7128,0.070623,0.61984,-5.594779,170,0.189877,2054.5207,0.061043,0
143,6.1013,4948.53,5061.0555,10125.0,-6.7070533926,0.246817,0.392433,30.2971,1.4029,1.7029,0.067706,0.613537,-0.726038,180,0.199604,1976.0615,0.062874,0
144,6.144,5283.93,5242.9075,10523.44,-7.2228225758,0.329532,0.35833,21.4525,1.4199,1.8614,0.074286,0.64627,-3.673208,172,0.188817,2091.3393,0.069589,0
145,6.1867,5144.23,5206.6561,10523.44,-6.9379625003,0.274814,0.379491,24.8545,1.3666,1.5944,0.070133,0.632345,-3.956955,169,0.181586,1939.207,0.070932,0
146,6.2293,5290.82,5204.5489,10593.75,-7.0996239604,0.232071,0.361436,21.3426,1.3856,1.7332,0.073661,0.648152,-3.380977,168,0.183977,1985.4539,0.076425,0
147,6.272,5516.63,5276.2996,10816.41,-7.4606019471,0.266423,0.346471,19.3389,1.3451,1.6875,0.076722,0.678627,-2.966655,167,0.181484,2074.1246,0.077402,0
148,6.3147,5271.1,5189.9588,10289.06,-7.4945004597,0.244775,0.341253,19.4531,1.4187,1.9555,0.077821,0.676648,-5.168178,195,0.186004,2105.9085,0.07667,0
149,6.3573,5122.65,5158.5547,10230.47,-7.0472426333,0.276458,0.369931,25.7012,1.4012,1.7887,0.07198,0.648765,-2.823625,174,0.178809,2050.9627,0.075082,0
150,6.4,5171.52,5180.3265,10406.25,-6.7074136459,0.3297,0.389461,28.7072,1.3812,1.6472,0.068256,0.610879,-0.81447,171,0.190954,2000.9839,0.063851,0
151,6.4427,4929.58,4995.0928,9984.38,-6.3958680772,0.259541,0.406247,36.6451,1.3907,1.6764,0.065202,0.565961,1.982195,179,0.195891,2090.9907,0.061653,0
152,6.4853,5180.45,5194.5831,10640.62,-7.0939576295,0.244296,0.372781,23.5646,1.3587,1.6237,0.071424,0.643806,-6.672364,158,0.195234,2015.2259,0.067269,0
153,6.528,5088.2,5105.9889,10054.69,-6.770937796,0.340007,0.389077,29.0791,1.3785,1.685,0.068327,0.62357,-7.415591,158,0.186673,1922.6942,0.065194,0
154,6.5707,5157.18,5145.7831,10417.97,-6.6527927688,0.206691,0.392673,29.4004,1.3324,1.5431,0.067661,0.618069,-6.688878,180,0.187903,1829.9751,0.068734,0
155,6.6133,5177.73,5102.5242,10429.69,-7.0488792922,0.23307,0.37198,25.3607,1.3714,1.723,0.07158,0.66386,-8.403159,171,0.176415,2081.9556,0.076059,0
156,6.656,5240.01,5151.3442,10406.25,-7.2152405691,0.300788,0.359924,21.5164,1.3846,1.849,0.073965,0.656272,-6.722178,186,0.188226,2089.0235,0.07142,0
157,6.6987,5223.39,5041.7616,10289.06,-6.6653584566,0.25959,0.39725,28.7509,1.3493,1.6651,0.066823,0.641453,-1.480036,194,0.182134,2033.308,0.072274,0
158,6.7413,5408.15,5251.6108,10746.09,-7.5750920668,0.283179,0.334706,17.2693,1.347,1.7017,0.079223,0.669885,-4.797015,169,0.186849,2054.1584,0.074106,0
159,6.784,5108.38,5104.5965,10277.34,-6.7503902074,0.310644,0.376402,27.1063,1.379,1.6636,0.070725,0.628372,-2.339345,201,0.190934,2161.869,0.067391,0
160,6.8267,5227.36,5064.8129,10335.94,-6.744335814,0.282168,0.386508,27.5115,1.3479,1.6592,0.068807,0.628492,-1.396409,175,0.197004,2044.851,0.067391,0
161,6.8693,5183.89,5150.5344,10312.5,-6.8316648828,0.212071,0.380616,26.2164,1.3604,1.6529,0.069919,0.639268,-7.282015,165,0.199466,2050.3516,0.069466,0
162,6.912,4996.96,5010.6842,10019.53,-6.9659320113,0.339799,0.378034,26.3321,1.4229,1.8995,0.070411,0.623658,-6.624756,171,0.183508,2014.4345,0.068246,0
163,6.9547,5086.01,5167.6407,10371.09,-6.7017468614,0.262138,0.389662,29.5748,1.3671,1.6147,0.068219,0.608633,-3.188188,167,0.19078,1996.4786,0.065316,0
164,6.9973,5025.95,5114.2277,10171.88,-6.8569152817,0.364519,0.379915,28.1972,1.4059,1.782,0.070052,0.616042,-7.057398,165,0.180567,1950.3111,0.061165,0
165,7.04,5196.83,5144.1966,10476.56,-6.8058994598,0.263495,0.39005,27.5849,1.341,1.5138,0.068147,0.643265,-6.17382,184,0.185669,1962.0765,0.066659,0
166,7.0827,5168.27,5130.2578,10265.62,-7.1448948295,0.29621,0.357827,22.3624,1.3792,1.7644,0.074388,0.638138,-5.881249,174,0.178513,2021.7249,0.070199,0
167,7.1253,5179.81,5145.441,10570.31,-6.6821009619,0.263111,0.400324,28.8366,1.3339,1.5059,0.066265,0.620929,-6.957319,167,0.181857,1908.5795,0.067391,0
168,7.168,5237.86,5163.3889,10746.09,-6.331426974,0.398665,0.423072,35.6325,1.2852,1.3001,0.062264,0.575315,0.195472,164,0.17877,2027.0009,0.06263,0
169,7.2107,5186.56,5166.2981,10640.62,-6.2946142732,0.327026,0.416409,35.1487,1.3061,1.3613,0.063413,0.570361,-5.032224,166,0.170164,1908.7454,0.06263,0
170,7.2533,5275.42,5092.3033,10593.75,-6.56539264,0.311343,0.407763,30.1671,1.2975,1.4352,0.064932,0.603468,-6.987234,175,0.171582,1943.7408,0.068246,0
171,7.296,5324.38,5249.9083,10664.06,-7.1461436649,0.299216,0.369416,22.7039,1.3742,1.673,0.072081,0.658178,-0.82426,162,0.186167,2006.9131,0.074106,0
172,7.3387,5424.79,5222.293,10710.94,-6.992544777,0.311913,0.379634,24.126,1.3501,1.6264,0.070106,0.668283,-3.368989,179,0.166999,2083.4573,0.077768,0
173,7.3813,5303.64,5244.4898,10781.25,-6.954429147,0.246756,0.371877,22.0982,1.3238,1.4449,0.0716,0.642855,-2.323498,164,0.177989,1984.8903,0.075937,0
174,7.424,5138.14,5169.9489,10558.59,-7.1716761515,0.241579,0.36184,22.6998,1.3936,1.7503,0.07358,0.642108,-4.369984,155,0.191977,1975.1026,0.069955,0
175,7.4667,5261.93,5100.3569,10570.31,-6.112270717,0.247428,0.425126,36.139,1.3057,1.381,0.061914,0.587551,-0.164737,190,0.185276,2002.6756,0.068124,0
176,7.5093,5272.66,5135.7713,10277.34,-6.9853834944,0.213921,0.379476,23.3147,1.3653,1.7098,0.070136,0.65117,-4.728142,178,0.185848,1933.9018,0.067513,0
177,7.552,4984.77,5099.6192,10160.16,-6.5401489353,0.290777,0.399435,33.8804,1.3892,1.6864,0.066426,0.569283,-3.470278,165,0.18444,1923.4482,0.064461,0
178,7.5947,5046.91,5124.8778,10113.28,-6.7253579902,0.276629,0.383264,27.669,1.365,1.6249,0.069417,0.584698,-5.427243,172,0.188934,2006.7757,0.058113,0
179,7.6373,5161.31,5137.7773,10382.81,-6.3234724136,0.277215,0.411666,34.0145,1.2984,1.407,0.064242,0.551114,-7.495872,170,0.183232,1982.5283,0.051764,0
180,7.68,5029.0,5092.1703,10382.81,-5.90374363,0.261761,0.438001,48.2769,1.2878,1.2594,0.059754,0.453178,-11.21313,173,0.192358,1894.7775,0.058357,0
181,7.7227,5057.7,5038.3679,10125.0,-6.1567813865,0.294996,0.434056,40.1224,1.3423,1.4864,0.060409,0.558113,0.857207,177,0.191899,1973.9301,0.065194,0
182,7.7653,5340.65,5249.1183,10699.22,-7.0286831035,0.233553,0.366317,22.636,1.3653,1.645,0.072691,0.652435,-3.051591,190,0.195957,2047.2282,0.066903,0
183,7.808,5261.5,5087.1676,10429.69,-6.6070180893,0.334792,0.397044,29.1749,1.3394,1.5921,0.06686,0.635903,-7.464871,164,0.188955,1938.702,0.068978,0
184,7.8507,5031.73,5030.9873,10265.62,-6.8254926907,0.237135,0.386908,30.2932,1.3501,1.6558,0.068732,0.586647,-5.082241,161,0.189566,1901.0524,0.066292,0
185,7.8933,5017.25,5046.2134,9984.38,-7.0201048539,0.302368,0.370073,25.5886,1.4308,1.9554,0.071952,0.611622,-3.318734,182,0.183692,2018.2086,0.0691,0
186,7.936,5113.1,5113.133,10253.91,-7.033841867,0.319454,0.367531,22.9368,1.402,1.8235,0.072451,0.634088,-3.881136,200,0.179799,2045.5253,0.071908,0
187,7.9787,5138.8,5115.444,10289.06,-6.7449031604,0.345942,0.383941,27.4692,1.35,1.5808,0.069289,0.62389,-1.699501,188,0.189536,2038.9055,0.064461,0
188,8.0213,5215.29,5149.261,10582.03,-6.538093533,0.342367,0.414254,30.0465,1.3088,1.3751,0.063789,0.616874,-7.689492,154,0.186075,1799.5385,0.068856,0
189,8.064,4865.5,5019.7017,10171.88,-6.1383040308,0.315872,0.422668,43.317,1.338,1.4805,0.062333,0.517736,0.649731,177,0.187921,2064.9439,0.066048,0
190,8.1067,5065.51,5160.3191,10406.25,-6.5126023729,0.247897,0.397637,32.1428,1.3657,1.572,0.066752,0.594215,-6.301299,182,0.198193,1929.2844,0.058479,0
191,8.1493,5036.26,5060.5361,10148.44,-6.8499317927,0.302128,0.380304,28.7357,1.4133,1.8058,0.069978,0.627693,-4.489015,188,0.184228,1914.4292,0.065071,0
192,8.192,5086.22,5080.2984,10312.5,-6.6048993526,0.277279,0.391925,30.3732,1.3465,1.5725,0.0678,0.609342,0.194676,199,0.191332,2027.6663,0.070809,0
193,8.2347,5237.52,5112.1346,10464.84,-6.3504265016,0.283179,0.420314,32.9931,1.3245,1.428,0.062738,0.593654,-7.553707,177,0.186713,1879.8506,0.067147,0
194,8.2773,5130.17,5169.8633,10417.97,-6.7018214328,0.29516,0.392505,28.7423,1.3987,1.69,0.067692,0.631719,-0.583611,188,0.175194,2076.413,0.063362,0
195,8.32,5126.46,5158.3536,10593.75,-6.9203697831,0.321321,0.381296,24.5732,1.3896,1.6938,0.06979,0.63437,-6.231913,167,0.188247,2025.5356,0.065071,0
196,8.3627,5043.85,5158.0637,10300.78,-7.0994381918,0.274169,0.364721,24.0342,1.434,1.8747,0.073007,0.628834,-2.009638,186,0.189779,1988.5019,0.063728,0
197,8.4053,4841.81,5085.6724,10042.97,-7.1304592777,0.285126,0.363908,26.2067,1.4577,1.9509,0.073168,0.614087,-3.954879,172,0.183447,2038.3156,0.064339,0
198,8.448,5222.12,5177.1461,10582.03,-7.2184656193,0.428868,0.358444,21.5171,1.3863,1.8024,0.074263,0.645959,-6.858643,178,0.186069,1983.6907,0.066536,0
199,8.4907,4958.98,5086.9256,10183.59,-6.4300518231,0.288922,0.404289,32.1175,1.332,1.4857,0.065551,0.572615,-6.794848,178,0.189576,1964.5395,0.066048,0
200,8.5333,5022.61,5037.1693,10207.03,-6.2023474031,0.236002,0.426053,40.1781,1.3235,1.428,0.061756,0.566598,-0.215964,175,0.191976,1991.8128,0.067513,0
201,8.576,5195.71,5170.337,10546.88,-6.7262962626,0.289774,0.385665,25.7691,1.3905,1.6496,0.068965,0.628145,-1.052844,179,0.203654,1929.2838,0.072274,0
202,8.6187,5241.69,5108.7622,10546.88,-7.1741739448,0.213542,0.364722,23.0842,1.373,1.7753,0.073006,0.654306,-6.038377,179,0.189836,2015.8081,0.069344,0
203,8.6613,5015.93,5157.9366,10289.06,-6.8715912776,0.253745,0.38214,25.824,1.4207,1.7601,0.06963,0.622416,-5.539693,178,0.179768,1931.593,0.069466,0
204,8.704,4922.85,5065.14,10289.06,-6.0072852532,0.388623,0.432852,43.8505,1.3022,1.2477,0.06061,0.520022,-7.932614,181,0.195314,1934.4674,0.065804,0
205,8.7467,5147.37,5144.5424,10359.38,-6.4746103716,0.18996,0.407522,32.4061,1.313,1.4237,0.064975,0.593372,-3.034372,190,0.187824,2009.6422,0.058723,0
206,8.7893,4995.82,5119.8799,10289.06,-7.0347807553,0.28247,0.370277,25.3393,1.4159,1.7689,0.071912,0.619426,-4.855791,154,0.188498,1995.3774,0.062141,0
207,8.832,5214.97,5168.3327,10558.59,-6.8164690821,0.197722,0.381365,26.4598,1.3221,1.4886,0.069777,0.607167,-3.288924,188,0.183078,1950.4891,0.063606,0
208,8.8747,5371.23,5216.4381,10675.78,-6.5922997783,0.253988,0.406956,29.2934,1.3007,1.4007,0.065076,0.639261,-2.334031,184,0.179471,1891.0945,0.071786,0
209,8.9173,5308.01,5278.0518,10675.78,-6.9992102059,0.204578,0.375204,23.5309,1.3611,1.5956,0.070955,0.643523,-3.606816,173,0.180652,1912.4646,0.072274,0
210,8.96,4853.87,5035.0503,10042.97,-6.4319386971,0.348603,0.407349,37.7931,1.3996,1.6617,0.065006,0.550704,-1.448492,164,0.179408,1858.0693,0.065804,0
211,9.0027,5020.63,5092.3432,10183.59,-6.1587621138,0.28869,0.431357,38.165,1.3096,1.3659,0.060861,0.543586,-6.367931,169,0.174301,1761.1335,0.065194,0
212,9.0453,5140.89,5148.1554,10113.28,-7.0213952601,0.278616,0.367988,22.7678,1.3881,1.7983,0.072361,0.631421,-3.027932,186,0.194015,2061.5193,0.065926,0
213,9.088,5214.65,5170.0632,10441.41,-6.9986891819,0.266863,0.370784,23.5346,1.3775,1.7207,0.071813,0.630462,-4.911804,197,0.184092,1881.7696,0.063851,0
214,9.1307,5120.14,5112.3593,10441.41,-7.0265268504,0.393895,0.367007,23.383,1.3605,1.6814,0.072554,0.620784,-3.231679,169,0.192423,2092.6406,0.062508,0
215,9.1733,5157.83,5117.4695,10371.09,-6.5909794868,0.316447,0.403601,28.7487,1.357,1.5964,0.065675,0.626007,-2.604822,185,0.188862,1976.0866,0.067391,0
216,9.216,5094.36,5100.4311,10289.06,-6.9295636461,0.300188,0.371786,25.7747,1.4154,1.8447,0.071618,0.638156,-0.161495,182,0.192685,1942.9867,0.066903,0
217,9.2587,5059.71,5110.6114,10312.5,-6.6041282698,0.230695,0.391862,28.5829,1.3645,1.5749,0.067811,0.620154,-1.048896,186,0.189576,1924.0333,0.065071,0
218,9.3013,4999.02,5058.3479,10171.88,-6.4166448567,0.224701,0.409452,35.9605,1.3634,1.589,0.064633,0.583625,-2.033472,166,0.198354,1949.2048,0.071298,0
219,9.344,4905.42,5092.1224,10136.72,-6.629966273,0.306434,0.388936,30.0295,1.388,1.6239,0.068354,0.579413,-8.265071,169,0.179426,1992.9972,0.072152,0
220,9.3867,5127.56,5121.1119,10289.06,-6.9453223558,0.345474,0.376272,24.7534,1.3556,1.6369,0.07075,0.6368,-2.312386,159,0.193812,1966.4618,0.062508,0
221,9.4293,4980.3,5087.7369,10195.31,-6.0846879701,0.313443,0.425401,41.5564,1.3178,1.371,0.061867,0.538998,0.090177,183,0.190194,1929.2582,0.0597,0
222,9.472,5151.77,5179.6784,10628.91,-6.3409780785,0.315397,0.414356,34.4903,1.3074,1.3424,0.063771,0.575967,0.051653,162,0.183193,2016.7538,0.065804,0
223,9.5147,5408.73,5221.0746,10746.09,-7.0889887781,0.230158,0.366331,22.1424,1.3183,1.5543,0.072688,0.662187,-4.565665,180,0.186808,2071.8192,0.070932,0
224,9.5573,5228.14,5169.9964,10289.06,-7.3003647512,0.295657,0.347969,20.9638,1.3925,1.8629,0.07641,0.655521,-5.211217,195,0.182175,2089.0722,0.073617,0
225,9.6,5263.72,5225.8562,10523.44,-7.2978949331,0.271584,0.353996,20.6036,1.3972,1.8121,0.075167,0.652433,-1.228492,183,0.184946,2113.1836,0.068734,0
226,9.6427,5200.02,5163.1345,10546.88,-6.9140734544,0.231313,0.385139,26.4797,1.3375,1.5621,0.069064,0.637901,-1.872867,203,0.184213,1935.4488,0.064339,0
227,9.6853,5159.78,5151.3065,10546.88,-6.7707891215,0.21949,0.387998,27.6011,1.3202,1.4724,0.068528,0.615908,-3.932842,174,0.176973,1954.5714,0.068001,0
228,9.728,5265.72,5112.7022,10207.03,-7.9293998,0.276548,0.320136,16.0767,1.4762,2.2309,0.082444,0.694261,-4.046635,173,0.195573,2084.8763,0.071908,0
229,9.7707,5138.94,5170.1069,10359.38,-7.55544244,0.343663,0.337326,17.9105,1.4504,1.9858,0.078658,0.665864,-5.133973,192,0.187387,2171.2288,0.069222,0
230,9.8133,5095.01,5090.3123,10253.91,-6.3651328812,0.276318,0.412668,34.576,1.3147,1.4208,0.064067,0.580335,-8.657359,171,0.183854,1945.6652,0.062996,0
231,9.856,4987.96,5065.1641,10042.97,-6.7437293651,0.235254,0.391535,31.5143,1.4041,1.7811,0.067872,0.616341,-1.611049,168,0.188266,2017.8616,0.068612,0
232,9.8987,5408.76,5131.2708,10582.03,-6.6355918932,0.329861,0.407631,30.2403,1.3583,1.6921,0.064955,0.652269,-1.978876,173,0.175423,1987.9734,0.072885,0
233,9.9413,5032.13,5123.9994,10335.94,-6.7154304963,0.298426,0.395526,29.6462,1.3761,1.641,0.067138,0.616408,-1.691804,196,0.177989,1948.4374,0.067147,0
234,9.984,5243.69,5152.0184,10664.06,-6.6563426524,0.288892,0.395252,28.4094,1.3246,1.4746,0.067188,0.635945,-2.968116,185,0.183235,1956.3419,0.062874,0
235,10.0267,5205.09,5150.7262,10640.62,-6.7753861708,0.352595,0.392498,27.8296,1.3595,1.577,0.067694,0.625456,-8.989484,175,0.175954,1899.9496,0.064949,0
236,10.0693,5072.6,5131.0077,10476.56,-6.4649357075,0.314038,0.403523,31.8098,1.3414,1.4512,0.065689,0.577947,0.87982,188,0.178229,2019.666,0.068001,0
237,10.112,5266.29,5156.3416,10500.0,-6.8555023496,0.315233,0.385879,25.7747,1.3764,1.6579,0.068925,0.64688,-3.475745,185,0.190732,1956.8372,0.071542,0
238,10.1547,5073.57,5204.3568,10488.28,-6.525460063,0.232479,0.406948,29.5141,1.3567,1.456,0.065077,0.604536,-6.116053,162,0.180849,1836.2541,0.070809,0
239,10.1973,5289.64,5135.529,10593.75,-6.1344487149,0.301664,0.428036,36.5857,1.2849,1.3131,0.06142,0.578445,2.359739,175,0.190058,2027.6731,0.067269,0
240,10.24,5190.04,5132.6948,10500.0,-6.1557878565,0.220522,0.427125,38.0404,1.3185,1.3925,0.061574,0.57497,1.075424,170,0.192196,1947.1393,0.065438,0
241,10.2827,4864.81,5029.5781,9890.62,-6.4623878988,0.27463,0.400138,35.2582,1.4255,1.7987,0.066298,0.57167,-6.813484,173,0.190933,1977.6306,0.066536,0
242,10.3253,4910.37,4969.279,9902.34,-6.7513612585,0.27629,0.389052,30.2145,1.383,1.7243,0.068332,0.594321,-1.387113,211,0.190024,2054.306,0.064095,0
243,10.368,5058.59,5032.7962,10265.62,-6.3535978103,0.264396,0.419321,35.5564,1.3152,1.4091,0.062909,0.582454,-0.273346,194,0.191984,1933.0812,0.054694,0
244,10.4107,4804.59,5108.5311,9984.38,-6.8181973047,0.222742,0.385562,32.3408,1.4445,1.853,0.068984,0.578761,-5.749169,158,0.184328,1997.711,0.054084,0
245,10.4533,5015.57,5082.6971,10277.34,-6.1534713802,0.426955,0.421689,40.1685,1.3747,1.5536,0.062501,0.555479,-7.638858,162,0.18272,1968.0213,0.057502,0
246,10.496,5157.16,5138.3272,10359.38,-7.1906925642,0.31579,0.356628,22.1252,1.4041,1.845,0.074631,0.656785,-3.903568,174,0.193003,2018.9074,0.067391,0
247,10.5387,5523.44,5230.0886,10722.66,-7.7193394191,0.385984,0.332169,16.2709,1.4209,2.0202,0.079773,0.704276,-3.528682,162,0.186732,2080.7026,0.081431,0
248,10.5813,5364.12,5148.1183,10570.31,-7.2970125496,0.319028,0.352166,19.7172,1.4194,1.9107,0.075542,0.680807,-3.59752,152,0.174112,2021.9452,0.081431,0
249,10.624,5201.92,5241.6193,10511.72,-7.6269610172,0.270116,0.328689,17.6102,1.4846,2.1319,0.080536,0.663743,-3.32191,168,0.189813,2130.5178,0.076303,0
250,10.6667,5299.75,5281.4006,10546.88,-8.1073591184,0.216087,0.299785,14.1471,1.4575,2.1224,0.087198,0.683253,-6.649559,190,0.180503,2131.0008,0.075449,0
251,10.7093,5162.52,5137.013,10406.25,-7.2246057863,0.251215,0.356459,22.2942,1.4037,1.884,0.074665,0.637669,-5.988259,169,0.191263,2031.3323,0.066659,0
252,10.752,5260.91,5182.7803,10582.03,-7.120765439,0.326409,0.34964,21.1743,1.4097,1.8559,0.076063,0.651407,-3.448986,164,0.198008,2158.0413,0.067269,0
253,10.7947,5478.11,5198.7329,10675.78,-6.9796081264,0.266134,0.374471,21.416,1.3431,1.6397,0.071097,0.670371,-2.567243,178,0.18505,2127.9527,0.075082,0
254,10.8373,5051.33,5073.6661,10253.91,-6.2691336835,0.192334,0.419151,37.8353,1.2823,1.3025,0.062938,0.537666,-5.20392,175,0.206517,1928.9202,0.067879,0
255,10.88,5032.39,5056.8139,10089.84,-7.1475490681,0.250119,0.364127,24.46,1.4223,1.9612,0.073124,0.632142,-4.574981,173,0.183354,1969.7924,0.065926,0
256,10.9227,4999.68,5014.4287,10066.41,-6.6891694336,0.315078,0.393654,30.173,1.4083,1.8217,0.067481,0.595427,1.531825,175,0.178533,1971.6775,0.06324,0
257,10.9653,5179.27,5136.6729,10500.0,-6.0363972626,0.269463,0.445405,41.693,1.3093,1.3102,0.058541,0.579618,-0.654948,159,0.182257,1980.1387,0.05384,0
258,11.008,5035.2,5079.3642,10148.44,-6.3843807069,0.183092,0.410654,37.7286,1.3777,1.6293,0.064421,0.574906,-6.824828,175,0.183356,1995.9049,0.058845,0
259,11.0507,5199.23,5141.8479,10429.69,-6.6917518663,0.252586,0.392806,30.4355,1.37,1.6514,0.067637,0.623525,-1.599584,187,0.191698,1973.9295,0.071176,0
260,11.0933,5150.45,5122.2191,10406.25,-6.5767946167,0.373904,0.394485,28.6072,1.3489,1.5427,0.067328,0.619677,-2.581911,179,0.194122,1988.7151,0.07435,0
261,11.136,5158.1,5120.0362,10394.53,-7.0023257601,0.288444,0.371556,24.3605,1.3502,1.6165,0.071663,0.628414,-7.469437,177,0.189203,2061.0293,0.067147,0
262,11.1787,5026.47,5131.4975,10488.28,-6.4136910141,0.375214,0.409457,33.6385,1.3561,1.4731,0.064632,0.584359,-7.984264,170,0.183937,1870.4881,0.067513,0
263,11.2213,5379.09,5217.4346,10734.38,-6.858144556,0.251343,0.379908,24.2671,1.3635,1.6338,0.070054,0.665484,-1.074423,177,0.180874,2169.5149,0.072763,0
264,11.264,5096.39,5127.5504,10312.5,-6.3438573287,0.294585,0.406332,33.2,1.3805,1.651,0.065186,0.590006,-8.464213,174,0.180196,2043.2392,0.069589,0
265,11.3067,5251.08,5101.6039,10593.75,-6.2187598979,0.292106,0.427458,36.6925,1.3181,1.445,0.061518,0.590636,-6.733381,192,0.175263,1918.8601,0.068246,0
266,11.3493,5326.49,5181.5677,10617.19,-6.6301943595,0.321716,0.40588,29.1975,1.2991,1.4067,0.065267,0.624824,-3.291642,171,0.188618,1987.3541,0.073373,0
267,11.392,5395.31,5212.3794,10617.19,-7.4178306696,0.317527,0.351184,19.1065,1.3864,1.8406,0.075744,0.681798,-2.294235,195,0.178226,2023.2119,0.070809,0
268,11.4347,5187.86,5097.3615,10511.72,-6.3790771241,0.293399,0.406431,30.5051,1.3111,1.4535,0.065169,0.602048,-2.591328,189,0.187538,1982.6126,0.066659,0
269,11.4773,5298.61,5148.5677,10582.03,-7.1841959825,0.32008,0.363068,21.9075,1.4061,1.9101,0.073335,0.664211,-0.889381,191,0.188033,2000.2469,0.070687,0
270,11.52,4868.8,5019.0709,9890.62,-6.7354001247,0.300606,0.383296,31.8768,1.4152,1.8204,0.069411,0.583978,-1.336042,174,0.193997,2092.2755,0.067269,0
271,11.5627,5261.71,5085.2636,10335.94,-6.8113087536,0.342594,0.380618,26.1986,1.3587,1.6662,0.069918,0.640586,-4.071276,175,0.202794,1944.512,0.066659,0
272,11.6053,4966.01,5002.689,10253.91,-5.9544783186,0.285726,0.443966,46.8918,1.3083,1.3713,0.058775,0.504754,1.467882,159,0.207736,1956.5257,0.066781,0
273,11.648,5128.6,5099.7979,10371.09,-6.8843120287,0.22988,0.382071,26.7138,1.3355,1.5852,0.069643,0.621093,-1.802711,172,0.188647,1866.9792,0.059333,0
274,11.6907,4887.17,5086.524,9972.66,-6.5171611003,0.280099,0.397499,31.7751,1.3945,1.6391,0.066777,0.557435,-2.61559,201,0.184778,1934.1439,0.061653,0
275,11.7333,5119.57,5079.096,10171.88,-6.533708316,0.203295,0.410666,31.3663,1.3415,1.5619,0.064418,0.592092,-5.907905,172,0.182255,2030.9817,0.064949,0
276,11.776,5265.07,5169.391,10582.03,-6.3861702884,0.289442,0.414044,31.4898,1.2827,1.3306,0.063826,0.606982,0.383617,160,0.191138,1830.6498,0.065682,0
277,11.8187,5207.39,5137.7414,10277.34,-7.0776897533,0.341411,0.365964,22.8482,1.4017,1.8662,0.07276,0.628362,-2.511363,180,0.191192,1927.711,0.066414,0
278,11.8613,5262.16,5190.8938,10546.88,-6.8254230259,0.220687,0.388823,26.7021,1.3702,1.6551,0.068375,0.640267,-5.620206,208,0.176902,2009.8055,0.066048,0
279,11.904,5094.3,5057.2919,10136.72,-6.9129049951,0.289244,0.38254,24.8406,1.4231,1.8429,0.069554,0.648243,-2.558572,194,0.182275,1897.6214,0.068978,0
280,11.9467,4756.86,5024.4845,9972.66,-6.4595707011,0.263,0.407467,36.9922,1.4041,1.6309,0.064985,0.547643,-7.84098,184,0.187188,1919.355,0.064217,0
281,11.9893,4959.2,5059.2376,10171.88,-6.5485432178,0.229128,0.41004,34.249,1.3422,1.4878,0.064529,0.58953,-0.789829,171,0.189318,1958.5275,0.061531,0
282,12.032,5137.32,5152.2476,10441.41,-6.4298464324,0.332343,0.409596,33.069,1.3195,1.4181,0.064607,0.582394,-3.402907,173,0.180138,1909.6631,0.063362,0
283,12.0747,5183.69,5166.9222,10546.88,-6.9182331447,0.217364,0.38299,23.9413,1.377,1.6733,0.069469,0.643323,-5.356389,176,0.186289,1967.7873,0.064461,0
284,12.1173,5146.38,5119.6399,10359.38,-6.9343194737,0.275909,0.375873,26.4527,1.366,1.665,0.070827,0.61883,-5.683907,160,0.180218,1918.6142,0.070443,0
285,12.16,5135.27,5180.2607,10371.09,-6.9405720894,0.338681,0.375022,24.4427,1.3976,1.7268,0.070991,0.615156,-3.31608,172,0.180671,2014.0406,0.070932,0
286,12.2027,5183.72,5121.3589,10289.06,-6.9415621077,0.237797,0.379177,26.8039,1.3566,1.6899,0.070193,0.648544,-3.243175,190,0.188027,2027.5638,0.066292,0
287,12.2453,5206.46,5235.2797,10582.03,-7.2649766118,0.254579,0.354637,20.3722,1.4274,1.8616,0.075036,0.663462,-2.85616,192,0.182948,2042.9489,0.068124,0
288,12.288,5257.45,5177.5467,10476.56,-7.433567562,0.302453,0.344096,19.4822,1.4509,2.013,0.07722,0.666768,-4.543003,191,0.186485,2098.9143,0.072641,0
289,12.3307,5505.59,5271.8842,10863.28,-6.9072692002,0.228397,0.378123,21.4448,1.3288,1.5518,0.070394,0.665769,0.278439,167,0.180401,2001.2789,0.076181,0
290,12.3733,5282.31,5196.8573,10476.56,-7.2925737898,0.223565,0.362197,20.821,1.3709,1.7235,0.073509,0.664107,-4.178865,156,0.180352,1967.3236,0.074228,0
291,12.416,5100.85,5162.6167,10335.94,-7.2564201172,0.264954,0.351063,20.7475,1.4564,2.0114,0.075769,0.65158,-5.469252,173,0.187439,2049.527,0.067147,0
292,12.4587,5057.69,5166.6439,10242.19,-7.2491764,0.255335,0.357729,22.083,1.4375,1.8966,0.074408,0.643637,-5.198287,186,0.191501,2094.8807,0.065071,0
293,12.5013,5322.42,5148.7352,10617.19,-7.1332879538,0.280308,0.36909,22.9704,1.3582,1.6656,0.072145,0.666073,-3.062743,186,0.180682,2035.7331,0.063606,0
294,12.544,5020.14,5163.5247,10335.94,-6.9368545657,0.22099,0.382784,26.882,1.4,1.7137,0.069508,0.618395,-4.239862,184,0.182123,1947.0787,0.067025,0
295,12.5867,5153.9,5162.4525,10125.0,-7.3860932931,0.314944,0.347676,19.5696,1.4595,2.0294,0.076471,0.660446,-7.4724,179,0.186336,1959.5866,0.073007,0
296,12.6293,5127.87,5174.4803,10441.41,-6.8805292098,0.31013,0.383271,26.4554,1.3737,1.5919,0.069416,0.638119,-2.071732,205,0.180657,1928.4343,0.074228,0
297,12.672,5403.78,5276.6595,10781.25,-7.2240512175,0.243812,0.360819,20.2639,1.3327,1.5571,0.073785,0.668644,-3.467308,178,0.172836,1893.9016,0.075571,0
298,12.7147,5302.94,5222.4324,10546.88,-7.0421850168,0.27045,0.367597,22.6927,1.3756,1.7464,0.072438,0.643938,-6.601653,176,0.183704,1977.8434,0.070932,0
299,12.7573,5237.0,5177.3673,10582.03,-6.8012505037,0.325192,0.380628,26.6457,1.3535,1.5802,0.069917,0.614557,-1.968947,186,0.188457,2016.006,0.0691,0
300,12.8,5352.09,5304.9112,10710.94,-7.1167210329,0.255689,0.368179,21.2242,1.3351,1.5188,0.072323,0.657141,-6.354956,170,0.18121,1995.2495,0.073129,0
301,12.8427,5220.14,5146.4531,10511.72,-7.0482098789,0.299878,0.371081,22.9678,1.3749,1.7279,0.071755,0.641755,-7.97881,199,0.1934,2006.9298,0.068978,0
302,12.8853,5249.81,5090.2773,10593.75,-6.1818712168,0.303419,0.423916,35.1833,1.2701,1.3082,0.06212,0.572847,1.348583,183,0.192928,1951.4242,0.064339,0
303,12.928,5205.84,5113.7504,10476.56,-6.8302619792,0.240365,0.393581,27.198,1.3585,1.6405,0.067494,0.657009,-3.376191,170,0.186427,1953.6203,0.066781,0
304,12.9707,5202.0,5129.0075,10628.91,-6.4436374602,0.252239,0.410447,32.7591,1.3284,1.4204,0.064457,0.615772,-3.551232,179,0.183217,1984.3299,0.07203,0
305,13.0133,5291.43,5160.4709,10628.91,-6.811204057,0.331276,0.395647,25.5093,1.3309,1.5558,0.067115,0.630196,-5.907531,169,0.182242,1964.063,0.067025,0
306,13.056,5280.0,5173.3044,10734.38,-6.2250164271,0.263195,0.426146,35.3489,1.3107,1.3971,0.06174,0.587963,-0.471446,174,0.189161,1985.6712,0.064583,0
307,13.0987,5122.67,5081.6172,10312.5,-6.7335499054,0.254185,0.391424,30.1035,1.3775,1.6857,0.067892,0.615508,-2.507959,181,0.191977,1985.6944,0.065926,0
308,13.1413,5214.92,5202.9074,10453.12,-7.013897068,0.28369,0.367068,22.0558,1.3852,1.717,0.072542,0.633698,0.514895,173,0.181053,2007.6134,0.063118,0
309,13.184,5144.94,5189.7944,10371.09,-6.7670368249,0.191605,0.389874,27.5957,1.3476,1.55,0.068179,0.610172,-4.847896,176,0.194528,2013.0437,0.06263,0
310,13.2267,5035.73,5029.9225,10265.62,-6.2367049635,0.294846,0.427938,38.1796,1.3341,1.4447,0.061437,0.578407,0.06084,155,0.186375,1901.1149,0.057624,0
311,13.2693,5145.98,5108.1605,10582.03,-6.3238179366,0.346462,0.42447,36.8715,1.3147,1.3844,0.062026,0.587064,-0.153469,182,0.178312,1878.3416,0.059822,0
312,13.312,5265.88,5200.1092,10734.38,-6.7124991018,0.265013,0.399925,29.9275,1.3437,1.5365,0.066337,0.637011,-2.253955,177,0.178437,1878.7817,0.070077,0
313,13.3547,5219.19,5238.7569,10675.78,-6.8308356999,0.217071,0.391106,26.7167,1.3477,1.5177,0.067951,0.643823,-3.83338,189,0.180469,2027.8139,0.07142,0
314,13.3973,5233.76,5178.9708,10546.88,-6.6789268034,0.288114,0.388599,25.7079,1.3561,1.5835,0.068416,0.615651,-3.843059,208,0.188368,1970.3524,0.065682,0
315,13.44,5206.11,5160.2711,10593.75,-6.9393926127,0.375255,0.379424,25.497,1.3468,1.5739,0.070146,0.63771,-1.477865,194,0.191276,1873.2763,0.067269,0
316,13.4827,5253.82,5194.5623,10558.59,-7.3860264086,0.3639,0.344642,19.2374,1.4034,1.792,0.077105,0.658276,-4.774573,186,0.194217,2152.3634,0.069466,0
317,13.5253,5096.36,5095.884,10277.34,-6.8751143733,0.296126,0.387972,26.8519,1.4063,1.716,0.068533,0.646612,-2.552617,170,0.186898,1903.9259,0.070687,0
318,13.568,4990.0,5110.836,10101.56,-7.4575608192,0.279025,0.342558,19.6564,1.456,2.0088,0.077544,0.643844,-8.368968,192,0.177709,2013.1658,0.065438,0
319,13.6107,5001.95,5115.8446,10253.91,-6.4432249106,0.239809,0.399096,31.7881,1.3647,1.551,0.066487,0.588289,1.708218,181,0.190634,1980.4864,0.061043,0
320,13.6533,5051.02,5147.0405,10265.62,-6.8251239486,0.25882,0.38374,29.4175,1.3846,1.7102,0.069327,0.604627,-4.561286,177,0.194129,1915.9996,0.061775,0
321,13.696,4929.68,5142.8139,10113.28,-6.5719380794,0.185576,0.395859,33.1892,1.3999,1.6527,0.067077,0.596307,-5.266254,201,0.185098,1872.9171,0.061287,0
322,13.7387,5242.15,5203.5791,10394.53,-6.8060867413,0.179829,0.384975,25.895,1.3433,1.5766,0.069095,0.637512,-4.233737,190,0.186035,1960.8071,0.063362,0
323,13.7813,5283.96,5209.1715,10804.69,-6.0517080145,0.285563,0.431106,38.8035,1.2781,1.2507,0.060903,0.560943,-0.614076,170,0.193107,1936.1751,0.063484,0
324,13.824,5120.35,5117.3426,10265.62,-6.878653884,0.229777,0.37568,27.3517,1.3504,1.6281,0.070864,0.61867,-2.301991,177,0.185032,2079.7399,0.066903,0
325,13.8667,5115.57,5109.5205,10347.66,-6.6998195952,0.174693,0.39203,29.527,1.3447,1.5812,0.06778,0.606918,0.093175,170,0.187212,1951.0798,0.064949,0
326,13.9093,5149.18,5193.5891,10300.78,-6.4165508266,0.311228,0.414315,34.5693,1.38,1.5809,0.063778,0.593798,-0.610421,176,0.192259,1929.83,0.071786,0
327,13.952,5289.18,5260.2913,10734.38,-6.9612273905,0.270231,0.377254,23.3431,1.3432,1.5311,0.070561,0.639858,-5.792673,205,0.176942,1958.8504,0.079355,0
328,13.9947,5201.7,5274.9132,10500.0,-7.7465583866,0.287603,0.320982,16.6226,1.4316,1.948,0.082253,0.663855,-6.118921,164,0.176307,2041.1509,0.073129,0
329,14.0373,5160.95,5122.6782,10429.69,-6.7804718583,0.35663,0.376819,25.8002,1.3316,1.5599,0.070644,0.625715,-2.819104,185,0.181899,1917.8059,0.070443,0
330,14.08,5133.43,5191.466,10382.81,-6.8195092738,0.353492,0.380818,25.563,1.3363,1.5224,0.06988,0.611904,-2.072122,188,0.186036,1959.2105,0.073739,0
331,14.1227,5332.03,5311.901,10722.66,-7.6404834149,0.224387,0.334515,16.6951,1.4302,1.9203,0.079264,0.680567,-3.449075,202,0.192118,2173.943,0.074594,0
332,14.1653,5240.59,5152.1554,10617.19,-7.2238365036,0.24385,0.358323,20.6516,1.37,1.7012,0.074288,0.649545,-6.165527,191,0.189563,1962.1582,0.072397,0
333,14.208,5142.62,5139.3428,10324.22,-7.0122207963,0.331423,0.370276,23.6476,1.3695,1.6846,0.071912,0.632236,-4.401233,167,0.186687,2057.7171,0.075693,0
334,14.2507,5473.63,5238.0663,10746.09,-7.4277410109,0.318623,0.341968,18.5403,1.3627,1.7542,0.077669,0.681397,-4.381946,167,0.18908,2116.9308,0.076914,0
335,14.2933,5175.32,5191.3102,10312.5,-7.3037812564,0.207375,0.349493,19.1755,1.4254,1.8786,0.076094,0.658053,-5.678222,164,0.184676,2053.1017,0.07142,0
336,14.336,5029.61,5093.5668,10324.22,-6.4323526025,0.3202,0.406562,32.6071,1.3312,1.4779,0.065145,0.580105,-5.378471,183,0.195245,2092.7971,0.062141,0
337,14.3787,4944.57,5064.5491,10218.75,-6.3541276682,0.440134,0.394404,35.5295,1.349,1.5166,0.067343,0.56359,-5.401204,181,0.185817,2058.5907,0.060676,0
338,14.4213,5055.29,5161.9506,10453.12,-6.7334825825,0.263726,0.393711,29.6067,1.3426,1.4887,0.06747,0.587114,-8.02954,184,0.188782,1964.8702,0.06263,0
339,14.464,5202.76,5104.4031,10347.66,-6.7616199436,0.370666,0.390786,27.5677,1.3742,1.7048,0.06801,0.626645,-1.14627,199,0.180786,1961.3413,0.065194,0
340,14.5067,5124.57,5183.0252,10476.56,-6.9896644598,0.257804,0.376538,24.4039,1.3655,1.5954,0.070698,0.622344,-3.710164,185,0.187407,1890.5227,0.070321,0
341,14.5493,5091.49,5147.1136,10148.44,-7.1435664623,0.276885,0.362463,23.3461,1.4506,1.9514,0.073456,0.642081,-6.995932,183,0.186997,2022.8558,0.074228,0
342,14.592,5167.0,5114.0001,10125.0,-6.9314734728,0.430833,0.37857,25.6321,1.4216,1.8618,0.070309,0.644892,-1.698361,170,0.192736,1974.361,0.074228,0
343,14.6347,4843.97,4991.7793,10042.97,-6.3256003726,0.219378,0.414089,39.0511,1.3851,1.6071,0.063818,0.540258,-8.656936,158,0.201826,1939.4851,0.067513,0
344,14.6773,5065.96,5144.9181,10464.84,-6.5261271262,0.30101,0.401793,32.8294,1.3491,1.519,0.066,0.583637,-0.792127,166,0.198607,1917.4464,0.058967,0
345,14.72,5076.21,5051.6385,10101.56,-6.5923829981,0.388844,0.393115,32.38,1.3776,1.701,0.06758,0.603445,-1.18365,169,0.195886,1957.0602,0.059333,0
346,14.7627,5086.27,4975.2048,10113.28,-6.4334347936,0.279454,0.414154,34.8503,1.3522,1.6259,0.063806,0.605614,-0.601721,198,0.191104,1935.2662,0.0691,0
347,14.8053,5296.95,5157.2314,10417.97,-6.9640901032,0.2926,0.376694,25.0829,1.3443,1.6223,0.070669,0.653184,-1.605483,174,0.184493,1988.4508,0.071542,0
348,14.848,5269.08,5265.9634,10476.56,-7.4560582469,0.285143,0.347426,19.7275,1.4509,2.0085,0.076523,0.673184,-5.224821,162,0.177319,1995.1762,0.071542,0
349,14.8907,5253.32,5080.7565,10324.22,-6.5872082112,0.244801,0.402193,33.8865,1.3557,1.6419,0.065928,0.622176,-1.465253,167,0.181408,2007.6608,0.068978,0
350,14.9333,5107.38,5150.8554,10289.06,-7.3783946678,0.298674,0.35099,21.7311,1.4447,2.0004,0.075784,0.649928,-3.758551,176,0.186428,1975.4948,0.064949,0
351,14.976,5043.96,5012.9094,10230.47,-6.5710301202,0.379096,0.400451,33.1509,1.367,1.6897,0.066242,0.608248,-2.197866,183,0.194203,2022.1415,0.062263,0
352,15.0187,5037.56,5064.7366,10195.31,-5.9827607639,0.298052,0.442145,45.5341,1.3239,1.3903,0.059073,0.549642,0.638115,162,0.185702,1891.3604,0.06263,0
353,15.0613,5180.44,5047.93,10218.75,-6.4999472095,0.259205,0.405952,32.5097,1.3199,1.5248,0.065254,0.581482,0.696051,180,0.184108,1971.6664,0.071664,0
354,15.104,5412.97,5248.9857,10710.94,-7.4564190741,0.249081,0.344133,18.1769,1.3889,1.8301,0.077212,0.681774,-4.673483,190,0.192746,2055.9333,0.068978,0
355,15.1467,5010.86,5062.0917,9984.38,-7.208028038,0.295499,0.354827,22.589,1.4391,1.983,0.074997,0.636481,-9.267717,177,0.189795,1964.2656,0.065316,0
356,15.1893,5212.06,5223.8917,10488.28,-7.2114037309,0.243156,0.354783,20.4608,1.409,1.8597,0.075006,0.643095,-2.153055,185,0.189965,2025.816,0.069833,0
357,15.232,4991.15,5025.4744,10054.69,-7.151575848,0.335129,0.354797,22.6486,1.4286,1.9819,0.075003,0.619607,-3.197217,172,0.192832,1889.4625,0.070321,0
358,15.2747,5422.77,5218.7836,10605.47,-7.3540906063,0.298158,0.35961,18.8851,1.3708,1.7302,0.074028,0.681995,-6.133478,183,0.186173,1999.1879,0.070199,0
359,15.3173,5248.4,5128.4325,10265.62,-6.9445135474,0.378543,0.376182,23.8067,1.3548,1.6405,0.070767,0.635341,-2.379022,171,0.181919,2023.0693,0.072397,0
360,15.36,4970.79,5055.3443,10136.72,-6.5092265354,0.225082,0.404931,35.352,1.374,1.6386,0.065436,0.595954,-1.480271,162,0.184825,1957.4051,0.070687,0
361,15.4027,5101.19,5111.1128,10324.22,-6.8384885508,0.297916,0.380685,26.2609,1.3841,1.6952,0.069906,0.633792,-5.570007,173,0.196592,2004.6757,0.062752,0
362,15.4453,5078.03,5126.6882,10347.66,-6.7824609933,0.270235,0.389495,28.2512,1.4133,1.7644,0.06825,0.624715,-8.087281,168,0.188351,2059.4264,0.065194,0
363,15.488,5141.15,5133.1639,10523.44,-6.7831911527,0.288873,0.391557,27.8037,1.3523,1.5482,0.067867,0.615563,-7.658587,177,0.175938,1929.7806,0.070077,0
364,15.5307,5071.22,5119.7996,10265.62,-6.8942611465,0.356318,0.374723,26.288,1.3997,1.7689,0.071048,0.606622,-8.845426,157,0.19109,2021.238,0.071664,0
365,15.5733,5254.23,5189.2519,10617.19,-7.0459145912,0.330864,0.37298,22.7906,1.3925,1.7444,0.071386,0.656342,-1.826648,181,0.194088,1987.8868,0.070321,0
366,15.616,4945.61,5068.3186,10207.03,-6.1880800359,0.348619,0.421178,40.9739,1.3888,1.5891,0.062589,0.533924,-0.09606,153,0.196199,1967.6009,0.055427,0
367,15.6587,4869.07,5008.4039,10242.19,-5.7228872425,0.235983,0.460065,57.1841,1.305,1.2435,0.056197,0.467674,1.572841,179,0.189956,2089.2857,0.058113,0
368,15.7013,5268.17,5259.7656,10652.34,-6.7124220217,0.185493,0.396369,25.9537,1.3246,1.429,0.066983,0.628471,-4.229058,181,0.189534,1921.0191,0.071054,0
369,15.744,5309.39,5095.9544,10664.06,-6.7478901103,0.299054,0.395482,28.7087,1.3486,1.6394,0.067146,0.643782,-2.711704,163,0.183509,1978.3194,0.066659,0
370,15.7867,5100.52,5127.5623,10335.94,-6.6638125748,0.279272,0.398342,30.7769,1.3642,1.5941,0.066624,0.603837,-2.176123,189,0.191248,2019.7073,0.065438,0
371,15.8293,5097.58,5102.6376,10207.03,-6.127335637,0.259622,0.425137,39.9521,1.2964,1.3228,0.061912,0.542064,-7.413632,175,0.185516,1868.7704,0.063484,0
372,15.872,5055.17,5109.4876,10406.25,-6.0761244953,0.223514,0.434908,43.5062,1.3,1.3483,0.060267,0.526693,-9.192117,182,0.186933,2087.9951,0.060921,0
373,15.9147,5218.0,5227.778,10687.5,-6.6245453974,0.332306,0.395352,28.7702,1.3093,1.4086,0.067169,0.614132,-4.182812,199,0.199979,2094.0114,0.062996,0
374,15.9573,5038.48,5086.386,10230.47,-6.4073444791,0.307265,0.410813,34.2544,1.3336,1.4427,0.064393,0.575292,1.551809,184,0.175928,1891.5369,0.064217,0
375,16.0,5074.61,5092.3787,10113.28,-6.8759153365,0.319424,0.384415,26.8631,1.4181,1.8487,0.0692,0.629467,-0.673028,173,0.186019,1921.32,0.063973,0
376,16.0427,5057.25,5048.3471,10289.06,-6.1036678215,0.198458,0.43345,40.7636,1.3009,1.3175,0.06051,0.545515,1.895083,177,0.187593,1917.2884,0.068734,0
377,16.0853,5186.11,5145.9109,10347.66,-6.8951636746,0.221373,0.3793,26.1352,1.3853,1.7584,0.07017,0.610627,-6.224714,148,0.188659,1948.0793,0.064827,0
378,16.128,5036.19,5081.196,10359.38,-6.1844346709,0.341743,0.422815,39.9609,1.3567,1.5371,0.062308,0.521263,3.045059,181,0.187625,2190.6492,0.058845,0
379,16.1707,5187.55,5138.036,10546.88,-6.4132804976,0.2612,0.416802,31.9776,1.3478,1.5227,0.063345,0.602404,1.293817,178,0.189061,1885.1399,0.070443,0
380,16.2133,5436.68,5266.3527,10699.22,-7.0817909692,0.179252,0.368803,22.327,1.3376,1.6606,0.072201,0.657357,-9.065928,158,0.182384,2046.6747,0.073007,0
381,16.256,5289.88,5221.7555,10570.31,-7.8845398761,0.352031,0.320103,15.2006,1.4332,1.9962,0.082452,0.68821,-5.914784,180,0.178798,2135.1464,0.073984,0
382,16.2987,5186.8,5126.7331,10417.97,-7.4029254111,0.291611,0.345757,19.9068,1.4184,1.9434,0.076871,0.663921,-3.620673,198,0.183398,2113.8952,0.074838,0
383,16.3413,5354.15,5226.6024,10699.22,-7.2810871059,0.251007,0.352882,20.5883,1.3385,1.6578,0.075395,0.650444,-4.003943,179,0.189533,2109.0903,0.070199,0
384,16.384,5287.73,5217.0054,10628.91,-7.2897085528,0.304778,0.357847,19.9875,1.3562,1.662,0.074384,0.653585,-2.831281,169,0.182944,2008.8471,0.071542,0
385,16.4267,5253.11,5158.7834,10593.75,-6.6735426253,0.327456,0.400504,27.2505,1.3637,1.5537,0.066232,0.649057,-2.122524,172,0.182589,1896.4249,0.069222,0
386,16.4693,4930.07,5078.6563,10054.69,-6.3967996514,0.303912,0.399013,34.3746,1.3771,1.5999,0.066502,0.565645,-1.776133,191,0.198272,1961.6424,0.064583,0
387,16.512,5302.49,5173.9314,10570.31,-7.1974106061,0.322275,0.364635,20.8545,1.3781,1.7344,0.073024,0.664324,-6.515274,196,0.195443,2038.8064,0.069466,0
388,16.5547,5300.68,5132.3275,10652.34,-6.6792761774,0.305614,0.400875,28.3048,1.316,1.5119,0.066165,0.636878,-0.488485,184,0.185778,1914.8492,0.074838,0
389,16.5973,5154.38,5110.2264,10242.19,-6.7189964098,0.326828,0.397585,28.3689,1.3638,1.6653,0.066762,0.617872,-7.994841,158,0.181707,1916.9361,0.072641,0
390,16.64,5226.44,5207.1027,10371.09,-7.6567917209,0.309818,0.333578,17.8942,1.4484,2.0399,0.079467,0.674532,-4.15489,159,0.178476,2034.5855,0.069955,0
391,16.6827,5153.97,5208.1616,10218.75,-7.3155171973,0.291691,0.347807,19.5865,1.4251,1.9163,0.076444,0.645323,-4.623812,173,0.182088,2012.333,0.072152,0
392,16.7253,5154.52,5167.3005,10253.91,-7.3854773186,0.2763,0.346396,20.6638,1.4283,1.9793,0.076738,0.648321,-6.508156,172,0.186169,2060.1616,0.072885,0
393,16.768,5068.6,5103.5486,10300.78,-6.6933615218,0.327733,0.383907,27.9748,1.3737,1.6468,0.069296,0.599981,-1.82964,191,0.188294,2072.992,0.070687,0
394,16.8107,5239.79,5234.0447,10582.03,-7.0266999239,0.20703,0.370695,23.4339,1.3316,1.524,0.071831,0.643747,-1.294746,171,0.187513,1950.0826,0.06849,0
395,16.8533,5132.21,5149.3851,10523.44,-6.4605385631,0.29591,0.407687,31.3055,1.341,1.4522,0.064946,0.607076,-0.547484,181,0.188294,1958.2816,0.068856,0
396,16.896,5115.45,5201.823,10359.38,-7.4862269411,0.292811,0.346576,19.3845,1.4531,1.9882,0.0767,0.650341,-4.659883,174,0.18666,1971.3958,0.07142,0
397,16.9387,5185.78,5184.0439,10523.44,-6.636302878,0.208958,0.404181,30.3959,1.3212,1.4606,0.065571,0.6192,-2.42562,176,0.17337,1974.2696,0.064095,0
398,16.9813,4962.89,5108.6731,10207.03,-6.3673452944,0.22601,0.409222,34.5293,1.3652,1.5839,0.064674,0.565076,-1.658191,180,0.184081,2031.3896,0.056403,0
399,17.024,5114.17,5129.4964,10207.03,-6.7668002935,0.302071,0.385707,28.3904,1.4046,1.7839,0.068957,0.608996,-2.680351,169,0.176133,1924.4898,0.056892,0
400,17.0667,4908.1,5031.641,10195.31,-5.8270771601,0.25207,0.455502,51.6763,1.3029,1.2642,0.056918,0.474187,2.327126,173,0.185712,1886.3468,0.055671,0
401,17.1093,5220.11,5197.6746,10617.19,-6.7056011127,0.228124,0.400256,30.7826,1.3365,1.5317,0.066277,0.611248,-3.697985,179,0.18333,1960.4897,0.060432,0
402,17.152,5230.86,5192.9613,10582.03,-6.6225202521,0.434203,0.397437,30.7086,1.3544,1.5597,0.066789,0.605898,-1.483568,203,0.180292,2100.4801,0.06556,0
403,17.1947,5307.13,5130.9497,10582.03,-6.2426394623,0.32517,0.428642,36.1746,1.2778,1.2982,0.061318,0.59163,-0.622785,184,0.175156,1943.3145,0.064339,0
404,17.2373,5225.37,5142.8387,10546.88,-6.7882126454,0.36758,0.385489,27.0737,1.3688,1.6644,0.068998,0.625054,-6.295798,184,0.180958,1953.2334,0.070077,0
405,17.28,4885.67,5008.6796,9984.38,-6.3042450753,0.372286,0.410907,37.3105,1.3811,1.6068,0.064376,0.524024,-2.182392,182,0.203517,1936.2838,0.064705,0
406,17.3227,5073.58,5028.0642,10136.72,-6.4080329525,0.357068,0.413707,34.2804,1.3733,1.6364,0.063884,0.589746,0.211908,168,0.196745,1949.8598,0.062874,0
407,17.3653,5131.43,5072.2105,10230.47,-7.0693507225,0.409393,0.3713,24.3136,1.4342,1.9694,0.071712,0.644294,-2.250727,187,0.186254,2047.0088,0.069222,0
408,17.408,5258.05,5141.6184,10453.12,-7.1649624382,0.396895,0.36059,20.8967,1.4198,1.9174,0.073831,0.651701,-5.632862,185,0.179523,1927.9008,0.074594,0
409,17.4507,4957.88,5071.351,10054.69,-6.8348138701,0.227239,0.380872,26.6217,1.4299,1.8314,0.06987,0.611133,-3.2841,174,0.187388,2009.6402,0.07728,0
410,17.4933,5320.76,5236.9134,10570.31,-6.8038651488,0.262084,0.383331,24.5156,1.3677,1.6261,0.069404,0.639173,-3.459367,185,0.187175,1977.4106,0.069833,0
411,17.536,5286.39,5142.3384,10605.47,-7.2750051307,0.316621,0.346008,19.3044,1.4017,1.8334,0.076819,0.664701,-5.354225,185,0.186181,2041.2438,0.073862,0
412,17.5787,5175.89,5149.4229,10382.81,-7.3754455617,0.335503,0.350618,20.6327,1.4132,1.8587,0.075861,0.659847,-7.082469,187,0.190145,2064.8891,0.074838,0
413,17.6213,5348.62,5176.4236,10500.0,-7.676667144,0.261777,0.337114,17.832,1.4388,2.0562,0.078704,0.693417,-5.581717,156,0.182743,2012.5593,0.071542,0
414,17.664,4809.87,4979.5905,9972.66,-6.304776365,0.31444,0.412981,40.5555,1.3934,1.6367,0.064012,0.547144,-1.319504,195,0.194689,1987.5448,0.061653,0
415,17.7067,4913.2,5057.7572,10148.44,-6.4433425195,0.345446,0.409978,36.2954,1.3996,1.6714,0.06454,0.576258,-4.747047,182,0.183408,1879.5351,0.058357,0
416,17.7493,4674.2,4950.9327,9972.66,-6.3619139328,0.231562,0.405686,41.0818,1.3993,1.6142,0.065302,0.519747,1.692688,199,0.189469,2183.1364,0.060554,0
417,17.792,4889.66,5006.1413,10136.72,-6.1617427142,0.259575,0.427408,41.4831,1.3345,1.4301,0.061526,0.531341,-2.449648,170,0.192252,1942.5413,0.053717,0
418,17.8347,4979.69,5066.7135,10265.62,-6.3034930572,0.249085,0.412386,36.5236,1.3552,1.5209,0.064116,0.565577,-0.964194,174,0.182153,1872.1639,0.060676,0
419,17.8773,5088.93,5064.3311,10230.47,-6.2969246928,0.348844,0.414168,36.0019,1.3443,1.5179,0.063804,0.584884,-1.881736,177,0.190236,1955.0273,0.06263,0
420,17.92,5150.8,5220.5417,10253.91,-7.4515279666,0.284226,0.346231,20.4103,1.4677,2.0098,0.076772,0.660221,-6.754086,166,0.184753,2042.9825,0.061287,0
421,17.9627,5090.35,5197.2764,10523.44,-7.075800572,0.293524,0.369719,24.6622,1.4084,1.71,0.072021,0.636115,-3.487502,167,0.172722,1943.6227,0.06556,0
422,18.0053,5017.01,5136.0763,10347.66,-6.7178492208,0.245983,0.386532,28.2455,1.3986,1.6959,0.068802,0.608613,-1.923638,169,0.183247,1885.2039,0.061165,0
423,18.048,5141.38,5135.8893,10441.41,-6.5851076917,0.218363,0.404694,29.8085,1.3475,1.5326,0.065479,0.620047,-1.428588,163,0.186658,1910.8456,0.062996,0
424,18.0907,5311.85,5158.3115,10605.47,-6.8306911907,0.38974,0.386333,24.2945,1.362,1.6529,0.06884,0.646179,-5.242892,191,0.18561,1889.5996,0.069222,0
425,18.1333,5461.4,5277.9303,10792.97,-7.2284535119,0.293192,0.359902,20.3432,1.3547,1.6758,0.073969,0.666317,-2.814937,159,0.187879,2050.7788,0.071786,0
426,18.176,5328.36,5211.8542,10734.38,-7.4777357981,0.314418,0.346961,19.3112,1.3751,1.7418,0.07662,0.680751,-3.756007,179,0.18299,1940.8821,0.076181,0
427,18.2187,5320.5,5198.284,10593.75,-6.9388710173,0.389899,0.378627,23.8313,1.3379,1.5826,0.070298,0.641395,-3.115327,180,0.177908,1955.3667,0.071664,0
428,18.2613,5308.49,5185.1183,10441.41,-7.3840451261,0.325628,0.349555,19.7242,1.4145,1.9385,0.076081,0.676804,-4.854675,176,0.188605,1975.7405,0.068612,0
429,18.304,5252.57,5146.7074,10535.16,-6.4555838109,0.241581,0.417267,32.6879,1.3238,1.4431,0.063264,0.6346,-1.865794,166,0.18717,1873.3507,0.06617,0
430,18.3467,5116.6,5134.6823,10511.72,-6.1859416452,0.234812,0.436028,39.9573,1.3317,1.3739,0.060081,0.572237,-0.757867,178,0.179564,1952.3935,0.067025,0
431,18.3893,5254.69,5138.3033,10664.06,-6.8718106944,0.285981,0.390186,26.2758,1.341,1.5219,0.068121,0.664007,-3.157706,171,0.177065,1976.255,0.072885,0
432,18.432,5322.0,5200.5909,10628.91,-6.9419476309,0.261572,0.385072,24.6276,1.351,1.6374,0.069076,0.654029,-2.075263,191,0.174711,2082.1559,0.072763,0
433,18.4747,5137.13,5151.751,10558.59,-6.7021825951,0.291419,0.39345,28.2171,1.3316,1.4632,0.067518,0.631394,-4.043655,195,0.184847,2053.9366,0.06556,0
434,18.5173,4948.55,5097.6865,10371.09,-6.2544750398,0.3432,0.410491,36.5975,1.3417,1.4115,0.064449,0.574344,-7.440405,187,0.187877,2050.4061,0.060432,0
435,18.56,5139.94,5169.7032,10441.41,-6.637193042,0.250168,0.399696,29.7313,1.3737,1.592,0.066378,0.619392,-0.293659,207,0.196155,2021.2409,0.068978,0
436,18.6027,5014.13,5127.2811,10136.72,-6.9122465496,0.282044,0.376107,27.5728,1.3864,1.7011,0.070781,0.608898,-5.61379,167,0.183103,1974.6824,0.070932,0
437,18.6453,5125.64,5121.8011,10429.69,-6.4659489794,0.215391,0.409412,34.0609,1.3154,1.4163,0.06464,0.586706,-6.487973,193,0.181929,1973.3889,0.064461,0
438,18.688,4977.24,5121.9996,10253.91,-6.2739488621,0.243763,0.425613,37.193,1.3174,1.3663,0.061831,0.54242,-6.533558,192,0.172769,2044.6658,0.058357,0
439,18.7307,4837.07,5004.3533,10007.81,-6.3140929263,0.370992,0.408235,38.1326,1.3968,1.6944,0.064848,0.540363,-5.205437,172,0.1912,2055.6997,0.052375,0
440,18.7733,5077.66,4981.2852,10054.69,-5.9833083631,0.31572,0.4322,43.1271,1.3121,1.4667,0.060719,0.537138,-5.697246,198,0.195096,2062.8947,0.053717,0
441,18.816,5030.58,5161.0463,10171.88,-6.9448189028,0.262638,0.376015,25.8274,1.3921,1.7194,0.070799,0.627586,-5.995823,180,0.190653,1949.1298,0.0597,0
442,18.8587,5139.17,5161.0579,10570.31,-6.3947562088,0.312576,0.412672,34.5281,1.3246,1.4024,0.064066,0.59508,-3.104039,183,0.179045,1947.8106,0.070199,0
443,18.9013,5071.57,5127.9282,10558.59,-6.7205855382,0.218078,0.392984,30.9843,1.341,1.5581,0.067604,0.605263,-7.767481,149,0.179185,1935.385,0.069711,0
444,18.944,5061.99,5079.4266,10230.47,-6.9301532543,0.242724,0.380486,26.6261,1.3884,1.7668,0.069943,0.638922,-7.474707,166,0.19082,2041.1904,0.065438,0
445,18.9867,5085.89,5079.0398,10125.0,-6.7921377807,0.307067,0.379801,27.4725,1.3693,1.6961,0.070074,0.617751,-3.663865,193,0.188941,1980.958,0.073373,0
446,19.0293,4963.73,5107.7325,9984.38,-7.4806507201,0.333449,0.338515,20.1202,1.4889,2.1426,0.078404,0.639812,-3.988421,185,0.190566,2055.6348,0.075815,0
447,19.072,4987.73,5021.5071,10042.97,-7.1099622492,0.318844,0.365139,24.4689,1.4693,2.0871,0.072924,0.627023,-3.15354,192,0.180193,1973.1415,0.067635,0
448,19.1147,5101.91,5134.5573,10523.44,-6.6911779681,0.297368,0.392865,29.8413,1.3735,1.6346,0.067626,0.606821,-4.999557,177,0.196885,2008.1566,0.065804,0
449,19.1573,5373.96,5194.3348,10640.62,-7.6270724473,0.377087,0.337039,17.8327,1.394,1.8763,0.07872,0.692275,-5.965413,186,0.189965,2124.7587,0.073862,0
450,19.2,5150.67,5161.3758,10535.16,-6.7339471686,0.408552,0.387881,29.3622,1.3551,1.5936,0.06855,0.622352,-2.11638,179,0.179459,2008.7528,0.072519,0
451,19.2427,5007.74,5040.4686,10125.0,-6.4326962094,0.39947,0.408412,34.493,1.3788,1.6429,0.064817,0.587075,-6.032744,194,0.182721,2004.6156,0.072763,0
452,19.2853,5099.63,5143.9091,10406.25,-6.8578721134,0.354102,0.379099,25.9127,1.363,1.6472,0.070208,0.614857,-3.113071,189,0.184865,1977.8726,0.069466,0
453,19.328,4910.32,5138.6528,10312.5,-6.4027978218,0.265824,0.401815,34.8742,1.3616,1.4997,0.065996,0.559331,-5.717007,189,0.193165,2049.4395,0.056892,0
454,19.3707,4975.58,5120.1608,10265.62,-6.6239328094,0.257903,0.39884,32.2449,1.3538,1.4968,0.066534,0.607688,-2.698529,182,0.192783,2010.5062,0.059089,0
455,19.4133,5252.35,5202.0054,10582.03,-7.0253255041,0.325155,0.364387,22.1608,1.3762,1.6852,0.073073,0.643024,-5.226766,183,0.193034,2003.9692,0.071176,0
456,19.456,5233.3,5126.0576,10382.81,-6.8195835903,0.328275,0.386398,26.1483,1.3588,1.6487,0.068827,0.64274,-3.184467,179,0.187079,1988.6743,0.072519,0
457,19.4987,5133.98,5059.226,10125.0,-6.337706422,0.316883,0.413626,35.3175,1.3731,1.646,0.063899,0.598054,-2.109038,173,0.194532,2007.1003,0.064339,0
458,19.5413,5155.62,5110.9971,10441.41,-6.4878821331,0.305638,0.409041,33.0119,1.3296,1.4749,0.064705,0.602577,-5.886363,155,0.18232,1952.4229,0.063484,0
459,19.584,4981.89,5070.7807,10113.28,-6.5197099299,0.309941,0.40342,36.1636,1.3657,1.5867,0.065707,0.576995,-6.866769,180,0.183932,2001.907,0.061775,0
460,19.6267,4918.06,4999.6421,10078.12,-6.2538183237,0.292196,0.423369,40.1257,1.3466,1.4562,0.062213,0.55923,-0.916513,172,0.185212,1941.5674,0.054084,0
461,19.6693,5027.36,5199.4999,10429.69,-7.0046927364,0.343918,0.363782,24.2546,1.4134,1.7626,0.073193,0.596202,-6.084064,141,0.194478,1937.1009,0.061409,0
462,19.712,5194.86,5078.5653,10558.59,-6.8520659201,0.268046,0.387899,26.3172,1.3233,1.5466,0.068547,0.622628,-9.281873,166,0.187571,1916.4482,0.067025,0
463,19.7547,4902.85,5016.2168,10136.72,-6.5152495204,0.25229,0.420241,38.4122,1.354,1.5116,0.06275,0.586132,-1.774847,189,0.187479,1916.602,0.059455,0
464,19.7973,5177.37,5168.6283,10535.16,-6.573338486,0.336929,0.409683,31.8981,1.3322,1.4661,0.064592,0.612266,-2.504715,157,0.182771,1988.7951,0.062874,0
465,19.84,5259.81,5205.8175,10582.03,-7.4296857447,0.272956,0.352556,20.5347,1.3774,1.7435,0.075462,0.657238,-5.623493,178,0.184896,2011.9563,0.071908,0
466,19.8827,5079.48,5166.1942,10546.88,-7.0370135296,0.239863,0.366497,24.6841,1.4035,1.7466,0.072655,0.630231,-4.376862,187,0.176373,2010.7255,0.069955,0
467,19.9253,5334.72,5153.9522,10523.44,-7.2659601307,0.324747,0.359691,22.0507,1.4199,1.9352,0.074012,0.687201,-4.922553,176,0.180932,2110.6661,0.072397,0
468,19.968,5206.32,5225.7226,10628.91,-6.9526148892,0.327416,0.366072,23.6943,1.3933,1.6923,0.072739,0.635039,-5.339007,173,0.186177,2069.0605,0.074838,0
469,20.0107,5067.94,5043.9743,10265.62,-6.5689218674,0.281604,0.402267,31.4386,1.3471,1.5707,0.065914,0.587976,-5.804425,165,0.194276,1977.8201,0.066414,0
470,20.0533,5411.68,5327.2747,10722.66,-7.2604282378,0.229739,0.356413,20.0803,1.386,1.777,0.074674,0.666023,-4.823059,176,0.183916,2072.1441,0.068246,0
471,20.096,5507.32,5220.8328,10722.66,-7.1279861187,0.238059,0.369007,21.2445,1.3644,1.7503,0.072161,0.667822,-4.902874,199,0.173577,2102.76,0.073862,0
472,20.1387,5116.92,5131.6335,10265.62,-7.0772850433,0.264471,0.365867,23.8027,1.4187,1.8655,0.072779,0.640584,-5.950377,192,0.180647,2111.9031,0.070565,0
473,20.1813,5260.52,5227.3474,10652.34,-7.5415891001,0.30346,0.344441,19.0719,1.4124,1.8611,0.077147,0.664621,-7.095743,178,0.181635,2031.7611,0.071542,0
474,20.224,5186.77,5172.6659,10406.25,-6.9133522188,0.308211,0.378118,25.8768,1.3828,1.6637,0.070395,0.62596,-2.485558,179,0.178288,1868.3289,0.0691,0
475,20.2667,5015.38,5155.0401,10101.56,-7.2737696467,0.26885,0.345588,21.4652,1.493,2.1056,0.076907,0.640261,-2.405995,185,0.189816,1988.288,0.062141,0
476,20.3093,5174.39,5033.7075,10218.75,-6.489280094,0.265037,0.415451,33.6855,1.3422,1.6104,0.06358,0.604747,-1.447654,177,0.192689,1972.4502,0.062386,0
477,20.352,5202.71,5088.6856,10359.38,-6.3676461349,0.273802,0.421272,34.9547,1.3487,1.5804,0.062573,0.606823,-0.211347,196,0.183428,1981.9766,0.062874,0
478,20.3947,4797.93,4969.7634,9949.22,-6.2537729068,0.256296,0.418804,42.1016,1.3702,1.5575,0.062998,0.515116,-8.516508,161,0.188846,2059.6852,0.059455,0
479,20.4373,5003.06,5077.0744,10171.88,-7.2469405274,0.369417,0.351724,22.6099,1.4164,1.972,0.075633,0.618693,-6.934137,169,0.198016,2148.3438,0.060921,0
480,20.48,5037.46,5203.1591,10488.28,-6.6843308917,0.301036,0.397522,31.0298,1.347,1.5108,0.066773,0.586887,-8.742793,190,0.187064,2053.2348,0.059944,0
481,20.5227,5160.07,5162.7048,10535.16,-6.303596808,0.264268,0.421047,36.0686,1.3195,1.4194,0.062612,0.587552,-1.464425,186,0.178243,1928.7878,0.061409,0
482,20.5653,4973.76,5079.738,10183.59,-6.3430962217,0.216153,0.409948,36.5681,1.3501,1.4908,0.064545,0.560721,-4.56789,202,0.192323,1878.5054,0.06263,0
483,20.608,5216.48,5176.2612,10757.81,-6.2278532655,0.307492,0.426152,35.0357,1.2577,1.1659,0.061739,0.56522,-5.802432,174,0.184349,1898.7135,0.058235,0
484,20.6507,5173.38,5232.9264,10664.06,-7.252427027,0.299455,0.36006,21.2364,1.3888,1.7098,0.073938,0.649469,-4.106061,184,0.18696,1998.3547,0.064949,0
485,20.6933,5110.23,5180.8856,10253.91,-7.242960754,0.313893,0.360417,21.9965,1.4434,1.9344,0.073866,0.651845,-4.943979,163,0.186266,2093.5444,0.065438,0
486,20.736,5080.34,5087.6046,10160.16,-7.0707774397,0.239634,0.362874,23.4223,1.4303,1.9214,0.073374,0.629049,-3.405243,164,0.198566,1973.0367,0.060554,0
487,20.7787,5011.63,5092.2761,10136.72,-6.5850198515,0.295724,0.391387,28.5431,1.3878,1.6891,0.067899,0.593505,-4.162453,170,0.186586,1775.1644,0.06556,0
488,20.8213,5152.05,5097.927,10441.41,-6.8182972798,0.313259,0.38215,26.9457,1.3719,1.6816,0.069628,0.61564,-0.822927,171,0.183972,1958.1208,0.069955,0
489,20.864,5325.19,5226.9681,10628.91,-6.9261137312,0.341815,0.378109,24.0451,1.3471,1.6094,0.070397,0.625407,-1.704828,188,0.189898,1992.7029,0.069833,0
490,20.9067,5265.95,5153.4833,10593.75,-6.6368011428,0.273009,0.401308,28.7943,1.2965,1.4154,0.066087,0.607691,-0.304944,174,0.178744,2045.6444,0.065926,0
491,20.9493,5192.92,5129.281,10324.22,-6.6830443073,0.2676,0.403837,29.4616,1.3693,1.6163,0.065632,0.629016,-1.950061,161,0.179084,1984.5923,0.064583,0
492,20.992,5168.52,5221.1516,10640.62,-7.0213494685,0.247672,0.370219,23.9151,1.3593,1.5894,0.071924,0.622393,-3.039038,187,0.182713,2107.4795,0.071176,0
493,21.0347,5042.64,5094.6792,10160.16,-7.2885970652,0.340421,0.355659,22.1228,1.453,2.015,0.074828,0.652187,-4.609607,191,0.180441,2027.5981,0.072885,0
494,21.0773,5128.47,5145.1965,10289.06,-7.572336401,0.324082,0.332012,19.1056,1.4758,2.1629,0.079808,0.656832,-7.078686,173,0.178348,2075.38,0.068001,0
495,21.12,5161.77,5200.4468,10558.59,-7.0097672718,0.207312,0.368984,22.8525,1.3809,1.6738,0.072165,0.633304,-2.514427,199,0.186524,2003.9264,0.066292,0
496,21.1627,5146.44,5167.8858,10230.47,-7.0514090082,0.26076,0.363964,22.3443,1.3891,1.8018,0.073157,0.643876,-8.080468,159,0.191669,2143.432,0.072152,0
497,21.2053,5359.49,5180.3641,10593.75,-6.9326337339,0.330361,0.376755,23.6606,1.3205,1.5984,0.070657,0.647294,-1.080807,177,0.186861,2088.8391,0.070321,0
498,21.248,5146.22,5145.8002,10429.69,-6.7576534729,0.312888,0.386986,26.2679,1.3784,1.6666,0.068717,0.629987,-4.524753,186,0.180652,1979.526,0.067513,0
499,21.2907,5150.94,5083.9237,10171.88,-6.6615045336,0.347361,0.396303,28.9352,1.375,1.7246,0.066995,0.62496,-0.990013,173,0.181252,2056.9659,0.07496,0
500,21.3333,5285.41,5221.262,10687.5,-7.2356255631,0.2453,0.356441,20.2219,1.3657,1.6768,0.074669,0.659863,-0.712575,187,0.199392,2086.4915,0.071908,0
501,21.376,5014.45,5061.5292,10148.44,-6.7736732588,0.364956,0.382929,28.1391,1.3892,1.7729,0.06948,0.601147,-3.733176,165,0.188019,1971.6199,0.063484,0
502,21.4187,4984.3,5014.1916,10054.69,-6.1806538941,0.230365,0.430331,40.2923,1.2986,1.3854,0.061033,0.543335,-8.236207,152,0.190486,1846.3541,0.061287,0
503,21.4613,4981.76,5088.1166,10160.16,-6.8699099066,0.248664,0.37712,28.5363,1.4173,1.8495,0.070587,0.59711,-3.488501,179,0.185326,2047.0313,0.060676,0
504,21.504,5007.3,5003.1404,10113.28,-6.4632278871,0.294781,0.40436,34.2436,1.3759,1.6793,0.065539,0.576382,-5.846617,187,0.189992,1997.1904,0.064095,0
505,21.5467,4989.86,5067.6851,10183.59,-6.3694280174,0.39207,0.414778,36.9338,1.3493,1.5142,0.063697,0.545546,-8.983623,173,0.179954,1918.2068,0.058845,0
506,21.5893,5039.99,5099.8465,10183.59,-6.8161395197,0.278159,0.382443,28.0394,1.4037,1.7895,0.069572,0.610389,-4.397221,178,0.186175,2068.5768,0.054084,0
507,21.632,5090.65,5182.2735,10488.28,-6.8683477123,0.304119,0.385201,26.5307,1.3718,1.5928,0.069052,0.625243,0.221966,176,0.182588,1991.2033,0.064095,0
508,21.6747,5269.37,5201.2745,10546.88,-7.275088499,0.284783,0.358353,21.4092,1.3794,1.7323,0.074281,0.651887,-2.801595,195,0.177158,2002.4834,0.075082,0
509,21.7173,5152.83,5205.4731,10558.59,-6.8185387742,0.215166,0.391614,26.6854,1.3425,1.504,0.067857,0.633182,-6.713701,172,0.176614,1956.0056,0.078379,0
510,21.76,5304.39,5178.7492,10675.78,-7.5276746388,0.203818,0.342321,19.223,1.3733,1.7835,0.077594,0.672665,-4.005812,178,0.183685,2120.9801,0.073984,0
511,21.8027,5517.16,5216.9483,10757.81,-7.6216006558,0.305556,0.330586,16.1029,1.3725,1.8618,0.080119,0.689148,-3.723493,182,0.182449,2126.1456,0.072519,0
512,21.8453,5023.74,5100.5039,10382.81,-6.8960117062,0.307192,0.3752,26.1139,1.3931,1.7079,0.070956,0.618538,-7.220952,173,0.198081,2101.1341,0.062996,0
513,21.888,5107.43,5143.6504,10406.25,-6.7797357738,0.227065,0.392926,28.1417,1.3764,1.6161,0.067615,0.617899,-3.735422,175,0.184434,1927.1071,0.056648,0
514,21.9307,5010.45,5106.7409,10289.06,-6.4822461862,0.316341,0.405949,33.7068,1.3908,1.6671,0.065255,0.580861,-4.779691,182,0.179658,1828.4241,0.062263,0
515,21.9733,5114.34,5120.3272,10335.94,-6.4430222715,0.296916,0.40979,32.4962,1.3542,1.5512,0.064573,0.565255,-11.708463,164,0.192229,1982.3752,0.069589,0
516,22.016,5070.77,5114.5548,10218.75,-6.467791314,0.232037,0.405613,34.85,1.3766,1.6406,0.065315,0.581387,-7.758427,166,0.179713,1942.9162,0.06849,0
517,22.0587,5097.42,5142.0993,10476.56,-6.2159955681,0.219694,0.424817,38.5809,1.2905,1.288,0.061966,0.544134,-11.625768,156,0.179091,2046.969,0.064705,0
518,22.1013,5319.8,5248.5666,10687.5,-7.2129777308,0.224305,0.35763,20.4637,1.387,1.7481,0.074428,0.666469,-2.743126,189,0.19561,2125.2476,0.068978,0
519,22.144,5182.55,5158.1197,10335.94,-7.0489167001,0.23035,0.369201,21.8167,1.3961,1.7762,0.072123,0.655496,-6.631894,187,0.182554,2132.1698,0.071664,0
520,22.1867,5136.88,5198.138,10406.25,-7.2682938607,0.265474,0.362963,21.5176,1.4482,1.9351,0.073356,0.650109,-5.15006,169,0.190239,2040.1147,0.071298,0
521,22.2293,5259.07,5160.1527,10582.03,-7.0025817447,0.23821,0.375877,23.5778,1.3882,1.7353,0.070826,0.639639,-1.681659,153,0.177245,2029.0949,0.076059,0
522,22.272,5447.09,5267.2212,10769.53,-6.9342098123,0.270596,0.384532,23.6504,1.3167,1.5253,0.069178,0.641496,-5.711074,162,0.183344,2029.6523,0.0796,0
523,22.3147,5354.08,5156.8094,10628.91,-6.9665122383,0.237143,0.382965,24.3422,1.3367,1.5809,0.069474,0.656421,-2.447447,170,0.185961,1981.5944,0.07435,0
524,22.3573,5184.41,5182.944,10687.5,-6.6971528448,0.225759,0.393586,28.562,1.3272,1.4772,0.067493,0.623644,-4.251511,157,0.19255,1927.2873,0.068612,0
525,22.4,5108.09,5143.2654,10230.47,-6.9567724298,0.154607,0.37511,26.7788,1.3629,1.6692,0.070973,0.623435,-7.776184,163,0.178312,1836.6303,0.064095,0
526,22.4427,5093.87,5055.8436,10160.16,-6.7640546226,0.235697,0.386723,29.097,1.3497,1.6115,0.068767,0.612973,-2.957639,157,0.176456,1893.1919,0.066414,0
527,22.4853,5159.21,5173.6206,10371.09,-7.1282148349,0.227665,0.360251,23.3643,1.3897,1.7951,0.073899,0.638659,-8.340975,196,0.194834,2011.1138,0.067025,0
528,22.528,5196.67,5128.2191,10429.69,-6.5940112562,0.282674,0.403917,30.8561,1.3193,1.4955,0.065618,0.592924,-7.152961,186,0.183528,1906.9355,0.068734,0
529,22.5707,5113.83,5160.9298,10347.66,-6.1692605222,0.244055,0.422624,39.134,1.2953,1.3172,0.062341,0.556826,-10.445926,174,0.18839,1918.5082,0.065438,0
530,22.6133,4998.93,5104.7849,10347.66,-6.173604301,0.262726,0.424918,37.3721,1.303,1.296,0.061949,0.537746,-7.149281,183,0.178427,1939.1515,0.0597,0
531,22.656,5011.35,5106.4075,10394.53,-6.4313610296,0.269747,0.412264,35.0245,1.3275,1.428,0.064138,0.565229,-5.7306,185,0.179821,1953.6462,0.065438,0
532,22.6987,4994.16,5131.583,10042.97,-6.7630386701,0.378077,0.379731,27.3651,1.4066,1.7412,0.070087,0.609906,-3.824609,193,0.183538,1919.8491,0.064705,0
533,22.7413,5083.62,5145.5939,10359.38,-6.6865998212,0.327124,0.400792,29.3545,1.3581,1.5551,0.06618,0.616838,-5.154153,170,0.188942,1948.3,0.058479,0
534,22.784,5173.53,5165.9875,10605.47,-6.7015452259,0.27979,0.400206,28.5424,1.3584,1.5538,0.066286,0.641328,-3.159169,193,0.186654,1879.1911,0.063973,0
535,22.8267,5214.09,5158.1582,10558.59,-6.5929189404,0.210401,0.405762,29.6385,1.3071,1.3934,0.065288,0.633378,-1.679981,147,0.18383,1918.1419,0.072397,0
536,22.8693,5327.93,5184.9814,10347.66,-7.0871414917,0.266592,0.369194,23.1766,1.3896,1.8148,0.072124,0.657212,-3.547933,180,0.186864,1972.8138,0.072274,0
537,22.912,5220.12,5080.1148,10359.38,-6.5832789946,0.261179,0.403574,29.5101,1.3533,1.6298,0.065679,0.61336,-0.395868,181,0.188158,1955.4271,0.072274,0
538,22.9547,5322.23,5185.1912,10570.31,-7.0841582938,0.199014,0.366232,23.1179,1.3825,1.8013,0.072707,0.665919,-6.720378,186,0.188988,2214.3977,0.070565,0
539,22.9973,5052.09,5211.9499,10371.09,-7.2264341662,0.329265,0.356819,21.1208,1.4577,1.961,0.074592,0.628675,-4.981813,168,0.187703,2161.3884,0.063728,0
540,23.04,5088.7,5080.5245,10253.91,-7.2426682963,0.314156,0.35359,21.7815,1.454,2.0495,0.07525,0.643197,-4.26355,169,0.194362,2036.7352,0.062752,0
541,23.0827,4970.17,5114.2439,10289.06,-6.5833127919,0.29177,0.396772,31.9525,1.3987,1.6772,0.06691,0.593825,-5.667029,177,0.19394,1922.7484,0.064095,0
542,23.1253,5142.3,5125.5448,10289.06,-6.5299499208,0.324541,0.401571,30.527,1.3626,1.5957,0.06604,0.605257,-2.545495,177,0.186733,1942.54,0.065804,0
543,23.168,5104.97,4999.8672,10171.88,-7.0745078046,0.33969,0.361492,23.0238,1.4377,2.0027,0.07365,0.643572,-0.914356,185,0.187526,2054.9987,0.070565,0
544,23.2107,5363.43,5201.2893,10582.03,-7.1134752292,0.263467,0.367976,22.0734,1.3608,1.7037,0.072363,0.655761,-4.905079,175,0.185539,2035.8737,0.069955,0
545,23.2533,5215.59,5005.905,10265.62,-6.4400918295,0.313444,0.416809,33.5421,1.3372,1.5803,0.063344,0.61814,-1.406939,167,0.182457,1980.5479,0.069466,0
546,23.296,5231.72,5105.6728,10558.59,-6.2333048037,0.330291,0.420686,35.315,1.3486,1.5012,0.062674,0.606292,0.023292,184,0.186067,1915.4329,0.070932,0
547,23.3387,5078.28,4996.0492,10089.84,-6.0538689525,0.21879,0.444778,45.9825,1.3421,1.5415,0.058643,0.523079,2.018636,181,0.17996,1960.3462,0.065316,0
548,23.3813,5018.41,5112.2961,10277.34,-6.4189877196,0.353527,0.407381,34.6228,1.3817,1.6048,0.065,0.577764,-3.758509,186,0.177909,1961.518,0.067757,0
549,23.424,5387.94,5209.3911,10687.5,-7.1193828651,0.238224,0.367393,21.4247,1.3426,1.6217,0.072478,0.654178,-4.746294,175,0.194877,2031.9795,0.069466,0
550,23.4667,5082.7,5124.7182,10429.69,-6.6459405391,0.248206,0.396436,30.7405,1.3463,1.5035,0.066971,0.603025,-4.370221,195,0.192786,2038.8493,0.068734,0
551,23.5093,4914.22,5091.684,10277.34,-6.7124469266,0.189799,0.387965,30.9153,1.4002,1.6436,0.068535,0.614695,-0.980155,176,0.184997,1961.7908,0.066781,0
552,23.552,5253.2,5117.0037,10582.03,-6.529787403,0.371158,0.406326,31.6444,1.3194,1.4947,0.065188,0.611306,-1.459632,178,0.187493,1901.8436,0.064217,0
553,23.5947,5228.8,5124.2896,10359.38,-6.6958001855,0.245814,0.396661,26.8901,1.3559,1.6319,0.06693,0.620389,-4.381775,181,0.178985,1906.3095,0.069222,0
554,23.6373,5077.83,5154.5665,10394.53,-6.9609745005,0.356513,0.371743,25.8563,1.4049,1.7261,0.071626,0.626728,-7.347568,186,0.189629,1973.4584,0.064339,0
555,23.68,4910.82,5069.8291,10113.28,-6.6055367721,0.237213,0.394043,33.054,1.3904,1.6887,0.067409,0.580891,-2.914862,181,0.191726,1911.1408,0.063851,0
556,23.7227,5056.66,5059.269,10265.62,-6.9727197128,0.298014,0.372975,23.7767,1.4096,1.8149,0.071387,0.640766,-1.527637,180,0.189242,1892.7022,0.070809,0
557,23.7653,5254.31,5125.0483,10652.34,-6.2210459475,0.293457,0.425913,38.1112,1.2811,1.2885,0.06178,0.577749,-4.090565,201,0.188158,1949.9781,0.066048,0
558,23.808,5010.72,5078.0621,10230.47,-6.4491831447,0.233311,0.412459,33.8261,1.3428,1.5033,0.064103,0.569106,-3.058606,186,0.18778,1973.1579,0.057014,0
559,23.8507,5127.8,5190.8848,10382.81,-6.4308551701,0.249658,0.404762,32.1141,1.3343,1.474,0.065467,0.592634,-0.905246,182,0.195402,1957.3419,0.06031,0
560,23.8933,5009.01,5081.6046,10218.75,-6.3803021318,0.268911,0.411295,37.9897,1.3811,1.6171,0.064308,0.573412,-0.186767,184,0.187584,2072.2501,0.06556,0
561,23.936,5004.73,5109.092,10171.88,-6.5341895427,0.242261,0.403472,33.2795,1.3714,1.5958,0.065698,0.575973,-1.569048,203,0.181729,2027.6536,0.058479,0
562,23.9787,4965.01,5095.8895,10265.62,-6.8460013813,0.371607,0.376079,27.0647,1.4036,1.7229,0.070787,0.596484,-4.414428,181,0.191914,1952.2709,0.059089,0
563,24.0213,5256.97,5143.0213,10605.47,-6.6391221261,0.310405,0.402073,29.687,1.3207,1.4606,0.065949,0.622154,-1.820926,163,0.190988,1943.0971,0.06617,0
564,24.064,5185.82,5087.6568,10546.88,-6.3119833294,0.338342,0.41867,33.2001,1.3179,1.3894,0.063021,0.585641,-8.109458,163,0.189005,1889.194,0.071176,0
565,24.1067,5368.99,5231.2173,10746.09,-7.4960239429,0.213757,0.346274,19.3723,1.359,1.7131,0.076763,0.675721,-4.131433,191,0.190293,2044.749,0.073373,0
566,24.1493,5314.72,5225.7761,10429.69,-7.4031594576,0.239544,0.346203,19.1331,1.3924,1.8226,0.076778,0.664837,-1.623341,181,0.187198,2036.5412,0.07142,0
567,24.192,5139.31,5232.8741,10359.38,-7.1158471402,0.316375,0.362142,22.2375,1.418,1.814,0.07352,0.633806,-3.951631,184,0.187612,2020.6037,0.070809,0
568,24.2347,5287.85,5127.8567,10546.88,-6.6812236056,0.250978,0.404456,28.492,1.338,1.5527,0.065522,0.643194,-3.5517,173,0.182786,1978.2667,0.066414,0
569,24.2773,5293.23,5198.9193,10640.62,-7.2765375855,0.248593,0.358504,20.8694,1.3728,1.778,0.074251,0.659333,-6.019421,169,0.181426,2056.2655,0.068734,0
570,24.32,5180.76,5037.2797,10242.19,-6.5874175176,0.256652,0.401143,31.4972,1.3471,1.6398,0.066117,0.618427,-8.135283,181,0.178254,2045.9565,0.076792,0
571,24.3627,5191.62,5065.6899,10300.78,-6.5541335099,0.315881,0.399879,31.9785,1.3479,1.6274,0.066345,0.608446,-0.058262,177,0.179203,1991.9537,0.071542,0
572,24.4053,5086.18,5146.7714,10253.91,-6.884860573,0.35152,0.381761,26.892,1.413,1.79,0.069701,0.631785,-0.530875,176,0.19164,1992.6847,0.069711,0
573,24.448,5112.29,5177.1844,10500.0,-7.1461590435,0.300083,0.363764,23.5804,1.4043,1.7693,0.073197,0.646233,-3.58447,198,0.181216,2085.1568,0.068124,0
574,24.4907,5081.46,5124.0978,10535.16,-6.338173371,0.271174,0.421945,36.1847,1.325,1.4039,0.062457,0.58159,-0.477856,184,0.188034,1881.5964,0.064095,0
575,24.5333,5113.71,5193.0301,10511.72,-6.8069013388,0.33629,0.380216,26.3065,1.4104,1.7519,0.069995,0.617111,-5.821057,185,0.191452,1962.9956,0.065438,0
576,24.576,5103.23,5206.9302,10535.16,-6.6926884279,0.249934,0.394481,29.4159,1.3956,1.6323,0.067329,0.628974,-5.985559,183,0.194538,1917.8659,0.063118,0
577,24.6187,5022.01,5018.2996,10207.03,-6.1211688904,0.266298,0.431439,39.5899,1.3269,1.4416,0.060847,0.571998,0.443794,190,0.180469,1932.9511,0.056037,0
578,24.6613,4939.29,5003.1038,10218.75,-5.7698959486,0.239749,0.454831,52.3989,1.2846,1.2466,0.057025,0.465366,1.877919,191,0.192649,1947.4402,0.058235,0
579,24.704,5323.23,5173.3991,10582.03,-6.4962449265,0.235782,0.406444,30.3642,1.3153,1.5084,0.065167,0.624098,0.648606,180,0.200082,2007.4809,0.069222,0
580,24.7467,5153.0,5166.0256,10417.97,-6.8837769386,0.310014,0.382537,27.0869,1.4005,1.7417,0.069554,0.629824,-5.424868,191,0.183607,2005.5758,0.072641,0
581,24.7893,5021.08,5074.3155,10113.28,-6.8091387907,0.279604,0.390673,28.9226,1.3979,1.728,0.068031,0.632277,-3.244299,176,0.185965,2035.3362,0.071786,0
582,24.832,4978.67,5088.8355,10136.72,-6.9678701939,0.268726,0.371122,26.8337,1.4081,1.7891,0.071747,0.615788,-5.011722,192,0.185216,1932.2983,0.067147,0
583,24.8747,5183.82,5214.1471,10441.41,-7.2478083076,0.234498,0.366056,22.7607,1.3872,1.7198,0.072742,0.651785,-6.5121,173,0.179453,2006.8469,0.070199,0
584,24.9173,5095.03,5162.283,10289.06,-7.0980565599,0.22078,0.365509,23.0167,1.3985,1.7617,0.07285,0.637896,-3.817814,187,0.175117,2114.0652,0.073373,0
585,24.96,4982.79,5069.2784,9960.94,-6.9716882745,0.288516,0.375207,25.5537,1.4505,1.9241,0.070955,0.626932,-0.328718,188,0.177969,1900.7181,0.069833,0
586,25.0027,5277.98,5124.4448,10511.72,-7.0739648087,0.279199,0.374782,24.6968,1.4066,1.8984,0.071037,0.65275,-5.378921,183,0.18046,1973.2054,0.073373,0
587,25.0453,5373.75,5170.5175,10628.91,-7.0804135361,0.285785,0.376885,21.7488,1.3557,1.6555,0.070632,0.676072,-3.916688,175,0.17064,2003.1579,0.077646,0
588,25.088,5068.24,5117.829,10171.88,-6.4327848968,0.239151,0.409449,34.4256,1.3669,1.5863,0.064633,0.581679,-6.257183,185,0.191649,1955.576,0.073251,0
589,25.1307,4965.54,5001.3071,9972.66,-6.265284833,0.257253,0.423378,40.7322,1.3819,1.694,0.062212,0.548523,-6.191586,194,0.177434,2056.1356,0.066414,0
590,25.1733,5079.65,5113.416,10218.75,-6.9834717832,0.263777,0.37502,26.5379,1.4041,1.8157,0.070991,0.621632,-3.907294,183,0.183726,2066.3699,0.067147,0
591,25.216,5168.77,5123.222,10335.94,-7.1674321685,0.325088,0.361075,23.0034,1.3877,1.8212,0.073734,0.638794,-3.339361,183,0.181938,1975.1984,0.066903,0
592,25.2587,5022.06,5057.1249,10042.97,-6.9785903947,0.285288,0.375307,26.2761,1.4161,1.8836,0.070936,0.61582,-5.598968,167,0.175562,1935.6632,0.069589,0
593,25.3013,5315.5,5195.2079,10347.66,-7.5103795607,0.215944,0.34863,19.506,1.3859,1.8409,0.076273,0.664101,-6.20156,168,0.17657,1951.3318,0.074594,0
594,25.344,5222.21,5235.382,10675.78,-6.5385501175,0.281162,0.402877,29.9056,1.3515,1.4983,0.065805,0.615991,-4.779881,163,0.179608,1798.3255,0.068124,0
595,25.3867,5110.83,5108.8474,10511.72,-6.4555781906,0.28525,0.417426,35.1812,1.3374,1.4649,0.063237,0.597408,-1.168725,161,0.184645,1998.2049,0.065926,0
596,25.4293,5000.45,4996.4788,9890.62,-6.8088349954,0.33235,0.380031,29.3519,1.4224,1.9619,0.07003,0.60689,-4.697515,163,0.187067,2042.0144,0.063851,0
597,25.472,5089.15,5061.7168,10125.0,-6.5969620962,0.222494,0.404233,31.262,1.3563,1.6387,0.065561,0.593706,0.188487,167,0.179294,1849.2481,0.061531,0
598,25.5147,4811.51,5065.6685,9972.66,-6.4016409263,0.279699,0.40747,37.4429,1.3952,1.6039,0.064984,0.552521,-6.277063,182,0.199845,2067.0327,0.062263,0
599,25.5573,5019.98,4991.4033,10042.97,-6.6840022938,0.289437,0.394351,32.2101,1.3661,1.6871,0.067353,0.602195,-6.210572,181,0.189964,1996.8893,0.061531,0
600,25.6,5100.65,5080.8643,10160.16,-6.8395029481,0.343038,0.388604,28.6564,1.4358,1.9583,0.068415,0.640582,-1.683152,172,0.181741,1990.3698,0.061043,0
601,25.6427,5422.43,5216.7333,10757.81,-6.5393262001,0.39366,0.40069,28.9556,1.3415,1.5426,0.066199,0.632845,-2.626908,217,0.181455,2041.9395,0.073495,0
602,25.6853,5179.69,5136.3537,10207.03,-7.5264660043,0.380108,0.336736,20.3431,1.4473,2.1161,0.078785,0.65437,-4.482036,183,0.188815,2080.274,0.077768,0
603,25.728,5306.03,5202.63,10570.31,-7.1678868296,0.2795,0.36473,21.9007,1.3959,1.7704,0.073005,0.659537,-4.075516,170,0.183129,1991.7735,0.072885,0
604,25.7707,5285.39,5133.1551,10558.59,-7.1378712802,0.373435,0.365225,22.8458,1.3805,1.807,0.072907,0.642678,-3.13117,186,0.178559,1953.545,0.067879,0
605,25.8133,5134.58,5040.5426,10382.81,-5.7497157395,0.229579,0.456651,51.468,1.2797,1.2622,0.056736,0.467306,3.311791,199,0.196629,2035.3122,0.05445,0
606,25.856,5018.05,5099.4933,10500.0,-6.1244800799,0.364419,0.427317,39.3104,1.3088,1.312,0.061542,0.562282,-0.628141,170,0.188734,1956.516,0.060554,0
607,25.8987,5122.84,5205.0951,10558.59,-6.997116532,0.230674,0.367699,22.9159,1.3825,1.6725,0.072418,0.630817,-6.306544,178,0.189298,2120.3998,0.0691,0
608,25.9413,5111.85,5224.3037,10605.47,-7.3409346046,0.26499,0.348106,20.6158,1.3945,1.7477,0.076381,0.644364,-2.756863,185,0.181023,2054.2557,0.071054,0
609,25.984,5062.81,5133.0679,10371.09,-6.5514214393,0.315669,0.397481,32.4068,1.3538,1.5771,0.066781,0.588506,-0.989307,169,0.188277,1954.8096,0.067025,0
610,26.0267,5027.29,5130.2662,10125.0,-7.1975859106,0.242438,0.353628,22.4902,1.4297,1.9209,0.075242,0.628702,-5.403928,180,0.196576,2061.6086,0.060432,0
611,26.0693,5020.12,5062.8534,10160.16,-6.5701670607,0.345625,0.393043,31.5039,1.4152,1.7936,0.067593,0.600117,2.140208,184,0.180763,2027.2245,0.063973,0
612,26.112,5361.98,5251.6634,10804.69,-6.7724862763,0.355814,0.397113,26.5414,1.31,1.4139,0.066848,0.641561,-0.961311,172,0.205371,1964.1164,0.072641,0
613,26.1547,5224.04,5220.3397,10476.56,-7.3073204152,0.285768,0.353084,20.8921,1.367,1.6943,0.075354,0.647238,-5.312058,153,0.183721,2036.9148,0.070443,0
614,26.1973,5036.89,5066.3695,10066.41,-6.5810313986,0.301326,0.392053,31.8949,1.3747,1.674,0.067776,0.593279,0.525483,201,0.173006,1898.9074,0.066903,0
615,26.24,5099.55,5091.7485,10148.44,-6.529518883,0.376452,0.402931,31.6976,1.3768,1.667,0.065795,0.598225,-5.417826,171,0.179005,1943.7794,0.065194,0
616,26.2827,5103.64,5263.2091,10640.62,-7.1730905308,0.324889,0.353885,22.9624,1.3972,1.7204,0.07519,0.625417,-4.064249,193,0.175947,2151.2072,0.06263,0
617,26.3253,5098.98,5044.8371,10300.78,-6.3517832817,0.352528,0.408032,35.2603,1.3466,1.522,0.064884,0.59527,-1.052172,184,0.19418,2067.2697,0.061897,0
618,26.368,5072.93,4970.071,10066.41,-6.1967208659,0.195526,0.434363,41.3434,1.31,1.4418,0.060358,0.574385,-0.450571,165,0.188296,2056.7388,0.057624,0
619,26.4107,4985.5,5150.4114,10195.31,-6.6023118096,0.20154,0.387701,30.2581,1.3616,1.5484,0.068584,0.565294,-0.811474,189,0.189912,2013.3421,0.06031,0
620,26.4533,4949.92,5075.142,10031.25,-6.6051365119,0.248114,0.397138,30.8929,1.3837,1.6596,0.066843,0.588826,-1.574679,192,0.181856,1976.0687,0.066903,0
621,26.496,5121.01,5134.4084,10453.12,-7.0105411347,0.295142,0.378064,24.5521,1.3959,1.7405,0.070406,0.64326,-8.080326,161,0.192525,2038.3355,0.070321,0
622,26.5387,5119.75,5095.9242,10265.62,-7.1990041008,0.299342,0.362458,21.4156,1.3727,1.7264,0.073457,0.642286,-6.77156,195,0.182013,1991.0544,0.07789,0
623,26.5813,5395.1,5156.9214,10593.75,-7.2787184002,0.384889,0.352851,19.9566,1.3898,1.8388,0.075401,0.682503,-5.108812,193,0.189561,1967.2009,0.077646,0
624,26.624,5183.3,5128.0983,10289.06,-6.6230787613,0.280992,0.396756,29.9573,1.3319,1.5528,0.066913,0.616222,-9.286167,194,0.184422,2002.2288,0.070321,0
625,26.6667,5148.09,5029.6884,10089.84,-6.6982638844,0.244793,0.392504,30.5071,1.3856,1.754,0.067693,0.628577,-0.534813,168,0.187928,2007.9476,0.070443,0
626,26.7093,5329.41,5233.9603,10546.88,-7.0183896042,0.325404,0.371525,22.5147,1.3724,1.6793,0.071669,0.656918,-1.535571,188,0.184968,2042.6598,0.068856,0
627,26.752,5251.28,5135.3236,10582.03,-6.5246822636,0.241895,0.401077,29.0902,1.3073,1.4623,0.066129,0.603746,2.227914,189,0.194003,2071.8674,0.066781,0
628,26.7947,5070.0,5148.5579,10394.53,-6.8897140575,0.234779,0.376801,26.4544,1.4065,1.7483,0.070648,0.622339,-1.113147,179,0.186961,1998.8739,0.070443,0
629,26.8373,5309.62,5085.3745,10582.03,-6.4850854359,0.235777,0.4102,30.6614,1.2946,1.4636,0.064501,0.618519,-0.348313,169,0.188238,1996.7274,0.067757,0
630,26.88,4905.51,5047.3003,10089.84,-6.4022035828,0.344315,0.419287,37.7689,1.3738,1.5695,0.062915,0.554366,1.237986,186,0.185148,1931.5466,0.060432,0
631,26.9227,5311.18,5188.4535,10699.22,-6.4746460535,0.243726,0.41467,30.0439,1.3098,1.3925,0.063716,0.622473,-0.48516,210,0.179879,1939.1635,0.066536,0
632,26.9653,5362.45,5255.5655,10675.78,-7.684602237,0.308696,0.325803,17.3792,1.3809,1.7874,0.081174,0.669504,-3.019884,187,0.193849,2105.9717,0.074106,0
633,27.008,4973.24,5042.6021,10371.09,-6.3528753029,0.327217,0.418513,38.434,1.3762,1.551,0.063048,0.588861,-1.174201,169,0.196989,1911.7179,0.071664,0
634,27.0507,5177.08,5076.1834,10218.75,-6.9381646004,0.324968,0.381023,25.5093,1.3668,1.7621,0.069841,0.633634,-7.735486,204,0.188156,1939.2508,0.065438,0
635,27.0933,5257.28,5203.3016,10605.47,-7.1947330348,0.246217,0.360635,22.7302,1.3635,1.7269,0.073822,0.635241,-3.992999,182,0.187092,2076.2254,0.067513,0
636,27.136,5049.73,5140.2411,10335.94,-6.5449426727,0.326274,0.407225,31.9674,1.3593,1.5703,0.065028,0.576649,-3.575982,196,0.184228,2015.3141,0.063728,0
637,27.1787,5079.29,5061.0934,10253.91,-6.3861179245,0.366489,0.411275,35.1714,1.3517,1.5439,0.064311,0.581196,2.029891,188,0.18384,2040.5806,0.061287,0
638,27.2213,5122.25,5086.3765,10277.34,-6.3230303459,0.427517,0.407172,33.2315,1.3277,1.4809,0.065037,0.588879,-1.332212,206,0.184471,2055.2915,0.05738,0
639,27.264,5185.25,5071.1414,10546.88,-5.7831802599,0.286546,0.449448,47.9112,1.3109,1.3707,0.057887,0.535411,1.451855,200,0.192927,2085.6061,0.060554,0
640,27.3067,5248.33,5114.2949,10558.59,-6.8270617057,0.338181,0.380488,25.7966,1.3829,1.732,0.069943,0.64844,-6.400781,159,0.188958,2015.6983,0.072519,0
641,27.3493,5266.97,5139.7744,10324.22,-6.6817599425,0.231604,0.388666,26.5454,1.3564,1.6384,0.068404,0.631821,-2.098002,163,0.193649,1909.94,0.071298,0
642,27.392,5052.48,5087.4293,10078.12,-6.6373269702,0.240675,0.397463,30.1609,1.3911,1.6819,0.066784,0.60437,0.185653,193,0.194499,2061.7871,0.065682,0
643,27.4347,4968.2,5132.8475,10300.78,-6.3789259688,0.32903,0.417008,35.5384,1.3917,1.6072,0.063309,0.550359,-5.113943,170,0.179932,1964.9302,0.058357,0
644,27.4773,4788.57,4925.0795,9843.75,-6.1277057956,0.211209,0.432092,46.8627,1.3714,1.5754,0.060737,0.507101,1.02466,168,0.181145,1947.7329,0.061165,0
645,27.52,5080.84,5078.6923,10277.34,-6.6752832323,0.271961,0.399302,30.3074,1.3625,1.5477,0.06645,0.637818,-3.577051,166,0.195974,1929.4739,0.062508,0
646,27.5627,4931.95,4967.65,10019.53,-6.3470134826,0.319225,0.415058,36.2163,1.3652,1.5628,0.063649,0.540788,0.912474,168,0.186584,1983.3125,0.065438,0
647,27.6053,5206.09,5069.5365,10453.12,-6.6113797252,0.264584,0.40264,30.6079,1.3333,1.5319,0.065847,0.630245,-1.682721,170,0.186093,1970.0761,0.068001,0
648,27.648,5022.81,4943.2177,9984.38,-6.1298342958,0.222493,0.438671,43.2878,1.3394,1.5485,0.059644,0.533648,0.245816,165,0.185439,2098.1548,0.061531,0
649,27.6907,5244.95,5119.1231,10488.28,-6.4889395941,0.348192,0.414784,31.7018,1.3525,1.5412,0.063696,0.615386,-1.895037,179,0.188332,1918.4109,0.061897,0
650,27.7333,5209.08,5015.7949,10324.22,-6.0291455035,0.287337,0.433954,40.5866,1.2896,1.3861,0.060426,0.568389,1.068467,192,0.183148,2005.103,0.065316,0
651,27.776,5366.29,5114.8993,10617.19,-6.3374651305,0.279446,0.420505,35.2209,1.3112,1.4881,0.062705,0.629687,-1.437177,166,0.167789,1964.3352,0.067391,0
652,27.8187,5171.2,5116.7089,10464.84,-6.336243768,0.268332,0.425301,34.0455,1.3212,1.4008,0.061884,0.600942,-0.198938,164,0.1832,1813.055,0.071786,0
653,27.8613,5356.94,5192.8388,10710.94,-6.7283539916,0.375464,0.389808,24.8242,1.3418,1.5014,0.068192,0.653809,-4.878206,184,0.178679,1969.4975,0.071664,0
654,27.904,5198.16,5207.8394,10582.03,-6.8419641739,0.266543,0.385305,24.5037,1.3611,1.6365,0.069033,0.626802,-6.236778,183,0.183922,1929.8634,0.067391,0
655,27.9467,4967.33,5048.7112,10195.31,-6.2295919275,0.228428,0.421458,40.3845,1.3425,1.4395,0.062541,0.541179,1.281897,162,0.195646,1904.0174,0.066048,0
656,27.9893,5490.5,5182.9623,10757.81,-6.2107134751,0.213487,0.43811,34.9068,1.2505,1.2478,0.059736,0.612446,-2.108854,182,0.193214,2051.4236,0.063728,0
657,28.032,5144.96,5174.1205,10265.62,-7.1937944663,0.301372,0.355948,22.8028,1.3978,1.7797,0.074769,0.633329,-5.165832,185,0.181206,2098.0318,0.067757,0
658,28.0747,5353.26,5237.6332,10652.34,-7.7060591388,0.335051,0.32197,16.6649,1.4069,1.9279,0.082031,0.666942,-2.610491,172,0.188743,2111.2298,0.067147,0
659,28.1173,5260.48,5181.2144,10546.88,-6.9894711583,0.183713,0.370158,23.7735,1.3731,1.7375,0.071936,0.654498,-4.397958,168,0.188815,2105.2416,0.065194,0
660,28.16,5247.91,5077.6728,10382.81,-6.6590936172,0.336722,0.39689,28.0969,1.3495,1.6373,0.066888,0.638054,-3.158699,155,0.186207,1898.4054,0.069344,0
661,28.2027,5371.52,5169.4107,10558.59,-6.95807558,0.355965,0.375796,23.758,1.3793,1.7806,0.070841,0.669322,-5.807739,167,0.187339,1983.6932,0.072885,0
662,28.2453,5229.95,5205.4121,10617.19,-7.2246245686,0.252343,0.361084,21.3715,1.3745,1.7235,0.073732,0.641781,-5.883174,186,0.1856,1993.265,0.0691,0
663,28.288,5238.67,5196.9832,10582.03,-6.8276731258,0.150793,0.381055,26.4792,1.317,1.483,0.069835,0.627395,-4.383368,194,0.178933,2020.3629,0.065438,0
664,28.3307,5100.08,5094.9964,10277.34,-6.7991246334,0.360193,0.389006,28.0717,1.349,1.5675,0.068341,0.620219,-6.135197,178,0.180928,1902.6806,0.064217,0
665,28.3733,5149.07,5133.3908,10523.44,-6.5822876929,0.294383,0.400098,29.8291,1.3195,1.4716,0.066306,0.612475,-4.967741,172,0.191796,2023.2497,0.065194,0
666,28.416,5311.57,5179.1855,10500.0,-6.9363488405,0.371534,0.378166,24.5706,1.3328,1.6125,0.070386,0.641596,-1.597044,204,0.190041,2017.22,0.069833,0
667,28.4587,5089.38,5142.3711,10417.97,-6.223669482,0.34902,0.423742,35.5227,1.3147,1.3532,0.06215,0.585807,0.262771,168,0.186601,1868.0847,0.065316,0
668,28.5013,5028.01,5043.8735,10160.16,-6.3760113992,0.277156,0.415762,35.933,1.3395,1.5376,0.063526,0.562754,1.106068,178,0.183784,1969.6662,0.059211,0
669,28.544,5029.95,5093.3422,10218.75,-6.5590266558,0.282978,0.391888,29.7791,1.3236,1.4873,0.067806,0.579366,-1.879795,166,0.187336,1902.8533,0.062019,0
670,28.5867,5235.67,5030.1256,10359.38,-6.1446215709,0.325539,0.425477,39.2675,1.3047,1.4321,0.061854,0.575634,1.000216,201,0.20174,2047.9153,0.061775,0
671,28.6293,5038.23,5063.1132,10253.91,-6.4091737526,0.292822,0.411201,34.5283,1.37,1.5675,0.064324,0.613328,-5.554553,199,0.187905,1954.0154,0.06617,0
672,28.672,5087.88,5158.7881,10277.34,-6.8937838396,0.318274,0.374139,24.5056,1.4176,1.7439,0.071161,0.618283,-1.159407,185,0.184532,2026.2225,0.066292,0
673,28.7147,5261.69,5156.0186,10382.81,-7.0875257526,0.258548,0.370082,22.826,1.4113,1.8363,0.07195,0.654204,-3.522301,164,0.189627,2078.9423,0.062508,0
674,28.7573,4945.37,5002.408,10042.97,-6.29708931,0.207515,0.425083,40.1682,1.3452,1.5106,0.061921,0.534046,-8.662819,187,0.194463,1919.7627,0.060676,0
675,28.8,5143.1,5111.8011,10382.81,-6.1178908286,0.257393,0.424305,41.0621,1.2877,1.3048,0.062054,0.522415,-5.226943,180,0.187126,2036.5895,0.060066,0
676,28.8427,5198.45,5097.7315,10230.47,-7.011946274,0.286006,0.371115,25.0434,1.3843,1.8071,0.071749,0.640858,-2.827686,160,0.204459,2045.283,0.068246,0
677,28.8853,5144.31,5092.0693,10406.25,-6.8624483942,0.323386,0.382094,26.8698,1.382,1.7669,0.069638,0.615473,-4.563222,177,0.18104,1941.021,0.068856,0
678,28.928,4863.45,4921.7353,10007.81,-6.0642620299,0.387,0.43076,43.3891,1.3335,1.454,0.060961,0.519189,1.60823,184,0.194604,2083.0236,0.066048,0
679,28.9707,5230.64,5102.4216,10289.06,-6.6810889746,0.243555,0.394389,29.2763,1.353,1.6582,0.067346,0.640508,-1.564951,170,0.20019,1925.7714,0.065438,0
680,29.0133,5314.97,5165.1961,10640.62,-6.8066694465,0.242786,0.390492,23.8379,1.3251,1.5023,0.068065,0.642546,0.170872,169,0.183267,1952.3494,0.067879,0
681,29.056,5086.02,5093.1374,10324.22,-6.6722813144,0.250532,0.393206,29.5877,1.3652,1.6238,0.067563,0.613521,-3.641925,183,0.186744,2128.9422,0.067147,0
682,29.0987,5282.05,5161.1445,10687.5,-6.2979624307,0.376155,0.413071,33.0124,1.3145,1.408,0.063996,0.602897,-6.937981,191,0.195105,2018.8661,0.065071,0
683,29.1413,5055.35,5071.6407,10265.62,-6.5758538537,0.261902,0.395577,30.2233,1.3869,1.7188,0.067128,0.596219,1.106344,194,0.189194,2015.091,0.065194,0
684,29.184,5108.79,5095.0655,10359.38,-6.8046260111,0.314352,0.385931,26.8994,1.3504,1.5685,0.068915,0.631657,-2.703552,210,0.193624,1880.673,0.068124,0
685,29.2267,5233.19,5193.2182,10558.59,-7.3537039286,0.213063,0.352748,20.5002,1.3809,1.7862,0.075423,0.660767,-3.737087,185,0.180725,2034.7117,0.07203,0
686,29.2693,5154.97,5232.2376,10664.06,-7.3363036122,0.265769,0.351815,19.5481,1.4075,1.7663,0.075614,0.652921,-2.360104,191,0.181634,2073.252,0.070077,0
687,29.312,5341.68,5204.9485,10675.78,-6.9604849991,0.287086,0.375212,22.7296,1.3527,1.6166,0.070954,0.651218,-3.779157,178,0.189113,2070.7518,0.064217,0
688,29.3547,5190.02,5147.3527,10558.59,-6.7607994801,0.359501,0.397362,28.7837,1.3465,1.5547,0.066802,0.63819,-6.235703,188,0.177493,1926.1621,0.058113,0
689,29.3973,4811.29,4975.0771,10125.0,-5.950351499,0.259272,0.434537,45.6589,1.3419,1.4191,0.060329,0.511932,-9.453479,174,0.1816,2037.6759,0.055549,0
690,29.44,4859.27,5018.6268,10066.41,-6.2342698436,0.251247,0.417434,40.6602,1.358,1.5214,0.063235,0.521775,-5.382437,168,0.191307,2019.5192,0.057746,0
691,29.4827,5107.42,5157.9872,10371.09,-6.341491331,0.208103,0.420691,35.8052,1.3189,1.3813,0.062673,0.56213,-5.236956,172,0.18584,1892.0336,0.061409,0
692,29.5253,5137.26,5139.7972,10429.69,-6.9099153669,0.264438,0.382273,28.2103,1.3708,1.6864,0.069604,0.629307,-7.313149,178,0.191654,1991.849,0.06263,0
693,29.568,5285.49,5072.6708,10335.94,-6.3655141601,0.349116,0.413874,34.0539,1.3082,1.5229,0.063855,0.57988,0.044722,177,0.192405,1941.2585,0.063362,0
694,29.6107,5113.66,5027.3346,10195.31,-6.3936356498,0.367841,0.414056,34.9221,1.3279,1.5508,0.063823,0.58852,-1.581472,188,0.181579,1977.3594,0.063484,0
695,29.6533,5272.68,5182.9015,10406.25,-6.9839500491,0.307968,0.365863,23.4917,1.3504,1.6811,0.07278,0.636848,-5.17368,191,0.180218,2103.3849,0.066781,0
696,29.696,5110.61,5126.4547,10089.84,-7.3041762123,0.222187,0.350983,21.0307,1.4516,2.0349,0.075786,0.657152,-2.125779,173,0.188818,2022.7731,0.070077,0
697,29.7387,5045.31,5143.6538,10230.47,-6.736902141,0.222939,0.38941,28.5065,1.3765,1.6299,0.068265,0.608988,-6.173787,184,0.182474,1948.2748,0.069222,0
698,29.7813,4946.4,5091.5073,10183.59,-6.3088317345,0.283442,0.414916,37.8595,1.3509,1.451,0.063673,0.558714,-3.760119,180,0.181183,1879.4465,0.061531,0
699,29.824,4826.23,5068.8945,10113.28,-6.6498391883,0.365582,0.392575,33.0612,1.4516,1.8428,0.06768,0.562707,-1.47705,173,0.174727,1859.4362,0.053107,0
700,29.8667,5046.94,5127.8035,10289.06,-6.7854491317,0.282114,0.386518,28.1202,1.3862,1.6758,0.068805,0.617742,-6.697178,161,0.179608,1932.5003,0.057868,0
701,29.9093,5099.1,5131.2824,10511.72,-7.1958461869,0.265308,0.356771,21.9047,1.3943,1.782,0.074602,0.638763,-6.821076,154,0.1934,2016.6743,0.065071,0
702,29.952,5020.95,5069.5188,10113.28,-6.3342052202,0.255429,0.414347,34.7225,1.3177,1.4012,0.063773,0.57434,-2.254432,181,0.188838,1953.4126,0.061287,0
703,29.9947,4832.24,5051.0886,9855.47,-6.185519153,0.245542,0.411941,43.4413,1.3637,1.5669,0.064194,0.489931,-9.663025,175,0.195589,1930.7316,0.047735,0
704,30.0373,4959.63,5002.3524,10042.97,-6.2117490788,0.327196,0.420164,41.4099,1.3648,1.6346,0.062763,0.538404,-7.070784,180,0.189055,2065.29,0.049933,0
705,30.08,5067.51,5142.124,10277.34,-6.7351111351,0.284195,0.385436,27.9802,1.3714,1.6335,0.069008,0.60155,-3.011736,190,0.198046,1972.2855,0.058357,0
706,30.1227,5158.72,5162.1708,10605.47,-6.3937752179,0.307972,0.417284,34.2331,1.2732,1.2312,0.063261,0.566775,-8.355682,163,0.191276,1964.3494,0.058479,0
707,30.1653,5094.9,5116.9656,10312.5,-6.9405276764,0.329392,0.3826,27.5062,1.4049,1.7646,0.069542,0.632338,-2.576718,193,0.179746,1934.4362,0.064827,0
708,30.208,5364.98,5164.7707,10523.44,-7.0823505289,0.200432,0.367845,23.2122,1.3577,1.7149,0.072389,0.647594,-4.79317,187,0.185313,2110.9666,0.071054,0
709,30.2507,5082.78,5072.633,10171.88,-6.9930206607,0.27708,0.374155,27.7182,1.4024,1.8268,0.071158,0.616028,-7.717403,191,0.185483,1992.9946,0.071054,0
710,30.2933,5326.06,5227.3879,10640.62,-7.302795673,0.33533,0.356505,21.7959,1.3786,1.8151,0.074656,0.640189,-2.819867,185,0.181765,2100.7389,0.067269,0
711,30.336,5014.01,5177.3271,10382.81,-7.0703300525,0.289403,0.371192,25.5568,1.4052,1.6794,0.071734,0.62467,-6.127135,174,0.184668,1909.1035,0.064217,0
712,30.3787,5132.49,5102.5962,10382.81,-6.1239459232,0.326085,0.433348,38.8882,1.3381,1.4634,0.060527,0.579119,-0.149181,183,0.18586,1980.6321,0.065804,0
713,30.4213,5192.94,5098.8783,10347.66,-6.8147575012,0.281299,0.386131,27.9647,1.3383,1.5903,0.068878,0.631526,-6.131024,174,0.181001,1994.3684,0.064583,0
714,30.464,4996.43,5074.7573,10171.88,-6.5522420882,0.266036,0.400822,33.5638,1.3823,1.6359,0.066175,0.605314,-8.557945,178,0.187213,2010.9145,0.061043,0
715,30.5067,4877.06,4975.9567,9996.09,-6.2246180928,0.258487,0.41761,38.1338,1.3256,1.4257,0.063205,0.555722,-0.643535,157,0.186958,2045.3985,0.063118,0
716,30.5493,5084.58,5083.3358,10324.22,-6.2548458017,0.316258,0.429584,38.6005,1.3133,1.3801,0.061159,0.581032,-1.242129,185,0.183167,1945.2794,0.065682,0
717,30.592,5075.69,4990.034,10160.16,-5.923634855,0.293774,0.444062,45.9647,1.3196,1.4168,0.058759,0.516525,2.827873,185,0.185399,2102.8551,0.061897,0
718,30.6347,4867.11,4976.6326,9996.09,-6.2433466611,0.331919,0.419421,41.3587,1.3584,1.5637,0.062892,0.514745,-4.342575,193,0.192649,2017.2561,0.061043,0
719,30.6773,5058.22,5095.4413,10160.16,-7.3448270734,0.313644,0.348164,21.7454,1.425,1.9404,0.076369,0.63179,-3.442042,193,0.208336,2058.2011,0.067879,0
720,30.72,5064.16,5139.4117,10160.16,-7.0480192579,0.31626,0.368534,23.5274,1.4317,1.8205,0.072254,0.633393,-6.985775,167,0.197237,1992.1904,0.070321,0
721,30.7627,5099.39,5094.5461,10242.19,-7.5131030947,0.324217,0.344236,19.5198,1.444,2.0164,0.077191,0.649169,-1.368294,178,0.185916,1927.2883,0.069589,0
722,30.8053,5280.7,5188.3005,10546.88,-6.8519423156,0.309988,0.38597,25.2673,1.3666,1.6335,0.068908,0.644259,-6.804754,164,0.187252,1958.1266,0.068734,0
723,30.848,5093.37,5107.5233,10335.94,-6.9366577618,0.267809,0.382258,25.7719,1.3993,1.7223,0.069607,0.630206,-2.159196,179,0.188142,1943.9597,0.06556,0
724,30.8907,5029.79,5088.3393,10113.28,-6.7813125584,0.262175,0.388826,28.9979,1.4103,1.8091,0.068374,0.606831,1.376104,186,0.187376,1877.0038,0.063118,0
725,30.9333,4966.1,5155.6134,10218.75,-6.7402909777,0.358477,0.387197,29.3343,1.4032,1.7237,0.068678,0.592382,-4.555131,189,0.179388,2165.1113,0.058113,0
726,30.976,4992.05,5141.6772,10253.91,-6.6854301603,0.278698,0.392013,30.5441,1.3806,1.6289,0.067783,0.588278,-4.233003,184,0.178394,1983.3204,0.063728,0
727,31.0187,5054.22,5120.0276,10171.88,-7.1237627675,0.270014,0.366954,23.9798,1.4282,1.8805,0.072565,0.639618,-3.586639,183,0.186523,1962.0036,0.068856,0
728,31.0613,5115.47,5158.451,10289.06,-7.1760181748,0.291799,0.357135,23.4792,1.442,1.9164,0.074528,0.644743,-5.639502,174,0.192166,2177.3698,0.063484,0
729,31.104,5001.55,5170.9419,10406.25,-6.4952322774,0.230673,0.394671,30.6456,1.3524,1.4865,0.067294,0.600294,-0.124312,165,0.188732,1987.6787,0.065071,0
730,31.1467,5121.42,5127.8836,10359.38,-6.7130508391,0.294834,0.39282,28.4968,1.3601,1.5887,0.067634,0.610142,-1.674629,175,0.187038,1943.9438,0.064461,0
731,31.1893,5053.77,5200.0019,10511.72,-7.0664807175,0.292134,0.365641,22.496,1.3894,1.664,0.072824,0.624048,-3.214797,198,0.177508,1942.3554,0.062508,0
732,31.232,5123.71,5192.7849,10546.88,-6.5479153888,0.301397,0.401157,30.7291,1.3592,1.5199,0.066114,0.602996,-6.612481,168,0.186713,1945.6807,0.065316,0
733,31.2747,5122.7,5113.0004,10371.09,-6.1396324177,0.28522,0.430435,38.2641,1.3209,1.4158,0.061015,0.575644,-1.001829,167,0.189632,1920.6725,0.062386,0
734,31.3173,5025.25,5057.0122,10183.59,-6.5332781445,0.286188,0.407132,33.2601,1.3939,1.7023,0.065044,0.595256,-8.535266,148,0.192143,1943.5925,0.058845,0
735,31.36,5006.94,5023.8236,10148.44,-6.2775227984,0.299579,0.41838,38.2816,1.3497,1.531,0.063072,0.553297,-8.733866,168,0.185262,2075.7919,0.060188,0
736,31.4027,5173.04,5141.9895,10417.97,-7.0448136831,0.268205,0.377361,24.6355,1.3831,1.7089,0.07054,0.652812,-7.491158,160,0.198298,1979.6083,0.063851,0
737,31.4453,5317.74,5225.1134,10558.59,-7.114156455,0.270438,0.370645,22.5845,1.3575,1.6645,0.07184,0.654368,-4.045322,195,0.180034,2073.9669,0.070443,0
738,31.488,5598.17,5270.6786,10886.72,-6.9066040939,0.242875,0.393179,23.2109,1.3016,1.5021,0.067568,0.678502,-8.177183,172,0.179594,2024.4118,0.073984,0
739,31.5307,5033.92,5092.9071,10230.47,-6.4704127211,0.225707,0.407107,34.0181,1.3427,1.4945,0.065048,0.592038,-0.431045,158,0.188456,1906.018,0.072274,0
740,31.5733,5166.19,5157.9508,10382.81,-7.206715731,0.202499,0.358526,21.1673,1.3804,1.7583,0.074247,0.644667,-6.273743,180,0.180199,2017.9947,0.070321,0
741,31.616,5170.16,5169.1135,10453.12,-6.6654090208,0.298359,0.391656,27.6027,1.3358,1.5002,0.067849,0.622541,-3.173227,180,0.172814,1974.4546,0.068734,0
742,31.6587,5143.2,5216.7069,10535.16,-7.3962197116,0.307749,0.339277,19.8628,1.4249,1.9348,0.078241,0.649257,-7.27303,190,0.183824,2152.9676,0.067757,0
743,31.7013,5305.39,5102.5496,10546.88,-7.2693392867,0.286384,0.360516,21.6031,1.3703,1.8172,0.073846,0.673504,-5.001454,180,0.182481,1945.253,0.055793,0
744,31.744,5572.27,5281.252,11062.5,-7.3829887918,0.279904,0.364138,19.2892,1.2839,1.4905,0.073122,0.6825,0.0,0,0.278788,607.8776,0.021365,0
745,31.7867,0.0,0.0,0.0,0.0,0.0,0.0,0.0,0.0,0.0,0.0,0.0,0.0,0,0.0,0.0,0.0,1
746,31.8293,0.0,0.0,0.0,0.0,0.0,0.0,0.0,0.0,0.0,0.0,0.0,0.0,0,0.0,0.0,0.0,1
747,31.872,0.0,0.0,0.0,0.0,0.0,0.0,0.0,0.0,0.0,0.0,0.0,0.0,0,0.0,0.0,0.0,1
748,31.9147,0.0,0.0,0.0,0.0,0.0,0.0,0.0,0.0,0.0,0.0,0.0,0.0,0,0.0,0.0,0.0,1
749,31.9573,0.0,0.0,0.0,0.0,0.0,0.0,0.0,0.0,0.0,0.0,0.0,0.0,0,0.0,0.0,0.0,1
750,32.0,0.0,0.0,0.0,0.0,0.0,0.0,0.0,0.0,0.0,0.0,0.0,0.0,0,0.0,0.0,0.0,1
751,32.0427,0.0,0.0,0.0,0.0,0.0,0.0,0.0,0.0,0.0,0.0,0.0,0.0,0,0.0,0.0,0.0,1
752,32.0853,0.0,0.0,0.0,0.0,0.0,0.0,0.0,0.0,0.0,0.0,0.0,0.0,0,0.0,0.0,0.0,1
753,32.128,0.0,0.0,0.0,0.0,0.0,0.0,0.0,0.0,0.0,0.0,0.0,0.0,0,0.0,0.0,0.0,1
754,32.1707,0.0,0.0,0.0,0.0,0.0,0.0,0.0,0.0,0.0,0.0,0.0,0.0,0,0.0,0.0,0.0,1
755,32.2133,0.0,0.0,0.0,0.0,0.0,0.0,0.0,0.0,0.0,0.0,0.0,0.0,0,0.0,0.0,0.0,1
756,32.256,0.0,0.0,0.0,0.0,0.0,0.0,0.0,0.0,0.0,0.0,0.0,0.0,0,0.0,0.0,0.0,1
757,32.2987,0.0,0.0,0.0,0.0,0.0,0.0,0.0,0.0,0.0,0.0,0.0,0.0,0,0.0,0.0,0.0,1
758,32.3413,0.0,0.0,0.0,0.0,0.0,0.0,0.0,0.0,0.0,0.0,0.0,0.0,0,0.0,0.0,0.0,1
759,32.384,0.0,0.0,0.0,0.0,0.0,0.0,0.0,0.0,0.0,0.0,0.0,0.0,0,0.0,0.0,0.0,1
760,32.4267,0.0,0.0,0.0,0.0,0.0,0.0,0.0,0.0,0.0,0.0,0.0,0.0,0,0.0,0.0,0.0,1
761,32.4693,0.0,0.0,0.0,0.0,0.0,0.0,0.0,0.0,0.0,0.0,0.0,0.0,0,0.0,0.0,0.0,1
762,32.512,0.0,0.0,0.0,0.0,0.0,0.0,0.0,0.0,0.0,0.0,0.0,0.0,0,0.0,0.0,0.0,1
763,32.5547,0.0,0.0,0.0,0.0,0.0,0.0,0.0,0.0,0.0,0.0,0.0,0.0,0,0.0,0.0,0.0,1
764,32.5973,0.0,0.0,0.0,0.0,0.0,0.0,0.0,0.0,0.0,0.0,0.0,0.0,0,0.0,0.0,0.0,1
765,32.64,0.0,0.0,0.0,0.0,0.0,0.0,0.0,0.0,0.0,0.0,0.0,0.0,0,0.0,0.0,0.0,1
766,32.6827,0.0,0.0,0.0,0.0,0.0,0.0,0.0,0.0,0.0,0.0,0.0,0.0,0,0.0,0.0,0.0,1
767,32.7253,0.0,0.0,0.0,0.0,0.0,0.0,0.0,0.0,0.0,0.0,0.0,0.0,0,0.0,0.0,0.0,1
768,32.768,0.0,0.0,0.0,0.0,0.0,0.0,0.0,0.0,0.0,0.0,0.0,0.0,0,0.0,0.0,0.0,1
769,32.8107,0.0,0.0,0.0,0.0,0.0,0.0,0.0,0.0,0.0,0.0,0.0,0.0,0,0.0,0.0,0.0,1
770,32.8533,0.0,0.0,0.0,0.0,0.0,0.0,0.0,0.0,0.0,0.0,0.0,0.0,0,0.0,0.0,0.0,1
771,32.896,0.0,0.0,0.0,0.0,0.0,0.0,0.0,0.0,0.0,0.0,0.0,0.0,0,0.0,0.0,0.0,1
772,32.9387,0.0,0.0,0.0,0.0,0.0,0.0,0.0,0.0,0.0,0.0,0.0,0.0,0,0.0,0.0,0.0,1
773,32.9813,0.0,0.0,0.0,0.0,0.0,0.0,0.0,0.0,0.0,0.0,0.0,0.0,0,0.0,0.0,0.0,1
774,33.024,0.0,0.0,0.0,0.0,0.0,0.0,0.0,0.0,0.0,0.0,0.0,0.0,0,0.0,0.0,0.0,1
775,33.0667,0.0,0.0,0.0,0.0,0.0,0.0,0.0,0.0,0.0,0.0,0.0,0.0,0,0.0,0.0,0.0,1
776,33.1093,0.0,0.0,0.0,0.0,0.0,0.0,0.0,0.0,0.0,0.0,0.0,0.0,0,0.0,0.0,0.0,1
777,33.152,0.0,0.0,0.0,0.0,0.0,0.0,0.0,0.0,0.0,0.0,0.0,0.0,0,0.0,0.0,0.0,1
778,33.1947,0.0,0.0,0.0,0.0,0.0,0.0,0.0,0.0,0.0,0.0,0.0,0.0,0,0.0,0.0,0.0,1
779,33.2373,0.0,0.0,0.0,0.0,0.0,0.0,0.0,0.0,0.0,0.0,0.0,0.0,0,0.0,0.0,0.0,1
780,33.28,0.0,0.0,0.0,0.0,0.0,0.0,0.0,0.0,0.0,0.0,0.0,0.0,0,0.0,0.0,0.0,1
781,33.3227,0.0,0.0,0.0,0.0,0.0,0.0,0.0,0.0,0.0,0.0,0.0,0.0,0,0.0,0.0,0.0,1
782,33.3653,0.0,0.0,0.0,0.0,0.0,0.0,0.0,0.0,0.0,0.0,0.0,0.0,0,0.0,0.0,0.0,1
783,33.408,0.0,0.0,0.0,0.0,0.0,0.0,0.0,0.0,0.0,0.0,0.0,0.0,0,0.0,0.0,0.0,1
784,33.4507,0.0,0.0,0.0,0.0,0.0,0.0,0.0,0.0,0.0,0.0,0.0,0.0,0,0.0,0.0,0.0,1
785,33.4933,0.0,0.0,0.0,0.0,0.0,0.0,0.0,0.0,0.0,0.0,0.0,0.0,0,0.0,0.0,0.0,1
786,33.536,0.0,0.0,0.0,0.0,0.0,0.0,0.0,0.0,0.0,0.0,0.0,0.0,0,0.0,0.0,0.0,1
787,33.5787,0.0,0.0,0.0,0.0,0.0,0.0,0.0,0.0,0.0,0.0,0.0,0.0,0,0.0,0.0,0.0,1
788,33.6213,0.0,0.0,0.0,0.0,0.0,0.0,0.0,0.0,0.0,0.0,0.0,0.0,0,0.0,0.0,0.0,1
789,33.664,0.0,0.0,0.0,0.0,0.0,0.0,0.0,0.0,0.0,0.0,0.0,0.0,0,0.0,0.0,0.0,1
790,33.7067,0.0,0.0,0.0,0.0,0.0,0.0,0.0,0.0,0.0,0.0,0.0,0.0,0,0.0,0.0,0.0,1
791,33.7493,0.0,0.0,0.0,0.0,0.0,0.0,0.0,0.0,0.0,0.0,0.0,0.0,0,0.0,0.0,0.0,1
792,33.792,0.0,0.0,0.0,0.0,0.0,0.0,0.0,0.0,0.0,0.0,0.0,0.0,0,0.0,0.0,0.0,1
793,33.8347,0.0,0.0,0.0,0.0,0.0,0.0,0.0,0.0,0.0,0.0,0.0,0.0,0,0.0,0.0,0.0,1
794,33.8773,0.0,0.0,0.0,0.0,0.0,0.0,0.0,0.0,0.0,0.0,0.0,0.0,0,0.0,0.0,0.0,1
795,33.92,0.0,0.0,0.0,0.0,0.0,0.0,0.0,0.0,0.0,0.0,0.0,0.0,0,0.0,0.0,0.0,1
796,33.9627,0.0,0.0,0.0,0.0,0.0,0.0,0.0,0.0,0.0,0.0,0.0,0.0,0,0.0,0.0,0.0,1
797,34.0053,0.0,0.0,0.0,0.0,0.0,0.0,0.0,0.0,0.0,0.0,0.0,0.0,0,0.0,0.0,0.0,1
798,34.048,0.0,0.0,0.0,0.0,0.0,0.0,0.0,0.0,0.0,0.0,0.0,0.0,0,0.0,0.0,0.0,1
799,34.0907,0.0,0.0,0.0,0.0,0.0,0.0,0.0,0.0,0.0,0.0,0.0,0.0,0,0.0,0.0,0.0,1
800,34.1333,0.0,0.0,0.0,0.0,0.0,0.0,0.0,0.0,0.0,0.0,0.0,0.0,0,0.0,0.0,0.0,1
801,34.176,0.0,0.0,0.0,0.0,0.0,0.0,0.0,0.0,0.0,0.0,0.0,0.0,0,0.0,0.0,0.0,1
802,34.2187,0.0,0.0,0.0,0.0,0.0,0.0,0.0,0.0,0.0,0.0,0.0,0.0,0,0.0,0.0,0.0,1
803,34.2613,0.0,0.0,0.0,0.0,0.0,0.0,0.0,0.0,0.0,0.0,0.0,0.0,0,0.0,0.0,0.0,1
804,34.304,0.0,0.0,0.0,0.0,0.0,0.0,0.0,0.0,0.0,0.0,0.0,0.0,0,0.0,0.0,0.0,1
805,34.3467,0.0,0.0,0.0,0.0,0.0,0.0,0.0,0.0,0.0,0.0,0.0,0.0,0,0.0,0.0,0.0,1
806,34.3893,0.0,0.0,0.0,0.0,0.0,0.0,0.0,0.0,0.0,0.0,0.0,0.0,0,0.0,0.0,0.0,1
807,34.432,0.0,0.0,0.0,0.0,0.0,0.0,0.0,0.0,0.0,0.0,0.0,0.0,0,0.0,0.0,0.0,1
808,34.4747,0.0,0.0,0.0,0.0,0.0,0.0,0.0,0.0,0.0,0.0,0.0,0.0,0,0.0,0.0,0.0,1
809,34.5173,0.0,0.0,0.0,0.0,0.0,0.0,0.0,0.0,0.0,0.0,0.0,0.0,0,0.0,0.0,0.0,1
810,34.56,0.0,0.0,0.0,0.0,0.0,0.0,0.0,0.0,0.0,0.0,0.0,0.0,0,0.0,0.0,0.0,1
811,34.6027,0.0,0.0,0.0,0.0,0.0,0.0,0.0,0.0,0.0,0.0,0.0,0.0,0,0.0,0.0,0.0,1
812,34.6453,0.0,0.0,0.0,0.0,0.0,0.0,0.0,0.0,0.0,0.0,0.0,0.0,0,0.0,0.0,0.0,1
813,34.688,0.0,0.0,0.0,0.0,0.0,0.0,0.0,0.0,0.0,0.0,0.0,0.0,0,0.0,0.0,0.0,1
814,34.7307,0.0,0.0,0.0,0.0,0.0,0.0,0.0,0.0,0.0,0.0,0.0,0.0,0,0.0,0.0,0.0,1
815,34.7733,0.0,0.0,0.0,0.0,0.0,0.0,0.0,0.0,0.0,0.0,0.0,0.0,0,0.0,0.0,0.0,1
816,34.816,0.0,0.0,0.0,0.0,0.0,0.0,0.0,0.0,0.0,0.0,0.0,0.0,0,0.0,0.0,0.0,1
817,34.8587,0.0,0.0,0.0,0.0,0.0,0.0,0.0,0.0,0.0,0.0,0.0,0.0,0,0.0,0.0,0.0,1
818,34.9013,0.0,0.0,0.0,0.0,0.0,0.0,0.0,0.0,0.0,0.0,0.0,0.0,0,0.0,0.0,0.0,1
819,34.944,0.0,0.0,0.0,0.0,0.0,0.0,0.0,0.0,0.0,0.0,0.0,0.0,0,0.0,0.0,0.0,1
820,34.9867,0.0,0.0,0.0,0.0,0.0,0.0,0.0,0.0,0.0,0.0,0.0,0.0,0,0.0,0.0,0.0,1
821,35.0293,0.0,0.0,0.0,0.0,0.0,0.0,0.0,0.0,0.0,0.0,0.0,0.0,0,0.0,0.0,0.0,1
822,35.072,0.0,0.0,0.0,0.0,0.0,0.0,0.0,0.0,0.0,0.0,0.0,0.0,0,0.0,0.0,0.0,1
823,35.1147,0.0,0.0,0.0,0.0,0.0,0.0,0.0,0.0,0.0,0.0,0.0,0.0,0,0.0,0.0,0.0,1
