frame,time,centroid,spread,rolloff,slope,obsir_std,flatness,crest,skewness,kurtosis,tonality,entropy,tpr,n_peaks,flux,irregularity,zcr,gated
0,0.0,6332.62,6167.3859,13417.97,-6.8042641055,0.188955,0.407668,22.3219,1.1883,0.8414,0.064949,0.672788,-5.536515,144,0.0,2418.392,0.087901,0
1,0.0427,6160.72,6171.8692,13312.5,-6.6933580255,0.219728,0.409811,21.6209,1.2029,0.8067,0.064569,0.658535,-5.544966,153,0.433011,2474.5162,0.086558,0
2,0.0853,6491.7,6268.4868,13722.66,-6.8210575168,0.161624,0.406074,20.9306,1.1492,0.7468,0.065232,0.679132,-1.591686,155,0.424139,2322.149,0.088146,0
3,0.128,6295.15,6166.6875,13453.12,-6.8994857765,0.164121,0.394692,20.5364,1.1994,0.8707,0.06729,0.680868,-7.527697,172,0.414597,2529.7016,0.089733,0
4,0.1707,6487.58,6114.6414,13546.88,-6.2513132477,0.200993,0.448468,23.7471,1.0963,0.5695,0.058045,0.675678,-1.98719,172,0.43281,2346.1582,0.089122,0
5,0.2133,6144.26,6115.4894,13312.5,-6.5179789008,0.305431,0.415352,23.5442,1.1911,0.7596,0.063597,0.656285,-4.571838,169,0.460046,2320.71,0.081919,0
6,0.256,6241.71,6203.1535,13230.47,-6.3333015551,0.228342,0.424072,24.3469,1.1768,0.7208,0.062093,0.635167,-6.130636,158,0.442161,2343.4701,0.077646,0
7,0.2987,6572.83,6291.4145,13957.03,-7.1751081147,0.381469,0.378167,18.6985,1.1731,0.8357,0.070386,0.698903,-4.393799,171,0.438857,2488.8905,0.086436,0
8,0.3413,6303.63,6249.787,13617.19,-7.2912899677,0.238087,0.366576,17.8929,1.1783,0.8376,0.072639,0.666902,-3.931285,157,0.430979,2588.9404,0.090587,0
9,0.384,6236.73,6227.5687,13453.12,-7.0285897318,0.224856,0.384369,19.6643,1.2231,0.9399,0.069209,0.685055,-4.960861,174,0.42579,2537.8773,0.084117,0
10,0.4267,6170.17,6152.7674,13054.69,-7.5411691197,0.231921,0.353011,17.4941,1.25,1.096,0.075369,0.683987,-7.74498,154,0.441087,2614.4891,0.083384,0
11,0.4693,6251.71,6197.8568,13464.84,-6.3734644488,0.241453,0.435131,24.1358,1.1333,0.5685,0.06023,0.651881,-8.058626,159,0.457874,2175.0223,0.081797,0
12,0.512,6388.96,6161.9373,13218.75,-7.1716011198,0.28043,0.383792,19.4115,1.1985,0.9412,0.069317,0.699886,-6.146679,145,0.433441,2587.8914,0.081431,0
13,0.5547,6323.97,6213.1293,13523.44,-6.5457596865,0.135573,0.415314,22.5694,1.1427,0.6553,0.063604,0.664131,-3.892784,181,0.433109,2423.1177,0.079233,0
14,0.5973,6100.35,6091.837,12914.06,-6.3098236835,0.177544,0.432349,25.8784,1.1712,0.7194,0.060694,0.643307,-8.11762,157,0.463014,2207.8018,0.079111,0
15,0.64,6400.39,6200.2432,13488.28,-7.5768481332,0.184764,0.350696,16.7241,1.2227,1.04,0.075845,0.695659,-3.081217,141,0.446415,2724.254,0.086314,0
16,0.6827,6367.85,6187.7244,13347.66,-6.9624196901,0.1481,0.394549,19.6097,1.1918,0.8946,0.067317,0.687306,-3.005875,146,0.430747,2502.1783,0.078989,0
17,0.7253,6376.43,6214.8853,13558.59,-6.6796846351,0.23606,0.407812,20.9347,1.1246,0.6357,0.064923,0.66365,-6.069262,160,0.419194,2385.6302,0.082285,0
18,0.768,6243.88,6228.0116,13429.69,-6.4157534981,0.247028,0.423418,22.8784,1.1729,0.6683,0.062205,0.659786,-5.389567,148,0.441506,2278.336,0.084361,0
19,0.8107,6098.1,6170.4418,13195.31,-6.9093302419,0.192794,0.392582,21.3579,1.2273,0.9071,0.067678,0.664146,-3.840561,169,0.461665,2446.8234,0.077524,0
20,0.8533,6261.43,6192.677,13347.66,-6.4609725896,0.213801,0.421233,23.4491,1.1804,0.7387,0.06258,0.667409,-3.221941,187,0.455045,2475.8654,0.080698,0
21,0.896,6340.28,6160.0311,13476.56,-6.3971444512,0.174663,0.430609,22.811,1.1385,0.6205,0.060986,0.670147,-2.497888,167,0.45647,2228.7655,0.081919,0
22,0.9387,6357.47,6202.484,13535.16,-7.2359478912,0.173376,0.371177,18.3903,1.1809,0.8575,0.071736,0.679198,-3.243271,158,0.469743,2514.2707,0.079233,0
23,0.9813,6279.43,6256.8845,13453.12,-7.3887763231,0.171647,0.365629,17.8774,1.2083,0.9433,0.072827,0.681205,-5.667208,151,0.435064,2528.853,0.079844,0
24,1.024,6255.12,6160.5183,13289.06,-7.2270832582,0.203858,0.369804,18.6736,1.2293,1.0021,0.072005,0.678568,-2.255697,164,0.438011,2672.483,0.084727,0
25,1.0667,6219.05,6084.8888,13042.97,-6.9082052735,0.180721,0.391003,20.2087,1.2147,0.993,0.06797,0.679337,-5.674078,168,0.461013,2469.1632,0.086925,0
26,1.1093,6381.54,6154.585,13406.25,-7.2355574693,0.173403,0.374504,18.2098,1.186,0.9238,0.071091,0.68904,-7.27195,157,0.443415,2633.0085,0.087901,0
27,1.152,6254.58,6102.5094,13183.59,-6.3216450589,0.316293,0.427736,23.4481,1.136,0.6124,0.061471,0.662114,-2.26875,161,0.443979,2344.1658,0.08375,0
28,1.1947,6202.83,6168.8488,13183.59,-7.5594004843,0.17937,0.352279,16.8362,1.2584,1.1166,0.075519,0.690922,-6.565319,155,0.454698,2533.5004,0.083628,0
29,1.2373,6389.2,6188.2797,13394.53,-6.9014753824,0.128076,0.397021,20.7361,1.1763,0.813,0.066864,0.683214,-2.689298,159,0.468702,2511.5025,0.084605,0
30,1.28,6015.75,6096.4656,12796.88,-6.7495913158,0.165109,0.401742,22.325,1.2456,0.9542,0.066009,0.669536,-5.88025,143,0.449305,2401.9232,0.087169,0
31,1.3227,6347.89,6214.8756,13207.03,-7.2751710192,0.215462,0.368524,17.3585,1.2156,0.9746,0.072256,0.683888,-5.886353,149,0.451347,2543.3768,0.089977,0
32,1.3653,6355.74,6223.8725,13535.16,-6.7071414823,0.158889,0.40638,21.8131,1.1725,0.7846,0.065178,0.671485,-7.778832,160,0.44808,2530.4923,0.08082,0
33,1.408,6415.33,6288.4192,13523.44,-7.5812015372,0.197399,0.34481,16.5189,1.1987,0.9421,0.07707,0.688697,-6.969092,161,0.440553,2605.7265,0.083384,0
34,1.4507,6206.49,6169.1605,13207.03,-7.4294873608,0.27617,0.352561,17.0572,1.2438,1.047,0.075461,0.690187,-8.031069,167,0.455532,2811.7978,0.086925,0
35,1.4933,6476.14,6317.4808,13957.03,-7.2900254012,0.248904,0.370632,16.9035,1.1515,0.7624,0.071843,0.692487,-6.703784,158,0.450638,2605.2173,0.084849,0
36,1.536,6276.42,6134.4271,13394.53,-6.5180346396,0.207204,0.428199,24.0397,1.1695,0.7554,0.061392,0.656337,-5.323517,169,0.437024,2345.0041,0.086436,0
37,1.5787,6424.64,6255.6328,13535.16,-7.4987676557,0.236472,0.353252,16.1624,1.228,1.0014,0.075319,0.695556,-6.087303,175,0.421292,2748.9935,0.085338,0
38,1.6213,6320.2,6208.6423,13289.06,-7.0987411431,0.235233,0.377138,19.9449,1.2043,0.9113,0.070583,0.674182,-6.842415,151,0.433877,2484.4462,0.083262,0
39,1.664,6448.91,6249.5372,13734.38,-7.2330362207,0.2831,0.371521,18.1283,1.175,0.868,0.071669,0.68937,-6.38863,124,0.444066,2598.5442,0.081675,0
40,1.7067,6218.44,6083.1452,13195.31,-6.2196340821,0.311706,0.437915,25.8164,1.1636,0.7166,0.059768,0.659825,-5.77249,147,0.459886,2307.283,0.080698,0
41,1.7493,6197.18,6238.672,13359.38,-6.9382575478,0.225,0.388508,20.5078,1.1966,0.8194,0.068433,0.667289,-6.712976,147,0.441457,2417.525,0.078623,0
42,1.792,5978.27,6056.3026,12972.66,-6.1048770005,0.290891,0.448631,27.0027,1.1859,0.6679,0.058018,0.623214,-4.156262,153,0.450407,2150.1604,0.078745,0
43,1.8347,6287.88,6293.5744,13558.59,-6.5654636134,0.182128,0.423582,23.003,1.1529,0.636,0.062177,0.657079,-3.795916,178,0.437342,2410.9194,0.079844,0
44,1.8773,6297.49,6162.3454,13535.16,-6.4624578462,0.257814,0.425954,24.193,1.1487,0.6698,0.061773,0.66335,-6.678815,154,0.446924,2312.9618,0.079966,0
45,1.92,6372.08,6164.8451,13453.12,-6.9907202018,0.286973,0.383351,20.0685,1.2096,0.9204,0.069401,0.682335,-1.177343,194,0.455416,2518.4957,0.082285,0
46,1.9627,6220.3,6172.4506,13382.81,-6.8630203921,0.284443,0.390925,19.4041,1.2044,0.8317,0.067984,0.663197,-3.535302,173,0.468989,2402.8403,0.083506,0
47,2.0053,6197.56,6188.2697,13312.5,-6.9122135889,0.205831,0.395211,20.3562,1.2133,0.8565,0.067195,0.665116,-6.249395,133,0.442213,2472.4933,0.079844,0
48,2.048,6053.59,6056.5076,13007.81,-6.3384670253,0.270664,0.437484,25.814,1.1939,0.7376,0.05984,0.655112,-4.039909,163,0.423567,2297.3856,0.079233,0
49,2.0907,6211.9,6181.8957,13300.78,-7.0105120322,0.288751,0.383873,19.2393,1.193,0.8343,0.069302,0.66852,-3.798145,192,0.442624,2592.1196,0.085704,0
50,2.1333,6470.4,6252.9118,13769.53,-6.8625216995,0.189663,0.396563,19.6959,1.1266,0.6619,0.066948,0.681105,-4.234692,145,0.445719,2553.9112,0.088512,0
51,2.176,6391.98,6215.5745,13605.47,-6.9817982804,0.190753,0.389552,20.322,1.1784,0.8353,0.068239,0.682998,-4.319833,152,0.443687,2548.3313,0.088268,0
52,2.2187,6479.37,6261.6137,13910.16,-7.1411714455,0.201098,0.375102,17.9939,1.1755,0.8299,0.070975,0.689496,-6.293105,167,0.442313,2680.3317,0.081797,0
53,2.2613,6149.11,6139.7984,13160.16,-7.0681396788,0.242048,0.384421,19.1032,1.2403,1.0096,0.069199,0.677417,-5.696223,158,0.459373,2513.6412,0.074716,0
54,2.304,6061.05,6167.2815,12996.09,-6.8965261258,0.366233,0.383799,20.5174,1.278,1.0842,0.069316,0.662112,-3.892198,145,0.439256,2621.2909,0.079355,0
55,2.3467,6157.3,6220.1752,13394.53,-6.9311283841,0.319888,0.384478,20.4804,1.2028,0.8216,0.069188,0.670286,-3.895496,166,0.448423,2456.0727,0.085338,0
56,2.3893,6269.35,6197.2189,13453.12,-6.7127280139,0.201236,0.413029,23.103,1.1545,0.703,0.064003,0.668753,-8.92053,132,0.434037,2392.2114,0.087047,0
57,2.432,6366.04,6215.0269,13546.88,-7.3079444586,0.188453,0.361538,17.8922,1.2103,0.985,0.073641,0.674555,-7.102781,161,0.419022,2644.0472,0.08253,0
58,2.4747,6214.41,6203.3033,13476.56,-6.883731815,0.301543,0.387948,20.0574,1.1782,0.782,0.068538,0.656808,-5.552031,165,0.437147,2494.2651,0.085338,0
59,2.5173,6441.13,6290.7709,13652.34,-7.5217241953,0.344616,0.355733,17.2579,1.1971,0.924,0.074813,0.693152,-5.480539,149,0.442882,2546.6134,0.085338,0
60,2.56,6405.27,6278.7468,13675.78,-7.4194228382,0.271995,0.357803,16.7513,1.2215,0.9529,0.074393,0.696026,-3.940497,174,0.420054,2554.7969,0.08839,0
61,2.6027,6307.95,6124.7271,13406.25,-6.4401579833,0.230869,0.430099,24.9044,1.1906,0.8015,0.061072,0.669802,-4.838671,158,0.446344,2343.0711,0.085093,0
62,2.6453,6105.33,6199.0978,13183.59,-7.2198489751,0.244982,0.368982,18.7896,1.2508,1.0189,0.072166,0.672231,-5.326491,152,0.433086,2506.7808,0.074594,0
63,2.688,6175.44,6197.5897,13160.16,-7.0057488127,0.092671,0.38196,20.3696,1.2148,0.942,0.069664,0.659821,-8.953257,161,0.448321,2481.9144,0.08021,0
64,2.7307,6550.96,6302.4105,13769.53,-7.5452125891,0.204758,0.344005,16.0009,1.1738,0.9112,0.077239,0.696247,-8.566242,178,0.445482,2736.765,0.087413,0
65,2.7733,6129.58,6083.881,12949.22,-6.7822615236,0.259667,0.400182,22.4503,1.2414,0.9907,0.06629,0.659542,-5.944561,157,0.433118,2400.9813,0.09193,0
66,2.816,6377.55,6222.084,13476.56,-7.5787467871,0.197811,0.353577,17.3988,1.2151,1.0317,0.075253,0.687926,-5.887097,141,0.444424,2502.2603,0.093151,0
67,2.8587,6548.53,6198.4421,13500.0,-7.2379380808,0.201681,0.371483,18.1508,1.174,0.8791,0.071677,0.706076,-3.7598,153,0.414101,2694.7367,0.087291,0
68,2.9013,6128.6,6267.8656,13359.38,-7.2415028161,0.198712,0.365193,18.0353,1.2417,0.9611,0.072913,0.665048,-7.962162,134,0.447287,2519.4202,0.084849,0
69,2.944,6367.53,6161.5036,13277.34,-6.9818081934,0.186356,0.386891,20.4112,1.1661,0.8395,0.068735,0.680408,-7.171019,161,0.443876,2554.9239,0.084239,0
70,2.9867,6277.41,6192.8142,13570.31,-6.3919073105,0.225173,0.428172,24.427,1.1477,0.661,0.061397,0.637626,-5.405062,150,0.44716,2217.306,0.08021,0
71,3.0293,6218.6,6176.9587,13195.31,-7.1318856199,0.378313,0.383511,19.0362,1.2122,0.907,0.06937,0.67289,-7.100351,163,0.454207,2574.2212,0.080454,0
72,3.072,6161.01,6132.1756,13031.25,-6.9357786313,0.268078,0.393375,21.0576,1.2244,0.9887,0.067532,0.664695,-4.580534,179,0.449943,2385.5743,0.084361,0
73,3.1147,6225.07,6130.7494,13113.28,-6.1820473809,0.168099,0.449037,27.5173,1.1501,0.6463,0.057953,0.653313,-1.2444,174,0.44828,2091.8738,0.083506,0
74,3.1573,6234.14,6146.0199,13289.06,-6.4479012962,0.287178,0.420408,23.8367,1.1476,0.6653,0.062721,0.648142,-4.657251,157,0.448058,2231.9758,0.078501,0
75,3.2,6250.02,6162.3298,13359.38,-6.3633537708,0.236881,0.431799,24.8641,1.1453,0.6315,0.060786,0.654086,-2.813524,177,0.439208,2232.7088,0.079355,0
76,3.2427,6079.98,6124.7842,13113.28,-6.5769131764,0.213524,0.415148,23.0357,1.1972,0.7822,0.063633,0.646757,-7.361457,164,0.435734,2323.8077,0.079722,0
77,3.2853,6166.38,6230.2281,13347.66,-7.0076818602,0.271131,0.386459,19.8991,1.2225,0.8871,0.068816,0.663594,-4.62028,174,0.450847,2305.588,0.083995,0
78,3.328,6238.87,6093.4548,13218.75,-6.4928999688,0.240931,0.428125,23.5107,1.173,0.7178,0.061405,0.673332,-1.367786,162,0.47357,2198.3859,0.080942,0
79,3.3707,6230.52,6079.9813,13089.84,-6.0698531968,0.273804,0.450784,28.1374,1.148,0.645,0.057672,0.651662,-2.209249,135,0.448304,2251.9724,0.079233,0
80,3.4133,6146.29,6219.4677,13242.19,-7.1538872366,0.188911,0.373701,19.443,1.2233,0.9243,0.071246,0.657076,-4.064349,172,0.42933,2540.6083,0.085338,0
81,3.456,6264.89,6246.7811,13523.44,-6.5506446154,0.339058,0.414925,23.0765,1.1487,0.6558,0.063672,0.647258,-5.792727,169,0.433122,2309.5065,0.08375,0
82,3.4987,6304.87,6282.8641,13406.25,-7.5966323173,0.22527,0.344133,16.374,1.2444,1.0784,0.077212,0.681684,-5.287506,152,0.446695,2653.0232,0.083873,0
83,3.5413,6411.62,6275.6532,13429.69,-7.2864566093,0.280809,0.361305,17.363,1.2174,0.982,0.073688,0.690301,-6.27293,162,0.438081,2554.9283,0.087657,0
84,3.584,6507.33,6271.8179,13957.03,-6.852312009,0.22098,0.400426,20.0882,1.1435,0.6952,0.066246,0.692192,-6.667552,157,0.428481,2542.1131,0.084361,0
85,3.6267,6232.42,6201.1207,13277.34,-6.9739982578,0.241719,0.387759,20.5079,1.2083,0.8719,0.068573,0.665246,-7.130428,162,0.407655,2430.1754,0.082408,0
86,3.6693,6098.79,6141.2353,12972.66,-7.4491594468,0.284609,0.353119,17.4423,1.2801,1.1465,0.075347,0.676144,-3.184651,152,0.437446,2607.2123,0.087535,0
87,3.712,6244.88,6144.5372,13101.56,-6.9212106696,0.218679,0.387159,20.2556,1.1902,0.9256,0.068685,0.665769,-5.84189,124,0.436758,2396.4488,0.087779,0
88,3.7547,6524.28,6241.7203,13664.06,-7.7442216037,0.239597,0.343083,15.1535,1.2037,1.0167,0.077433,0.707068,-3.719216,156,0.435332,2535.4601,0.087535,0
89,3.7973,6131.5,6133.3119,13089.84,-6.5001165499,0.127681,0.417324,23.2395,1.1756,0.7427,0.063254,0.650706,-3.247085,158,0.422772,2359.9385,0.084483,0
90,3.84,6202.94,6160.532,12867.19,-6.8229267407,0.249773,0.39151,21.4527,1.2123,0.9579,0.067876,0.661775,-10.027124,159,0.445355,2455.7804,0.079233,0
91,3.8827,6234.58,6266.3062,13488.28,-7.360084037,0.26704,0.357344,17.2974,1.223,0.9739,0.074486,0.672546,-5.315774,152,0.444658,2494.6354,0.084971,0
92,3.9253,6567.32,6183.7311,13910.16,-6.2500709527,0.22202,0.434999,24.357,1.0957,0.548,0.060252,0.686752,-3.567941,157,0.438681,2356.1078,0.090343,0
93,3.968,6473.32,6290.8795,13851.56,-7.5165012848,0.229535,0.351501,16.2922,1.1519,0.8058,0.075679,0.682111,-6.932736,159,0.44705,2697.697,0.085215,0
94,4.0107,6389.94,6198.3057,13558.59,-6.5544660739,0.245268,0.42101,21.9917,1.1465,0.6547,0.062618,0.682877,-7.857182,160,0.43708,2482.765,0.081675,0
95,4.0533,6035.45,6166.4569,13183.59,-6.7524194344,0.265621,0.394591,22.0048,1.2369,0.8836,0.067309,0.664557,-6.732241,149,0.447843,2364.6554,0.08607,0
96,4.096,6314.86,6196.8629,13582.03,-7.2332635064,0.263875,0.370634,17.2877,1.2108,0.9088,0.071842,0.686092,-7.182347,163,0.468779,2557.4766,0.08839,0
97,4.1387,6280.86,6163.2941,13136.72,-7.083661937,0.238048,0.381734,18.939,1.1961,0.9153,0.069707,0.680339,-6.333803,161,0.452511,2637.2588,0.091808,0
98,4.1813,6323.18,6206.5902,13382.81,-7.3761575097,0.262548,0.370705,18.0299,1.2165,0.9577,0.071829,0.697652,-8.652499,128,0.442148,2542.7937,0.091076,0
99,4.224,6421.11,6249.0906,13699.22,-7.2535858172,0.25871,0.367239,18.3551,1.1605,0.8153,0.072509,0.691118,-4.121927,141,0.420945,2720.8089,0.085215,0
100,4.2667,6482.81,6299.7751,13628.91,-7.1905180382,0.259152,0.3768,18.1199,1.1522,0.7812,0.070648,0.687469,-9.20999,147,0.431761,2559.1966,0.08546,0
101,4.3093,6494.83,6285.1447,13746.09,-6.9909862018,0.2188,0.394419,19.956,1.1622,0.7961,0.06734,0.676231,-4.187094,159,0.429944,2488.4146,0.087779,0
102,4.352,6405.68,6233.3728,13640.62,-6.9245214856,0.234967,0.40015,20.3961,1.1502,0.7179,0.066296,0.684552,-7.235573,144,0.439203,2349.2558,0.088756,0
103,4.3947,6181.06,6172.6341,13218.75,-7.3042465564,0.184731,0.371165,18.4711,1.2477,1.0351,0.071739,0.685928,-8.224616,142,0.454236,2497.8117,0.087779,0
104,4.4373,6235.95,6140.8928,13253.91,-6.3430642834,0.173236,0.432052,24.4854,1.1543,0.6391,0.060744,0.663891,-4.617283,153,0.453201,2235.1826,0.085582,0
105,4.48,6262.35,6219.8888,13359.38,-7.0736204631,0.20487,0.372293,18.1227,1.1948,0.8896,0.071519,0.66188,-2.667721,189,0.455243,2646.9342,0.083995,0
106,4.5227,6405.63,6233.408,13617.19,-7.3920719584,0.213002,0.361321,16.5464,1.1973,0.9091,0.073684,0.691995,-6.467777,180,0.453575,2540.3049,0.092663,0
107,4.5653,6387.04,6190.3571,13628.91,-6.6695688088,0.252398,0.407647,22.0764,1.1641,0.7357,0.064953,0.668955,-3.538808,169,0.450484,2444.454,0.089611,0
108,4.608,6390.94,6241.8753,13371.09,-7.4575024444,0.31919,0.356057,16.5157,1.2027,0.9487,0.074747,0.685676,-7.332108,156,0.443716,2655.5297,0.088268,0
109,4.6507,6517.81,6217.3806,13710.94,-7.4142872973,0.162338,0.362995,18.0119,1.1637,0.896,0.07335,0.701001,-6.290417,139,0.415536,2718.7602,0.089733,0
110,4.6933,6277.85,6123.2782,13464.84,-6.01195191,0.236715,0.457875,27.3372,1.0953,0.4441,0.056542,0.649589,-1.699734,155,0.442919,2148.4628,0.087413,0
111,4.736,6503.33,6306.6211,13734.38,-7.6517669245,0.198408,0.340133,15.7522,1.1756,0.8987,0.078059,0.691563,-5.043259,167,0.445213,2705.0936,0.089733,0
112,4.7787,6432.39,6165.9582,13488.28,-6.84310629,0.261404,0.391767,21.0444,1.185,0.891,0.067829,0.679102,-2.961372,164,0.443081,2606.4875,0.086803,0
113,4.8213,6126.44,6062.0483,12832.03,-6.8296343753,0.111685,0.400205,21.1165,1.2028,0.94,0.066286,0.668016,-6.650199,158,0.440733,2487.2319,0.082652,0
114,4.864,6184.79,6169.8221,13195.31,-6.972957485,0.159325,0.38792,19.2877,1.1895,0.8244,0.068543,0.657493,-4.172979,173,0.440908,2490.9164,0.083628,0
115,4.9067,6292.92,6165.459,13476.56,-6.8969059187,0.266887,0.397389,20.3453,1.2094,0.8719,0.066797,0.685137,-5.458609,183,0.456449,2590.8479,0.090465,0
116,4.9493,6253.4,6031.55,13125.0,-6.8869222385,0.364452,0.393823,21.9177,1.1923,0.9285,0.06745,0.685218,-3.615299,160,0.446542,2382.1583,0.09193,0
117,4.992,6294.45,6231.4483,13582.03,-6.9320934973,0.233807,0.394019,19.9619,1.1888,0.7967,0.067414,0.677618,-3.745338,182,0.442066,2428.214,0.085826,0
118,5.0347,6364.13,6220.2259,13664.06,-6.2844364126,0.232343,0.439259,24.9033,1.145,0.6237,0.059547,0.662267,-4.100967,154,0.436077,2290.7141,0.083384,0
119,5.0773,6251.66,6239.6704,13324.22,-7.410247586,0.183806,0.356432,17.9234,1.2261,0.9895,0.07467,0.67833,-4.206136,161,0.443575,2513.0746,0.087413,0
120,5.12,6319.69,6183.1209,13476.56,-6.6398307288,0.193564,0.412697,21.4681,1.1712,0.7336,0.064061,0.669737,-4.435563,160,0.431494,2377.1884,0.086558,0
121,5.1627,6246.88,6149.1366,13464.84,-6.804812415,0.292806,0.399048,21.2844,1.1927,0.8506,0.066496,0.666064,-7.107365,137,0.457316,2484.6055,0.084605,0
122,5.2053,6181.14,6183.7352,13300.78,-7.4968830471,0.183036,0.351578,16.2576,1.238,1.0339,0.075663,0.688767,-7.476706,176,0.452536,2685.2877,0.084971,0
123,5.248,6245.21,6192.1665,13183.59,-7.3836925853,0.19091,0.355381,16.8877,1.2617,1.1275,0.074884,0.683015,-5.810264,178,0.464519,2617.4176,0.087047,0
124,5.2907,6540.71,6257.7107,13828.12,-7.6611051699,0.19894,0.342741,15.6733,1.1851,0.959,0.077506,0.704539,-3.493238,175,0.446336,2605.0963,0.090709,0
125,5.3333,6225.85,6198.3916,13253.91,-7.2147941521,0.247302,0.370018,18.7009,1.2318,0.9842,0.071963,0.675493,-6.346877,152,0.441234,2506.1252,0.084483,0
126,5.376,6127.64,6130.9169,12984.38,-7.3193272288,0.212179,0.367361,17.8175,1.2493,1.0595,0.072484,0.678146,-10.608023,137,0.448097,2553.4942,0.079355,0
127,5.4187,6207.09,6179.7654,13324.22,-6.7547170663,0.227794,0.404865,20.5602,1.1819,0.7785,0.065448,0.670382,-8.189632,140,0.437283,2402.1999,0.084971,0
128,5.4613,6380.6,6318.6807,13640.62,-7.4428868391,0.267066,0.353531,16.059,1.2084,0.8965,0.075262,0.686566,-5.116657,160,0.423076,2518.3429,0.086681,0
129,5.504,6320.13,6254.8565,13511.72,-7.094307885,0.286585,0.376259,19.1013,1.1939,0.8653,0.070752,0.67412,-5.000632,148,0.420665,2591.2775,0.084727,0
130,5.5467,6534.45,6332.1251,13957.03,-7.3758362248,0.209672,0.364148,17.755,1.1652,0.7977,0.07312,0.687267,-3.11235,158,0.432207,2590.0449,0.084117,0
131,5.5893,6456.87,6279.6142,13699.22,-7.4994024265,0.221551,0.354891,17.0934,1.1783,0.8839,0.074984,0.692968,-8.15744,134,0.427141,2610.5539,0.086925,0
132,5.632,6394.9,6264.5889,13699.22,-7.2586097117,0.216485,0.37339,18.2049,1.1867,0.8829,0.071306,0.683193,-7.585377,151,0.425583,2660.7752,0.084605,0
133,5.6747,6241.75,6250.9082,13746.09,-6.6970257651,0.166749,0.410954,23.0829,1.1782,0.7613,0.064368,0.639114,-2.692137,161,0.430798,2578.1358,0.077036,0
134,5.7173,6158.14,6140.1671,13277.34,-6.2462480951,0.292879,0.434605,25.4197,1.1507,0.6377,0.060317,0.627531,-8.412751,154,0.426711,2303.5203,0.082041,0
135,5.76,6205.84,6164.3548,13031.25,-7.367225545,0.184317,0.361334,17.1502,1.2435,1.0572,0.073682,0.679635,-3.737303,144,0.449364,2616.1362,0.083506,0
136,5.8027,6259.95,6201.9807,13335.94,-7.0189440839,0.124972,0.383103,19.6226,1.1958,0.8365,0.069447,0.676909,-4.434807,148,0.452519,2504.6322,0.078379,0
137,5.8453,6227.97,6071.4765,13078.12,-6.2356254375,0.317802,0.439854,25.416,1.1527,0.7123,0.059449,0.631779,-3.574408,168,0.47021,2176.1449,0.079355,0
138,5.888,6301.03,6163.1194,13441.41,-6.4051611135,0.185857,0.421203,24.3092,1.1261,0.615,0.062585,0.639993,-0.820734,160,0.450128,2350.4514,0.085704,0
139,5.9307,6270.29,6255.4452,13347.66,-7.6823211473,0.160739,0.338781,16.157,1.2273,1.0291,0.078347,0.675445,-6.227157,155,0.462707,2590.3199,0.088634,0
140,5.9733,6354.91,6192.0712,13523.44,-7.1786973306,0.27188,0.374672,18.6614,1.1929,0.8983,0.071058,0.680108,-6.577217,142,0.436552,2417.3963,0.085582,0
141,6.016,6218.02,6081.3539,13335.94,-6.4367751884,0.258877,0.427092,23.2815,1.1702,0.6868,0.06158,0.661772,-5.766672,151,0.44221,2338.7705,0.084117,0
142,6.0587,5958.09,6066.2014,12949.22,-6.5946173522,0.210129,0.420014,22.8741,1.2071,0.7652,0.062789,0.659388,-3.235599,160,0.4601,2194.0332,0.084361,0
143,6.1013,6237.54,6122.3327,13289.06,-6.514212406,0.213291,0.419873,24.3433,1.2023,0.8428,0.062814,0.666903,-4.378559,169,0.487846,2482.3518,0.085704,0
144,6.144,6385.32,6288.4419,13851.56,-6.8173766789,0.237458,0.398177,20.8373,1.1643,0.738,0.066654,0.669438,-5.916608,158,0.450197,2495.7803,0.08607,0
145,6.1867,6263.99,6185.016,13265.62,-6.9864264894,0.217479,0.387291,19.3675,1.1963,0.8554,0.06866,0.674807,-5.676289,148,0.429693,2485.6049,0.081431,0
146,6.2293,6396.34,6147.0948,13546.88,-6.3865442682,0.298878,0.430434,23.7837,1.1481,0.67,0.061016,0.669826,-7.435213,145,0.42053,2309.7733,0.081675,0
147,6.272,6390.72,6241.4262,13628.91,-7.4350716425,0.306046,0.363178,16.6773,1.2024,0.9123,0.073313,0.693119,-5.051573,164,0.438175,2513.1931,0.081797,0
148,6.3147,6415.62,6222.8845,13429.69,-7.4742078158,0.252478,0.361208,17.4072,1.2331,1.0405,0.073707,0.705992,-4.862348,187,0.418391,2603.4349,0.083995,0
149,6.3573,6365.12,6143.0632,13289.06,-7.3009424885,0.29951,0.365827,18.2683,1.23,1.0364,0.072787,0.700357,-7.706908,157,0.42346,2587.0165,0.088634,0
150,6.4,6082.92,6064.0453,13042.97,-6.0362679913,0.212605,0.458574,27.8766,1.1692,0.6524,0.056432,0.637948,-2.578067,150,0.455685,2058.5504,0.084727,0
151,6.4427,6296.28,6169.1518,13300.78,-6.7804511225,0.173485,0.40081,21.7291,1.1716,0.8238,0.066177,0.665066,-3.857142,176,0.463555,2466.2509,0.089733,0
152,6.4853,6344.03,6199.3695,13265.62,-7.3816344812,0.284932,0.364115,16.8516,1.2086,0.9492,0.073127,0.69375,-6.869352,150,0.432996,2529.3769,0.090953,0
153,6.528,6205.34,6209.4511,13218.75,-6.9843427766,0.258194,0.383093,19.8304,1.2338,0.9695,0.069449,0.658961,-6.264886,169,0.463216,2452.3158,0.084483,0
154,6.5707,6291.17,6139.9552,13125.0,-7.1187901642,0.234188,0.376542,19.8009,1.2234,0.9872,0.070698,0.685755,-2.652359,177,0.43044,2622.3309,0.085704,0
155,6.6133,6412.63,6218.343,13382.81,-7.6222573497,0.26365,0.348151,16.1653,1.213,1.0453,0.076372,0.693926,-4.61671,166,0.435833,2686.903,0.082041,0
156,6.656,6214.65,6219.0909,13312.5,-7.1203953378,0.218268,0.371725,19.9345,1.2246,0.9664,0.07163,0.660345,-5.481947,173,0.432019,2519.7707,0.081187,0
157,6.6987,6293.31,6102.5872,13125.0,-7.48918128,0.218445,0.354765,17.2031,1.2178,1.0537,0.07501,0.691933,-3.44232,145,0.471232,2595.4071,0.090831,0
158,6.7413,6443.1,6208.4228,13570.31,-7.5522650291,0.283793,0.352892,16.6589,1.1976,0.9987,0.075393,0.697656,-3.102062,150,0.435323,2594.3259,0.09132,0
159,6.784,6171.37,6165.4183,13207.03,-7.1464636203,0.149735,0.371344,19.8257,1.2501,1.0697,0.071704,0.67267,-3.595297,167,0.441491,2503.3637,0.086314,0
160,6.8267,6326.17,6214.3486,13582.03,-6.9178661238,0.273238,0.396073,20.2261,1.1725,0.7639,0.067037,0.675469,-3.381884,168,0.446486,2495.1447,0.087047,0
161,6.8693,6245.77,6175.2363,13324.22,-6.7595296155,0.15612,0.403869,21.6245,1.1933,0.8559,0.065627,0.662278,-3.009932,175,0.451955,2468.1176,0.086803,0
162,6.912,6248.63,6170.9268,13113.28,-6.9190718267,0.18794,0.389023,20.6451,1.2108,0.9077,0.068337,0.670642,-2.476806,160,0.44139,2357.3634,0.084483,0
163,6.9547,6375.3,6257.7049,13710.94,-6.8186706038,0.275496,0.405105,20.3106,1.1708,0.7248,0.065405,0.67797,-5.380916,160,0.45307,2457.3641,0.090953,0
164,6.9973,6098.79,6148.2876,13054.69,-6.8940701414,0.410644,0.39052,20.4288,1.242,0.9707,0.068059,0.654815,-4.572802,148,0.442282,2449.4419,0.088634,0
165,7.04,6278.58,6192.22,13593.75,-6.6315072691,0.231201,0.41485,23.8893,1.1756,0.7448,0.063685,0.664527,-5.641653,178,0.466942,2394.7512,0.084117,0
166,7.0827,6315.58,6214.4871,13417.97,-7.3436914007,0.194254,0.369524,17.3739,1.1911,0.86,0.072059,0.686358,-4.455313,156,0.425281,2653.2346,0.087291,0
167,7.1253,6473.34,6195.0309,13476.56,-7.5396955286,0.197996,0.363878,17.1496,1.1792,0.9267,0.073174,0.705914,-7.752339,146,0.429062,2551.1858,0.089,0
168,7.168,6367.19,6193.9653,13488.28,-6.6907492738,0.24717,0.413807,20.9857,1.1479,0.7013,0.063867,0.682403,-4.171629,161,0.432457,2375.0719,0.088268,0
169,7.2107,6276.7,6169.5348,13242.19,-6.6951126012,0.20282,0.41087,21.501,1.1717,0.7877,0.064383,0.664753,-9.619513,157,0.436224,2403.7686,0.086192,0
170,7.2533,6479.07,6196.6699,13628.91,-6.8997183044,0.214443,0.400857,20.1957,1.1375,0.7077,0.066168,0.694591,-4.102817,157,0.413952,2415.1024,0.088268,0
171,7.296,6648.46,6259.9024,13804.69,-7.2168539559,0.222462,0.378909,18.4119,1.145,0.7972,0.070244,0.707789,-4.168621,162,0.422363,2591.7504,0.095959,0
172,7.3387,6640.07,6311.7848,14074.22,-7.1314621996,0.266561,0.373038,18.3696,1.1305,0.7182,0.071375,0.685992,-4.802632,149,0.416228,2568.9123,0.096814,0
173,7.3813,6254.96,6169.9721,13523.44,-6.3247581281,0.299897,0.437395,23.9061,1.1257,0.5586,0.059854,0.653453,-4.178863,142,0.469568,2200.7635,0.085093,0
174,7.424,6172.64,6159.429,13359.38,-6.1175536204,0.187222,0.448589,26.8174,1.1568,0.6129,0.058025,0.62122,-0.574136,163,0.476058,2178.88,0.083995,0
175,7.4667,6376.64,6152.0218,13488.28,-6.6196356916,0.161599,0.415642,22.3882,1.1595,0.7448,0.063547,0.675623,-4.900667,159,0.451773,2334.3662,0.089611,0
176,7.5093,6327.97,6244.5957,13453.12,-6.7907369665,0.156341,0.403545,21.4499,1.159,0.758,0.065685,0.667692,-4.311588,148,0.435619,2334.8552,0.087657,0
177,7.552,6404.8,6187.4428,13582.03,-6.2012974541,0.283826,0.444407,24.3042,1.0905,0.4961,0.058703,0.65519,-3.206297,165,0.438952,2220.0199,0.084971,0
178,7.5947,6179.3,6165.1437,13300.78,-6.4410147986,0.154592,0.422994,23.586,1.1756,0.7113,0.062278,0.644017,-9.318804,151,0.461877,2297.7052,0.079722,0
179,7.6373,6221.74,6106.7816,13242.19,-6.1703240068,0.198212,0.445816,27.4677,1.1359,0.5725,0.058474,0.645247,-5.87993,159,0.441281,2279.1173,0.077402,0
180,7.68,6200.77,6103.6123,13183.59,-6.114426763,0.22422,0.450352,28.0428,1.159,0.6543,0.057741,0.651129,-0.119217,155,0.440264,2167.0592,0.080088,0
181,7.7227,6071.0,6164.4431,13171.88,-6.5695374483,0.272468,0.412022,22.9464,1.2084,0.8095,0.06418,0.646308,-2.696306,173,0.43055,2313.8178,0.081553,0
182,7.7653,6466.33,6251.2391,13792.97,-7.3026705264,0.218936,0.364369,16.4885,1.1633,0.8233,0.073076,0.693494,-7.41794,146,0.4741,2606.0772,0.085948,0
183,7.808,6302.27,6138.903,13335.94,-6.6823946214,0.280233,0.413279,22.8382,1.1761,0.8126,0.063959,0.671208,-3.314455,172,0.45119,2419.145,0.083384,0
184,7.8507,6205.99,6180.1928,13148.44,-7.4704291061,0.180704,0.360595,17.8786,1.2176,0.992,0.07383,0.673696,-8.700572,148,0.437626,2524.3222,0.08082,0
185,7.8933,6256.72,6242.9922,13441.41,-7.3905914158,0.222245,0.357157,18.1032,1.2276,1.0131,0.074524,0.663286,-5.852306,146,0.451322,2624.0029,0.083262,0
186,7.936,6128.77,6152.1213,13183.59,-6.3535164898,0.228749,0.425341,24.0031,1.1789,0.7158,0.061877,0.649562,-3.046896,167,0.445632,2366.0072,0.080576,0
187,7.9787,6446.57,6246.5925,13875.0,-6.8881160236,0.27411,0.39872,20.2505,1.1385,0.6742,0.066555,0.678875,-3.149718,168,0.445301,2542.2497,0.083873,0
188,8.0213,6249.78,6147.4491,13535.16,-5.868299267,0.229834,0.465611,27.385,1.1032,0.455,0.055329,0.637591,-1.063385,168,0.415994,2106.0634,0.082408,0
189,8.064,6089.06,6106.362,12996.09,-6.1674332875,0.216319,0.446621,26.2714,1.179,0.6898,0.058344,0.650153,-4.375308,167,0.434994,2209.6794,0.082774,0
190,8.1067,6198.24,6171.8734,13535.16,-6.8686428686,0.228656,0.398237,21.4544,1.2042,0.8479,0.066643,0.665132,-1.906964,156,0.451717,2475.8034,0.086925,0
191,8.1493,6435.11,6212.6496,13628.91,-7.4046850139,0.227934,0.36112,16.7642,1.2092,0.9799,0.073725,0.69975,-5.743749,165,0.441817,2580.9123,0.092296,0
192,8.192,6279.92,6232.8883,13511.72,-7.0427771121,0.240675,0.389011,18.3036,1.181,0.7786,0.06834,0.679325,-3.88638,159,0.426205,2433.4565,0.092419,0
193,8.2347,6420.43,6244.9646,13675.78,-6.9237185284,0.144391,0.391573,19.2896,1.1585,0.755,0.067865,0.679927,-10.678985,141,0.429853,2537.3568,0.08253,0
194,8.2773,6152.4,6221.9464,13324.22,-6.8150854238,0.236321,0.400069,21.409,1.2183,0.8333,0.066311,0.662157,-3.730377,163,0.457643,2372.6731,0.077646,0
195,8.32,6170.21,6204.8116,13324.22,-6.6365775146,0.38807,0.408612,22.2598,1.2023,0.8112,0.064782,0.651657,-4.168233,158,0.410359,2385.9303,0.077524,0
196,8.3627,6270.95,6181.1865,13429.69,-6.8114379203,0.227412,0.398482,21.7362,1.1766,0.7915,0.066599,0.670898,-7.399306,161,0.44453,2539.9593,0.083018,0
197,8.4053,6171.13,6193.0358,12996.09,-7.2524000135,0.286055,0.364254,17.8121,1.2316,1.0222,0.073099,0.668098,-5.527825,162,0.460789,2591.2092,0.08546,0
198,8.448,5963.35,6097.0174,13007.81,-6.8661025155,0.300999,0.392697,20.9713,1.2429,0.9413,0.067657,0.651002,-6.559575,149,0.454442,2356.1237,0.079966,0
199,8.4907,6213.6,6185.4345,13160.16,-7.3733575209,0.264461,0.361362,17.4735,1.2402,1.0587,0.073676,0.679658,-5.58925,165,0.435816,2676.3864,0.079966,0
200,8.5333,6323.7,6208.7704,13429.69,-7.2371064746,0.209088,0.369535,18.0901,1.228,1.0056,0.072057,0.687863,-6.67721,139,0.441979,2750.8327,0.084483,0
201,8.576,6254.11,6128.2136,13148.44,-6.6642180054,0.180971,0.407344,21.8287,1.1967,0.8445,0.065006,0.674892,-5.570298,184,0.457509,2521.8983,0.081431,0
202,8.6187,6142.26,6089.9996,13113.28,-6.9396967204,0.249126,0.391852,20.2358,1.2222,0.955,0.067813,0.671399,-2.008493,186,0.433767,2511.318,0.078135,0
203,8.6613,6190.53,6154.5728,13324.22,-6.2292995587,0.222945,0.441951,25.5652,1.1531,0.5955,0.059104,0.65792,-2.841057,155,0.424653,2155.9094,0.079355,0
204,8.704,6381.7,6304.1714,13804.69,-6.7408220112,0.281891,0.40507,23.0371,1.1473,0.6922,0.065412,0.665557,-5.30065,163,0.426715,2496.6192,0.082285,0
205,8.7467,6325.36,6247.4407,13558.59,-6.7112415529,0.189365,0.4101,21.4634,1.177,0.7502,0.064518,0.668548,-7.894934,145,0.413231,2394.6656,0.082285,0
206,8.7893,6341.88,6213.2654,13488.28,-6.8430925573,0.189403,0.402675,20.6076,1.1517,0.7157,0.065841,0.680953,-5.308835,163,0.442616,2457.3078,0.084361,0
207,8.832,6500.39,6218.7623,13617.19,-7.246885594,0.160669,0.371959,18.1208,1.1298,0.7385,0.071584,0.678844,-3.135931,178,0.439695,2680.9737,0.089488,0
208,8.8747,6439.32,6318.1915,13593.75,-7.2179904816,0.241138,0.372995,17.8604,1.1856,0.8462,0.071383,0.677727,-1.258981,166,0.455074,2515.9983,0.087169,0
209,8.9173,6375.27,6247.9228,13710.94,-6.7297951839,0.301501,0.407088,21.4506,1.164,0.7186,0.065052,0.660816,-5.553133,167,0.433334,2448.2179,0.082285,0
210,8.96,6071.05,6075.795,12890.62,-6.7879876788,0.182527,0.39988,22.6646,1.2229,0.9522,0.066345,0.66088,-6.23264,176,0.441766,2417.1952,0.079966,0
211,9.0027,6338.91,6162.8245,13382.81,-6.762577878,0.249374,0.408335,22.0626,1.1674,0.8328,0.064831,0.670198,-4.164487,173,0.450371,2468.9506,0.079844,0
212,9.0453,6210.38,6065.6602,13171.88,-6.1119768836,0.196792,0.455183,26.5369,1.1337,0.5873,0.056969,0.650892,-4.296704,156,0.423642,2137.4365,0.082163,0
213,9.088,6084.63,6176.4315,13253.91,-6.602767904,0.189624,0.410618,23.1023,1.1989,0.7736,0.064427,0.634816,-5.914793,160,0.449431,2387.5527,0.078623,0
214,9.1307,6344.27,6188.7902,13242.19,-7.3246579318,0.213059,0.364673,17.9767,1.193,1.0008,0.073016,0.674934,-8.09379,149,0.446131,2627.719,0.088878,0
215,9.1733,6446.06,6219.6999,13488.28,-7.1094353193,0.184009,0.381851,18.9776,1.1733,0.8568,0.069684,0.687396,-5.148015,160,0.443792,2505.5679,0.094372,0
216,9.216,6386.19,6216.5727,13558.59,-6.7609663114,0.250465,0.403684,19.9233,1.1469,0.6818,0.06566,0.679531,-4.367968,151,0.44259,2482.752,0.090221,0
217,9.2587,6329.77,6188.5087,13453.12,-6.7999868727,0.233269,0.401466,20.3256,1.1591,0.7293,0.066059,0.674622,-3.757685,160,0.443858,2403.6587,0.093761,0
218,9.3013,6203.62,6193.7746,13464.84,-7.0272880522,0.277271,0.37846,18.8794,1.2142,0.8722,0.07033,0.673484,-4.160619,164,0.444123,2540.8031,0.089122,0
219,9.344,6263.25,6174.0502,13394.53,-6.6033151144,0.119933,0.416769,23.709,1.1488,0.6934,0.063351,0.664682,-1.769622,172,0.448131,2340.0942,0.086558,0
220,9.3867,6244.86,6168.7605,13359.38,-7.152781607,0.262231,0.379484,18.6667,1.1917,0.8689,0.070134,0.672904,-4.927634,151,0.444304,2419.5761,0.083995,0
221,9.4293,6227.85,6185.4015,13207.03,-6.3982769947,0.252202,0.428817,23.3814,1.1336,0.5922,0.061288,0.657311,-7.704271,163,0.435588,2246.2208,0.079966,0
222,9.472,6666.48,6247.5939,13875.0,-6.9774526614,0.349658,0.387349,19.9359,1.1261,0.7498,0.06865,0.688613,-7.245118,158,0.435305,2601.9408,0.087535,0
223,9.5147,6572.95,6276.4224,13828.12,-7.4431126346,0.123251,0.355625,16.3386,1.154,0.8385,0.074835,0.700665,-4.391658,156,0.405765,2794.1351,0.092052,0
224,9.5573,6430.9,6247.2505,13523.44,-7.1390129128,0.219628,0.376126,19.0412,1.1851,0.8779,0.070778,0.681209,-3.692052,149,0.442165,2500.2425,0.087901,0
225,9.6,6220.95,6153.4749,13535.16,-6.6235134232,0.232803,0.407745,22.1618,1.1892,0.7563,0.064935,0.668348,-1.24024,168,0.455743,2333.7331,0.085826,0
226,9.6427,6519.21,6291.9326,13710.94,-6.8641395055,0.219684,0.396379,20.417,1.1175,0.6691,0.066982,0.663563,-7.811089,163,0.470889,2644.5203,0.087291,0
227,9.6853,6320.14,6180.9071,13382.81,-7.3898567445,0.207995,0.358634,16.9643,1.2023,0.9442,0.074225,0.687672,-2.420965,152,0.44556,2584.9382,0.087291,0
228,9.728,6294.73,6175.9671,13394.53,-7.4570625772,0.251349,0.351002,17.0266,1.2388,1.0527,0.075782,0.686649,-3.784835,147,0.46593,2705.0169,0.086558,0
229,9.7707,6253.6,6217.4251,13511.72,-6.8721718701,0.198451,0.396939,20.5048,1.1802,0.7904,0.066879,0.671752,-7.098281,151,0.449675,2387.1315,0.084239,0
230,9.8133,6241.42,6132.5589,13253.91,-7.4414296959,0.249166,0.356812,17.5798,1.265,1.1555,0.074593,0.69891,-7.108262,183,0.444201,2697.9107,0.084605,0
231,9.856,6465.14,6237.7373,13406.25,-7.5447242368,0.203545,0.350003,15.9264,1.2236,1.0426,0.075988,0.706093,-5.198659,172,0.44703,2622.1839,0.091564,0
232,9.8987,6414.09,6251.3638,13546.88,-7.2514816412,0.148134,0.37658,18.9276,1.1625,0.8485,0.07069,0.68347,-8.028107,123,0.444927,2581.5259,0.090343,0
233,9.9413,6365.94,6167.3792,13500.0,-6.6066995851,0.19735,0.405361,21.132,1.1775,0.7933,0.06536,0.67363,-3.217424,167,0.458085,2442.0853,0.089366,0
234,9.984,6421.1,6302.8971,13769.53,-7.5008708529,0.291458,0.347032,15.7885,1.1911,0.8749,0.076605,0.68838,-5.626821,161,0.45709,2638.2172,0.088878,0
235,10.0267,6361.97,6157.4087,13417.97,-7.0027111835,0.229871,0.388386,19.4336,1.1638,0.8074,0.068456,0.692311,-4.397861,171,0.440009,2498.4353,0.087657,0
236,10.0693,6327.45,6192.6402,13511.72,-6.9082618751,0.201861,0.397811,20.2481,1.1908,0.8217,0.066721,0.685926,-4.478938,166,0.434287,2574.2736,0.088756,0
237,10.112,6323.44,6273.8587,13628.91,-7.4120475077,0.281401,0.361854,17.5116,1.2336,1.0085,0.073578,0.682514,-3.990344,151,0.445911,2682.8042,0.086192,0
238,10.1547,6442.27,6332.873,13816.41,-7.1590953582,0.16637,0.375928,18.9027,1.1562,0.7823,0.070816,0.676163,-6.564745,124,0.426875,2518.5337,0.086925,0
239,10.1973,6417.36,6175.4198,13394.53,-6.6547357563,0.163594,0.410712,21.9556,1.1504,0.738,0.06441,0.684353,-1.278797,169,0.448117,2476.2333,0.087291,0
240,10.24,6082.26,6138.2407,13183.59,-6.4113673926,0.134141,0.424813,23.8555,1.2261,0.8257,0.061967,0.650225,-1.630343,150,0.458329,2246.1531,0.08375,0
241,10.2827,6112.06,6113.9563,12984.38,-6.732716048,0.244019,0.404338,21.7739,1.2005,0.856,0.065543,0.650956,-3.006503,162,0.47108,2330.321,0.081919,0
242,10.3253,6157.22,6111.9296,13078.12,-6.8337927308,0.209289,0.397215,21.7249,1.2111,0.9,0.066829,0.663731,-1.675023,167,0.453442,2448.5945,0.083018,0
243,10.368,6144.31,6168.1961,13195.31,-6.6778069204,0.267571,0.409369,23.2255,1.195,0.7914,0.064648,0.659744,-4.95449,153,0.451268,2383.1784,0.077768,0
244,10.4107,6083.09,6242.6033,13171.88,-7.1569739625,0.23483,0.375222,19.5785,1.2469,0.9806,0.070952,0.659776,-5.772937,156,0.416438,2513.8799,0.074228,0
245,10.4533,6258.22,6163.4905,13218.75,-6.8533025478,0.275724,0.392499,20.9927,1.2025,0.8594,0.067694,0.669252,-7.599507,156,0.435108,2479.5259,0.084605,0
246,10.496,6379.67,6209.8494,13488.28,-7.0732923841,0.324466,0.382206,19.771,1.1886,0.8595,0.069617,0.694414,-7.803298,162,0.42818,2570.4002,0.09486,0
247,10.5387,6520.74,6224.4081,13406.25,-7.3093822245,0.211095,0.363415,17.5721,1.2061,1.0029,0.073266,0.694073,-0.735952,171,0.443033,2724.1021,0.092419,0
248,10.5813,6309.01,6166.667,13382.81,-6.8893517342,0.346507,0.397191,21.0895,1.2043,0.8748,0.066833,0.682925,-4.413765,153,0.437544,2416.4573,0.089855,0
249,10.624,6260.88,6211.1723,13347.66,-7.2582719572,0.179561,0.374252,18.0773,1.2095,0.9209,0.071139,0.689499,-4.631175,179,0.435818,2472.3358,0.090709,0
250,10.6667,6173.78,6129.1805,12996.09,-7.0790915924,0.258672,0.378082,19.1346,1.2402,1.0509,0.070402,0.670103,-6.160428,151,0.444548,2513.5114,0.085948,0
251,10.7093,6263.86,6228.0251,13406.25,-7.1897747388,0.235943,0.376089,18.3565,1.2283,0.9735,0.070785,0.676457,-6.778557,164,0.430655,2551.1512,0.079966,0
252,10.752,6331.08,6235.0294,13523.44,-6.9432498307,0.181697,0.392844,20.0425,1.1908,0.8325,0.06763,0.674075,-5.062755,159,0.428107,2469.0043,0.079233,0
253,10.7947,6392.48,6169.2717,13488.28,-7.1511941267,0.218645,0.3787,17.8204,1.1857,0.8582,0.070284,0.689615,-3.287548,157,0.440767,2599.9194,0.081431,0
254,10.8373,6284.99,6154.1359,13207.03,-6.5114325316,0.188937,0.415387,23.2248,1.1573,0.7472,0.063591,0.652991,-2.649593,172,0.44353,2348.6418,0.081797,0
255,10.88,6258.95,6114.9098,12960.94,-7.1833299761,0.336885,0.378167,18.041,1.2596,1.0927,0.070386,0.697096,-7.183794,138,0.458304,2514.9526,0.084239,0
256,10.9227,6244.86,6139.7513,13300.78,-6.2138679916,0.262548,0.446516,27.1757,1.1362,0.5991,0.05836,0.662744,-11.457938,157,0.436656,2284.112,0.082163,0
257,10.9653,6453.56,6184.7807,13722.66,-7.1595930223,0.209146,0.37503,18.6434,1.179,0.8664,0.070989,0.696327,-8.845897,133,0.429581,2558.1326,0.084361,0
258,11.008,6417.55,6238.7618,13617.19,-7.0405380173,0.15087,0.386861,19.8388,1.1782,0.8374,0.068741,0.680185,-5.509758,167,0.442302,2556.5545,0.089733,0
259,11.0507,6136.29,6169.0657,13195.31,-6.977204648,0.295174,0.382716,19.6476,1.2099,0.8694,0.069521,0.663798,-7.246821,164,0.448898,2576.0046,0.085948,0
260,11.0933,6302.69,6192.5716,13312.5,-7.5189527695,0.230918,0.350383,16.8449,1.2307,1.0614,0.075909,0.686861,-6.008107,137,0.452927,2581.0759,0.080454,0
261,11.136,6172.5,6136.3638,13171.88,-6.7000203397,0.259345,0.411025,21.6605,1.1781,0.7603,0.064355,0.665106,-6.262504,154,0.438382,2484.9708,0.08546,0
262,11.1787,6367.34,6272.7934,13664.06,-7.5328213423,0.231326,0.352791,16.4513,1.214,0.9705,0.075414,0.700417,-7.52629,150,0.432098,2624.4643,0.091198,0
263,11.2213,6375.82,6208.7511,13652.34,-6.5141244813,0.280573,0.414534,21.9597,1.1584,0.6797,0.06374,0.669524,-3.204374,155,0.428644,2418.3147,0.087291,0
264,11.264,6271.51,6150.5538,13382.81,-6.6811672128,0.289264,0.406425,22.666,1.1889,0.7981,0.06517,0.67884,-11.673701,134,0.45911,2399.185,0.093151,0
265,11.3067,6478.21,6305.1538,13757.81,-7.2207246354,0.35402,0.372355,18.8314,1.172,0.8027,0.071507,0.693897,-6.641356,158,0.428791,2621.9273,0.101209,0
266,11.3493,6632.58,6290.4384,13804.69,-7.7936764589,0.241858,0.334079,14.5612,1.1726,0.9211,0.079359,0.716454,-6.870087,157,0.41253,2519.0713,0.094372,0
267,11.392,6315.33,6130.0237,13265.62,-6.5222516662,0.180316,0.421119,21.7063,1.1786,0.7567,0.062599,0.670288,-5.323594,160,0.434067,2271.2417,0.084971,0
268,11.4347,6179.81,6158.6539,13113.28,-6.6915479165,0.275463,0.404823,22.2382,1.1901,0.8167,0.065456,0.655572,-5.226398,154,0.434005,2365.9222,0.084239,0
269,11.4773,6196.29,6111.0031,13207.03,-6.346355739,0.195157,0.431898,25.4736,1.169,0.7237,0.06077,0.645978,-4.686136,181,0.445754,2352.4147,0.082041,0
270,11.52,6216.08,6093.2356,13171.88,-6.7727600305,0.186278,0.405695,22.4598,1.225,0.9679,0.0653,0.661276,-8.131845,155,0.437765,2287.7595,0.081431,0
271,11.5627,6191.86,6161.4779,13312.5,-6.2916954812,0.191648,0.439134,24.0839,1.1413,0.6205,0.059567,0.637577,-7.009437,159,0.463524,2154.8274,0.082774,0
272,11.6053,6268.16,6146.3864,13160.16,-6.8367859146,0.205148,0.407001,21.8597,1.1784,0.8189,0.065067,0.682153,-3.586011,159,0.428785,2506.738,0.083262,0
273,11.648,6046.75,6055.9843,12820.31,-5.8050798511,0.243068,0.464165,31.9721,1.1592,0.6062,0.055555,0.610911,-8.668757,158,0.437663,2003.3989,0.08314,0
274,11.6907,6326.64,6201.8177,13687.5,-7.0190909274,0.350143,0.39243,19.7169,1.1715,0.7532,0.067706,0.67447,-4.427077,147,0.440909,2510.8277,0.082896,0
275,11.7333,6564.28,6206.5159,13511.72,-7.4162439714,0.309241,0.363756,17.1725,1.1881,0.9589,0.073198,0.694465,-5.062588,141,0.420463,2617.0064,0.08314,0
276,11.776,6492.76,6265.0447,13769.53,-7.4560191924,0.270033,0.356524,16.2945,1.1847,0.8763,0.074652,0.702774,-9.096927,154,0.425512,2616.7001,0.084971,0
277,11.8187,6208.27,6261.5838,13523.44,-6.9122329596,0.225918,0.392253,20.6854,1.175,0.7613,0.067739,0.659519,-4.623284,152,0.443082,2385.9634,0.087779,0
278,11.8613,6414.69,6265.182,13664.06,-7.4242538153,0.157216,0.362952,18.1487,1.2015,0.9425,0.073359,0.684306,-5.549955,151,0.429042,2686.7672,0.08314,0
279,11.904,6012.61,6059.8364,12773.44,-6.7542633249,0.221985,0.406836,22.3882,1.2332,0.9451,0.065097,0.665612,-9.853668,155,0.458234,2393.8976,0.084727,0
280,11.9467,6106.15,6115.3621,12902.34,-6.5513786222,0.234848,0.419343,22.7184,1.1852,0.7572,0.062905,0.644581,-5.4422,144,0.44201,2367.6755,0.082408,0
281,11.9893,6176.44,6150.726,13160.16,-6.7548284632,0.293355,0.39811,20.9857,1.1854,0.8462,0.066666,0.645006,-2.38515,166,0.435848,2538.8709,0.081309,0
282,12.032,6227.33,6185.5835,13359.38,-6.5649986704,0.222717,0.415702,22.3379,1.1785,0.7359,0.063536,0.655797,-8.982659,162,0.439262,2328.9236,0.085338,0
283,12.0747,6247.45,6102.3092,13218.75,-6.9309710022,0.338608,0.387582,19.5373,1.2175,0.9515,0.068606,0.669568,-2.440678,166,0.470738,2433.095,0.083506,0
284,12.1173,6175.49,6232.4092,13464.84,-6.9980267025,0.182974,0.383296,19.875,1.1841,0.8184,0.069411,0.641806,-6.778885,129,0.463361,2482.3668,0.080942,0
285,12.16,6598.69,6300.2815,13804.69,-7.3924331644,0.161524,0.363515,16.4746,1.1689,0.8566,0.073246,0.69477,-5.901407,166,0.44158,2525.0323,0.084605,0
286,12.2027,6274.82,6212.7452,13394.53,-7.0549505533,0.150874,0.385069,19.895,1.1827,0.8363,0.069077,0.668724,-8.768448,142,0.439354,2583.3632,0.086192,0
287,12.2453,6490.67,6297.7294,13933.59,-7.1501310606,0.234268,0.373396,17.937,1.1692,0.7788,0.071305,0.687537,-3.428102,143,0.44114,2537.8527,0.084849,0
288,12.288,6315.76,6185.4375,13359.38,-7.4845638993,0.168717,0.352274,16.1209,1.2358,1.0067,0.07552,0.692695,-5.412147,155,0.461343,2619.9703,0.090465,0
289,12.3307,6554.64,6262.3159,13898.44,-5.7983627444,0.36823,0.471208,27.2493,1.055,0.358,0.054464,0.657555,-2.269017,159,0.455484,2308.5255,0.091808,0
290,12.3733,6405.09,6187.4152,13417.97,-7.0494553679,0.124295,0.386379,18.2052,1.1705,0.824,0.068831,0.68508,-7.766567,156,0.444329,2532.0485,0.090099,0
291,12.416,6291.59,6155.1352,13312.5,-6.8782143069,0.237503,0.393611,20.7641,1.2181,0.9188,0.067489,0.671645,-4.376936,148,0.46925,2450.1454,0.087169,0
292,12.4587,6272.69,6226.8975,13453.12,-6.9883319543,0.215347,0.385211,19.4331,1.1905,0.8429,0.06905,0.670063,-5.592428,165,0.454805,2731.9541,0.085093,0
293,12.5013,6333.34,6225.7309,13324.22,-7.4939829333,0.171785,0.352102,16.7759,1.2102,0.9674,0.075555,0.68938,-6.299674,160,0.467505,2693.8834,0.079722,0
294,12.544,6244.65,6216.2001,13417.97,-6.5281400378,0.253624,0.424386,23.3543,1.1764,0.7378,0.06204,0.650759,-5.121531,146,0.433146,2233.9025,0.079844,0
295,12.5867,6245.92,6190.8869,13406.25,-6.8770296889,0.190841,0.391201,20.9409,1.2051,0.8722,0.067933,0.670705,-5.897723,167,0.460098,2630.3626,0.084727,0
296,12.6293,6055.65,6210.8215,13218.75,-7.1340353667,0.225845,0.372791,18.3003,1.2314,0.8937,0.071422,0.655016,-4.18992,153,0.448105,2544.1311,0.084239,0
297,12.672,6408.1,6237.0609,13488.28,-6.8310232214,0.188931,0.399688,20.7966,1.153,0.7489,0.06638,0.678766,-6.498829,160,0.446576,2563.8788,0.084483,0
298,12.7147,6456.4,6244.4204,13640.62,-7.1286749677,0.168464,0.382401,18.6647,1.1631,0.804,0.06958,0.681829,-5.124805,165,0.427573,2462.918,0.087291,0
299,12.7573,6414.59,6259.1483,13664.06,-6.7014219108,0.199904,0.405054,22.161,1.1587,0.7443,0.065415,0.665325,-3.284158,176,0.453107,2449.9656,0.08607,0
300,12.8,6414.65,6259.2393,13839.84,-6.745422963,0.242356,0.40975,21.0131,1.1148,0.5838,0.06458,0.674026,-7.93327,140,0.418996,2440.676,0.084361,0
301,12.8427,6263.4,6111.2831,13054.69,-6.8953748036,0.329109,0.386197,20.2907,1.201,0.9201,0.068865,0.667186,-8.438657,150,0.462323,2609.2793,0.082774,0
302,12.8853,6329.95,6190.2462,13335.94,-6.6947339281,0.179955,0.398938,21.2676,1.1796,0.8274,0.066516,0.661136,-1.793452,171,0.440686,2511.5258,0.080454,0
303,12.928,6342.37,6235.7003,13453.12,-7.7066487562,0.245648,0.341564,15.4766,1.224,1.021,0.077755,0.701179,-6.051085,145,0.447088,2688.4284,0.087657,0
304,12.9707,6514.01,6204.4482,13816.41,-6.4274780064,0.28677,0.426947,22.9369,1.1022,0.5601,0.061604,0.673521,-7.713562,149,0.440879,2342.8452,0.090343,0
305,13.0133,6241.3,6201.056,13371.09,-6.7114779782,0.267656,0.41071,21.2612,1.1727,0.7434,0.064411,0.665411,-6.967197,145,0.42755,2328.0068,0.090099,0
306,13.056,6610.04,6243.4729,13582.03,-7.4554957745,0.181522,0.363296,17.1592,1.1876,0.9714,0.07329,0.715569,-7.718706,144,0.446946,2528.2672,0.092541,0
307,13.0987,6205.92,6147.3872,13347.66,-6.7818629676,0.199275,0.394086,19.8746,1.2041,0.8672,0.067402,0.663137,-7.161154,168,0.449329,2455.348,0.089122,0
308,13.1413,6456.51,6308.6538,13792.97,-7.2142827714,0.270673,0.373448,18.1506,1.1856,0.859,0.071295,0.687016,-5.808867,165,0.457173,2557.4025,0.087291,0
309,13.184,6209.28,6224.5871,13218.75,-7.249292656,0.233832,0.365754,18.654,1.2348,1.0109,0.072802,0.679132,-8.653282,156,0.438014,2620.9601,0.085582,0
310,13.2267,5998.72,6135.4668,12960.94,-6.4993826409,0.277179,0.410294,22.0034,1.2223,0.822,0.064484,0.632549,-2.437922,197,0.458717,2337.9606,0.080942,0
311,13.2693,6212.89,6221.3825,13394.53,-6.7814499885,0.177388,0.39714,20.6073,1.1811,0.7572,0.066843,0.653795,-7.742918,157,0.471142,2342.217,0.079355,0
312,13.312,6327.92,6262.5348,13546.88,-7.0659570364,0.202953,0.375944,19.3015,1.1715,0.8076,0.070813,0.656138,-6.230382,165,0.459667,2444.8983,0.08546,0
313,13.3547,6316.95,6193.9851,13417.97,-6.4952349274,0.353229,0.417967,22.3226,1.1578,0.6721,0.063143,0.672168,-4.885884,163,0.461171,2491.7475,0.087047,0
314,13.3973,6383.94,6238.808,13453.12,-7.3190391337,0.228002,0.366762,17.379,1.1964,0.9139,0.072603,0.693622,-5.006973,171,0.439649,2469.8835,0.083995,0
315,13.44,6194.02,6052.426,13007.81,-6.5116316271,0.26973,0.420469,23.7202,1.1881,0.8207,0.062711,0.669099,-2.777747,153,0.421916,2321.7705,0.084483,0
316,13.4827,6538.37,6297.6535,13968.75,-7.4957373667,0.192841,0.355524,16.3273,1.1726,0.8646,0.074855,0.700792,-4.015797,160,0.458219,2606.191,0.083506,0
317,13.5253,5957.28,6148.0993,12843.75,-7.0951152703,0.134093,0.371139,19.4124,1.2616,1.0373,0.071744,0.656258,-4.955883,176,0.472514,2456.146,0.082041,0
318,13.568,6259.71,6187.875,13441.41,-6.2240132209,0.229398,0.436214,24.9199,1.1409,0.6042,0.06005,0.65312,-8.214177,142,0.456716,2275.3126,0.081553,0
319,13.6107,6158.6,6180.553,13488.28,-6.2564110661,0.347287,0.432352,25.4242,1.1766,0.6557,0.060694,0.648814,-4.208362,167,0.423254,2190.5899,0.0796,0
320,13.6533,6155.94,6225.3634,13242.19,-7.0739649722,0.189676,0.382624,20.4548,1.221,0.904,0.069538,0.670612,-6.224155,155,0.4427,2439.8529,0.078989,0
321,13.696,6259.36,6245.2251,13382.81,-6.6920025282,0.244608,0.402276,20.9004,1.1712,0.7296,0.065913,0.655075,-6.103921,174,0.419778,2468.2864,0.087047,0
322,13.7387,6439.96,6323.0289,13722.66,-7.3285008152,0.201087,0.361581,17.3617,1.1893,0.8725,0.073632,0.680486,-4.032055,162,0.431848,2691.315,0.091808,0
323,13.7813,6329.74,6219.3354,13582.03,-6.5301626427,0.247144,0.413988,23.2214,1.1589,0.7002,0.063835,0.647836,-1.622154,161,0.44079,2332.0389,0.085093,0
324,13.824,6503.33,6204.0884,13617.19,-6.7247525369,0.114001,0.407784,21.6344,1.1412,0.7568,0.064928,0.673483,-4.778824,163,0.443171,2407.7539,0.085338,0
325,13.8667,6360.1,6150.2744,13453.12,-6.297230365,0.150547,0.435058,24.7231,1.1642,0.7392,0.060242,0.656082,-1.438023,176,0.4356,2298.4022,0.088268,0
326,13.9093,6528.39,6296.2432,14062.5,-7.2636752705,0.234685,0.379354,17.5198,1.1635,0.7665,0.070159,0.707832,-5.875645,149,0.419252,2424.6046,0.084727,0
327,13.952,6236.23,6230.4931,13546.88,-5.9473997617,0.191728,0.454399,28.4532,1.103,0.4051,0.057094,0.624281,-0.21193,139,0.448794,2057.2433,0.081187,0
328,13.9947,6139.38,6128.8364,13324.22,-6.2745514317,0.263935,0.429734,24.9019,1.1774,0.7067,0.061133,0.646741,-3.736592,172,0.449498,2361.3716,0.08375,0
329,14.0373,6333.14,6245.3397,13453.12,-7.0790156943,0.195084,0.379571,19.3058,1.1911,0.9043,0.070118,0.670864,-8.297441,150,0.458756,2521.9377,0.08607,0
330,14.08,6224.48,6232.2677,13500.0,-6.6158319761,0.239618,0.406384,21.3785,1.1598,0.6595,0.065177,0.652633,-3.638101,151,0.446553,2469.1793,0.083628,0
331,14.1227,6373.47,6271.3104,13652.34,-6.7976941679,0.211286,0.399442,21.3224,1.1825,0.7754,0.066424,0.671167,-5.035673,161,0.426776,2567.7793,0.084483,0
332,14.1653,6318.21,6071.09,13265.62,-6.0707250872,0.285419,0.451672,26.7759,1.1144,0.5721,0.057529,0.65326,-1.516705,172,0.442295,2119.7444,0.081187,0
333,14.208,6382.87,6154.6583,13394.53,-7.0830756776,0.207492,0.380051,19.2802,1.1883,0.89,0.070026,0.684213,-2.366541,166,0.436413,2620.362,0.090465,0
334,14.2507,6415.37,6252.7607,13769.53,-6.7098837352,0.156124,0.406959,22.2831,1.1317,0.6604,0.065075,0.662653,-6.445703,157,0.429004,2548.1345,0.093517,0
335,14.2933,6448.73,6221.6316,13617.19,-7.4434368509,0.225322,0.360232,16.2989,1.2006,0.9469,0.073903,0.702151,-6.51127,145,0.44486,2560.2269,0.084361,0
336,14.336,6333.75,6138.5927,13406.25,-6.7337999755,0.278798,0.408316,21.785,1.1348,0.6969,0.064834,0.671918,-4.508514,151,0.426154,2522.7513,0.086192,0
337,14.3787,6399.29,6250.8695,13781.25,-6.5154645577,0.352038,0.42071,23.5872,1.1245,0.5641,0.06267,0.655207,-2.079663,153,0.437595,2375.0815,0.082774,0
338,14.4213,6143.7,6178.0792,13171.88,-7.020933791,0.23352,0.37876,19.3066,1.1929,0.8455,0.070273,0.65255,-2.828288,165,0.471293,2585.2744,0.082408,0
339,14.464,6362.68,6223.0998,13675.78,-6.829557254,0.223482,0.399115,21.0547,1.1512,0.7218,0.066484,0.674951,-5.184508,154,0.455173,2657.2874,0.081309,0
340,14.5067,6058.43,6166.6973,13031.25,-6.9561367518,0.260807,0.379067,19.4284,1.2243,0.919,0.070214,0.658608,-4.424659,162,0.460108,2520.6454,0.08607,0
341,14.5493,6293.33,6168.9899,13476.56,-6.8434689788,0.295034,0.395599,19.5478,1.2157,0.8822,0.067124,0.683753,-4.898559,163,0.470666,2516.5711,0.091076,0
342,14.592,6386.74,6231.5013,13687.5,-6.8372356578,0.179184,0.40356,20.9054,1.1449,0.6837,0.065682,0.680387,-5.676904,140,0.454736,2473.0703,0.080942,0
343,14.6347,5999.67,6042.9232,12832.03,-6.204973517,0.155263,0.440341,25.5657,1.1949,0.7514,0.059368,0.639165,-6.532034,155,0.423287,2094.1439,0.080576,0
344,14.6773,6401.33,6256.0039,13546.88,-6.8412272013,0.339757,0.396814,20.0192,1.1705,0.7633,0.066902,0.670134,-6.189736,152,0.452868,2509.5028,0.081309,0
345,14.72,6416.88,6190.5712,13500.0,-6.5727053575,0.330218,0.405274,21.8585,1.133,0.7279,0.065375,0.648387,-5.235138,181,0.43846,2517.0227,0.084239,0
346,14.7627,6271.11,6091.4553,13253.91,-6.2941571424,0.196641,0.444516,24.6791,1.1616,0.6999,0.058685,0.673605,-2.754089,154,0.461145,2181.7359,0.087413,0
347,14.8053,6368.11,6175.3578,13382.81,-6.4982828813,0.182243,0.423606,22.4232,1.1471,0.6941,0.062173,0.667929,-4.88915,161,0.450708,2418.9838,0.083995,0
348,14.848,6459.26,6218.5743,13535.16,-7.2396904429,0.17646,0.375641,18.393,1.218,0.9673,0.070871,0.697911,-4.204308,181,0.439318,2562.2992,0.088268,0
349,14.8907,6426.78,6333.4395,13863.28,-7.342095744,0.209571,0.364613,18.5806,1.1891,0.8763,0.073028,0.686859,-6.57555,152,0.427421,2659.1425,0.087291,0
350,14.9333,6095.1,6089.7796,12726.56,-7.2506216498,0.336655,0.368677,18.7191,1.2696,1.1176,0.072226,0.678966,-5.737918,153,0.440457,2460.3138,0.084727,0
351,14.976,6290.7,6190.2666,13371.09,-6.9352721129,0.264992,0.39369,20.2093,1.1861,0.8408,0.067474,0.678037,-9.141738,179,0.442427,2500.9442,0.086314,0
352,15.0187,6147.47,6157.2889,13371.09,-6.1306549659,0.310104,0.444036,25.8833,1.1513,0.5922,0.058764,0.642939,-6.380724,156,0.452338,2161.0162,0.087047,0
353,15.0613,6417.77,6225.5997,13863.28,-6.4962125592,0.220219,0.423094,22.6771,1.135,0.6218,0.06226,0.681365,-3.195259,173,0.429685,2484.7483,0.082041,0
354,15.104,6244.28,6143.0656,13265.62,-6.781742731,0.265875,0.397774,21.1623,1.1976,0.8585,0.066727,0.654137,-1.81022,154,0.455053,2355.8136,0.077524,0
355,15.1467,6058.49,6111.6668,12878.91,-7.2728056063,0.227153,0.36565,18.8879,1.2631,1.1077,0.072822,0.672594,-2.279012,175,0.452445,2454.7409,0.080576,0
356,15.1893,6320.63,6136.3445,13218.75,-6.8580628726,0.250743,0.398141,21.3691,1.2044,0.9184,0.066661,0.675668,-4.389716,167,0.443074,2446.3531,0.085582,0
357,15.232,6306.21,6224.2434,13382.81,-6.9165447781,0.363451,0.386676,20.0777,1.1985,0.855,0.068776,0.670265,-8.736792,138,0.432958,2453.2993,0.093273,0
358,15.2747,6551.73,6207.1654,13699.22,-7.2805073322,0.378047,0.372221,17.5525,1.1608,0.8583,0.071533,0.695857,-5.795225,170,0.435851,2559.996,0.092785,0
359,15.3173,6393.87,6180.5035,13570.31,-7.0253574964,0.241241,0.383024,19.3549,1.165,0.8182,0.069462,0.684184,-5.219364,174,0.434071,2450.08,0.081675,0
360,15.36,6124.76,6139.7409,13207.03,-6.3154603451,0.20208,0.440859,25.7711,1.1807,0.6888,0.059283,0.657376,-6.305884,144,0.434005,2186.3838,0.08082,0
361,15.4027,6434.97,6234.4571,13523.44,-7.2396100788,0.183036,0.371717,17.9792,1.1915,0.8954,0.071631,0.695558,-7.191977,171,0.429852,2661.4437,0.090709,0
362,15.4453,6496.35,6245.0885,13851.56,-7.1477541389,0.20277,0.384671,18.6351,1.1495,0.7639,0.069152,0.695676,-5.142985,143,0.428104,2431.0508,0.093761,0
363,15.488,6401.79,6190.6646,13675.78,-7.0033789033,0.216912,0.392219,18.7933,1.1712,0.7693,0.067745,0.682113,-4.877961,141,0.415072,2374.5707,0.084483,0
364,15.5307,6060.11,6145.9003,12867.19,-6.9307897778,0.268621,0.393562,20.8273,1.2538,0.9585,0.067498,0.670265,-7.45944,140,0.439938,2439.9119,0.083018,0
365,15.5733,6337.63,6260.9861,13546.88,-7.4732841122,0.227252,0.354262,17.1769,1.2256,1.001,0.075113,0.68651,-4.525118,169,0.43812,2667.6136,0.088512,0
366,15.616,6121.25,6197.9212,13359.38,-6.112969969,0.238024,0.443812,26.3239,1.1718,0.5848,0.0588,0.641036,-6.311343,152,0.44762,2069.4065,0.081919,0
367,15.6587,6128.01,6159.5558,13183.59,-7.0560374987,0.100836,0.38509,19.3572,1.2075,0.8946,0.069073,0.664555,-11.538842,155,0.455726,2457.0087,0.082774,0
368,15.7013,6086.13,6156.4651,13066.41,-6.9488372866,0.194952,0.385571,20.169,1.2078,0.852,0.068983,0.654912,-5.984997,151,0.437245,2494.175,0.089244,0
369,15.744,6540.37,6312.8753,13898.44,-7.3243264144,0.226049,0.368451,18.1884,1.1435,0.773,0.07227,0.688458,-7.551027,147,0.430824,2528.2911,0.086558,0
370,15.7867,6295.0,6242.0139,13476.56,-6.7977162208,0.280319,0.398885,20.7974,1.1716,0.7648,0.066525,0.646488,-6.005987,162,0.436206,2326.0868,0.077402,0
371,15.8293,6081.08,6102.5779,13148.44,-5.9348776704,0.180152,0.459505,28.6555,1.1307,0.5428,0.056285,0.603582,-4.726538,164,0.441934,1906.154,0.070809,0
372,15.872,6199.6,6216.9178,13511.72,-6.4144742578,0.232889,0.422695,22.3516,1.1182,0.5208,0.062329,0.655118,-5.087049,152,0.437909,2306.4553,0.075449,0
373,15.9147,6220.59,6094.9245,13078.12,-6.7355734483,0.23782,0.403425,20.2144,1.1911,0.839,0.065706,0.65789,-8.838992,147,0.456917,2467.536,0.084971,0
374,15.9573,6275.73,6201.8104,13570.31,-6.756360908,0.25427,0.40035,21.4236,1.1701,0.754,0.06626,0.668118,-6.180445,142,0.447706,2493.2439,0.087657,0
375,16.0,6412.32,6196.9181,13417.97,-7.292906083,0.219243,0.366187,17.2708,1.1772,0.8821,0.072716,0.679492,-3.257435,176,0.444486,2602.85,0.086803,0
376,16.0427,6207.91,6071.3447,13054.69,-6.5599537942,0.2612,0.414936,22.5963,1.1967,0.8753,0.06367,0.663104,-4.504988,157,0.431763,2443.3258,0.083262,0
377,16.0853,6033.7,6109.0833,12972.66,-6.0572597236,0.203276,0.45698,28.2461,1.1977,0.7031,0.056684,0.636339,-3.791483,155,0.428485,2138.9892,0.079233,0
378,16.128,6392.19,6198.1069,13546.88,-6.4252953462,0.200174,0.428505,23.3346,1.1402,0.6594,0.061341,0.664212,-3.199872,160,0.432087,2295.9072,0.082285,0
379,16.1707,6412.81,6177.6153,13500.0,-6.3893505738,0.13871,0.428558,23.8,1.119,0.6085,0.061332,0.666949,-4.45719,167,0.431868,2379.4873,0.089366,0
380,16.2133,6371.7,6206.9536,13582.03,-7.2354785014,0.196237,0.371155,18.0863,1.1979,0.9093,0.071741,0.695242,-5.497096,157,0.42585,2517.8467,0.092907,0
381,16.256,6255.03,6052.7339,13031.25,-6.8440530003,0.291052,0.398765,20.5357,1.2138,0.9888,0.066547,0.683626,-5.522058,166,0.447392,2491.6859,0.085948,0
382,16.2987,6249.59,6092.4971,12855.47,-6.9624956791,0.249365,0.392883,19.5522,1.2098,0.9507,0.067623,0.69207,-5.753058,148,0.439611,2424.1785,0.084849,0
383,16.3413,6582.33,6243.4901,13804.69,-7.0063573274,0.226106,0.385202,20.029,1.1238,0.7306,0.069052,0.688093,-3.244593,169,0.445049,2647.2841,0.088512,0
384,16.384,6251.41,6161.2899,13382.81,-7.003052695,0.260635,0.387418,19.3703,1.1991,0.864,0.068637,0.67589,-4.186333,159,0.44278,2555.3692,0.091686,0
385,16.4267,6181.29,6103.6349,13207.03,-6.4993502455,0.224234,0.420113,23.1107,1.1897,0.7343,0.062772,0.670941,-3.188319,165,0.443959,2281.1393,0.089244,0
386,16.4693,6142.18,6182.3179,13230.47,-6.9832108605,0.221358,0.38335,19.5719,1.2295,0.9453,0.069401,0.667727,-7.707767,169,0.432242,2600.3642,0.081919,0
387,16.512,6234.32,6176.7977,13335.94,-7.0391684495,0.204546,0.388851,19.7243,1.1975,0.8738,0.06837,0.679108,-8.105215,139,0.431388,2525.4429,0.083018,0
388,16.5547,6314.37,6221.7642,13277.34,-7.5537710963,0.270007,0.348755,16.953,1.2378,1.0753,0.076247,0.683413,-5.987309,174,0.436793,2630.4302,0.080088,0
389,16.5973,6306.13,6222.2452,13558.59,-6.1328050746,0.216091,0.445052,26.3598,1.1269,0.5651,0.058598,0.640737,-5.887127,156,0.440737,2273.2647,0.081675,0
390,16.64,6265.51,6160.9739,13066.41,-6.8491672665,0.294824,0.391435,21.1269,1.2111,0.9372,0.06789,0.659194,-7.925969,153,0.444302,2401.3907,0.084605,0
391,16.6827,6211.12,6193.3737,13253.91,-6.7999185268,0.19979,0.398634,21.6585,1.208,0.8478,0.066571,0.664873,-5.344065,166,0.452545,2428.5385,0.082408,0
392,16.7253,6257.05,6153.5705,13183.59,-7.3609012674,0.29037,0.36308,17.3488,1.2484,1.0672,0.073333,0.693336,-8.172155,183,0.432042,2599.3105,0.08839,0
393,16.768,6428.47,6228.8218,13617.19,-6.9101800667,0.188017,0.393836,19.6501,1.1486,0.7345,0.067447,0.684745,-4.378163,149,0.412802,2529.1967,0.087901,0
394,16.8107,6263.02,6216.0781,13500.0,-7.2424544797,0.218368,0.371708,18.4611,1.1952,0.8738,0.071633,0.676176,-6.79828,154,0.427845,2629.6667,0.078867,0
395,16.8533,6444.5,6332.1427,13769.53,-6.9913059993,0.222124,0.387164,19.1415,1.1519,0.6986,0.068684,0.673614,-6.468482,135,0.438888,2505.1888,0.082163,0
396,16.896,6263.58,6187.2666,13242.19,-7.1113757774,0.193965,0.376774,18.3557,1.2129,0.9269,0.070653,0.681444,-4.716103,142,0.419106,2634.8044,0.087901,0
397,16.9387,6380.73,6245.1625,13535.16,-6.407291115,0.342604,0.429286,23.9651,1.1252,0.5939,0.061209,0.637585,-4.361356,154,0.455504,2365.5165,0.083506,0
398,16.9813,6101.78,6147.406,13253.91,-6.6070456201,0.263626,0.410105,22.6428,1.2058,0.8071,0.064518,0.648908,-3.237784,160,0.426061,2426.5739,0.079477,0
399,17.024,6330.26,6222.458,13406.25,-6.9406860102,0.206903,0.392191,19.4352,1.1738,0.7733,0.06775,0.673932,-6.690062,154,0.421753,2499.6154,0.079966,0
400,17.0667,6166.1,6181.995,13441.41,-6.6797445318,0.270124,0.408744,22.4071,1.1929,0.7803,0.064758,0.649378,-3.216089,147,0.41665,2428.2093,0.080698,0
401,17.1093,6378.07,6269.715,13558.59,-7.1874373561,0.158638,0.376083,18.5277,1.1773,0.8269,0.070786,0.679395,-5.525308,161,0.41433,2439.9026,0.078989,0
402,17.152,6264.65,6145.2824,13417.97,-6.0573555543,0.327215,0.449371,26.3984,1.1085,0.5418,0.057899,0.619949,-5.491193,163,0.453275,2317.4332,0.081065,0
403,17.1947,6604.86,6297.277,14085.94,-6.5835332787,0.218076,0.42136,21.2855,1.1025,0.556,0.062558,0.68629,-3.520509,161,0.444238,2449.7443,0.089,0
404,17.2373,6107.19,6170.7507,13195.31,-6.8595357589,0.259443,0.389907,20.6472,1.2497,0.9658,0.068173,0.669555,-8.937589,143,0.425492,2464.9338,0.089366,0
405,17.28,6210.5,6171.3023,13406.25,-6.6865551676,0.225113,0.401671,21.8666,1.1848,0.7716,0.066022,0.663767,-3.953268,172,0.446564,2367.9621,0.087169,0
406,17.3227,6412.71,6228.7897,13371.09,-7.0278769622,0.234838,0.387644,19.489,1.1964,0.9208,0.068595,0.682571,-5.810172,167,0.427584,2557.9351,0.088634,0
407,17.3653,6384.78,6214.9811,13394.53,-7.6340952987,0.230246,0.342233,15.2731,1.2229,1.0066,0.077613,0.692236,-7.228228,167,0.431741,2597.6637,0.085704,0
408,17.408,6136.41,6138.4355,13148.44,-6.8289153811,0.212481,0.398192,21.0315,1.2225,0.8987,0.066651,0.667647,-11.174524,162,0.450923,2312.0604,0.080088,0
409,17.4507,6353.07,6236.8483,13582.03,-6.7013074075,0.208988,0.398532,21.5865,1.1665,0.766,0.06659,0.649958,-6.080949,162,0.432128,2552.0247,0.081065,0
410,17.4933,6435.1,6286.734,13781.25,-7.1627777346,0.327235,0.37328,18.3193,1.1852,0.8399,0.071328,0.67911,-7.938623,147,0.455832,2576.431,0.089733,0
411,17.536,6441.48,6180.8223,13628.91,-6.936537696,0.247001,0.394343,19.9719,1.1676,0.7957,0.067354,0.691036,-8.521883,133,0.439549,2334.8821,0.088512,0
412,17.5787,6320.26,6164.7495,13347.66,-7.5093168041,0.223098,0.356045,16.1787,1.2205,1.0318,0.074749,0.702201,-10.194904,143,0.44682,2584.6665,0.085948,0
413,17.6213,6228.93,6148.3261,13230.47,-6.8766797912,0.269736,0.386796,19.2135,1.2313,0.9359,0.068753,0.665355,-6.547377,146,0.457468,2466.1713,0.082652,0
414,17.664,5951.22,6129.7405,13136.72,-6.4148059915,0.281685,0.430692,24.0948,1.2168,0.7695,0.060972,0.638904,-3.141233,165,0.476692,2213.7866,0.074838,0
415,17.7067,6104.47,6121.3438,13101.56,-6.3409280381,0.180207,0.436692,24.4435,1.1889,0.7162,0.059971,0.653841,-7.67573,141,0.449046,2329.5717,0.076547,0
416,17.7493,5929.26,5962.068,12761.72,-5.5538766217,0.113961,0.490724,38.6742,1.134,0.4958,0.051527,0.57209,-1.653971,147,0.456747,2048.3261,0.078501,0
417,17.792,6171.65,6148.7051,13230.47,-7.1358669209,0.226333,0.372193,19.5885,1.2162,0.9159,0.071539,0.662632,-4.346666,155,0.482257,2503.6178,0.08021,0
418,17.8347,6403.24,6194.5136,13675.78,-6.9824147986,0.252437,0.388613,19.2109,1.1802,0.8398,0.068414,0.679316,-3.617157,158,0.438939,2384.4919,0.08375,0
419,17.8773,6304.96,6239.1059,13582.03,-6.729222855,0.138334,0.40498,22.0915,1.1886,0.78,0.065428,0.667819,-5.863719,164,0.445052,2493.8105,0.087291,0
420,17.92,6470.22,6342.6333,13863.28,-7.6078106103,0.227721,0.350421,16.1478,1.207,0.9471,0.075902,0.696268,-4.38077,170,0.417598,2569.3535,0.087291,0
421,17.9627,6293.48,6232.2645,13476.56,-7.2502591844,0.114621,0.370878,18.6312,1.197,0.9045,0.071795,0.681404,-4.32697,157,0.41984,2643.8688,0.082408,0
422,18.0053,6094.71,6218.9247,13195.31,-7.0281907526,0.248463,0.379844,20.0872,1.2287,0.9231,0.070066,0.661971,-10.371831,149,0.441126,2489.1965,0.076547,0
423,18.048,6437.03,6245.9677,13734.38,-6.6973560831,0.214473,0.407154,21.2483,1.1378,0.6938,0.06504,0.656624,-1.755484,168,0.444746,2476.8112,0.08607,0
424,18.0907,6429.89,6251.1829,13570.31,-7.3350152181,0.263634,0.365234,17.8892,1.2035,0.9312,0.072905,0.693775,-7.862079,152,0.428511,2612.8007,0.092785,0
425,18.1333,6413.26,6233.669,13734.38,-6.5749373276,0.184784,0.418634,22.5551,1.1316,0.6516,0.063028,0.672353,-6.605868,152,0.426134,2399.3476,0.085093,0
426,18.176,6395.5,6179.9701,13664.06,-6.7755843739,0.350961,0.406682,20.4015,1.1429,0.6743,0.065124,0.688768,-2.004981,149,0.424521,2468.3372,0.087657,0
427,18.2187,6397.86,6186.3765,13453.12,-6.9544393515,0.28028,0.391864,19.6492,1.1597,0.7737,0.067811,0.684394,-5.223857,161,0.426524,2524.1518,0.087535,0
428,18.2613,6164.84,6177.8825,13183.59,-7.1498579832,0.307488,0.372049,18.4365,1.1959,0.8542,0.071567,0.668399,-6.768122,162,0.471554,2553.3602,0.083506,0
429,18.304,6191.9,6130.1315,13335.94,-6.4645938349,0.147179,0.427325,22.9334,1.1998,0.7663,0.06154,0.678856,-3.176629,167,0.469395,2346.976,0.088634,0
430,18.3467,6471.28,6250.5392,13617.19,-7.4022837675,0.233901,0.359813,17.5086,1.2016,0.923,0.073987,0.702614,-3.821948,167,0.437548,2526.0663,0.092296,0
431,18.3893,6526.33,6209.8314,13535.16,-6.8921687313,0.277555,0.397285,20.1612,1.1532,0.7994,0.066816,0.700565,-4.62117,171,0.416854,2527.1764,0.088146,0
432,18.432,6352.77,6202.8516,13582.03,-6.5467786028,0.22594,0.421453,23.8071,1.166,0.7304,0.062542,0.664795,-3.453302,167,0.419929,2339.3266,0.089488,0
433,18.4747,6323.45,6175.0376,13535.16,-7.1366146472,0.14019,0.385925,19.8277,1.1693,0.8314,0.068916,0.687484,-9.052273,140,0.444125,2383.451,0.087779,0
434,18.5173,6270.67,6217.1804,13593.75,-6.3356618016,0.158175,0.428602,24.8001,1.1263,0.5581,0.061324,0.653798,-7.603237,155,0.43763,2286.72,0.076792,0
435,18.56,6222.66,6230.1196,13335.94,-6.7526862958,0.232952,0.406968,22.7723,1.1956,0.8189,0.065073,0.655148,-1.628132,159,0.438331,2390.4498,0.078501,0
436,18.6027,6331.33,6270.8876,13582.03,-6.9783944311,0.218284,0.38595,19.3217,1.1657,0.7498,0.068912,0.661364,-5.87504,170,0.430958,2595.3014,0.087169,0
437,18.6453,6241.58,6263.1122,13441.41,-6.8435855364,0.121224,0.401907,21.7543,1.1616,0.6811,0.065979,0.665352,-4.260842,155,0.434139,2364.9447,0.086681,0
438,18.688,6182.97,6115.5829,13171.88,-5.9266346554,0.194287,0.467251,29.4545,1.1369,0.5882,0.055075,0.6345,-2.171716,177,0.430956,2155.452,0.082285,0
439,18.7307,5929.44,5995.2393,12609.38,-6.3652208877,0.250651,0.431262,25.7788,1.2468,0.9208,0.060876,0.642697,-4.371089,139,0.442984,2196.7162,0.07728,0
440,18.7733,6230.23,6132.2762,13359.38,-6.4261602729,0.226527,0.429026,25.7795,1.1648,0.7143,0.061253,0.658098,-5.747688,164,0.43486,2363.2404,0.083628,0
441,18.816,6357.78,6260.282,13664.06,-7.2955072611,0.201084,0.368766,18.5297,1.1985,0.8986,0.072208,0.682269,-4.652117,159,0.4198,2574.6161,0.088268,0
442,18.8587,6345.92,6218.9066,13441.41,-7.1762430596,0.215027,0.375486,18.6623,1.177,0.8675,0.070901,0.678222,-4.082389,165,0.419065,2658.4946,0.087291,0
443,18.9013,6402.45,6252.2179,13464.84,-7.3327189408,0.132644,0.369505,17.1928,1.1938,0.8941,0.072063,0.70039,-5.027473,173,0.435359,2573.1408,0.083628,0
444,18.944,6296.48,6126.4981,13183.59,-7.0500926346,0.21594,0.385786,19.2927,1.2002,0.9382,0.068942,0.688357,-3.011434,153,0.435332,2590.9282,0.08314,0
445,18.9867,6306.7,6220.0745,13476.56,-7.37997078,0.149106,0.365203,17.8713,1.2289,1.0222,0.072911,0.687849,-2.075723,178,0.419225,2609.8146,0.088634,0
446,19.0293,6288.5,6185.0787,13207.03,-7.4181530772,0.16921,0.357763,16.5039,1.2475,1.0702,0.074401,0.688962,-8.033247,146,0.427275,2570.4919,0.083384,0
447,19.072,6141.48,6201.1161,13300.78,-7.0298126881,0.247878,0.381005,19.3167,1.209,0.8562,0.069845,0.657291,-4.364394,174,0.450406,2602.7536,0.08082,0
448,19.1147,6269.93,6236.9665,13406.25,-7.4623156799,0.214091,0.358658,16.7599,1.2158,0.9729,0.07422,0.676201,-4.076281,171,0.431513,2629.1889,0.082408,0
449,19.1573,6293.01,6199.9767,13406.25,-6.9002676439,0.31868,0.396097,20.4217,1.1751,0.7779,0.067033,0.680469,-2.305305,153,0.423719,2513.5264,0.08082,0
450,19.2,6211.43,6161.0859,13195.31,-6.8292580208,0.279857,0.393074,21.4772,1.2303,0.9371,0.067588,0.666574,-1.550521,165,0.425424,2578.7448,0.081675,0
451,19.2427,6144.7,6088.9704,12996.09,-7.0406178078,0.327626,0.380959,20.0106,1.2215,0.9794,0.069854,0.676163,-7.040275,160,0.430311,2428.1664,0.087413,0
452,19.2853,6268.06,6238.672,13417.97,-7.074853343,0.244506,0.379118,19.7019,1.1911,0.8876,0.070204,0.666973,-5.485418,169,0.434698,2547.5878,0.088023,0
453,19.328,6378.76,6203.2051,13570.31,-6.9165159908,0.26847,0.394275,20.2164,1.1668,0.7766,0.067367,0.683015,-8.532847,147,0.456132,2469.4136,0.087901,0
454,19.3707,6305.64,6213.9755,13546.88,-6.9912712511,0.207536,0.384406,19.3635,1.1753,0.7899,0.069202,0.678984,-7.920414,142,0.433301,2400.2469,0.090587,0
455,19.4133,6268.28,6170.5841,13300.78,-6.8711039155,0.26133,0.384739,19.9336,1.1732,0.8394,0.069139,0.660184,-6.418071,174,0.448304,2541.3742,0.09132,0
456,19.456,6430.32,6162.555,13605.47,-6.4452602902,0.256913,0.423936,24.1796,1.1498,0.6604,0.062117,0.674641,-2.600665,162,0.469403,2374.1417,0.084849,0
457,19.4987,6360.72,6219.8591,13371.09,-7.0261336929,0.258207,0.384639,19.9974,1.1962,0.9105,0.069158,0.676263,-6.765969,156,0.417748,2505.9545,0.08607,0
458,19.5413,6163.07,6106.8851,13125.0,-6.7732846921,0.233584,0.405314,21.7505,1.1946,0.8339,0.065368,0.665566,-3.756715,157,0.423795,2411.9206,0.087535,0
459,19.584,6370.08,6140.8347,13335.94,-7.4276006479,0.196161,0.358228,17.2777,1.2071,1.024,0.074307,0.688398,-4.101994,153,0.439515,2625.2669,0.083262,0
460,19.6267,6341.98,6291.2535,13816.41,-7.1262493507,0.301539,0.375951,18.6454,1.1966,0.8133,0.070811,0.667218,-4.079848,166,0.445889,2555.1298,0.083628,0
461,19.6693,6294.32,6188.5083,13406.25,-6.7176181051,0.298763,0.407953,20.5097,1.17,0.738,0.064898,0.660473,-3.601756,140,0.451302,2435.1672,0.081187,0
462,19.712,6199.62,6154.1748,13019.53,-7.57273879,0.229784,0.349937,16.7341,1.2651,1.1484,0.076002,0.699512,-8.791778,151,0.465587,2669.9819,0.083384,0
463,19.7547,6371.75,6274.0921,13687.5,-7.2368915649,0.255851,0.373474,18.2438,1.2133,0.9265,0.07129,0.67663,-3.008137,170,0.44299,2521.1452,0.09132,0
464,19.7973,6468.66,6249.673,13605.47,-7.2952097498,0.306307,0.369437,17.6712,1.1589,0.7983,0.072077,0.688158,-7.155409,150,0.427705,2616.2454,0.089611,0
465,19.84,6290.23,6218.3187,13488.28,-6.8456880715,0.212159,0.398701,21.3076,1.1906,0.7923,0.066559,0.666783,-5.114524,179,0.425189,2440.229,0.082408,0
466,19.8827,6319.73,6186.6486,13593.75,-6.8747144992,0.236439,0.397748,20.429,1.1925,0.8355,0.066732,0.677764,-6.342898,165,0.423143,2454.2203,0.082652,0
467,19.9253,6272.5,6204.1529,13277.34,-7.2800763492,0.203451,0.368848,19.1334,1.2332,0.9938,0.072192,0.690913,-8.336707,154,0.436727,2606.9878,0.082041,0
468,19.968,6292.46,6162.258,13406.25,-6.7697084695,0.287873,0.406994,20.746,1.208,0.8585,0.065069,0.683196,-4.842306,153,0.429397,2507.5987,0.083018,0
469,20.0107,6229.92,6156.4979,13394.53,-6.5717963632,0.287308,0.418478,23.609,1.2018,0.8286,0.063055,0.665999,-6.445928,158,0.430839,2479.6774,0.090343,0
470,20.0533,6422.95,6245.2673,13722.66,-6.7048016726,0.213656,0.410998,21.8515,1.1586,0.713,0.06436,0.678369,-5.937599,145,0.434541,2409.9663,0.093639,0
471,20.096,6192.79,6134.4068,13148.44,-6.6516252475,0.203419,0.411277,22.0761,1.1981,0.8199,0.064311,0.65767,-3.725407,142,0.416548,2371.1016,0.090465,0
472,20.1387,6418.17,6119.2905,13441.41,-6.5684929693,0.203203,0.426746,23.294,1.174,0.801,0.061638,0.688646,-3.481831,149,0.441501,2279.5668,0.088146,0
473,20.1813,6256.45,6218.7723,13359.38,-6.6154233754,0.166209,0.417534,23.1861,1.1513,0.6804,0.063218,0.658071,-6.734004,161,0.43217,2286.0067,0.085948,0
474,20.224,6283.4,6165.6959,13359.38,-7.0529879895,0.244378,0.378917,19.0252,1.2217,0.9674,0.070243,0.67334,-1.611589,161,0.460977,2520.7928,0.081919,0
475,20.2667,6329.2,6249.7305,13582.03,-6.9656902119,0.266943,0.383989,18.681,1.1729,0.7418,0.06928,0.677039,-6.318926,173,0.456109,2518.2308,0.079966,0
476,20.3093,6560.47,6234.9995,13687.5,-7.6691632525,0.308015,0.345038,15.4623,1.1966,0.9675,0.077022,0.710288,-4.454112,171,0.46876,2632.9105,0.086436,0
477,20.352,6185.05,6174.7596,13160.16,-6.8605589997,0.246102,0.394751,21.4248,1.2049,0.8642,0.067279,0.661525,-5.777846,167,0.446452,2468.2385,0.081675,0
478,20.3947,5998.1,6085.4806,12785.16,-6.5818116006,0.121342,0.414445,23.2413,1.1983,0.8313,0.063756,0.640174,-3.325241,163,0.458383,2391.4545,0.073373,0
479,20.4373,6338.77,6225.1009,13289.06,-7.3883803351,0.174973,0.361033,18.4794,1.2267,1.0589,0.073742,0.682718,-3.440176,169,0.448687,2559.6127,0.079722,0
480,20.48,6290.7,6225.8832,13511.72,-7.2036016996,0.235936,0.369085,17.868,1.2067,0.9075,0.072146,0.681512,-7.772869,162,0.439129,2573.8773,0.084971,0
481,20.5227,6464.35,6301.3137,13968.75,-6.5747030768,0.171269,0.423941,23.513,1.122,0.5913,0.062116,0.663719,-2.117971,137,0.429841,2362.6146,0.087901,0
482,20.5653,6203.93,6127.431,13195.31,-6.4631453187,0.209056,0.428874,23.0545,1.1555,0.6966,0.061278,0.656734,-7.353145,145,0.450851,2237.109,0.080698,0
483,20.608,6316.4,6271.4733,13675.78,-7.1776600526,0.164565,0.372692,18.2006,1.17,0.7787,0.071442,0.678948,-6.62327,163,0.437942,2594.872,0.075082,0
484,20.6507,6167.39,6233.8617,13300.78,-7.2261106292,0.242112,0.369748,18.8042,1.2403,0.9759,0.072016,0.67244,-6.872792,147,0.430731,2512.88,0.081797,0
485,20.6933,6127.91,6168.7692,13054.69,-7.1483318079,0.255945,0.374656,19.1716,1.244,1.0054,0.071061,0.668714,-5.536729,145,0.448036,2543.6653,0.081553,0
486,20.736,6258.49,6110.7631,13171.88,-6.7617452624,0.296174,0.40234,22.2123,1.2088,0.9246,0.065901,0.677158,-6.320519,167,0.443625,2535.4311,0.086314,0
487,20.7787,6204.16,6117.1049,13218.75,-7.0625483231,0.188662,0.38577,19.8038,1.2343,0.9907,0.068945,0.683943,-3.692674,152,0.455092,2464.1105,0.089244,0
488,20.8213,6537.71,6309.075,13886.72,-7.2649608305,0.206813,0.375634,18.4663,1.1452,0.7794,0.070873,0.685919,-5.826235,156,0.436021,2541.3543,0.086192,0
489,20.864,6467.96,6263.2792,13675.78,-6.4992993355,0.209966,0.42395,22.5829,1.0928,0.544,0.062114,0.652035,-6.266009,157,0.429924,2396.5913,0.089244,0
490,20.9067,6259.81,6185.8694,13382.81,-7.0091341135,0.286182,0.389668,19.4346,1.189,0.822,0.068218,0.669932,-3.814228,156,0.441642,2358.1443,0.086314,0
491,20.9493,6174.13,6164.4367,13171.88,-6.3383854488,0.298498,0.432725,25.3248,1.175,0.6983,0.060631,0.657088,-1.738287,179,0.445014,2280.8648,0.081187,0
492,20.992,6122.84,6224.9784,13347.66,-7.6243128047,0.314376,0.343397,16.4058,1.2669,1.0719,0.077367,0.677792,-5.377768,152,0.437235,2729.4937,0.078379,0
493,21.0347,5920.83,6098.513,12761.72,-6.5205785593,0.175224,0.417028,24.6266,1.2381,0.8436,0.063306,0.658194,-3.488684,159,0.435846,2277.5726,0.081675,0
494,21.0773,6453.98,6223.5619,13710.94,-7.5714024303,0.277935,0.344466,15.8449,1.2063,0.9922,0.077142,0.691146,-2.950012,164,0.452764,2643.0776,0.087413,0
495,21.12,6144.51,6166.906,13207.03,-6.2955666171,0.172556,0.428212,24.2703,1.1718,0.6839,0.06139,0.643682,-4.501313,161,0.438767,2250.0262,0.08253,0
496,21.1627,6217.7,6162.9533,13171.88,-7.3431066012,0.276393,0.357602,17.3568,1.2285,1.0129,0.074433,0.678727,-4.225697,148,0.467049,2753.7123,0.080698,0
497,21.2053,6386.24,6136.0374,13453.12,-7.0130309985,0.25449,0.394516,20.0523,1.2039,0.9295,0.067323,0.697907,-4.953338,166,0.426621,2495.5228,0.090221,0
498,21.248,6463.61,6188.1891,13617.19,-6.6967449484,0.294891,0.409356,21.556,1.157,0.7196,0.06465,0.686084,-2.135707,174,0.437825,2416.5786,0.089366,0
499,21.2907,6318.53,6203.6305,13359.38,-6.9680239431,0.241468,0.38486,20.6373,1.2165,0.9483,0.069116,0.670645,-4.635066,166,0.455103,2494.0745,0.084117,0
500,21.3333,6097.27,6111.4443,13183.59,-6.4065682103,0.357452,0.425465,23.536,1.1927,0.7241,0.061856,0.661698,-3.971468,161,0.453575,2273.6592,0.084117,0
501,21.376,6222.5,6107.9616,13148.44,-6.8604440287,0.287137,0.39461,21.0208,1.1982,0.9166,0.067305,0.662104,-5.774769,161,0.437153,2496.8731,0.08607,0
502,21.4187,6150.75,6105.204,12820.31,-6.9197972088,0.211744,0.390256,20.5481,1.2023,0.9165,0.068108,0.646438,-9.670701,149,0.470442,2482.4687,0.085338,0
503,21.4613,6162.17,6263.8742,13324.22,-7.3001265707,0.253128,0.366149,17.6071,1.2467,1.0,0.072724,0.671565,-7.275478,159,0.44773,2640.5501,0.076425,0
504,21.504,6049.02,6059.9352,12937.5,-6.1094432735,0.197175,0.455883,28.109,1.1866,0.7224,0.056858,0.639535,-8.368942,163,0.440566,2154.6684,0.077402,0
505,21.5467,6216.77,6176.7766,13253.91,-6.5857319714,0.244749,0.414168,23.4852,1.1875,0.7969,0.063804,0.646466,-5.230164,158,0.433983,2324.2432,0.080698,0
506,21.5893,6197.0,6165.8539,13054.69,-6.9358167679,0.169945,0.392696,20.1493,1.2076,0.9413,0.067657,0.664225,-5.00338,165,0.456509,2425.1263,0.081431,0
507,21.632,6409.59,6197.4311,13652.34,-6.5963730363,0.106448,0.420164,22.5545,1.0971,0.5523,0.062764,0.665756,-5.206074,163,0.429287,2351.421,0.085582,0
508,21.6747,6246.72,6242.5657,13382.81,-6.5338544648,0.157625,0.419351,22.9677,1.146,0.6132,0.062904,0.649431,-9.135646,147,0.441166,2262.7053,0.086558,0
509,21.7173,6401.3,6181.7549,13535.16,-7.2254226519,0.215442,0.374939,17.98,1.1881,0.8574,0.071006,0.696555,-4.535728,175,0.450844,2462.5608,0.088512,0
510,21.76,6377.06,6220.8995,13406.25,-7.1907258558,0.151991,0.371818,18.1869,1.1879,0.9141,0.071612,0.6816,-5.435037,151,0.448993,2570.9614,0.088756,0
511,21.8027,6239.3,6106.3482,13312.5,-6.9155044243,0.287653,0.390419,19.7622,1.1985,0.8726,0.068078,0.683272,-5.299103,157,0.448782,2597.8851,0.078379,0
512,21.8453,6310.85,6149.2233,13312.5,-6.3809258466,0.137357,0.430677,24.676,1.1528,0.7206,0.060975,0.660825,-8.070299,176,0.465823,2388.65,0.075815,0
513,21.888,6226.14,6204.4038,13417.97,-6.4142343595,0.195374,0.42559,25.3008,1.1929,0.7668,0.061835,0.659774,-8.455847,163,0.423232,2289.4866,0.088512,0
514,21.9307,6393.95,6242.5172,13511.72,-7.2695681975,0.304382,0.363912,17.8742,1.2091,0.9634,0.073167,0.692906,-7.522856,149,0.418766,2674.6462,0.091198,0
515,21.9733,6437.4,6307.1704,13687.5,-7.1453137658,0.152789,0.375279,18.7095,1.1638,0.7912,0.070941,0.666388,-3.203684,136,0.458133,2537.6288,0.087047,0
516,22.016,6280.18,6167.6532,13347.66,-6.5411072991,0.246435,0.423077,23.7863,1.153,0.7156,0.062263,0.659173,-8.475911,170,0.432119,2402.6058,0.088634,0
517,22.0587,6406.99,6273.0125,13757.81,-7.2232558006,0.200153,0.368978,18.7121,1.1812,0.859,0.072167,0.682571,-4.813233,170,0.448079,2652.0646,0.089855,0
518,22.1013,6233.35,6146.0936,13195.31,-6.7937568578,0.20538,0.393794,20.6315,1.1904,0.829,0.067455,0.671819,-5.401989,176,0.45411,2498.0848,0.085826,0
519,22.144,6237.48,6173.2137,13277.34,-6.997348521,0.27755,0.389618,20.3508,1.2354,0.9619,0.068227,0.676399,-2.675129,156,0.457578,2436.1833,0.083018,0
520,22.1867,6450.14,6293.9718,13886.72,-6.711258053,0.18946,0.409325,21.6617,1.1692,0.7248,0.064655,0.682964,-5.1453,176,0.442674,2473.871,0.089366,0
521,22.2293,6284.03,6198.8669,13300.78,-7.0018115766,0.246796,0.387493,20.6827,1.1885,0.8927,0.068623,0.667741,-8.305126,174,0.417276,2495.85,0.089977,0
522,22.272,6498.12,6245.5488,13605.47,-7.3382780995,0.225117,0.369871,17.6689,1.1889,0.9353,0.071992,0.694739,-6.624578,164,0.423241,2598.5037,0.082041,0
523,22.3147,6294.34,6223.871,13570.31,-7.2463620937,0.191512,0.374124,19.0644,1.2088,0.9343,0.071164,0.678103,-6.949412,149,0.429954,2614.1502,0.083873,0
524,22.3573,6215.35,6206.3589,13312.5,-7.2611165289,0.245581,0.36825,17.6177,1.2201,0.9753,0.07231,0.677267,-10.996183,152,0.43325,2602.6131,0.085215,0
525,22.4,6365.18,6084.2452,13242.19,-6.8310918111,0.216898,0.401297,20.3958,1.1901,0.9021,0.066089,0.687806,-7.900805,149,0.421605,2500.8028,0.084117,0
526,22.4427,6176.7,6146.2589,13394.53,-6.8040626272,0.196037,0.402227,20.6031,1.164,0.7101,0.065922,0.662789,-8.005667,144,0.437452,2331.6065,0.08546,0
527,22.4853,6176.6,6165.3188,13253.91,-7.3958800817,0.256077,0.35501,17.5717,1.2346,1.0238,0.07496,0.665252,-10.703126,153,0.46613,2674.0128,0.083262,0
528,22.528,6302.17,6182.9254,13417.97,-6.7347991651,0.247346,0.40691,20.4809,1.1475,0.7304,0.065084,0.664835,-2.798786,144,0.45451,2468.0644,0.080332,0
529,22.5707,6310.13,6243.5948,13582.03,-7.066031515,0.190058,0.385507,19.4037,1.155,0.742,0.068995,0.679876,-4.292811,151,0.436242,2504.3031,0.076425,0
530,22.6133,6363.99,6197.9389,13570.31,-6.6567754539,0.213182,0.407901,22.0288,1.1266,0.6389,0.064908,0.655192,-5.488442,162,0.430348,2549.0196,0.081065,0
531,22.656,6272.07,6161.0802,13183.59,-7.0365571913,0.218758,0.385472,19.2514,1.2049,0.9314,0.069001,0.676461,-3.218618,144,0.472879,2559.6385,0.086925,0
532,22.6987,6251.94,6290.6838,13605.47,-7.4824115315,0.248518,0.353108,16.3867,1.212,0.8837,0.075349,0.683068,-7.043728,172,0.43588,2704.1676,0.08375,0
533,22.7413,6278.69,6190.4126,13417.97,-6.8600363876,0.240903,0.399679,20.8627,1.1945,0.8527,0.066381,0.675888,-6.480372,131,0.442443,2448.6523,0.081675,0
534,22.784,6164.77,6097.7781,13171.88,-6.1135559498,0.258362,0.446067,26.2507,1.1407,0.5708,0.058433,0.654213,-2.008082,152,0.442163,2258.8371,0.085093,0
535,22.8267,6595.29,6285.5822,13968.75,-6.7463060378,0.189943,0.405091,20.1526,1.1279,0.6556,0.065408,0.695345,-3.74454,154,0.456833,2562.6931,0.095226,0
536,22.8693,6387.77,6101.0799,13394.53,-6.2625432461,0.152188,0.438242,25.982,1.1282,0.6567,0.059714,0.651541,-7.353876,169,0.459078,2247.5406,0.090709,0
537,22.912,6161.43,6174.4691,13277.34,-6.7285023825,0.09679,0.404272,22.1086,1.1801,0.7709,0.065554,0.657369,-6.555954,161,0.44355,2424.6525,0.080088,0
538,22.9547,6220.45,6175.7012,13312.5,-6.8328573215,0.183016,0.395897,21.5503,1.2047,0.8558,0.06707,0.666973,-2.984928,177,0.453043,2445.9491,0.08375,0
539,22.9973,6301.29,6253.5018,13511.72,-7.0497171683,0.179989,0.383214,19.4157,1.1773,0.8139,0.069426,0.663631,-4.507691,169,0.448935,2530.1464,0.093884,0
540,23.04,6375.0,6245.3872,13617.19,-7.3855562835,0.18492,0.359801,16.8306,1.1988,0.9085,0.07399,0.688129,-8.950262,152,0.434858,2639.4857,0.090221,0
541,23.0827,6286.43,6225.2288,13593.75,-6.4570838965,0.168376,0.423987,23.3802,1.1422,0.5992,0.062108,0.659543,-2.12968,166,0.43568,2470.1399,0.078012,0
542,23.1253,6199.85,6074.4919,13101.56,-6.0086039614,0.260656,0.457857,27.7572,1.1383,0.5879,0.056545,0.620104,0.254362,163,0.446383,2076.4943,0.0796,0
543,23.168,6400.85,6117.6171,13628.91,-6.9475539216,0.250803,0.395648,20.1799,1.1715,0.8024,0.067115,0.694148,-5.587773,145,0.45099,2465.815,0.087901,0
544,23.2107,6449.29,6218.3803,13699.22,-7.0194728589,0.277259,0.3898,18.2735,1.1487,0.7555,0.068193,0.678849,-6.655586,155,0.419829,2557.5488,0.087047,0
545,23.2533,6351.58,6148.2234,13417.97,-6.5584695671,0.173685,0.424767,22.1107,1.1531,0.6908,0.061975,0.691396,-5.071234,169,0.429084,2272.1867,0.086925,0
546,23.296,6533.19,6165.5169,13933.59,-6.0965351673,0.19768,0.456227,27.5421,1.1111,0.5415,0.056803,0.678965,-2.050107,148,0.431982,2209.8671,0.093395,0
547,23.3387,6350.58,6125.8651,13406.25,-6.2827801924,0.204321,0.437972,24.4081,1.1596,0.6656,0.059759,0.674488,-3.071222,138,0.435072,2299.6792,0.092052,0
548,23.3813,6326.24,6219.6259,13464.84,-7.5404093611,0.181306,0.353083,16.5783,1.2213,0.9908,0.075354,0.695961,-7.205998,149,0.418456,2593.2313,0.092174,0
549,23.424,6370.53,6301.6906,13734.38,-7.1079419482,0.187503,0.385767,19.2087,1.1476,0.7062,0.068946,0.671072,-4.425312,155,0.444914,2506.9016,0.088756,0
550,23.4667,6451.14,6216.2169,13628.91,-6.5757220708,0.152822,0.417615,21.9199,1.1148,0.613,0.063204,0.670139,-6.397372,153,0.469634,2374.6554,0.090709,0
551,23.5093,6380.97,6205.2801,13687.5,-6.800992371,0.242322,0.394817,20.427,1.1641,0.7715,0.067267,0.66985,-5.088767,176,0.437691,2491.5795,0.093884,0
552,23.552,6424.94,6203.1915,13570.31,-7.2801222383,0.191235,0.367105,17.7173,1.184,0.8959,0.072535,0.678579,-4.032078,164,0.45265,2574.4478,0.087291,0
553,23.5947,6361.36,6199.3697,13335.94,-7.4528227759,0.24252,0.358859,17.1185,1.2197,0.9891,0.074179,0.692282,-2.075751,163,0.449377,2619.406,0.085704,0
554,23.6373,6142.54,6194.9137,13230.47,-6.8734986263,0.177055,0.395791,21.1314,1.1943,0.7966,0.067089,0.666252,-4.840488,162,0.453877,2349.2692,0.080332,0
555,23.68,5976.9,6123.8273,12878.91,-6.6407127958,0.195561,0.406058,22.1152,1.2432,0.9346,0.065235,0.648784,-8.81599,169,0.446457,2324.4045,0.075937,0
556,23.7227,6162.52,6099.6519,13089.84,-6.6671784618,0.187678,0.415763,22.6867,1.1938,0.8324,0.063526,0.674504,-5.550369,163,0.437467,2440.2837,0.084849,0
557,23.7653,6306.19,6156.262,13500.0,-6.5312923778,0.226919,0.420123,22.1513,1.1335,0.6558,0.062771,0.6554,-6.833527,153,0.443418,2329.2703,0.093273,0
558,23.808,6377.33,6213.2673,13582.03,-6.6538822078,0.158613,0.414351,21.05,1.1499,0.7156,0.063772,0.673005,-4.640995,154,0.447328,2426.3746,0.087657,0
559,23.8507,6344.65,6276.2905,13570.31,-6.8010517929,0.224264,0.397059,21.0495,1.1857,0.791,0.066857,0.664951,-9.238873,153,0.448243,2409.2759,0.08375,0
560,23.8933,6365.48,6160.2321,13500.0,-6.3002614774,0.228125,0.437919,24.6895,1.1448,0.6235,0.059768,0.668162,-3.85466,134,0.427742,2274.1659,0.085215,0
561,23.936,6137.37,6173.4109,13207.03,-6.8199653369,0.244601,0.399362,20.4789,1.2114,0.8179,0.066439,0.670351,-6.986381,155,0.428895,2457.3118,0.080454,0
562,23.9787,6359.28,6190.0843,13417.97,-7.1383270619,0.305344,0.379805,18.537,1.1807,0.8545,0.070073,0.679241,-7.559382,179,0.437969,2503.8994,0.081065,0
563,24.0213,6403.77,6191.7806,13699.22,-6.6504818956,0.261173,0.410389,21.0821,1.131,0.6608,0.064467,0.669179,-6.578558,141,0.446416,2503.3898,0.08375,0
564,24.064,6108.79,6082.3713,13042.97,-6.9078416335,0.258362,0.386896,20.7532,1.2323,0.9489,0.068734,0.661116,-3.813703,186,0.466317,2366.0138,0.083873,0
565,24.1067,6425.24,6213.9775,13640.62,-7.3852104598,0.227652,0.364787,16.6881,1.2056,0.9599,0.072993,0.699159,-9.152605,154,0.448012,2644.4286,0.085826,0
566,24.1493,6349.32,6302.3856,13792.97,-7.3802736066,0.333617,0.359087,17.6838,1.2243,0.9607,0.074133,0.678192,-3.677223,177,0.422873,2605.1751,0.084605,0
567,24.192,6240.75,6236.5288,13441.41,-6.7702053125,0.306868,0.396,20.8955,1.1829,0.7729,0.067051,0.650349,-7.843431,174,0.449015,2472.5369,0.086925,0
568,24.2347,6184.79,6189.1348,13218.75,-7.2223383368,0.139097,0.372011,18.2703,1.2391,0.9943,0.071574,0.680106,-5.783715,173,0.436123,2514.3969,0.086192,0
569,24.2773,6493.23,6236.1213,13570.31,-7.6888346015,0.180753,0.343151,15.7248,1.1989,1.0361,0.077419,0.705587,-8.647092,159,0.436674,2637.2213,0.080942,0
570,24.32,6157.32,6163.2219,13101.56,-6.9891267976,0.294629,0.382194,20.6112,1.273,1.0763,0.069619,0.674971,-3.166684,153,0.435409,2512.4983,0.080576,0
571,24.3627,6224.75,6188.4845,13371.09,-6.8492055569,0.280566,0.39844,22.0975,1.2005,0.8873,0.066606,0.661153,-1.552014,174,0.413997,2522.6897,0.083262,0
572,24.4053,6311.2,6154.0629,13335.94,-6.9377480995,0.355808,0.39396,19.8216,1.1844,0.8146,0.067425,0.68115,-5.596684,170,0.446426,2409.9181,0.086558,0
573,24.448,6262.97,6215.1438,13312.5,-6.2881916778,0.335637,0.426591,23.2164,1.1686,0.7052,0.061665,0.64401,-9.014148,161,0.450019,2399.7121,0.08253,0
574,24.4907,6298.03,6240.901,13546.88,-7.0423810372,0.171585,0.381963,19.501,1.1907,0.8041,0.069663,0.673567,-4.07221,159,0.468179,2562.764,0.082652,0
575,24.5333,6266.08,6215.5136,13546.88,-6.1880900385,0.199548,0.443581,25.9302,1.1414,0.5561,0.058838,0.654598,-4.295356,154,0.438358,2239.4251,0.083995,0
576,24.576,6443.78,6315.6771,13792.97,-7.5283069475,0.233655,0.352066,15.37,1.1729,0.8289,0.075563,0.686263,-6.776626,158,0.447924,2553.3973,0.08021,0
577,24.6187,6096.32,6108.2093,13148.44,-6.4033555969,0.353763,0.427478,25.1633,1.2003,0.7614,0.061514,0.653303,-3.173752,141,0.449894,2348.2542,0.080088,0
578,24.6613,6217.53,6143.4273,13312.5,-6.1699231766,0.234912,0.433562,24.9083,1.1435,0.6054,0.060491,0.63638,-4.635746,165,0.455367,2173.1295,0.083873,0
579,24.704,6394.13,6224.2217,13617.19,-7.2467224708,0.270083,0.372537,17.826,1.2018,0.9233,0.071472,0.688982,-4.645863,155,0.476352,2649.3898,0.087413,0
580,24.7467,6422.49,6266.9889,13699.22,-7.1303262875,0.190482,0.380597,19.702,1.1631,0.8177,0.069922,0.666824,-6.279386,160,0.4356,2528.9073,0.089122,0
581,24.7893,6186.0,6123.0256,13195.31,-6.6952330815,0.336705,0.407138,21.6195,1.2068,0.8533,0.065043,0.657495,-0.683472,163,0.475527,2377.2835,0.086803,0
582,24.832,6470.68,6253.3345,13734.38,-7.339735736,0.232928,0.36542,16.708,1.1753,0.8757,0.072868,0.699941,-3.090166,158,0.427772,2607.1071,0.087291,0
583,24.8747,6445.41,6305.3073,13757.81,-7.0501444647,0.177291,0.380047,18.7852,1.1679,0.796,0.070027,0.675078,-5.957273,149,0.418575,2516.6107,0.088756,0
584,24.9173,6213.38,6234.6944,13417.97,-7.5926829784,0.247078,0.350485,16.4849,1.24,1.0303,0.075888,0.682948,-7.22682,149,0.430645,2496.9702,0.085826,0
585,24.96,6084.52,6133.6524,12984.38,-6.9576780555,0.173639,0.38723,20.5297,1.2383,0.9549,0.068672,0.652732,-6.401706,167,0.435594,2487.6113,0.086558,0
586,25.0027,6393.3,6248.3208,13570.31,-7.3816696959,0.310738,0.353876,17.3117,1.1952,0.9121,0.075191,0.680599,-4.070166,156,0.451398,2641.946,0.08839,0
587,25.0453,6485.56,6262.3951,13722.66,-7.3842912102,0.281586,0.364396,16.6321,1.1762,0.8328,0.073071,0.698929,-4.833797,151,0.433209,2627.4903,0.089244,0
588,25.088,6397.57,6278.4707,13734.38,-6.9862706717,0.175475,0.389408,19.2948,1.1841,0.8357,0.068266,0.674979,-3.18425,158,0.426299,2552.0286,0.085948,0
589,25.1307,6248.35,6199.533,13347.66,-6.9547393143,0.260262,0.384961,20.4161,1.2089,0.915,0.069097,0.655294,-6.931924,140,0.448473,2607.9529,0.083018,0
590,25.1733,6404.85,6167.3559,13453.12,-7.2714796913,0.173442,0.372044,18.1022,1.1917,0.9266,0.071568,0.692031,-4.639842,156,0.459593,2576.4984,0.08375,0
591,25.216,6416.89,6184.0713,13535.16,-6.5808029663,0.212157,0.4142,21.541,1.16,0.7468,0.063798,0.666199,-4.430669,178,0.447542,2390.0325,0.080698,0
592,25.2587,6221.82,6105.9753,13089.84,-6.4606018484,0.219469,0.427948,25.0267,1.1859,0.7947,0.061435,0.658276,-2.82234,153,0.43332,2296.8847,0.079722,0
593,25.3013,6547.04,6303.5363,13921.88,-7.097338824,0.198389,0.38163,18.4114,1.1195,0.6838,0.069726,0.680905,-5.86627,174,0.445716,2522.1403,0.083384,0
594,25.344,6471.54,6276.7147,13652.34,-7.0049258975,0.266934,0.387108,19.5752,1.1526,0.7604,0.068695,0.677199,-2.520676,147,0.407783,2602.5412,0.081187,0
595,25.3867,6348.47,6251.8691,13664.06,-6.8387486501,0.272425,0.396317,21.4923,1.1734,0.7742,0.066993,0.671503,-2.377269,171,0.441562,2517.068,0.081309,0
596,25.4293,6335.43,6117.5396,13371.09,-6.5634889599,0.216014,0.417224,22.643,1.1799,0.8082,0.063272,0.681487,-4.352869,168,0.432536,2369.1099,0.083262,0
597,25.472,6023.81,6075.7216,12996.09,-6.5157684882,0.226836,0.415297,23.7453,1.204,0.8031,0.063607,0.638987,-5.380956,168,0.454116,2196.0558,0.076303,0
598,25.5147,6215.4,6266.7779,13394.53,-7.1419156835,0.257233,0.379385,19.8649,1.1879,0.8411,0.070153,0.656748,-5.478639,165,0.431497,2506.8549,0.076425,0
599,25.5573,6369.24,6210.1698,13429.69,-7.4055745419,0.195315,0.361889,17.3898,1.2344,1.0711,0.073571,0.690197,-6.041871,166,0.448757,2657.2031,0.084605,0
600,25.6,6534.91,6234.3707,13535.16,-7.2416372799,0.229982,0.380505,18.0494,1.177,0.888,0.06994,0.700105,-3.53636,170,0.421786,2528.1971,0.083995,0
601,25.6427,6431.5,6246.5225,13582.03,-7.3033568245,0.329933,0.364602,17.289,1.1769,0.8493,0.07303,0.690347,-4.893928,168,0.423253,2744.5584,0.086436,0
602,25.6853,6273.64,6175.0895,13371.09,-6.9370468524,0.360103,0.389413,20.7036,1.2155,0.9773,0.068265,0.661953,-6.991397,164,0.436082,2619.9611,0.088634,0
603,25.728,6482.45,6213.2349,13746.09,-6.9048865304,0.246964,0.400231,20.442,1.1512,0.7404,0.066282,0.688839,-3.340442,188,0.435835,2659.6326,0.089366,0
604,25.7707,6293.87,6123.5395,13394.53,-6.5375743008,0.324552,0.421759,22.8194,1.1719,0.7736,0.062489,0.67468,-4.028454,165,0.425386,2368.0737,0.090221,0
605,25.8133,6449.65,6191.6201,13617.19,-6.529025681,0.163589,0.428314,23.5816,1.1375,0.6603,0.061373,0.684106,-3.119575,160,0.434536,2426.2744,0.085093,0
606,25.856,6521.68,6304.4066,13664.06,-7.8398845397,0.277388,0.3279,14.8752,1.2145,1.0619,0.08071,0.703922,-3.221152,185,0.447308,2628.5531,0.083995,0
607,25.8987,6204.34,6240.6786,13394.53,-7.6727179806,0.218787,0.337383,15.5367,1.2209,0.9907,0.078646,0.679127,-4.01226,160,0.444339,2638.0399,0.086436,0
608,25.9413,6386.14,6226.1352,13722.66,-6.5649230633,0.26379,0.41665,21.6045,1.1321,0.6508,0.063371,0.668945,-5.301973,171,0.437372,2420.4214,0.080576,0
609,25.984,6442.19,6242.6123,13523.44,-6.9929533504,0.212627,0.388981,20.0536,1.1598,0.7913,0.068345,0.682786,-3.9412,164,0.428522,2487.7587,0.081675,0
610,26.0267,6310.73,6218.8444,13359.38,-7.3589227757,0.284564,0.359433,17.0344,1.2163,0.9705,0.074064,0.679141,-4.762788,176,0.441055,2723.3707,0.091564,0
611,26.0693,6332.8,6244.2087,13664.06,-6.3413751086,0.207814,0.434914,23.1788,1.1452,0.6165,0.060266,0.67615,-3.397572,179,0.425931,2324.6006,0.086558,0
612,26.112,6581.21,6373.7748,14074.22,-7.1758660893,0.199247,0.379075,17.8089,1.1379,0.7058,0.070213,0.683527,-4.444695,153,0.449044,2600.6722,0.088878,0
613,26.1547,6180.01,6213.1212,13441.41,-6.5139582206,0.220459,0.414149,22.4366,1.1618,0.6823,0.063807,0.643548,-8.934948,154,0.414337,2278.1995,0.090099,0
614,26.1973,6430.81,6229.5005,13664.06,-6.7618480893,0.214458,0.407007,21.7074,1.1515,0.7127,0.065066,0.664274,-5.954964,169,0.43006,2459.1659,0.083018,0
615,26.24,6331.09,6235.2147,13500.0,-6.9395045121,0.302966,0.389653,18.8363,1.1965,0.8467,0.06822,0.678949,-3.699016,180,0.451641,2501.9978,0.083262,0
616,26.2827,6402.4,6266.351,13628.91,-7.0156107126,0.313881,0.383242,20.4741,1.151,0.7513,0.069421,0.671807,-3.716262,141,0.43747,2581.303,0.087169,0
617,26.3253,6432.83,6165.1843,13546.88,-7.0013678562,0.234903,0.388108,20.2962,1.1934,0.9308,0.068508,0.689012,-5.230331,163,0.434806,2559.6333,0.090343,0
618,26.368,6235.19,6139.3555,13289.06,-7.0135931446,0.194384,0.388991,20.9416,1.2205,0.952,0.068343,0.68258,-5.703129,163,0.427537,2568.9754,0.08375,0
619,26.4107,6045.36,6150.4916,13148.44,-5.9159858707,0.192048,0.458269,30.1224,1.1521,0.5583,0.05648,0.592738,-0.902834,157,0.447523,2055.045,0.084239,0
620,26.4533,6295.71,6159.4379,13253.91,-7.4502721238,0.213626,0.361447,17.8029,1.238,1.0752,0.073659,0.694862,-6.959529,151,0.458716,2525.8855,0.089855,0
621,26.496,6313.26,6215.1626,13324.22,-7.6838337296,0.318364,0.340973,15.6075,1.2122,0.9878,0.07788,0.685275,-9.604101,149,0.431612,2605.3477,0.088146,0
622,26.5387,6341.7,6136.7196,13417.97,-6.5779034819,0.258669,0.41054,22.394,1.1599,0.7442,0.064441,0.68062,-4.5923,175,0.442124,2495.6343,0.083262,0
623,26.5813,6343.21,6124.8278,13394.53,-6.1645452479,0.289218,0.44406,24.8612,1.1383,0.6073,0.05876,0.661719,-3.553809,160,0.438243,2099.1512,0.081553,0
624,26.624,6295.55,6163.5581,13242.19,-6.8148830216,0.305425,0.391929,21.1069,1.2044,0.9163,0.067799,0.670315,-6.325616,156,0.447156,2501.0494,0.084971,0
625,26.6667,6511.67,6340.8465,13933.59,-7.3787667376,0.214321,0.356269,16.8185,1.1779,0.8125,0.074704,0.700175,-4.321622,168,0.446499,2563.8388,0.087169,0
626,26.7093,6167.34,6195.7651,13347.66,-7.0899561303,0.319641,0.371559,18.5544,1.2109,0.8921,0.071662,0.653294,-5.663641,165,0.435835,2653.9299,0.083873,0
627,26.752,6439.66,6128.91,13652.34,-6.5054627854,0.181215,0.427379,24.1284,1.123,0.6666,0.061531,0.669171,-1.677085,160,0.446265,2397.0417,0.081797,0
628,26.7947,6466.2,6330.5884,13933.59,-7.4010781557,0.185952,0.357786,17.2396,1.1648,0.8299,0.074396,0.682946,-9.15316,149,0.435222,2705.2079,0.085582,0
629,26.8373,6274.59,6162.1469,13406.25,-6.8266033775,0.204269,0.398682,21.148,1.1712,0.7864,0.066562,0.662639,-3.402771,164,0.44333,2404.2926,0.087291,0
630,26.88,6427.48,6264.3382,13664.06,-6.9014209008,0.181628,0.38703,19.3326,1.1784,0.7772,0.068709,0.683326,-3.969723,163,0.458026,2622.4314,0.086558,0
631,26.9227,6365.99,6214.3882,13570.31,-7.1180762746,0.158311,0.380365,18.3791,1.1769,0.816,0.069966,0.691675,-3.165346,171,0.427476,2539.8152,0.08546,0
632,26.9653,6328.94,6164.1768,13417.97,-6.6598119053,0.203551,0.410336,22.6134,1.1478,0.7119,0.064477,0.675994,-7.045119,159,0.438973,2537.7411,0.085093,0
633,27.008,6257.62,6138.8165,13183.59,-6.6518307885,0.18049,0.412752,22.0228,1.1845,0.8106,0.064052,0.679406,-5.674916,155,0.447356,2412.6998,0.088023,0
634,27.0507,6539.29,6291.786,13757.81,-7.0114529429,0.301257,0.386359,18.8114,1.1356,0.719,0.068835,0.675368,-7.427626,150,0.446049,2622.2528,0.087535,0
635,27.0933,6160.81,6137.0546,13148.44,-6.5045722861,0.24263,0.413473,23.3018,1.195,0.8017,0.063926,0.651611,-4.474185,151,0.452686,2459.9049,0.08375,0
636,27.136,6298.61,6116.3528,13382.81,-6.2919078623,0.317725,0.438512,26.727,1.1659,0.6929,0.05967,0.654258,-0.690252,151,0.45992,2199.9968,0.082652,0
637,27.1787,6412.9,6162.9259,13546.88,-6.777341915,0.33521,0.402716,21.2719,1.15,0.7498,0.065833,0.675735,-8.33293,151,0.432567,2519.059,0.087657,0
638,27.2213,6504.99,6249.1062,13804.69,-6.7240136698,0.331188,0.409908,20.9675,1.1383,0.6735,0.064552,0.684028,-6.320464,143,0.426589,2477.7596,0.097912,0
639,27.264,6558.94,6344.248,13828.12,-7.9807799082,0.241106,0.326913,13.7256,1.1944,0.9481,0.080928,0.713073,-6.442118,157,0.434955,2578.7016,0.098889,0
640,27.3067,6356.93,6167.9034,13394.53,-7.0274881494,0.219733,0.392848,18.8517,1.1873,0.8477,0.067629,0.691236,-9.532521,137,0.427826,2521.7187,0.091808,0
641,27.3493,5969.77,6107.2281,12937.5,-6.8588189448,0.270393,0.390715,20.634,1.2597,0.9863,0.068023,0.656693,-6.461506,154,0.435516,2345.5309,0.082163,0
642,27.392,6196.16,6213.453,13195.31,-7.0955298485,0.251749,0.380181,19.2816,1.2546,1.0083,0.070002,0.681168,-6.299304,154,0.431667,2491.7024,0.078012,0
643,27.4347,6272.23,6154.1749,13218.75,-6.7224280164,0.209915,0.407784,21.3517,1.1835,0.8122,0.064928,0.65042,-0.340473,163,0.463536,2355.3661,0.085582,0
644,27.4773,6301.9,6207.4081,13394.53,-7.1037914786,0.252177,0.381463,18.9068,1.208,0.8964,0.069758,0.685797,-3.051267,158,0.434914,2519.3496,0.085093,0
645,27.52,6254.49,6135.6782,13476.56,-5.9271233629,0.194789,0.459371,28.5928,1.1177,0.5021,0.056306,0.634845,-0.985783,160,0.452024,2141.3253,0.082163,0
646,27.5627,6185.65,6069.1327,12984.38,-6.8675579723,0.197215,0.397962,20.6402,1.2098,0.9535,0.066693,0.67171,-5.156542,158,0.4215,2534.9053,0.090465,0
647,27.6053,6375.55,6211.5544,13500.0,-7.122506361,0.230529,0.375928,18.8888,1.1958,0.8818,0.070816,0.684338,-4.071362,159,0.45282,2728.4251,0.090465,0
648,27.648,6412.57,6100.4663,13289.06,-6.8862408933,0.287383,0.39964,20.4257,1.1925,0.8856,0.066388,0.693538,-4.687789,148,0.460134,2492.2958,0.089,0
649,27.6907,6486.47,6317.4511,13886.72,-6.9408351714,0.254297,0.386191,19.347,1.1515,0.7127,0.068866,0.682945,-3.784059,158,0.435752,2543.1682,0.091076,0
650,27.7333,6497.87,6230.2516,13640.62,-7.2255144028,0.220259,0.370016,18.3527,1.1929,0.933,0.071963,0.695218,-3.779752,161,0.426779,2517.2649,0.087901,0
651,27.776,6563.91,6282.4681,13886.72,-7.2275108301,0.22221,0.38171,18.7017,1.1567,0.8106,0.069711,0.697929,-8.422408,142,0.406677,2473.8238,0.084727,0
652,27.8187,6427.37,6240.464,13535.16,-7.5287668557,0.254094,0.349928,16.488,1.1916,0.9081,0.076004,0.695387,-7.422025,158,0.435079,2706.2289,0.086314,0
653,27.8613,6353.48,6258.982,13593.75,-6.9009761586,0.199665,0.39236,20.645,1.1716,0.7672,0.067719,0.674084,-4.629038,152,0.442456,2504.8499,0.090221,0
654,27.904,6434.6,6150.3252,13617.19,-6.4651188682,0.224475,0.429404,24.5028,1.1199,0.6112,0.061189,0.680204,-2.990324,158,0.436562,2356.5971,0.087169,0
655,27.9467,6509.36,6283.2543,13921.88,-7.2563943369,0.202075,0.376011,18.0109,1.1689,0.7923,0.0708,0.695176,-4.674992,160,0.43083,2625.6231,0.086803,0
656,27.9893,6377.69,6185.9444,13359.38,-6.932702294,0.215522,0.389783,20.2578,1.2026,0.9336,0.068196,0.68876,-5.879083,171,0.440939,2599.2466,0.087657,0
657,28.032,5997.6,6103.7085,12914.06,-6.6823363164,0.243572,0.39636,21.2746,1.232,0.8965,0.066985,0.648078,-4.228684,159,0.453556,2323.2547,0.079966,0
658,28.0747,6252.2,6197.9075,13230.47,-7.2864612538,0.235086,0.36845,18.4128,1.2362,1.0156,0.07227,0.681926,-4.928528,150,0.44572,2542.5412,0.077036,0
659,28.1173,6197.47,6146.8182,13125.0,-7.2522099279,0.207326,0.367828,18.6604,1.2576,1.0905,0.072393,0.680944,-5.82206,142,0.454353,2509.1062,0.083262,0
660,28.16,6451.87,6212.9574,13570.31,-6.6862508905,0.233356,0.405562,21.8685,1.1658,0.7827,0.065324,0.674559,-4.648794,166,0.460615,2384.6094,0.087901,0
661,28.2027,6459.09,6237.912,13605.47,-6.9789855392,0.216663,0.39275,20.1435,1.1684,0.8437,0.067647,0.676563,-6.439349,148,0.416397,2483.2935,0.085093,0
662,28.2453,6288.83,6152.1565,13371.09,-6.6984807418,0.208633,0.415213,22.7056,1.1845,0.839,0.063622,0.679745,-4.547694,145,0.431948,2267.7063,0.084239,0
663,28.288,6421.84,6218.8017,13617.19,-6.8180704327,0.35521,0.401163,20.8976,1.1585,0.761,0.066113,0.680972,-4.582181,160,0.451785,2484.2061,0.090343,0
664,28.3307,6532.81,6223.0833,13488.28,-7.3533091709,0.14391,0.36364,17.0209,1.1389,0.8373,0.073221,0.689696,-4.779514,162,0.447649,2595.2971,0.089244,0
665,28.3733,6341.0,6194.1424,13488.28,-6.731154522,0.219415,0.404487,20.9144,1.1471,0.7174,0.065516,0.672062,-2.349338,180,0.439259,2454.1111,0.087779,0
666,28.416,6572.74,6271.2757,13921.88,-6.8473272881,0.33895,0.3978,19.8167,1.1293,0.6971,0.066723,0.678451,-6.810984,158,0.434443,2459.3079,0.084605,0
667,28.4587,6129.93,6155.0376,13277.34,-6.0440689659,0.231105,0.448098,26.8001,1.1441,0.5547,0.058104,0.623115,-1.702656,158,0.432042,2083.2927,0.081431,0
668,28.5013,6217.91,6022.3321,13078.12,-6.1240364671,0.211723,0.453457,27.1699,1.1381,0.6255,0.057244,0.643827,-3.728687,150,0.458883,2171.8317,0.087535,0
669,28.544,6102.56,6087.1183,12867.19,-6.7446526211,0.157826,0.407651,21.9568,1.2422,1.0035,0.064952,0.673064,-7.388842,151,0.468721,2414.3645,0.084117,0
670,28.5867,6320.51,6213.7757,13546.88,-6.3059042271,0.239782,0.43093,24.1985,1.1297,0.5556,0.060932,0.664809,-2.263791,177,0.447438,2347.517,0.083506,0
671,28.6293,6420.86,6257.1702,13746.09,-7.120589958,0.195806,0.378301,18.9112,1.1652,0.7838,0.07036,0.679904,-3.778235,175,0.463145,2541.2824,0.091564,0
672,28.672,6219.26,6220.5072,13476.56,-7.4212070327,0.227032,0.354974,17.7527,1.2265,0.9594,0.074967,0.680297,-4.510993,162,0.461348,2614.9944,0.085948,0
673,28.7147,6214.31,6192.3629,13148.44,-7.5836504099,0.230625,0.343643,17.216,1.2486,1.1018,0.077315,0.681062,-8.347006,157,0.454124,2539.0165,0.079722,0
674,28.7573,6356.57,6213.3954,13675.78,-6.655815499,0.223729,0.40562,21.366,1.152,0.6863,0.065313,0.664687,-7.250434,163,0.466187,2443.9565,0.080576,0
675,28.8,6289.5,6207.9956,13359.38,-7.0194955996,0.19702,0.386675,20.6666,1.1862,0.8437,0.068776,0.666399,-8.376008,156,0.464661,2517.9021,0.085093,0
676,28.8427,6279.85,6242.0075,13429.69,-7.3038671114,0.236511,0.363385,17.0821,1.2104,0.9448,0.073272,0.68197,-5.942909,163,0.436446,2556.1577,0.090099,0
677,28.8853,6213.35,6139.9774,13207.03,-6.6220475599,0.258325,0.410613,22.5678,1.1766,0.7735,0.064428,0.658445,-4.562901,174,0.459715,2440.4275,0.088023,0
678,28.928,6291.94,6195.9979,13523.44,-7.0684849133,0.266949,0.387199,20.1915,1.1982,0.8771,0.068678,0.677602,-7.614018,149,0.440544,2481.8382,0.085215,0
679,28.9707,6360.06,6249.6016,13617.19,-7.1905303803,0.167284,0.372993,18.5845,1.1767,0.8331,0.071383,0.674498,-4.155097,148,0.441375,2565.886,0.08546,0
680,29.0133,6278.27,6239.1579,13652.34,-6.9430314538,0.232386,0.389446,19.4169,1.183,0.7877,0.068259,0.670646,-4.967346,166,0.446426,2609.4878,0.082163,0
681,29.056,6231.31,6141.512,13406.25,-6.053245054,0.217523,0.453718,27.6079,1.1594,0.64,0.057202,0.658154,-3.258861,149,0.434454,2234.4772,0.084239,0
682,29.0987,6209.24,6151.8526,13136.72,-7.1366635387,0.290452,0.373282,17.9529,1.2396,1.0655,0.071327,0.676611,-8.130622,160,0.447353,2589.8967,0.084239,0
683,29.1413,6319.88,6218.7103,13406.25,-7.2266437465,0.31142,0.365741,18.1082,1.2025,0.9242,0.072804,0.677576,-5.348134,158,0.44021,2418.448,0.082163,0
684,29.184,6440.24,6232.4349,13605.47,-7.7284426445,0.186499,0.338416,14.5732,1.1882,0.9612,0.078425,0.696863,-7.225937,149,0.461353,2550.7845,0.089855,0
685,29.2267,6454.56,6261.6738,13781.25,-6.3916058306,0.222746,0.431665,24.2664,1.1227,0.5728,0.060809,0.66865,-1.121222,165,0.432087,2415.9603,0.087901,0
686,29.2693,6368.99,6186.684,13570.31,-6.8531286131,0.255246,0.400962,20.6327,1.1617,0.738,0.066149,0.684018,-5.73916,189,0.409949,2579.6581,0.08839,0
687,29.312,6504.28,6281.9383,13781.25,-6.9606751637,0.153856,0.392094,20.2082,1.1444,0.7163,0.067768,0.679907,-6.156864,164,0.436691,2489.509,0.091198,0
688,29.3547,6184.81,6095.2967,12960.94,-7.3454751954,0.285296,0.364091,17.3459,1.2448,1.113,0.073132,0.681168,-7.847287,156,0.439612,2542.4825,0.083384,0
689,29.3973,6370.92,6221.5338,13582.03,-7.1838878112,0.21226,0.372137,18.4712,1.151,0.7694,0.07155,0.678872,-8.593882,178,0.43938,2514.9578,0.087779,0
690,29.44,6066.28,6088.9144,13312.5,-5.8393082414,0.222287,0.473989,30.7474,1.1267,0.4688,0.054039,0.619422,-0.508532,145,0.450059,1924.1583,0.092785,0
691,29.4827,6344.15,6140.2989,13628.91,-6.2514754147,0.235817,0.440461,25.3418,1.1214,0.5623,0.059349,0.670453,-7.963388,165,0.446234,2329.2826,0.082041,0
692,29.5253,6290.27,6169.6936,13324.22,-6.7814590776,0.223119,0.401804,21.0156,1.1759,0.7822,0.065998,0.673788,-7.131025,131,0.4283,2457.079,0.082774,0
693,29.568,6287.86,6087.9565,13148.44,-6.2120050594,0.199117,0.44484,26.1381,1.1371,0.6744,0.058633,0.646046,-1.220632,167,0.431162,2326.0799,0.08839,0
694,29.6107,6521.4,6215.5159,13511.72,-7.1686889104,0.240874,0.377113,18.5842,1.1578,0.8795,0.070588,0.686131,-6.516749,172,0.426062,2624.8563,0.092785,0
695,29.6533,6201.9,6206.3044,13312.5,-7.147465112,0.141001,0.378683,19.0706,1.2117,0.912,0.070287,0.676511,-8.744871,169,0.416086,2645.2894,0.089733,0
696,29.696,6271.81,6233.2745,13558.59,-7.4565967366,0.220704,0.359239,17.0835,1.2253,0.9585,0.074103,0.680439,-8.014702,136,0.426529,2494.9051,0.085338,0
697,29.7387,6295.59,6212.0745,13417.97,-6.9648225769,0.152791,0.394764,20.3816,1.1815,0.7974,0.067277,0.665465,-8.331138,143,0.453268,2326.7475,0.082652,0
698,29.7813,6172.32,6264.6827,13582.03,-6.5747025753,0.190184,0.402989,21.8189,1.1729,0.6819,0.065784,0.644423,-6.413708,150,0.450602,2497.1477,0.072274,0
699,29.824,6199.55,6164.0983,13312.5,-6.7391381033,0.259313,0.403275,22.0831,1.1768,0.7411,0.065733,0.672047,-7.397195,130,0.453126,2390.1435,0.076792,0
700,29.8667,6328.58,6204.8706,13406.25,-7.2277788806,0.227842,0.36888,17.5792,1.1853,0.8805,0.072186,0.678741,-3.94034,160,0.44118,2446.2306,0.08546,0
701,29.9093,6310.04,6034.7232,13324.22,-5.6859846893,0.239053,0.481701,32.0875,1.1003,0.4855,0.05287,0.63016,-1.945261,149,0.455377,1962.1895,0.085826,0
702,29.952,6140.96,6212.431,13511.72,-6.1452349398,0.158395,0.44208,26.2461,1.1394,0.549,0.059083,0.630805,-2.851557,145,0.453117,2178.4865,0.086436,0
703,29.9947,6145.23,6087.6754,13042.97,-5.9489315611,0.189849,0.470141,30.6659,1.1369,0.5676,0.054629,0.624683,-6.130255,141,0.443903,1932.085,0.082896,0
704,30.0373,6312.02,6192.1333,13394.53,-6.9423285524,0.183097,0.388883,21.1659,1.1957,0.8976,0.068364,0.666642,-3.271003,174,0.434416,2437.9505,0.082896,0
705,30.08,6497.24,6218.3402,13710.94,-6.6993725906,0.22893,0.411337,19.7168,1.12,0.6682,0.0643,0.67326,-4.073548,182,0.450912,2462.9931,0.092174,0
706,30.1227,6115.27,6128.244,13089.84,-6.5930489769,0.180438,0.409453,23.2023,1.1922,0.8511,0.064633,0.634651,-1.515674,169,0.454524,2297.8866,0.083018,0
707,30.1653,6172.08,6234.1759,13382.81,-7.2780359831,0.217337,0.364917,18.2989,1.2455,0.9951,0.072968,0.671957,-6.870556,174,0.452703,2564.6612,0.077768,0
708,30.208,6420.4,6273.8484,13628.91,-7.5205575578,0.146946,0.354087,16.3526,1.2042,0.9393,0.075148,0.691205,-6.336418,160,0.401409,2555.2728,0.081919,0
709,30.2507,6189.03,6120.4586,13207.03,-6.3061876429,0.273047,0.44356,25.3631,1.171,0.695,0.058841,0.661957,-4.29768,143,0.433156,2067.6133,0.085093,0
710,30.2933,6500.67,6326.5636,13886.72,-6.8127464163,0.171075,0.394152,20.6841,1.1157,0.6351,0.067389,0.67284,-6.308074,147,0.435939,2598.7575,0.08546,0
711,30.336,6311.12,6171.9569,13394.53,-6.8656736988,0.206726,0.39635,20.857,1.1864,0.8543,0.066987,0.671254,-2.157794,148,0.444642,2503.7386,0.082896,0
712,30.3787,6250.94,6092.3972,13218.75,-6.4168308022,0.219244,0.430359,23.974,1.1589,0.7286,0.061028,0.667583,-4.121405,159,0.423391,2439.6028,0.084483,0
713,30.4213,6207.8,6091.7385,13019.53,-6.4270069687,0.225916,0.426668,25.7963,1.1467,0.7187,0.061652,0.647099,-8.091531,153,0.443696,2230.3175,0.084361,0
714,30.464,5972.68,6115.9487,12773.44,-7.1691711991,0.259378,0.369492,19.214,1.2736,1.088,0.072066,0.661689,-4.70467,153,0.453382,2598.9092,0.083018,0
715,30.5067,6345.7,6187.8636,13546.88,-6.3996697754,0.275304,0.427361,23.0016,1.1233,0.5969,0.061534,0.661967,-7.915529,152,0.465062,2322.3415,0.084849,0
716,30.5493,6206.35,6147.709,13160.16,-6.9940595956,0.386858,0.376377,19.4346,1.2228,0.9786,0.070729,0.661384,-3.873402,157,0.458894,2592.2958,0.085948,0
717,30.592,6395.06,6140.9208,13476.56,-7.0410493539,0.142982,0.388729,18.3985,1.1673,0.8033,0.068392,0.685627,-4.796832,148,0.4696,2481.2426,0.086436,0
718,30.6347,6126.37,6147.8072,13207.03,-6.653612118,0.227318,0.414449,23.5102,1.2016,0.8182,0.063755,0.667686,-4.648796,168,0.431834,2458.4548,0.082163,0
719,30.6773,6216.98,6162.3038,13230.47,-7.3296454457,0.292412,0.363117,16.5728,1.2099,0.9529,0.073326,0.679521,-4.860033,156,0.454827,2607.5368,0.080454,0
720,30.72,6375.31,6180.3648,13359.38,-7.0466138472,0.21463,0.390175,19.2587,1.1836,0.8945,0.068123,0.68611,-4.620044,155,0.439026,2482.4903,0.082774,0
721,30.7627,6397.59,6175.257,13312.5,-7.4871420971,0.236589,0.349886,16.6473,1.2166,1.0616,0.076012,0.69367,-4.699354,159,0.43371,2634.4033,0.087169,0
722,30.8053,6155.24,6188.6398,13195.31,-7.0663527641,0.251863,0.385151,19.3335,1.2302,0.9397,0.069062,0.684165,-7.738833,142,0.449436,2591.3042,0.090221,0
723,30.848,6163.03,6157.9804,13183.59,-7.1099373626,0.170058,0.379799,19.2996,1.246,1.0116,0.070074,0.683077,-5.146548,157,0.436264,2485.5932,0.083995,0
724,30.8907,6124.76,6091.456,12925.78,-6.5299465075,0.241498,0.424062,23.4455,1.2032,0.8216,0.062095,0.659576,-6.856059,166,0.447641,2230.2067,0.080454,0
725,30.9333,6194.15,6193.4012,13160.16,-7.1324906709,0.308163,0.380212,19.6497,1.2165,0.9644,0.069996,0.654131,-4.321229,151,0.434325,2542.7538,0.081065,0
726,30.976,6215.28,6202.5778,13359.38,-7.0847955977,0.245761,0.372908,18.3961,1.2371,0.9564,0.0714,0.679552,-6.800214,136,0.435391,2590.589,0.082896,0
727,31.0187,6336.21,6214.3385,13535.16,-6.7277430012,0.126415,0.41033,21.1385,1.1551,0.6822,0.064478,0.681434,-4.912764,154,0.440265,2349.8865,0.082896,0
728,31.0613,6207.52,6179.4099,13441.41,-6.6027440918,0.198589,0.405907,21.6868,1.1765,0.7853,0.065262,0.651129,-4.233026,177,0.454247,2414.0348,0.079966,0
729,31.104,6350.43,6244.2694,13535.16,-7.4356803446,0.190442,0.356348,17.2759,1.1906,0.9119,0.074688,0.678408,-5.072053,159,0.446929,2613.9274,0.079966,0
730,31.1467,6131.73,6143.3441,13066.41,-6.7050976572,0.213747,0.406194,22.2437,1.2185,0.8952,0.065211,0.654881,-3.390007,177,0.437037,2379.8038,0.084239,0
731,31.1893,6497.29,6305.2874,13933.59,-7.5782967744,0.246417,0.349898,16.0023,1.1906,0.8698,0.07601,0.701086,-5.013616,137,0.437106,2598.7666,0.085338,0
732,31.232,6474.55,6299.8163,13851.56,-7.1645375079,0.177638,0.377028,19.2987,1.1514,0.7446,0.070604,0.678162,-3.258074,158,0.430111,2600.4053,0.087169,0
733,31.2747,6388.23,6174.9562,13500.0,-6.7568534743,0.159239,0.405644,20.6817,1.1665,0.7611,0.065309,0.680022,-8.865612,182,0.448676,2395.7624,0.088146,0
734,31.3173,6160.58,6128.4297,13101.56,-6.7777486729,0.204983,0.405142,20.5617,1.2036,0.835,0.065399,0.67179,-6.209536,170,0.442375,2477.0115,0.086192,0
735,31.36,6273.62,6299.8073,13863.28,-6.7684068924,0.297287,0.402399,21.3981,1.1544,0.6595,0.065891,0.655543,-8.218206,136,0.440719,2496.4239,0.088023,0
736,31.4027,6279.41,6218.981,13441.41,-7.456698401,0.295739,0.356783,17.1395,1.2174,0.9728,0.074599,0.68002,-6.611297,152,0.450365,2492.6286,0.084727,0
737,31.4453,6518.71,6240.8868,13687.5,-7.2088620261,0.277524,0.377345,17.5471,1.176,0.8489,0.070544,0.695287,-5.250376,180,0.442161,2638.1554,0.078867,0
738,31.488,6243.1,6201.5174,13429.69,-6.8252024123,0.1723,0.401,21.1679,1.1888,0.8048,0.066143,0.666882,-3.287202,178,0.45381,2490.2492,0.082285,0
739,31.5307,6381.86,6235.2362,13417.97,-7.2087149619,0.200436,0.379398,17.9559,1.1667,0.8154,0.070151,0.684157,-5.562378,150,0.438596,2622.4052,0.088634,0
740,31.5733,6464.57,6172.4609,13464.84,-6.7473000468,0.136278,0.407754,20.9866,1.1198,0.7149,0.064934,0.678213,-3.914205,170,0.43803,2491.2361,0.084849,0
741,31.616,6279.29,6290.7722,13617.19,-7.270676148,0.219002,0.366623,17.3575,1.1897,0.8071,0.07263,0.674129,-6.544087,164,0.444632,2643.1739,0.079111,0
742,31.6587,6387.32,6214.9605,13394.53,-7.5628295486,0.277656,0.350918,16.6645,1.2355,1.079,0.075799,0.690901,-4.864068,174,0.439376,2644.2651,0.089122,0
743,31.7013,6434.94,6098.4812,13359.38,-6.4797760676,0.264571,0.430473,22.9032,1.1098,0.6447,0.061009,0.679717,-2.503686,149,0.446458,2189.5856,0.072885,0
744,31.744,6588.08,6167.7651,13089.84,-8.0060077662,0.327443,0.330862,13.4444,1.2123,1.2224,0.080059,0.717104,0.0,0,0.64095,779.2536,0.024661,0
745,31.7867,0.0,0.0,0.0,0.0,0.0,0.0,0.0,0.0,0.0,0.0,0.0,0.0,0,0.0,0.0,0.0,1
746,31.8293,0.0,0.0,0.0,0.0,0.0,0.0,0.0,0.0,0.0,0.0,0.0,0.0,0,0.0,0.0,0.0,1
747,31.872,0.0,0.0,0.0,0.0,0.0,0.0,0.0,0.0,0.0,0.0,0.0,0.0,0,0.0,0.0,0.0,1
748,31.9147,0.0,0.0,0.0,0.0,0.0,0.0,0.0,0.0,0.0,0.0,0.0,0.0,0,0.0,0.0,0.0,1
749,31.9573,0.0,0.0,0.0,0.0,0.0,0.0,0.0,0.0,0.0,0.0,0.0,0.0,0,0.0,0.0,0.0,1
750,32.0,0.0,0.0,0.0,0.0,0.0,0.0,0.0,0.0,0.0,0.0,0.0,0.0,0,0.0,0.0,0.0,1
751,32.0427,0.0,0.0,0.0,0.0,0.0,0.0,0.0,0.0,0.0,0.0,0.0,0.0,0,0.0,0.0,0.0,1
752,32.0853,0.0,0.0,0.0,0.0,0.0,0.0,0.0,0.0,0.0,0.0,0.0,0.0,0,0.0,0.0,0.0,1
753,32.128,0.0,0.0,0.0,0.0,0.0,0.0,0.0,0.0,0.0,0.0,0.0,0.0,0,0.0,0.0,0.0,1
754,32.1707,0.0,0.0,0.0,0.0,0.0,0.0,0.0,0.0,0.0,0.0,0.0,0.0,0,0.0,0.0,0.0,1
755,32.2133,0.0,0.0,0.0,0.0,0.0,0.0,0.0,0.0,0.0,0.0,0.0,0.0,0,0.0,0.0,0.0,1
756,32.256,0.0,0.0,0.0,0.0,0.0,0.0,0.0,0.0,0.0,0.0,0.0,0.0,0,0.0,0.0,0.0,1
757,32.2987,0.0,0.0,0.0,0.0,0.0,0.0,0.0,0.0,0.0,0.0,0.0,0.0,0,0.0,0.0,0.0,1
758,32.3413,0.0,0.0,0.0,0.0,0.0,0.0,0.0,0.0,0.0,0.0,0.0,0.0,0,0.0,0.0,0.0,1
759,32.384,0.0,0.0,0.0,0.0,0.0,0.0,0.0,0.0,0.0,0.0,0.0,0.0,0,0.0,0.0,0.0,1
760,32.4267,0.0,0.0,0.0,0.0,0.0,0.0,0.0,0.0,0.0,0.0,0.0,0.0,0,0.0,0.0,0.0,1
761,32.4693,0.0,0.0,0.0,0.0,0.0,0.0,0.0,0.0,0.0,0.0,0.0,0.0,0,0.0,0.0,0.0,1
762,32.512,0.0,0.0,0.0,0.0,0.0,0.0,0.0,0.0,0.0,0.0,0.0,0.0,0,0.0,0.0,0.0,1
763,32.5547,0.0,0.0,0.0,0.0,0.0,0.0,0.0,0.0,0.0,0.0,0.0,0.0,0,0.0,0.0,0.0,1
764,32.5973,0.0,0.0,0.0,0.0,0.0,0.0,0.0,0.0,0.0,0.0,0.0,0.0,0,0.0,0.0,0.0,1
765,32.64,0.0,0.0,0.0,0.0,0.0,0.0,0.0,0.0,0.0,0.0,0.0,0.0,0,0.0,0.0,0.0,1
766,32.6827,0.0,0.0,0.0,0.0,0.0,0.0,0.0,0.0,0.0,0.0,0.0,0.0,0,0.0,0.0,0.0,1
767,32.7253,0.0,0.0,0.0,0.0,0.0,0.0,0.0,0.0,0.0,0.0,0.0,0.0,0,0.0,0.0,0.0,1
768,32.768,0.0,0.0,0.0,0.0,0.0,0.0,0.0,0.0,0.0,0.0,0.0,0.0,0,0.0,0.0,0.0,1
769,32.8107,0.0,0.0,0.0,0.0,0.0,0.0,0.0,0.0,0.0,0.0,0.0,0.0,0,0.0,0.0,0.0,1
770,32.8533,0.0,0.0,0.0,0.0,0.0,0.0,0.0,0.0,0.0,0.0,0.0,0.0,0,0.0,0.0,0.0,1
771,32.896,0.0,0.0,0.0,0.0,0.0,0.0,0.0,0.0,0.0,0.0,0.0,0.0,0,0.0,0.0,0.0,1
772,32.9387,0.0,0.0,0.0,0.0,0.0,0.0,0.0,0.0,0.0,0.0,0.0,0.0,0,0.0,0.0,0.0,1
773,32.9813,0.0,0.0,0.0,0.0,0.0,0.0,0.0,0.0,0.0,0.0,0.0,0.0,0,0.0,0.0,0.0,1
774,33.024,0.0,0.0,0.0,0.0,0.0,0.0,0.0,0.0,0.0,0.0,0.0,0.0,0,0.0,0.0,0.0,1
775,33.0667,0.0,0.0,0.0,0.0,0.0,0.0,0.0,0.0,0.0,0.0,0.0,0.0,0,0.0,0.0,0.0,1
776,33.1093,0.0,0.0,0.0,0.0,0.0,0.0,0.0,0.0,0.0,0.0,0.0,0.0,0,0.0,0.0,0.0,1
777,33.152,0.0,0.0,0.0,0.0,0.0,0.0,0.0,0.0,0.0,0.0,0.0,0.0,0,0.0,0.0,0.0,1
778,33.1947,0.0,0.0,0.0,0.0,0.0,0.0,0.0,0.0,0.0,0.0,0.0,0.0,0,0.0,0.0,0.0,1
779,33.2373,0.0,0.0,0.0,0.0,0.0,0.0,0.0,0.0,0.0,0.0,0.0,0.0,0,0.0,0.0,0.0,1
780,33.28,0.0,0.0,0.0,0.0,0.0,0.0,0.0,0.0,0.0,0.0,0.0,0.0,0,0.0,0.0,0.0,1
781,33.3227,0.0,0.0,0.0,0.0,0.0,0.0,0.0,0.0,0.0,0.0,0.0,0.0,0,0.0,0.0,0.0,1
782,33.3653,0.0,0.0,0.0,0.0,0.0,0.0,0.0,0.0,0.0,0.0,0.0,0.0,0,0.0,0.0,0.0,1
783,33.408,0.0,0.0,0.0,0.0,0.0,0.0,0.0,0.0,0.0,0.0,0.0,0.0,0,0.0,0.0,0.0,1
784,33.4507,0.0,0.0,0.0,0.0,0.0,0.0,0.0,0.0,0.0,0.0,0.0,0.0,0,0.0,0.0,0.0,1
785,33.4933,0.0,0.0,0.0,0.0,0.0,0.0,0.0,0.0,0.0,0.0,0.0,0.0,0,0.0,0.0,0.0,1
786,33.536,0.0,0.0,0.0,0.0,0.0,0.0,0.0,0.0,0.0,0.0,0.0,0.0,0,0.0,0.0,0.0,1
787,33.5787,0.0,0.0,0.0,0.0,0.0,0.0,0.0,0.0,0.0,0.0,0.0,0.0,0,0.0,0.0,0.0,1
788,33.6213,0.0,0.0,0.0,0.0,0.0,0.0,0.0,0.0,0.0,0.0,0.0,0.0,0,0.0,0.0,0.0,1
789,33.664,0.0,0.0,0.0,0.0,0.0,0.0,0.0,0.0,0.0,0.0,0.0,0.0,0,0.0,0.0,0.0,1
790,33.7067,0.0,0.0,0.0,0.0,0.0,0.0,0.0,0.0,0.0,0.0,0.0,0.0,0,0.0,0.0,0.0,1
791,33.7493,0.0,0.0,0.0,0.0,0.0,0.0,0.0,0.0,0.0,0.0,0.0,0.0,0,0.0,0.0,0.0,1
792,33.792,0.0,0.0,0.0,0.0,0.0,0.0,0.0,0.0,0.0,0.0,0.0,0.0,0,0.0,0.0,0.0,1
793,33.8347,0.0,0.0,0.0,0.0,0.0,0.0,0.0,0.0,0.0,0.0,0.0,0.0,0,0.0,0.0,0.0,1
794,33.8773,0.0,0.0,0.0,0.0,0.0,0.0,0.0,0.0,0.0,0.0,0.0,0.0,0,0.0,0.0,0.0,1
795,33.92,0.0,0.0,0.0,0.0,0.0,0.0,0.0,0.0,0.0,0.0,0.0,0.0,0,0.0,0.0,0.0,1
796,33.9627,0.0,0.0,0.0,0.0,0.0,0.0,0.0,0.0,0.0,0.0,0.0,0.0,0,0.0,0.0,0.0,1
797,34.0053,0.0,0.0,0.0,0.0,0.0,0.0,0.0,0.0,0.0,0.0,0.0,0.0,0,0.0,0.0,0.0,1
798,34.048,0.0,0.0,0.0,0.0,0.0,0.0,0.0,0.0,0.0,0.0,0.0,0.0,0,0.0,0.0,0.0,1
799,34.0907,0.0,0.0,0.0,0.0,0.0,0.0,0.0,0.0,0.0,0.0,0.0,0.0,0,0.0,0.0,0.0,1
800,34.1333,0.0,0.0,0.0,0.0,0.0,0.0,0.0,0.0,0.0,0.0,0.0,0.0,0,0.0,0.0,0.0,1
801,34.176,0.0,0.0,0.0,0.0,0.0,0.0,0.0,0.0,0.0,0.0,0.0,0.0,0,0.0,0.0,0.0,1
802,34.2187,0.0,0.0,0.0,0.0,0.0,0.0,0.0,0.0,0.0,0.0,0.0,0.0,0,0.0,0.0,0.0,1
803,34.2613,0.0,0.0,0.0,0.0,0.0,0.0,0.0,0.0,0.0,0.0,0.0,0.0,0,0.0,0.0,0.0,1
804,34.304,0.0,0.0,0.0,0.0,0.0,0.0,0.0,0.0,0.0,0.0,0.0,0.0,0,0.0,0.0,0.0,1
805,34.3467,0.0,0.0,0.0,0.0,0.0,0.0,0.0,0.0,0.0,0.0,0.0,0.0,0,0.0,0.0,0.0,1
806,34.3893,0.0,0.0,0.0,0.0,0.0,0.0,0.0,0.0,0.0,0.0,0.0,0.0,0,0.0,0.0,0.0,1
807,34.432,0.0,0.0,0.0,0.0,0.0,0.0,0.0,0.0,0.0,0.0,0.0,0.0,0,0.0,0.0,0.0,1
808,34.4747,0.0,0.0,0.0,0.0,0.0,0.0,0.0,0.0,0.0,0.0,0.0,0.0,0,0.0,0.0,0.0,1
809,34.5173,0.0,0.0,0.0,0.0,0.0,0.0,0.0,0.0,0.0,0.0,0.0,0.0,0,0.0,0.0,0.0,1
810,34.56,0.0,0.0,0.0,0.0,0.0,0.0,0.0,0.0,0.0,0.0,0.0,0.0,0,0.0,0.0,0.0,1
811,34.6027,0.0,0.0,0.0,0.0,0.0,0.0,0.0,0.0,0.0,0.0,0.0,0.0,0,0.0,0.0,0.0,1
812,34.6453,0.0,0.0,0.0,0.0,0.0,0.0,0.0,0.0,0.0,0.0,0.0,0.0,0,0.0,0.0,0.0,1
813,34.688,0.0,0.0,0.0,0.0,0.0,0.0,0.0,0.0,0.0,0.0,0.0,0.0,0,0.0,0.0,0.0,1
814,34.7307,0.0,0.0,0.0,0.0,0.0,0.0,0.0,0.0,0.0,0.0,0.0,0.0,0,0.0,0.0,0.0,1
815,34.7733,0.0,0.0,0.0,0.0,0.0,0.0,0.0,0.0,0.0,0.0,0.0,0.0,0,0.0,0.0,0.0,1
816,34.816,0.0,0.0,0.0,0.0,0.0,0.0,0.0,0.0,0.0,0.0,0.0,0.0,0,0.0,0.0,0.0,1
817,34.8587,0.0,0.0,0.0,0.0,0.0,0.0,0.0,0.0,0.0,0.0,0.0,0.0,0,0.0,0.0,0.0,1
818,34.9013,0.0,0.0,0.0,0.0,0.0,0.0,0.0,0.0,0.0,0.0,0.0,0.0,0,0.0,0.0,0.0,1
819,34.944,0.0,0.0,0.0,0.0,0.0,0.0,0.0,0.0,0.0,0.0,0.0,0.0,0,0.0,0.0,0.0,1
820,34.9867,0.0,0.0,0.0,0.0,0.0,0.0,0.0,0.0,0.0,0.0,0.0,0.0,0,0.0,0.0,0.0,1
821,35.0293,0.0,0.0,0.0,0.0,0.0,0.0,0.0,0.0,0.0,0.0,0.0,0.0,0,0.0,0.0,0.0,1
822,35.072,0.0,0.0,0.0,0.0,0.0,0.0,0.0,0.0,0.0,0.0,0.0,0.0,0,0.0,0.0,0.0,1
823,35.1147,0.0,0.0,0.0,0.0,0.0,0.0,0.0,0.0,0.0,0.0,0.0,0.0,0,0.0,0.0,0.0,1
