frame,time,centroid,spread,rolloff,slope,obsir_std,flatness,crest,skewness,kurtosis,tonality,entropy,tpr,n_peaks,flux,irregularity,zcr,gated
0,0.0,5079.6,4854.262,9925.78,-6.2562825664,0.311107,0.42254,32.0018,1.3017,1.4034,0.062355,0.612811,-0.129447,208,0.0,1813.1826,0.070809,0
1,0.0427,4867.64,4793.8405,9738.28,-5.8080075668,0.312991,0.450507,45.3721,1.2739,1.1978,0.057716,0.503864,1.513498,181,0.16839,1779.4413,0.062019,0
2,0.0853,5179.35,4862.7832,10195.31,-6.9360814847,0.287404,0.380682,19.4759,1.3211,1.4849,0.069906,0.66699,-1.88854,174,0.171922,1697.3968,0.067635,0
3,0.128,4850.04,4830.0205,9843.75,-6.0269189182,0.230758,0.443536,42.6683,1.2739,1.2103,0.058845,0.482522,-8.478025,181,0.175405,1722.4174,0.064095,0
4,0.1707,5197.26,4869.3692,10160.16,-6.1883825492,0.286201,0.427763,34.8053,1.2585,1.2756,0.061466,0.583546,-6.24154,206,0.158589,1892.4728,0.065804,0
5,0.2133,5039.09,4748.7881,9808.59,-6.2876714532,0.266535,0.431122,32.263,1.2878,1.3548,0.0609,0.603556,-7.052212,186,0.16215,1748.6845,0.066292,0
6,0.256,5045.51,4857.0235,10054.69,-6.5794089564,0.349959,0.405862,26.16,1.3436,1.4859,0.06527,0.643276,-6.425041,180,0.162483,1725.9984,0.068856,0
7,0.2987,4830.11,4839.1432,9691.41,-6.2513234881,0.300723,0.422346,35.5128,1.3565,1.4522,0.062389,0.55595,-1.034678,178,0.157914,1700.5591,0.063728,0
8,0.3413,4893.8,4776.9675,9855.47,-5.7916975209,0.315272,0.460516,44.1666,1.2889,1.219,0.056126,0.550293,-6.885845,213,0.15401,1731.4457,0.050665,0
9,0.384,4847.21,4823.1352,9761.72,-6.2623443251,0.402605,0.416556,33.5453,1.3246,1.4326,0.063388,0.555949,-10.346429,183,0.169382,1816.6678,0.061287,0
10,0.4267,4892.71,4823.0092,9691.41,-6.3255417859,0.273406,0.415493,35.2144,1.3198,1.4157,0.063573,0.577179,-7.308933,201,0.165776,1763.7674,0.067147,0
11,0.4693,4893.04,4829.0759,9738.28,-6.1334162924,0.365651,0.427664,34.9232,1.3199,1.3861,0.061483,0.562286,-9.141094,178,0.166117,1734.1534,0.069466,0
12,0.512,5031.32,4846.1953,9996.09,-6.501691699,0.299153,0.418228,28.3402,1.3089,1.3711,0.063098,0.625869,-0.896467,197,0.165511,1686.0578,0.067269,0
13,0.5547,4990.15,4804.4732,9726.56,-6.2193645484,0.326841,0.420345,32.5797,1.2987,1.3748,0.062732,0.589773,-1.422431,187,0.160568,1787.3578,0.064217,0
14,0.5973,4924.75,4898.0905,9890.62,-6.3355950443,0.211238,0.413999,29.1561,1.3321,1.3896,0.063833,0.595376,-0.69708,172,0.165727,1692.5964,0.061531,0
15,0.64,4809.02,4711.2308,9644.53,-5.5816118351,0.335743,0.459252,52.7342,1.2748,1.224,0.056325,0.449032,3.875425,188,0.188623,1769.7786,0.053107,0
16,0.6827,4990.52,4738.4798,9574.22,-6.7414002641,0.353385,0.387825,23.5733,1.3461,1.5917,0.068561,0.634283,-5.047665,178,0.175251,1652.2145,0.059944,0
17,0.7253,4757.03,4739.6935,9480.47,-5.7571489186,0.272655,0.451977,51.5771,1.3033,1.3625,0.057481,0.441472,2.739601,188,0.173156,1858.1309,0.063973,0
18,0.768,5172.95,4888.1935,10253.91,-6.8195925912,0.363334,0.383709,19.8819,1.3078,1.3776,0.069333,0.663949,-1.775627,207,0.174657,1751.8786,0.059089,0
19,0.8107,4799.27,4770.523,9656.25,-5.6177190071,0.368285,0.457984,50.8577,1.2654,1.2075,0.056525,0.468759,4.002667,200,0.180367,1902.3886,0.05738,0
20,0.8533,4776.1,4773.3622,9492.19,-6.5670202367,0.269728,0.396887,30.7124,1.3761,1.6362,0.066889,0.574423,-5.995642,169,0.171177,1842.8095,0.063728,0
21,0.896,5029.84,4793.6257,9761.72,-6.4800475763,0.219271,0.399747,29.252,1.3252,1.5017,0.066369,0.606698,-2.971189,185,0.168668,1698.5395,0.067635,0
22,0.9387,5065.79,4857.0999,9820.31,-6.3013717501,0.149127,0.417861,28.6561,1.2553,1.2441,0.063161,0.618262,-6.804712,171,0.174372,1698.0292,0.066903,0
23,0.9813,5003.79,4766.1262,9750.0,-6.4189832074,0.27383,0.417652,29.4512,1.3235,1.4575,0.063198,0.636514,-0.878361,183,0.175207,1696.431,0.069955,0
24,1.024,4929.36,4872.8869,10066.41,-6.6081811219,0.277918,0.394521,25.8533,1.3215,1.389,0.067322,0.604997,-6.45423,207,0.172617,1698.7068,0.064949,0
25,1.0667,4761.77,4688.9076,9527.34,-5.9685508131,0.262984,0.44095,42.5652,1.3003,1.3663,0.059268,0.513081,1.77192,192,0.16928,1878.8458,0.065071,0
26,1.1093,5079.65,4740.8853,9761.72,-7.2015833893,0.364615,0.368464,18.2377,1.3668,1.719,0.072267,0.683524,-4.156293,176,0.175325,1602.0656,0.071908,0
27,1.152,4950.96,4745.8367,9667.97,-6.5623781913,0.353275,0.405388,26.8585,1.3578,1.5781,0.065355,0.638792,-1.476365,194,0.166762,1703.4153,0.072763,0
28,1.1947,5196.93,4787.4755,10113.28,-6.2906659819,0.277587,0.429261,28.9815,1.2671,1.33,0.061213,0.638914,0.846547,205,0.171284,1825.8985,0.068856,0
29,1.2373,4882.39,4714.3846,9726.56,-5.8612620275,0.216461,0.449924,45.2726,1.301,1.3555,0.05781,0.516947,2.643315,188,0.178798,1874.9678,0.062263,0
30,1.28,5030.27,4785.6809,9750.0,-6.1448278192,0.275267,0.423643,33.1666,1.2943,1.4025,0.062167,0.603532,-5.543862,186,0.170382,1826.7861,0.052497,0
31,1.3227,4659.48,4665.6054,9480.47,-5.7546975341,0.322901,0.456269,55.2764,1.3318,1.3887,0.056796,0.431851,3.486955,169,0.190879,1887.4206,0.052497,0
32,1.3653,5087.45,4826.2433,10007.81,-6.3105256743,0.277379,0.428312,33.8502,1.266,1.2839,0.061373,0.600709,-6.313575,196,0.169109,1810.8511,0.061165,0
33,1.408,4856.06,4812.2529,9703.12,-6.5580736493,0.266101,0.399179,28.9656,1.3656,1.5333,0.066472,0.601047,-5.73808,198,0.166276,1692.6642,0.065926,0
34,1.4507,5040.29,4822.3545,9832.03,-6.6827360478,0.326532,0.398987,25.0565,1.3339,1.5183,0.066507,0.657451,-5.438162,191,0.16183,1696.8689,0.072397,0
35,1.4933,4957.8,4728.6065,9750.0,-6.0081518016,0.425619,0.441329,41.9691,1.2887,1.3437,0.059206,0.530891,0.685159,188,0.167139,1908.1091,0.066903,0
36,1.536,5009.41,4819.4838,10078.12,-5.848975029,0.300279,0.446417,43.1504,1.2607,1.2133,0.058377,0.553283,1.369717,194,0.15898,1795.1066,0.06324,0
37,1.5787,5083.87,4771.9792,9996.09,-5.9032854733,0.212143,0.455941,38.7193,1.2407,1.1742,0.056849,0.552334,0.469232,175,0.169023,1828.5253,0.065194,0
38,1.6213,5230.77,4876.1052,10265.62,-6.2042446258,0.311031,0.42524,29.746,1.2757,1.2808,0.061894,0.63196,0.059076,175,0.161378,1716.2383,0.064461,0
39,1.664,4948.57,4871.4536,9867.19,-6.0613713633,0.305805,0.433244,35.1233,1.2929,1.2884,0.060545,0.572572,-6.893371,175,0.163869,1856.2313,0.064217,0
40,1.7067,4936.05,4786.6648,9750.0,-6.298462911,0.382908,0.429052,34.3794,1.3287,1.4541,0.061248,0.595167,-0.023375,171,0.161998,1751.5362,0.064217,0
41,1.7493,4908.89,4768.6248,9667.97,-6.2881636423,0.29011,0.420358,37.7291,1.3076,1.4177,0.06273,0.57301,-7.559835,186,0.163555,1869.8225,0.060432,0
42,1.792,4832.92,4811.3413,9878.91,-6.1289432247,0.422409,0.429397,37.7155,1.327,1.3652,0.06119,0.563202,-8.119975,182,0.161626,1773.622,0.055671,0
43,1.8347,4879.44,4789.8194,9773.44,-6.0496932485,0.341461,0.437274,38.7371,1.2907,1.2707,0.059874,0.537141,-1.157556,185,0.175419,1753.6413,0.06031,0
44,1.8773,4964.27,4860.9338,10101.56,-5.87067695,0.314965,0.453641,41.4403,1.2772,1.1875,0.057215,0.558057,-8.830671,161,0.168043,1949.3375,0.057014,0
45,1.92,4803.57,4809.0088,9832.03,-5.8209970038,0.34031,0.455608,48.7714,1.2876,1.2086,0.056901,0.47177,-8.722825,161,0.16953,1842.7536,0.056525,0
46,1.9627,4896.34,4835.402,9972.66,-6.4377274128,0.304849,0.415515,31.5325,1.3436,1.3942,0.063569,0.607258,-4.99973,197,0.165612,1693.8693,0.065316,0
47,2.0053,5155.64,4847.7623,10253.91,-6.4136309027,0.303263,0.416395,28.9099,1.2765,1.2598,0.063416,0.642319,-3.898635,205,0.172364,1716.7609,0.067269,0
48,2.048,4879.1,4769.2704,9597.66,-6.1040905411,0.290474,0.431801,37.4918,1.3318,1.4176,0.060786,0.583159,-7.360429,175,0.163692,1810.4246,0.063851,0
49,2.0907,4957.73,4801.0799,9832.03,-6.0196693949,0.289005,0.449749,42.6763,1.2777,1.261,0.057838,0.555145,-7.52251,168,0.163109,1704.3822,0.060676,0
50,2.1333,5105.78,4866.3629,10136.72,-5.8308449693,0.289215,0.467603,44.4711,1.237,1.0644,0.055021,0.561171,-0.443363,197,0.153744,1662.329,0.058845,0
51,2.176,4945.03,4742.9339,9820.31,-5.6409838076,0.26199,0.469789,49.6877,1.2695,1.2243,0.054683,0.504224,1.75957,190,0.158019,1840.3872,0.058723,0
52,2.2187,4976.83,4792.6837,10078.12,-6.0581570186,0.234684,0.438906,39.9074,1.259,1.1989,0.059605,0.521445,-9.382939,173,0.165077,1775.6138,0.068856,0
53,2.2613,5043.29,4790.6537,9855.47,-6.976050847,0.375796,0.378374,19.3567,1.3518,1.5786,0.070346,0.665879,-3.971579,209,0.169147,1729.6929,0.076547,0
54,2.304,5037.0,4810.7464,9808.59,-6.8828101835,0.429512,0.381401,20.8735,1.3751,1.6593,0.06977,0.656552,-2.313608,202,0.172025,1759.023,0.069589,0
55,2.3467,4694.86,4739.139,9304.69,-6.5910166975,0.383683,0.398327,29.6306,1.4144,1.7239,0.066627,0.605223,-5.553989,182,0.168667,1730.5379,0.062263,0
56,2.3893,4868.01,4815.3294,9621.09,-6.5177279151,0.348075,0.403303,27.8139,1.3563,1.5167,0.065728,0.598481,-9.928917,187,0.16718,1723.3886,0.060554,0
57,2.432,4992.35,4844.4722,9855.47,-6.456796853,0.281485,0.415495,31.88,1.3237,1.4112,0.063572,0.608325,-4.788109,180,0.16574,1715.2566,0.064827,0
58,2.4747,5076.81,4831.3536,10078.12,-6.1836870565,0.254239,0.423542,31.9594,1.2721,1.2772,0.062184,0.602934,-0.719416,190,0.16031,1757.6966,0.070077,0
59,2.5173,5016.44,4780.0145,9937.5,-6.2578472594,0.319812,0.421294,33.8266,1.261,1.317,0.062569,0.577628,-0.456204,196,0.163692,1828.2219,0.069466,0
60,2.56,4956.91,4748.1729,9609.38,-6.5084806429,0.332786,0.41514,31.4944,1.3549,1.5645,0.063634,0.643262,-2.083478,196,0.163303,1744.9172,0.0691,0
61,2.6027,5085.19,4869.4043,10054.69,-6.2227264925,0.265434,0.429593,31.9136,1.2983,1.3336,0.061157,0.60561,0.074736,195,0.164726,1800.9175,0.0691,0
62,2.6453,5106.82,4814.8741,9960.94,-6.5191751906,0.284612,0.41849,28.0501,1.3139,1.3955,0.063052,0.66513,-2.631428,181,0.167838,1694.5052,0.067635,0
63,2.688,4947.32,4760.7627,9761.72,-6.4051867327,0.266166,0.416383,30.232,1.3175,1.3898,0.063418,0.617993,-2.776603,182,0.163439,1784.8127,0.073373,0
64,2.7307,5093.53,4827.3376,10148.44,-6.3169987644,0.304924,0.425346,30.9949,1.2545,1.2035,0.061876,0.631008,-1.855128,169,0.169935,1734.7834,0.073007,0
65,2.7733,4888.75,4765.9821,9714.84,-5.959838757,0.303263,0.440726,45.4381,1.2923,1.3014,0.059305,0.529648,1.339052,208,0.166008,1762.831,0.064095,0
66,2.816,5092.2,4799.2731,10078.12,-6.0908717146,0.31771,0.432425,35.2689,1.284,1.2988,0.060682,0.595723,0.664038,183,0.174479,1798.7274,0.066903,0
67,2.8587,5220.71,4823.1525,10195.31,-6.7053784121,0.267564,0.393263,21.7486,1.2898,1.39,0.067553,0.662233,-1.269044,174,0.174917,1692.3038,0.077402,0
68,2.9013,5241.67,4908.8079,10347.66,-6.7190245726,0.364877,0.393177,20.9197,1.3059,1.3679,0.067569,0.670367,-5.199007,170,0.161252,1689.4681,0.076425,0
69,2.944,5144.26,4859.577,10265.62,-6.1647751181,0.392908,0.42737,31.0586,1.2799,1.2622,0.061533,0.609121,0.420461,192,0.16927,1845.472,0.069466,0
70,2.9867,5038.48,4784.2517,9949.22,-6.210339498,0.301468,0.439095,35.6629,1.2764,1.2747,0.059574,0.591399,-8.881973,179,0.16479,1713.2503,0.066048,0
71,3.0293,4949.3,4738.6814,9785.16,-5.8754992861,0.398377,0.439419,41.2047,1.2989,1.3341,0.05952,0.544223,0.739227,201,0.164128,1757.2501,0.069344,0
72,3.072,5004.45,4839.7023,9914.06,-7.5042058083,0.372913,0.345576,14.4778,1.393,1.7217,0.076909,0.672753,-7.175066,193,0.180851,1738.3715,0.075815,0
73,3.1147,5104.6,4895.881,10195.31,-6.9505515785,0.233257,0.382757,20.1353,1.3206,1.4221,0.069513,0.661328,-9.379889,204,0.161139,1713.5176,0.073129,0
74,3.1573,4996.7,4810.4355,9925.78,-6.3669780455,0.281579,0.418778,32.5052,1.2828,1.3101,0.063003,0.613237,-0.567866,184,0.168731,1766.5637,0.065926,0
75,3.2,4974.88,4725.916,9796.88,-6.1322906133,0.262843,0.43657,38.1514,1.2968,1.3854,0.059991,0.554497,2.036529,221,0.165011,1805.392,0.061897,0
76,3.2427,4922.29,4822.2386,9914.06,-6.0630992153,0.289946,0.434754,38.9964,1.2506,1.1787,0.060293,0.554183,-0.450047,192,0.173254,1739.2742,0.060921,0
77,3.2853,4950.34,4871.1849,10089.84,-6.4312944146,0.270055,0.411214,27.8654,1.3132,1.3586,0.064322,0.603325,-5.641998,199,0.159567,1809.8636,0.065194,0
78,3.328,5087.05,4895.1472,9984.38,-6.6242139154,0.30499,0.402521,23.8869,1.332,1.4726,0.065869,0.647029,-6.300212,182,0.163062,1796.6557,0.069222,0
79,3.3707,4980.19,4826.6654,9949.22,-6.6619871426,0.350679,0.401571,25.3956,1.3555,1.5482,0.06604,0.655681,-8.916024,189,0.161379,1750.318,0.069955,0
80,3.4133,5038.42,4891.7105,10019.53,-7.2441485865,0.249639,0.356345,16.2247,1.3654,1.5761,0.074688,0.672554,-5.615966,183,0.170121,1739.7659,0.068612,0
81,3.456,4916.48,4841.3705,9796.88,-6.0888440476,0.288408,0.430459,36.0553,1.3408,1.4079,0.061011,0.594729,-0.411154,188,0.166594,1755.8529,0.058845,0
82,3.4987,4859.41,4798.8938,9714.84,-6.025576101,0.310998,0.435261,40.6575,1.3196,1.3811,0.060208,0.544439,-8.303166,198,0.168654,1923.3868,0.058235,0
83,3.5413,5163.66,4845.7217,9937.5,-6.5589356323,0.267406,0.403227,26.7356,1.3033,1.4448,0.065742,0.645886,-4.131405,195,0.170603,1673.786,0.072763,0
84,3.584,5091.34,4938.6756,10207.03,-6.6417586965,0.268516,0.392347,23.6103,1.3152,1.3466,0.067722,0.649927,-3.975348,198,0.159878,1671.4548,0.073739,0
85,3.6267,5027.1,4871.3941,10160.16,-6.1545879318,0.300934,0.423246,31.0972,1.2954,1.2884,0.062235,0.578749,-5.331221,192,0.166693,1784.3279,0.064827,0
86,3.6693,5087.23,4806.2963,9843.75,-6.5333152838,0.38478,0.393343,23.7168,1.3328,1.5273,0.067538,0.643484,-1.012454,181,0.171551,1762.0405,0.069466,0
87,3.712,4918.48,4716.373,9445.31,-6.6492624386,0.382939,0.39196,24.8105,1.4094,1.7509,0.067793,0.645884,-1.51175,173,0.168513,1774.5538,0.073373,0
88,3.7547,5121.04,4767.1696,9832.03,-6.1750168487,0.297778,0.433705,37.4288,1.2485,1.2641,0.060468,0.597577,-0.273679,190,0.164927,1747.7451,0.065682,0
89,3.7973,4991.98,4728.2814,9679.69,-6.603348663,0.292592,0.402368,26.373,1.3129,1.5016,0.065896,0.636765,-5.091195,187,0.166577,1817.4108,0.061775,0
90,3.84,5000.47,4802.1853,9808.59,-6.0677844201,0.21719,0.43241,36.4624,1.2735,1.2934,0.060684,0.582644,0.573475,199,0.164685,1846.2313,0.064583,0
91,3.8827,5088.03,4857.5579,10183.59,-6.6439394649,0.343824,0.3951,25.3706,1.3088,1.3986,0.067216,0.645919,-1.388594,197,0.164081,1692.9077,0.071908,0
92,3.9253,5215.27,4939.4966,10312.5,-6.9624031641,0.349084,0.376229,17.4956,1.2938,1.3427,0.070758,0.677678,-4.395252,183,0.161128,1641.9904,0.079477,0
93,3.968,5230.61,4855.3641,10230.47,-6.1672019559,0.259467,0.422932,28.7327,1.2113,1.0952,0.062288,0.613628,-0.445205,194,0.16758,1719.2708,0.075815,0
94,4.0107,5101.76,4863.1412,9996.09,-6.8035354718,0.279561,0.384103,20.3806,1.3058,1.4094,0.069259,0.651337,-3.279805,185,0.17226,1708.0284,0.072274,0
95,4.0533,4915.31,4841.5868,9878.91,-6.0100744446,0.391329,0.429838,36.596,1.2844,1.2383,0.061116,0.563183,-3.860401,181,0.167688,1798.5409,0.065682,0
96,4.096,4978.22,4901.2874,10089.84,-6.483002425,0.319714,0.409128,27.3112,1.3297,1.3738,0.06469,0.628065,-5.620829,180,0.152713,1711.1066,0.067391,0
97,4.1387,5173.48,4889.3042,10207.03,-6.6185837201,0.311801,0.397127,23.4881,1.312,1.3798,0.066845,0.65542,-1.135431,200,0.166848,1754.3001,0.076059,0
98,4.1813,5062.39,4847.4041,10113.28,-6.8423662835,0.25846,0.387172,21.6728,1.323,1.4727,0.068683,0.664924,-3.060125,186,0.172898,1693.8843,0.07667,0
99,4.224,5120.05,4860.1127,10089.84,-6.9164638634,0.308672,0.377566,19.4127,1.3239,1.4679,0.070501,0.659256,-1.342404,193,0.169206,1726.6037,0.074106,0
100,4.2667,5302.83,4949.1766,10429.69,-6.9507200398,0.337209,0.377591,18.4627,1.2564,1.2529,0.070496,0.668664,-2.270833,183,0.17081,1681.0455,0.066659,0
101,4.3093,4959.21,4925.3965,10125.0,-5.9394867244,0.29191,0.445318,43.147,1.2745,1.1762,0.058555,0.518605,0.903879,189,0.173204,1848.545,0.061897,0
102,4.352,4860.63,4840.297,9761.72,-6.4957895615,0.230823,0.40858,29.0668,1.3383,1.457,0.064787,0.586812,-5.550593,189,0.160618,1705.053,0.065316,0
103,4.3947,5185.51,4844.4404,10230.47,-6.6439715941,0.404221,0.399379,23.2904,1.3261,1.5185,0.066436,0.653591,-1.240159,186,0.160872,1628.4502,0.072885,0
104,4.4373,5112.15,4831.684,10136.72,-6.2909459814,0.285918,0.414637,30.0641,1.2846,1.3539,0.063722,0.599798,0.020237,201,0.166528,1708.3312,0.071908,0
105,4.48,4991.12,4860.8035,9996.09,-6.44207556,0.250653,0.412772,27.7252,1.2863,1.2739,0.064048,0.621203,-2.219149,175,0.162806,1680.7447,0.070321,0
106,4.5227,4953.56,4750.6632,9679.69,-6.4880051821,0.282024,0.407632,29.1571,1.3217,1.4732,0.064955,0.624473,-2.454823,187,0.165851,1699.6156,0.067757,0
107,4.5653,5049.89,4907.1647,10242.19,-6.5658890591,0.293264,0.408289,25.4382,1.3261,1.3997,0.064839,0.628215,-2.434259,186,0.170404,1683.8436,0.067147,0
108,4.608,5093.07,4843.1193,10113.28,-6.7950539437,0.350387,0.388695,22.5034,1.3368,1.4905,0.068399,0.646759,-3.846142,192,0.160383,1750.4421,0.069589,0
109,4.6507,5068.08,4818.4089,10089.84,-6.512971614,0.284476,0.410588,27.1571,1.317,1.409,0.064432,0.650851,-7.733345,175,0.160653,1777.4763,0.071786,0
110,4.6933,5108.54,4890.7733,10300.78,-6.3170532566,0.286789,0.419003,28.5192,1.2378,1.1287,0.062964,0.601643,-6.640534,191,0.15938,1774.4485,0.073373,0
111,4.736,5052.48,4913.4957,10265.62,-6.1568819655,0.288164,0.433922,31.9068,1.2644,1.1286,0.060431,0.606078,-0.457581,170,0.161824,1736.6287,0.063851,0
112,4.7787,4882.64,4821.1509,9937.5,-5.7778212184,0.311527,0.450539,44.3121,1.2757,1.183,0.057711,0.534364,1.458902,189,0.169129,1893.6534,0.055183,0
113,4.8213,4959.26,4763.7081,9820.31,-5.8708809481,0.350969,0.449447,44.8059,1.2479,1.1855,0.057887,0.549446,0.387082,165,0.163839,1702.2672,0.051764,0
114,4.864,4963.07,4838.2137,10136.72,-6.3840414438,0.244509,0.415136,31.8302,1.2389,1.1583,0.063635,0.578688,-5.047736,167,0.159556,1806.8994,0.061165,0
115,4.9067,5019.95,4846.073,9984.38,-6.6829420641,0.263792,0.401502,23.9742,1.3236,1.474,0.066052,0.632452,-7.983244,183,0.166252,1740.5719,0.072397,0
116,4.9493,4890.25,4783.1839,9621.09,-6.7957820112,0.30188,0.391308,24.4688,1.3577,1.5556,0.067913,0.635406,-3.218054,198,0.158947,1742.5104,0.066048,0
117,4.992,5145.91,4873.7569,10054.69,-6.6344784237,0.346354,0.401682,24.2445,1.2782,1.2933,0.06602,0.652983,-1.796984,179,0.155918,1694.6545,0.065438,0
118,5.0347,5067.37,4903.6355,10078.12,-6.5002252564,0.267556,0.406724,26.5275,1.319,1.4031,0.065117,0.631684,-2.693261,215,0.160024,1781.1738,0.06556,0
119,5.0773,5015.08,4830.2805,10148.44,-5.8010439788,0.416748,0.444326,42.8643,1.2711,1.2354,0.058716,0.519539,0.596476,203,0.173721,1809.1204,0.060921,0
120,5.12,4843.52,4805.5149,9679.69,-6.0366225427,0.22386,0.431682,39.419,1.3346,1.4251,0.060806,0.553051,1.510681,199,0.179215,1771.2064,0.061531,0
121,5.1627,4846.55,4766.6776,9632.81,-6.0398369555,0.371038,0.437013,43.1305,1.3386,1.4686,0.059918,0.528314,1.759733,205,0.169489,1831.8447,0.05738,0
122,5.2053,4813.81,4743.5311,9363.28,-6.153889707,0.225616,0.427928,37.2746,1.3436,1.5133,0.061438,0.582475,-1.005753,188,0.168851,1843.2049,0.059822,0
123,5.248,4827.08,4766.4891,9703.12,-6.760738911,0.325174,0.391709,25.9324,1.3706,1.5355,0.067839,0.636237,-0.152757,180,0.176624,1634.8693,0.064705,0
124,5.2907,4907.12,4790.6764,9691.41,-6.5368141599,0.195398,0.402277,31.614,1.3193,1.4369,0.065912,0.593692,-0.400444,168,0.168503,1781.8059,0.063606,0
125,5.3333,4962.13,4820.9628,9726.56,-6.2779542165,0.295106,0.425066,31.5322,1.3154,1.3704,0.061924,0.580995,-5.509689,188,0.165491,1781.0518,0.062263,0
126,5.376,5093.79,4765.3672,9761.72,-6.5924886388,0.310975,0.402549,26.2377,1.3347,1.5503,0.065864,0.655059,-1.324218,181,0.166612,1628.2985,0.068368,0
127,5.4187,4980.96,4888.6702,9937.5,-6.4073769873,0.276202,0.407446,27.9882,1.3129,1.323,0.064988,0.620896,0.330346,199,0.177197,1743.7333,0.072519,0
128,5.4613,5082.25,4930.6453,10230.47,-6.9037911005,0.363845,0.380055,19.3007,1.3078,1.3434,0.070026,0.658957,-4.565324,175,0.164646,1626.4624,0.073984,0
129,5.504,5175.98,4869.2262,10066.41,-6.7331408828,0.291784,0.389852,21.114,1.3095,1.4296,0.068183,0.658725,-3.301323,186,0.152509,1626.2135,0.068734,0
130,5.5467,4936.21,4881.0457,10125.0,-6.0509080912,0.310312,0.435708,40.1359,1.3108,1.3052,0.060134,0.536544,0.846023,176,0.167317,1759.1272,0.061409,0
131,5.5893,5002.37,4931.4885,10195.31,-6.0124846693,0.245335,0.442391,38.5531,1.2689,1.14,0.059032,0.538346,0.648124,175,0.157851,1726.0596,0.065316,0
132,5.632,5102.09,4894.3193,10160.16,-6.0235300969,0.284464,0.437298,35.6636,1.2513,1.1626,0.05987,0.584522,-5.189566,195,0.159009,1807.5966,0.064705,0
133,5.6747,4963.82,4858.8561,10019.53,-6.3832034154,0.278672,0.416454,30.9948,1.3314,1.4224,0.063406,0.608847,-4.8444,184,0.168595,1734.1755,0.061165,0
134,5.7173,4943.64,4879.2802,10078.12,-6.168617584,0.19753,0.428433,35.1844,1.2902,1.2435,0.061353,0.590613,-5.771231,165,0.159892,1665.4708,0.063851,0
135,5.76,4984.61,4862.5072,9937.5,-6.3697784557,0.273634,0.427403,31.5027,1.2939,1.2858,0.061527,0.6022,-0.759142,206,0.155986,1767.2189,0.069222,0
136,5.8027,4953.49,4834.9352,9691.41,-6.9505458169,0.314958,0.380617,20.0645,1.391,1.6624,0.069919,0.658233,-2.666704,174,0.163021,1593.198,0.072763,0
137,5.8453,4797.12,4742.7909,9527.34,-6.150000827,0.319223,0.423613,38.6708,1.3733,1.5622,0.062172,0.571209,-6.464782,175,0.170049,1772.777,0.064827,0
138,5.888,4943.66,4761.2672,9691.41,-6.0483393304,0.290767,0.436981,39.4227,1.2817,1.3357,0.059923,0.531119,2.081989,211,0.175467,1770.3935,0.061165,0
139,5.9307,5202.9,4855.577,10289.06,-6.3357119896,0.302583,0.424751,27.0128,1.2545,1.2184,0.061978,0.646241,-0.631858,192,0.169727,1637.2447,0.067269,0
140,5.9733,4875.33,4854.3086,9960.94,-6.1452757169,0.259918,0.428216,35.4546,1.3107,1.2945,0.061389,0.571579,-5.173907,198,0.172811,1742.1215,0.064461,0
141,6.016,5038.52,4838.9434,9996.09,-6.7614784131,0.353468,0.392446,21.0885,1.3133,1.4109,0.067703,0.640432,-2.535634,202,0.170885,1695.1413,0.065926,0
142,6.0587,4833.75,4805.2842,9878.91,-6.2370127334,0.397227,0.421896,35.1695,1.3566,1.4056,0.062466,0.580027,1.14048,172,0.170156,1704.8142,0.064217,0
143,6.1013,4899.55,4849.1821,9656.25,-7.183709608,0.290327,0.355839,17.8756,1.4157,1.7301,0.074791,0.657687,-2.819921,213,0.174763,1726.3301,0.068612,0
144,6.144,5012.23,4879.0744,9902.34,-6.5232325329,0.297757,0.410439,26.813,1.3322,1.4233,0.064458,0.632068,-0.861704,184,0.170607,1624.6894,0.070077,0
145,6.1867,5127.01,4854.447,9960.94,-6.5746946202,0.31715,0.397259,24.3716,1.3302,1.4871,0.066821,0.632483,-5.065084,179,0.161055,1594.451,0.066048,0
146,6.2293,5048.96,4858.8368,10042.97,-6.4458266387,0.336422,0.40586,26.9022,1.2976,1.3248,0.065271,0.626396,-3.438852,199,0.152,1741.1869,0.072274,0
147,6.272,5147.05,4834.192,10125.0,-6.1203394611,0.247805,0.438299,32.8566,1.255,1.248,0.059705,0.602967,-0.907186,198,0.16536,1710.4122,0.07667,0
148,6.3147,4920.36,4907.2206,9773.44,-6.8210848496,0.296848,0.381601,21.4957,1.3631,1.4811,0.069732,0.637567,-5.841213,191,0.168089,1743.9778,0.074106,0
149,6.3573,5039.63,4819.8148,9738.28,-6.6994148594,0.280162,0.395927,23.8957,1.3253,1.5261,0.067064,0.640015,-7.05862,183,0.158349,1690.0884,0.065682,0
150,6.4,5146.63,4864.3779,10242.19,-6.5969255441,0.344031,0.404332,26.4433,1.2744,1.2837,0.065544,0.648884,-5.243965,192,0.156984,1645.5385,0.066781,0
151,6.4427,4835.65,4750.244,9644.53,-5.8201724845,0.236412,0.449754,46.5512,1.2917,1.3011,0.057838,0.530756,0.845343,182,0.175531,1862.6977,0.064583,0
152,6.4853,5044.02,4824.2556,10195.31,-6.1650520986,0.256699,0.437972,35.0858,1.2601,1.2281,0.059759,0.59144,0.104677,195,0.166854,1852.7924,0.065804,0
153,6.528,4972.16,4845.9136,9867.19,-6.4347754149,0.306784,0.413977,28.4707,1.3155,1.3805,0.063837,0.627412,-0.822053,174,0.159727,1729.3174,0.069222,0
154,6.5707,4936.28,4871.997,9890.62,-6.3368388708,0.331078,0.409643,29.4196,1.3242,1.3993,0.064599,0.582034,-5.063606,188,0.160397,1702.1133,0.064705,0
155,6.6133,5046.38,4807.0525,9925.78,-6.8546275289,0.248902,0.385703,21.5943,1.3434,1.5539,0.068958,0.664925,-5.272828,202,0.161018,1644.6292,0.071786,0
156,6.656,5013.7,4777.1495,9750.0,-6.1475658853,0.291926,0.428764,34.2462,1.299,1.3913,0.061297,0.591723,0.343775,184,0.168596,1714.3991,0.072519,0
157,6.6987,5015.24,4793.2194,9785.16,-6.5341813938,0.250699,0.41286,30.3318,1.3011,1.4004,0.064033,0.62852,-2.239712,183,0.160433,1709.6046,0.068368,0
158,6.7413,5182.89,4785.5593,10148.44,-6.265547475,0.266545,0.429388,31.613,1.2462,1.233,0.061192,0.633631,-1.481498,189,0.167759,1785.1721,0.071664,0
159,6.784,5155.25,4892.924,10230.47,-6.4168679163,0.274707,0.418974,28.0684,1.2599,1.1782,0.062969,0.635122,-6.239313,176,0.164665,1700.5276,0.068368,0
160,6.8267,4852.47,4756.8779,9527.34,-6.2488363591,0.246823,0.420497,34.6238,1.3107,1.3913,0.062706,0.57013,-5.838755,165,0.168394,1760.2554,0.06324,0
161,6.8693,4837.45,4785.103,9632.81,-6.1916166369,0.343346,0.428866,36.5024,1.3194,1.3792,0.06128,0.57614,-8.019691,176,0.16447,1760.9802,0.059578,0
162,6.912,4830.57,4808.0008,9703.12,-6.5161117746,0.227839,0.410541,31.2497,1.3567,1.5422,0.064441,0.589193,-5.911155,190,0.159868,1854.211,0.065071,0
163,6.9547,5003.03,4899.6986,10125.0,-6.8336608805,0.315621,0.384082,20.7119,1.3416,1.4458,0.069263,0.642489,-0.744166,185,0.163777,1622.0249,0.070687,0
164,6.9973,5000.4,4846.639,9820.31,-6.3942241886,0.315323,0.4136,30.1952,1.3358,1.4445,0.063903,0.614504,-0.227155,212,0.16701,1760.7947,0.068612,0
165,7.04,4990.19,4831.3884,9808.59,-6.6593121783,0.348951,0.392178,23.4036,1.3392,1.4925,0.067753,0.638575,-7.026252,177,0.164583,1676.4038,0.070199,0
166,7.0827,5225.22,4827.2266,10230.47,-6.1365728369,0.341977,0.426643,30.8849,1.2516,1.2536,0.061656,0.614385,-4.276028,205,0.167635,1734.5906,0.072885,0
167,7.1253,5127.99,4883.7908,10253.91,-6.6940603493,0.275876,0.396104,22.1315,1.3026,1.3603,0.067032,0.647393,-4.613259,195,0.161301,1725.1677,0.078379,0
168,7.168,5307.41,4908.4241,10253.91,-6.6464888367,0.290797,0.395885,22.1326,1.2617,1.2994,0.067072,0.655822,-2.569727,179,0.161381,1726.09,0.074472,0
169,7.2107,4974.41,4860.3486,9890.62,-6.4347304288,0.237418,0.410175,28.3784,1.3175,1.3635,0.064505,0.611504,-6.538138,185,0.161048,1617.5789,0.070077,0
170,7.2533,5317.95,4884.1977,10312.5,-6.8849110674,0.223272,0.384017,18.9492,1.2591,1.273,0.069275,0.690606,-6.530648,173,0.160756,1650.305,0.08021,0
171,7.296,5333.3,4922.9342,10335.94,-7.5825720034,0.355065,0.343538,13.5262,1.3028,1.4363,0.077338,0.705442,-5.606427,179,0.159977,1722.1294,0.085093,0
172,7.3387,5304.61,4959.1184,10324.22,-6.9920943357,0.337656,0.381932,16.5286,1.2862,1.3175,0.069669,0.683787,-3.063814,182,0.15446,1668.1198,0.080942,0
173,7.3813,5263.97,4941.9854,10359.38,-6.9095369784,0.355461,0.38814,17.6969,1.2898,1.2833,0.068502,0.69111,-4.881306,202,0.153501,1701.1971,0.074594,0
174,7.424,4903.89,4886.7316,10007.81,-6.6879005116,0.315979,0.389949,24.6099,1.3442,1.4011,0.068165,0.629155,-7.534886,177,0.168731,1675.3036,0.067269,0
175,7.4667,4887.2,4881.8759,10066.41,-6.216677136,0.31175,0.415812,30.7288,1.3108,1.2935,0.063517,0.570958,-5.877214,210,0.171479,1867.5094,0.066048,0
176,7.5093,5186.85,4838.9771,10089.84,-6.4472243656,0.245643,0.411897,25.8153,1.2342,1.1908,0.064202,0.638526,-3.791636,192,0.171848,1651.9415,0.070687,0
177,7.552,5111.36,4877.758,10242.19,-6.0578058608,0.268062,0.436732,36.3334,1.2452,1.1637,0.059964,0.566081,0.858792,184,0.169201,1802.5017,0.066292,0
178,7.5947,5042.76,4869.3385,10195.31,-5.9284939373,0.32586,0.450405,37.3006,1.2429,1.1226,0.057733,0.555578,-0.383736,173,0.165944,1743.3062,0.060798,0
179,7.6373,5026.54,4843.9139,9890.62,-6.2246791309,0.25477,0.424804,34.2033,1.2923,1.3446,0.061969,0.583147,-1.780078,192,0.16916,1722.6688,0.061287,0
180,7.68,4866.27,4755.2781,9855.47,-5.6891349768,0.25939,0.458225,49.6198,1.2678,1.1997,0.056487,0.474213,2.222973,179,0.172842,1770.8202,0.054816,0
181,7.7227,4927.8,4739.8164,9925.78,-5.8755792459,0.273549,0.452775,43.3745,1.25,1.172,0.057353,0.547103,-0.324778,195,0.181486,1824.9955,0.056648,0
182,7.7653,4932.81,4841.4046,10019.53,-6.3168919787,0.254954,0.424149,33.6341,1.3053,1.3057,0.06208,0.600608,-6.415073,184,0.161321,1746.1008,0.064583,0
183,7.808,4831.95,4771.7562,9703.12,-5.7910364078,0.280294,0.448411,43.4468,1.2838,1.2387,0.058054,0.513171,2.154955,204,0.170946,1909.6148,0.063851,0
184,7.8507,4841.21,4793.3221,9890.62,-6.3506667678,0.262864,0.409051,32.9152,1.3179,1.3761,0.064704,0.553288,-6.116632,204,0.166127,1754.1618,0.062996,0
185,7.8933,5050.6,4819.4243,9925.78,-6.7185215584,0.22987,0.396331,25.0432,1.294,1.3478,0.06699,0.64902,-2.480375,188,0.170607,1768.7476,0.065194,0
186,7.936,4961.79,4793.2127,9890.62,-6.545181943,0.258983,0.39928,26.7394,1.3422,1.5073,0.066454,0.625956,-7.581417,189,0.165816,1826.5813,0.069466,0
187,7.9787,4865.55,4852.7441,9750.0,-6.2194569583,0.301194,0.424023,34.5413,1.3188,1.3388,0.062102,0.57143,-0.146304,188,0.168563,1760.3808,0.064705,0
188,8.0213,5015.38,4840.2983,10078.12,-5.8354219127,0.28972,0.46361,46.2783,1.2683,1.1531,0.055641,0.535806,0.338064,184,0.159772,1799.9661,0.059578,0
189,8.064,4978.28,4875.3456,10089.84,-6.1645070225,0.336765,0.430522,36.2814,1.2987,1.3035,0.061001,0.577921,-6.232586,188,0.156398,1755.9542,0.059089,0
190,8.1067,4830.7,4787.9458,9703.12,-6.0817259727,0.38899,0.431153,40.7865,1.3585,1.477,0.060895,0.54862,-1.033679,185,0.168404,1764.5948,0.057258,0
191,8.1493,4743.17,4747.9933,9492.19,-5.736744374,0.23067,0.464245,52.6807,1.3,1.2756,0.055542,0.464125,2.338127,176,0.162263,1857.8933,0.060676,0
192,8.192,5163.02,4816.0555,9949.22,-6.7965411956,0.312558,0.382093,20.7183,1.3136,1.4936,0.069639,0.663829,-4.855695,208,0.173902,1695.9762,0.067391,0
193,8.2347,4911.8,4835.6742,9949.22,-6.0954299902,0.277791,0.428843,36.7881,1.309,1.285,0.061284,0.578774,-7.882067,187,0.182252,1737.2768,0.067513,0
194,8.2773,5226.34,4911.9066,10335.94,-6.1741746596,0.285665,0.438049,32.186,1.272,1.207,0.059746,0.629271,-1.023436,164,0.165172,1669.6311,0.070321,0
195,8.32,5068.68,4813.7775,9902.34,-6.5302084018,0.314347,0.407081,26.3635,1.3137,1.4485,0.065053,0.61045,-7.526213,176,0.160165,1684.8925,0.072519,0
196,8.3627,4811.11,4799.9389,9703.12,-6.4665886136,0.269299,0.411633,31.7863,1.3461,1.485,0.064248,0.597618,-2.450751,196,0.164285,1802.959,0.067635,0
197,8.4053,4909.05,4855.7548,10054.69,-6.3931756224,0.440782,0.40981,30.6912,1.3376,1.4039,0.06457,0.593206,-7.378819,167,0.168689,1724.1125,0.06556,0
198,8.448,4869.51,4787.4143,9632.81,-6.7509662665,0.320778,0.388902,25.9433,1.3824,1.6727,0.06836,0.61142,-5.377017,193,0.166493,1715.433,0.063973,0
199,8.4907,4792.09,4803.5925,9750.0,-6.2156638518,0.317982,0.418949,35.3363,1.3226,1.3537,0.062973,0.551296,-8.128308,190,0.169897,1749.2369,0.060554,0
200,8.5333,4848.78,4745.4227,9585.94,-6.1427575353,0.29404,0.426907,37.6412,1.3397,1.4811,0.061611,0.585082,-7.864076,180,0.170555,1829.1402,0.063484,0
201,8.576,5133.43,4820.9154,10089.84,-6.4138745773,0.317696,0.415587,28.9299,1.3049,1.3695,0.063556,0.654921,-6.910212,168,0.157882,1702.5745,0.071542,0
202,8.6187,5124.59,4848.3039,10136.72,-6.8250827077,0.278077,0.389827,21.8662,1.307,1.4095,0.068188,0.662271,-4.715176,176,0.161708,1535.3522,0.073373,0
203,8.6613,5002.29,4816.2472,9808.59,-6.6443460455,0.305421,0.39563,24.3634,1.3221,1.4901,0.067119,0.641802,-7.691973,192,0.158667,1739.2336,0.068124,0
204,8.704,4897.09,4854.7581,10078.12,-5.8403633976,0.305759,0.451397,47.2631,1.2788,1.1562,0.057574,0.504322,1.596748,191,0.171115,1767.6819,0.056403,0
205,8.7467,4860.05,4895.5237,9820.31,-6.0633530704,0.205296,0.428265,37.2391,1.3014,1.2588,0.061381,0.546025,0.045374,176,0.173516,1746.0656,0.062996,0
206,8.7893,5048.68,4919.8287,10136.72,-6.9576574825,0.283719,0.378657,20.2374,1.3465,1.4737,0.070292,0.66357,-5.555646,195,0.161204,1716.4403,0.069833,0
207,8.832,5003.21,4817.101,10125.0,-6.0875543345,0.298489,0.426078,34.5329,1.2858,1.2446,0.061752,0.598039,-0.647586,196,0.165335,1755.5976,0.065071,0
208,8.8747,5075.99,4878.7659,10171.88,-6.5954109803,0.191978,0.406448,24.0634,1.2913,1.3199,0.065166,0.643257,-0.370562,194,0.172649,1641.4393,0.063484,0
209,8.9173,5078.73,4922.227,10312.5,-5.7416867435,0.392602,0.458157,44.2914,1.2466,1.0749,0.056498,0.529589,2.220517,199,0.172226,1863.5954,0.059211,0
210,8.96,5009.99,4836.7553,9902.34,-6.5105597192,0.281046,0.404281,28.8842,1.3113,1.4297,0.065553,0.609946,-5.179805,194,0.162638,1805.8329,0.060432,0
211,9.0027,4945.24,4791.5376,9574.22,-6.5253987046,0.277735,0.407817,29.6775,1.3168,1.464,0.064922,0.595645,-6.568432,199,0.161695,1604.3732,0.067269,0
212,9.0453,5174.43,4916.6359,10101.56,-7.1363110687,0.20817,0.371477,15.9687,1.2936,1.3902,0.071678,0.677335,-4.166596,176,0.167627,1672.1223,0.0691,0
213,9.088,4843.6,4812.256,9644.53,-6.0713845585,0.222527,0.427012,36.4523,1.3027,1.3376,0.061593,0.546985,2.501181,196,0.170244,1702.4823,0.065316,0
214,9.1307,5071.91,4870.0325,10171.88,-6.8096367566,0.280757,0.388922,22.5312,1.2984,1.3518,0.068356,0.642212,-4.412308,169,0.171394,1649.1437,0.069955,0
215,9.1733,5349.57,4904.018,10406.25,-6.9499895621,0.33262,0.381516,17.127,1.2622,1.3469,0.069748,0.693042,-4.528917,208,0.159767,1753.8755,0.078501,0
216,9.216,5062.64,4793.07,9843.75,-6.781163262,0.260268,0.390563,21.5999,1.339,1.5491,0.068052,0.671786,-3.869397,197,0.167801,1630.8057,0.072152,0
217,9.2587,5197.15,4924.0002,10300.78,-6.541307408,0.368224,0.411975,24.5751,1.283,1.3054,0.064188,0.652428,-2.581453,198,0.17034,1654.5759,0.068612,0
218,9.3013,4994.55,4843.0903,9761.72,-6.3743470716,0.315599,0.409158,30.6128,1.3327,1.4357,0.064685,0.614788,-0.273873,194,0.169331,1671.3648,0.070077,0
219,9.344,4845.03,4832.5963,9574.22,-6.8052790081,0.258666,0.387096,23.6661,1.3883,1.6259,0.068697,0.630498,-5.300597,173,0.169754,1732.6653,0.066781,0
220,9.3867,5029.79,4842.0062,10101.56,-6.1488949992,0.24903,0.433751,36.6903,1.2074,1.0477,0.06046,0.592537,-7.251565,182,0.171343,1765.6622,0.060554,0
221,9.4293,4881.61,4827.5782,9820.31,-6.1543014817,0.228799,0.429056,35.4439,1.2917,1.3013,0.061248,0.565642,-0.306178,196,0.168213,1850.2518,0.059333,0
222,9.472,4939.5,4860.329,10089.84,-6.0745716635,0.280016,0.435512,35.9741,1.2826,1.2121,0.060167,0.570873,-0.889787,191,0.16453,1789.0944,0.070565,0
223,9.5147,5260.58,4886.3915,10265.62,-6.3496052574,0.215676,0.41994,27.414,1.2482,1.2135,0.062802,0.645584,-1.081982,178,0.163728,1611.8865,0.075327,0
224,9.5573,5100.62,4834.0516,10031.25,-6.3678213526,0.263304,0.415444,29.0942,1.2861,1.3345,0.063581,0.635378,-1.317735,195,0.155215,1810.5711,0.07203,0
225,9.6,5025.05,4810.1149,9878.91,-6.3767768332,0.347636,0.415602,30.6699,1.314,1.4239,0.063554,0.629458,-0.756201,181,0.16423,1867.7589,0.071664,0
226,9.6427,5264.51,4892.8814,10253.91,-6.83938295,0.276527,0.386569,19.3321,1.2754,1.3206,0.068795,0.685947,-5.848253,173,0.161379,1697.0575,0.073251,0
227,9.6853,5149.39,4946.9404,10300.78,-6.6811004019,0.262522,0.399612,22.2851,1.2372,1.1589,0.066394,0.630722,-5.603178,180,0.166828,1639.3707,0.075571,0
228,9.728,4986.84,4778.8808,9714.84,-6.8180136351,0.310227,0.381372,22.7367,1.3385,1.5426,0.069775,0.656352,-3.716822,185,0.172175,1745.9543,0.075571,0
229,9.7707,5026.95,4856.4054,10078.12,-6.348397238,0.37194,0.406714,26.0802,1.3084,1.3272,0.065118,0.614226,-0.321688,173,0.176165,1732.2911,0.068734,0
230,9.8133,5105.55,4814.8882,10195.31,-6.1899547158,0.324211,0.431115,33.4811,1.2788,1.2423,0.060901,0.62676,-2.891699,183,0.17245,1814.8697,0.062508,0
231,9.856,4941.5,4781.0394,9667.97,-6.4110381594,0.344406,0.416299,32.2075,1.3341,1.4615,0.063432,0.618964,-5.447263,183,0.163687,1675.5997,0.062752,0
232,9.8987,5018.82,4862.6075,10171.88,-6.3608529043,0.331992,0.420186,29.3091,1.2965,1.3155,0.06276,0.613329,-6.024202,189,0.165823,1770.941,0.059089,0
233,9.9413,4853.43,4802.5682,9609.38,-6.1650608681,0.268988,0.418804,36.1495,1.3288,1.4451,0.062998,0.56398,-6.460131,184,0.162963,1831.1082,0.06324,0
234,9.984,5151.36,4853.2654,10066.41,-7.0393484277,0.283586,0.370954,17.5213,1.3233,1.5255,0.07178,0.68154,-4.499934,198,0.178726,1732.155,0.076181,0
235,10.0267,5065.14,4878.9692,10207.03,-6.4484397667,0.281985,0.412457,26.651,1.2617,1.2231,0.064103,0.628114,-7.005598,210,0.159327,1709.1216,0.071054,0
236,10.0693,5095.11,4894.0681,10265.62,-6.5814694349,0.244692,0.404928,26.6108,1.283,1.2413,0.065437,0.632432,-2.268003,173,0.160217,1703.7069,0.072152,0
237,10.112,5151.89,4894.2245,10218.75,-7.1082115932,0.217817,0.373281,18.1173,1.3127,1.4171,0.071327,0.678881,-4.399695,217,0.166206,1759.7388,0.07789,0
238,10.1547,5116.32,4931.2294,10195.31,-6.724739771,0.323104,0.3937,23.6995,1.3131,1.3489,0.067472,0.653375,-1.131399,201,0.167576,1829.8227,0.074228,0
239,10.1973,5194.89,4905.7391,10382.81,-6.3850571038,0.267667,0.421439,29.614,1.2555,1.1981,0.062544,0.637758,0.772437,192,0.170939,1776.2032,0.072641,0
240,10.24,5025.15,4832.7925,9949.22,-6.2150211853,0.282315,0.421223,34.2698,1.2659,1.2727,0.062581,0.599174,0.644038,178,0.172151,1816.7894,0.068124,0
241,10.2827,4995.82,4823.0945,9750.0,-6.9691365823,0.293795,0.373243,21.2237,1.3627,1.6447,0.071335,0.63842,-7.523337,192,0.164903,1707.9251,0.068856,0
242,10.3253,4977.9,4773.5613,9691.41,-7.1257638517,0.24456,0.364582,18.5185,1.3583,1.6347,0.073034,0.676578,-3.395851,179,0.17711,1722.2135,0.068978,0
243,10.368,4951.79,4704.9954,9773.44,-6.5142806309,0.322656,0.408398,27.685,1.3283,1.5083,0.064819,0.636861,-0.566114,179,0.171345,1760.9851,0.068734,0
244,10.4107,4690.19,4761.7321,9410.16,-6.0387636254,0.342951,0.436694,43.5477,1.3255,1.3937,0.059971,0.499797,-7.891043,178,0.180329,1811.5164,0.057258,0
245,10.4533,4849.07,4808.231,9761.72,-6.3849424429,0.3477,0.415163,32.2641,1.359,1.5031,0.06363,0.611024,-5.528442,199,0.163284,1807.7555,0.055549,0
246,10.496,4985.69,4857.6794,9902.34,-6.7388288737,0.267159,0.390749,23.2026,1.332,1.4418,0.068017,0.6346,-1.587722,206,0.166647,1741.4658,0.068246,0
247,10.5387,5236.44,4851.5807,10277.34,-6.2634993096,0.343964,0.427337,29.6736,1.2738,1.3146,0.061538,0.634847,-1.23583,183,0.159964,1682.4525,0.07203,0
248,10.5813,5125.52,4806.4248,10195.31,-6.2163615547,0.276735,0.425532,32.6173,1.2699,1.2556,0.061845,0.61749,-0.754127,212,0.157601,1802.2938,0.071054,0
249,10.624,4977.72,4786.3277,9761.72,-6.2284172803,0.300643,0.426508,36.0269,1.3262,1.4431,0.061679,0.602954,-0.447448,184,0.167729,1689.3606,0.066536,0
250,10.6667,5005.51,4720.6616,9738.28,-6.1486427567,0.30318,0.425839,36.2372,1.3015,1.4578,0.061792,0.593887,1.298553,199,0.171494,1826.6019,0.066292,0
251,10.7093,4816.29,4730.1521,9574.22,-6.2587389321,0.33123,0.411086,35.9208,1.3474,1.5527,0.064345,0.580142,-0.771856,178,0.167098,1773.6692,0.06324,0
252,10.752,4776.5,4742.5508,9574.22,-6.3308304435,0.306445,0.417227,32.4331,1.3798,1.612,0.063271,0.578883,-8.006065,202,0.160551,1801.615,0.061531,0
253,10.7947,4981.29,4862.557,9867.19,-6.2664265011,0.209358,0.421542,34.3212,1.2935,1.318,0.062526,0.586285,-9.445841,190,0.161457,1722.9091,0.064583,0
254,10.8373,4978.4,4805.4054,9984.38,-6.2208878635,0.285485,0.428607,34.674,1.2838,1.2699,0.061323,0.589611,-8.795823,173,0.166442,1824.8501,0.062874,0
255,10.88,5009.55,4764.5702,10019.53,-6.1930794162,0.314236,0.424679,33.8899,1.2806,1.3438,0.06199,0.593005,-6.565085,185,0.169078,1744.1252,0.067879,0
256,10.9227,4982.54,4805.2125,9796.88,-6.5430403618,0.396041,0.39978,28.4273,1.3457,1.5431,0.066363,0.608708,-3.095259,187,0.173199,1758.5933,0.065926,0
257,10.9653,4854.96,4760.1708,9750.0,-5.7121323146,0.251099,0.462961,49.5583,1.2763,1.2112,0.055743,0.504467,1.45656,189,0.170782,1879.267,0.059455,0
258,11.008,5261.77,4850.9455,10289.06,-6.3532314473,0.312893,0.41361,26.7167,1.2599,1.2371,0.063902,0.653632,-5.140314,170,0.176139,1801.19,0.070809,0
259,11.0507,4972.19,4751.8658,9843.75,-6.0607987457,0.259363,0.4342,37.322,1.2981,1.3611,0.060385,0.57525,0.094777,203,0.173796,1890.7763,0.068612,0
260,11.0933,5069.58,4865.0708,9984.38,-6.4369948773,0.263111,0.41552,28.8835,1.3037,1.3602,0.063568,0.637876,-1.873759,186,0.177235,1777.7116,0.063728,0
261,11.136,5040.6,4848.8058,10089.84,-6.4241526839,0.383276,0.414243,26.7859,1.3008,1.3541,0.063791,0.616684,-6.993655,184,0.1626,1709.4789,0.067025,0
262,11.1787,4908.4,4851.4504,10195.31,-6.1243263531,0.359894,0.427932,36.6931,1.3192,1.3356,0.061437,0.577653,-1.173772,190,0.169782,1931.9861,0.069222,0
263,11.2213,5042.14,4883.8138,10218.75,-6.1986014703,0.299169,0.425162,33.1562,1.2903,1.257,0.061908,0.597411,-7.001823,173,0.158819,1756.5354,0.06849,0
264,11.264,5048.3,4860.6032,10183.59,-6.1879365955,0.40828,0.431597,32.5068,1.3049,1.3108,0.06082,0.593932,-1.35061,166,0.157713,1669.6047,0.061165,0
265,11.3067,4892.47,4794.7221,9832.03,-6.1274902621,0.398038,0.427499,39.3378,1.3063,1.3167,0.061511,0.567404,-0.203679,171,0.160993,1723.7724,0.058357,0
266,11.3493,5225.64,4925.0292,10242.19,-6.5367523307,0.371864,0.402845,24.5179,1.2673,1.237,0.06581,0.642984,-4.241758,183,0.16375,1712.8942,0.066781,0
267,11.392,5108.4,4788.4749,10054.69,-6.5296364073,0.314068,0.407834,28.2147,1.3177,1.4792,0.064919,0.65274,-6.733913,205,0.163872,1657.2485,0.066659,0
268,11.4347,4919.99,4819.8467,9878.91,-6.0322201098,0.262919,0.430236,38.9504,1.3112,1.3936,0.061049,0.551382,1.495712,179,0.176201,1693.1591,0.06324,0
269,11.4773,5201.22,4852.9266,10253.91,-6.8068368958,0.279578,0.382546,21.9411,1.2933,1.4215,0.069553,0.65558,-3.114963,204,0.164208,1742.8797,0.071908,0
270,11.52,5019.2,4786.3792,9726.56,-6.4948416262,0.236329,0.405225,28.3492,1.3052,1.3733,0.065384,0.641576,-8.28058,183,0.165759,1721.3536,0.073495,0
271,11.5627,4971.6,4743.7999,9714.84,-6.2036406956,0.275896,0.419669,32.049,1.3279,1.4914,0.062849,0.603228,0.631661,201,0.162832,1751.5725,0.061409,0
272,11.6053,4789.19,4816.9958,9714.84,-5.9855041554,0.354101,0.443869,44.7742,1.2795,1.2334,0.058791,0.516857,-8.804255,191,0.173739,1821.3189,0.062019,0
273,11.648,5205.17,4903.022,10300.78,-6.2167925907,0.246141,0.431532,29.5615,1.2163,1.0841,0.060831,0.601777,-6.05964,173,0.157398,1721.5064,0.071542,0
274,11.6907,4952.65,4823.5592,9773.44,-6.3466493853,0.376904,0.417162,31.3568,1.3406,1.4608,0.063282,0.61333,-1.582429,173,0.169452,1669.2667,0.072885,0
275,11.7333,4850.08,4778.6633,9585.94,-6.5973813885,0.366587,0.401201,27.7509,1.3698,1.6407,0.066106,0.602583,-7.049853,180,0.170357,1831.3007,0.070443,0
276,11.776,5017.96,4851.9594,9949.22,-5.7972192357,0.351872,0.43982,42.3678,1.2641,1.2289,0.059454,0.519734,1.932225,203,0.166866,1949.1324,0.065438,0
277,11.8187,5231.5,4932.2009,10300.78,-6.4971012651,0.473795,0.405289,23.9193,1.2762,1.2784,0.065372,0.638147,-0.580467,197,0.175202,1668.155,0.060432,0
278,11.8613,4919.79,4815.3924,10066.41,-5.6272416811,0.275233,0.469796,53.3333,1.2402,1.0676,0.054682,0.450864,3.630341,185,0.172371,1964.4566,0.057502,0
279,11.904,5101.37,4849.6617,10101.56,-7.2273466766,0.211384,0.370576,16.9437,1.3283,1.473,0.071854,0.67849,-1.567992,191,0.164817,1593.2912,0.065316,0
280,11.9467,4680.56,4702.2196,9339.84,-5.8208947035,0.208211,0.443759,47.0457,1.3315,1.3964,0.058809,0.496659,1.384065,180,0.180292,1929.5834,0.055183,0
281,11.9893,4789.62,4739.28,9679.69,-5.9679281915,0.22874,0.431144,44.3278,1.3041,1.3674,0.060896,0.524656,1.933237,207,0.17265,1819.9227,0.05384,0
282,12.032,5073.61,4882.3752,9902.34,-6.1939938771,0.243597,0.426533,32.096,1.2798,1.3076,0.061675,0.59025,-5.321018,219,0.17338,1699.2731,0.062141,0
283,12.0747,4840.8,4731.7962,9632.81,-5.9391478597,0.28637,0.44654,45.7833,1.2927,1.371,0.058357,0.502141,2.248582,190,0.173825,1828.9202,0.063728,0
284,12.1173,5014.2,4810.1396,10019.53,-6.3317042851,0.346988,0.426639,32.7581,1.292,1.3002,0.061657,0.616211,-1.318255,187,0.163737,1714.9864,0.070809,0
285,12.16,5006.86,4899.4075,9996.09,-6.4148112039,0.248169,0.409363,28.1218,1.3246,1.3782,0.064649,0.615036,-1.308488,181,0.15705,1714.4801,0.061775,0
286,12.2027,5038.83,4907.7825,10101.56,-6.0689192018,0.304401,0.431971,37.4491,1.2576,1.22,0.060758,0.582715,-6.026087,197,0.16541,1835.9474,0.058723,0
287,12.2453,4958.67,4807.0586,9761.72,-6.3659930954,0.287705,0.419668,32.1046,1.3295,1.4568,0.062849,0.61271,-0.314781,198,0.172028,1691.0538,0.066048,0
288,12.288,5029.8,4813.3713,10195.31,-5.9150111839,0.274942,0.445029,40.6476,1.2856,1.2682,0.058602,0.549533,1.066316,183,0.167879,1827.2982,0.068246,0
289,12.3307,5074.22,4889.2402,10300.78,-6.6435058595,0.283757,0.396993,25.1546,1.3209,1.3898,0.06687,0.643833,-1.655769,210,0.169879,1748.0263,0.073495,0
290,12.3733,5323.77,4957.5918,10359.38,-7.097710707,0.27682,0.375876,16.079,1.2829,1.3741,0.070826,0.68604,-6.60944,172,0.17218,1624.9351,0.078379,0
291,12.416,5118.15,4815.7536,9843.75,-6.521380415,0.286518,0.406262,27.1791,1.3124,1.4822,0.065199,0.637283,-2.345604,170,0.157006,1651.7996,0.073862,0
292,12.4587,5201.17,4854.3677,10207.03,-6.8935994073,0.277944,0.383943,19.5779,1.3053,1.4042,0.069289,0.672171,-3.586258,188,0.167403,1737.8094,0.070932,0
293,12.5013,5074.37,4847.7122,10160.16,-6.0529155269,0.264977,0.437884,36.9959,1.2468,1.1822,0.059773,0.572892,0.527423,196,0.162928,1791.5031,0.072397,0
294,12.544,5039.69,4894.1643,9902.34,-6.8756863665,0.307928,0.378883,20.9479,1.3191,1.4483,0.070249,0.642301,-0.667197,205,0.172383,1715.7894,0.067757,0
295,12.5867,4942.2,4805.5625,9691.41,-6.2549362024,0.298031,0.43007,34.5464,1.3288,1.4363,0.061077,0.586202,-1.213022,188,0.17864,1861.3536,0.063118,0
296,12.6293,4833.59,4753.2708,9667.97,-5.9643752187,0.2977,0.441366,41.0348,1.3423,1.3998,0.0592,0.56628,0.849223,193,0.16643,1818.8363,0.059944,0
297,12.672,4776.4,4784.9365,9703.12,-5.660738857,0.348252,0.460267,51.0126,1.2925,1.2389,0.056165,0.475142,2.792366,179,0.162471,2000.9507,0.047979,0
298,12.7147,4986.69,4819.81,9984.38,-5.7675440346,0.314295,0.457609,44.9787,1.2579,1.1707,0.056584,0.503473,-6.355333,194,0.171615,1820.4439,0.050543,0
299,12.7573,4923.9,4805.1553,10007.81,-5.6183413397,0.218751,0.460645,45.9555,1.2427,1.1219,0.056106,0.493559,-7.047367,199,0.162913,1995.2963,0.061409,0
300,12.8,5024.55,4917.1705,10136.72,-6.3026012672,0.24472,0.421914,32.4586,1.3077,1.311,0.062463,0.601125,1.197195,188,0.186273,1805.9663,0.069589,0
301,12.8427,5075.6,4857.4845,10207.03,-6.2903317562,0.319009,0.424519,30.3282,1.2365,1.128,0.062017,0.606556,-3.352085,177,0.170346,1702.6144,0.068368,0
302,12.8853,5079.81,4885.5326,10218.75,-6.012600107,0.203182,0.440273,37.2669,1.2098,1.0457,0.05938,0.561714,-0.907227,193,0.166691,1684.1389,0.065071,0
303,12.928,5065.81,4789.7906,9855.47,-6.1819218585,0.259048,0.433595,34.1652,1.284,1.3184,0.060486,0.604396,0.489306,188,0.16779,1742.1765,0.070199,0
304,12.9707,5250.21,4861.8998,10253.91,-6.6264083996,0.333001,0.399646,21.5716,1.2892,1.3613,0.066387,0.669606,-4.371722,166,0.173947,1735.01,0.067147,0
305,13.0133,4948.99,4887.9832,10207.03,-5.7598293127,0.296618,0.459145,44.0292,1.2546,1.0866,0.056342,0.508113,0.493574,175,0.175527,1830.4656,0.068246,0
306,13.056,5190.96,4911.7916,10207.03,-7.4019405994,0.302112,0.346242,14.2498,1.356,1.5869,0.07677,0.687176,-4.935105,180,0.176896,1790.9955,0.073373,0
307,13.0987,5151.54,4838.4986,10031.25,-6.722632109,0.472922,0.387714,22.1729,1.3077,1.4635,0.068581,0.644363,-4.700919,203,0.167395,1741.7784,0.06849,0
308,13.1413,5101.56,4763.6842,9773.44,-6.2371390274,0.33367,0.424666,34.3932,1.3059,1.4501,0.061992,0.610512,1.184601,202,0.168978,1751.4485,0.0691,0
309,13.184,5287.17,4987.0202,10359.38,-6.4188252449,0.328504,0.410317,23.7962,1.2584,1.1878,0.06448,0.650625,-4.819332,189,0.159003,1689.4179,0.071054,0
310,13.2267,5007.43,4761.6483,9890.62,-5.8817520286,0.343146,0.446668,40.9132,1.2844,1.2826,0.058336,0.581037,-0.49105,186,0.159598,1863.7037,0.063118,0
311,13.2693,5020.41,4838.6167,10054.69,-6.4564590767,0.313901,0.401522,27.0809,1.3117,1.3935,0.066048,0.615937,-5.987631,197,0.161781,1656.9993,0.069833,0
312,13.312,4846.06,4858.2323,9996.09,-6.4398732132,0.231934,0.407474,29.209,1.3196,1.3609,0.064983,0.590167,-3.182856,186,0.16348,1682.9855,0.07435,0
313,13.3547,5146.94,4931.3634,10289.06,-7.1391809263,0.268295,0.3688,16.4485,1.3263,1.4551,0.072201,0.674849,-2.259852,194,0.167555,1699.9518,0.070077,0
314,13.3973,4975.09,4879.9734,10230.47,-6.183769023,0.28017,0.42626,34.8207,1.2796,1.2627,0.061721,0.568389,-8.573452,194,0.169488,1887.1787,0.061165,0
315,13.44,4897.71,4786.4113,9855.47,-6.1283525053,0.340005,0.432565,39.155,1.307,1.3658,0.060658,0.575026,-8.377867,187,0.166431,1898.123,0.060188,0
316,13.4827,5092.45,4775.1015,10078.12,-6.0380178313,0.378882,0.440113,35.5996,1.2722,1.2755,0.059406,0.595953,-0.388756,185,0.168419,1809.1135,0.062874,0
317,13.5253,4956.67,4845.4244,10054.69,-6.2244349293,0.258319,0.43009,34.4099,1.2864,1.2366,0.061073,0.583406,-5.049337,196,0.152745,1710.0947,0.062263,0
318,13.568,4862.12,4805.0815,9714.84,-6.6079806396,0.301993,0.405605,27.7827,1.322,1.4088,0.065316,0.61074,-9.325817,174,0.162596,1605.1113,0.069955,0
319,13.6107,4915.07,4921.7425,10113.28,-6.1339579538,0.28987,0.432038,37.1501,1.2718,1.1878,0.060746,0.545754,-5.178242,203,0.164438,1781.9468,0.068246,0
320,13.6533,5020.13,4887.3083,10078.12,-6.7662616703,0.391953,0.398072,22.0826,1.3342,1.4345,0.066673,0.634944,-0.734707,199,0.165143,1550.951,0.062996,0
321,13.696,4926.02,4847.7656,9843.75,-6.2107284887,0.296749,0.422796,33.2334,1.2856,1.2725,0.062312,0.575807,-6.861526,206,0.179138,1811.0441,0.061653,0
322,13.7387,5110.93,4955.3111,10253.91,-6.4158237993,0.178204,0.412866,27.3093,1.2592,1.1911,0.064032,0.603247,-1.686779,204,0.166772,1633.8855,0.066048,0
323,13.7813,4991.94,4807.3973,9820.31,-5.9905757906,0.245236,0.434896,40.3113,1.2844,1.3356,0.060269,0.549619,-0.637755,185,0.164937,1971.6432,0.063118,0
324,13.824,5154.78,4868.8353,10183.59,-6.4132240643,0.335334,0.418686,27.1176,1.2623,1.235,0.063019,0.637525,-4.655564,172,0.161098,1692.9792,0.064827,0
325,13.8667,4896.36,4832.2721,9796.88,-5.9659910524,0.254869,0.443016,42.2161,1.2835,1.2821,0.05893,0.525758,1.695371,176,0.17413,1846.6853,0.063484,0
326,13.9093,5088.52,4948.0779,10195.31,-6.321829704,0.237448,0.42767,32.2125,1.3029,1.2928,0.061482,0.611766,-5.676652,184,0.160734,1609.2611,0.066048,0
327,13.952,5051.3,4942.8949,10230.47,-6.382890006,0.3247,0.422032,28.9373,1.2875,1.227,0.062442,0.616287,-1.388693,171,0.158658,1619.1764,0.069222,0
328,13.9947,5028.97,4929.6934,10277.34,-6.0716098071,0.319432,0.444279,36.5448,1.29,1.2362,0.058724,0.593084,0.047994,175,0.161595,1773.935,0.061653,0
329,14.0373,5003.91,4874.8612,10078.12,-6.6913261961,0.399553,0.396999,25.3684,1.3039,1.3523,0.066868,0.628466,-3.956378,183,0.153958,1748.7651,0.063728,0
330,14.08,5049.38,4911.3102,10253.91,-6.4186260472,0.281037,0.415911,28.9141,1.2577,1.205,0.0635,0.597957,-5.002895,207,0.166566,1717.7592,0.067269,0
331,14.1227,5056.91,4935.9719,10242.19,-6.9203361635,0.255552,0.382611,20.9616,1.3317,1.4235,0.06954,0.652314,-5.658052,171,0.162987,1728.9327,0.075082,0
332,14.1653,5113.27,4886.8035,10207.03,-6.6821982536,0.249815,0.395713,22.4965,1.2904,1.3233,0.067103,0.642727,-4.438213,196,0.155682,1745.3907,0.069589,0
333,14.208,4860.99,4870.9093,9761.72,-6.4045155045,0.300681,0.413015,32.453,1.2961,1.3009,0.064006,0.5648,-8.551258,203,0.168005,1652.7504,0.063851,0
334,14.2507,5175.41,4819.7594,10125.0,-6.4866654046,0.20822,0.409436,26.5171,1.2547,1.2595,0.064636,0.648274,-1.019279,171,0.166473,1746.2219,0.071298,0
335,14.2933,4920.09,4792.2604,9703.12,-6.445775532,0.377888,0.405125,30.2305,1.3394,1.4862,0.065402,0.606075,-2.172898,211,0.168597,1676.8418,0.07496,0
336,14.336,5055.04,4822.6154,9890.62,-6.7932866079,0.304313,0.381812,21.0551,1.3354,1.494,0.069692,0.654956,-4.64006,210,0.166975,1809.4746,0.070077,0
337,14.3787,5076.41,4880.3096,10148.44,-6.4560588594,0.42281,0.400659,26.5367,1.2935,1.3268,0.066204,0.622433,-4.138991,203,0.176791,1694.8861,0.065926,0
338,14.4213,5095.16,4892.2929,10195.31,-6.4397270762,0.34396,0.40697,28.5403,1.2811,1.2852,0.065073,0.617804,-3.737194,192,0.161717,1657.8791,0.06849,0
339,14.464,5047.22,4810.7725,10066.41,-6.9152796136,0.318535,0.373755,19.5425,1.3393,1.5505,0.071236,0.653645,-5.024533,190,0.173158,1694.4758,0.071176,0
340,14.5067,5163.03,4908.3131,10183.59,-6.8628157482,0.292365,0.390009,20.4215,1.3097,1.4007,0.068154,0.662494,-5.810023,196,0.169298,1611.4346,0.073862,0
341,14.5493,5078.35,4840.3789,9843.75,-6.9357399839,0.321994,0.379412,19.1613,1.3446,1.531,0.070148,0.662644,-4.981945,201,0.164217,1616.7386,0.075449,0
342,14.592,5001.86,4772.4845,9691.41,-6.5941705879,0.350771,0.400709,25.6782,1.3402,1.5474,0.066195,0.650097,-1.331866,206,0.16487,1742.6221,0.066781,0
343,14.6347,4973.46,4745.6822,9714.84,-6.509684733,0.312626,0.408837,30.5301,1.298,1.4388,0.064742,0.60006,-7.269087,192,0.175299,1696.3717,0.065438,0
344,14.6773,5120.84,4848.7518,10101.56,-6.3420809159,0.255721,0.423691,29.3298,1.2729,1.2882,0.062159,0.630766,-1.057094,192,0.166948,1544.9537,0.076547,0
345,14.72,5116.36,4892.5199,10265.62,-6.5382324295,0.385187,0.403444,24.5673,1.2822,1.3179,0.065703,0.619762,-5.015027,183,0.166969,1711.2293,0.073862,0
346,14.7627,5096.82,4763.4541,10054.69,-6.0497898943,0.337908,0.444468,39.3683,1.2408,1.2268,0.058693,0.568858,-0.398553,180,0.166879,1803.4726,0.065194,0
347,14.8053,5022.23,4712.6863,9632.81,-5.9381053188,0.278779,0.448879,41.175,1.285,1.3424,0.057978,0.571352,1.358292,209,0.157952,1879.1768,0.067025,0
348,14.848,5124.94,4864.8947,10195.31,-5.9808015357,0.216415,0.444896,39.0252,1.2744,1.2786,0.058624,0.570355,1.084343,183,0.170445,1819.5788,0.062508,0
349,14.8907,4961.19,4823.2792,9867.19,-6.0954661148,0.319052,0.427143,36.6326,1.3045,1.336,0.061571,0.569684,-6.975559,169,0.155761,1812.6559,0.058357,0
350,14.9333,4937.93,4816.8339,9656.25,-6.2431363988,0.328043,0.415371,34.2939,1.3367,1.4976,0.063594,0.59106,0.37016,189,0.170716,1894.7225,0.064583,0
351,14.976,5023.09,4748.8237,10007.81,-6.3458061305,0.34065,0.422635,33.765,1.2563,1.2527,0.062339,0.622913,-1.954736,177,0.175965,1810.7544,0.068001,0
352,15.0187,4965.0,4812.742,9855.47,-5.9871033613,0.287516,0.444682,43.1421,1.278,1.2868,0.058658,0.556563,1.042449,183,0.1613,1871.0196,0.061409,0
353,15.0613,4971.85,4785.4437,9750.0,-5.8775992068,0.308995,0.450792,39.662,1.2471,1.1774,0.057671,0.561417,0.067625,185,0.157058,1832.0428,0.060432,0
354,15.104,5116.86,4864.0005,10183.59,-7.0011041326,0.338902,0.373637,18.9548,1.3243,1.4399,0.071258,0.66694,-2.5911,181,0.169185,1702.5851,0.0691,0
355,15.1467,5112.27,4837.4562,9996.09,-6.7871437615,0.216997,0.394637,21.5399,1.2977,1.4177,0.0673,0.656431,-5.281352,191,0.157145,1531.1651,0.074472,0
356,15.1893,5163.88,4871.9512,10113.28,-6.3393602561,0.38436,0.415484,27.9365,1.2805,1.3185,0.063574,0.626292,-2.731825,165,0.157435,1649.7263,0.077036,0
357,15.232,5201.14,4833.0459,10078.12,-6.893711471,0.308026,0.377888,18.7538,1.2986,1.477,0.07044,0.66409,-3.397436,195,0.164659,1617.294,0.074228,0
358,15.2747,5280.29,4890.0864,10300.78,-6.7858123872,0.386473,0.382599,19.4772,1.3023,1.4074,0.069543,0.677953,-4.082701,194,0.166739,1612.6885,0.076059,0
359,15.3173,5152.31,4824.8535,9855.47,-6.5597185373,0.328419,0.401469,25.2719,1.307,1.4151,0.066058,0.652699,-5.502116,196,0.164785,1711.978,0.074228,0
360,15.36,5008.12,4824.9658,10042.97,-6.2864574241,0.259597,0.424245,34.9215,1.2978,1.3545,0.062064,0.600899,-0.838204,176,0.162522,1781.382,0.071176,0
361,15.4027,4997.74,4770.2525,9925.78,-6.0709621944,0.302751,0.431462,39.379,1.286,1.3437,0.060843,0.565501,-0.240767,179,0.167892,1844.3469,0.070077,0
362,15.4453,5157.49,4913.7025,10289.06,-6.6500964963,0.327755,0.403468,23.6439,1.3027,1.3585,0.065698,0.658142,-5.829872,207,0.167302,1682.9674,0.073007,0
363,15.488,5280.16,4880.7045,10359.38,-6.5030586416,0.256593,0.414725,27.2791,1.2786,1.2825,0.063707,0.666173,-1.818397,202,0.161681,1706.9941,0.075082,0
364,15.5307,5046.45,4819.1803,10089.84,-6.630001083,0.3372,0.391659,24.9179,1.3294,1.4909,0.067849,0.62025,-6.73984,197,0.17482,1661.2908,0.066414,0
365,15.5733,4836.69,4772.4109,9714.84,-6.1729781231,0.318842,0.41951,35.7501,1.3655,1.541,0.062876,0.582661,0.265453,223,0.178394,1797.6023,0.058357,0
366,15.616,4888.48,4820.314,9832.03,-5.4239714874,0.289149,0.476961,58.1594,1.2615,1.1169,0.053586,0.43634,2.985859,168,0.17393,1931.14,0.046881,0
367,15.6587,4898.96,4871.9945,10207.03,-5.5878536766,0.33776,0.474928,54.4072,1.2454,1.0306,0.053895,0.473444,1.679379,189,0.161478,2003.4456,0.051154,0
368,15.7013,4943.66,4831.1709,9890.62,-6.6653721516,0.268038,0.391939,25.3435,1.309,1.4003,0.067797,0.612882,-4.214862,197,0.170029,1769.2476,0.067147,0
369,15.744,5184.27,4850.0467,10078.12,-6.977837651,0.380507,0.373625,18.0171,1.3244,1.5067,0.071261,0.660267,-0.735982,202,0.174249,1746.4617,0.075449,0
370,15.7867,5203.84,4853.0676,10242.19,-6.424321079,0.338237,0.41696,26.5645,1.2778,1.3041,0.063318,0.648182,-5.520512,187,0.157351,1688.6864,0.07496,0
371,15.8293,5121.76,4927.2833,10136.72,-6.3968827293,0.255154,0.420903,28.5362,1.2674,1.1988,0.062636,0.62636,-7.161393,200,0.161345,1688.0782,0.059944,0
372,15.872,4945.16,4835.2879,10136.72,-5.9388608277,0.263518,0.435011,39.656,1.2473,1.1751,0.06025,0.523154,-7.75835,202,0.174309,1721.5516,0.063728,0
373,15.9147,5229.96,4919.2815,10382.81,-6.3843949454,0.263924,0.418321,28.6157,1.2271,1.1083,0.063082,0.647955,-2.272436,190,0.16853,1640.2838,0.07496,0
374,15.9573,4891.51,4822.1456,9925.78,-5.7851183415,0.246241,0.44509,42.9839,1.2532,1.1604,0.058592,0.512479,2.861085,190,0.175635,1840.3633,0.071786,0
375,16.0,5235.84,4951.0951,10277.34,-6.6731635117,0.298436,0.398332,20.7501,1.2853,1.2885,0.066626,0.67261,-7.815893,166,0.180342,1630.3641,0.068856,0
376,16.0427,4855.25,4765.3438,9890.62,-5.6813429873,0.282894,0.461183,48.8773,1.2325,1.0517,0.056021,0.466364,2.68981,189,0.170085,1857.6311,0.063728,0
377,16.0853,4983.51,4768.4913,9890.62,-5.9525676535,0.325664,0.440574,39.4496,1.2575,1.2227,0.05933,0.540243,-6.991361,192,0.165472,1819.661,0.057502,0
378,16.128,4869.88,4808.817,9703.12,-6.1398106474,0.325692,0.435933,39.9307,1.344,1.4666,0.060097,0.538073,1.296853,180,0.167007,1744.2035,0.054206,0
379,16.1707,5182.52,4937.5782,10312.5,-6.4794021367,0.308437,0.405983,25.5009,1.2594,1.2044,0.065249,0.651707,-1.709039,209,0.162698,1641.7238,0.06849,0
380,16.2133,5112.51,4919.4658,10253.91,-7.0532306215,0.206414,0.373007,18.3712,1.2866,1.3734,0.071381,0.67027,-6.071444,180,0.149067,1761.2,0.080942,0
381,16.256,5109.77,4871.2679,9867.19,-7.0430525466,0.235933,0.380738,19.0991,1.3222,1.5161,0.069896,0.668672,-6.104989,184,0.158689,1671.0662,0.0796,0
382,16.2987,5036.77,4761.1803,9855.47,-6.8272128913,0.329124,0.38588,21.925,1.3442,1.5899,0.068925,0.660708,-3.082224,170,0.155876,1646.57,0.074594,0
383,16.3413,5110.53,4850.5598,10218.75,-6.245529829,0.274535,0.430107,32.622,1.2311,1.1486,0.061071,0.611677,-0.673244,179,0.161072,1646.8245,0.067879,0
384,16.384,5120.05,4878.0382,10265.62,-5.903324272,0.294218,0.445604,38.8344,1.2476,1.1412,0.058508,0.596048,0.678534,186,0.160331,1751.9378,0.064583,0
385,16.4267,5045.69,4854.2658,10125.0,-6.2848794868,0.240004,0.42982,33.1546,1.2974,1.2984,0.061119,0.601444,-7.200147,171,0.157807,1696.7949,0.060554,0
386,16.4693,4808.03,4799.6285,9808.59,-5.7426854279,0.250521,0.455155,49.2039,1.2907,1.2327,0.056973,0.484002,2.106895,185,0.170427,1912.714,0.063851,0
387,16.512,5149.8,4828.0088,10031.25,-6.4350904432,0.327053,0.417679,28.0555,1.2836,1.3331,0.063193,0.645523,0.124966,203,0.170878,1660.2281,0.068612,0
388,16.5547,4964.54,4828.4134,9890.62,-6.5353087543,0.33418,0.402439,27.4002,1.3156,1.4076,0.065883,0.625723,-2.948733,204,0.165541,1666.3972,0.06617,0
389,16.5973,4981.2,4826.0941,9996.09,-6.6841040899,0.332824,0.397159,24.7465,1.3439,1.5302,0.066839,0.63411,-3.195286,187,0.170114,1739.9609,0.06556,0
390,16.64,5169.31,4905.7612,10125.0,-6.7355221337,0.235918,0.399856,22.4647,1.2916,1.3701,0.066349,0.665628,-7.301424,200,0.164622,1612.4964,0.068246,0
391,16.6827,4733.81,4772.9005,9539.06,-6.2166667422,0.36875,0.427593,38.1878,1.3431,1.4589,0.061495,0.554576,-0.864194,193,0.175128,1831.6445,0.068001,0
392,16.7253,4898.68,4790.7153,9726.56,-6.1563777816,0.263914,0.433651,36.6898,1.3069,1.344,0.060477,0.582296,0.08362,198,0.168294,1818.0533,0.067025,0
393,16.768,4837.62,4786.3888,9832.03,-5.7984887445,0.361677,0.456699,46.561,1.3137,1.3145,0.056728,0.493631,1.093606,169,0.169,1881.8318,0.058967,0
394,16.8107,4823.08,4787.0069,9714.84,-5.7932839178,0.168048,0.457235,50.9928,1.2473,1.1396,0.056643,0.487638,0.98305,178,0.163286,1895.6578,0.052741,0
395,16.8533,4762.46,4799.2746,9738.28,-5.9564356055,0.325952,0.437698,44.2736,1.2934,1.2464,0.059804,0.529642,-4.712888,174,0.166574,1778.717,0.053107,0
396,16.896,4983.36,4834.7647,10078.12,-5.8490289135,0.258042,0.456582,45.451,1.2808,1.2257,0.056747,0.541905,0.985286,178,0.162277,1836.478,0.061653,0
397,16.9387,4967.57,4825.4237,9996.09,-6.4849435986,0.317717,0.407541,28.8629,1.31,1.3725,0.064972,0.613522,-4.950186,200,0.163455,1758.38,0.062141,0
398,16.9813,4929.21,4838.9389,9949.22,-6.0158851345,0.34006,0.432362,40.052,1.3036,1.3223,0.060692,0.52666,-6.616249,190,0.161605,1708.4311,0.062263,0
399,17.024,4764.27,4682.6126,9410.16,-6.321095202,0.293151,0.416335,33.826,1.3635,1.6188,0.063426,0.577107,-6.645408,192,0.159714,1821.558,0.058235,0
400,17.0667,4770.7,4739.7722,9492.19,-5.9552014303,0.205952,0.438487,44.6,1.3149,1.3752,0.059674,0.516127,1.901622,178,0.171891,1903.0215,0.054206,0
401,17.1093,5049.21,4790.4954,9937.5,-6.2768299137,0.302574,0.426038,31.8219,1.3033,1.3924,0.061759,0.609383,-0.274025,195,0.170631,1769.8297,0.066781,0
402,17.152,5048.68,4917.3772,10265.62,-6.1023572585,0.298423,0.436972,34.4108,1.2742,1.1791,0.059924,0.599593,-1.202195,194,0.160928,1814.5282,0.06617,0
403,17.1947,5034.13,4800.4415,10078.12,-5.5578286059,0.393261,0.469486,50.7966,1.2156,1.0527,0.05473,0.487284,3.265682,200,0.166035,1748.6516,0.060432,0
404,17.2373,5002.34,4836.3371,9984.38,-6.3772599634,0.362506,0.409452,27.6889,1.3407,1.4831,0.064633,0.629406,-5.619471,186,0.170335,1703.1437,0.061775,0
405,17.28,4858.25,4795.9647,9761.72,-6.1377269091,0.293434,0.432795,36.5423,1.3194,1.3434,0.06062,0.56405,1.784429,199,0.167767,1891.0011,0.061409,0
406,17.3227,4846.28,4804.4735,9761.72,-5.8973296267,0.400171,0.446025,43.9684,1.3211,1.3365,0.05844,0.534711,0.802266,183,0.168235,1904.5016,0.060676,0
407,17.3653,4861.16,4746.3176,9550.78,-6.4734548832,0.374385,0.402252,31.5497,1.3608,1.6422,0.065917,0.602912,-2.058647,201,0.159387,1779.6486,0.064949,0
408,17.408,4954.62,4784.14,9773.44,-6.8936360725,0.273337,0.379688,21.8508,1.3672,1.6529,0.070096,0.645694,-5.036374,201,0.163288,1672.4701,0.064949,0
409,17.4507,5214.62,4844.0145,10089.84,-6.6966678941,0.324982,0.39235,20.9554,1.312,1.4367,0.067721,0.674296,-1.777121,178,0.176875,1726.2405,0.071786,0
410,17.4933,5148.09,4885.5029,10007.81,-6.5018497678,0.320995,0.400077,23.3049,1.3045,1.4033,0.066309,0.641285,-4.878651,200,0.168857,1737.6723,0.074106,0
411,17.536,5139.7,4920.1243,10183.59,-6.8311672781,0.30831,0.386222,19.3998,1.3167,1.4101,0.068861,0.656737,-2.699106,172,0.163691,1556.69,0.0691,0
412,17.5787,5000.5,4841.4948,10101.56,-6.6863325815,0.33438,0.396455,23.4672,1.3334,1.4079,0.066968,0.637812,-4.359009,218,0.169699,1664.1004,0.067635,0
413,17.6213,5175.99,4826.1762,9914.06,-6.7045704608,0.393166,0.387019,21.3503,1.3424,1.5668,0.068711,0.674302,-1.47042,196,0.170483,1628.825,0.065438,0
414,17.664,4985.07,4769.9051,9632.81,-5.735258021,0.401542,0.448121,41.5765,1.2817,1.3023,0.058101,0.525207,-0.380748,163,0.174801,1803.9737,0.062263,0
415,17.7067,4716.37,4761.7379,9574.22,-6.0768214491,0.392918,0.426474,41.9417,1.3786,1.5426,0.061685,0.552083,-1.165041,175,0.177563,1846.8436,0.058235,0
416,17.7493,4745.29,4816.9411,9574.22,-6.604655789,0.275406,0.405991,29.4968,1.3857,1.5577,0.065247,0.591065,-5.546038,194,0.174171,1682.2604,0.056648,0
417,17.792,4937.34,4739.6698,10054.69,-5.8583449747,0.280694,0.459074,45.8164,1.2793,1.2217,0.056353,0.52886,0.951473,176,0.16539,1797.1129,0.053473,0
418,17.8347,4879.99,4815.7278,9808.59,-6.0853918371,0.330965,0.429549,39.2095,1.2858,1.2363,0.061165,0.540423,-6.221112,185,0.160218,1819.3173,0.059211,0
419,17.8773,4805.84,4832.3799,9585.94,-6.2012138331,0.274175,0.422539,37.1068,1.3598,1.4628,0.062356,0.553299,0.859714,186,0.168741,1744.7343,0.065682,0
420,17.92,5089.7,4807.3792,9761.72,-6.5784052838,0.285157,0.406724,26.1321,1.3409,1.5213,0.065117,0.650089,-6.828686,170,0.169331,1814.9898,0.065316,0
421,17.9627,5120.66,4937.0316,10207.03,-7.0007268014,0.345626,0.379568,18.89,1.3337,1.411,0.070118,0.660073,-0.105075,186,0.163928,1600.1104,0.067391,0
422,18.0053,4926.82,4884.119,9914.06,-6.405739589,0.248484,0.409106,27.1727,1.3304,1.3995,0.064694,0.606354,-3.437233,206,0.163069,1715.1288,0.065316,0
423,18.048,4930.01,4831.9827,9937.5,-6.3482133814,0.228609,0.416145,32.5443,1.3059,1.3568,0.063459,0.579684,0.587852,199,0.173017,1716.2298,0.062386,0
424,18.0907,5006.13,4898.907,10218.75,-6.0108571201,0.26305,0.436069,36.043,1.2468,1.0935,0.060074,0.56987,-3.08558,187,0.161597,1769.9815,0.063851,0
425,18.1333,4874.77,4810.7085,9750.0,-5.8140244873,0.24032,0.448579,45.9824,1.2897,1.2309,0.058027,0.53192,0.679275,172,0.173017,1841.985,0.058601,0
426,18.176,4897.95,4832.8257,10242.19,-5.8196801806,0.269505,0.455355,46.7251,1.2174,1.0159,0.056942,0.490324,1.262609,192,0.163603,1724.3465,0.058113,0
427,18.2187,5122.7,4866.979,10207.03,-6.4396263914,0.335222,0.417376,28.0508,1.2785,1.2888,0.063246,0.635347,0.511762,188,0.168304,1726.9164,0.063728,0
428,18.2613,4896.58,4835.2456,9984.38,-5.9717416399,0.28644,0.447003,39.0492,1.267,1.1526,0.058282,0.554192,0.268289,195,0.169141,1730.6944,0.059822,0
429,18.304,4707.13,4759.4562,9597.66,-6.1204069936,0.412871,0.434226,42.1495,1.3474,1.4428,0.060381,0.522026,1.26642,187,0.158714,1802.448,0.058479,0
430,18.3467,4807.48,4777.1795,9703.12,-6.1944740279,0.259651,0.426155,39.4336,1.3357,1.4569,0.061739,0.531036,1.484948,204,0.167066,1866.1201,0.054694,0
431,18.3893,4941.5,4824.2976,10007.81,-6.2484984429,0.314684,0.429405,33.9386,1.3184,1.3248,0.061189,0.605721,-0.536424,174,0.157938,1731.7912,0.062752,0
432,18.432,5145.25,4851.5515,10183.59,-6.44482876,0.335802,0.423184,29.0432,1.2921,1.3505,0.062245,0.630908,-6.222345,192,0.159617,1715.3544,0.07142,0
433,18.4747,5078.19,4895.545,10242.19,-6.5203381839,0.261426,0.398905,23.7386,1.2767,1.2864,0.066522,0.620559,-5.418575,183,0.162357,1729.0871,0.061653,0
434,18.5173,4880.68,4862.3131,10078.12,-5.8412682354,0.327932,0.443778,42.5536,1.2364,1.0445,0.058806,0.503024,1.346302,165,0.169873,1819.0967,0.058479,0
435,18.56,4927.49,4861.5977,9867.19,-6.1457089019,0.306146,0.435313,36.0179,1.3,1.2868,0.0602,0.577309,-0.253736,191,0.162592,1632.2861,0.056892,0
436,18.6027,5033.22,4877.5293,10089.84,-6.3519806403,0.283452,0.416351,28.7796,1.3178,1.3583,0.063423,0.614052,-4.468115,203,0.169095,1713.4046,0.064583,0
437,18.6453,4980.81,4883.5888,10160.16,-6.223107504,0.22728,0.424408,35.1957,1.2797,1.2419,0.062036,0.57528,0.802109,228,0.164408,1817.4622,0.061531,0
438,18.688,4795.55,4794.0445,9714.84,-6.2068524428,0.2215,0.423806,34.899,1.2941,1.2879,0.062139,0.563677,-8.028963,173,0.164329,1728.8028,0.054328,0
439,18.7307,4742.97,4638.0306,9375.0,-5.7436462373,0.242586,0.45783,53.2276,1.2912,1.3792,0.056549,0.460185,3.639619,186,0.16965,1906.0839,0.05738,0
440,18.7733,4868.96,4678.1253,9562.5,-5.7000110472,0.466409,0.462412,49.5865,1.3256,1.4361,0.055828,0.503376,1.90949,178,0.163805,1939.0986,0.05799,0
441,18.816,5097.61,4866.6827,9890.62,-6.4932382565,0.219925,0.412219,26.6698,1.2989,1.3371,0.064145,0.642596,-1.653921,207,0.168907,1719.1611,0.06849,0
442,18.8587,5040.44,4914.7928,10136.72,-7.0225382216,0.225111,0.36919,19.3476,1.3444,1.4941,0.072125,0.65507,-7.364276,191,0.15955,1789.2212,0.070932,0
443,18.9013,4864.46,4764.2452,9750.0,-5.9970083234,0.278516,0.439789,42.3843,1.2958,1.3073,0.059459,0.538362,1.681761,179,0.173399,1860.165,0.065194,0
444,18.944,5045.12,4808.9033,9960.94,-6.4539449732,0.225957,0.418201,29.1343,1.2741,1.3125,0.063102,0.63885,-5.063964,205,0.171359,1597.8896,0.069344,0
445,18.9867,5081.09,4871.6988,10218.75,-6.56074123,0.208436,0.400582,26.4562,1.2623,1.2611,0.066218,0.623994,-6.123642,176,0.166787,1673.9382,0.073007,0
446,19.0293,5012.15,4826.7273,9761.72,-7.0580965422,0.231956,0.365513,18.4454,1.3438,1.5621,0.072849,0.653837,-3.776214,194,0.162627,1654.4104,0.070809,0
447,19.072,4959.58,4813.6481,9726.56,-7.1457461559,0.315749,0.359069,17.6281,1.3889,1.6797,0.074137,0.667512,-4.035328,193,0.17401,1615.6155,0.069222,0
448,19.1147,4887.67,4840.5287,9785.16,-6.071990284,0.277996,0.431208,37.1652,1.3405,1.3906,0.060885,0.573911,0.155626,204,0.173586,1772.7274,0.064217,0
449,19.1573,4972.16,4814.9942,9949.22,-6.5479057731,0.269589,0.405783,26.4856,1.2962,1.3549,0.065284,0.622932,-1.286961,180,0.163348,1737.2682,0.064461,0
450,19.2,4981.31,4835.3183,9996.09,-6.3627618843,0.357572,0.414436,30.418,1.3059,1.3578,0.063757,0.627849,-1.031632,185,0.161524,1744.586,0.06556,0
451,19.2427,4855.78,4796.5051,9890.62,-5.8042122784,0.396028,0.440385,42.7545,1.3043,1.2912,0.059361,0.5339,2.187106,186,0.163342,1867.3124,0.065438,0
452,19.2853,4929.87,4781.0566,9750.0,-6.684471277,0.310754,0.387177,25.2071,1.3384,1.5493,0.068682,0.63127,-6.587382,184,0.170332,1786.4111,0.062019,0
453,19.328,4743.1,4792.3502,9703.12,-5.99120574,0.363056,0.437518,44.8152,1.3305,1.3922,0.059834,0.499699,2.574413,187,0.176437,1855.2607,0.061043,0
454,19.3707,5079.54,4926.8621,10230.47,-6.7188362226,0.324647,0.391592,20.5389,1.3007,1.3265,0.067861,0.64536,-6.104092,198,0.180553,1734.1807,0.062508,0
455,19.4133,5004.0,4834.2389,9820.31,-6.2417864172,0.3495,0.420669,32.3394,1.2918,1.3317,0.062677,0.594465,-5.575605,183,0.166683,1769.2739,0.061165,0
456,19.456,5064.51,4799.5483,9691.41,-6.8190384112,0.293817,0.385227,21.6411,1.334,1.5599,0.069047,0.640353,-3.253081,201,0.164916,1699.5078,0.070932,0
457,19.4987,5077.48,4865.7058,9949.22,-6.6822119787,0.253657,0.392446,22.5171,1.3407,1.4889,0.067703,0.649348,-2.816503,196,0.176071,1758.267,0.073129,0
458,19.5413,5019.17,4880.6181,9925.78,-7.0866679649,0.317178,0.372486,19.5313,1.3258,1.4715,0.071482,0.65074,-5.494803,188,0.16649,1770.9779,0.067635,0
459,19.584,4656.49,4692.3197,9363.28,-6.1591033705,0.34253,0.419401,39.0745,1.3622,1.5488,0.062895,0.524078,-8.92124,198,0.181257,1876.0238,0.068001,0
460,19.6267,4945.68,4754.2045,9714.84,-5.765031761,0.382297,0.460907,47.2558,1.2915,1.2865,0.056064,0.501801,2.153232,181,0.172612,1768.3463,0.059089,0
461,19.6693,5103.11,4884.3979,10171.88,-6.2595516075,0.407704,0.424134,29.5012,1.2776,1.2452,0.062083,0.610132,-5.354958,160,0.172129,1715.5695,0.058601,0
462,19.712,4974.34,4820.2765,9867.19,-6.6442486978,0.306003,0.398499,26.282,1.2974,1.3724,0.066596,0.6095,-3.07518,184,0.162069,1713.9383,0.066659,0
463,19.7547,4829.89,4728.0065,9445.31,-6.3386845839,0.293765,0.421815,36.3865,1.3638,1.5784,0.06248,0.59594,-0.418548,176,0.164151,1759.748,0.064095,0
464,19.7973,5053.44,4835.6625,9960.94,-6.3443732263,0.335619,0.419974,31.8775,1.3136,1.4057,0.062796,0.618592,-0.768546,172,0.157736,1615.43,0.064461,0
465,19.84,5137.03,4831.3926,10101.56,-6.4718060704,0.336349,0.412927,25.1913,1.3091,1.3949,0.064021,0.63565,-2.835646,160,0.164011,1702.4836,0.067391,0
466,19.8827,5073.37,4929.2772,10125.0,-6.9965660085,0.357984,0.37519,19.3798,1.3513,1.4967,0.070958,0.659665,-6.130527,171,0.16157,1602.1626,0.066292,0
467,19.9253,5093.59,4869.4197,10089.84,-6.4708939197,0.332255,0.40883,26.9214,1.3371,1.4713,0.064743,0.613531,1.177769,202,0.159217,1685.4105,0.067391,0
468,19.968,5086.08,4882.5591,10078.12,-6.7365231712,0.31922,0.387586,22.1282,1.3473,1.4918,0.068605,0.648037,-3.062205,186,0.156068,1645.8043,0.072274,0
469,20.0107,4826.82,4847.7442,9855.47,-6.2770029548,0.322427,0.410562,31.4203,1.3312,1.3931,0.064437,0.556061,-8.973256,186,0.173248,1726.8904,0.062386,0
470,20.0533,5113.0,4895.4165,10218.75,-6.5681654515,0.331753,0.403148,26.0235,1.3215,1.4018,0.065756,0.643653,-5.317248,197,0.170067,1757.5077,0.062752,0
471,20.096,5225.58,4907.6858,10136.72,-6.8072934616,0.357227,0.383365,19.5669,1.3389,1.5072,0.069398,0.671683,-5.434156,172,0.159026,1708.4106,0.073495,0
472,20.1387,4883.22,4761.3325,9656.25,-6.7101121205,0.423732,0.385796,22.9741,1.3999,1.7299,0.06894,0.631358,-8.703947,197,0.155191,1753.8851,0.074228,0
473,20.1813,5027.07,4854.9159,9890.62,-7.2249362785,0.318696,0.370649,17.366,1.376,1.6556,0.07184,0.670407,-8.712638,162,0.169386,1612.0588,0.073739,0
474,20.224,5133.08,4896.2579,10218.75,-6.5002208689,0.307502,0.403448,25.8807,1.2927,1.3527,0.065702,0.622825,-1.309454,172,0.158196,1731.7581,0.070443,0
475,20.2667,4930.13,4840.5855,9726.56,-7.0706163312,0.22264,0.366093,19.4423,1.3776,1.6136,0.072735,0.66478,-3.875772,192,0.169823,1670.0254,0.072152,0
476,20.3093,4994.94,4774.314,9761.72,-6.1245164864,0.313812,0.428273,36.8527,1.305,1.3923,0.06138,0.565762,-6.228247,199,0.181151,1804.3151,0.074106,0
477,20.352,5115.79,4814.2446,9925.78,-7.055621622,0.351636,0.370117,17.9944,1.3264,1.5573,0.071944,0.670115,-6.212065,178,0.173848,1606.7169,0.063728,0
478,20.3947,4906.89,4776.7752,9820.31,-5.7115045153,0.380897,0.45146,46.6843,1.252,1.165,0.057563,0.509529,2.714037,176,0.168567,1943.1066,0.055183,0
479,20.4373,5097.64,4825.1564,10148.44,-6.7830713684,0.303729,0.389897,23.5358,1.2731,1.3592,0.068175,0.638774,-7.554218,204,0.17108,1694.6865,0.069344,0
480,20.48,4892.37,4851.3947,9832.03,-6.2070558352,0.236972,0.43322,38.0811,1.2887,1.2755,0.060549,0.542602,-0.354667,173,0.158379,1823.664,0.071542,0
481,20.5227,5002.76,4909.8196,10019.53,-6.5259634206,0.305572,0.404179,26.5441,1.3233,1.382,0.065571,0.618249,-5.232905,180,0.160843,1716.9047,0.063362,0
482,20.5653,5041.46,4864.0618,10042.97,-6.2735571834,0.194285,0.420046,31.0076,1.2805,1.2838,0.062784,0.595096,-6.990395,190,0.163768,1803.951,0.064705,0
483,20.608,4996.09,4806.1691,10089.84,-6.1236891711,0.275641,0.438308,35.3305,1.2491,1.153,0.059703,0.586656,-0.68394,188,0.160867,1816.176,0.066659,0
484,20.6507,4829.58,4874.8187,9796.88,-6.516960751,0.267699,0.404987,28.2689,1.3545,1.4237,0.065427,0.600586,-4.214895,191,0.168609,1753.5754,0.063851,0
485,20.6933,5110.81,4913.6009,10078.12,-7.2626014097,0.294551,0.356199,15.2396,1.3566,1.5557,0.074718,0.677447,-3.718799,184,0.172436,1708.5304,0.063851,0
486,20.736,4918.43,4861.4019,9855.47,-6.3246450935,0.354387,0.416155,31.9746,1.342,1.455,0.063457,0.60606,-1.900083,161,0.170812,1734.9959,0.06849,0
487,20.7787,5005.02,4786.4261,9726.56,-6.6276785379,0.318912,0.400674,27.9714,1.3038,1.4629,0.066202,0.635769,-1.813258,201,0.157091,1751.1791,0.069711,0
488,20.8213,5060.82,4793.375,9855.47,-6.6876895039,0.326722,0.397193,23.5944,1.3002,1.4117,0.066833,0.658182,-2.349984,205,0.164847,1794.2683,0.076792,0
489,20.864,5182.84,4898.2197,10054.69,-6.900503331,0.297053,0.384387,20.1923,1.2838,1.3737,0.069205,0.667168,-6.010769,190,0.157576,1609.5133,0.077402,0
490,20.9067,5094.61,4916.7177,10183.59,-6.6109302063,0.219184,0.402647,26.103,1.2889,1.2802,0.065846,0.63513,-2.070235,183,0.16238,1726.0705,0.073129,0
491,20.9493,4999.78,4819.88,10066.41,-5.9175942518,0.3768,0.44975,42.3935,1.2685,1.2258,0.057838,0.553233,0.102929,172,0.166207,1768.8709,0.063118,0
492,20.992,5123.67,4868.5311,10148.44,-6.3547585004,0.423117,0.412799,26.7703,1.3267,1.4195,0.064044,0.631028,-3.174518,200,0.164855,1725.3598,0.062019,0
493,21.0347,5037.04,4864.7468,10019.53,-7.033752293,0.367599,0.3645,18.0982,1.3524,1.5629,0.07305,0.664018,-5.559969,183,0.173829,1823.6167,0.071786,0
494,21.0773,4868.64,4789.6154,9726.56,-6.4200241725,0.270604,0.411488,32.6422,1.3532,1.4843,0.064274,0.606144,0.602349,190,0.176839,1837.651,0.07203,0
495,21.12,5051.71,4900.8052,9902.34,-7.0891105356,0.289945,0.361409,17.1338,1.352,1.5432,0.073667,0.656322,-3.61201,192,0.161639,1709.5,0.070932,0
496,21.1627,5045.0,4827.5148,9855.47,-6.4769513978,0.374568,0.404366,27.0598,1.3415,1.5069,0.065538,0.639684,-0.170391,207,0.162994,1739.7044,0.070932,0
497,21.2053,5027.76,4745.6589,9632.81,-6.1162829159,0.347357,0.436233,34.1404,1.2697,1.3614,0.060047,0.581485,-2.071601,196,0.172403,1743.116,0.072274,0
498,21.248,4966.4,4796.3338,9738.28,-6.0330002215,0.341359,0.433921,39.0021,1.2843,1.3079,0.060432,0.568904,0.058476,197,0.164349,1772.6374,0.059211,0
499,21.2907,4785.64,4746.2042,9515.62,-6.210667832,0.304979,0.417918,37.8584,1.3468,1.4987,0.063151,0.558728,-5.896456,187,0.168545,1701.5494,0.058235,0
500,21.3333,5118.45,4814.6058,10101.56,-6.2052408284,0.291493,0.440921,34.3011,1.2438,1.2126,0.059273,0.612217,-0.15909,197,0.168834,1759.4389,0.069589,0
501,21.376,4729.47,4744.8147,9691.41,-5.7830917731,0.331033,0.447501,50.2528,1.2956,1.29,0.058201,0.485919,2.614325,173,0.182667,1929.0157,0.063851,0
502,21.4187,5185.99,4827.3665,10054.69,-6.4493331704,0.250858,0.418321,27.4302,1.2345,1.2343,0.063082,0.606764,-3.689777,179,0.175268,1715.1894,0.062386,0
503,21.4613,4865.82,4732.721,9691.41,-6.1235283792,0.276037,0.43842,41.709,1.3235,1.4351,0.059685,0.555754,0.14859,179,0.170239,1842.973,0.063118,0
504,21.504,4767.05,4784.4305,9527.34,-6.8793173154,0.370246,0.381929,25.1973,1.3954,1.7182,0.069669,0.611055,-6.292599,214,0.173073,1726.6462,0.061043,0
505,21.5467,4842.71,4761.5949,9679.69,-5.9723919895,0.248322,0.443692,42.9925,1.3078,1.3699,0.05882,0.51015,-7.385345,205,0.174204,1929.0362,0.064461,0
506,21.5893,5053.7,4834.6222,9843.75,-6.3789552797,0.28492,0.411226,29.3713,1.3103,1.406,0.06432,0.617862,-0.835387,175,0.177412,1711.1094,0.070809,0
507,21.632,4983.55,4875.0252,10078.12,-6.9193573607,0.216026,0.380475,21.1916,1.3236,1.4397,0.069946,0.638521,-6.764286,197,0.16799,1720.8589,0.071298,0
508,21.6747,5016.95,4877.0346,10136.72,-6.9354624721,0.248771,0.375123,19.1824,1.332,1.4343,0.070971,0.64132,-3.769846,183,0.162695,1660.8895,0.06556,0
509,21.7173,4987.06,4867.7477,10125.0,-6.6121154943,0.32148,0.392574,23.6313,1.288,1.3023,0.06768,0.632,-4.301588,153,0.167945,1825.0601,0.065438,0
510,21.76,5165.28,4851.7848,10160.16,-6.7450654479,0.353268,0.392373,22.3552,1.3267,1.4639,0.067717,0.663658,-2.523606,189,0.164776,1729.8543,0.074594,0
511,21.8027,5375.03,4872.3237,10242.19,-7.3441005546,0.308881,0.359336,13.9487,1.3091,1.5064,0.074083,0.706775,-4.388028,175,0.159198,1680.3749,0.078501,0
512,21.8453,4998.53,4849.4861,10078.12,-6.7849432464,0.29432,0.387765,22.5043,1.3378,1.445,0.068572,0.643049,-2.268072,188,0.173811,1714.9534,0.071908,0
513,21.888,4996.74,4869.1701,10125.0,-6.3876028471,0.192879,0.414404,29.6317,1.2819,1.2851,0.063763,0.605261,-5.924012,207,0.166846,1704.9749,0.066781,0
514,21.9307,5121.99,4858.7513,10101.56,-5.92413787,0.256732,0.436574,37.6695,1.2539,1.2027,0.05999,0.581988,-0.043254,179,0.163812,1697.7846,0.065438,0
515,21.9733,4836.03,4799.866,9667.97,-6.0171551413,0.43694,0.424362,38.0412,1.3143,1.3331,0.062044,0.527116,-6.103416,202,0.163807,1898.6408,0.059455,0
516,22.016,5038.1,4836.025,9914.06,-6.4477700758,0.275522,0.40044,27.8659,1.3239,1.4761,0.066244,0.604277,-3.587241,184,0.171252,1827.1553,0.061775,0
517,22.0587,5030.51,4783.1641,9785.16,-6.0992182265,0.311874,0.438189,38.5566,1.2866,1.3749,0.059723,0.584753,0.373334,189,0.166424,1831.079,0.0691,0
518,22.1013,5147.12,4839.3795,10207.03,-6.5394654067,0.247581,0.412131,27.5219,1.278,1.3124,0.064161,0.653242,-2.856959,181,0.162807,1765.806,0.07435,0
519,22.144,4993.13,4839.6935,9796.88,-7.097327396,0.395443,0.369181,18.9763,1.3789,1.6345,0.072127,0.668816,-2.80541,200,0.157881,1686.7682,0.076303,0
520,22.1867,5059.71,4816.9834,9914.06,-6.9141487448,0.354217,0.378114,19.8179,1.3495,1.5901,0.070396,0.651987,-3.910924,187,0.1731,1742.7754,0.073373,0
521,22.2293,5004.59,4861.2948,9843.75,-6.7099722398,0.295741,0.396869,24.7248,1.3596,1.5004,0.066892,0.65164,-5.64798,174,0.166332,1679.5514,0.071542,0
522,22.272,5015.99,4843.107,10019.53,-6.6054956337,0.335081,0.403665,26.5933,1.2991,1.3594,0.065663,0.62751,-6.104019,179,0.165861,1720.4212,0.068124,0
523,22.3147,5041.52,4830.928,9808.59,-6.2814164281,0.256003,0.427343,31.7543,1.3144,1.4099,0.061537,0.61104,-1.426926,159,0.158705,1837.7598,0.069833,0
524,22.3573,5124.12,4849.6328,10171.88,-7.0727252817,0.362113,0.372634,17.9612,1.3436,1.5351,0.071453,0.67523,-3.486196,197,0.166128,1655.4807,0.07142,0
525,22.4,5057.8,4867.7885,10019.53,-6.6862263439,0.255309,0.400852,23.2483,1.2985,1.3513,0.066169,0.645587,-5.529837,178,0.171803,1675.8844,0.072763,0
526,22.4427,5067.07,4790.7672,9808.59,-6.4383681082,0.325933,0.40552,27.4239,1.2816,1.3672,0.065331,0.618604,-5.274134,179,0.158701,1766.2869,0.075449,0
527,22.4853,4782.87,4761.4046,9550.78,-6.270624451,0.355833,0.418354,34.2235,1.349,1.4797,0.063076,0.576829,-0.232056,189,0.167075,1745.1148,0.069589,0
528,22.528,4955.53,4847.3468,9785.16,-6.3390318062,0.294817,0.415716,30.4565,1.2807,1.2852,0.063534,0.577167,-4.603485,201,0.164775,1716.7711,0.064095,0
529,22.5707,5092.24,4925.5153,9960.94,-6.8115788054,0.266399,0.376186,21.4977,1.2915,1.3576,0.070766,0.639677,-7.894656,175,0.174065,1678.8402,0.067757,0
530,22.6133,4748.83,4811.4022,9539.06,-6.4040624589,0.258744,0.419749,34.112,1.3469,1.4767,0.062835,0.592145,-7.422127,174,0.172619,1786.5559,0.063118,0
531,22.656,5029.0,4897.6947,10078.12,-6.4366452973,0.289994,0.411765,27.186,1.3069,1.3554,0.064225,0.617528,-5.187604,197,0.164277,1738.2938,0.060554,0
532,22.6987,5026.21,4888.5593,9867.19,-7.112870098,0.399537,0.363933,16.5473,1.3799,1.6476,0.073163,0.669422,-4.324456,200,0.173732,1703.9238,0.061531,0
533,22.7413,4909.29,4802.3573,9855.47,-6.260888012,0.410558,0.426452,35.8937,1.344,1.4469,0.061688,0.596938,-0.392347,192,0.17667,1918.1886,0.059333,0
534,22.784,4963.11,4828.2442,10054.69,-5.6864838611,0.247428,0.466506,48.9568,1.244,1.1099,0.05519,0.519676,1.870628,203,0.173478,1859.2865,0.058357,0
535,22.8267,4948.87,4817.7033,9726.56,-6.1323110512,0.320641,0.433288,36.2122,1.2865,1.2774,0.060537,0.565182,0.953134,187,0.157552,1774.8284,0.063362,0
536,22.8693,5075.16,4886.4213,10019.53,-6.6016090421,0.331537,0.410026,27.0653,1.3259,1.3973,0.064531,0.645272,-0.818346,204,0.164659,1642.3305,0.072152,0
537,22.912,5163.96,4771.6653,10078.12,-6.0556179525,0.285247,0.447067,35.3104,1.2715,1.3044,0.058271,0.610442,-1.148518,177,0.167615,1882.2528,0.075449,0
538,22.9547,5159.25,4852.1105,9890.62,-6.8788945743,0.232891,0.386779,20.8958,1.299,1.4471,0.068756,0.659874,-3.675228,197,0.168732,1822.6079,0.075327,0
539,22.9973,4912.02,4921.5305,10019.53,-6.699275135,0.284082,0.389906,24.0105,1.3627,1.519,0.068173,0.612747,-4.7635,196,0.161851,1780.1399,0.06324,0
540,23.04,5016.51,4825.2157,10136.72,-6.1925871577,0.275056,0.434672,35.8785,1.2974,1.2816,0.060306,0.582974,0.249684,181,0.171153,1699.0787,0.062996,0
541,23.0827,4958.04,4801.9067,9691.41,-6.4444127638,0.231175,0.408826,28.472,1.3265,1.4742,0.064744,0.609277,-5.838509,177,0.169034,1749.9482,0.061287,0
542,23.1253,4961.35,4783.3526,9703.12,-6.159648679,0.291161,0.429667,36.621,1.3297,1.4281,0.061145,0.587843,-4.643743,213,0.162338,1816.337,0.062263,0
543,23.168,5177.22,4751.5209,10136.72,-6.4799938529,0.353053,0.408909,24.898,1.2842,1.421,0.064729,0.654044,-3.13559,175,0.170867,1725.1939,0.073617,0
544,23.2107,5114.49,4778.1297,9867.19,-6.8558021164,0.375999,0.391238,20.2716,1.3297,1.5272,0.067926,0.67076,-1.834994,187,0.154758,1706.6465,0.075693,0
545,23.2533,5064.15,4776.2674,9902.34,-5.8028277277,0.373247,0.445751,43.1031,1.2868,1.3188,0.058485,0.527217,1.41553,177,0.166937,1899.8516,0.066292,0
546,23.296,5029.8,4783.2421,9914.06,-6.0002060476,0.382892,0.434169,40.3513,1.3024,1.3358,0.06039,0.580091,0.710233,199,0.168614,1667.3014,0.064949,0
547,23.3387,5070.23,4775.4493,9832.03,-6.0408346596,0.287663,0.437883,38.5385,1.2869,1.3523,0.059774,0.555943,1.179507,184,0.160812,1842.231,0.065682,0
548,23.3813,5047.48,4800.841,9949.22,-6.3676438029,0.261537,0.412809,30.0915,1.3112,1.4332,0.064042,0.612072,-9.656252,181,0.164225,1719.3454,0.068124,0
549,23.424,5237.84,4902.9455,10312.5,-7.3438294111,0.215928,0.357544,14.4929,1.315,1.4719,0.074445,0.698769,-4.267899,191,0.167002,1664.3435,0.075693,0
550,23.4667,4953.79,4848.7389,9890.62,-6.1487082096,0.232755,0.429956,36.4485,1.2877,1.2444,0.061096,0.573025,0.737838,173,0.173968,1835.163,0.064339,0
551,23.5093,5116.54,4899.6322,10265.62,-6.066742003,0.243089,0.434515,33.6813,1.2586,1.1392,0.060333,0.600442,0.501837,194,0.166908,1753.5008,0.059089,0
552,23.552,5041.95,4866.0139,10066.41,-6.892798267,0.321858,0.378341,21.1664,1.3322,1.483,0.070353,0.634894,-5.882089,177,0.170639,1673.9542,0.064339,0
553,23.5947,4923.15,4798.8182,9691.41,-6.3587884144,0.318492,0.408526,28.3156,1.3554,1.4931,0.064797,0.608073,-2.930462,180,0.166012,1677.7448,0.069711,0
554,23.6373,5135.0,4914.375,10277.34,-7.4608661684,0.280658,0.349986,13.973,1.3626,1.5499,0.075992,0.686734,-2.829699,179,0.173495,1654.3039,0.07435,0
555,23.68,4815.67,4791.8804,9691.41,-6.8223891046,0.216308,0.387456,25.2464,1.3718,1.573,0.06863,0.645047,-1.391006,180,0.160094,1698.2744,0.068246,0
556,23.7227,4855.39,4781.0164,9761.72,-6.1406066265,0.394865,0.419005,34.7094,1.3635,1.5133,0.062963,0.602676,-1.362598,187,0.166203,1704.9495,0.057624,0
557,23.7653,5047.26,4827.0468,9878.91,-6.6164182359,0.303339,0.397917,24.8176,1.3313,1.4809,0.066701,0.643554,-1.158475,182,0.174502,1703.5864,0.058967,0
558,23.808,4994.82,4847.9178,9984.38,-5.9760255901,0.341204,0.440804,39.6758,1.2731,1.2529,0.059292,0.544463,1.53534,176,0.163809,1809.8077,0.064461,0
559,23.8507,4956.64,4865.9188,9890.62,-6.510055114,0.332661,0.405862,28.5683,1.3386,1.4259,0.06527,0.615238,-0.502021,187,0.174268,1598.7917,0.065316,0
560,23.8933,4977.83,4846.9301,9667.97,-6.5532435589,0.285588,0.397443,24.8723,1.3654,1.6025,0.066788,0.627229,0.269964,209,0.167856,1706.1715,0.068368,0
561,23.936,5128.45,4757.8343,9878.91,-6.590763458,0.334717,0.396388,25.8259,1.3605,1.6712,0.06698,0.645764,-2.975167,196,0.164485,1750.8254,0.069222,0
562,23.9787,4911.56,4835.3922,10066.41,-6.3610702439,0.270003,0.411022,31.9987,1.3157,1.3803,0.064356,0.584242,-4.639412,190,0.166053,1833.6063,0.067757,0
563,24.0213,5052.02,4816.8365,9855.47,-6.7838029035,0.293761,0.388085,22.3437,1.3602,1.5599,0.068512,0.668316,-3.538955,166,0.173513,1738.5513,0.066414,0
564,24.064,4870.74,4762.2183,9679.69,-6.3143276643,0.310649,0.41263,31.4585,1.3137,1.4014,0.064073,0.594111,-1.131495,185,0.162783,1735.1188,0.065194,0
565,24.1067,5107.42,4851.7581,10031.25,-6.6314986109,0.353206,0.395839,22.1036,1.3384,1.4442,0.06708,0.647135,-1.479637,186,0.166213,1600.4248,0.068734,0
566,24.1493,4967.86,4792.1364,9656.25,-7.2987874837,0.405805,0.351252,16.5466,1.4422,1.888,0.07573,0.677091,-4.777478,195,0.158664,1706.0053,0.073129,0
567,24.192,5122.2,4900.608,10148.44,-6.818363847,0.299558,0.392065,21.754,1.3206,1.427,0.067774,0.657741,-7.127186,180,0.163059,1638.5875,0.072641,0
568,24.2347,5042.28,4907.9365,10066.41,-6.9648273592,0.298063,0.377135,18.1766,1.3679,1.5511,0.070584,0.666617,-5.688234,183,0.158699,1617.9707,0.072763,0
569,24.2773,5093.39,4821.8637,10019.53,-6.8847048848,0.351965,0.383078,21.0118,1.3263,1.4952,0.069452,0.651378,-6.945366,193,0.162413,1746.9323,0.073739,0
570,24.32,5010.12,4825.557,9949.22,-6.852170935,0.319065,0.386789,22.7634,1.3301,1.5047,0.068754,0.652808,-5.531995,193,0.160838,1774.269,0.068856,0
571,24.3627,5040.26,4770.3114,9761.72,-6.6676381797,0.375604,0.397785,25.1733,1.3833,1.6744,0.066725,0.655935,-2.01298,199,0.159464,1694.298,0.068856,0
572,24.4053,4819.08,4741.104,9585.94,-6.1958121129,0.40942,0.421219,34.6102,1.3358,1.4331,0.062582,0.580484,-4.637173,190,0.166929,1808.472,0.064705,0
573,24.448,4967.37,4807.6863,9843.75,-6.1895218903,0.342803,0.422562,34.7773,1.304,1.3439,0.062352,0.579313,-0.76107,180,0.169044,1744.1878,0.064461,0
574,24.4907,5142.31,4910.899,10218.75,-7.0281263805,0.405158,0.374218,17.7591,1.3242,1.4511,0.071146,0.673648,-3.740783,189,0.172219,1698.922,0.072885,0
575,24.5333,5106.2,4870.5593,10125.0,-6.3775701063,0.357956,0.411804,28.1681,1.3114,1.3616,0.064218,0.62869,-0.510391,193,0.16823,1703.305,0.073373,0
576,24.576,5027.14,4908.3173,10195.31,-6.5970885475,0.368289,0.400765,25.2582,1.3227,1.3656,0.066185,0.641014,-6.896119,189,0.166487,1720.7885,0.070443,0
577,24.6187,5054.13,4802.0247,9996.09,-5.9837343693,0.344142,0.441613,38.0198,1.2627,1.2016,0.05916,0.582175,0.804121,188,0.172838,1844.377,0.059944,0
578,24.6613,4800.32,4759.3843,9820.31,-5.7281145253,0.300079,0.457614,51.9418,1.2894,1.2277,0.056583,0.453816,2.811687,175,0.174593,1858.1934,0.05445,0
579,24.704,5058.19,4825.0678,9902.34,-6.0850056269,0.270091,0.431538,35.1241,1.2736,1.3119,0.06083,0.570032,1.738837,174,0.179028,1807.0493,0.064095,0
580,24.7467,4809.31,4804.5103,9632.81,-6.4771039406,0.36171,0.39944,29.1361,1.3819,1.5569,0.066425,0.605484,-5.939917,182,0.163258,1700.2115,0.067269,0
581,24.7893,4926.5,4806.0737,9750.0,-6.4928876945,0.251604,0.406941,29.1709,1.3398,1.4347,0.065078,0.636617,-2.328366,183,0.164406,1763.7733,0.06556,0
582,24.832,5069.91,4874.1471,10171.88,-6.5570602011,0.255709,0.40223,24.0684,1.296,1.3192,0.065921,0.6337,-4.091275,161,0.176066,1721.4261,0.067513,0
583,24.8747,4980.57,4867.1214,9890.62,-6.2297565548,0.324164,0.422005,32.6497,1.2983,1.2936,0.062447,0.598731,-5.384456,203,0.167183,1701.3541,0.068978,0
584,24.9173,5070.45,4862.6393,10171.88,-6.4452636185,0.311763,0.405082,25.879,1.2976,1.3589,0.06541,0.63141,-2.600882,176,0.16975,1681.223,0.07142,0
585,24.96,4986.95,4838.1766,9949.22,-6.3682168564,0.327647,0.422637,31.4782,1.3362,1.4163,0.062339,0.610181,-0.579142,197,0.160737,1719.7292,0.065194,0
586,25.0027,5030.65,4879.9388,9902.34,-6.2233801492,0.239726,0.422675,28.4486,1.2949,1.31,0.062332,0.608178,-7.5314,195,0.15846,1702.976,0.064339,0
587,25.0453,5123.21,4889.6263,10125.0,-7.1731488957,0.374533,0.363996,15.5708,1.3467,1.511,0.073151,0.67527,-5.22167,189,0.173387,1690.4361,0.072397,0
588,25.088,5036.9,4866.6209,9855.47,-6.2507594056,0.360314,0.420731,32.3738,1.3261,1.4079,0.062666,0.601536,-0.491465,203,0.169943,1765.0865,0.065316,0
589,25.1307,4907.1,4813.048,9714.84,-6.4297224207,0.342498,0.410517,31.8741,1.3365,1.4827,0.064445,0.612062,-7.862158,196,0.164819,1822.8881,0.06031,0
590,25.1733,5074.82,4851.4871,9890.62,-6.9437802247,0.296332,0.383401,21.08,1.3603,1.577,0.069391,0.662202,-5.777245,204,0.166389,1760.064,0.070321,0
591,25.216,5114.36,4819.989,10019.53,-6.6525350913,0.289013,0.405498,23.8859,1.3044,1.4261,0.065335,0.662422,-5.71747,186,0.161097,1740.6329,0.079355,0
592,25.2587,5221.47,4814.8693,10207.03,-6.7895032278,0.386021,0.395099,21.8436,1.2842,1.4048,0.067216,0.673229,-5.907931,186,0.156316,1705.7215,0.081065,0
593,25.3013,5084.05,4874.2074,9773.44,-7.0103041689,0.213868,0.380218,18.5061,1.3234,1.5047,0.069995,0.666009,-7.691391,168,0.154212,1714.5641,0.072397,0
594,25.344,5021.2,4929.7458,10195.31,-6.4151041165,0.325129,0.401247,26.3085,1.2969,1.2885,0.066098,0.592468,-3.373269,200,0.177802,1759.1432,0.065438,0
595,25.3867,4981.73,4860.0844,9867.19,-6.0252582439,0.344854,0.433287,37.0073,1.3132,1.3519,0.060537,0.553596,-0.057681,170,0.173712,1734.4842,0.067635,0
596,25.4293,5139.57,4852.8107,9949.22,-7.0119573881,0.325983,0.371504,18.0574,1.3403,1.5655,0.071673,0.677038,-2.901367,200,0.171409,1668.7826,0.072885,0
597,25.472,4904.95,4741.23,9679.69,-6.2518061114,0.315417,0.418369,35.2611,1.3495,1.5273,0.063073,0.592815,-1.110272,183,0.166638,1761.543,0.066903,0
598,25.5147,4853.32,4801.0303,9714.84,-6.7212259136,0.304497,0.39072,26.3764,1.348,1.4923,0.068022,0.610807,-6.677183,179,0.175476,1729.9248,0.063973,0
599,25.5573,5083.14,4818.5042,9796.88,-6.8805280411,0.351326,0.377692,19.7239,1.3348,1.5351,0.070477,0.658914,-3.117489,181,0.159746,1697.2056,0.075082,0
600,25.6,4900.22,4759.985,9515.62,-6.5070179454,0.310252,0.404854,30.1669,1.383,1.6774,0.06545,0.608067,-5.609345,182,0.166142,1795.6223,0.063973,0
601,25.6427,4986.61,4867.0953,9937.5,-6.1616623169,0.33275,0.432504,36.5914,1.2952,1.3181,0.060668,0.563481,-5.678689,190,0.16069,1851.9486,0.061287,0
602,25.6853,5055.15,4850.8501,10042.97,-7.0911382622,0.30467,0.369934,18.7092,1.3468,1.5342,0.071979,0.676074,-6.824291,174,0.164473,1695.332,0.070932,0
603,25.728,5036.88,4812.3463,9832.03,-6.1415756186,0.333486,0.429129,33.0446,1.3119,1.3395,0.061235,0.611858,-1.18494,168,0.157027,1758.3055,0.067147,0
604,25.7707,5060.19,4813.3221,9878.91,-6.626607497,0.359399,0.397017,22.8557,1.3568,1.5577,0.066865,0.665149,-1.689817,200,0.164643,1696.2642,0.066536,0
605,25.8133,4781.79,4723.4178,9386.72,-5.6171801703,0.297932,0.461514,53.5404,1.2839,1.2428,0.055969,0.4546,3.699632,192,0.171746,1974.9452,0.062141,0
606,25.856,5028.33,4811.2725,9820.31,-6.5337250892,0.37322,0.399827,28.0173,1.3621,1.5674,0.066355,0.630434,-7.5631,204,0.169965,1765.6716,0.065316,0
607,25.8987,5023.61,4816.2133,9890.62,-6.3036881299,0.324358,0.428722,31.739,1.2864,1.3321,0.061304,0.59585,-7.614112,164,0.161753,1707.8793,0.072885,0
608,25.9413,5063.24,4873.0657,10195.31,-6.5736169521,0.332172,0.392583,23.1267,1.3011,1.3232,0.067678,0.649424,-5.039835,188,0.161508,1700.7607,0.068856,0
609,25.984,4884.45,4856.3535,9761.72,-6.6070271612,0.301107,0.398421,27.2488,1.3139,1.3827,0.06661,0.613291,-7.388466,190,0.168145,1695.0147,0.061897,0
610,26.0267,4801.62,4756.5674,9609.38,-6.3757638957,0.293062,0.415318,33.3909,1.3542,1.5233,0.063603,0.589359,-7.061001,179,0.17031,1739.6945,0.063362,0
611,26.0693,5106.65,4924.8933,10253.91,-6.6599006112,0.338123,0.396846,23.5325,1.3101,1.3353,0.066896,0.651579,-4.85154,199,0.171075,1731.5461,0.073495,0
612,26.112,5067.25,4885.5794,10042.97,-6.5935974831,0.374312,0.402405,22.7432,1.3275,1.4341,0.06589,0.647006,-6.502091,189,0.167568,1729.3319,0.077158,0
613,26.1547,5143.14,4868.4762,10125.0,-6.7309510885,0.248895,0.393982,22.5579,1.3026,1.3916,0.067421,0.661957,-5.274095,179,0.172566,1616.175,0.075815,0
614,26.1973,5108.06,4906.5317,10183.59,-6.3998895749,0.188721,0.41794,28.8081,1.2851,1.2851,0.063148,0.638104,-0.796533,178,0.155776,1723.6844,0.070809,0
615,26.24,4959.76,4831.769,9843.75,-6.4380386858,0.344276,0.413299,30.9954,1.34,1.4757,0.063956,0.606558,-0.563827,164,0.163877,1812.2029,0.06849,0
616,26.2827,5015.67,4896.9688,10019.53,-6.9183014366,0.324251,0.378334,19.2559,1.3656,1.5376,0.070354,0.657376,-2.51613,193,0.157325,1729.8433,0.064949,0
617,26.3253,5052.37,4858.5756,10136.72,-5.8637385061,0.379497,0.443188,40.5724,1.2575,1.162,0.058902,0.551028,1.51852,185,0.168047,1798.9133,0.061287,0
618,26.368,4907.06,4717.711,9574.22,-6.0346194563,0.259508,0.435449,41.925,1.3051,1.4115,0.060177,0.551353,0.983565,179,0.164452,1861.2653,0.061409,0
619,26.4107,4776.68,4769.3116,9539.06,-6.4152450811,0.351811,0.404186,31.7743,1.3707,1.6038,0.06557,0.579813,-6.478753,182,0.163926,1682.6002,0.058479,0
620,26.4533,5009.58,4821.6392,10042.97,-6.5699101134,0.306745,0.407969,27.118,1.3444,1.5452,0.064895,0.614896,-7.965335,183,0.164609,1663.2669,0.067635,0
621,26.496,4957.78,4808.2771,9984.38,-6.3681776991,0.358108,0.419679,28.8341,1.3214,1.3692,0.062847,0.613979,-7.519014,167,0.168564,1666.7466,0.072885,0
622,26.5387,5183.56,4888.8767,10230.47,-6.3840065381,0.326907,0.415225,26.0011,1.2764,1.2722,0.063619,0.643773,-0.018814,199,0.161852,1791.2398,0.072152,0
623,26.5813,5166.29,4876.8792,10019.53,-7.1668297133,0.340264,0.370092,16.7066,1.3284,1.5051,0.071948,0.684612,-2.481618,195,0.160175,1751.4197,0.07667,0
624,26.624,5085.58,4866.7544,10078.12,-6.2048330165,0.378927,0.432693,35.0625,1.2868,1.2848,0.060637,0.575638,0.632077,193,0.161089,1745.6707,0.06849,0
625,26.6667,5121.17,4870.223,10078.12,-6.428189506,0.336085,0.413208,27.2735,1.2948,1.3376,0.063972,0.638307,-3.052868,195,0.162772,1676.5448,0.067391,0
626,26.7093,5241.26,4937.1615,10277.34,-6.719695629,0.283948,0.394713,21.6053,1.3112,1.3938,0.067286,0.668994,-3.909897,186,0.166119,1785.5091,0.070443,0
627,26.752,4880.98,4820.6055,9761.72,-6.2676424631,0.318547,0.419707,33.1201,1.322,1.3767,0.062842,0.585147,0.761772,190,0.161593,1743.1286,0.072274,0
628,26.7947,5148.81,4876.1742,10195.31,-6.6947625424,0.402594,0.392312,23.5503,1.3017,1.3685,0.067728,0.644789,-1.054041,176,0.167913,1722.2299,0.071176,0
629,26.8373,4887.51,4836.6462,9925.78,-5.9040851227,0.3196,0.444835,41.287,1.2815,1.232,0.058634,0.551773,0.13707,182,0.167525,1739.3069,0.061165,0
630,26.88,4894.48,4819.0104,9679.69,-6.2333303852,0.284569,0.428408,35.9364,1.3018,1.3376,0.061357,0.559241,-4.415621,172,0.16639,1781.5717,0.056648,0
631,26.9227,5003.93,4906.4564,10031.25,-6.5737908673,0.219106,0.401087,23.8375,1.3676,1.4872,0.066127,0.638156,-7.752307,198,0.175068,1641.4761,0.06617,0
632,26.9653,5201.26,4886.1236,10253.91,-6.7219548396,0.210389,0.392652,22.8505,1.2791,1.327,0.067665,0.659705,-1.103318,170,0.168803,1681.9505,0.077158,0
633,27.008,5184.77,4890.0029,10253.91,-6.7758664961,0.347352,0.385156,19.7554,1.2966,1.3509,0.06906,0.673194,-2.860045,194,0.175049,1809.7812,0.072274,0
634,27.0507,5016.84,4816.9901,10019.53,-6.8345328404,0.30471,0.39217,22.039,1.2914,1.3593,0.067754,0.652844,-5.079578,184,0.168954,1624.4913,0.07435,0
635,27.0933,5234.56,4913.5623,10277.34,-6.5443560303,0.315496,0.398923,23.4663,1.2733,1.3058,0.066519,0.646023,-1.893965,201,0.169656,1698.9888,0.072397,0
636,27.136,4923.36,4790.0286,9761.72,-5.9853670676,0.285833,0.448245,40.9588,1.2922,1.2841,0.058081,0.555306,0.516074,169,0.164506,1796.4924,0.061409,0
637,27.1787,5008.24,4764.0568,9890.62,-6.0590991057,0.343753,0.441451,37.2176,1.2947,1.3207,0.059186,0.578155,0.759975,191,0.163456,1784.8405,0.058601,0
638,27.2213,5024.17,4857.4202,10078.12,-5.7494821422,0.398066,0.450762,42.6957,1.2569,1.156,0.057675,0.532832,1.276091,199,0.162704,1846.4029,0.056037,0
639,27.264,4825.16,4772.6102,9527.34,-5.9772646328,0.351534,0.436077,44.2057,1.3428,1.4497,0.060073,0.534188,1.003576,179,0.163175,1723.0088,0.062141,0
640,27.3067,5086.72,4798.2967,9960.94,-6.4026540704,0.293074,0.414913,28.3008,1.3087,1.4014,0.063674,0.63281,-6.783777,172,0.175162,1724.3123,0.069955,0
641,27.3493,5017.66,4830.7934,9761.72,-6.3790877771,0.255578,0.411045,28.3741,1.3381,1.478,0.064352,0.611895,-1.202025,174,0.168009,1721.9894,0.064339,0
642,27.392,4899.16,4822.8108,9644.53,-6.4645121376,0.33128,0.401055,27.2142,1.3583,1.5146,0.066133,0.609628,-6.287498,182,0.159021,1724.0372,0.064339,0
643,27.4347,4702.85,4768.7874,9691.41,-6.0809675186,0.269286,0.433728,43.3303,1.3434,1.4287,0.060464,0.52279,-10.795461,167,0.165946,1771.0338,0.055793,0
644,27.4773,4634.9,4627.0681,9304.69,-5.9974997406,0.397163,0.434095,45.9344,1.3568,1.5466,0.060403,0.49532,-9.228524,200,0.165624,1947.4854,0.055671,0
645,27.52,4898.61,4836.0522,9750.0,-6.2378390143,0.270331,0.427032,34.93,1.2998,1.2979,0.06159,0.58134,-9.221751,159,0.17137,1665.2746,0.057624,0
646,27.5627,4988.62,4885.2841,10230.47,-6.1221872271,0.255876,0.433048,36.7317,1.2615,1.1497,0.060577,0.553246,-6.048439,179,0.156047,1710.7879,0.06324,0
647,27.6053,5041.89,4801.5313,9820.31,-6.6535553354,0.31042,0.396315,24.4835,1.3184,1.4511,0.066993,0.637348,-6.48677,183,0.16974,1757.6785,0.070077,0
648,27.648,4910.5,4706.0884,9808.59,-5.806302345,0.315977,0.447159,45.9762,1.2758,1.2596,0.058256,0.493354,2.214768,190,0.170671,1947.9578,0.061531,0
649,27.6907,5115.71,4796.8284,9937.5,-6.9100818357,0.351651,0.386725,19.8513,1.3473,1.6034,0.068766,0.674151,-5.20084,198,0.16766,1653.2853,0.061775,0
650,27.7333,5072.78,4863.8168,10160.16,-5.6748128915,0.304126,0.455642,44.8037,1.262,1.1732,0.056896,0.526377,-6.634966,181,0.166309,1844.608,0.067757,0
651,27.776,5176.31,4787.578,9867.19,-6.0688132651,0.229021,0.441428,36.6418,1.2726,1.3499,0.05919,0.605277,-0.431334,187,0.16542,1731.7741,0.067635,0
652,27.8187,4974.23,4820.5161,9621.09,-5.9756207745,0.392624,0.429834,38.0957,1.3209,1.379,0.061117,0.570197,-6.443635,197,0.16431,1796.4124,0.065804,0
653,27.8613,5201.14,4873.0308,10230.47,-6.0206239181,0.291844,0.450749,35.7931,1.2511,1.1515,0.057678,0.597865,-0.424444,184,0.159876,1601.2858,0.0691,0
654,27.904,5134.37,4876.1392,10007.81,-6.6096862995,0.364001,0.396278,23.0075,1.317,1.4356,0.067,0.659414,-5.086254,186,0.166808,1706.679,0.063362,0
655,27.9467,5063.84,4818.067,9937.5,-5.8944230933,0.232654,0.44053,39.861,1.2546,1.2087,0.059337,0.549898,-5.665185,195,0.174625,1710.7532,0.065926,0
656,27.9893,5193.29,4889.099,10218.75,-6.4222001591,0.253684,0.411711,25.3875,1.2849,1.2941,0.064235,0.643751,-3.164702,196,0.172036,1646.3562,0.076059,0
657,28.032,5077.15,4751.823,9585.94,-6.7523912496,0.299692,0.389078,24.1254,1.3445,1.6289,0.068327,0.665591,-5.062081,195,0.163125,1752.012,0.078623,0
658,28.0747,5070.75,4808.7154,9867.19,-6.8514381358,0.319563,0.376713,21.618,1.3519,1.5905,0.070665,0.656945,-3.546789,193,0.174134,1687.517,0.075693,0
659,28.1173,5237.36,4819.3477,10183.59,-6.919423323,0.275896,0.372627,18.7865,1.309,1.5275,0.071454,0.675088,-3.289055,181,0.165637,1708.9314,0.073251,0
660,28.16,4962.83,4806.2976,9820.31,-6.5827456782,0.364999,0.403153,29.5785,1.3356,1.4988,0.065755,0.620461,-3.785055,195,0.185643,1676.8046,0.072641,0
661,28.2027,5223.91,4875.6106,10031.25,-6.949165188,0.399049,0.377735,20.3099,1.3445,1.6118,0.070469,0.668337,-3.802452,187,0.158664,1632.2928,0.071786,0
662,28.2453,4914.83,4848.4103,9878.91,-6.1341992922,0.263073,0.431777,36.5683,1.2906,1.2515,0.06079,0.561909,-6.288986,180,0.169518,1755.0434,0.06324,0
663,28.288,5157.96,4846.104,10113.28,-6.7101862559,0.317132,0.386245,21.7827,1.2757,1.3503,0.068856,0.644419,-2.220486,204,0.170459,1748.8517,0.063362,0
664,28.3307,4880.68,4820.5426,9773.44,-6.1958332221,0.287625,0.431338,36.2251,1.2764,1.2426,0.060864,0.543898,-5.173865,188,0.177231,1829.0317,0.065438,0
665,28.3733,5167.93,4836.2688,10207.03,-6.3491437283,0.242111,0.422334,30.1124,1.2364,1.2159,0.062391,0.608823,-5.010598,186,0.15912,1786.9098,0.062752,0
666,28.416,4999.07,4836.1622,10136.72,-5.6708308206,0.286584,0.46149,50.1461,1.2271,1.0455,0.055973,0.483572,2.91787,197,0.161495,1891.5353,0.0597,0
667,28.4587,5131.52,5005.5584,10289.06,-6.3763672705,0.37482,0.409643,24.1601,1.2888,1.2564,0.064599,0.611152,-5.07443,196,0.161197,1729.3659,0.058235,0
668,28.5013,4806.8,4720.2605,9597.66,-5.6342631014,0.28995,0.453562,50.706,1.2563,1.2078,0.057227,0.488718,3.229529,167,0.174495,1847.963,0.062874,0
669,28.544,5280.18,4833.2942,10242.19,-6.6995642368,0.340097,0.388506,21.0593,1.2649,1.3479,0.068434,0.672624,-3.928903,191,0.177674,1691.3707,0.066781,0
670,28.5867,4860.82,4718.7557,9644.53,-5.8026906529,0.320185,0.447913,45.889,1.3066,1.3827,0.058134,0.507808,2.150024,200,0.17059,1939.1994,0.064827,0
671,28.6293,5091.08,4847.4186,10195.31,-6.3770419126,0.330195,0.421638,31.8968,1.2651,1.2292,0.06251,0.601279,-6.163452,185,0.157573,1699.5733,0.064583,0
672,28.672,4981.15,4839.155,9832.03,-6.2783997403,0.284897,0.40861,31.5555,1.3394,1.4558,0.064782,0.592931,-6.960912,203,0.166034,1687.2338,0.071176,0
673,28.7147,5165.94,4946.1899,10218.75,-6.725718533,0.23007,0.397231,21.4285,1.2893,1.2968,0.066826,0.659383,-5.756233,173,0.158699,1635.2415,0.07203,0
674,28.7573,4841.64,4758.8519,9679.69,-6.2602901955,0.278527,0.425778,39.418,1.3438,1.4373,0.061803,0.565446,-5.906113,198,0.172702,1782.1576,0.061165,0
675,28.8,5042.38,4899.6321,10136.72,-6.2190638793,0.279963,0.42655,33.869,1.3028,1.2809,0.061672,0.59196,-0.28399,180,0.167497,1719.9058,0.067269,0
676,28.8427,5385.49,4930.1779,10347.66,-6.8542837573,0.447653,0.383604,17.0531,1.2679,1.3061,0.069353,0.685204,-3.021931,194,0.167917,1762.604,0.080454,0
677,28.8853,4991.36,4784.7646,9750.0,-6.9567269487,0.290592,0.379641,21.9917,1.3614,1.6674,0.070104,0.66342,-3.359582,178,0.16875,1625.6239,0.07496,0
678,28.928,4801.37,4722.7428,9527.34,-6.2243024044,0.328497,0.419966,36.2797,1.3391,1.4833,0.062798,0.57343,0.545028,181,0.170154,1835.0928,0.067879,0
679,28.9707,5054.22,4816.7626,9761.72,-7.0453677393,0.293596,0.374105,19.4614,1.3476,1.5891,0.071168,0.669732,-3.628053,188,0.17258,1688.1939,0.067391,0
680,29.0133,4947.2,4856.0426,9902.34,-6.2390819564,0.310254,0.418678,34.355,1.3295,1.4349,0.06302,0.577775,1.315145,184,0.170079,1752.0369,0.07203,0
681,29.056,5010.22,4916.3164,10125.0,-6.9267594309,0.25048,0.377013,20.0985,1.3647,1.5437,0.070607,0.648508,-6.124972,181,0.179775,1657.1575,0.072274,0
682,29.0987,5047.74,4871.8422,9890.62,-6.7798150733,0.276084,0.392332,23.3711,1.3397,1.4951,0.067724,0.650902,-0.095956,171,0.17019,1641.1272,0.068124,0
683,29.1413,5111.62,4868.7976,10078.12,-6.6514125286,0.282152,0.399514,23.3158,1.3029,1.3706,0.066411,0.66794,-2.68441,195,0.16502,1708.972,0.070932,0
684,29.184,5093.33,4849.38,9937.5,-6.438992843,0.185435,0.421026,29.8472,1.2944,1.3305,0.062615,0.637974,-2.02019,193,0.166201,1800.8052,0.073862,0
685,29.2267,5093.65,4907.6175,10195.31,-6.2578982584,0.239159,0.41961,30.8574,1.2431,1.1514,0.062859,0.614252,-5.432315,188,0.175094,1715.6289,0.069955,0
686,29.2693,5071.58,4931.5015,10230.47,-6.2405767291,0.399676,0.423927,30.8234,1.2913,1.256,0.062118,0.618485,-2.111053,197,0.167427,1790.854,0.067147,0
687,29.312,5078.45,4859.7318,10148.44,-5.7185545607,0.29786,0.461764,43.7787,1.2255,1.0786,0.05593,0.549643,-0.305133,187,0.160763,1804.1729,0.056525,0
688,29.3547,4897.06,4759.9243,9667.97,-5.788298405,0.345373,0.448806,44.3369,1.2953,1.3337,0.05799,0.492693,1.71971,185,0.157073,1824.8607,0.056525,0
689,29.3973,4527.65,4622.7505,9281.25,-5.646729382,0.40055,0.452344,56.776,1.3876,1.5798,0.057422,0.422959,2.932078,174,0.165513,1934.8797,0.05091,0
690,29.44,4775.83,4786.9931,9750.0,-5.951447454,0.393169,0.44587,45.9502,1.3529,1.4207,0.058465,0.531686,-0.010036,190,0.18204,1885.2154,0.044195,0
691,29.4827,4694.81,4722.9201,9585.94,-5.5423042167,0.246879,0.468735,54.2466,1.2939,1.2462,0.054845,0.439058,2.492693,170,0.183414,1883.1355,0.052619,0
692,29.5253,4871.14,4726.869,9621.09,-5.9366691878,0.372846,0.444733,41.6447,1.3254,1.4282,0.05865,0.536475,1.748739,172,0.174319,1766.7708,0.059333,0
693,29.568,5163.45,4856.7599,10230.47,-5.6737067593,0.328788,0.455306,43.7222,1.2039,1.0771,0.056949,0.534302,-7.330781,196,0.165438,1799.945,0.058723,0
694,29.6107,4818.55,4738.7098,9597.66,-5.9118077378,0.275365,0.446947,48.0268,1.267,1.2498,0.058291,0.501188,2.931755,179,0.166156,1823.6973,0.061775,0
695,29.6533,5156.98,4884.6974,10148.44,-6.5479905564,0.300279,0.407018,27.584,1.2892,1.3563,0.065064,0.633203,-1.61017,202,0.163971,1761.659,0.071908,0
696,29.696,5031.88,4852.7823,9785.16,-7.2746537672,0.217885,0.35963,16.9146,1.3673,1.6585,0.074024,0.676322,-2.43211,184,0.160969,1685.2435,0.075082,0
697,29.7387,5141.43,4884.6991,10160.16,-6.8598286704,0.300401,0.391309,19.9412,1.3078,1.4024,0.067913,0.655868,-3.290041,187,0.16127,1548.7356,0.070077,0
698,29.7813,4995.11,4855.8438,10042.97,-6.1303539709,0.365641,0.436301,36.3342,1.3067,1.3233,0.060036,0.579222,-0.923053,191,0.164107,1705.4486,0.063484,0
699,29.824,4993.12,4888.3871,10195.31,-6.5598287879,0.289999,0.408478,26.0132,1.3325,1.3774,0.064805,0.630546,0.777437,210,0.166978,1662.903,0.067757,0
700,29.8667,4993.3,4873.1401,10148.44,-6.4171956774,0.353494,0.410183,30.0215,1.305,1.3616,0.064504,0.60317,-6.84965,186,0.163682,1831.3337,0.072763,0
701,29.9093,4976.26,4878.2352,10042.97,-6.7621584536,0.347766,0.391596,23.0409,1.3419,1.4434,0.06786,0.628524,-5.489111,194,0.165498,1768.7474,0.071054,0
702,29.952,4964.73,4846.6729,9832.03,-6.2529622006,0.307625,0.420506,31.084,1.2933,1.3304,0.062705,0.573381,-2.305047,173,0.165279,1785.0898,0.05738,0
703,29.9947,4704.0,4758.4466,9433.59,-5.8657458133,0.210542,0.43843,46.009,1.3114,1.3827,0.059683,0.466373,-12.316239,191,0.179968,1967.6171,0.048712,0
704,30.0373,4659.81,4704.2396,9375.0,-5.6971304302,0.293268,0.451335,54.7404,1.3154,1.4248,0.057584,0.42368,2.658094,178,0.163226,1952.2145,0.055549,0
705,30.08,5117.63,4902.2657,10148.44,-6.3890653932,0.263048,0.413676,27.5722,1.2977,1.3417,0.06389,0.634336,-1.177198,213,0.181556,1737.8503,0.070687,0
706,30.1227,5014.8,4869.5062,10089.84,-6.1831348403,0.31991,0.420522,33.7698,1.272,1.2628,0.062702,0.558,-4.827445,194,0.167239,1702.4237,0.070565,0
707,30.1653,4810.25,4772.5981,9609.38,-6.5904357044,0.235876,0.4057,29.2039,1.3611,1.5355,0.065299,0.614188,-8.282737,176,0.168352,1763.5055,0.065194,0
708,30.208,5041.37,4881.167,9949.22,-6.737321885,0.300313,0.400005,25.1696,1.3473,1.4836,0.066322,0.642293,-5.206117,186,0.160032,1629.1384,0.070932,0
709,30.2507,5021.93,4877.7104,9984.38,-6.8688734066,0.353943,0.379124,21.3891,1.3642,1.5907,0.070203,0.636362,-4.125793,200,0.163662,1804.7803,0.067513,0
710,30.2933,5043.89,4947.3753,10335.94,-6.5173939661,0.354465,0.406028,27.2515,1.3066,1.3021,0.065241,0.625999,-6.49966,191,0.156027,1872.6447,0.070199,0
711,30.336,5257.1,4967.744,10476.56,-6.8590176195,0.29792,0.385077,19.6575,1.2943,1.2973,0.069075,0.666182,-5.465957,160,0.145607,1664.5164,0.074716,0
712,30.3787,4909.58,4853.1662,10031.25,-6.4052643901,0.353918,0.403825,29.9978,1.3354,1.4118,0.065634,0.589526,-5.85209,177,0.165417,1732.1028,0.063362,0
713,30.4213,4836.84,4695.0155,9515.62,-6.0480550578,0.280392,0.436363,42.9315,1.2948,1.3618,0.060025,0.550553,1.406898,170,0.169795,1817.3869,0.057136,0
714,30.464,4827.6,4695.9015,9457.03,-5.8684796326,0.28166,0.439236,47.2729,1.2929,1.378,0.05955,0.504774,2.111767,188,0.182517,1873.5916,0.059822,0
715,30.5067,4725.59,4714.6856,9410.16,-6.2206794306,0.36288,0.420507,38.0488,1.3536,1.5203,0.062705,0.541304,-7.210996,175,0.17283,1805.5253,0.053595,0
716,30.5493,4768.94,4703.8657,9503.91,-5.9355040177,0.38888,0.43877,46.0919,1.3317,1.4528,0.059627,0.519412,1.680366,191,0.170466,1896.347,0.051154,0
717,30.592,4736.73,4675.2383,9527.34,-5.7092016874,0.403521,0.452839,50.1952,1.3098,1.3568,0.057343,0.466016,2.363032,176,0.172782,1852.4032,0.056037,0
718,30.6347,5033.87,4765.502,9878.91,-6.3409013979,0.260001,0.420615,32.7594,1.2966,1.3774,0.062686,0.601733,-5.56169,183,0.176208,1695.1933,0.059333,0
719,30.6773,4755.01,4724.9268,9632.81,-6.1708528573,0.390509,0.42789,39.8444,1.3272,1.3884,0.061445,0.566663,1.384397,172,0.172233,1773.3901,0.063484,0
720,30.72,5185.53,4874.5811,10031.25,-7.1327202671,0.242497,0.376455,18.1007,1.3167,1.4861,0.070714,0.686861,-4.146807,191,0.173692,1679.6254,0.071542,0
721,30.7627,5087.39,4787.8102,9820.31,-6.4662248888,0.280795,0.41014,28.3799,1.3138,1.4622,0.064511,0.632358,-1.09461,167,0.167349,1635.2845,0.078745,0
722,30.8053,5117.01,4829.1531,9925.78,-7.0588058194,0.257163,0.37364,19.3735,1.3301,1.5689,0.071258,0.668221,-3.243941,190,0.165437,1633.5568,0.076914,0
723,30.848,5017.04,4816.4862,9902.34,-7.5292148551,0.303422,0.343351,14.0261,1.3909,1.7304,0.077377,0.68617,-4.213145,183,0.172542,1788.3387,0.070809,0
724,30.8907,5036.38,4810.1578,9761.72,-7.0531067795,0.317415,0.372132,18.3495,1.3834,1.713,0.071551,0.665146,-6.928531,192,0.168454,1545.075,0.071176,0
725,30.9333,5073.75,4789.1603,10101.56,-6.7640808402,0.470153,0.391326,24.3049,1.3278,1.5097,0.06791,0.641746,-5.428711,219,0.164057,1650.3972,0.069344,0
726,30.976,4943.94,4835.1985,9902.34,-6.4301827313,0.336292,0.417508,31.7762,1.3384,1.4579,0.063222,0.599879,-7.470163,207,0.16021,1724.7664,0.064583,0
727,31.0187,4972.07,4846.984,9691.41,-7.0153037105,0.259878,0.364911,19.5783,1.3749,1.635,0.072969,0.636139,-6.572869,183,0.174091,1637.1054,0.073495,0
728,31.0613,5188.29,4934.0557,10218.75,-7.0992339144,0.227238,0.372857,17.1394,1.3177,1.427,0.07141,0.678583,-3.866227,193,0.166011,1669.9066,0.075693,0
729,31.104,4914.52,4824.5415,9796.88,-6.0405468156,0.253945,0.434898,39.3006,1.2858,1.3083,0.060269,0.543067,2.912276,194,0.168053,1798.7222,0.067025,0
730,31.1467,5191.61,4835.0623,9960.94,-7.0816037861,0.355464,0.367562,16.9133,1.3187,1.5393,0.072445,0.678177,-3.958472,203,0.173516,1653.3413,0.070199,0
731,31.1893,5173.28,4851.6558,10054.69,-6.624854894,0.343186,0.396096,23.5032,1.3279,1.4949,0.067033,0.656122,-4.339876,195,0.163061,1742.571,0.079722,0
732,31.232,4980.59,4913.53,10019.53,-6.5396498028,0.318428,0.403481,26.6725,1.3386,1.4275,0.065696,0.626869,-4.928879,179,0.164896,1684.601,0.069344,0
733,31.2747,4827.75,4825.1803,9808.59,-6.1375127924,0.237375,0.427565,36.8503,1.3136,1.3518,0.0615,0.541677,-7.586678,179,0.165987,1842.1144,0.056159,0
734,31.3173,4848.58,4784.7477,9773.44,-5.9686305989,0.290154,0.432817,42.1285,1.3183,1.3919,0.060616,0.525577,-7.291679,182,0.161644,1860.8971,0.059944,0
735,31.36,4751.55,4737.2236,9503.91,-5.9087464598,0.342138,0.437415,46.1834,1.3445,1.4611,0.059851,0.499085,2.215835,193,0.174121,1944.5794,0.060432,0
736,31.4027,5014.15,4912.9998,10007.81,-6.9894262339,0.271461,0.377686,19.4533,1.3504,1.4837,0.070478,0.66517,-6.2009,183,0.174602,1731.4747,0.063118,0
737,31.4453,5001.87,4841.6354,9855.47,-6.4647759644,0.330324,0.414881,28.8842,1.3281,1.4698,0.063679,0.620297,-6.417103,184,0.163592,1695.973,0.073984,0
738,31.488,5314.89,4957.8023,10312.5,-7.1044726077,0.377868,0.365745,15.1897,1.3104,1.4632,0.072804,0.681909,-6.396645,196,0.166802,1663.8873,0.076059,0
739,31.5307,5084.44,4892.9808,10207.03,-6.2512414378,0.261029,0.425279,34.3854,1.2691,1.2232,0.061888,0.602622,-0.492691,210,0.166642,1732.5977,0.067025,0
740,31.5733,4980.75,4846.3321,9996.09,-5.9507830682,0.259072,0.44589,42.2696,1.2486,1.1584,0.058462,0.516976,0.811042,190,0.164942,1847.3082,0.060554,0
741,31.616,5210.58,4811.2971,10242.19,-5.9626011051,0.251661,0.451187,39.2754,1.213,1.1062,0.057607,0.591558,-0.886636,166,0.160023,1769.9798,0.061897,0
742,31.6587,4915.76,4825.9265,9808.59,-6.5367806238,0.324931,0.403829,29.3651,1.3376,1.4673,0.065634,0.625449,-9.018541,161,0.17467,1768.9116,0.062996,0
743,31.7013,4944.24,4797.2254,9679.69,-6.0622062356,0.326361,0.440099,41.1574,1.2663,1.2954,0.059408,0.530284,1.126201,170,0.172435,1642.3639,0.052375,0
744,31.744,5348.55,4806.9519,10195.31,-7.7453939639,0.277805,0.352605,13.595,1.3085,1.6566,0.075452,0.720666,-64.147943,2,0.246564,530.3628,0.021609,0
745,31.7867,0.0,0.0,0.0,0.0,0.0,0.0,0.0,0.0,0.0,0.0,0.0,0.0,0,0.0,0.0,0.0,1
746,31.8293,0.0,0.0,0.0,0.0,0.0,0.0,0.0,0.0,0.0,0.0,0.0,0.0,0,0.0,0.0,0.0,1
747,31.872,0.0,0.0,0.0,0.0,0.0,0.0,0.0,0.0,0.0,0.0,0.0,0.0,0,0.0,0.0,0.0,1
748,31.9147,0.0,0.0,0.0,0.0,0.0,0.0,0.0,0.0,0.0,0.0,0.0,0.0,0,0.0,0.0,0.0,1
749,31.9573,0.0,0.0,0.0,0.0,0.0,0.0,0.0,0.0,0.0,0.0,0.0,0.0,0,0.0,0.0,0.0,1
750,32.0,0.0,0.0,0.0,0.0,0.0,0.0,0.0,0.0,0.0,0.0,0.0,0.0,0,0.0,0.0,0.0,1
751,32.0427,0.0,0.0,0.0,0.0,0.0,0.0,0.0,0.0,0.0,0.0,0.0,0.0,0,0.0,0.0,0.0,1
752,32.0853,0.0,0.0,0.0,0.0,0.0,0.0,0.0,0.0,0.0,0.0,0.0,0.0,0,0.0,0.0,0.0,1
753,32.128,0.0,0.0,0.0,0.0,0.0,0.0,0.0,0.0,0.0,0.0,0.0,0.0,0,0.0,0.0,0.0,1
754,32.1707,0.0,0.0,0.0,0.0,0.0,0.0,0.0,0.0,0.0,0.0,0.0,0.0,0,0.0,0.0,0.0,1
755,32.2133,0.0,0.0,0.0,0.0,0.0,0.0,0.0,0.0,0.0,0.0,0.0,0.0,0,0.0,0.0,0.0,1
756,32.256,0.0,0.0,0.0,0.0,0.0,0.0,0.0,0.0,0.0,0.0,0.0,0.0,0,0.0,0.0,0.0,1
757,32.2987,0.0,0.0,0.0,0.0,0.0,0.0,0.0,0.0,0.0,0.0,0.0,0.0,0,0.0,0.0,0.0,1
758,32.3413,0.0,0.0,0.0,0.0,0.0,0.0,0.0,0.0,0.0,0.0,0.0,0.0,0,0.0,0.0,0.0,1
759,32.384,0.0,0.0,0.0,0.0,0.0,0.0,0.0,0.0,0.0,0.0,0.0,0.0,0,0.0,0.0,0.0,1
760,32.4267,0.0,0.0,0.0,0.0,0.0,0.0,0.0,0.0,0.0,0.0,0.0,0.0,0,0.0,0.0,0.0,1
761,32.4693,0.0,0.0,0.0,0.0,0.0,0.0,0.0,0.0,0.0,0.0,0.0,0.0,0,0.0,0.0,0.0,1
762,32.512,0.0,0.0,0.0,0.0,0.0,0.0,0.0,0.0,0.0,0.0,0.0,0.0,0,0.0,0.0,0.0,1
763,32.5547,0.0,0.0,0.0,0.0,0.0,0.0,0.0,0.0,0.0,0.0,0.0,0.0,0,0.0,0.0,0.0,1
764,32.5973,0.0,0.0,0.0,0.0,0.0,0.0,0.0,0.0,0.0,0.0,0.0,0.0,0,0.0,0.0,0.0,1
765,32.64,0.0,0.0,0.0,0.0,0.0,0.0,0.0,0.0,0.0,0.0,0.0,0.0,0,0.0,0.0,0.0,1
766,32.6827,0.0,0.0,0.0,0.0,0.0,0.0,0.0,0.0,0.0,0.0,0.0,0.0,0,0.0,0.0,0.0,1
767,32.7253,0.0,0.0,0.0,0.0,0.0,0.0,0.0,0.0,0.0,0.0,0.0,0.0,0,0.0,0.0,0.0,1
768,32.768,0.0,0.0,0.0,0.0,0.0,0.0,0.0,0.0,0.0,0.0,0.0,0.0,0,0.0,0.0,0.0,1
769,32.8107,0.0,0.0,0.0,0.0,0.0,0.0,0.0,0.0,0.0,0.0,0.0,0.0,0,0.0,0.0,0.0,1
770,32.8533,0.0,0.0,0.0,0.0,0.0,0.0,0.0,0.0,0.0,0.0,0.0,0.0,0,0.0,0.0,0.0,1
771,32.896,0.0,0.0,0.0,0.0,0.0,0.0,0.0,0.0,0.0,0.0,0.0,0.0,0,0.0,0.0,0.0,1
772,32.9387,0.0,0.0,0.0,0.0,0.0,0.0,0.0,0.0,0.0,0.0,0.0,0.0,0,0.0,0.0,0.0,1
773,32.9813,0.0,0.0,0.0,0.0,0.0,0.0,0.0,0.0,0.0,0.0,0.0,0.0,0,0.0,0.0,0.0,1
774,33.024,0.0,0.0,0.0,0.0,0.0,0.0,0.0,0.0,0.0,0.0,0.0,0.0,0,0.0,0.0,0.0,1
775,33.0667,0.0,0.0,0.0,0.0,0.0,0.0,0.0,0.0,0.0,0.0,0.0,0.0,0,0.0,0.0,0.0,1
776,33.1093,0.0,0.0,0.0,0.0,0.0,0.0,0.0,0.0,0.0,0.0,0.0,0.0,0,0.0,0.0,0.0,1
777,33.152,0.0,0.0,0.0,0.0,0.0,0.0,0.0,0.0,0.0,0.0,0.0,0.0,0,0.0,0.0,0.0,1
778,33.1947,0.0,0.0,0.0,0.0,0.0,0.0,0.0,0.0,0.0,0.0,0.0,0.0,0,0.0,0.0,0.0,1
779,33.2373,0.0,0.0,0.0,0.0,0.0,0.0,0.0,0.0,0.0,0.0,0.0,0.0,0,0.0,0.0,0.0,1
780,33.28,0.0,0.0,0.0,0.0,0.0,0.0,0.0,0.0,0.0,0.0,0.0,0.0,0,0.0,0.0,0.0,1
781,33.3227,0.0,0.0,0.0,0.0,0.0,0.0,0.0,0.0,0.0,0.0,0.0,0.0,0,0.0,0.0,0.0,1
782,33.3653,0.0,0.0,0.0,0.0,0.0,0.0,0.0,0.0,0.0,0.0,0.0,0.0,0,0.0,0.0,0.0,1
783,33.408,0.0,0.0,0.0,0.0,0.0,0.0,0.0,0.0,0.0,0.0,0.0,0.0,0,0.0,0.0,0.0,1
784,33.4507,0.0,0.0,0.0,0.0,0.0,0.0,0.0,0.0,0.0,0.0,0.0,0.0,0,0.0,0.0,0.0,1
785,33.4933,0.0,0.0,0.0,0.0,0.0,0.0,0.0,0.0,0.0,0.0,0.0,0.0,0,0.0,0.0,0.0,1
786,33.536,0.0,0.0,0.0,0.0,0.0,0.0,0.0,0.0,0.0,0.0,0.0,0.0,0,0.0,0.0,0.0,1
787,33.5787,0.0,0.0,0.0,0.0,0.0,0.0,0.0,0.0,0.0,0.0,0.0,0.0,0,0.0,0.0,0.0,1
788,33.6213,0.0,0.0,0.0,0.0,0.0,0.0,0.0,0.0,0.0,0.0,0.0,0.0,0,0.0,0.0,0.0,1
789,33.664,0.0,0.0,0.0,0.0,0.0,0.0,0.0,0.0,0.0,0.0,0.0,0.0,0,0.0,0.0,0.0,1
790,33.7067,0.0,0.0,0.0,0.0,0.0,0.0,0.0,0.0,0.0,0.0,0.0,0.0,0,0.0,0.0,0.0,1
791,33.7493,0.0,0.0,0.0,0.0,0.0,0.0,0.0,0.0,0.0,0.0,0.0,0.0,0,0.0,0.0,0.0,1
792,33.792,0.0,0.0,0.0,0.0,0.0,0.0,0.0,0.0,0.0,0.0,0.0,0.0,0,0.0,0.0,0.0,1
793,33.8347,0.0,0.0,0.0,0.0,0.0,0.0,0.0,0.0,0.0,0.0,0.0,0.0,0,0.0,0.0,0.0,1
794,33.8773,0.0,0.0,0.0,0.0,0.0,0.0,0.0,0.0,0.0,0.0,0.0,0.0,0,0.0,0.0,0.0,1
795,33.92,0.0,0.0,0.0,0.0,0.0,0.0,0.0,0.0,0.0,0.0,0.0,0.0,0,0.0,0.0,0.0,1
796,33.9627,0.0,0.0,0.0,0.0,0.0,0.0,0.0,0.0,0.0,0.0,0.0,0.0,0,0.0,0.0,0.0,1
797,34.0053,0.0,0.0,0.0,0.0,0.0,0.0,0.0,0.0,0.0,0.0,0.0,0.0,0,0.0,0.0,0.0,1
798,34.048,0.0,0.0,0.0,0.0,0.0,0.0,0.0,0.0,0.0,0.0,0.0,0.0,0,0.0,0.0,0.0,1
799,34.0907,0.0,0.0,0.0,0.0,0.0,0.0,0.0,0.0,0.0,0.0,0.0,0.0,0,0.0,0.0,0.0,1
800,34.1333,0.0,0.0,0.0,0.0,0.0,0.0,0.0,0.0,0.0,0.0,0.0,0.0,0,0.0,0.0,0.0,1
801,34.176,0.0,0.0,0.0,0.0,0.0,0.0,0.0,0.0,0.0,0.0,0.0,0.0,0,0.0,0.0,0.0,1
802,34.2187,0.0,0.0,0.0,0.0,0.0,0.0,0.0,0.0,0.0,0.0,0.0,0.0,0,0.0,0.0,0.0,1
803,34.2613,0.0,0.0,0.0,0.0,0.0,0.0,0.0,0.0,0.0,0.0,0.0,0.0,0,0.0,0.0,0.0,1
804,34.304,0.0,0.0,0.0,0.0,0.0,0.0,0.0,0.0,0.0,0.0,0.0,0.0,0,0.0,0.0,0.0,1
805,34.3467,0.0,0.0,0.0,0.0,0.0,0.0,0.0,0.0,0.0,0.0,0.0,0.0,0,0.0,0.0,0.0,1
806,34.3893,0.0,0.0,0.0,0.0,0.0,0.0,0.0,0.0,0.0,0.0,0.0,0.0,0,0.0,0.0,0.0,1
807,34.432,0.0,0.0,0.0,0.0,0.0,0.0,0.0,0.0,0.0,0.0,0.0,0.0,0,0.0,0.0,0.0,1
808,34.4747,0.0,0.0,0.0,0.0,0.0,0.0,0.0,0.0,0.0,0.0,0.0,0.0,0,0.0,0.0,0.0,1
809,34.5173,0.0,0.0,0.0,0.0,0.0,0.0,0.0,0.0,0.0,0.0,0.0,0.0,0,0.0,0.0,0.0,1
810,34.56,0.0,0.0,0.0,0.0,0.0,0.0,0.0,0.0,0.0,0.0,0.0,0.0,0,0.0,0.0,0.0,1
811,34.6027,0.0,0.0,0.0,0.0,0.0,0.0,0.0,0.0,0.0,0.0,0.0,0.0,0,0.0,0.0,0.0,1
812,34.6453,0.0,0.0,0.0,0.0,0.0,0.0,0.0,0.0,0.0,0.0,0.0,0.0,0,0.0,0.0,0.0,1
813,34.688,0.0,0.0,0.0,0.0,0.0,0.0,0.0,0.0,0.0,0.0,0.0,0.0,0,0.0,0.0,0.0,1
814,34.7307,0.0,0.0,0.0,0.0,0.0,0.0,0.0,0.0,0.0,0.0,0.0,0.0,0,0.0,0.0,0.0,1
815,34.7733,0.0,0.0,0.0,0.0,0.0,0.0,0.0,0.0,0.0,0.0,0.0,0.0,0,0.0,0.0,0.0,1
816,34.816,0.0,0.0,0.0,0.0,0.0,0.0,0.0,0.0,0.0,0.0,0.0,0.0,0,0.0,0.0,0.0,1
817,34.8587,0.0,0.0,0.0,0.0,0.0,0.0,0.0,0.0,0.0,0.0,0.0,0.0,0,0.0,0.0,0.0,1
818,34.9013,0.0,0.0,0.0,0.0,0.0,0.0,0.0,0.0,0.0,0.0,0.0,0.0,0,0.0,0.0,0.0,1
819,34.944,0.0,0.0,0.0,0.0,0.0,0.0,0.0,0.0,0.0,0.0,0.0,0.0,0,0.0,0.0,0.0,1
820,34.9867,0.0,0.0,0.0,0.0,0.0,0.0,0.0,0.0,0.0,0.0,0.0,0.0,0,0.0,0.0,0.0,1
821,35.0293,0.0,0.0,0.0,0.0,0.0,0.0,0.0,0.0,0.0,0.0,0.0,0.0,0,0.0,0.0,0.0,1
822,35.072,0.0,0.0,0.0,0.0,0.0,0.0,0.0,0.0,0.0,0.0,0.0,0.0,0,0.0,0.0,0.0,1
823,35.1147,0.0,0.0,0.0,0.0,0.0,0.0,0.0,0.0,0.0,0.0,0.0,0.0,0,0.0,0.0,0.0,1
