frame,time,centroid,spread,rolloff,slope,obsir_std,flatness,crest,skewness,kurtosis,tonality,entropy,tpr,n_peaks,flux,irregularity,zcr,gated
0,0.0,5161.06,4952.7272,10265.62,-6.992067783,0.403526,0.374119,21.0774,1.3192,1.5348,0.071165,0.651037,-5.408167,178,0.0,1828.9154,0.068978,0
1,0.0427,5088.91,5031.3758,10429.69,-6.3900688162,0.390943,0.413169,29.6367,1.2792,1.2096,0.063979,0.602709,-6.135162,180,0.189254,1818.8078,0.0597,0
2,0.0853,5008.08,4909.8634,10253.91,-6.6175347896,0.3164,0.398795,29.7277,1.3392,1.5084,0.066542,0.616047,0.735144,201,0.184713,1846.2464,0.065682,0
3,0.128,5057.02,4976.3654,10453.12,-6.2733085231,0.344737,0.426994,35.2024,1.2195,1.0524,0.061596,0.557948,-7.802512,191,0.189318,1907.8758,0.067269,0
4,0.1707,5163.72,4930.7146,10441.41,-6.2216405289,0.330049,0.431199,33.9882,1.2481,1.1622,0.060887,0.584994,0.690431,184,0.185037,1804.508,0.071542,0
5,0.2133,5292.73,5030.1718,10617.19,-7.0280031896,0.287005,0.381945,21.8875,1.2887,1.3718,0.069667,0.662291,-6.523498,199,0.18638,1909.9417,0.075571,0
6,0.256,5065.05,4927.2429,10289.06,-6.519292556,0.382971,0.40179,30.029,1.3192,1.4309,0.066,0.624504,-6.205899,157,0.182609,1929.3287,0.068124,0
7,0.2987,5005.67,4948.8176,10160.16,-6.5292424769,0.399605,0.40019,29.8342,1.356,1.4622,0.066289,0.613073,-4.731328,171,0.185608,1768.0537,0.061043,0
8,0.3413,4925.06,4967.9486,10511.72,-5.741297143,0.416503,0.455226,47.252,1.2224,0.907,0.056962,0.486834,1.67603,185,0.195194,1961.5201,0.054938,0
9,0.384,4810.08,4873.7944,10054.69,-6.1657322841,0.362937,0.43138,42.9694,1.345,1.4203,0.060857,0.55324,0.777002,194,0.189136,1891.4651,0.055915,0
10,0.4267,4996.16,4897.9274,10113.28,-6.5237239639,0.325977,0.412309,32.5397,1.2996,1.3563,0.06413,0.617839,-1.096739,161,0.196464,1894.4889,0.063851,0
11,0.4693,5068.13,4977.7869,10464.84,-6.135532399,0.324278,0.440235,35.9754,1.24,1.0788,0.059386,0.593255,-0.537032,201,0.18452,1857.0727,0.065926,0
12,0.512,4984.6,4932.1042,10359.38,-6.6846848733,0.368919,0.393254,28.9318,1.3121,1.3809,0.067554,0.614896,-5.045606,159,0.196509,1807.1029,0.064827,0
13,0.5547,5091.82,5025.7498,10464.84,-6.634596484,0.286966,0.403938,26.6153,1.2784,1.2597,0.065614,0.610515,-3.649179,190,0.184745,1764.7011,0.062141,0
14,0.5973,4890.72,4956.6768,10417.97,-6.0783767217,0.277122,0.433633,41.5064,1.2899,1.1791,0.06048,0.556289,-5.761602,197,0.191107,1823.1993,0.060432,0
15,0.64,5044.18,4922.5874,10371.09,-6.1075720716,0.319806,0.430988,36.8477,1.2787,1.2254,0.060923,0.590142,-4.089333,191,0.186558,1891.705,0.061775,0
16,0.6827,4973.94,4965.9793,10277.34,-6.4318114052,0.368064,0.409983,29.6669,1.3017,1.2678,0.064539,0.591099,-6.790176,178,0.195303,1912.3759,0.0597,0
17,0.7253,5001.01,4949.2293,10394.53,-6.1730584398,0.286034,0.436099,40.6014,1.2754,1.2249,0.060069,0.556134,-0.306488,186,0.182372,1779.5352,0.063606,0
18,0.768,5261.07,5087.1209,10746.09,-6.5713055555,0.357463,0.419318,27.1058,1.2661,1.1622,0.062909,0.641125,-1.285305,189,0.183726,1699.4465,0.070565,0
19,0.8107,5092.4,4918.8235,10347.66,-6.2877533622,0.348119,0.431652,35.2052,1.2688,1.2685,0.060811,0.60122,-5.923205,178,0.179878,1769.4643,0.066781,0
20,0.8533,4850.31,4857.9085,9820.31,-6.2435845962,0.414848,0.420394,38.9743,1.3298,1.4339,0.062724,0.552642,-6.640569,185,0.185309,1904.6437,0.061165,0
21,0.896,5309.3,5015.2392,10710.94,-6.5499549285,0.356656,0.412352,27.5429,1.2313,1.1399,0.064122,0.63208,-7.363737,175,0.196586,1864.0081,0.075204,0
22,0.9387,5104.07,4977.465,10406.25,-6.771548437,0.268334,0.396092,25.1094,1.3062,1.3465,0.067034,0.6555,-4.491216,212,0.188866,1899.6322,0.078989,0
23,0.9813,5261.98,5029.6789,10488.28,-7.1277499649,0.399343,0.369662,19.3351,1.3311,1.507,0.072032,0.674101,-5.288723,182,0.195307,1857.1521,0.072885,0
24,1.024,4917.8,4958.3709,10359.38,-6.34066104,0.206972,0.42278,33.141,1.2755,1.1779,0.062314,0.549646,-6.173217,195,0.208541,1927.249,0.066414,0
25,1.0667,5016.53,4880.749,10324.22,-6.4345753794,0.347816,0.411902,33.9917,1.3207,1.4034,0.064201,0.607996,-6.810716,210,0.184496,1915.9482,0.063118,0
26,1.1093,5156.03,4912.9853,10324.22,-6.8576292149,0.335774,0.387072,24.5051,1.3085,1.482,0.068701,0.654551,-2.232625,188,0.189612,1979.5959,0.072885,0
27,1.152,5206.88,4978.9351,10500.0,-6.7020666327,0.379255,0.398531,24.8032,1.2532,1.2176,0.06659,0.650469,-5.281212,180,0.178718,1869.5322,0.071786,0
28,1.1947,5025.45,4915.0091,10347.66,-6.445915907,0.347774,0.419905,31.6032,1.2838,1.2611,0.062808,0.633807,-1.819657,183,0.185702,1766.3009,0.063362,0
29,1.2373,5214.28,5017.2852,10464.84,-6.8479009189,0.269214,0.387145,23.095,1.3002,1.3823,0.068688,0.658099,-6.866192,172,0.185238,1857.5313,0.069344,0
30,1.28,4951.63,4894.0337,10277.34,-5.9632446417,0.302924,0.443582,43.0231,1.2633,1.1484,0.058838,0.541104,0.761609,181,0.192554,1945.7453,0.065682,0
31,1.3227,4859.49,4843.8111,10125.0,-6.1330468728,0.366304,0.441684,44.8715,1.2894,1.2272,0.059148,0.53358,-8.801714,180,0.193905,1850.4633,0.052252,0
32,1.3653,4907.92,4924.5065,10113.28,-6.4935652122,0.335695,0.406518,33.2667,1.3468,1.4897,0.065153,0.562858,-4.608717,198,0.186863,1992.2025,0.059089,0
33,1.408,5049.07,5037.8844,10500.0,-7.0530027236,0.433977,0.375187,22.2827,1.3373,1.4514,0.070959,0.645122,-5.07501,182,0.196695,1873.4725,0.067147,0
34,1.4507,5156.9,4985.9671,10253.91,-6.7582921601,0.425347,0.388833,23.5629,1.3141,1.4471,0.068373,0.638198,-5.653482,185,0.180583,1930.631,0.072641,0
35,1.4933,5357.43,5055.4085,10617.19,-6.5299362309,0.473589,0.413722,27.4669,1.229,1.1433,0.063882,0.628013,-1.340662,178,0.185428,1849.2443,0.071054,0
36,1.536,4917.05,4862.6616,10242.19,-6.0049211386,0.349728,0.451055,45.5839,1.2673,1.1749,0.057628,0.528882,1.006089,173,0.188867,1717.9157,0.062141,0
37,1.5787,5376.64,4997.3225,10792.97,-6.6565334522,0.413855,0.403895,25.6028,1.2479,1.2138,0.065622,0.650972,-5.505288,177,0.189806,1875.864,0.069222,0
38,1.6213,5074.7,4983.0482,10277.34,-6.5840140135,0.428847,0.398042,28.031,1.3146,1.389,0.066679,0.633661,-6.180072,179,0.181222,1926.6091,0.068001,0
39,1.664,4979.75,4888.8777,10160.16,-6.2358892008,0.314836,0.427378,36.7437,1.3016,1.3281,0.061531,0.590556,-1.175806,181,0.191412,1968.3598,0.059822,0
40,1.7067,5044.19,4985.5739,10406.25,-6.435452116,0.405476,0.416007,30.6329,1.2807,1.2385,0.063483,0.608562,-6.661898,178,0.196128,1820.4061,0.066903,0
41,1.7493,5010.39,4886.8417,10453.12,-5.9902952555,0.39843,0.446417,41.1307,1.2371,1.1091,0.058377,0.537477,0.725381,183,0.188107,1895.3211,0.063362,0
42,1.792,4732.54,4871.1872,10136.72,-5.6581728,0.391686,0.458467,52.4776,1.2466,1.0094,0.056449,0.45892,-10.216163,179,0.19251,2021.204,0.051886,0
43,1.8347,5080.11,4977.3897,10476.56,-6.5295412866,0.379135,0.415612,29.3344,1.2747,1.1909,0.063552,0.61653,-1.107186,177,0.203262,1781.7288,0.062141,0
44,1.8773,4860.57,4979.472,10265.62,-6.3059920509,0.321418,0.423513,38.4089,1.2997,1.1995,0.062189,0.544715,-8.718975,177,0.191958,1838.891,0.065316,0
45,1.92,4888.41,4870.5199,10312.5,-6.1075819653,0.397492,0.435668,40.813,1.2705,1.1434,0.060141,0.531631,-8.998171,162,0.194105,1905.1844,0.052863,0
46,1.9627,4950.6,4853.7863,10242.19,-6.3056498464,0.400498,0.421053,33.6489,1.3164,1.372,0.062611,0.604148,-5.876188,177,0.187777,1943.9941,0.061653,0
47,2.0053,5084.14,4981.6278,10347.66,-6.7668200177,0.377094,0.394795,25.4816,1.3275,1.4108,0.067271,0.643424,-6.134553,179,0.193265,1847.625,0.069711,0
48,2.048,4857.73,4951.0732,10113.28,-6.1183501651,0.473007,0.426299,40.1756,1.3199,1.3013,0.061714,0.544953,-6.651846,180,0.191711,1937.9062,0.061531,0
49,2.0907,4947.94,4989.9252,10453.12,-6.2475990912,0.438367,0.426571,35.1166,1.2815,1.1887,0.061668,0.557489,-6.633253,166,0.188493,1882.8219,0.055915,0
50,2.1333,5091.81,4975.1342,10488.28,-6.2340787524,0.424523,0.429774,35.3026,1.2276,1.0476,0.061127,0.578259,-6.304975,178,0.183462,1820.1736,0.061775,0
51,2.176,5124.4,4993.3507,10570.31,-6.0612438116,0.302621,0.440596,40.6963,1.2056,0.9496,0.059327,0.579531,0.001823,185,0.184634,1822.7536,0.063118,0
52,2.2187,5178.03,4984.2075,10488.28,-6.4404877091,0.334225,0.408282,29.1246,1.2617,1.1983,0.06484,0.610393,-5.643096,186,0.186164,1927.4825,0.060676,0
53,2.2613,4843.64,4920.6673,9972.66,-6.7423092639,0.395425,0.394221,28.1261,1.3448,1.4537,0.067377,0.598124,-8.152258,185,0.189014,1774.1759,0.067269,0
54,2.304,4871.07,4915.1857,10089.84,-6.7366402791,0.446909,0.390015,28.602,1.3542,1.5082,0.068153,0.594781,-7.37146,177,0.179524,1859.124,0.060066,0
55,2.3467,4931.03,4992.0909,10359.38,-6.2147175664,0.534886,0.422838,34.6611,1.3053,1.2253,0.062304,0.573007,-6.639807,192,0.189179,1826.6156,0.054572,0
56,2.3893,5045.37,4972.0422,10335.94,-5.9290239277,0.450278,0.442524,39.5357,1.2835,1.1796,0.059011,0.565837,-5.255251,184,0.191759,1832.1788,0.061165,0
57,2.432,5129.97,4956.4801,10500.0,-6.1240377797,0.419302,0.439781,38.2502,1.2085,1.0026,0.059461,0.583788,-0.128765,185,0.184815,1942.43,0.068124,0
58,2.4747,5323.13,5048.0424,10734.38,-6.5944686374,0.386637,0.4018,27.1453,1.2275,1.1565,0.065998,0.641355,-1.422608,191,0.190997,1941.4532,0.071176,0
59,2.5173,5068.95,5013.8184,10535.16,-6.6045754818,0.48476,0.397572,28.3372,1.267,1.1894,0.066764,0.610583,-5.291835,186,0.189961,1904.3911,0.065926,0
60,2.56,4986.23,4950.8662,10277.34,-6.1971057719,0.394917,0.423352,36.1093,1.3145,1.3216,0.062216,0.578033,-0.943443,183,0.184262,1937.4323,0.066781,0
61,2.6027,5388.4,5126.0371,10757.81,-7.5469907559,0.406303,0.344559,15.2744,1.3233,1.5234,0.077123,0.685637,-3.553133,191,0.192833,1951.1786,0.07496,0
62,2.6453,5022.19,4949.2175,10394.53,-6.9547593501,0.393228,0.381155,23.7334,1.3348,1.4515,0.069816,0.644977,-1.432913,182,0.19124,1913.85,0.070443,0
63,2.688,5122.76,4955.7715,10464.84,-7.0029683463,0.252117,0.379797,23.5274,1.3025,1.3772,0.070075,0.63989,-6.654487,169,0.199571,1851.8683,0.063484,0
64,2.7307,5115.28,4969.5802,10488.28,-6.1073921243,0.447071,0.43437,35.8512,1.2555,1.1267,0.060357,0.602833,-0.478425,186,0.206335,1886.2166,0.071176,0
65,2.7733,5180.99,4969.7703,10347.66,-6.5958060926,0.393081,0.400109,26.8173,1.2829,1.2988,0.066304,0.646366,-4.531805,184,0.193698,1793.7537,0.069589,0
66,2.816,4811.53,4886.8611,9949.22,-6.2573634852,0.351048,0.424686,40.3331,1.3352,1.3579,0.061989,0.546332,-6.945915,204,0.189503,1845.3383,0.066414,0
67,2.8587,5181.71,4951.0213,10429.69,-7.1672353313,0.353734,0.372619,21.2975,1.3286,1.4953,0.071456,0.675759,-4.873586,146,0.194736,1979.8763,0.071908,0
68,2.9013,5304.16,5106.3332,10769.53,-7.401971886,0.352599,0.351788,16.4225,1.3125,1.4799,0.07562,0.678099,-5.78325,153,0.181698,1902.4646,0.076914,0
69,2.944,5289.66,5114.7312,10652.34,-7.0951533708,0.377413,0.37262,20.3052,1.2727,1.3091,0.071456,0.658765,-6.316093,179,0.176485,1833.0677,0.072641,0
70,2.9867,4987.56,4983.4356,10453.12,-5.924466439,0.313918,0.451624,46.1061,1.2409,1.0609,0.057537,0.495196,-8.894061,177,0.190206,1820.2997,0.06263,0
71,3.0293,5051.78,4989.5433,10417.97,-6.4476292543,0.408509,0.409112,31.0348,1.2749,1.2268,0.064693,0.599953,-6.208464,192,0.186558,1865.7201,0.068246,0
72,3.072,5245.46,5038.1123,10570.31,-7.2864504914,0.362381,0.363652,18.1779,1.2904,1.4029,0.073219,0.669599,-3.880588,167,0.198365,1804.161,0.072885,0
73,3.1147,5226.31,5099.6013,10535.16,-7.4303265913,0.332262,0.354309,17.089,1.339,1.5532,0.075103,0.668404,-2.890101,181,0.176657,1893.21,0.069833,0
74,3.1573,5197.12,5018.9016,10570.31,-6.264751023,0.279931,0.432966,33.8212,1.2355,1.0874,0.060591,0.613281,-1.741892,181,0.179709,1922.9086,0.070443,0
75,3.2,5080.3,4970.7172,10476.56,-6.6055880702,0.418015,0.402549,27.8924,1.2668,1.2064,0.065864,0.616555,0.44078,179,0.195162,1757.5912,0.071176,0
76,3.2427,5131.46,5032.8681,10605.47,-6.2014057726,0.376275,0.429424,34.3254,1.2167,0.9494,0.061186,0.608649,-1.424244,175,0.179339,1809.8043,0.065071,0
77,3.2853,4986.21,4958.4047,10300.78,-6.272505807,0.340504,0.426032,34.0698,1.3068,1.3,0.06176,0.567784,-8.497834,177,0.189435,1763.8322,0.062141,0
78,3.328,5164.37,5040.374,10570.31,-6.7360880108,0.330613,0.404977,26.7522,1.2656,1.1727,0.065428,0.643717,-5.834972,175,0.179956,1859.6799,0.06556,0
79,3.3707,5082.02,4973.3773,10429.69,-6.2261112134,0.384576,0.419892,35.2883,1.2831,1.2245,0.06281,0.595029,-0.107194,178,0.182387,1846.8366,0.066048,0
80,3.4133,5003.73,5003.4586,10242.19,-6.8060795368,0.335902,0.389549,26.5601,1.3343,1.4162,0.06824,0.63675,-3.037997,204,0.192814,1871.5541,0.064827,0
81,3.456,4888.74,4938.9688,10183.59,-6.0465218801,0.348917,0.441514,43.4113,1.2875,1.1617,0.059176,0.536035,0.688239,178,0.185406,1979.7236,0.06031,0
82,3.4987,4898.62,5004.8466,10359.38,-6.300406863,0.441077,0.41733,36.7334,1.3188,1.2647,0.063253,0.574768,-5.435634,204,0.191304,1865.9775,0.060066,0
83,3.5413,5180.39,5084.9444,10511.72,-7.1251850258,0.360597,0.368801,20.9361,1.3165,1.4511,0.072201,0.659676,-4.891962,181,0.182015,1867.5511,0.067025,0
84,3.584,5120.23,5002.9744,10453.12,-6.5166289965,0.44699,0.405521,28.4526,1.2947,1.2636,0.065331,0.621796,-3.090077,199,0.182243,1742.4893,0.069222,0
85,3.6267,5111.28,4950.9795,10429.69,-6.1221486454,0.341144,0.436243,36.4039,1.2777,1.2085,0.060045,0.599444,-0.072592,198,0.180057,1818.3959,0.067879,0
86,3.6693,5002.45,4971.0583,10347.66,-6.4076787582,0.482617,0.40465,28.8168,1.3624,1.474,0.065487,0.614908,-7.588403,184,0.187572,1939.1033,0.067269,0
87,3.712,5188.61,4959.6727,10441.41,-7.0193467886,0.382349,0.3738,21.9689,1.3056,1.4554,0.071227,0.648618,-3.597973,182,0.192578,1809.4199,0.069711,0
88,3.7547,5126.01,4912.7637,10382.81,-6.2801326769,0.416565,0.420854,34.6068,1.2524,1.2071,0.062645,0.588519,-0.774161,197,0.187223,1817.9598,0.06849,0
89,3.7973,5017.65,5002.9742,10394.53,-6.6631314929,0.339931,0.39824,27.408,1.3083,1.3491,0.066643,0.610483,-6.257785,189,0.18749,1831.2129,0.063851,0
90,3.84,5320.0,5035.6166,10593.75,-7.0495749774,0.275404,0.368514,20.7012,1.2771,1.3952,0.072258,0.674484,-5.616156,156,0.190377,1830.0777,0.069222,0
91,3.8827,5168.56,5091.7884,10910.16,-6.675910789,0.42975,0.396795,26.644,1.2658,1.1531,0.066906,0.633047,-4.266372,175,0.18195,1771.9495,0.070443,0
92,3.9253,5320.15,5124.7925,10945.31,-6.7752886758,0.308156,0.390946,21.8835,1.2324,1.136,0.06798,0.633915,-2.572938,157,0.171402,1804.7768,0.067635,0
93,3.968,5241.12,5039.2505,10652.34,-6.8185740359,0.247567,0.393411,22.5241,1.2444,1.1356,0.067526,0.65937,-2.986766,196,0.167646,1850.4401,0.071786,0
94,4.0107,5263.58,5039.8393,10511.72,-7.1318269163,0.339124,0.37026,20.2415,1.3147,1.409,0.071916,0.669265,-4.865745,181,0.182256,1756.6368,0.070443,0
95,4.0533,4952.56,4936.2448,10253.91,-6.2581706171,0.455366,0.418951,34.6414,1.2887,1.2327,0.062973,0.572501,-7.058847,178,0.193151,1735.9185,0.061409,0
96,4.096,5053.25,5004.0986,10382.81,-6.5045864447,0.457327,0.407411,29.3077,1.2807,1.2511,0.064995,0.594162,-9.707366,161,0.177363,1829.6385,0.066659,0
97,4.1387,5251.38,5099.9579,10570.31,-7.1139618099,0.298495,0.370348,20.6256,1.3245,1.4356,0.071898,0.671848,-5.185496,201,0.190271,1833.6016,0.076059,0
98,4.1813,5131.56,4993.481,10500.0,-6.9154863351,0.372133,0.375349,22.4842,1.3363,1.4937,0.070928,0.64967,-4.7638,194,0.185933,1814.2674,0.073129,0
99,4.224,5096.09,5015.808,10476.56,-6.4917015904,0.320519,0.411975,29.5679,1.2702,1.1987,0.064188,0.624012,-2.640045,185,0.190999,1769.5557,0.075204,0
100,4.2667,5274.11,5074.9855,10734.38,-6.8031069114,0.458883,0.388884,22.3276,1.2639,1.2095,0.068363,0.664078,-6.142388,161,0.177533,1858.8603,0.071176,0
101,4.3093,5041.92,5041.625,10511.72,-6.2858893407,0.352133,0.418407,35.7138,1.254,1.126,0.063067,0.56934,-6.386876,180,0.184171,1972.6502,0.05152,0
102,4.352,4922.37,5012.2234,10335.94,-6.3463059504,0.409331,0.415169,32.7866,1.283,1.1927,0.063629,0.540974,-8.527519,181,0.179588,1784.2274,0.054816,0
103,4.3947,5375.0,5078.3067,10722.66,-6.7682262181,0.480681,0.393176,23.7358,1.2789,1.34,0.067569,0.655886,-0.751999,179,0.197965,1858.3435,0.071908,0
104,4.4373,5375.08,5010.6273,10851.56,-6.5564161914,0.268152,0.401521,25.0854,1.2436,1.2206,0.066049,0.655432,-3.056753,196,0.18245,1837.4529,0.073862,0
105,4.48,5039.07,4961.2919,10406.25,-6.819017497,0.377883,0.388791,23.6558,1.2916,1.3346,0.068381,0.624994,-4.311738,207,0.186576,1883.9163,0.07203,0
106,4.5227,5052.69,4999.0228,10441.41,-6.895899803,0.415676,0.375774,23.6259,1.3341,1.4447,0.070846,0.641549,-3.582963,198,0.191272,1923.6228,0.067635,0
107,4.5653,5241.63,5085.5744,10757.81,-7.2553415098,0.293931,0.366074,18.9529,1.2889,1.3249,0.072739,0.677098,-5.976767,177,0.186086,1907.8691,0.070321,0
108,4.608,5089.03,4976.0175,10628.91,-6.6121145139,0.44596,0.399194,26.6217,1.2925,1.2635,0.066469,0.633537,-2.047066,190,0.185885,1796.988,0.073129,0
109,4.6507,5049.69,4923.1952,10359.38,-6.6942395431,0.302688,0.398533,28.6619,1.3149,1.3871,0.066589,0.642142,-5.996357,199,0.185236,1894.3677,0.068246,0
110,4.6933,5348.56,5125.3972,10898.44,-7.2580543721,0.351849,0.359824,17.6595,1.2435,1.2175,0.073985,0.668344,-3.74135,189,0.184949,1958.8443,0.071298,0
111,4.736,5248.94,5096.3009,10875.0,-6.359067676,0.30982,0.415633,28.346,1.2025,0.9458,0.063548,0.61698,-0.963508,181,0.189521,1900.5384,0.071542,0
112,4.7787,5064.53,4938.1463,10476.56,-6.4492428645,0.393752,0.407162,30.0333,1.2822,1.2686,0.065039,0.6212,-4.489544,194,0.18322,1687.4992,0.066781,0
113,4.8213,4914.61,4837.0362,10113.28,-6.1214483871,0.403252,0.420921,35.8366,1.2493,1.1665,0.062633,0.55877,-7.246263,190,0.18587,1863.2289,0.068612,0
114,4.864,5024.35,4964.3315,10441.41,-6.6950391033,0.266146,0.392307,26.4904,1.2832,1.2888,0.067729,0.607919,-3.828326,194,0.190751,1906.2708,0.070077,0
115,4.9067,5257.8,5039.4889,10605.47,-6.9459169281,0.315261,0.377456,22.1091,1.2797,1.3556,0.070522,0.661488,-3.404946,188,0.193456,1891.3038,0.071542,0
116,4.9493,5108.71,4926.834,10382.81,-6.6872948007,0.40907,0.396936,26.4596,1.2842,1.3194,0.06688,0.638456,-6.891582,185,0.185685,1822.4531,0.073373,0
117,4.992,5137.5,4930.7731,10277.34,-6.7279896289,0.386773,0.390404,26.9034,1.2999,1.3878,0.068081,0.647604,-0.557491,196,0.182117,1946.0694,0.07496,0
118,5.0347,5202.25,5077.4825,10640.62,-7.1169043478,0.396142,0.365371,21.077,1.3104,1.3991,0.072878,0.655227,-3.383504,177,0.18907,1853.8099,0.071176,0
119,5.0773,5134.7,5023.3429,10488.28,-6.2336631607,0.450254,0.428229,33.4762,1.259,1.1198,0.061387,0.602225,-6.926541,193,0.187615,1636.4624,0.061043,0
120,5.12,4989.58,4974.8985,10371.09,-6.1456968694,0.339913,0.43287,42.3471,1.273,1.1714,0.060607,0.560336,0.730333,199,0.180776,1983.591,0.059211,0
121,5.1627,5054.13,5017.8805,10464.84,-6.4868544973,0.282841,0.414633,29.1541,1.2885,1.199,0.063723,0.615162,-1.70426,176,0.184989,1748.7648,0.067757,0
122,5.2053,4867.56,4948.8025,10113.28,-6.7402221495,0.276784,0.398548,29.1044,1.3415,1.4079,0.066587,0.625032,-2.586237,167,0.18102,1662.1032,0.068856,0
123,5.248,4999.35,4945.2305,10312.5,-6.8599049304,0.273564,0.386477,25.8859,1.3367,1.4402,0.068813,0.65404,-1.928027,178,0.181655,1911.953,0.066659,0
124,5.2907,4979.3,4854.1878,10031.25,-6.5052371519,0.375526,0.408533,31.4959,1.3417,1.4704,0.064795,0.616453,-5.289406,182,0.184981,1871.2898,0.064217,0
125,5.3333,5001.44,4941.2063,10406.25,-6.0469635442,0.405911,0.436839,38.8115,1.2614,1.1245,0.059946,0.546224,0.569868,182,0.194431,1859.3831,0.062752,0
126,5.376,4942.18,4846.8898,10019.53,-6.6266839057,0.422876,0.398588,28.3992,1.3416,1.505,0.066579,0.617457,-2.253707,188,0.1837,1863.1423,0.069344,0
127,5.4187,5114.14,5072.1545,10488.28,-6.7179937681,0.349082,0.389118,24.7218,1.2854,1.2416,0.06832,0.628498,-1.720261,164,0.19295,1714.0116,0.071176,0
128,5.4613,5036.13,5018.8756,10406.25,-6.7680222463,0.443168,0.380376,24.6438,1.3251,1.4179,0.069964,0.629791,-4.796241,188,0.18465,1900.8741,0.065438,0
129,5.504,5071.01,5023.3095,10464.84,-6.635377237,0.458612,0.389656,24.4945,1.363,1.5344,0.06822,0.631612,-7.41795,168,0.179325,1859.4543,0.060798,0
130,5.5467,5030.79,4989.3258,10511.72,-6.6052544304,0.430924,0.403198,28.3524,1.3091,1.3131,0.065747,0.629512,-5.453192,176,0.180244,1932.1684,0.061043,0
131,5.5893,5224.32,5058.354,10792.97,-5.9959487405,0.363974,0.447769,36.0844,1.2039,0.9346,0.058158,0.573765,-6.081161,160,0.180251,1866.7449,0.064827,0
132,5.632,5032.84,4921.9834,10359.38,-6.4432308979,0.367308,0.418668,31.2626,1.3006,1.3308,0.063022,0.59175,-5.176729,182,0.174994,1772.2576,0.069344,0
133,5.6747,5096.01,5067.1525,10546.88,-6.4902728977,0.412,0.406791,28.5414,1.3115,1.2969,0.065105,0.613975,-4.560665,185,0.181244,1857.3541,0.069589,0
134,5.7173,5191.66,5026.5571,10511.72,-6.1639136939,0.261959,0.433027,35.1329,1.1966,0.9514,0.060581,0.556773,-5.153662,181,0.18604,1804.2454,0.064827,0
135,5.76,4902.97,4896.7775,10066.41,-6.5083273426,0.355607,0.401334,31.9974,1.3247,1.4299,0.066082,0.580774,-5.989506,205,0.184126,2042.9052,0.060554,0
136,5.8027,4905.75,4966.9951,10066.41,-6.8310669977,0.434968,0.382172,26.0339,1.3649,1.5158,0.069624,0.629097,-6.527878,188,0.191423,1931.6041,0.067147,0
137,5.8453,5126.35,5071.2715,10535.16,-6.7628895425,0.303402,0.388283,24.2388,1.306,1.3144,0.068475,0.631707,-2.331579,191,0.182301,1909.33,0.072885,0
138,5.888,5035.3,4861.2687,10242.19,-6.3763932075,0.369692,0.415627,33.7576,1.2953,1.3534,0.063549,0.575572,-6.683582,187,0.190438,1883.447,0.069711,0
139,5.9307,5361.74,5068.3141,10921.88,-6.2606233344,0.417811,0.43303,30.7534,1.1785,0.9319,0.06058,0.61223,-1.521981,175,0.191595,1899.4641,0.065316,0
140,5.9733,4650.17,4879.689,9960.94,-6.4763474683,0.378712,0.402186,34.3499,1.4039,1.5654,0.065929,0.564547,-6.937651,176,0.194061,1920.026,0.060188,0
141,6.016,4921.57,4894.9885,10265.62,-6.407908152,0.368467,0.407369,31.6682,1.3047,1.2932,0.065002,0.577967,-5.057112,179,0.187578,1804.7106,0.060188,0
142,6.0587,4907.85,4943.7142,10394.53,-6.183055176,0.402693,0.42496,36.6487,1.267,1.0866,0.061942,0.547867,-6.868574,181,0.194554,1812.7839,0.061409,0
143,6.1013,5100.07,4906.7135,10312.5,-6.6091937879,0.360713,0.403942,27.5849,1.3534,1.5299,0.065613,0.630531,-5.421382,183,0.194806,1876.9544,0.064705,0
144,6.144,5164.91,5055.532,10500.0,-6.8450099355,0.295291,0.389637,23.3598,1.3212,1.4237,0.068223,0.642109,-5.487053,181,0.182235,1968.1897,0.066781,0
145,6.1867,5078.82,5035.6186,10511.72,-6.6723387577,0.397965,0.394546,28.4012,1.2994,1.2725,0.067317,0.628,-7.852145,176,0.187016,1757.2092,0.066048,0
146,6.2293,5276.28,5044.4708,10640.62,-7.3738124705,0.341411,0.360371,17.6216,1.3431,1.5396,0.073875,0.684489,-2.307462,168,0.180979,1947.7215,0.069955,0
147,6.272,5278.26,5054.5584,10593.75,-7.2465045823,0.3652,0.352493,18.6014,1.3321,1.5326,0.075475,0.673235,-2.158274,176,0.182817,1953.5549,0.075204,0
148,6.3147,5171.92,5026.4553,10453.12,-6.9658911041,0.433347,0.376719,21.3362,1.3059,1.4043,0.070664,0.647384,-4.269578,175,0.190758,1878.1534,0.072397,0
149,6.3573,5039.69,4987.4265,10289.06,-7.0787715967,0.389158,0.373922,21.4974,1.3769,1.6361,0.071203,0.6502,-4.41544,190,0.174875,1849.1385,0.068001,0
150,6.4,4977.59,4935.9534,10277.34,-6.6737262633,0.479167,0.380178,26.1235,1.3511,1.4913,0.070002,0.618644,-4.167849,179,0.19337,1819.2454,0.061897,0
151,6.4427,4792.74,4844.2675,10019.53,-5.7826498286,0.421801,0.444931,50.8882,1.2943,1.2041,0.058618,0.50541,2.716125,210,0.212409,2111.6194,0.05506,0
152,6.4853,4950.24,4900.7252,10218.75,-6.2089486399,0.320114,0.436235,36.2579,1.286,1.2251,0.060047,0.586406,-0.46068,171,0.189351,1811.1242,0.060921,0
153,6.528,5200.84,4976.4919,10464.84,-6.9545441537,0.436745,0.37933,22.7219,1.3452,1.5818,0.070164,0.666488,-3.090494,189,0.201983,1909.1562,0.066048,0
154,6.5707,4914.3,4927.1546,10253.91,-6.3059862357,0.365711,0.416518,36.0322,1.319,1.3361,0.063394,0.570212,-7.810133,185,0.192686,1837.3545,0.068978,0
155,6.6133,5138.08,5018.9465,10500.0,-6.8127885662,0.423207,0.385708,24.88,1.2878,1.3207,0.068957,0.639717,-3.987752,186,0.180765,1986.5236,0.071542,0
156,6.656,5068.91,4948.1907,10429.69,-6.5597806746,0.477052,0.40621,29.6396,1.2792,1.2775,0.065208,0.613114,-2.376841,207,0.180798,1911.9082,0.065682,0
157,6.6987,4917.51,4894.2005,10089.84,-6.6074713786,0.396656,0.408008,30.6264,1.3377,1.4449,0.064889,0.620144,-0.740682,208,0.18074,1880.1104,0.06617,0
158,6.7413,5153.96,5020.6119,10476.56,-6.9224153734,0.286167,0.388129,21.3446,1.2835,1.3073,0.068504,0.660448,-4.866769,203,0.181791,1730.7451,0.073984,0
159,6.784,5102.41,4989.5036,10453.12,-6.5313610789,0.331772,0.407591,29.9692,1.2825,1.2198,0.064963,0.608767,-6.523159,170,0.185795,1965.9796,0.071054,0
160,6.8267,4984.87,4971.397,10441.41,-6.2666703882,0.366047,0.422887,34.6154,1.2452,1.0519,0.062296,0.566245,-6.64765,187,0.197286,1838.3142,0.065194,0
161,6.8693,4918.32,4830.3679,9937.5,-6.0058432849,0.313653,0.447802,43.0658,1.282,1.2547,0.058152,0.552313,-0.313429,187,0.199352,1828.3759,0.058601,0
162,6.912,4905.24,4894.1624,10242.19,-6.3065947999,0.284391,0.41804,35.1948,1.2862,1.2749,0.06313,0.573307,-4.862696,183,0.19075,1771.3301,0.061165,0
163,6.9547,5306.88,5070.4673,10710.94,-6.8424812674,0.269501,0.387222,23.7565,1.2711,1.3008,0.068673,0.647039,-2.091989,197,0.192809,1923.34,0.0691,0
164,6.9973,5087.14,5046.776,10453.12,-6.9381752591,0.328625,0.382487,22.5526,1.3453,1.4786,0.069564,0.654544,-5.592876,180,0.182245,1872.1435,0.068001,0
165,7.04,5037.04,4966.2287,10242.19,-6.5889809545,0.527738,0.399939,27.3225,1.3306,1.4322,0.066334,0.626265,-3.593187,169,0.180445,1920.6576,0.066659,0
166,7.0827,5216.26,5052.9678,10593.75,-6.885215052,0.397555,0.381172,22.2938,1.2612,1.2415,0.069813,0.637,-4.561182,191,0.180809,1855.5694,0.066781,0
167,7.1253,5169.96,5018.684,10617.19,-6.465237548,0.389532,0.410319,29.2119,1.2731,1.224,0.06448,0.606004,-5.553461,185,0.185558,1887.1945,0.066903,0
168,7.168,5119.61,4912.6195,10453.12,-6.153456904,0.324361,0.44127,39.7145,1.2618,1.1861,0.059216,0.567291,0.661505,169,0.184129,1824.033,0.065071,0
169,7.2107,5064.45,4975.496,10511.72,-5.8982335579,0.400221,0.44742,43.9231,1.2257,0.9905,0.058214,0.525468,1.037216,188,0.17541,1867.4869,0.061653,0
170,7.2533,5278.76,5089.3376,10910.16,-6.2988262101,0.328571,0.420667,29.627,1.1854,0.9236,0.062677,0.597964,-6.210693,160,0.177189,1870.4471,0.065071,0
171,7.296,5304.44,5093.7141,10898.44,-6.8229756043,0.405049,0.396981,23.38,1.2386,1.1732,0.066872,0.662451,-5.057498,169,0.180336,1829.3983,0.077646,0
172,7.3387,5519.79,5201.3927,11191.41,-7.2839438968,0.26557,0.369063,18.5056,1.2243,1.1504,0.07215,0.680194,-5.878179,166,0.165967,1952.8902,0.078989,0
173,7.3813,5163.07,5072.2159,10687.5,-6.5632490492,0.401658,0.402971,25.93,1.2734,1.1434,0.065788,0.642244,-0.965798,196,0.183584,1751.9312,0.070077,0
174,7.424,5104.13,5099.5364,10675.78,-6.5684769046,0.365405,0.403496,27.843,1.2578,1.0909,0.065693,0.614325,-7.533833,168,0.178194,1706.695,0.064949,0
175,7.4667,5174.15,5004.5078,10640.62,-6.3509473966,0.454778,0.418285,28.9279,1.2693,1.1896,0.063088,0.621998,-7.523467,167,0.192177,1830.2211,0.066659,0
176,7.5093,5146.91,5029.1166,10429.69,-6.5240758653,0.324781,0.41031,27.8059,1.2748,1.2278,0.064481,0.626836,-6.814523,170,0.188046,1902.6592,0.07203,0
177,7.552,5418.35,5116.9758,10957.03,-6.6111177378,0.331539,0.408552,25.1023,1.211,1.0826,0.064792,0.639174,-7.53036,161,0.182562,1851.9837,0.073129,0
178,7.5947,5112.38,5022.742,10453.12,-6.5052620067,0.366732,0.404913,28.5114,1.2806,1.2678,0.06544,0.590749,-5.75095,185,0.182614,1791.3345,0.066659,0
179,7.6373,5131.04,4997.8433,10476.56,-6.427691819,0.321678,0.418115,30.9273,1.2565,1.1547,0.063117,0.628869,-2.934252,192,0.183868,1853.0429,0.063118,0
180,7.68,4914.28,4988.0566,10488.28,-5.933533377,0.47721,0.442569,42.0269,1.262,1.0949,0.059003,0.498902,-8.71781,169,0.200706,1776.4266,0.05506,0
181,7.7227,4733.55,4789.987,10042.97,-5.5672438309,0.541594,0.471994,57.5372,1.2615,1.0798,0.054344,0.438908,4.164084,180,0.187875,1885.2971,0.05384,0
182,7.7653,5083.33,5042.6626,10535.16,-6.4755202938,0.33972,0.410497,29.3034,1.2642,1.1599,0.064448,0.597106,-7.930634,166,0.19762,1876.4434,0.062141,0
183,7.808,5135.19,4957.5944,10464.84,-6.1453811658,0.287,0.437626,38.6121,1.2232,1.0494,0.059816,0.586761,-7.546244,171,0.181859,1882.2396,0.060676,0
184,7.8507,4836.57,4902.8941,10371.09,-6.0698511041,0.400547,0.435777,42.6022,1.2715,1.109,0.060123,0.531587,-9.202081,182,0.188007,1987.6297,0.062874,0
185,7.8933,4950.92,4982.4758,10417.97,-6.7558233049,0.366997,0.392866,26.7703,1.3174,1.3604,0.067626,0.60177,-6.328411,175,0.187999,1814.2769,0.06556,0
186,7.936,5100.13,4987.2549,10476.56,-6.9551036736,0.335623,0.377424,23.541,1.2954,1.3901,0.070528,0.63662,-5.015765,186,0.185281,1800.8473,0.065682,0
187,7.9787,5124.48,5098.7279,10582.03,-6.7901982228,0.332186,0.382212,23.3494,1.3054,1.3132,0.069616,0.641691,-4.908305,187,0.188244,1892.833,0.067269,0
188,8.0213,5232.88,5078.932,10593.75,-6.7426265158,0.39765,0.400295,24.8872,1.2942,1.2641,0.06627,0.651055,-2.087573,177,0.190201,1813.4873,0.069344,0
189,8.064,5022.48,4969.9866,10570.31,-5.8310660836,0.363185,0.450033,46.4567,1.2146,0.9567,0.057793,0.504095,1.51193,191,0.187028,1900.2531,0.065071,0
190,8.1067,5113.5,4996.1175,10476.56,-6.2972039223,0.301312,0.414575,33.3729,1.2524,1.1555,0.063733,0.612813,-4.821108,194,0.205106,1944.5726,0.065194,0
191,8.1493,5180.12,4981.6798,10500.0,-6.7172315994,0.358518,0.392125,25.1267,1.3048,1.3646,0.067763,0.642484,-4.581431,178,0.190996,1912.0433,0.067757,0
192,8.192,5138.03,4955.3735,10464.84,-6.2284994003,0.303689,0.425095,35.3806,1.2435,1.1319,0.061919,0.59108,0.166953,202,0.198717,1936.6716,0.072397,0
193,8.2347,5330.38,5054.6406,10699.22,-6.9580344749,0.305781,0.385485,21.6283,1.2647,1.2403,0.068999,0.672055,-7.986019,150,0.197694,1865.9822,0.075082,0
194,8.2773,5284.79,5108.5833,10710.94,-7.3907302656,0.311301,0.355115,17.4619,1.3247,1.4589,0.074939,0.677778,-3.297355,160,0.170172,1923.4762,0.068978,0
195,8.32,5135.69,5028.231,10464.84,-6.8489432405,0.460828,0.376767,23.4059,1.3113,1.3812,0.070654,0.631793,-5.420652,163,0.181852,1856.9277,0.064583,0
196,8.3627,5185.08,5007.2852,10500.0,-6.8335337817,0.40299,0.386388,23.4731,1.2854,1.311,0.068829,0.646742,-0.325805,202,0.194259,1790.78,0.063728,0
197,8.4053,5085.77,5014.8205,10476.56,-6.5932257838,0.497255,0.399924,26.133,1.2943,1.2844,0.066337,0.607809,-3.750649,174,0.186221,1795.3455,0.066903,0
198,8.448,5049.99,4949.2007,10242.19,-6.8058688046,0.498034,0.387588,25.5782,1.3372,1.486,0.068605,0.630308,-3.712777,170,0.178634,1971.5879,0.067025,0
199,8.4907,4914.27,4976.9977,10406.25,-6.4689672138,0.368435,0.404095,30.5682,1.2978,1.278,0.065586,0.571166,-8.138532,176,0.185215,1777.3712,0.0691,0
200,8.5333,4915.48,4856.1359,10171.88,-6.2034686517,0.337629,0.42548,39.1605,1.2966,1.2931,0.061853,0.553826,-5.981744,189,0.193903,1866.1533,0.070687,0
201,8.576,5248.53,4992.785,10640.62,-6.5419314764,0.280217,0.408506,27.0275,1.2764,1.2849,0.0648,0.647469,-1.814401,160,0.184059,1837.1492,0.071908,0
202,8.6187,5157.48,5043.4151,10546.88,-7.557179219,0.279434,0.343997,17.1764,1.3408,1.5056,0.077241,0.683254,-2.24358,167,0.183994,1940.3431,0.070321,0
203,8.6613,4960.53,4978.822,10417.97,-6.6767446946,0.440719,0.386337,26.7368,1.3578,1.4341,0.068839,0.628521,-2.206816,177,0.186952,1863.8477,0.063484,0
204,8.704,4995.56,5003.3811,10652.34,-5.9532786183,0.516374,0.447801,42.7024,1.2252,0.9121,0.058152,0.530811,-6.760868,167,0.18632,1729.5619,0.058113,0
205,8.7467,5162.26,5124.2665,10757.81,-6.3661153643,0.34079,0.417684,31.5859,1.2406,1.04,0.063192,0.579702,-7.150965,199,0.19033,1851.8725,0.054938,0
206,8.7893,5027.58,5060.0033,10500.0,-6.7120045387,0.310199,0.400035,27.6894,1.3059,1.2768,0.066317,0.628266,-5.068602,186,0.17481,1852.4012,0.063118,0
207,8.832,5371.36,5059.5879,10757.81,-6.4352681477,0.274884,0.418569,28.4477,1.2065,1.0409,0.063039,0.631517,-0.984142,186,0.185224,1866.6725,0.067513,0
208,8.8747,5130.26,4969.1844,10453.12,-5.9801903559,0.379519,0.444716,40.1062,1.2375,1.0926,0.058653,0.568547,0.627243,184,0.184326,1807.764,0.067269,0
209,8.9173,5187.75,5185.0324,10722.66,-7.1240538943,0.412179,0.360868,20.0966,1.3248,1.409,0.073775,0.63826,-3.595804,185,0.202472,1863.7152,0.066414,0
210,8.96,4998.83,4909.0128,10242.19,-6.1944613318,0.356034,0.424124,36.9725,1.2811,1.2563,0.062084,0.555803,-8.467804,167,0.193803,1894.9982,0.061775,0
211,9.0027,4926.12,4960.7662,10207.03,-5.9920705502,0.320756,0.437255,42.1869,1.2694,1.17,0.059878,0.49198,-9.33028,170,0.176583,1948.4873,0.055305,0
212,9.0453,5120.97,4995.2704,10359.38,-6.7682244667,0.243684,0.39487,26.2609,1.2944,1.3747,0.067258,0.642926,-5.440755,182,0.19038,1838.4752,0.062141,0
213,9.088,5054.58,4942.482,10312.5,-6.380029571,0.305768,0.407486,30.3755,1.3187,1.3704,0.064981,0.622146,-0.89937,182,0.190931,1979.254,0.069466,0
214,9.1307,4982.93,4977.5403,10464.84,-6.505958742,0.250509,0.418902,31.1682,1.272,1.1443,0.062981,0.600118,-1.328597,194,0.187751,1846.2302,0.065316,0
215,9.1733,5116.75,4989.8221,10476.56,-6.5081309696,0.273355,0.408476,30.3718,1.2588,1.2085,0.064806,0.606224,-5.988475,197,0.188125,1912.0149,0.074716,0
216,9.216,5262.89,4998.906,10605.47,-6.4350044737,0.330007,0.408667,29.9521,1.2594,1.2337,0.064772,0.628505,-0.921148,194,0.183659,1898.3872,0.079844,0
217,9.2587,5133.06,5027.338,10511.72,-6.9745031803,0.348897,0.379037,22.5017,1.3046,1.4012,0.07022,0.64734,-7.119105,192,0.188135,1847.3517,0.074838,0
218,9.3013,5013.65,4970.5872,10417.97,-6.6188581082,0.423179,0.387246,26.657,1.3236,1.3705,0.068669,0.609938,-4.656948,177,0.182035,1915.8306,0.064339,0
219,9.344,4916.67,4940.7556,10289.06,-5.9845505553,0.352751,0.438649,41.4579,1.2868,1.1901,0.059647,0.512683,-6.33117,180,0.192951,1912.4234,0.058479,0
220,9.3867,4936.67,4941.0285,10394.53,-5.9926051613,0.259029,0.452263,40.2635,1.243,1.0521,0.057435,0.523513,-6.472827,174,0.182494,1841.0166,0.058845,0
221,9.4293,4937.86,5016.4318,10453.12,-6.2763132266,0.396014,0.417693,34.0967,1.2954,1.1989,0.06319,0.554969,-7.071325,171,0.188326,1798.1909,0.055793,0
222,9.472,5220.49,5018.2371,10851.56,-5.9364924584,0.408208,0.455958,40.5859,1.1688,0.8536,0.056846,0.558088,-8.857744,154,0.177716,1811.7178,0.059822,0
223,9.5147,5165.23,5004.1007,10558.59,-6.5463532053,0.381977,0.400353,27.4448,1.2652,1.1695,0.066259,0.633339,-6.025832,177,0.186856,1883.9577,0.065804,0
224,9.5573,5176.28,4921.5924,10476.56,-6.3590467953,0.280659,0.426165,33.2075,1.2823,1.2668,0.061737,0.624539,-1.86489,179,0.179773,1843.1162,0.070443,0
225,9.6,5200.22,5007.4223,10476.56,-6.3203565938,0.454409,0.417986,31.4641,1.2716,1.2415,0.06314,0.623305,-2.433349,166,0.180722,1930.1627,0.074228,0
226,9.6427,5202.64,5119.5699,10687.5,-7.2090118376,0.391198,0.368408,19.4514,1.3197,1.3836,0.072278,0.676415,-4.285971,186,0.185419,1987.3561,0.075693,0
227,9.6853,5394.97,5058.5383,10816.41,-6.8281374092,0.296488,0.391083,23.7393,1.2481,1.275,0.067955,0.666735,-2.381534,180,0.184,1835.8832,0.077036,0
228,9.728,5036.97,4905.3029,10136.72,-6.9898535942,0.42168,0.379052,22.8158,1.3828,1.6416,0.070217,0.666985,-6.55278,188,0.187251,1849.0184,0.072397,0
229,9.7707,5094.38,4969.8374,10453.12,-6.4688817241,0.37578,0.400901,27.5212,1.3263,1.3467,0.066161,0.636641,-0.228147,196,0.182804,1877.4726,0.064827,0
230,9.8133,4798.78,4829.9306,10066.41,-6.1951964242,0.410294,0.420388,38.9598,1.3025,1.2625,0.062725,0.553299,-4.963935,185,0.194753,1941.0203,0.06031,0
231,9.856,4970.25,4873.2147,10230.47,-6.1990016914,0.365653,0.42482,37.5236,1.3016,1.3033,0.061966,0.591523,-0.501421,180,0.1958,1904.4487,0.067391,0
232,9.8987,5261.15,5037.4646,10582.03,-6.4563829024,0.377262,0.409243,28.0076,1.2695,1.2294,0.06467,0.628306,-5.834113,169,0.194497,1839.3941,0.070565,0
233,9.9413,5109.34,4985.2432,10476.56,-6.8591279487,0.435622,0.388189,24.3647,1.3209,1.4059,0.068493,0.640373,-5.595476,174,0.173566,1790.5826,0.07203,0
234,9.984,5395.34,5092.6119,10957.03,-7.5173338112,0.330375,0.344996,15.5331,1.2909,1.4392,0.077031,0.696186,-2.794109,193,0.17905,1877.7266,0.077768,0
235,10.0267,5366.6,5053.5616,10910.16,-7.1433521378,0.49495,0.367425,18.7737,1.2645,1.2709,0.072472,0.680188,-4.238637,180,0.184452,1988.316,0.075327,0
236,10.0693,5105.05,5044.6754,10523.44,-6.671937781,0.41656,0.398555,27.4311,1.2648,1.1746,0.066585,0.627949,-1.303188,171,0.183211,1925.1258,0.080088,0
237,10.112,5207.94,4982.0966,10464.84,-6.4980639242,0.30206,0.409708,29.4202,1.2825,1.2881,0.064588,0.625599,-1.04589,190,0.197855,1863.1827,0.076181,0
238,10.1547,5265.01,5070.7224,10664.06,-6.5082264995,0.33937,0.417667,29.3978,1.283,1.2618,0.063195,0.634531,-1.567583,177,0.187527,1866.0084,0.066659,0
239,10.1973,5171.45,4941.346,10617.19,-5.6984778715,0.372798,0.464735,46.1941,1.2067,0.9483,0.055466,0.519543,2.144858,184,0.182267,1858.3684,0.06031,0
240,10.24,4994.43,4925.7322,10441.41,-5.7660681945,0.269671,0.460314,50.1835,1.2161,0.9596,0.056158,0.488574,1.663217,189,0.182187,2012.9933,0.05738,0
241,10.2827,4897.78,4927.6193,10171.88,-6.4089635897,0.248044,0.416626,36.675,1.319,1.351,0.063376,0.569681,-9.236669,166,0.192275,1804.8032,0.061775,0
242,10.3253,4859.2,4892.1523,10078.12,-6.5761371631,0.356609,0.403304,32.78,1.3322,1.4229,0.065728,0.590866,-8.344734,177,0.179108,1786.2243,0.061409,0
243,10.368,5048.95,4877.6624,10253.91,-5.8923709422,0.301156,0.454231,44.1871,1.2494,1.1514,0.057121,0.514974,-7.018237,178,0.195093,1912.2247,0.051032,0
244,10.4107,4685.22,4833.8615,9773.44,-6.0246640538,0.41365,0.44064,46.2787,1.3306,1.3398,0.059319,0.503905,-13.434262,166,0.186207,1848.7283,0.045294,0
245,10.4533,4783.19,4892.4008,9937.5,-6.2894479245,0.458375,0.419561,38.5831,1.3648,1.4724,0.062868,0.570465,0.757306,185,0.194184,1826.372,0.059578,0
246,10.496,5291.95,5027.4427,10570.31,-6.9374856667,0.322862,0.382349,22.2388,1.2915,1.3952,0.06959,0.664554,-4.616897,190,0.194017,1969.5763,0.071176,0
247,10.5387,5164.94,4976.3278,10394.53,-6.9747552647,0.478604,0.378609,22.3807,1.3342,1.5506,0.070302,0.651802,-3.281985,177,0.181992,1798.3527,0.071786,0
248,10.5813,5246.76,5011.5442,10628.91,-6.4126764133,0.424697,0.41676,30.121,1.2425,1.0938,0.063352,0.647645,-1.582766,164,0.182398,1843.5699,0.069466,0
249,10.624,4991.69,4915.9084,10242.19,-6.4502437072,0.334384,0.414944,33.1199,1.3301,1.3956,0.063668,0.619678,0.852446,193,0.185022,1728.1168,0.067635,0
250,10.6667,4944.06,4958.1225,10335.94,-6.797613954,0.448406,0.386084,26.6621,1.3611,1.5147,0.068886,0.627911,-1.927039,180,0.18348,1844.2214,0.066536,0
251,10.7093,5063.49,4963.6703,10464.84,-6.3914043213,0.404556,0.414104,34.6262,1.3128,1.3576,0.063815,0.614125,-1.463333,207,0.19458,1761.3291,0.063484,0
252,10.752,5102.73,5025.0379,10500.0,-6.6434544029,0.33481,0.402167,28.104,1.3076,1.3298,0.065932,0.619521,-4.761377,161,0.192164,1880.0083,0.06556,0
253,10.7947,5193.72,5112.0788,10570.31,-6.7910068225,0.300908,0.380937,22.0518,1.3044,1.329,0.069858,0.644029,-3.15936,179,0.178378,1912.6364,0.071054,0
254,10.8373,4978.93,4958.6017,10382.81,-6.2578549118,0.382015,0.423667,35.0055,1.2634,1.1327,0.062163,0.564419,-7.276358,182,0.192652,1931.6042,0.068368,0
255,10.88,5133.65,4946.2181,10488.28,-6.4101265967,0.375567,0.422481,31.5053,1.2445,1.1778,0.062365,0.602634,-7.280539,172,0.171853,1837.0454,0.068734,0
256,10.9227,5172.02,4978.3017,10476.56,-6.6340549755,0.450938,0.403176,27.8885,1.3005,1.3609,0.065751,0.637235,-5.408705,172,0.183565,1798.025,0.073984,0
257,10.9653,5256.68,5077.9273,10511.72,-7.0139089105,0.332831,0.377241,20.6967,1.2972,1.3578,0.070564,0.665222,-5.677072,188,0.179046,1922.8667,0.069833,0
258,11.008,5158.63,4958.5849,10546.88,-6.121619649,0.304678,0.435838,35.9927,1.236,1.1113,0.060113,0.54981,-7.573656,195,0.180376,1955.6403,0.070809,0
259,11.0507,5133.93,5014.1491,10441.41,-6.9631430422,0.346719,0.383721,22.7657,1.3056,1.4065,0.069331,0.66027,-5.652169,185,0.195448,1869.6884,0.067757,0
260,11.0933,4905.11,4913.2314,10101.56,-6.151508131,0.416136,0.422879,39.7703,1.3107,1.31,0.062297,0.567489,-3.373129,195,0.190811,1860.3546,0.063851,0
261,11.136,4996.97,4922.6282,10265.62,-6.2776553402,0.363143,0.419038,32.4973,1.2717,1.2037,0.062958,0.574034,-5.797983,183,0.190644,1832.0608,0.061653,0
262,11.1787,5006.56,4923.871,10441.41,-5.9520695665,0.31069,0.440311,40.7309,1.2287,1.0321,0.059373,0.539148,-6.558504,186,0.191593,1984.0023,0.058601,0
263,11.2213,5210.05,5136.3469,10921.88,-6.4479940967,0.244997,0.418865,29.1532,1.2397,1.0456,0.062988,0.615043,-6.347069,147,0.183901,1738.9644,0.068856,0
264,11.264,5326.62,5024.427,10640.62,-6.6793008586,0.345217,0.39393,24.8047,1.2601,1.2546,0.06743,0.652663,-5.498867,175,0.176377,1849.3251,0.076059,0
265,11.3067,5352.54,5083.0451,10933.59,-6.8672290379,0.476406,0.389634,23.4939,1.2646,1.2786,0.068224,0.653475,-7.013679,166,0.177754,1830.8013,0.074106,0
266,11.3493,5260.51,5013.658,10652.34,-5.8912211411,0.455076,0.450358,39.5452,1.2175,1.0393,0.05774,0.551907,1.002206,174,0.180337,1842.1784,0.072519,0
267,11.392,5341.66,4981.2259,10570.31,-6.5678269105,0.367074,0.408423,26.7605,1.2798,1.3297,0.064815,0.670388,-5.337909,186,0.19213,1874.7484,0.07667,0
268,11.4347,5162.56,5031.9567,10476.56,-6.5917727221,0.335439,0.404707,25.9577,1.2906,1.3141,0.065477,0.635629,-6.252356,180,0.181796,1801.6109,0.073007,0
269,11.4773,5221.21,5050.2786,10746.09,-6.8022247685,0.371565,0.389287,23.5989,1.2718,1.3014,0.068288,0.63688,-1.470532,187,0.184647,1950.8344,0.07203,0
270,11.52,4997.33,4903.3578,10125.0,-6.3610074316,0.319107,0.422876,35.5123,1.2842,1.2671,0.062298,0.576962,-3.877911,198,0.191997,1972.8454,0.073495,0
271,11.5627,5374.81,5045.6646,10582.03,-6.7701773087,0.512082,0.388038,22.3054,1.2601,1.3049,0.068521,0.655467,-3.881801,191,0.197533,1845.0953,0.065682,0
272,11.6053,4802.19,4884.7054,10031.25,-6.1934865355,0.315692,0.424662,39.6779,1.324,1.3767,0.061993,0.518452,-11.161014,188,0.198491,1875.0583,0.056648,0
273,11.648,5159.99,4994.0598,10546.88,-6.3183140211,0.35346,0.425522,31.6506,1.2464,1.1446,0.061846,0.582393,-7.319414,190,0.186765,1879.8748,0.059578,0
274,11.6907,5046.86,4953.4085,10277.34,-6.7301036272,0.468319,0.395217,25.3436,1.3256,1.4072,0.067194,0.641883,-3.703279,188,0.181096,1810.7794,0.06324,0
275,11.7333,4897.9,4902.3386,10183.59,-6.0506696819,0.462004,0.437473,42.177,1.284,1.2185,0.059842,0.529037,-6.438221,180,0.188139,1809.3619,0.0597,0
276,11.776,5271.84,5035.9133,10664.06,-6.6640940241,0.367701,0.400331,24.6439,1.2857,1.3034,0.066263,0.642841,-4.795304,165,0.193661,1851.2131,0.071176,0
277,11.8187,5080.79,4992.2552,10382.81,-6.3972490434,0.399268,0.41313,30.1178,1.2937,1.2724,0.063986,0.603346,-1.398922,180,0.181819,1736.5244,0.067025,0
278,11.8613,4927.02,4948.5064,10324.22,-5.8197741784,0.433174,0.461655,49.4856,1.2446,1.0201,0.055947,0.514275,1.612753,180,0.186389,1879.52,0.052741,0
279,11.904,5116.31,4947.0872,10476.56,-6.7382262955,0.374303,0.402575,27.1413,1.2865,1.3077,0.065859,0.638516,-2.706708,177,0.18149,1866.6776,0.065071,0
280,11.9467,4856.73,4924.0893,10265.62,-6.4454485711,0.447887,0.406466,31.5626,1.3265,1.3716,0.065163,0.576733,-5.57067,194,0.189193,1923.1633,0.068124,0
281,11.9893,4736.01,4857.9991,10019.53,-5.9100395174,0.346404,0.445603,46.1839,1.2837,1.1919,0.058509,0.499401,0.019499,190,0.195081,1969.3165,0.061775,0
282,12.032,5063.67,5025.7439,10394.53,-6.3568377033,0.356649,0.414638,31.621,1.2952,1.2842,0.063722,0.593628,-5.243953,193,0.190452,1722.5936,0.064461,0
283,12.0747,5088.07,4958.3228,10453.12,-6.3386606652,0.340348,0.423955,36.473,1.2935,1.2993,0.062113,0.59279,0.508219,188,0.198471,1919.8847,0.059578,0
284,12.1173,4894.46,4943.9262,10277.34,-6.1688111604,0.41332,0.421771,40.0769,1.2796,1.1931,0.062487,0.553856,0.819845,195,0.183903,1982.1655,0.064095,0
285,12.16,5283.74,5065.3869,10593.75,-6.9202901085,0.289658,0.385479,23.5085,1.2667,1.294,0.069,0.651987,-6.413954,190,0.205996,1821.9786,0.074594,0
286,12.2027,5069.54,4988.384,10453.12,-6.4328216069,0.292494,0.421771,32.9711,1.2595,1.1675,0.062487,0.600042,-4.718097,188,0.19217,1753.713,0.068612,0
287,12.2453,5199.73,5101.652,10628.91,-7.0162183072,0.333774,0.3757,22.46,1.3315,1.429,0.07086,0.666658,-2.239943,177,0.185527,1859.0986,0.06617,0
288,12.288,5086.52,4975.1783,10417.97,-6.4610519942,0.362087,0.416887,31.0189,1.3483,1.4654,0.06333,0.632037,-1.768331,197,0.184454,1858.4577,0.068368,0
289,12.3307,5222.49,5041.7152,10535.16,-6.7542337765,0.277472,0.389677,24.1108,1.2993,1.361,0.068216,0.654147,-1.10204,199,0.188194,1920.7798,0.075449,0
290,12.3733,5489.22,5115.6636,11015.62,-7.1381608471,0.346634,0.36811,18.327,1.2405,1.2621,0.072337,0.67459,-4.73033,186,0.183623,1874.9314,0.08021,0
291,12.416,5349.7,5086.6733,10792.97,-6.9659548967,0.311975,0.382882,21.4186,1.3005,1.4123,0.069489,0.685159,-3.965683,165,0.18607,1892.584,0.075937,0
292,12.4587,5227.68,5104.2615,10605.47,-7.4104480962,0.382447,0.350966,16.9695,1.3443,1.5428,0.075789,0.671062,-2.705129,197,0.189844,2066.3176,0.072152,0
293,12.5013,5324.05,5048.9674,10628.91,-6.8718099624,0.256594,0.387929,22.9867,1.2571,1.2457,0.068541,0.656535,-4.224883,177,0.179981,1870.9949,0.068124,0
294,12.544,5029.44,5013.4827,10300.78,-6.4080605016,0.33282,0.412813,31.5823,1.2877,1.2596,0.064041,0.590874,-2.092246,185,0.188768,1825.3725,0.069589,0
295,12.5867,5139.46,5008.3513,10441.41,-7.1212888302,0.327961,0.374579,21.9909,1.3178,1.4558,0.071076,0.666855,-4.968626,190,0.18707,1840.3695,0.067879,0
296,12.6293,5005.99,4888.6956,10312.5,-5.8975784256,0.31894,0.448795,45.8977,1.2776,1.1347,0.057992,0.548154,0.684751,202,0.18594,1829.7463,0.062996,0
297,12.672,5144.52,4998.0356,10546.88,-5.9275380016,0.291365,0.457987,40.1902,1.221,0.9936,0.056524,0.575182,0.019232,175,0.170748,1922.7568,0.066659,0
298,12.7147,5276.38,5006.0416,10546.88,-6.525659629,0.250468,0.410077,28.9859,1.2479,1.244,0.064522,0.62468,-5.486307,189,0.187541,1872.1218,0.064095,0
299,12.7573,5042.84,4885.7808,10277.34,-5.963801207,0.308842,0.448477,41.0467,1.2369,1.0899,0.058043,0.56844,-7.293013,172,0.176439,1808.405,0.061531,0
300,12.8,4954.97,5065.7569,10476.56,-6.5036451501,0.337252,0.404339,30.2277,1.3224,1.2621,0.065542,0.610296,-0.937875,179,0.190686,1883.2782,0.067635,0
301,12.8427,5319.96,5077.4945,10816.41,-6.6766242865,0.363342,0.394161,23.6471,1.2038,1.0312,0.067388,0.627307,-4.804049,188,0.191241,1947.1889,0.068734,0
302,12.8853,4980.95,4961.0407,10277.34,-6.6191428443,0.480476,0.39317,27.4469,1.3369,1.4509,0.06757,0.6237,-6.51023,167,0.18335,1828.4934,0.06556,0
303,12.928,5250.01,5050.6106,10628.91,-7.4743535919,0.292366,0.347787,17.3076,1.313,1.4956,0.076448,0.680524,-6.686808,183,0.179902,1942.3776,0.064827,0
304,12.9707,5105.54,5012.3563,10570.31,-6.1592989745,0.406763,0.431992,33.9054,1.2206,0.9764,0.060754,0.570508,-5.29073,167,0.190114,1804.6097,0.065682,0
305,13.0133,4974.43,4904.5718,10265.62,-6.3868797761,0.488296,0.413836,34.8237,1.3153,1.3498,0.063862,0.589956,-6.72681,197,0.187308,1873.148,0.063728,0
306,13.056,5192.2,5120.0853,10652.34,-7.0477178804,0.258966,0.374643,22.0211,1.2968,1.3513,0.071064,0.631633,-6.407512,182,0.186991,1935.4217,0.063484,0
307,13.0987,5166.26,4991.5706,10382.81,-6.5514336036,0.401272,0.403523,28.4086,1.2742,1.2883,0.065689,0.626114,-0.466338,167,0.18775,1934.8545,0.066781,0
308,13.1413,5223.39,4939.2577,10511.72,-6.1456468804,0.369226,0.43319,36.5689,1.2461,1.1664,0.060554,0.604251,-0.889053,188,0.184807,1842.9402,0.067513,0
309,13.184,5145.38,5004.1167,10500.0,-6.2970419278,0.394505,0.422437,32.4836,1.2457,1.1346,0.062373,0.598656,-5.092971,194,0.175172,1839.1253,0.066781,0
310,13.2267,5258.14,5058.6267,10523.44,-6.7066084295,0.37893,0.397219,24.8087,1.2717,1.2417,0.066828,0.639775,-3.323551,202,0.179493,1846.0211,0.070443,0
311,13.2693,5005.38,4961.6191,10488.28,-6.235802684,0.356711,0.428655,37.9729,1.2841,1.2173,0.061315,0.557601,-0.162273,169,0.182656,1850.4306,0.066292,0
312,13.312,5201.01,5132.0966,10898.44,-6.957266646,0.31241,0.381912,21.9308,1.2597,1.1852,0.069673,0.627587,-5.725488,174,0.179037,1845.7892,0.061897,0
313,13.3547,5031.23,4932.1458,10359.38,-6.3606322501,0.343526,0.415448,35.0866,1.2711,1.2485,0.063581,0.57294,-0.973803,180,0.187474,1808.9585,0.064827,0
314,13.3973,4949.3,4952.9031,10324.22,-6.3769373959,0.427858,0.410954,32.901,1.2841,1.2715,0.064368,0.555239,-7.975706,192,0.192793,1783.2754,0.059578,0
315,13.44,5044.85,4927.2778,10371.09,-6.4616690499,0.323672,0.409367,30.2188,1.2595,1.2462,0.064648,0.590397,-6.773628,183,0.18497,1918.93,0.066048,0
316,13.4827,5273.58,5035.1974,10628.91,-7.0044647117,0.467217,0.375823,20.3138,1.2979,1.3526,0.070836,0.666567,-3.799546,191,0.185307,1970.7053,0.075327,0
317,13.5253,4961.49,4953.2416,10312.5,-6.5602288678,0.350601,0.408209,29.5289,1.3371,1.3786,0.064853,0.620468,-6.439496,188,0.195477,1895.7437,0.068612,0
318,13.568,5044.96,4928.4427,10277.34,-6.9441689961,0.331314,0.38422,24.5286,1.341,1.5259,0.069237,0.656154,-4.99206,168,0.181506,1786.0806,0.069833,0
319,13.6107,5198.35,5029.5376,10453.12,-7.205898186,0.243941,0.365362,19.7315,1.2914,1.4122,0.072879,0.669447,-5.496687,180,0.184537,1984.107,0.07203,0
320,13.6533,4915.59,4974.8016,10312.5,-6.3939041819,0.438641,0.419879,32.496,1.3266,1.3233,0.062813,0.597851,-1.101469,164,0.188263,1793.1448,0.058601,0
321,13.696,5000.4,5017.4976,10441.41,-6.465039656,0.322704,0.411262,31.2844,1.2899,1.2108,0.064314,0.582172,-6.345295,185,0.196053,1822.1377,0.060798,0
322,13.7387,5238.0,5089.2262,10570.31,-7.0805445108,0.302574,0.378523,20.6483,1.2905,1.3463,0.070318,0.665587,-6.129388,191,0.173792,1846.5486,0.069344,0
323,13.7813,5070.74,5026.9241,10488.28,-6.4016785298,0.258505,0.415985,32.4378,1.2911,1.238,0.063487,0.611001,-1.603575,195,0.188397,1773.4416,0.06556,0
324,13.824,5436.46,5071.4055,10792.97,-6.7980129895,0.301069,0.397434,23.0882,1.2228,1.1595,0.066789,0.669378,-4.763584,171,0.174372,1782.5857,0.07203,0
325,13.8667,5235.18,5032.3518,10500.0,-6.7284472239,0.338922,0.402023,26.4506,1.2781,1.3215,0.065958,0.649196,-7.193844,175,0.178891,1878.2465,0.074106,0
326,13.9093,5130.51,5060.7565,10371.09,-6.4436611441,0.343884,0.416794,29.2972,1.3087,1.3373,0.063346,0.614866,-9.705061,180,0.179336,1830.1667,0.074106,0
327,13.952,5346.9,5135.4042,10886.72,-7.3725335547,0.329077,0.356554,18.1814,1.2774,1.3006,0.074646,0.675014,-7.516317,175,0.183972,1898.7286,0.075327,0
328,13.9947,4992.78,5019.2743,10429.69,-6.4052772845,0.35403,0.411639,31.9261,1.2827,1.202,0.064247,0.592337,-5.167116,191,0.186777,1849.3794,0.069955,0
329,14.0373,5221.9,4998.848,10464.84,-6.5265620844,0.4005,0.404467,28.8208,1.2393,1.1814,0.065519,0.625419,-1.311992,170,0.190526,1858.0165,0.067391,0
330,14.08,4960.51,4987.9247,10312.5,-6.9546654281,0.346214,0.380423,24.3034,1.3197,1.3906,0.069956,0.63839,-4.312418,184,0.183332,1751.348,0.068856,0
331,14.1227,5197.6,5051.5523,10769.53,-6.8208936578,0.375758,0.38124,24.3712,1.3117,1.3674,0.0698,0.647144,-0.026592,183,0.194989,1949.822,0.072885,0
332,14.1653,5072.84,5021.5234,10535.16,-6.5392270878,0.284759,0.394147,29.4698,1.282,1.239,0.06739,0.590871,-4.258021,192,0.194499,1934.0308,0.071298,0
333,14.208,5085.99,5004.6737,10464.84,-6.6475669327,0.367981,0.402991,27.5728,1.2845,1.2642,0.065784,0.616463,-7.139116,172,0.188925,1783.4674,0.070809,0
334,14.2507,5334.99,5046.6067,10593.75,-7.037245407,0.259449,0.371955,19.5113,1.2972,1.4156,0.071585,0.669432,-2.947591,195,0.187875,2010.5599,0.072397,0
335,14.2933,4959.99,4932.8912,10207.03,-6.5944305558,0.231727,0.416781,31.2735,1.3297,1.3898,0.063349,0.61557,-0.650219,192,0.181236,1709.2296,0.068734,0
336,14.336,5106.97,4951.2159,10453.12,-6.103644926,0.333206,0.430477,34.8861,1.236,1.0807,0.061008,0.581765,-5.090878,187,0.180301,1785.484,0.059944,0
337,14.3787,5065.3,4938.1792,10464.84,-5.9087710945,0.391597,0.444049,42.9696,1.1808,0.9178,0.058761,0.50508,-9.557616,175,0.199224,1908.428,0.0597,0
338,14.4213,4947.37,4990.0075,10476.56,-6.0700877948,0.357571,0.429168,39.4219,1.2455,1.0287,0.061229,0.542766,-5.110046,191,0.189197,1782.0409,0.062019,0
339,14.464,4999.12,5034.5624,10476.56,-6.6313668784,0.369556,0.396526,28.0553,1.302,1.2595,0.066955,0.602099,-1.921969,178,0.186443,1867.0236,0.060188,0
340,14.5067,4955.69,4989.4022,10371.09,-6.367168311,0.308755,0.413125,30.5325,1.2965,1.213,0.063986,0.592847,-5.350066,206,0.18634,1886.9176,0.067635,0
341,14.5493,4934.83,4981.4988,10148.44,-7.0154298064,0.461988,0.368737,22.6521,1.4035,1.6756,0.072214,0.633294,-4.048768,179,0.1998,1862.5957,0.068368,0
342,14.592,5097.13,4962.4897,10265.62,-6.3608598275,0.316721,0.418663,34.1129,1.3323,1.4333,0.063023,0.600377,-0.101148,178,0.198545,1802.5313,0.062019,0
343,14.6347,4848.49,4860.427,10136.72,-5.8573362898,0.289893,0.455053,49.3815,1.2487,1.0807,0.05699,0.497,0.756232,187,0.19536,2007.6564,0.053473,0
344,14.6773,5166.85,4928.4595,10464.84,-6.073734521,0.270434,0.442362,38.7555,1.204,1.0524,0.059037,0.559618,-7.869326,193,0.184247,1894.9197,0.059211,0
345,14.72,5197.43,4997.3749,10535.16,-5.9911275088,0.340163,0.441718,37.6777,1.1871,0.95,0.059143,0.569837,0.785116,170,0.182404,1810.6507,0.063362,0
346,14.7627,5088.86,4895.3332,10382.81,-5.7059644747,0.445994,0.465724,51.8844,1.2377,1.1052,0.055312,0.494279,1.789507,188,0.190817,2019.7681,0.060798,0
347,14.8053,5009.48,4904.6847,10160.16,-5.882886261,0.29912,0.452452,45.5065,1.2623,1.1649,0.057405,0.541325,1.361555,179,0.188089,1988.5714,0.068856,0
348,14.848,5411.64,5016.5444,10675.78,-6.5396331437,0.298597,0.413468,28.9683,1.2566,1.2765,0.063926,0.6459,-0.484676,176,0.184963,1936.2139,0.075204,0
349,14.8907,4998.07,4966.9271,10265.62,-6.4641938029,0.336677,0.409138,33.1787,1.3325,1.4121,0.064688,0.566006,-6.223972,204,0.174872,1898.8273,0.069833,0
350,14.9333,5055.16,4983.2362,10253.91,-6.5865933086,0.372267,0.401596,29.7475,1.3063,1.3747,0.066035,0.62767,-6.190152,194,0.18901,1952.0521,0.060921,0
351,14.976,5037.44,4924.5063,10371.09,-6.5952326589,0.593104,0.395209,27.8033,1.3094,1.4016,0.067196,0.605755,0.662472,197,0.195714,1991.4585,0.062263,0
352,15.0187,5169.81,4958.0285,10476.56,-5.7496906037,0.303792,0.46486,47.403,1.2022,0.9849,0.055446,0.529707,0.755167,169,0.188855,1935.0883,0.060066,0
353,15.0613,4952.57,4968.347,10371.09,-6.3715848054,0.440952,0.418102,33.8498,1.3061,1.2594,0.06312,0.584543,-6.895762,183,0.181133,1834.4363,0.065438,0
354,15.104,5210.69,5048.1227,10488.28,-7.1987164464,0.431019,0.359916,18.7719,1.3512,1.588,0.073966,0.666772,-3.499358,174,0.196902,1966.9697,0.074716,0
355,15.1467,5084.1,4980.7891,10441.41,-6.7309749228,0.415627,0.394611,25.6384,1.3122,1.3504,0.067305,0.650032,-2.080317,198,0.188668,1843.087,0.068246,0
356,15.1893,5242.54,5004.2592,10535.16,-6.3385894511,0.374458,0.429779,32.5841,1.247,1.1351,0.061126,0.623777,-1.172883,192,0.179857,1856.9204,0.064705,0
357,15.232,5066.9,4871.4771,10031.25,-6.6804963336,0.345037,0.40114,28.7755,1.3347,1.5511,0.066117,0.634898,-0.368195,205,0.180553,1946.2418,0.069466,0
358,15.2747,5244.71,5037.6879,10488.28,-6.5634243251,0.434437,0.412103,25.9869,1.2701,1.22,0.064166,0.640739,-5.592476,202,0.184057,1751.2184,0.070687,0
359,15.3173,5224.96,5042.8742,10546.88,-6.5077278633,0.420483,0.408037,27.2478,1.2609,1.1756,0.064883,0.63483,-5.611506,175,0.187499,1859.2498,0.071908,0
360,15.36,4784.45,4852.3893,10160.16,-6.1009441536,0.429237,0.436812,47.8002,1.3152,1.3286,0.059951,0.518787,2.041708,172,0.184542,2034.1696,0.064827,0
361,15.4027,4966.6,4870.5798,10265.62,-6.0946760737,0.412523,0.441007,40.5129,1.3068,1.3286,0.059259,0.567847,-0.516597,168,0.175774,1914.4652,0.0597,0
362,15.4453,5050.49,4938.4429,10347.66,-6.8121720696,0.348422,0.390236,26.6475,1.3465,1.5387,0.068112,0.633886,-7.737902,184,0.19279,1901.141,0.069833,0
363,15.488,5341.44,5073.8974,10921.88,-6.6456055154,0.326653,0.400292,24.7238,1.2467,1.1536,0.06627,0.648915,-4.00946,199,0.181665,1905.743,0.073617,0
364,15.5307,4963.21,4869.9046,10125.0,-6.258027207,0.404151,0.422698,35.5918,1.3203,1.3652,0.062328,0.590351,1.168646,199,0.185837,1822.4564,0.065438,0
365,15.5733,4969.5,5005.5573,10394.53,-6.460278305,0.310901,0.411482,31.334,1.3195,1.3153,0.064275,0.605307,-7.148303,182,0.191182,1836.8162,0.059455,0
366,15.616,5155.75,4996.6573,10488.28,-6.0250080551,0.281738,0.445925,41.8587,1.2714,1.1513,0.058456,0.578609,-5.251833,205,0.193733,1985.0978,0.059089,0
367,15.6587,4734.86,4896.1019,10347.66,-5.6442774231,0.300212,0.468078,55.317,1.2873,1.0681,0.054947,0.459473,2.284249,202,0.196133,2051.8126,0.05677,0
368,15.7013,5073.42,5046.4261,10628.91,-6.4689535435,0.291796,0.406854,28.7663,1.2843,1.1852,0.065093,0.600728,-5.308752,184,0.193578,1825.8438,0.057746,0
369,15.744,5030.59,4959.8633,10453.12,-6.670060445,0.284104,0.406728,29.7963,1.2838,1.2689,0.065116,0.603712,-5.195072,183,0.179395,1833.906,0.060066,0
370,15.7867,4989.05,4943.5353,10335.94,-6.1739112136,0.441464,0.429746,38.1094,1.251,1.1304,0.061131,0.550329,-5.363843,190,0.176287,1917.439,0.059944,0
371,15.8293,5065.55,4899.0253,10324.22,-5.7278650393,0.234104,0.467289,50.5494,1.1858,0.9265,0.055069,0.494711,2.699765,203,0.181333,1906.578,0.05445,0
372,15.872,4959.35,4997.7684,10453.12,-5.963909244,0.321748,0.434731,40.6566,1.207,0.9491,0.060297,0.505781,-5.258728,209,0.184927,2002.092,0.0492,0
373,15.9147,5039.24,5037.3569,10488.28,-6.3321596369,0.318548,0.416229,32.6712,1.2391,1.0411,0.063445,0.614527,-3.644412,200,0.198063,1918.4666,0.060798,0
374,15.9573,5387.34,5106.176,10734.38,-6.4835695467,0.312825,0.411932,26.4662,1.2223,1.0918,0.064196,0.639287,-4.713943,179,0.190344,1842.337,0.071298,0
375,16.0,5224.76,5001.7993,10488.28,-6.7872485623,0.347094,0.396803,24.3304,1.2798,1.3234,0.066904,0.650235,-2.803344,170,0.182476,1788.5164,0.065926,0
376,16.0427,5224.3,5020.0054,10769.53,-6.0350970963,0.323393,0.440713,37.0551,1.1815,0.887,0.059307,0.573604,-6.824398,182,0.184061,1856.4941,0.069344,0
377,16.0853,5228.9,5005.749,10535.16,-6.745037976,0.383708,0.39552,24.4829,1.2754,1.331,0.067139,0.630283,-7.308694,171,0.180109,1930.0,0.070932,0
378,16.128,5059.03,4955.7151,10429.69,-6.317665097,0.503087,0.420802,31.9516,1.3034,1.3035,0.062654,0.599743,-1.327467,152,0.184028,1777.7024,0.068124,0
379,16.1707,5255.46,5062.2181,10781.25,-6.6471971259,0.309642,0.398702,25.3019,1.246,1.1704,0.066559,0.635683,-1.980313,224,0.186816,1843.8923,0.072763,0
380,16.2133,5173.91,4995.5553,10488.28,-6.6762214587,0.365037,0.399533,27.4397,1.3001,1.407,0.066408,0.652471,-5.007833,200,0.177144,1811.7149,0.073862,0
381,16.256,5211.07,5063.897,10687.5,-7.2689206668,0.421117,0.36178,18.1198,1.3069,1.422,0.073593,0.673591,-3.473808,180,0.177102,1846.6792,0.072885,0
382,16.2987,5123.4,4886.8931,10406.25,-6.6574648799,0.398971,0.402983,28.0506,1.3016,1.4024,0.065786,0.648479,-2.362596,172,0.192422,1830.9649,0.068856,0
383,16.3413,5095.03,4966.4995,10500.0,-6.5752428447,0.428845,0.40696,28.1239,1.2479,1.1363,0.065075,0.633916,-8.046588,180,0.1856,1844.6745,0.064217,0
384,16.384,5170.33,5026.8704,10628.91,-6.2283413289,0.416858,0.427231,33.8904,1.1988,0.9635,0.061556,0.569376,-6.487825,172,0.187602,1778.5346,0.064827,0
385,16.4267,5153.62,5077.2905,10593.75,-6.3905958041,0.395301,0.41672,29.2419,1.2649,1.1334,0.063359,0.612535,-6.415702,184,0.182117,1801.0095,0.067269,0
386,16.4693,5206.41,5063.2067,10535.16,-6.9260026621,0.329875,0.388673,22.5124,1.2953,1.3388,0.068403,0.652402,-7.005085,197,0.191806,1835.4932,0.064827,0
387,16.512,5168.54,4975.9581,10476.56,-6.3749397769,0.33709,0.417303,31.3947,1.2742,1.2382,0.063258,0.605644,-7.6254,199,0.18704,1902.2764,0.066414,0
388,16.5547,5084.44,4958.3148,10511.72,-6.382043173,0.414008,0.409459,30.9549,1.2648,1.2266,0.064632,0.587138,-6.708147,192,0.193969,1852.0155,0.0691,0
389,16.5973,5177.57,5070.0725,10535.16,-7.3284729497,0.440464,0.352605,18.5264,1.3376,1.5185,0.075452,0.664509,-6.569896,179,0.188932,1957.5806,0.069589,0
390,16.64,5314.33,5060.1346,10523.44,-7.5018313278,0.355592,0.347911,16.0998,1.3347,1.5918,0.076422,0.688149,-5.016022,176,0.185303,1964.1068,0.070565,0
391,16.6827,4962.39,4955.9765,10242.19,-6.5044834557,0.352099,0.409978,32.7304,1.3095,1.3398,0.06454,0.599774,-2.095232,207,0.198961,1839.5305,0.06849,0
392,16.7253,5108.32,4883.7457,10347.66,-6.3280899461,0.259957,0.422794,34.7837,1.2773,1.2725,0.062312,0.610994,-1.0943,207,0.187247,1913.764,0.068368,0
393,16.768,5131.66,5020.3638,10628.91,-6.1602549094,0.486764,0.428503,35.1923,1.2436,1.0531,0.061341,0.600711,-1.047455,174,0.182889,1898.0371,0.064583,0
394,16.8107,4908.18,4932.0833,10382.81,-5.9199558127,0.344906,0.455153,44.3675,1.2393,0.9671,0.056974,0.529689,1.107707,182,0.173613,1760.4307,0.058113,0
395,16.8533,4931.76,4960.4689,10359.38,-6.2369722084,0.342974,0.425623,34.0397,1.295,1.2212,0.061829,0.566393,-8.038988,186,0.174199,1843.3533,0.060066,0
396,16.896,4917.8,4959.0013,10300.78,-6.0844159794,0.367621,0.437268,38.9979,1.299,1.1945,0.059875,0.56493,-10.450124,169,0.188729,1842.8337,0.064461,0
397,16.9387,5036.65,5042.0141,10500.0,-6.6808666995,0.434292,0.392389,26.0971,1.3042,1.3059,0.067714,0.627325,-3.840901,186,0.190507,1806.1324,0.064461,0
398,16.9813,4984.85,4930.0447,10265.62,-6.2919850275,0.367506,0.416574,35.9759,1.263,1.2126,0.063385,0.555278,-6.969966,165,0.189575,1865.7415,0.057258,0
399,17.024,4933.16,4914.1776,10007.81,-6.3593599197,0.2891,0.42049,34.0516,1.3262,1.4224,0.062707,0.580577,-6.553248,185,0.175824,1850.6489,0.059333,0
400,17.0667,5094.27,4949.7731,10535.16,-5.9345978471,0.355453,0.443569,41.8578,1.2496,1.1012,0.05884,0.539728,1.134065,195,0.191989,1934.8261,0.065804,0
401,17.1093,5245.87,5068.9521,10640.62,-7.0986651465,0.309576,0.373766,21.4729,1.295,1.4139,0.071233,0.659506,-6.116706,208,0.177656,1941.7671,0.071786,0
402,17.152,5139.96,5020.4127,10476.56,-6.5014505094,0.373774,0.413455,28.46,1.2671,1.2239,0.063929,0.63439,-6.106384,183,0.171517,1868.5157,0.078257,0
403,17.1947,5474.77,5089.5676,11050.78,-6.5089114424,0.346192,0.412852,24.623,1.1743,0.947,0.064034,0.660878,-7.84708,151,0.182945,1826.6793,0.075571,0
404,17.2373,5090.78,5037.0871,10511.72,-6.3635322869,0.410684,0.421593,31.8628,1.2802,1.2108,0.062518,0.601231,-6.694509,182,0.189534,1874.3588,0.067269,0
405,17.28,5043.67,5005.002,10476.56,-6.4831399564,0.413995,0.409626,29.5602,1.2817,1.1773,0.064602,0.607353,-5.148523,184,0.179668,1734.7076,0.063728,0
406,17.3227,5245.94,5052.7387,10546.88,-6.9153051729,0.445416,0.38349,22.5244,1.331,1.4643,0.069374,0.648284,-2.524256,177,0.196509,1871.7798,0.068001,0
407,17.3653,5123.57,4995.8329,10347.66,-7.1418112875,0.482165,0.36693,19.7889,1.3493,1.593,0.072569,0.653993,-4.710115,173,0.179562,1817.3692,0.069589,0
408,17.408,5110.44,5016.1398,10511.72,-6.6667641003,0.308068,0.39023,26.1188,1.2711,1.2664,0.068113,0.613328,-3.414678,190,0.180868,1894.6189,0.067391,0
409,17.4507,4994.34,4939.4857,10183.59,-7.1009008543,0.364481,0.365861,21.5821,1.3801,1.6576,0.072781,0.646573,-5.808382,193,0.185687,1833.6669,0.067635,0
410,17.4933,5198.09,5034.2002,10441.41,-6.607830319,0.284256,0.407734,27.6203,1.3072,1.3905,0.064937,0.632098,-5.064508,186,0.195889,1865.1694,0.071298,0
411,17.536,5154.59,5060.2056,10582.03,-7.0019849066,0.29448,0.378776,22.2488,1.3158,1.3942,0.07027,0.665266,-4.412414,183,0.180298,1874.0179,0.070443,0
412,17.5787,5157.02,5021.1403,10664.06,-6.5095155993,0.362858,0.404578,29.1056,1.2437,1.0824,0.0655,0.626724,-5.140309,171,0.187938,1945.2624,0.067513,0
413,17.6213,5101.29,4943.5069,10382.81,-6.9007406086,0.461875,0.385436,21.7995,1.343,1.5143,0.069008,0.638567,-0.349611,186,0.187574,1759.5386,0.062874,0
414,17.664,4784.19,4904.5083,10019.53,-6.3942357623,0.380633,0.415512,34.3326,1.3287,1.3359,0.063569,0.579596,-0.420002,188,0.206653,1783.5482,0.059211,0
415,17.7067,4903.32,4956.7068,10300.78,-6.6758841634,0.453511,0.390853,28.0457,1.363,1.473,0.067998,0.617223,-3.145827,185,0.201724,1823.5134,0.058845,0
416,17.7493,4624.13,4843.733,9867.19,-5.9711710085,0.341953,0.437328,45.7314,1.3331,1.2969,0.059865,0.482839,-12.952523,180,0.203399,1954.2147,0.061653,0
417,17.792,5187.69,5055.7971,10464.84,-7.6185514949,0.390229,0.33735,15.8383,1.3395,1.5878,0.078653,0.672047,-7.550497,156,0.199008,1859.6065,0.065316,0
418,17.8347,5085.97,4975.7398,10558.59,-6.0651343018,0.46298,0.439934,38.7673,1.2459,1.0823,0.059435,0.559828,0.288398,180,0.199321,1847.6808,0.06617,0
419,17.8773,5135.05,5004.8365,10546.88,-6.3459403186,0.315303,0.421581,31.8048,1.2539,1.1541,0.06252,0.596149,-5.840927,159,0.186316,2037.0058,0.062263,0
420,17.92,5076.78,4895.0408,10230.47,-6.254493285,0.290243,0.430322,34.7992,1.2962,1.3152,0.061034,0.603115,0.16306,189,0.188981,1798.237,0.066414,0
421,17.9627,5076.28,5005.3556,10546.88,-6.4974613405,0.342262,0.423256,29.7379,1.2877,1.1961,0.062233,0.61989,-6.732899,175,0.181985,1787.9192,0.069955,0
422,18.0053,4883.56,4960.8027,10289.06,-6.5963651963,0.447734,0.393717,30.2128,1.3475,1.4294,0.067469,0.601516,-8.548076,197,0.176227,1789.0137,0.061531,0
423,18.048,5002.09,5003.838,10476.56,-6.5898350769,0.346866,0.405772,27.6774,1.3193,1.3097,0.065286,0.633063,-2.087795,180,0.187997,1850.4848,0.063118,0
424,18.0907,5035.33,4968.3079,10511.72,-6.2130318904,0.492516,0.425955,34.1243,1.2752,1.1411,0.061773,0.583499,1.426763,173,0.179791,1775.7604,0.063362,0
425,18.1333,5036.73,4979.2007,10464.84,-6.1113275923,0.31804,0.437014,41.3333,1.2527,1.1258,0.059917,0.567917,0.206318,191,0.191272,1890.3914,0.061165,0
426,18.176,5360.35,5087.3495,11039.06,-6.4369813909,0.366526,0.418607,29.6484,1.1757,0.9512,0.063032,0.631717,-2.610767,184,0.18267,1928.0314,0.06849,0
427,18.2187,5234.4,5033.2284,10628.91,-6.4386729952,0.526619,0.41243,29.1598,1.2667,1.2203,0.064108,0.622756,-1.480937,174,0.185033,1819.6998,0.071786,0
428,18.2613,5103.01,4981.7562,10523.44,-6.7634516437,0.5257,0.387534,25.2196,1.2918,1.2909,0.068615,0.629308,-4.744014,181,0.190576,1812.496,0.070932,0
429,18.304,5013.82,4976.5534,10394.53,-6.6934374355,0.435089,0.392655,27.7194,1.3099,1.3274,0.067665,0.620975,-6.373792,168,0.193972,1781.2038,0.061165,0
430,18.3467,5082.07,4923.2829,10300.78,-5.9454267001,0.316464,0.447544,41.5482,1.2767,1.2351,0.058194,0.522972,1.056409,195,0.194287,2019.7392,0.0597,0
431,18.3893,5101.75,4989.5974,10570.31,-6.204503763,0.363204,0.426445,34.4788,1.2654,1.1201,0.061689,0.591464,-0.22421,184,0.178484,1892.9166,0.064461,0
432,18.432,5279.26,5068.8605,10640.62,-6.8592816069,0.435266,0.385982,23.0036,1.2787,1.3164,0.068905,0.64229,-3.049355,188,0.180283,1843.7583,0.067025,0
433,18.4747,5106.65,5032.8381,10500.0,-6.6301944275,0.42038,0.406551,28.4982,1.245,1.1347,0.065147,0.59752,-5.59633,195,0.181834,1883.5943,0.065926,0
434,18.5173,5038.69,4977.8023,10511.72,-6.1238384319,0.290936,0.433875,36.4291,1.2247,1.0058,0.060439,0.583446,-9.048838,172,0.192993,1826.2586,0.056037,0
435,18.56,4829.35,4939.8533,10242.19,-5.9687940351,0.35788,0.438879,45.8902,1.2936,1.1757,0.059609,0.526403,1.279537,190,0.202973,1952.1118,0.056281,0
436,18.6027,4946.77,4912.7984,10242.19,-6.3898399254,0.378201,0.418072,34.4208,1.3196,1.3577,0.063125,0.583438,0.923426,196,0.176354,1932.5885,0.066536,0
437,18.6453,5120.76,5034.9171,10500.0,-6.6916866461,0.400609,0.404495,27.1441,1.2963,1.2737,0.065514,0.63184,-5.185391,182,0.173171,1771.2801,0.066048,0
438,18.688,4860.73,4949.9874,10371.09,-5.7345416919,0.278477,0.455484,49.4577,1.2406,1.0024,0.056921,0.498451,3.153022,205,0.181429,1959.7134,0.057502,0
439,18.7307,5029.19,4929.2963,10265.62,-6.3441272457,0.307278,0.421769,34.2984,1.2773,1.2762,0.062488,0.580617,-6.146312,202,0.195748,1872.0951,0.056281,0
440,18.7733,5056.09,4937.9841,10160.16,-6.6035338556,0.419324,0.399581,28.4417,1.3526,1.5438,0.066399,0.610481,-4.348508,184,0.192065,1856.6651,0.058113,0
441,18.816,5037.72,5011.3862,10453.12,-6.3481498544,0.378357,0.414815,31.7515,1.3103,1.2905,0.063691,0.602879,-8.144694,196,0.182279,1894.274,0.063606,0
442,18.8587,5217.4,5024.2532,10570.31,-6.1764490827,0.330259,0.432443,35.6107,1.2482,1.1316,0.060679,0.598555,-0.18835,182,0.188664,1911.5192,0.064949,0
443,18.9013,5095.35,4977.7473,10476.56,-6.8609286257,0.383661,0.388069,26.6965,1.2901,1.3473,0.068515,0.634035,-8.942957,158,0.181165,1878.5744,0.065682,0
444,18.944,5077.6,5006.3772,10429.69,-6.230611101,0.293461,0.432446,34.9773,1.2716,1.1939,0.060678,0.582462,-6.564482,182,0.187269,1962.8975,0.065316,0
445,18.9867,5086.89,4958.3395,10417.97,-6.4544911861,0.485225,0.406113,29.8285,1.2936,1.3132,0.065226,0.597087,-6.16787,190,0.17966,1895.4582,0.065804,0
446,19.0293,5269.54,4999.9898,10464.84,-7.059437948,0.313464,0.373535,21.5358,1.3037,1.4838,0.071278,0.666132,-3.621771,200,0.184621,1930.043,0.07435,0
447,19.072,4970.09,4945.2537,10277.34,-6.8147804805,0.446691,0.381377,26.0937,1.365,1.5674,0.069774,0.624067,-8.331373,195,0.185236,1909.4998,0.068734,0
448,19.1147,5205.63,5098.3187,10746.09,-7.301430682,0.415642,0.365117,19.0421,1.297,1.3542,0.072928,0.665617,-6.092053,177,0.182589,1846.1129,0.071664,0
449,19.1573,5139.64,5059.7694,10816.41,-6.8350015768,0.441357,0.385837,25.3008,1.2862,1.2838,0.068933,0.632355,-5.991426,176,0.177449,1892.7586,0.073739,0
450,19.2,5080.51,5015.4638,10406.25,-6.8848884269,0.402206,0.378587,23.4616,1.3492,1.471,0.070306,0.649198,-5.042187,197,0.177378,1783.1677,0.067025,0
451,19.2427,5169.45,5001.8287,10582.03,-6.505817774,0.499781,0.408806,29.9698,1.2742,1.2074,0.064747,0.637487,-7.037335,157,0.172023,1904.0419,0.07142,0
452,19.2853,5037.07,4899.3019,10265.62,-6.1656804579,0.418367,0.433831,39.0151,1.2743,1.2565,0.060447,0.570751,-0.348914,182,0.184031,1885.6566,0.07142,0
453,19.328,5007.43,5009.571,10476.56,-6.4949574965,0.404325,0.405953,29.7406,1.2711,1.1886,0.065254,0.61024,-7.864042,181,0.200415,1807.0976,0.063362,0
454,19.3707,5117.49,5021.1161,10546.88,-6.2346420839,0.406073,0.426565,32.9817,1.2289,1.0268,0.061669,0.61387,-8.231538,190,0.187504,1854.7208,0.065438,0
455,19.4133,5174.9,5053.4794,10605.47,-6.6085123415,0.507788,0.39649,25.1122,1.2806,1.199,0.066961,0.633785,-9.286643,184,0.183945,1880.6951,0.07728,0
456,19.456,5201.65,4987.6839,10464.84,-7.0947500582,0.380665,0.364412,19.836,1.3541,1.5997,0.073068,0.656602,-2.628537,201,0.181903,2008.9438,0.073129,0
457,19.4987,5312.48,5051.913,10722.66,-6.9088878421,0.264377,0.379629,21.8714,1.2921,1.3849,0.070107,0.654849,-1.69462,194,0.180289,1877.8481,0.069711,0
458,19.5413,5000.37,4900.1723,10089.84,-6.4017108228,0.353217,0.421646,35.1161,1.3057,1.3459,0.062509,0.595813,-8.131071,168,0.183784,1884.7992,0.067391,0
459,19.584,4979.22,4878.3898,10125.0,-6.0692066781,0.434244,0.429101,37.2999,1.2676,1.2121,0.06124,0.546942,-8.267432,194,0.191633,1971.5843,0.059211,0
460,19.6267,5067.32,4901.8316,10453.12,-5.8943413174,0.341775,0.440381,41.5246,1.2578,1.1213,0.059362,0.556621,1.368998,181,0.210991,1941.9133,0.06031,0
461,19.6693,5096.49,5051.1291,10628.91,-6.1878825973,0.377243,0.434383,34.7452,1.2381,1.0373,0.060354,0.566985,-8.323145,168,0.203607,1709.7717,0.067025,0
462,19.712,5108.29,4963.5739,10476.56,-6.5239333738,0.406105,0.410555,29.428,1.234,1.1048,0.064438,0.614521,-5.991124,188,0.182731,1851.4385,0.065071,0
463,19.7547,5081.38,4843.3522,10253.91,-5.991947755,0.361644,0.452173,40.5716,1.2617,1.2117,0.057449,0.567849,-0.463076,166,0.189067,1927.2624,0.064949,0
464,19.7973,5107.07,4897.8486,10394.53,-6.3018591105,0.360133,0.430321,33.7264,1.2713,1.2335,0.061035,0.620455,-1.423376,193,0.187527,1843.2618,0.071298,0
465,19.84,5318.78,5078.3505,10910.16,-6.6924513842,0.503445,0.390883,24.4024,1.2555,1.1938,0.067992,0.657328,-2.589968,189,0.184259,1847.9543,0.076792,0
466,19.8827,5286.43,5056.2482,10628.91,-6.949082969,0.330668,0.379644,21.3286,1.3091,1.3796,0.070104,0.6671,-3.021116,191,0.188039,1943.3874,0.080576,0
467,19.9253,5341.89,5038.8794,10640.62,-6.7348663788,0.397531,0.398755,25.2153,1.284,1.3289,0.066549,0.657526,-1.646881,176,0.176567,1880.8498,0.081431,0
468,19.968,5296.37,5066.8123,10675.78,-6.7405157253,0.36624,0.393906,23.5007,1.2888,1.2988,0.067435,0.661151,-6.342962,167,0.189786,1875.3617,0.078623,0
469,20.0107,4872.97,4879.8427,10101.56,-6.7652809403,0.445757,0.38204,26.0914,1.3537,1.5303,0.069648,0.597226,-7.317437,181,0.190843,1908.1567,0.070321,0
470,20.0533,5287.86,5125.371,10710.94,-6.6186996772,0.295508,0.40696,26.1926,1.2423,1.148,0.065075,0.639577,-7.170146,191,0.189203,1840.5961,0.074228,0
471,20.096,5397.06,5070.7694,10593.75,-7.5561705512,0.35389,0.336985,15.9111,1.3479,1.6768,0.078732,0.698373,-4.484632,175,0.185572,1999.1623,0.080576,0
472,20.1387,5101.35,4994.7292,10476.56,-6.8579939804,0.313252,0.371568,22.4348,1.3339,1.4887,0.07166,0.656348,-2.542193,190,0.185368,1945.4381,0.075327,0
473,20.1813,5272.23,5066.7076,10757.81,-6.6896676918,0.399531,0.397061,24.4528,1.2674,1.2606,0.066857,0.64684,-4.405034,164,0.185561,1909.9856,0.070321,0
474,20.224,5119.23,5029.4107,10429.69,-6.6114430365,0.399572,0.39841,26.9464,1.2894,1.2806,0.066612,0.635,1.275503,188,0.180564,1752.8937,0.07142,0
475,20.2667,5095.98,5018.2739,10347.66,-6.8704333748,0.294701,0.39052,25.1687,1.353,1.5136,0.06806,0.645437,-6.15432,204,0.177571,1823.953,0.072641,0
476,20.3093,5109.07,4910.4026,10359.38,-6.172612532,0.467407,0.423228,34.9333,1.2739,1.2868,0.062238,0.581112,-9.150441,187,0.187897,1883.8606,0.067513,0
477,20.352,5118.07,4934.6928,10500.0,-6.285636938,0.335382,0.422785,32.6586,1.2799,1.2521,0.062313,0.60014,-7.116735,168,0.190353,1965.5195,0.068612,0
478,20.3947,4828.57,4903.7934,10230.47,-6.2377797866,0.314704,0.427758,38.573,1.302,1.2386,0.061467,0.525508,-6.714994,166,0.188525,1943.2496,0.063728,0
479,20.4373,4983.7,4960.459,10359.38,-6.863612805,0.318247,0.384926,25.4362,1.2993,1.3718,0.069104,0.613971,-5.881827,145,0.195243,1925.7306,0.063606,0
480,20.48,5044.39,4967.3583,10371.09,-6.4396586229,0.347816,0.412982,33.9877,1.2816,1.2844,0.064011,0.585927,-1.453947,194,0.191812,1796.6586,0.065438,0
481,20.5227,5164.32,5027.6536,10582.03,-5.6545751641,0.405613,0.464498,46.0041,1.188,0.883,0.055503,0.519511,1.269716,199,0.184001,1993.1781,0.061409,0
482,20.5653,5082.69,5035.9238,10546.88,-6.0077779719,0.343397,0.44484,42.0627,1.2207,0.973,0.058633,0.551293,0.539762,177,0.174825,1908.5535,0.064583,0
483,20.608,5111.55,5041.8639,10558.59,-6.6855337155,0.379008,0.400184,25.8481,1.2632,1.1743,0.06629,0.630059,-6.030463,184,0.180709,1831.5479,0.065438,0
484,20.6507,4906.06,4953.8451,10242.19,-6.7334007035,0.343026,0.391922,27.0316,1.3612,1.4894,0.0678,0.620469,-3.160717,162,0.186771,1820.4883,0.064949,0
485,20.6933,5092.47,5074.4226,10417.97,-7.0025616725,0.449194,0.376002,22.4713,1.3453,1.4994,0.070802,0.63545,-4.180104,171,0.191511,1923.1986,0.067025,0
486,20.736,5138.75,5064.1351,10535.16,-7.2032284692,0.392065,0.371201,19.079,1.3516,1.5165,0.071732,0.664688,-4.368897,174,0.186335,1774.5843,0.071176,0
487,20.7787,5036.29,4919.8878,10265.62,-6.4081952653,0.30547,0.420528,32.0392,1.2452,1.1739,0.062701,0.591527,-5.719639,169,0.18318,1874.805,0.069833,0
488,20.8213,4999.12,4932.2555,10429.69,-6.2047390008,0.357754,0.428209,35.1786,1.2686,1.1584,0.061391,0.590574,-0.487056,173,0.188577,1952.4117,0.069589,0
489,20.864,5152.29,5116.0068,10746.09,-6.7271469716,0.374103,0.397719,25.1498,1.2978,1.2392,0.066737,0.628953,-1.235204,167,0.194901,1738.3039,0.072152,0
490,20.9067,5172.32,5030.9767,10664.06,-6.3782655907,0.354092,0.417105,31.0792,1.2299,1.0712,0.063292,0.600662,0.829698,204,0.176396,1930.7778,0.067147,0
491,20.9493,4968.29,4951.3513,10417.97,-5.8347674155,0.458941,0.455549,46.7637,1.2593,1.0929,0.056911,0.522357,0.983479,175,0.185988,1846.1032,0.058845,0
492,20.992,4994.33,5003.5819,10476.56,-6.3535481034,0.541343,0.419883,32.8386,1.3061,1.2365,0.062812,0.596085,-2.480021,158,0.193706,1718.5999,0.061043,0
493,21.0347,5112.85,5048.6959,10511.72,-7.4283682106,0.449993,0.349857,18.7142,1.3549,1.5692,0.076018,0.663817,-4.185313,180,0.181622,1866.7086,0.065071,0
494,21.0773,5021.91,4904.3724,10300.78,-6.3412328855,0.34979,0.42198,34.6996,1.3043,1.3343,0.062451,0.608537,-0.492468,183,0.187807,1885.2893,0.066536,0
495,21.12,5085.22,5006.0131,10382.81,-6.7815940361,0.245557,0.390805,25.0507,1.3116,1.3565,0.068007,0.649489,-1.661112,187,0.189446,1845.7328,0.071542,0
496,21.1627,5351.83,5028.7159,10500.0,-7.1700993983,0.33578,0.374597,20.2525,1.279,1.4133,0.071073,0.678668,-2.941653,153,0.17978,1766.2775,0.082896,0
497,21.2053,5170.1,4958.81,10464.84,-6.4949014592,0.359085,0.405971,28.6537,1.2622,1.2622,0.065251,0.635826,-1.594706,173,0.192489,1836.9641,0.080088,0
498,21.248,5167.72,4985.7275,10593.75,-6.276829056,0.431834,0.418445,30.8074,1.2782,1.2241,0.06306,0.613247,-1.095103,176,0.180738,1952.2758,0.072274,0
499,21.2907,5026.5,4891.4915,10253.91,-6.3075765585,0.454513,0.419679,35.356,1.2891,1.3074,0.062847,0.584976,-8.977587,172,0.187103,1875.9742,0.066536,0
500,21.3333,5155.25,4989.5924,10429.69,-6.5624325661,0.377859,0.405282,28.6567,1.2561,1.2375,0.065374,0.618865,-8.797559,170,0.181618,1805.5,0.061409,0
501,21.376,5136.55,4976.8553,10406.25,-7.4097391598,0.384335,0.357009,18.781,1.3181,1.496,0.074553,0.665311,-4.908343,168,0.180389,1920.7461,0.064217,0
502,21.4187,5085.87,4904.5736,10371.09,-5.9168798537,0.385132,0.445027,42.2398,1.2012,1.0301,0.058602,0.507884,-9.054925,187,0.195076,1855.2095,0.070321,0
503,21.4613,5120.56,4996.3799,10476.56,-7.2112139354,0.352536,0.370168,21.2871,1.3319,1.4815,0.071934,0.676559,-5.163894,178,0.199743,1817.37,0.066781,0
504,21.504,4759.06,4827.1204,9902.34,-6.075970718,0.415976,0.437119,44.3808,1.3313,1.3877,0.0599,0.536068,2.16145,187,0.193901,1934.3253,0.061897,0
505,21.5467,5019.84,4921.3967,10453.12,-5.7289095122,0.321756,0.468776,48.467,1.221,1.0023,0.054839,0.498785,0.851768,172,0.183769,1955.8561,0.062874,0
506,21.5893,5036.79,4926.9198,10394.53,-6.2286786339,0.354703,0.423205,35.6352,1.2661,1.1999,0.062242,0.591663,-9.455932,174,0.187875,1884.1292,0.061653,0
507,21.632,5180.64,5012.3588,10652.34,-6.14382468,0.369202,0.437139,36.6847,1.2169,1.0183,0.059897,0.585632,-1.723485,174,0.186163,1783.7836,0.065316,0
508,21.6747,5128.86,5040.5972,10582.03,-6.5673953235,0.388575,0.405085,27.5763,1.261,1.1713,0.065409,0.602162,-6.190058,170,0.187996,1837.8176,0.063606,0
509,21.7173,5024.65,4990.7608,10546.88,-6.2040633929,0.367603,0.43008,35.0873,1.2509,1.0601,0.061075,0.588134,-0.590974,181,0.180447,1794.2356,0.063484,0
510,21.76,5324.02,5016.0984,10816.41,-6.6450057257,0.366387,0.411225,26.7843,1.2504,1.2008,0.06432,0.654902,-1.967151,184,0.191469,1844.6562,0.074228,0
511,21.8027,5459.82,5106.2835,10910.16,-7.7365548444,0.315645,0.328717,14.0223,1.2935,1.4591,0.08053,0.702572,-4.383325,196,0.180452,1932.5818,0.083506,0
512,21.8453,5136.29,4999.8265,10453.12,-7.2455421059,0.417099,0.359811,18.838,1.3261,1.4657,0.073988,0.657177,-4.591509,181,0.191761,1904.1977,0.075937,0
513,21.888,5102.95,4933.6412,10371.09,-6.561205004,0.305126,0.403374,28.7318,1.3098,1.4178,0.065715,0.622325,-4.414299,192,0.198685,1877.4003,0.070077,0
514,21.9307,4996.46,4972.7592,10464.84,-6.4200285597,0.388245,0.406994,33.1369,1.3089,1.3018,0.065069,0.591968,-5.043081,154,0.192734,1852.7916,0.066292,0
515,21.9733,4985.73,4972.0077,10476.56,-6.0693210261,0.475358,0.435966,40.1164,1.2581,1.0863,0.060091,0.533311,-6.195067,183,0.180018,1905.8832,0.064095,0
516,22.016,4979.39,4918.6617,10253.91,-5.9895401102,0.376948,0.438876,43.2601,1.2789,1.2422,0.05961,0.538568,-6.589823,166,0.184199,2017.7219,0.064583,0
517,22.0587,4917.48,4954.0223,10312.5,-5.9581919482,0.301183,0.439636,41.4922,1.2545,1.0921,0.059485,0.520248,-7.846537,183,0.188435,2043.5766,0.06263,0
518,22.1013,5065.35,5039.9575,10488.28,-7.1245221076,0.33651,0.371632,20.3054,1.3365,1.444,0.071648,0.654216,-2.879275,178,0.204091,1803.2672,0.06031,0
519,22.144,5152.43,5071.3358,10546.88,-7.4545147637,0.349889,0.350034,16.0119,1.3434,1.5514,0.075982,0.66592,-6.719809,166,0.185668,1932.8735,0.064949,0
520,22.1867,5212.36,4963.0178,10429.69,-6.9404142992,0.336535,0.375302,21.968,1.3267,1.5375,0.070937,0.665702,-1.178528,200,0.188971,1888.2121,0.074228,0
521,22.2293,5414.42,5092.5518,10875.0,-7.6118037239,0.372739,0.330277,14.0857,1.3446,1.6124,0.080187,0.702937,-7.439294,146,0.187518,1931.6236,0.078867,0
522,22.272,5134.85,4998.2517,10488.28,-6.3743747391,0.43435,0.416377,31.0262,1.2707,1.2077,0.063419,0.61528,-5.043879,180,0.191268,1816.8787,0.07142,0
523,22.3147,5082.87,4981.4757,10476.56,-6.0615094269,0.40878,0.432301,34.7825,1.2852,1.2011,0.060702,0.598099,-1.777824,185,0.188724,1964.6882,0.064705,0
524,22.3573,5100.89,5004.7096,10453.12,-7.0915917613,0.314248,0.376356,20.9987,1.3171,1.4254,0.070734,0.665762,-2.033939,193,0.190131,1785.9871,0.070077,0
525,22.4,5013.22,4915.5742,10242.19,-6.9822040821,0.313237,0.378171,23.7893,1.3236,1.4799,0.070385,0.63927,-1.676824,174,0.177095,1838.9418,0.073129,0
526,22.4427,5018.17,4910.3786,10359.38,-6.36094796,0.392159,0.410291,31.6679,1.2732,1.2205,0.064485,0.601761,-6.09176,165,0.192047,1807.4243,0.070809,0
527,22.4853,5260.66,5075.9351,10617.19,-7.4123520228,0.397076,0.348001,17.3077,1.3185,1.5071,0.076403,0.672896,-3.531717,193,0.199841,1911.0345,0.065682,0
528,22.528,5203.87,4971.2874,10535.16,-5.9590009446,0.325403,0.448978,40.11,1.1744,0.9472,0.057962,0.546507,-6.237764,186,0.196131,1856.2044,0.066292,0
529,22.5707,4909.04,4983.2748,10324.22,-6.0313580943,0.290362,0.441898,43.7977,1.2518,1.0763,0.059113,0.534236,0.281866,151,0.183399,1891.7656,0.060432,0
530,22.6133,4876.17,4960.076,10300.78,-6.1980377445,0.328654,0.425554,35.3477,1.2691,1.1228,0.061841,0.551088,-5.795676,188,0.187289,1757.953,0.057502,0
531,22.656,4901.62,4965.8411,10347.66,-6.2707320263,0.333941,0.425361,36.1357,1.2822,1.201,0.061874,0.532168,-6.290453,196,0.176127,1820.8187,0.061287,0
532,22.6987,5059.59,5008.1181,10312.5,-6.7104008425,0.392776,0.394447,25.5548,1.3042,1.3631,0.067335,0.62552,-6.108519,190,0.193386,1797.2878,0.063606,0
533,22.7413,4930.51,4961.8977,10300.78,-6.0698734867,0.36889,0.440205,41.9896,1.2751,1.1076,0.059391,0.55117,1.328512,188,0.196104,1871.8369,0.060188,0
534,22.784,4957.69,4916.697,10324.22,-6.0721492285,0.426367,0.44578,45.2037,1.2937,1.2453,0.05848,0.55767,0.274239,175,0.189556,1892.7542,0.060066,0
535,22.8267,5339.25,5113.6566,10816.41,-6.5156974164,0.365893,0.411716,26.809,1.2245,1.0685,0.064234,0.648556,-3.535821,194,0.190664,1878.7974,0.075204,0
536,22.8693,5359.92,5098.7727,10710.94,-6.8630824708,0.285772,0.393054,21.6823,1.2747,1.2867,0.067591,0.670828,-2.161964,174,0.171369,1886.9932,0.083506,0
537,22.912,5483.91,5065.9723,10628.91,-7.2073185643,0.30518,0.375087,18.8387,1.2799,1.4123,0.070978,0.707448,-5.153357,170,0.172456,1873.289,0.087779,0
538,22.9547,5251.36,5014.3871,10582.03,-6.7267339607,0.311798,0.403146,24.478,1.2356,1.1597,0.065756,0.642341,-5.069879,198,0.183072,1904.5719,0.081797,0
539,22.9973,5167.12,5098.7972,10593.75,-6.390789286,0.325133,0.417807,30.5971,1.2752,1.1624,0.063171,0.6264,-0.853449,172,0.185971,1889.8397,0.070687,0
540,23.04,5087.58,5013.3003,10429.69,-7.4588085049,0.341332,0.352373,17.3149,1.393,1.7168,0.075499,0.680613,-5.401277,186,0.189168,1878.6758,0.066659,0
541,23.0827,4821.62,4933.6266,10160.16,-6.2317294417,0.379313,0.42793,37.2847,1.3442,1.3923,0.061438,0.56279,0.240482,191,0.189797,1855.5719,0.063118,0
542,23.1253,5109.17,4953.6292,10453.12,-6.2642280027,0.408891,0.429238,32.9106,1.2405,1.1206,0.061217,0.583389,-5.087513,174,0.18267,1860.1685,0.0691,0
543,23.168,5248.95,4967.8187,10464.84,-7.3592599705,0.424792,0.341287,16.9955,1.3784,1.7435,0.077813,0.675529,-1.406512,206,0.206844,2022.3089,0.076792,0
544,23.2107,5366.99,5066.5829,10675.78,-7.1749386062,0.358734,0.363775,18.8914,1.2798,1.3932,0.073195,0.670376,-4.184426,186,0.196066,1920.2388,0.076547,0
545,23.2533,5159.4,4968.4569,10476.56,-6.4357226929,0.351724,0.415117,27.7511,1.2803,1.2419,0.063638,0.62385,-7.331855,165,0.181577,1793.9945,0.073984,0
546,23.296,5250.37,4998.5253,10546.88,-6.4696524909,0.369979,0.420481,28.4,1.2588,1.2268,0.062709,0.644575,-2.585671,188,0.182074,1905.5327,0.077768,0
547,23.3387,5151.7,4939.5946,10277.34,-6.3625540551,0.342786,0.417297,31.8412,1.2783,1.2851,0.063259,0.610083,-6.470487,178,0.165495,1939.4237,0.075571,0
548,23.3813,4917.55,4923.3239,10230.47,-6.0960421972,0.316303,0.441146,41.7226,1.3006,1.2427,0.059236,0.526263,1.000723,182,0.186656,1914.6132,0.065194,0
549,23.424,5165.51,5079.8984,10652.34,-6.7480708207,0.273801,0.397671,25.0348,1.2756,1.2276,0.066746,0.638369,-5.286473,189,0.1888,1776.5059,0.057502,0
550,23.4667,5054.05,5090.5059,10511.72,-6.4055052606,0.357235,0.404383,30.7743,1.2404,1.0526,0.065534,0.56777,-6.406516,167,0.197914,1880.7976,0.055549,0
551,23.5093,4863.53,4931.7313,10417.97,-5.7969624061,0.296726,0.451245,47.2708,1.2548,1.0341,0.057598,0.510244,3.32548,206,0.196487,1919.6321,0.056525,0
552,23.552,4998.71,4967.219,10429.69,-6.4420014749,0.311163,0.412187,32.9651,1.2909,1.2759,0.064151,0.585726,-5.038512,171,0.193208,1934.5783,0.058845,0
553,23.5947,5079.56,4987.9383,10476.56,-6.3531956405,0.309287,0.415838,32.547,1.2608,1.1723,0.063513,0.595687,-6.036061,170,0.185453,1882.4483,0.062752,0
554,23.6373,5063.03,5011.9105,10464.84,-6.6189215241,0.346686,0.396341,27.2455,1.2877,1.2213,0.066988,0.61998,-5.365053,176,0.187245,1816.4951,0.069466,0
555,23.68,4909.87,4959.4471,10371.09,-6.8148177267,0.326163,0.384097,25.4903,1.3255,1.3593,0.06926,0.624049,-5.814383,166,0.186746,1820.7508,0.072152,0
556,23.7227,5118.46,4993.0329,10335.94,-7.1396448251,0.34314,0.363866,19.6282,1.3488,1.5775,0.073176,0.651507,-0.353531,190,0.191929,1846.7782,0.068368,0
557,23.7653,5223.08,4965.1911,10511.72,-6.3806358235,0.41264,0.423092,30.6709,1.273,1.2747,0.062261,0.618696,-0.566811,177,0.189492,1780.5038,0.069589,0
558,23.808,5320.1,5098.0491,10828.12,-5.9323100937,0.307687,0.446077,37.3202,1.1717,0.8824,0.058432,0.546953,-5.910743,167,0.185291,1849.8216,0.063484,0
559,23.8507,4855.28,4964.1655,10265.62,-6.3037804068,0.315947,0.426329,37.5363,1.3197,1.2836,0.061709,0.563657,-2.175094,192,0.188766,1843.6746,0.055183,0
560,23.8933,5088.92,4982.2983,10371.09,-6.0599471332,0.403336,0.438645,40.3224,1.2839,1.2062,0.059648,0.548208,1.266276,176,0.186943,1862.8971,0.059211,0
561,23.936,5092.1,4897.8377,10312.5,-6.0626318517,0.309818,0.443018,39.8106,1.3092,1.3429,0.05893,0.551029,0.018119,164,0.174787,1860.288,0.059578,0
562,23.9787,5017.94,5027.8145,10652.34,-6.1855597081,0.401956,0.429304,38.0963,1.2564,1.0689,0.061206,0.555938,-5.480842,170,0.185018,1889.4294,0.056037,0
563,24.0213,5115.28,4948.7947,10535.16,-6.1172188419,0.387464,0.44329,39.5004,1.2651,1.1377,0.058885,0.585885,-1.139602,161,0.187806,1784.3589,0.064583,0
564,24.064,5084.84,5022.1637,10464.84,-6.5110531768,0.309568,0.406156,28.0672,1.2792,1.1988,0.065218,0.611046,-4.083546,174,0.179994,1768.2247,0.069589,0
565,24.1067,5248.15,5031.1204,10628.91,-7.7599095375,0.361219,0.328953,14.4024,1.3197,1.5557,0.080478,0.682799,-2.269922,191,0.196818,1986.4306,0.068856,0
566,24.1493,5105.79,5050.4233,10417.97,-7.2339561917,0.447651,0.354015,18.9814,1.4004,1.6902,0.075163,0.655336,-3.022163,187,0.187393,1822.5389,0.073739,0
567,24.192,5044.15,5118.3816,10453.12,-7.3082632652,0.352786,0.348832,18.4116,1.366,1.5367,0.076231,0.651118,-3.622471,193,0.189162,1917.7689,0.071176,0
568,24.2347,5106.55,5030.3353,10464.84,-6.9866802961,0.335045,0.379585,20.7952,1.3183,1.3893,0.070115,0.657807,-6.461469,179,0.175967,1844.873,0.069711,0
569,24.2773,5052.56,4983.8642,10570.31,-6.9467028914,0.28432,0.384418,25.0723,1.2811,1.2439,0.069199,0.645303,-8.368787,159,0.172138,1807.6517,0.071054,0
570,24.32,4911.86,4852.2147,10125.0,-6.3594829759,0.307277,0.420408,35.5238,1.3277,1.4149,0.062722,0.586366,-5.868292,173,0.181184,1830.6121,0.066414,0
571,24.3627,5022.28,4889.3635,10265.62,-6.046030729,0.480193,0.436919,42.0826,1.2728,1.201,0.059933,0.56643,0.449194,181,0.18485,1868.7245,0.066781,0
572,24.4053,4988.6,4937.004,10312.5,-6.4724511612,0.435495,0.414837,30.4313,1.3184,1.3187,0.063687,0.61523,-4.704618,185,0.181338,1713.3558,0.06556,0
573,24.448,5140.27,5045.0185,10558.59,-6.8393011752,0.382638,0.389848,23.9784,1.3527,1.4612,0.068184,0.660716,-5.969502,174,0.183984,1892.9536,0.067879,0
574,24.4907,5248.31,5074.1353,10500.0,-7.1843811499,0.411982,0.363549,19.2457,1.3312,1.5501,0.073239,0.665054,-5.761425,167,0.186529,1845.0059,0.077402,0
575,24.5333,5136.12,5088.544,10523.44,-7.1796062409,0.335391,0.358871,20.0455,1.3316,1.4482,0.074177,0.65174,-3.430011,172,0.188176,1840.0566,0.07789,0
576,24.576,5116.32,5059.5421,10617.19,-6.7231702374,0.401743,0.394907,26.1789,1.286,1.2183,0.067251,0.628964,-6.918109,170,0.195565,1828.1961,0.07203,0
577,24.6187,4996.13,4910.3259,10417.97,-6.1474672663,0.357052,0.437786,38.4935,1.2571,1.0883,0.05979,0.57683,-0.198714,187,0.179754,1925.0094,0.064949,0
578,24.6613,4882.42,4841.5925,10312.5,-5.8247724225,0.409788,0.444842,44.2697,1.2405,1.0462,0.058632,0.506365,-7.000013,183,0.184476,1967.3315,0.06556,0
579,24.704,5160.27,5019.4263,10500.0,-6.3852191812,0.363353,0.418739,30.7324,1.2635,1.228,0.063009,0.594672,-4.346437,174,0.184669,1748.1189,0.061775,0
580,24.7467,5048.84,4949.744,10476.56,-6.2061880415,0.288683,0.42726,34.4873,1.2628,1.1355,0.061551,0.585541,-4.988455,187,0.184478,1737.2352,0.058357,0
581,24.7893,5024.13,5059.957,10441.41,-6.7567747255,0.506936,0.389502,24.9706,1.3174,1.3041,0.068248,0.622243,-5.826376,195,0.192724,1869.0197,0.062141,0
582,24.832,4919.62,4960.1098,10382.81,-6.454378955,0.324168,0.417703,32.337,1.2773,1.181,0.063189,0.591825,-6.806477,157,0.188914,1715.2935,0.061531,0
583,24.8747,5149.18,5025.0534,10511.72,-6.2235157121,0.367915,0.424677,33.5523,1.236,1.0649,0.06199,0.597996,0.203288,195,0.186734,1893.4801,0.066048,0
584,24.9173,5076.42,5008.8767,10453.12,-6.808690672,0.364133,0.390387,25.1609,1.3348,1.4608,0.068084,0.630618,-5.070342,188,0.183106,1910.991,0.07142,0
585,24.96,5080.81,5010.4766,10406.25,-7.0007641207,0.357393,0.378444,22.711,1.3269,1.423,0.070333,0.660962,-3.064849,173,0.18086,1792.6188,0.073617,0
586,25.0027,5008.69,4918.3806,10207.03,-6.5183637279,0.41265,0.404026,27.4868,1.3213,1.4097,0.065598,0.615965,-5.848543,188,0.188322,1836.6858,0.073251,0
587,25.0453,5190.08,5017.1367,10511.72,-6.6781190975,0.354358,0.402214,25.4806,1.2942,1.312,0.065924,0.65254,-3.665803,175,0.186724,1854.1794,0.073495,0
588,25.088,5102.2,4996.606,10476.56,-6.4089843904,0.418022,0.413654,30.7922,1.2879,1.2519,0.063894,0.609236,-7.224645,177,0.185101,1836.4877,0.069344,0
589,25.1307,4742.75,4874.7586,9914.06,-6.3882229897,0.412782,0.418984,37.5356,1.3512,1.4378,0.062967,0.525854,-7.911539,187,0.187163,2000.7966,0.060676,0
590,25.1733,5013.81,4927.5295,10218.75,-6.5396584921,0.402027,0.398849,29.4032,1.3241,1.44,0.066532,0.589742,-5.299538,187,0.191501,1927.3859,0.065804,0
591,25.216,5279.37,5069.2278,10769.53,-7.1551453621,0.370757,0.365578,18.1211,1.2534,1.2756,0.072837,0.665299,-7.996158,153,0.193436,1862.1897,0.072641,0
592,25.2587,5347.2,5040.3856,10523.44,-7.0325890665,0.335644,0.373969,20.4797,1.2976,1.468,0.071194,0.658258,-7.021228,175,0.179926,1900.6897,0.076059,0
593,25.3013,5264.02,5118.4784,10535.16,-6.9642960604,0.229653,0.386938,20.8144,1.2703,1.2714,0.068726,0.653843,-4.9622,170,0.177175,1875.0503,0.074716,0
594,25.344,5117.44,5057.2487,10546.88,-6.395310224,0.428104,0.414399,31.3644,1.3019,1.2797,0.063764,0.584661,-4.427294,167,0.183954,1847.705,0.061043,0
595,25.3867,5037.3,4966.3083,10464.84,-6.3885091516,0.384263,0.411381,30.9468,1.2994,1.3073,0.064293,0.582514,-8.930164,161,0.188902,1785.8843,0.060188,0
596,25.4293,5189.17,4954.6534,10488.28,-6.2821651435,0.483784,0.42589,33.6249,1.2563,1.1995,0.061784,0.608287,-0.607944,169,0.188683,1875.7712,0.067513,0
597,25.472,5149.85,5032.4324,10441.41,-7.4196477418,0.308776,0.354362,18.3583,1.3562,1.6216,0.075092,0.66736,-6.166897,176,0.182223,1894.4937,0.06324,0
598,25.5147,4816.78,4929.8453,10195.31,-6.5803409413,0.311199,0.397231,31.2589,1.335,1.3723,0.066826,0.577426,-7.541024,193,0.189816,1888.931,0.065071,0
599,25.5573,5001.76,4924.1443,10312.5,-6.5034696272,0.372244,0.413093,29.7894,1.2892,1.3083,0.063992,0.576775,-5.249807,175,0.182694,1991.7759,0.068368,0
600,25.6,5058.94,4910.5717,10289.06,-6.399852044,0.356471,0.421082,34.2184,1.3039,1.3964,0.062606,0.60527,-4.934031,195,0.192968,1925.1214,0.063851,0
601,25.6427,5076.34,5099.9187,10546.88,-6.8857462913,0.303631,0.378916,24.6698,1.3338,1.447,0.070243,0.625842,-6.932039,183,0.180106,1849.6751,0.068368,0
602,25.6853,5273.65,5033.7588,10593.75,-6.954322214,0.362105,0.380335,22.0923,1.3055,1.4074,0.069972,0.667856,-2.396578,168,0.169942,1919.3469,0.072519,0
603,25.728,5289.58,5104.3463,10828.12,-7.0950070445,0.46947,0.366966,19.5749,1.2905,1.3055,0.072562,0.662103,-4.343803,195,0.18621,1879.5795,0.074838,0
604,25.7707,5150.67,4955.3835,10406.25,-7.0293247256,0.398187,0.373666,21.0459,1.3417,1.562,0.071253,0.662204,-3.951444,202,0.188504,1761.7632,0.07435,0
605,25.8133,5148.7,4903.4646,10382.81,-6.2728500288,0.368585,0.423194,34.233,1.2822,1.3221,0.062243,0.603057,-0.197298,193,0.19217,1914.5973,0.068612,0
606,25.856,5012.36,4936.9967,10429.69,-5.7336777953,0.515181,0.458902,47.0123,1.2366,1.0091,0.05638,0.503349,1.43624,161,0.184392,1994.6007,0.061165,0
607,25.8987,5064.56,4971.6234,10429.69,-6.8227174957,0.396817,0.387176,25.4237,1.2836,1.286,0.068682,0.642214,-6.196518,183,0.200351,1740.8451,0.057502,0
608,25.9413,5130.13,4994.5882,10640.62,-6.2766726537,0.390405,0.427906,34.9722,1.2125,1.0009,0.061442,0.576155,-6.007,156,0.190808,1794.5746,0.067757,0
609,25.984,4967.53,5065.8835,10476.56,-6.2698988886,0.413788,0.415164,32.8551,1.2609,1.1,0.06363,0.567261,-6.754367,199,0.193169,1822.1688,0.067635,0
610,26.0267,4861.08,4867.0884,9890.62,-6.3742225697,0.439813,0.422602,36.7259,1.3367,1.4438,0.062345,0.589639,-9.492759,195,0.197359,1907.0326,0.061775,0
611,26.0693,5129.29,5061.8831,10570.31,-6.9118279679,0.294594,0.384357,23.5433,1.3169,1.361,0.069211,0.647033,-0.757368,183,0.190368,1893.3243,0.068001,0
612,26.112,5185.36,5111.7227,10675.78,-7.1295711505,0.35462,0.370976,19.7976,1.3071,1.3559,0.071776,0.648668,-3.64204,187,0.18363,1955.8608,0.069955,0
613,26.1547,5298.15,5124.1872,10617.19,-6.9116156159,0.276226,0.387426,21.9891,1.2433,1.1675,0.068635,0.650884,-4.421651,198,0.184528,1902.6143,0.068734,0
614,26.1973,5018.35,4994.0803,10300.78,-6.5246526578,0.26937,0.405228,31.7358,1.3003,1.3233,0.065383,0.617247,-0.935477,198,0.175815,1868.4637,0.067391,0
615,26.24,5067.86,5022.2831,10382.81,-6.7290938706,0.32274,0.396209,25.0291,1.3232,1.401,0.067013,0.645002,-4.48957,168,0.181444,1801.6214,0.062752,0
616,26.2827,5095.01,5026.0816,10570.31,-6.5100770279,0.474879,0.40464,27.6635,1.296,1.2399,0.065489,0.618971,-6.955344,175,0.186755,1816.0943,0.066048,0
617,26.3253,4991.71,4898.5704,10300.78,-6.3374602206,0.41212,0.425238,35.9015,1.2932,1.2638,0.061895,0.604819,-1.372619,172,0.182499,1811.7879,0.066048,0
618,26.368,5053.58,4881.2549,10218.75,-6.0945835116,0.305198,0.439913,39.9748,1.2458,1.1661,0.059439,0.571625,-9.212918,170,0.182541,1981.542,0.063118,0
619,26.4107,4957.71,4942.0423,10277.34,-6.1368500065,0.321142,0.433351,37.5592,1.2806,1.2326,0.060527,0.559116,-8.44442,194,0.185284,1920.8472,0.064705,0
620,26.4533,4874.6,4925.8662,10242.19,-6.4206956302,0.388385,0.419083,34.4802,1.3077,1.3075,0.06295,0.574738,2.102977,207,0.18393,1852.6672,0.063851,0
621,26.496,5101.5,5001.848,10476.56,-6.4003193516,0.393056,0.416388,32.4858,1.2727,1.1877,0.063417,0.610503,-1.90939,168,0.188934,1793.4625,0.062263,0
622,26.5387,5060.26,4962.3886,10406.25,-6.4307868103,0.413737,0.410877,29.2628,1.2906,1.2603,0.064381,0.614603,-0.912523,157,0.185981,1893.8423,0.067025,0
623,26.5813,5248.44,5030.9182,10488.28,-7.1414380173,0.357815,0.365738,18.1248,1.3126,1.4848,0.072805,0.65403,-3.136338,182,0.193259,1835.144,0.070687,0
624,26.624,5188.62,4995.3301,10511.72,-6.4409505948,0.340257,0.407514,30.3407,1.2307,1.1071,0.064976,0.626162,-6.985578,183,0.191925,1818.2085,0.072152,0
625,26.6667,5099.05,4930.9049,10289.06,-6.4918348623,0.357136,0.410118,28.1425,1.2881,1.2896,0.064515,0.618889,-4.420011,209,0.181323,1840.3886,0.076914,0
626,26.7093,5490.57,5207.9724,11039.06,-7.4367366433,0.375555,0.350101,16.5333,1.295,1.4284,0.075968,0.683437,-6.578812,187,0.189596,1931.8098,0.07789,0
627,26.752,5385.35,5084.7491,10921.88,-7.6771799142,0.373521,0.328321,14.6753,1.3337,1.6188,0.080617,0.692764,-5.440566,189,0.175381,2074.5776,0.07435,0
628,26.7947,5199.39,5131.0725,10863.28,-6.9653192317,0.362421,0.374191,21.331,1.2789,1.2013,0.071151,0.651274,-3.156361,194,0.187033,1810.0135,0.075815,0
629,26.8373,5394.32,5099.0144,10863.28,-7.5342569719,0.400494,0.337266,15.5084,1.2963,1.4758,0.078671,0.688484,-4.03694,178,0.186196,1905.5581,0.076914,0
630,26.88,5126.17,4951.1473,10441.41,-6.2284589087,0.489602,0.420422,35.7509,1.2379,1.1456,0.062719,0.559754,-5.658329,183,0.203964,1914.3395,0.073007,0
631,26.9227,5023.87,4956.9712,10417.97,-6.2576212588,0.447919,0.431005,35.1328,1.2794,1.1744,0.06092,0.589157,-0.320106,196,0.18082,1929.9746,0.068246,0
632,26.9653,5003.68,4997.4916,10476.56,-6.2488282701,0.340403,0.421303,35.0097,1.2832,1.1607,0.062568,0.588266,1.694342,173,0.189215,1750.7898,0.063362,0
633,27.008,5148.72,5022.5027,10464.84,-7.3519469249,0.409372,0.351126,17.3084,1.3307,1.4819,0.075756,0.665458,-5.880768,190,0.191569,1848.7792,0.068734,0
634,27.0507,5305.58,5038.8596,10535.16,-7.2837766678,0.328154,0.356646,18.5031,1.3038,1.489,0.074627,0.681286,-6.090862,196,0.191088,1972.2151,0.073007,0
635,27.0933,5231.06,4996.5447,10558.59,-6.5938898371,0.372614,0.408503,26.7696,1.2685,1.2671,0.064801,0.652966,-2.062606,184,0.18895,1830.7087,0.073129,0
636,27.136,5206.62,5084.7724,10652.34,-7.4493500529,0.437164,0.354965,17.1557,1.3159,1.454,0.074969,0.681024,-8.233092,174,0.17584,1981.9177,0.069955,0
637,27.1787,5049.2,4905.614,10359.38,-6.4505962146,0.402735,0.414654,30.9391,1.3199,1.3538,0.063719,0.622987,-1.342359,182,0.176659,1862.4431,0.067757,0
638,27.2213,5215.36,5012.6067,10687.5,-6.4257406559,0.607891,0.404646,29.3884,1.2324,1.1306,0.065487,0.630723,-5.951512,182,0.1844,1880.4408,0.065194,0
639,27.264,4939.38,4874.7546,10289.06,-5.7700899239,0.498441,0.458526,51.2835,1.2694,1.1462,0.056439,0.506742,2.477411,190,0.181326,2032.3556,0.064095,0
640,27.3067,5087.57,4929.452,10394.53,-6.564170392,0.349643,0.405286,29.7464,1.3365,1.4671,0.065373,0.63171,0.372878,203,0.191148,1924.3026,0.073617,0
641,27.3493,5155.43,4984.5029,10265.62,-7.5649013478,0.381718,0.34378,15.7219,1.4037,1.8351,0.077287,0.676029,-3.933387,180,0.185738,1854.2713,0.074716,0
642,27.392,4715.88,4891.0784,9949.22,-6.2805486162,0.430564,0.417876,35.4228,1.3501,1.3726,0.063159,0.554161,-10.329169,167,0.195819,1901.1626,0.061531,0
643,27.4347,4893.51,4974.5093,10289.06,-6.0428605769,0.437152,0.428858,39.955,1.3147,1.2504,0.061281,0.507466,-7.30552,162,0.196144,1792.2469,0.052008,0
644,27.4773,4677.98,4845.1955,10031.25,-5.8827521462,0.363124,0.437452,48.3936,1.316,1.2694,0.059845,0.467495,-8.379408,184,0.184447,2013.0951,0.050787,0
645,27.52,5075.35,4971.1621,10488.28,-6.4897212895,0.369898,0.407711,28.2001,1.2882,1.2396,0.064941,0.628834,-5.748984,167,0.19472,1812.7368,0.062752,0
646,27.5627,5076.5,4941.7963,10476.56,-6.2122601614,0.326176,0.431856,35.06,1.2562,1.1349,0.060777,0.582041,-7.384195,163,0.183328,1759.641,0.074106,0
647,27.6053,5221.33,4956.1739,10500.0,-6.6434102763,0.262528,0.397047,26.201,1.2334,1.1873,0.06686,0.639863,-5.870157,156,0.193538,1838.3244,0.067513,0
648,27.648,5053.08,4876.0777,10125.0,-6.4858241501,0.344268,0.401539,29.6932,1.3134,1.3903,0.066045,0.623456,-0.17762,170,0.191117,1919.0038,0.063362,0
649,27.6907,5169.18,4940.1146,10500.0,-6.637916472,0.382564,0.409776,28.8801,1.2656,1.231,0.064576,0.637661,-2.561415,166,0.183453,1794.188,0.067635,0
650,27.7333,5077.84,4971.7228,10359.38,-6.2933270494,0.440018,0.415612,31.9923,1.3009,1.3082,0.063552,0.602845,-4.550748,199,0.18624,1979.057,0.067391,0
651,27.776,5046.22,4935.8875,10406.25,-6.1289125771,0.379599,0.430892,36.4281,1.2778,1.2118,0.060939,0.591955,-0.775159,181,0.176424,1984.3061,0.066414,0
652,27.8187,5127.57,4977.3921,10476.56,-6.1568991549,0.461166,0.42111,33.9197,1.2905,1.2304,0.062601,0.601119,-4.031074,196,0.185915,1828.1121,0.070199,0
653,27.8613,5506.16,5081.4277,11050.78,-7.1771463738,0.328792,0.36804,17.0053,1.2487,1.2462,0.072351,0.692354,-6.346095,184,0.180827,1898.1986,0.07789,0
654,27.904,5412.84,5175.2418,10921.88,-7.660007372,0.394335,0.33356,15.3515,1.271,1.3645,0.079471,0.677643,-5.176075,198,0.177447,1966.527,0.08375,0
655,27.9467,4972.85,5004.3548,10511.72,-6.1535556634,0.316344,0.435961,37.4852,1.2896,1.1605,0.060092,0.554405,-5.173992,189,0.184387,1788.3744,0.069589,0
656,27.9893,5093.21,5000.4121,10453.12,-6.3879873623,0.314924,0.414617,30.6136,1.2854,1.2481,0.063726,0.611938,-0.818532,179,0.175724,1938.6956,0.062019,0
657,28.032,5266.97,5045.2147,10453.12,-7.5921044941,0.338547,0.342094,15.6956,1.36,1.7022,0.077642,0.6878,-5.651578,177,0.184637,1997.6818,0.073373,0
658,28.0747,5297.38,5073.2553,10710.94,-7.0618120375,0.416076,0.358489,19.568,1.2875,1.3794,0.074254,0.656153,-3.023683,191,0.176053,1912.7015,0.079111,0
659,28.1173,5224.02,5028.8563,10476.56,-7.4140854863,0.327089,0.349426,17.909,1.3406,1.6277,0.076107,0.683707,-4.722111,175,0.178486,1934.2077,0.078135,0
660,28.16,5305.49,5038.6507,10664.06,-7.1497921518,0.354005,0.367527,18.8318,1.2799,1.3893,0.072452,0.678055,-6.385558,187,0.178242,1922.7211,0.075571,0
661,28.2027,5175.45,4955.2877,10324.22,-6.8351519211,0.415924,0.386091,24.1264,1.3148,1.4731,0.068885,0.634334,-5.838252,178,0.181367,1818.3257,0.076547,0
662,28.2453,5234.68,5081.1797,10734.38,-6.5392204851,0.355298,0.409288,26.7732,1.2331,1.0959,0.064662,0.637725,-4.131421,211,0.186001,1746.202,0.0691,0
663,28.288,4969.5,4914.1337,10265.62,-6.3069286479,0.356278,0.415005,33.9585,1.271,1.205,0.063658,0.577655,-6.181647,204,0.18591,1920.9896,0.063362,0
664,28.3307,5185.68,5020.4126,10558.59,-6.6505768473,0.335799,0.40284,28.1407,1.219,1.0863,0.065811,0.624394,-5.877088,191,0.190772,1813.0634,0.068124,0
665,28.3733,5343.41,5020.2624,10828.12,-6.2952752941,0.372105,0.41826,27.7346,1.1954,0.9824,0.063092,0.625756,0.221679,179,0.184669,1817.9497,0.071786,0
666,28.416,5309.66,5088.9824,10605.47,-6.9029489899,0.420848,0.379826,21.4307,1.265,1.2799,0.070069,0.657082,-5.436918,165,0.191565,1905.1522,0.074228,0
667,28.4587,5175.81,5093.0277,10628.91,-6.1944679061,0.491259,0.432034,34.1915,1.2223,0.979,0.060747,0.586103,-2.07695,162,0.187089,1810.8651,0.071786,0
668,28.5013,5340.6,5013.8064,10757.81,-6.5099506548,0.252312,0.418204,29.8425,1.1927,1.0103,0.063102,0.638394,-5.009221,191,0.183713,1794.9144,0.06849,0
669,28.544,5141.17,4950.5038,10476.56,-6.1600954939,0.335708,0.428183,32.8435,1.2262,1.0622,0.061395,0.597668,-4.73808,194,0.197668,1914.2832,0.067391,0
670,28.5867,5092.04,4979.0089,10441.41,-6.6658218104,0.51846,0.397993,26.5939,1.3387,1.4488,0.066687,0.62935,-4.579979,179,0.187697,1914.1308,0.063484,0
671,28.6293,5095.09,4960.629,10511.72,-5.7957007744,0.357192,0.452271,44.6319,1.2558,1.0889,0.057434,0.543056,-7.150614,175,0.185142,1932.1475,0.065316,0
672,28.672,5129.28,5025.5088,10453.12,-6.4553650719,0.403683,0.420544,31.4655,1.2893,1.2349,0.062698,0.624487,-8.742018,164,0.194097,1749.7426,0.069955,0
673,28.7147,5187.01,5046.135,10523.44,-6.6103185304,0.400668,0.409127,26.7587,1.2829,1.2261,0.06469,0.635033,-5.380372,193,0.175375,1850.8085,0.06849,0
674,28.7573,4929.97,4968.3116,10277.34,-6.3502612692,0.350951,0.418259,35.1674,1.3185,1.2943,0.063092,0.545691,-6.493986,208,0.190107,1894.0111,0.062141,0
675,28.8,5070.69,4942.0857,10394.53,-6.1108802308,0.329792,0.433707,35.877,1.2194,1.0082,0.060467,0.554493,-6.979457,176,0.175436,1852.4717,0.061043,0
676,28.8427,5124.76,5042.5152,10511.72,-6.4611810651,0.363313,0.416491,28.8696,1.2508,1.106,0.063399,0.61719,-4.501039,180,0.180509,1818.7889,0.070443,0
677,28.8853,4972.77,4881.9583,10125.0,-6.3198524494,0.297328,0.419632,36.0227,1.2909,1.3328,0.062855,0.549734,-8.414803,192,0.18439,1879.7149,0.07203,0
678,28.928,4994.16,4924.9419,10464.84,-6.0531545869,0.454829,0.438322,39.1904,1.2508,1.0895,0.059701,0.55576,-7.693646,166,0.177529,1885.9718,0.064461,0
679,28.9707,5090.44,4927.6808,10265.62,-6.7102092182,0.324421,0.404481,27.9576,1.3128,1.3806,0.065517,0.64476,-0.926518,197,0.188984,1899.2323,0.068856,0
680,29.0133,5239.03,5067.5744,10617.19,-6.7823294364,0.457248,0.386469,23.1637,1.2963,1.2896,0.068814,0.649955,0.163391,186,0.192135,1759.273,0.06617,0
681,29.056,4944.46,5043.1851,10406.25,-6.740474406,0.314887,0.387982,25.7768,1.355,1.4208,0.068531,0.630352,-7.042858,184,0.197231,1936.1857,0.060921,0
682,29.0987,5208.54,5038.9258,10605.47,-6.9048487361,0.378012,0.383822,22.7066,1.2661,1.2759,0.069312,0.65712,-4.68849,161,0.179683,1741.4376,0.068734,0
683,29.1413,5242.01,5042.38,10617.19,-6.8358372987,0.345456,0.396508,23.5015,1.2816,1.2898,0.066958,0.654623,-2.959947,183,0.180971,1873.3181,0.073617,0
684,29.184,5085.24,5028.2187,10394.53,-6.7365408107,0.342383,0.393278,25.2211,1.2966,1.2719,0.06755,0.648409,-8.440392,189,0.184539,1794.701,0.07203,0
685,29.2267,5130.71,5024.0534,10546.88,-6.343469851,0.309679,0.428714,31.8449,1.252,1.1208,0.061305,0.615899,-7.393635,187,0.180273,1909.6833,0.065194,0
686,29.2693,5226.77,5130.7167,10957.03,-6.6651330495,0.423626,0.390239,24.0974,1.2309,1.0499,0.068112,0.642421,-5.309452,164,0.188635,1876.3066,0.065438,0
687,29.312,5228.53,4998.121,10687.5,-5.6431844552,0.37285,0.460969,42.4836,1.1899,0.9096,0.056055,0.549565,0.830167,190,0.192492,1899.4559,0.067391,0
688,29.3547,4951.46,4943.0723,10289.06,-6.2985211574,0.337479,0.419938,36.6289,1.3163,1.3564,0.062802,0.585544,-5.386797,177,0.186899,1844.1981,0.059211,0
689,29.3973,4858.93,4886.8833,10230.47,-5.9287576621,0.505321,0.436782,42.3378,1.304,1.2515,0.059956,0.517838,-8.903183,184,0.187232,1905.8529,0.053351,0
690,29.44,4763.11,4908.5883,10160.16,-5.3027610993,0.360171,0.48945,64.2008,1.2447,0.9622,0.051715,0.389057,4.609595,199,0.215448,2105.9957,0.051032,0
691,29.4827,5042.37,5031.2427,10476.56,-6.0820447504,0.322913,0.438087,37.1147,1.2601,1.101,0.05974,0.56572,-7.408298,175,0.198,1915.5439,0.05506,0
692,29.5253,4948.35,4936.4514,10136.72,-6.6110925634,0.277842,0.398214,29.3303,1.3244,1.3915,0.066647,0.605399,-5.550954,197,0.184576,1998.916,0.059455,0
693,29.568,5027.9,4922.3446,10394.53,-5.6450426992,0.292051,0.469995,51.0984,1.2037,0.9386,0.054651,0.495759,2.434273,165,0.193582,1958.2789,0.061531,0
694,29.6107,5178.77,4989.8602,10476.56,-6.504489005,0.283955,0.400196,27.02,1.2556,1.2344,0.066288,0.621243,-0.90203,182,0.192259,1869.38,0.074838,0
695,29.6533,5332.65,5035.2874,10617.19,-6.6941053964,0.264869,0.397471,25.2106,1.2769,1.3257,0.066782,0.655127,-1.105398,195,0.172342,1846.1462,0.075449,0
696,29.696,5095.56,5014.0624,10265.62,-7.1476973107,0.299982,0.366518,20.9799,1.3592,1.6254,0.072651,0.658456,-5.941195,156,0.187288,1840.9423,0.072152,0
697,29.7387,5215.02,5043.2412,10628.91,-6.8086835023,0.276553,0.400838,24.3085,1.2738,1.2245,0.066172,0.655067,-5.51306,175,0.174548,1763.3389,0.073373,0
698,29.7813,5121.5,5029.4911,10523.44,-6.4104294566,0.370315,0.414326,29.4895,1.2522,1.1225,0.063776,0.599475,-4.343648,189,0.182483,1918.643,0.064339,0
699,29.824,4939.24,5031.9719,10453.12,-6.4485202246,0.360748,0.40431,31.1166,1.3332,1.316,0.065548,0.597581,-6.435797,185,0.183687,1922.574,0.060554,0
700,29.8667,5112.47,5034.5198,10523.44,-6.6561085388,0.350013,0.401374,28.0744,1.2793,1.2571,0.066075,0.608022,-6.440662,178,0.185592,1872.8367,0.067513,0
701,29.9093,5071.71,5000.9728,10464.84,-6.9349236821,0.389477,0.376478,23.5035,1.3149,1.3817,0.07071,0.62554,-3.346236,210,0.182843,1935.2972,0.069589,0
702,29.952,5043.18,4966.2399,10382.81,-6.2117288184,0.418004,0.427684,35.6615,1.248,1.1198,0.06148,0.548963,2.287358,180,0.196361,1778.6765,0.060676,0
703,29.9947,4732.29,4848.2029,9914.06,-5.6421494987,0.301183,0.459377,58.0423,1.2449,1.05,0.056305,0.440561,-10.44835,168,0.205194,2017.4251,0.048834,0
704,30.0373,4921.01,4846.1209,10089.84,-5.8653239097,0.363945,0.450621,48.0926,1.233,1.1333,0.057698,0.482499,-7.587617,191,0.187469,1941.074,0.051398,0
705,30.08,5166.93,5012.6142,10488.28,-6.5553193751,0.393158,0.409479,29.358,1.2708,1.23,0.064628,0.61915,-7.16772,180,0.195415,1841.8179,0.060188,0
706,30.1227,4993.16,4915.4898,10324.22,-5.9056468334,0.311336,0.44903,41.7597,1.2178,0.9954,0.057954,0.522215,-7.44122,172,0.201154,1912.7872,0.058113,0
707,30.1653,4726.01,4837.399,9914.06,-6.395565697,0.317649,0.419279,38.3429,1.3675,1.5092,0.062916,0.564035,-5.009961,168,0.188262,1889.4112,0.061775,0
708,30.208,5290.19,5074.069,10523.44,-7.1313937378,0.362217,0.373067,21.0019,1.3235,1.4682,0.071369,0.670097,-4.167632,166,0.190432,1898.8644,0.067879,0
709,30.2507,5082.7,5058.5386,10476.56,-6.4200945973,0.343861,0.414054,32.0833,1.2798,1.2342,0.063824,0.571025,-8.260203,168,0.189077,1893.9081,0.073862,0
710,30.2933,5355.2,5083.2389,11062.5,-6.4529121139,0.446951,0.42014,28.9441,1.2169,1.0562,0.062768,0.640435,-2.381831,191,0.180665,1868.4937,0.076914,0
711,30.336,5209.95,5084.3228,10710.94,-6.3685718525,0.381211,0.423468,30.1689,1.222,1.0491,0.062196,0.585551,-8.259387,160,0.17766,1851.5933,0.068124,0
712,30.3787,4904.67,4881.5959,10289.06,-6.0405146303,0.332706,0.443015,43.4566,1.2861,1.2052,0.05893,0.546867,0.689072,192,0.185199,1952.6802,0.060798,0
713,30.4213,4952.13,4901.5676,10253.91,-5.790245239,0.304097,0.45963,51.6596,1.2492,1.0443,0.056265,0.498273,2.155493,187,0.180068,1893.7585,0.061165,0
714,30.464,5265.18,4995.1878,10582.03,-6.2458962793,0.330187,0.425602,31.8566,1.2365,1.1475,0.061833,0.628765,-0.872205,184,0.200274,1872.989,0.062263,0
715,30.5067,4846.49,4895.7157,10265.62,-5.9488432101,0.499442,0.437277,45.4675,1.2788,1.1653,0.059874,0.488539,-7.453546,191,0.209034,1861.5406,0.06556,0
716,30.5493,4917.96,4882.5927,10171.88,-5.7318449592,0.577088,0.454901,50.268,1.2469,1.0663,0.057014,0.493613,0.892796,177,0.20107,1989.2492,0.055915,0
717,30.592,4883.91,4880.1469,10195.31,-5.8095127754,0.454691,0.451673,47.0592,1.2691,1.1178,0.057529,0.521248,0.220758,192,0.203374,1991.7733,0.0492,0
718,30.6347,4938.42,4868.3623,10277.34,-5.5685517126,0.337331,0.460238,53.4277,1.211,0.971,0.05617,0.455757,3.334433,186,0.203253,2157.3164,0.052619,0
719,30.6773,4747.42,4893.7943,10078.12,-6.3123530797,0.493442,0.416494,37.3666,1.355,1.3883,0.063399,0.563102,-8.656428,191,0.202816,1989.7418,0.057868,0
720,30.72,5162.56,5084.8159,10476.56,-7.2131674252,0.443694,0.361705,19.2524,1.3166,1.3951,0.073608,0.65896,-4.742718,177,0.201292,1794.7316,0.070199,0
721,30.7627,5322.42,4989.4025,10488.28,-7.0357086026,0.44646,0.367024,19.8683,1.3245,1.5397,0.072551,0.648332,-1.029246,176,0.189277,1955.0382,0.070932,0
722,30.8053,5120.58,4975.7937,10523.44,-6.468991345,0.384775,0.411827,30.2963,1.2458,1.1479,0.064214,0.608241,-7.168163,200,0.197638,1881.6722,0.067025,0
723,30.848,5011.98,4983.3054,10453.12,-6.8253223967,0.378584,0.385253,26.6439,1.3648,1.5193,0.069042,0.629508,-6.785856,208,0.189377,1895.5544,0.069344,0
724,30.8907,5178.47,4961.2852,10464.84,-6.3597720841,0.419774,0.420374,32.9776,1.23,1.145,0.062727,0.598285,-0.437259,182,0.19601,1837.0095,0.065804,0
725,30.9333,4942.31,4946.2063,10289.06,-6.4411262947,0.456277,0.415643,34.1773,1.2912,1.2513,0.063547,0.573515,-5.993994,179,0.189535,1903.4173,0.057624,0
726,30.976,4944.07,4952.5453,10359.38,-6.3264992506,0.518043,0.421003,34.7417,1.317,1.3101,0.062619,0.575149,-6.878061,180,0.184341,1898.0745,0.058479,0
727,31.0187,5052.76,5064.5791,10535.16,-7.2150586117,0.378956,0.359026,20.0227,1.3375,1.4563,0.074146,0.652618,-4.946966,180,0.191108,1795.1201,0.06263,0
728,31.0613,5163.48,5047.4713,10488.28,-6.9756226697,0.453069,0.377608,21.4121,1.3397,1.4711,0.070493,0.665497,-3.228153,184,0.190044,1917.1182,0.069466,0
729,31.104,5226.82,5088.4929,10699.22,-6.8834948138,0.331945,0.385894,24.7414,1.3206,1.4102,0.068922,0.648696,-5.29668,190,0.190852,1980.3216,0.072397,0
730,31.1467,5095.15,4904.852,10289.06,-6.1152668287,0.33873,0.427727,35.0871,1.2629,1.2049,0.061472,0.593257,-8.25204,189,0.181126,1775.768,0.071298,0
731,31.1893,5179.92,5038.2569,10617.19,-6.6920671754,0.343005,0.396868,24.5518,1.2767,1.2577,0.066892,0.643317,-2.732986,191,0.185573,1862.2172,0.07435,0
732,31.232,5085.38,5062.6811,10652.34,-6.3446380218,0.312706,0.424665,33.127,1.2584,1.1121,0.061992,0.58991,-8.948437,164,0.197309,1852.1038,0.07203,0
733,31.2747,4944.17,4949.9458,10277.34,-6.2389182063,0.367687,0.423012,36.397,1.2837,1.2007,0.062275,0.552539,-8.358341,193,0.184773,1850.4793,0.058723,0
734,31.3173,4917.57,4934.2945,10464.84,-5.7300651646,0.341845,0.449078,47.0743,1.2791,1.1304,0.057946,0.505344,-7.937125,181,0.189314,1956.3689,0.051276,0
735,31.36,4974.13,4967.6547,10382.81,-6.385914653,0.551083,0.412525,34.2153,1.3075,1.3039,0.064092,0.580357,-8.557893,172,0.198901,1953.1293,0.056892,0
736,31.4027,4971.33,4995.0945,10289.06,-6.9476573422,0.426483,0.384008,25.5317,1.3595,1.5008,0.069277,0.633427,-7.852377,174,0.186665,1845.4594,0.064583,0
737,31.4453,4997.28,4989.3903,10347.66,-6.510701204,0.460341,0.400158,28.9796,1.3298,1.4032,0.066295,0.60517,-6.632303,159,0.18813,1804.7773,0.062141,0
738,31.488,5231.97,5061.7089,10523.44,-6.9054149025,0.437868,0.382989,21.5713,1.2866,1.3236,0.069469,0.644996,-3.487398,188,0.181635,1867.2791,0.065804,0
739,31.5307,5089.89,5001.3162,10417.97,-6.1790480363,0.290598,0.431729,38.9205,1.2708,1.1953,0.060798,0.582821,-1.08248,196,0.196589,1986.2294,0.06556,0
740,31.5733,5234.97,4964.1227,10640.62,-6.0202281839,0.295857,0.449276,37.7123,1.1858,0.9529,0.057915,0.595043,-0.419913,184,0.188216,1840.6809,0.062874,0
741,31.616,5020.72,4999.546,10488.28,-6.1210160122,0.234353,0.442908,40.0718,1.2258,0.9811,0.058948,0.535543,-9.424333,204,0.180573,1841.1469,0.070809,0
742,31.6587,5193.99,4964.4065,10464.84,-6.3404316787,0.265267,0.420651,32.5638,1.2533,1.219,0.06268,0.628266,-0.358417,180,0.193544,1849.1295,0.07142,0
743,31.7013,5101.36,4967.7445,10488.28,-6.7275734147,0.388537,0.396453,25.3223,1.2787,1.2724,0.066968,0.638712,-0.94595,190,0.196263,1704.456,0.055305,0
744,31.744,5032.58,5040.6438,10675.78,-6.8671089716,0.491335,0.394136,22.8961,1.2928,1.234,0.067392,0.617921,-55.051005,1,0.277823,578.0397,0.019656,0
745,31.7867,0.0,0.0,0.0,0.0,0.0,0.0,0.0,0.0,0.0,0.0,0.0,0.0,0,0.0,0.0,0.0,1
746,31.8293,0.0,0.0,0.0,0.0,0.0,0.0,0.0,0.0,0.0,0.0,0.0,0.0,0,0.0,0.0,0.0,1
747,31.872,0.0,0.0,0.0,0.0,0.0,0.0,0.0,0.0,0.0,0.0,0.0,0.0,0,0.0,0.0,0.0,1
748,31.9147,0.0,0.0,0.0,0.0,0.0,0.0,0.0,0.0,0.0,0.0,0.0,0.0,0,0.0,0.0,0.0,1
749,31.9573,0.0,0.0,0.0,0.0,0.0,0.0,0.0,0.0,0.0,0.0,0.0,0.0,0,0.0,0.0,0.0,1
750,32.0,0.0,0.0,0.0,0.0,0.0,0.0,0.0,0.0,0.0,0.0,0.0,0.0,0,0.0,0.0,0.0,1
751,32.0427,0.0,0.0,0.0,0.0,0.0,0.0,0.0,0.0,0.0,0.0,0.0,0.0,0,0.0,0.0,0.0,1
752,32.0853,0.0,0.0,0.0,0.0,0.0,0.0,0.0,0.0,0.0,0.0,0.0,0.0,0,0.0,0.0,0.0,1
753,32.128,0.0,0.0,0.0,0.0,0.0,0.0,0.0,0.0,0.0,0.0,0.0,0.0,0,0.0,0.0,0.0,1
754,32.1707,0.0,0.0,0.0,0.0,0.0,0.0,0.0,0.0,0.0,0.0,0.0,0.0,0,0.0,0.0,0.0,1
755,32.2133,0.0,0.0,0.0,0.0,0.0,0.0,0.0,0.0,0.0,0.0,0.0,0.0,0,0.0,0.0,0.0,1
756,32.256,0.0,0.0,0.0,0.0,0.0,0.0,0.0,0.0,0.0,0.0,0.0,0.0,0,0.0,0.0,0.0,1
757,32.2987,0.0,0.0,0.0,0.0,0.0,0.0,0.0,0.0,0.0,0.0,0.0,0.0,0,0.0,0.0,0.0,1
758,32.3413,0.0,0.0,0.0,0.0,0.0,0.0,0.0,0.0,0.0,0.0,0.0,0.0,0,0.0,0.0,0.0,1
759,32.384,0.0,0.0,0.0,0.0,0.0,0.0,0.0,0.0,0.0,0.0,0.0,0.0,0,0.0,0.0,0.0,1
760,32.4267,0.0,0.0,0.0,0.0,0.0,0.0,0.0,0.0,0.0,0.0,0.0,0.0,0,0.0,0.0,0.0,1
761,32.4693,0.0,0.0,0.0,0.0,0.0,0.0,0.0,0.0,0.0,0.0,0.0,0.0,0,0.0,0.0,0.0,1
762,32.512,0.0,0.0,0.0,0.0,0.0,0.0,0.0,0.0,0.0,0.0,0.0,0.0,0,0.0,0.0,0.0,1
763,32.5547,0.0,0.0,0.0,0.0,0.0,0.0,0.0,0.0,0.0,0.0,0.0,0.0,0,0.0,0.0,0.0,1
764,32.5973,0.0,0.0,0.0,0.0,0.0,0.0,0.0,0.0,0.0,0.0,0.0,0.0,0,0.0,0.0,0.0,1
765,32.64,0.0,0.0,0.0,0.0,0.0,0.0,0.0,0.0,0.0,0.0,0.0,0.0,0,0.0,0.0,0.0,1
766,32.6827,0.0,0.0,0.0,0.0,0.0,0.0,0.0,0.0,0.0,0.0,0.0,0.0,0,0.0,0.0,0.0,1
767,32.7253,0.0,0.0,0.0,0.0,0.0,0.0,0.0,0.0,0.0,0.0,0.0,0.0,0,0.0,0.0,0.0,1
768,32.768,0.0,0.0,0.0,0.0,0.0,0.0,0.0,0.0,0.0,0.0,0.0,0.0,0,0.0,0.0,0.0,1
769,32.8107,0.0,0.0,0.0,0.0,0.0,0.0,0.0,0.0,0.0,0.0,0.0,0.0,0,0.0,0.0,0.0,1
770,32.8533,0.0,0.0,0.0,0.0,0.0,0.0,0.0,0.0,0.0,0.0,0.0,0.0,0,0.0,0.0,0.0,1
771,32.896,0.0,0.0,0.0,0.0,0.0,0.0,0.0,0.0,0.0,0.0,0.0,0.0,0,0.0,0.0,0.0,1
772,32.9387,0.0,0.0,0.0,0.0,0.0,0.0,0.0,0.0,0.0,0.0,0.0,0.0,0,0.0,0.0,0.0,1
773,32.9813,0.0,0.0,0.0,0.0,0.0,0.0,0.0,0.0,0.0,0.0,0.0,0.0,0,0.0,0.0,0.0,1
774,33.024,0.0,0.0,0.0,0.0,0.0,0.0,0.0,0.0,0.0,0.0,0.0,0.0,0,0.0,0.0,0.0,1
775,33.0667,0.0,0.0,0.0,0.0,0.0,0.0,0.0,0.0,0.0,0.0,0.0,0.0,0,0.0,0.0,0.0,1
776,33.1093,0.0,0.0,0.0,0.0,0.0,0.0,0.0,0.0,0.0,0.0,0.0,0.0,0,0.0,0.0,0.0,1
777,33.152,0.0,0.0,0.0,0.0,0.0,0.0,0.0,0.0,0.0,0.0,0.0,0.0,0,0.0,0.0,0.0,1
778,33.1947,0.0,0.0,0.0,0.0,0.0,0.0,0.0,0.0,0.0,0.0,0.0,0.0,0,0.0,0.0,0.0,1
779,33.2373,0.0,0.0,0.0,0.0,0.0,0.0,0.0,0.0,0.0,0.0,0.0,0.0,0,0.0,0.0,0.0,1
780,33.28,0.0,0.0,0.0,0.0,0.0,0.0,0.0,0.0,0.0,0.0,0.0,0.0,0,0.0,0.0,0.0,1
781,33.3227,0.0,0.0,0.0,0.0,0.0,0.0,0.0,0.0,0.0,0.0,0.0,0.0,0,0.0,0.0,0.0,1
782,33.3653,0.0,0.0,0.0,0.0,0.0,0.0,0.0,0.0,0.0,0.0,0.0,0.0,0,0.0,0.0,0.0,1
783,33.408,0.0,0.0,0.0,0.0,0.0,0.0,0.0,0.0,0.0,0.0,0.0,0.0,0,0.0,0.0,0.0,1
784,33.4507,0.0,0.0,0.0,0.0,0.0,0.0,0.0,0.0,0.0,0.0,0.0,0.0,0,0.0,0.0,0.0,1
785,33.4933,0.0,0.0,0.0,0.0,0.0,0.0,0.0,0.0,0.0,0.0,0.0,0.0,0,0.0,0.0,0.0,1
786,33.536,0.0,0.0,0.0,0.0,0.0,0.0,0.0,0.0,0.0,0.0,0.0,0.0,0,0.0,0.0,0.0,1
787,33.5787,0.0,0.0,0.0,0.0,0.0,0.0,0.0,0.0,0.0,0.0,0.0,0.0,0,0.0,0.0,0.0,1
788,33.6213,0.0,0.0,0.0,0.0,0.0,0.0,0.0,0.0,0.0,0.0,0.0,0.0,0,0.0,0.0,0.0,1
789,33.664,0.0,0.0,0.0,0.0,0.0,0.0,0.0,0.0,0.0,0.0,0.0,0.0,0,0.0,0.0,0.0,1
790,33.7067,0.0,0.0,0.0,0.0,0.0,0.0,0.0,0.0,0.0,0.0,0.0,0.0,0,0.0,0.0,0.0,1
791,33.7493,0.0,0.0,0.0,0.0,0.0,0.0,0.0,0.0,0.0,0.0,0.0,0.0,0,0.0,0.0,0.0,1
792,33.792,0.0,0.0,0.0,0.0,0.0,0.0,0.0,0.0,0.0,0.0,0.0,0.0,0,0.0,0.0,0.0,1
793,33.8347,0.0,0.0,0.0,0.0,0.0,0.0,0.0,0.0,0.0,0.0,0.0,0.0,0,0.0,0.0,0.0,1
794,33.8773,0.0,0.0,0.0,0.0,0.0,0.0,0.0,0.0,0.0,0.0,0.0,0.0,0,0.0,0.0,0.0,1
795,33.92,0.0,0.0,0.0,0.0,0.0,0.0,0.0,0.0,0.0,0.0,0.0,0.0,0,0.0,0.0,0.0,1
796,33.9627,0.0,0.0,0.0,0.0,0.0,0.0,0.0,0.0,0.0,0.0,0.0,0.0,0,0.0,0.0,0.0,1
797,34.0053,0.0,0.0,0.0,0.0,0.0,0.0,0.0,0.0,0.0,0.0,0.0,0.0,0,0.0,0.0,0.0,1
798,34.048,0.0,0.0,0.0,0.0,0.0,0.0,0.0,0.0,0.0,0.0,0.0,0.0,0,0.0,0.0,0.0,1
799,34.0907,0.0,0.0,0.0,0.0,0.0,0.0,0.0,0.0,0.0,0.0,0.0,0.0,0,0.0,0.0,0.0,1
800,34.1333,0.0,0.0,0.0,0.0,0.0,0.0,0.0,0.0,0.0,0.0,0.0,0.0,0,0.0,0.0,0.0,1
801,34.176,0.0,0.0,0.0,0.0,0.0,0.0,0.0,0.0,0.0,0.0,0.0,0.0,0,0.0,0.0,0.0,1
802,34.2187,0.0,0.0,0.0,0.0,0.0,0.0,0.0,0.0,0.0,0.0,0.0,0.0,0,0.0,0.0,0.0,1
803,34.2613,0.0,0.0,0.0,0.0,0.0,0.0,0.0,0.0,0.0,0.0,0.0,0.0,0,0.0,0.0,0.0,1
804,34.304,0.0,0.0,0.0,0.0,0.0,0.0,0.0,0.0,0.0,0.0,0.0,0.0,0,0.0,0.0,0.0,1
805,34.3467,0.0,0.0,0.0,0.0,0.0,0.0,0.0,0.0,0.0,0.0,0.0,0.0,0,0.0,0.0,0.0,1
806,34.3893,0.0,0.0,0.0,0.0,0.0,0.0,0.0,0.0,0.0,0.0,0.0,0.0,0,0.0,0.0,0.0,1
807,34.432,0.0,0.0,0.0,0.0,0.0,0.0,0.0,0.0,0.0,0.0,0.0,0.0,0,0.0,0.0,0.0,1
808,34.4747,0.0,0.0,0.0,0.0,0.0,0.0,0.0,0.0,0.0,0.0,0.0,0.0,0,0.0,0.0,0.0,1
809,34.5173,0.0,0.0,0.0,0.0,0.0,0.0,0.0,0.0,0.0,0.0,0.0,0.0,0,0.0,0.0,0.0,1
810,34.56,0.0,0.0,0.0,0.0,0.0,0.0,0.0,0.0,0.0,0.0,0.0,0.0,0,0.0,0.0,0.0,1
811,34.6027,0.0,0.0,0.0,0.0,0.0,0.0,0.0,0.0,0.0,0.0,0.0,0.0,0,0.0,0.0,0.0,1
812,34.6453,0.0,0.0,0.0,0.0,0.0,0.0,0.0,0.0,0.0,0.0,0.0,0.0,0,0.0,0.0,0.0,1
813,34.688,0.0,0.0,0.0,0.0,0.0,0.0,0.0,0.0,0.0,0.0,0.0,0.0,0,0.0,0.0,0.0,1
814,34.7307,0.0,0.0,0.0,0.0,0.0,0.0,0.0,0.0,0.0,0.0,0.0,0.0,0,0.0,0.0,0.0,1
815,34.7733,0.0,0.0,0.0,0.0,0.0,0.0,0.0,0.0,0.0,0.0,0.0,0.0,0,0.0,0.0,0.0,1
816,34.816,0.0,0.0,0.0,0.0,0.0,0.0,0.0,0.0,0.0,0.0,0.0,0.0,0,0.0,0.0,0.0,1
817,34.8587,0.0,0.0,0.0,0.0,0.0,0.0,0.0,0.0,0.0,0.0,0.0,0.0,0,0.0,0.0,0.0,1
818,34.9013,0.0,0.0,0.0,0.0,0.0,0.0,0.0,0.0,0.0,0.0,0.0,0.0,0,0.0,0.0,0.0,1
819,34.944,0.0,0.0,0.0,0.0,0.0,0.0,0.0,0.0,0.0,0.0,0.0,0.0,0,0.0,0.0,0.0,1
820,34.9867,0.0,0.0,0.0,0.0,0.0,0.0,0.0,0.0,0.0,0.0,0.0,0.0,0,0.0,0.0,0.0,1
821,35.0293,0.0,0.0,0.0,0.0,0.0,0.0,0.0,0.0,0.0,0.0,0.0,0.0,0,0.0,0.0,0.0,1
822,35.072,0.0,0.0,0.0,0.0,0.0,0.0,0.0,0.0,0.0,0.0,0.0,0.0,0,0.0,0.0,0.0,1
823,35.1147,0.0,0.0,0.0,0.0,0.0,0.0,0.0,0.0,0.0,0.0,0.0,0.0,0,0.0,0.0,0.0,1
