frame,time,centroid,spread,rolloff,slope,obsir_std,flatness,crest,skewness,kurtosis,tonality,entropy,tpr,n_peaks,flux,irregularity,zcr,gated
0,0.0,5962.87,5825.5851,12257.81,-6.4203828592,0.279028,0.420648,25.5132,1.2496,1.0177,0.06268,0.653025,-3.896789,150,0.0,1949.4992,0.0796,0
1,0.0427,5754.84,5778.8273,11941.41,-6.7517696613,0.306978,0.387278,22.3756,1.3342,1.2579,0.068663,0.660879,-7.211797,155,0.276314,2179.8645,0.079966,0
2,0.0853,6067.8,5912.8761,12503.91,-6.5569632376,0.263224,0.407079,23.0968,1.2401,1.0132,0.065053,0.66387,-2.901221,165,0.278088,2140.6555,0.077646,0
3,0.128,5805.92,5777.8158,11906.25,-6.5753483744,0.316548,0.405065,23.9078,1.3048,1.211,0.065413,0.636812,-7.386062,156,0.273105,2146.2605,0.07728,0
4,0.1707,5964.93,5764.4103,12246.09,-6.1427770842,0.310463,0.433698,27.6849,1.2167,0.8995,0.060469,0.627107,-6.963247,163,0.266825,1961.2373,0.075449,0
5,0.2133,5788.92,5792.8713,12035.16,-6.8455828424,0.253217,0.389862,20.8152,1.3154,1.2283,0.068182,0.665855,-5.235342,165,0.276082,2108.5302,0.074106,0
6,0.256,5762.72,5817.4466,11894.53,-6.6940377,0.342772,0.397466,22.0716,1.3417,1.2994,0.066783,0.656841,-4.159939,168,0.270491,2076.9692,0.075571,0
7,0.2987,5867.44,5774.1422,12093.75,-6.185389726,0.298284,0.435195,27.7737,1.2834,1.0699,0.060219,0.645832,-7.906739,188,0.276028,1906.0345,0.071298,0
8,0.3413,5601.07,5714.0015,11894.53,-5.7616983284,0.252925,0.457412,40.3922,1.2337,0.836,0.056615,0.560884,1.095143,191,0.281854,2023.7739,0.067635,0
9,0.384,5634.38,5726.0046,11707.03,-6.4754414215,0.400295,0.405634,25.8,1.3531,1.2941,0.065311,0.648221,-5.088932,162,0.280806,2003.768,0.072152,0
10,0.4267,5746.04,5675.0628,11660.16,-6.2226707198,0.322341,0.426974,28.0941,1.3009,1.1788,0.0616,0.642561,-3.157622,170,0.300219,2059.9822,0.074716,0
11,0.4693,6037.33,5858.6017,12515.62,-6.2848861855,0.292978,0.430275,24.1259,1.2278,0.9031,0.061042,0.66996,-6.600176,163,0.265744,2035.2762,0.073007,0
12,0.512,5807.58,5737.0332,11835.94,-6.2069492988,0.373844,0.43027,26.4401,1.2971,1.12,0.061043,0.661091,-3.180187,156,0.267133,1886.4226,0.075571,0
13,0.5547,5684.23,5751.5117,11707.03,-6.2591715555,0.320482,0.420942,25.7538,1.2835,1.0664,0.06263,0.629311,-2.509461,173,0.295178,2010.2936,0.073007,0
14,0.5973,5728.21,5758.7059,11882.81,-6.1177030993,0.30536,0.434491,31.9274,1.2829,1.0525,0.060337,0.621003,0.71065,181,0.276127,1998.3096,0.070565,0
15,0.64,5865.56,5708.3,12011.72,-6.2847618931,0.273878,0.428076,28.7,1.2798,1.1063,0.061413,0.65879,-2.803036,169,0.28527,2028.9234,0.074228,0
16,0.6827,5815.29,5752.9763,11929.69,-6.3122326155,0.257414,0.421509,26.8536,1.3015,1.1518,0.062532,0.653298,-2.436849,161,0.276722,1935.7231,0.073862,0
17,0.7253,5877.77,5910.2628,12468.75,-6.4045930367,0.197331,0.40991,24.3173,1.2535,0.9648,0.064552,0.638604,-4.176486,165,0.275187,2170.0891,0.074106,0
18,0.768,5709.86,5794.8551,11988.28,-5.802599706,0.339939,0.449904,33.0505,1.2654,0.9398,0.057813,0.61338,-1.924812,158,0.287904,1950.4694,0.076792,0
19,0.8107,5848.19,5810.9685,12082.03,-6.7289575554,0.314629,0.398551,22.2763,1.3037,1.1893,0.066586,0.665434,-5.235281,166,0.277515,2149.6841,0.077768,0
20,0.8533,5607.17,5787.986,11648.44,-6.6767747701,0.309486,0.393513,22.9229,1.358,1.3064,0.067507,0.643933,-5.744303,158,0.278611,1982.7972,0.07789,0
21,0.896,5821.59,5752.0063,11871.09,-6.8697548964,0.272694,0.390796,20.3072,1.3338,1.2824,0.068008,0.678872,-3.929972,161,0.29523,2050.0133,0.08082,0
22,0.9387,5864.52,5810.3791,11988.28,-6.8523545504,0.178877,0.389095,20.1187,1.2914,1.166,0.068324,0.667833,-7.247546,175,0.289406,2009.299,0.082163,0
23,0.9813,5963.85,5875.516,12199.22,-7.353063259,0.281632,0.355128,15.694,1.3173,1.3226,0.074936,0.699205,-5.267,164,0.278512,2337.0782,0.081797,0
24,1.024,5670.48,5718.3958,11753.91,-6.2399270713,0.265506,0.432138,29.0385,1.2965,1.1115,0.06073,0.625721,-0.705861,175,0.283618,1960.7957,0.076792,0
25,1.0667,5678.69,5675.3708,11542.97,-6.8367004655,0.187231,0.385192,19.5186,1.3338,1.3428,0.069054,0.668568,-5.810429,146,0.283349,2084.1478,0.07496,0
26,1.1093,5832.67,5685.4536,12011.72,-6.4207718377,0.318279,0.417105,25.5557,1.2961,1.1682,0.063292,0.667596,-1.713613,180,0.282407,1947.2272,0.080088,0
27,1.152,5945.63,5842.4308,12281.25,-6.8611711922,0.314835,0.391942,19.3631,1.2498,1.0523,0.067796,0.683634,-5.677438,177,0.288367,2188.0673,0.082163,0
28,1.1947,5525.22,5704.0591,11531.25,-6.4877969876,0.238051,0.405696,24.8066,1.3409,1.2418,0.0653,0.65509,-3.100474,186,0.281443,2023.1276,0.077524,0
29,1.2373,5862.2,5796.4956,11941.41,-6.4437675201,0.198814,0.412682,25.0152,1.2905,1.15,0.064064,0.65791,-5.30694,177,0.290946,2008.1829,0.075082,0
30,1.28,5475.67,5645.5644,11542.97,-5.7541187263,0.198523,0.461289,43.6063,1.3163,1.1058,0.056004,0.55861,0.408462,161,0.280654,1803.8843,0.073984,0
31,1.3227,5800.53,5799.0026,11988.28,-6.0055967331,0.233565,0.439186,31.0254,1.2651,0.9721,0.059559,0.615047,-6.594175,162,0.291958,1906.7583,0.070321,0
32,1.3653,5679.62,5732.9613,11765.62,-5.9251788468,0.285987,0.444248,34.2385,1.2907,1.0396,0.058729,0.603871,-0.745597,185,0.283317,2008.4722,0.071176,0
33,1.408,6145.1,5892.2288,12410.16,-7.4053947212,0.283046,0.352033,14.772,1.2987,1.3016,0.075569,0.702512,-1.786234,175,0.288235,2174.489,0.079722,0
34,1.4507,5904.32,5801.4974,12000.0,-6.9466585943,0.369781,0.377791,18.9059,1.3223,1.2911,0.070458,0.673835,-5.150055,192,0.270874,2190.3628,0.08375,0
35,1.4933,5991.79,5828.5383,12246.09,-6.542082124,0.256179,0.41297,21.9016,1.2466,1.0058,0.064014,0.674283,-7.71494,174,0.270692,1946.1001,0.078989,0
36,1.536,5730.86,5700.2713,11917.97,-5.7818049021,0.264983,0.458326,38.3043,1.2455,0.9208,0.056471,0.580888,0.872765,173,0.273143,1980.2858,0.071054,0
37,1.5787,5829.15,5805.1117,11953.12,-6.6885956941,0.269058,0.403802,21.661,1.3205,1.2338,0.065639,0.670241,-7.098739,157,0.25779,2012.5962,0.078867,0
38,1.6213,5901.37,5855.3458,12117.19,-6.7541311732,0.232723,0.387726,21.2572,1.3151,1.2315,0.068579,0.667423,-3.576804,164,0.27649,2088.7629,0.08546,0
39,1.664,5919.64,5804.7689,12316.41,-6.1854023998,0.230177,0.441302,27.8142,1.2427,0.9331,0.059211,0.660923,-2.953511,150,0.27836,1953.6231,0.076792,0
40,1.7067,5596.98,5706.332,11683.59,-6.4255913297,0.310839,0.408238,25.0293,1.3356,1.2525,0.064848,0.647389,-5.538685,138,0.270929,1924.8776,0.072763,0
41,1.7493,5591.05,5721.6724,11671.88,-6.1190758108,0.253818,0.428975,33.2154,1.314,1.1356,0.061261,0.610776,-7.073412,144,0.283602,1992.956,0.068734,0
42,1.792,5438.36,5645.0783,11636.72,-5.9374695178,0.279491,0.446038,36.9314,1.3171,1.1022,0.058438,0.589293,-2.045199,156,0.275204,1826.4824,0.065438,0
43,1.8347,5900.78,5892.3805,12246.09,-7.1206987038,0.284472,0.364019,17.8948,1.3256,1.2819,0.073146,0.675876,-7.328114,176,0.290696,2283.8958,0.067513,0
44,1.8773,5642.92,5758.0414,11953.12,-5.5434651572,0.375085,0.466444,44.2102,1.247,0.8788,0.0552,0.542526,0.387411,158,0.286905,1859.3171,0.067879,0
45,1.92,5748.18,5775.3788,11976.56,-6.1683256105,0.250571,0.429127,29.9246,1.2997,1.0832,0.061236,0.639982,-7.910822,170,0.299507,1961.8126,0.067757,0
46,1.9627,5733.44,5783.6656,12035.16,-6.4240761081,0.269383,0.410193,23.9256,1.3195,1.1507,0.064502,0.653636,-0.822626,177,0.291111,1952.956,0.073617,0
47,2.0053,5598.28,5758.2849,11777.34,-6.1293203054,0.239584,0.431664,29.6114,1.3172,1.0997,0.060809,0.618553,-4.264247,180,0.287637,1947.5768,0.071786,0
48,2.048,5574.89,5690.2251,11589.84,-6.3569873758,0.33975,0.422776,30.5312,1.3111,1.1497,0.062315,0.61058,-3.398492,162,0.261325,1915.8272,0.070077,0
49,2.0907,5631.4,5752.9114,11835.94,-6.2930483143,0.33101,0.420389,26.7455,1.2973,1.0874,0.062725,0.616224,-11.125948,147,0.272068,1969.4656,0.075937,0
50,2.1333,6137.71,5889.8769,12609.38,-5.9655192781,0.208092,0.451481,29.0925,1.1481,0.6846,0.05756,0.646653,-3.446163,165,0.281722,2060.7509,0.074716,0
51,2.176,5834.1,5732.0708,11964.84,-5.6244726135,0.256715,0.46845,37.8654,1.2258,0.8603,0.054889,0.598059,-0.561594,174,0.269151,1953.6694,0.069711,0
52,2.2187,5961.8,5880.2005,12468.75,-6.7213435188,0.314271,0.393684,20.0994,1.2974,1.1432,0.067475,0.658752,-2.894585,169,0.276668,2091.316,0.072519,0
53,2.2613,5739.97,5767.1908,11789.06,-7.0879139567,0.279239,0.373876,18.3934,1.3723,1.4547,0.071212,0.666994,-6.209331,164,0.281812,2148.4236,0.077158,0
54,2.304,5669.88,5787.8765,11625.0,-6.8456345238,0.407227,0.370259,20.1496,1.3757,1.4251,0.071916,0.649415,-4.359522,162,0.280206,2092.8139,0.078257,0
55,2.3467,5769.39,5825.359,12117.19,-6.9372518756,0.36451,0.381375,19.1244,1.3238,1.2365,0.069775,0.6719,-6.306001,187,0.284646,2158.3838,0.079111,0
56,2.3893,5787.57,5802.148,11976.56,-6.3474177444,0.241536,0.424735,28.2411,1.2783,1.0293,0.06198,0.653216,-2.367127,155,0.281604,1923.955,0.077158,0
57,2.432,5939.69,5840.7457,12257.81,-6.5888882712,0.296896,0.40153,22.683,1.2837,1.1461,0.066047,0.661788,-5.85428,171,0.274099,2104.6299,0.07728,0
58,2.4747,5828.25,5808.757,12210.94,-6.2927157441,0.338456,0.427108,26.511,1.2608,1.0232,0.061577,0.643291,-1.98894,170,0.284841,2073.48,0.077768,0
59,2.5173,5886.29,5827.4887,12257.81,-6.3047476621,0.267674,0.417262,26.7197,1.258,1.0074,0.063265,0.630382,-4.307463,159,0.287035,2025.8459,0.080454,0
60,2.56,5851.7,5880.7697,12281.25,-6.4649601075,0.300904,0.413422,25.0123,1.2977,1.0762,0.063934,0.648813,-2.877695,179,0.280785,1984.4539,0.087535,0
61,2.6027,6061.68,5920.855,12585.94,-6.9146220158,0.317539,0.389312,19.4621,1.2852,1.1326,0.068284,0.688869,-6.258099,150,0.27458,2089.1247,0.087413,0
62,2.6453,5624.62,5731.745,11789.06,-6.1992670096,0.381694,0.425705,28.0372,1.3189,1.1732,0.061815,0.626677,-1.827103,168,0.278181,2064.2473,0.081187,0
63,2.688,5813.59,5790.1906,12117.19,-6.6321554619,0.175325,0.397037,23.6681,1.2976,1.1746,0.066861,0.663237,-2.653725,169,0.276169,2073.124,0.080698,0
64,2.7307,6002.63,5819.69,12445.31,-6.1495735243,0.339713,0.434235,27.0495,1.2287,0.9272,0.060379,0.650731,-2.657305,175,0.284769,1989.21,0.082041,0
65,2.7733,5672.43,5717.3189,11718.75,-6.2682939546,0.211329,0.422389,30.0606,1.3199,1.204,0.062381,0.634624,-2.380436,168,0.279974,1992.5424,0.077036,0
66,2.816,5642.26,5718.9943,11718.75,-6.5772769916,0.222892,0.3999,23.4203,1.3347,1.2761,0.066341,0.64441,-1.526621,158,0.275236,1989.9112,0.074106,0
67,2.8587,6193.3,5955.6112,12574.22,-7.2646932848,0.281771,0.362292,16.8505,1.2682,1.1523,0.07349,0.693417,-2.458198,191,0.276982,2196.8527,0.081065,0
68,2.9013,6013.34,5914.6026,12304.69,-7.191728006,0.324235,0.35898,16.2453,1.3154,1.2797,0.074155,0.686919,-5.592536,164,0.267909,2101.5703,0.083018,0
69,2.944,5966.48,5826.2847,12246.09,-6.5834739442,0.289153,0.402956,22.2412,1.2752,1.1314,0.06579,0.664659,-10.497464,151,0.275382,2108.768,0.079111,0
70,2.9867,5725.87,5729.397,11789.06,-5.691600971,0.286643,0.464962,39.3937,1.2482,0.9354,0.05543,0.570311,0.889041,167,0.271914,1914.5955,0.073495,0
71,3.0293,5798.47,5816.0183,11988.28,-7.0580042131,0.398964,0.370398,18.0506,1.3284,1.2706,0.071889,0.66166,-5.375688,169,0.290763,2294.8977,0.066781,0
72,3.072,5803.56,5829.9256,11941.41,-7.2680697981,0.322429,0.353764,17.5309,1.337,1.3777,0.075214,0.662189,-7.313793,159,0.290786,2276.4559,0.068734,0
73,3.1147,5654.72,5844.1858,11871.09,-6.7288263107,0.2095,0.390837,21.4895,1.3393,1.2801,0.068001,0.649435,-6.169244,171,0.279294,2040.9873,0.076792,0
74,3.1573,5953.73,5822.2479,12386.72,-6.7621737363,0.348182,0.396051,21.2211,1.2723,1.1235,0.067042,0.671759,-6.16585,157,0.279339,2065.5704,0.079233,0
75,3.2,5740.89,5793.4075,12105.47,-6.5896092897,0.270536,0.404565,23.184,1.3177,1.2071,0.065502,0.646102,-3.077312,166,0.271843,2086.2736,0.074472,0
76,3.2427,5704.4,5797.127,12093.75,-6.2553834825,0.217266,0.420461,27.445,1.2917,1.0967,0.062712,0.636064,-8.258723,164,0.285122,2089.9355,0.069955,0
77,3.2853,5950.95,5898.9081,12363.28,-6.5902139964,0.255714,0.403461,22.42,1.2701,1.0324,0.0657,0.663351,-3.200656,184,0.280776,2042.9657,0.075937,0
78,3.328,5925.71,5808.8691,12152.34,-7.1984250922,0.284064,0.364856,16.9491,1.3184,1.2952,0.07298,0.689701,-7.006026,150,0.295574,2117.8711,0.078867,0
79,3.3707,5773.19,5814.0339,11906.25,-6.6860475501,0.346187,0.389685,22.7667,1.3133,1.2075,0.068214,0.649313,-2.209381,169,0.280587,2109.8759,0.073739,0
80,3.4133,5859.06,5820.8801,12070.31,-6.7266628143,0.225142,0.389785,22.0807,1.3137,1.2261,0.068196,0.657854,-3.671497,170,0.28428,2078.9369,0.074228,0
81,3.456,5760.41,5812.3772,12046.88,-6.086190024,0.266609,0.434882,30.7191,1.2657,0.9904,0.060271,0.624282,-7.004745,154,0.285387,1970.5848,0.075571,0
82,3.4987,5599.62,5767.1896,11789.06,-6.3686853431,0.248235,0.411454,27.2968,1.3388,1.2157,0.06428,0.641147,-5.006913,159,0.281679,1999.036,0.073495,0
83,3.5413,6001.35,5858.2117,12246.09,-6.7331658297,0.337352,0.38236,20.4165,1.3068,1.238,0.069588,0.679543,-5.67604,161,0.277535,2105.1692,0.075449,0
84,3.584,5761.34,5832.5746,12117.19,-6.481345303,0.332239,0.412978,25.0203,1.3078,1.1238,0.064012,0.649407,-6.150187,156,0.283054,1947.2338,0.08375,0
85,3.6267,5827.0,5746.9731,11824.22,-6.4413054396,0.322544,0.409551,24.7306,1.3107,1.2137,0.064615,0.659749,-5.082229,161,0.259734,2086.2604,0.08314,0
86,3.6693,5829.03,5711.5984,11800.78,-6.7023419695,0.338454,0.39445,21.7533,1.3259,1.2902,0.067335,0.668644,-2.467394,175,0.273499,2056.6319,0.079722,0
87,3.712,5759.14,5750.5994,11859.38,-6.4375590478,0.202678,0.405704,23.7309,1.2991,1.2169,0.065298,0.636059,0.102354,169,0.266408,2026.2195,0.080698,0
88,3.7547,6099.8,5843.6459,12339.84,-6.6742925187,0.274133,0.39867,22.0081,1.254,1.0912,0.066564,0.666639,-5.233278,171,0.270854,2058.6486,0.08314,0
89,3.7973,5698.44,5702.1083,11882.81,-6.1553036115,0.207656,0.438294,31.3242,1.2718,1.041,0.059706,0.6174,-0.433181,157,0.274011,1864.5001,0.077646,0
90,3.84,5892.33,5759.6996,11894.53,-6.0836684859,0.278687,0.432587,29.8855,1.2769,1.1452,0.060654,0.635504,-1.002929,176,0.276122,1929.0626,0.071298,0
91,3.8827,5882.78,5855.3841,12281.25,-6.7262911529,0.289037,0.390782,21.452,1.2722,1.1114,0.068011,0.653138,-5.568718,180,0.27216,2042.626,0.078379,0
92,3.9253,5881.59,5797.4759,12128.91,-6.7631846302,0.365233,0.386428,19.8352,1.3019,1.2071,0.068822,0.660795,-4.349194,168,0.277453,2189.1478,0.080332,0
93,3.968,5902.49,5869.8707,12363.28,-6.911486403,0.262127,0.377448,19.2643,1.2746,1.1195,0.070524,0.665866,-6.877306,177,0.285472,2191.3021,0.082041,0
94,4.0107,6103.2,5961.9412,12550.78,-7.0158228736,0.247173,0.373821,17.346,1.2726,1.1339,0.071223,0.67944,-4.91146,163,0.275044,2163.4976,0.080576,0
95,4.0533,5506.06,5727.0434,11566.41,-6.5963666437,0.41516,0.393613,23.4086,1.3847,1.3584,0.067488,0.632325,-5.629108,190,0.280665,2029.7234,0.075449,0
96,4.096,5938.8,5901.3301,12457.03,-7.0256586508,0.264595,0.367835,16.7651,1.3012,1.1817,0.072391,0.670388,-3.207911,170,0.301249,2165.6875,0.080454,0
97,4.1387,5724.06,5811.1191,11671.88,-7.3128915111,0.308268,0.351292,17.0342,1.3766,1.4975,0.075722,0.674952,-4.318604,169,0.280169,2192.9479,0.082163,0
98,4.1813,5856.96,5778.6217,12082.03,-6.6566395343,0.227318,0.406047,21.6828,1.2882,1.1409,0.065237,0.670048,-1.444823,164,0.266578,2149.5961,0.078257,0
99,4.224,5938.59,5859.7153,12351.56,-7.0823503502,0.346681,0.37158,17.5783,1.2821,1.1533,0.071658,0.674609,-5.864219,178,0.265034,2116.8735,0.0796,0
100,4.2667,5853.69,5833.9245,12187.5,-6.5730323107,0.359477,0.405775,22.5739,1.2801,1.06,0.065286,0.65369,-6.652408,172,0.272853,2008.8691,0.082163,0
101,4.3093,5936.13,5881.6744,12140.62,-6.1404306244,0.153285,0.432748,27.96,1.2473,0.972,0.060627,0.639308,-5.314265,162,0.279441,1966.0862,0.073617,0
102,4.352,5807.09,5840.362,11976.56,-6.5802088354,0.360699,0.406921,23.2679,1.3064,1.1474,0.065082,0.656176,-6.723456,152,0.256368,1983.8738,0.076425,0
103,4.3947,5802.34,5813.6407,12058.59,-6.3389263103,0.232129,0.417989,26.1133,1.3017,1.1349,0.063139,0.655485,-7.228921,190,0.277577,2069.6299,0.080942,0
104,4.4373,5754.5,5750.0264,11871.09,-6.2361578198,0.333712,0.42543,28.2552,1.2995,1.1205,0.061862,0.634797,-7.180942,155,0.280864,1969.0244,0.081187,0
105,4.48,5979.33,5864.856,12281.25,-7.0188582804,0.256914,0.37345,18.8147,1.3058,1.2576,0.071295,0.679756,-8.571958,170,0.295847,2182.0312,0.079477,0
106,4.5227,5793.37,5806.9861,11894.53,-6.8122644992,0.229431,0.385967,20.2942,1.3209,1.2386,0.068908,0.668958,-8.665941,153,0.27791,2137.1134,0.078012,0
107,4.5653,5907.09,5810.0721,12187.5,-6.8286129272,0.300616,0.390663,20.8574,1.3123,1.2413,0.068033,0.678571,-2.834282,150,0.287502,2151.6586,0.080454,0
108,4.608,5952.47,5838.9851,12269.53,-6.9361453653,0.342791,0.383184,19.4393,1.306,1.2313,0.069432,0.676873,-3.971914,159,0.270636,2193.343,0.081431,0
109,4.6507,5748.91,5748.2694,11953.12,-6.7709531368,0.266262,0.385992,21.4498,1.31,1.2037,0.068904,0.668429,-6.109106,150,0.266889,2173.5354,0.079233,0
110,4.6933,5952.27,5894.1737,12292.97,-6.7767728502,0.289713,0.388952,20.7515,1.2424,0.9787,0.068351,0.660741,-3.282553,168,0.268904,2058.7349,0.075815,0
111,4.736,5937.58,5889.3233,12445.31,-6.5994342505,0.206486,0.403581,23.4803,1.2394,0.9611,0.065678,0.659456,-5.829996,167,0.275227,2147.8617,0.076425,0
112,4.7787,5754.31,5744.523,11929.69,-6.3598947527,0.424464,0.407076,24.4238,1.283,1.0806,0.065054,0.633671,-1.039773,181,0.275762,2124.897,0.077646,0
113,4.8213,5653.53,5683.9684,11707.03,-6.1599530819,0.214652,0.430842,30.0752,1.2672,1.0721,0.060947,0.610465,-7.823658,159,0.282253,1954.3731,0.077768,0
114,4.864,5655.1,5745.8713,11742.19,-6.2677215618,0.348322,0.424029,28.2011,1.2843,1.0773,0.062101,0.602816,-9.041883,170,0.280566,2032.0782,0.074594,0
115,4.9067,5834.65,5811.4801,12175.78,-7.1035677622,0.342863,0.369045,18.8912,1.3502,1.3386,0.072153,0.686539,-5.634969,158,0.287572,2282.7802,0.076059,0
116,4.9493,5748.99,5724.9726,11742.19,-6.8293142785,0.341821,0.3798,21.8332,1.3219,1.3179,0.070074,0.658768,-7.299806,166,0.281818,2191.6604,0.076059,0
117,4.992,5885.21,5903.7935,12117.19,-7.1421211889,0.289428,0.363472,17.6444,1.3316,1.2802,0.073255,0.673893,-3.852771,167,0.274449,2123.9962,0.078257,0
118,5.0347,5990.68,5839.6135,12269.53,-6.5146766504,0.369736,0.40893,22.9446,1.2723,1.0926,0.064725,0.663288,-1.341367,152,0.278846,2064.1499,0.07789,0
119,5.0773,5712.72,5797.8325,11906.25,-6.4222846476,0.237537,0.408262,24.9072,1.2983,1.1034,0.064844,0.641319,-7.817065,150,0.287487,1946.837,0.068124,0
120,5.12,5838.09,5828.6358,12210.94,-6.0349229612,0.298825,0.442088,33.7775,1.2677,0.9817,0.059082,0.630116,-2.928846,154,0.279596,1902.892,0.068246,0
121,5.1627,5887.76,5762.1831,12210.94,-6.128871513,0.282923,0.436171,28.1409,1.259,1.0052,0.060057,0.652455,-3.873206,169,0.268083,1943.5889,0.078012,0
122,5.2053,5777.34,5751.4263,11941.41,-6.5208095739,0.240595,0.409893,23.2306,1.2899,1.1304,0.064555,0.672003,-4.572029,165,0.281609,1980.2585,0.077768,0
123,5.248,5546.31,5697.7322,11554.69,-6.6299667613,0.212366,0.402272,25.775,1.3744,1.4058,0.065913,0.659846,-4.379175,168,0.27817,2005.3235,0.071908,0
124,5.2907,5894.19,5795.9742,12257.81,-6.5857635113,0.29389,0.407311,24.6816,1.2861,1.1061,0.065012,0.676658,-6.906514,183,0.276684,2020.3739,0.076181,0
125,5.3333,5596.36,5752.8362,11718.75,-6.1855857283,0.290161,0.431659,31.5045,1.3287,1.1429,0.06081,0.618726,-1.999692,158,0.27531,1922.6325,0.078379,0
126,5.376,5670.17,5744.0122,11695.31,-6.692931045,0.266167,0.396005,23.134,1.3411,1.3183,0.06705,0.66176,-1.610827,185,0.287836,2101.7819,0.072274,0
127,5.4187,5588.59,5735.5233,11789.06,-6.4359471369,0.372204,0.403753,24.6386,1.3291,1.1696,0.065647,0.633609,-5.857356,171,0.287169,2001.855,0.070932,0
128,5.4613,5893.73,5900.4851,12410.16,-6.4236080547,0.336086,0.410607,23.6326,1.2731,1.0171,0.064429,0.649535,-3.335272,156,0.279337,2105.5253,0.075449,0
129,5.504,5817.19,5851.2885,12210.94,-6.6603043073,0.288219,0.387505,21.8465,1.3145,1.2018,0.068621,0.647964,-4.157139,152,0.267178,2049.4716,0.075815,0
130,5.5467,5993.79,5845.1293,12257.81,-6.83907511,0.188499,0.383718,19.6198,1.2729,1.1216,0.069331,0.675132,-5.13813,180,0.278084,2119.961,0.070565,0
131,5.5893,5899.71,5808.7384,12292.97,-6.2544499944,0.346468,0.430645,27.0896,1.2494,0.9359,0.06098,0.658463,-5.3748,166,0.268537,2171.8488,0.073984,0
132,5.632,5795.44,5805.7471,12093.75,-6.2732709247,0.289026,0.419715,26.5264,1.2705,1.0059,0.062841,0.640823,-3.185574,183,0.28023,2068.7108,0.074716,0
133,5.6747,5607.19,5816.0939,11953.12,-6.5789059998,0.222175,0.400746,24.6353,1.3475,1.2549,0.066188,0.629693,-5.805712,146,0.287255,2044.6359,0.070687,0
134,5.7173,5719.37,5708.7044,11906.25,-6.0524951978,0.36359,0.434692,32.1408,1.2872,1.0752,0.060303,0.61516,-0.411099,169,0.282636,2053.1377,0.072152,0
135,5.76,5721.07,5771.7165,11742.19,-6.9942411811,0.202202,0.370374,19.2297,1.3522,1.3979,0.071893,0.662526,-5.610833,165,0.283809,2054.1293,0.072152,0
136,5.8027,5713.54,5764.535,11882.81,-6.5787642699,0.164647,0.401747,23.5049,1.328,1.2131,0.066008,0.65949,-2.535002,163,0.273094,1970.2491,0.076547,0
137,5.8453,6083.81,5893.1668,12339.84,-7.3184152452,0.223275,0.357109,15.6702,1.2765,1.2064,0.074533,0.689161,-3.572838,190,0.28256,2318.0339,0.07728,0
138,5.888,5875.82,5733.0719,12082.03,-6.149594641,0.226917,0.43278,29.2088,1.2523,1.0326,0.060622,0.639578,-1.509694,182,0.280057,2053.4168,0.073373,0
139,5.9307,5837.64,5790.4139,11894.53,-6.5257098337,0.247791,0.411048,23.788,1.2767,1.0762,0.064351,0.648004,-2.374457,173,0.279588,2046.5423,0.070809,0
140,5.9733,5670.48,5720.7464,11824.22,-6.1806556136,0.281565,0.425828,30.1708,1.3185,1.1597,0.061794,0.630894,-3.574237,164,0.283104,2050.8901,0.067025,0
141,6.016,5683.81,5639.1239,11835.94,-5.8150713916,0.315598,0.46299,39.5472,1.2814,1.0242,0.055738,0.587061,-0.63213,165,0.274223,1929.1025,0.068246,0
142,6.0587,5699.95,5776.3891,12011.72,-6.6976713475,0.302597,0.391641,21.1251,1.315,1.1561,0.067852,0.653317,-5.980679,157,0.293835,2044.5951,0.066659,0
143,6.1013,5640.52,5786.8234,11917.97,-6.5014361887,0.366818,0.404514,24.6311,1.3352,1.184,0.065511,0.629936,-6.566624,169,0.287667,1992.142,0.071664,0
144,6.144,5857.73,5912.7593,12363.28,-6.8262210402,0.297046,0.388549,20.4242,1.3104,1.1714,0.068426,0.659695,-2.894839,152,0.27582,2164.754,0.083873,0
145,6.1867,5922.7,5865.8323,12445.31,-6.7749668857,0.291992,0.390403,20.1987,1.283,1.1383,0.068081,0.667381,-4.985715,168,0.266241,2170.2988,0.080942,0
146,6.2293,5870.85,5807.9346,12128.91,-6.8058863074,0.285475,0.386836,20.3155,1.3177,1.2209,0.068746,0.667649,-6.582064,156,0.266842,2073.9154,0.080088,0
147,6.272,6071.13,5876.2803,12468.75,-7.0528948431,0.260929,0.37306,17.6935,1.2913,1.182,0.07137,0.689615,-6.154372,164,0.266276,2194.212,0.08082,0
148,6.3147,5975.45,5856.1595,12046.88,-7.3089929898,0.265373,0.349909,16.703,1.3346,1.3842,0.076007,0.679967,-4.802028,180,0.264753,2348.1171,0.081431,0
149,6.3573,5680.46,5688.6442,11648.44,-6.5279122284,0.314605,0.407193,25.4971,1.3654,1.3767,0.065033,0.653562,-3.496314,155,0.279184,2045.8711,0.083628,0
150,6.4,5825.25,5816.6374,12035.16,-6.5572796599,0.331194,0.403478,23.2519,1.2995,1.1586,0.065697,0.649292,-8.086592,155,0.287545,2044.8145,0.075571,0
151,6.4427,5765.45,5694.35,11730.47,-5.913988648,0.237157,0.445396,35.5107,1.2668,1.0548,0.058542,0.610573,1.204244,191,0.293472,2003.8661,0.073617,0
152,6.4853,5716.78,5780.2296,11941.41,-6.3602890324,0.26872,0.428319,27.4845,1.2913,1.0675,0.061372,0.644191,-5.665626,175,0.287562,1997.6293,0.078257,0
153,6.528,5726.75,5783.2987,11906.25,-6.4172521469,0.428717,0.40978,25.4242,1.32,1.2075,0.064575,0.640299,-8.954072,142,0.28699,1973.2582,0.076059,0
154,6.5707,5818.5,5851.048,12234.38,-6.8443242021,0.275545,0.382721,20.5593,1.3118,1.2092,0.06952,0.667733,-3.607209,173,0.26621,2079.1459,0.078867,0
155,6.6133,5975.1,5844.0243,12023.44,-7.3425928267,0.244884,0.356298,16.4425,1.328,1.4067,0.074698,0.689123,-6.569222,171,0.279086,2235.3631,0.084117,0
156,6.656,5817.11,5788.8394,11859.38,-7.0899701086,0.277194,0.363146,18.5019,1.3526,1.4294,0.07332,0.673644,-5.077406,168,0.284255,2265.321,0.076914,0
157,6.6987,5871.48,5725.1914,11871.09,-6.1601562648,0.262471,0.43357,29.3909,1.2538,1.0661,0.06049,0.639204,-0.890719,176,0.295267,1951.533,0.078379,0
158,6.7413,5875.57,5829.6473,12128.91,-7.0076750255,0.355435,0.372282,18.2149,1.309,1.2447,0.071521,0.667633,-6.534445,164,0.269914,2222.9756,0.081675,0
159,6.784,5762.37,5757.5819,11789.06,-6.8982010955,0.185063,0.386855,21.6961,1.35,1.3826,0.068742,0.671943,-3.617995,171,0.278919,2039.5006,0.080576,0
160,6.8267,5878.04,5802.7145,12234.38,-6.4680315962,0.256985,0.417539,26.3825,1.2595,1.0592,0.063217,0.664773,-3.848503,169,0.259092,2014.1876,0.080576,0
161,6.8693,5615.9,5663.0186,11683.59,-6.0208538148,0.249288,0.440555,32.8078,1.3095,1.1161,0.059333,0.617767,-5.617568,166,0.283234,1877.214,0.074716,0
162,6.912,5744.01,5775.8908,11671.88,-6.6062429963,0.319104,0.399246,24.0097,1.3202,1.2469,0.06646,0.645723,-6.536262,161,0.285305,1945.111,0.07142,0
163,6.9547,5915.52,5837.6316,12246.09,-6.7193101154,0.308914,0.392349,21.1575,1.2939,1.1051,0.067721,0.666214,-3.118592,163,0.292909,2108.265,0.078135,0
164,6.9973,5799.3,5765.8956,11906.25,-6.4856366026,0.38376,0.411567,27.0299,1.3105,1.2028,0.06426,0.655368,-2.855629,143,0.285208,2103.1732,0.081187,0
165,7.04,5876.74,5808.0023,12035.16,-6.5172158217,0.316213,0.405916,23.0319,1.294,1.1621,0.065261,0.653269,-7.952752,158,0.286275,2085.675,0.084849,0
166,7.0827,6045.9,5928.9492,12492.19,-6.5047296104,0.217165,0.409164,22.201,1.2284,0.9523,0.064684,0.662426,-4.614115,164,0.277555,2254.9152,0.090099,0
167,7.1253,6047.18,5821.536,12234.38,-7.4612500107,0.323073,0.348843,14.8965,1.3181,1.3611,0.076228,0.702683,-7.868966,166,0.267901,2199.7825,0.087657,0
168,7.168,5927.23,5835.0261,12199.22,-6.4676464743,0.297396,0.414435,23.0618,1.2491,1.0071,0.063757,0.66514,-1.631718,168,0.26532,1943.8954,0.085338,0
169,7.2107,5905.07,5839.6559,12281.25,-6.5105070451,0.224069,0.416036,24.2237,1.2609,1.0548,0.063478,0.647351,-4.867562,181,0.263051,2072.3323,0.078989,0
170,7.2533,5932.52,5807.7553,12269.53,-6.8899221082,0.341708,0.382043,19.2373,1.2862,1.1631,0.069648,0.665293,-5.022169,156,0.278615,2055.8767,0.080332,0
171,7.296,6183.93,5900.5323,12597.66,-6.9242953076,0.277418,0.387836,19.2083,1.256,1.091,0.068559,0.703505,-4.086306,171,0.28072,2267.9684,0.088634,0
172,7.3387,6156.04,5937.271,12738.28,-6.5723128232,0.304337,0.40763,20.8718,1.2341,0.9395,0.064956,0.690539,-5.328939,156,0.255357,2095.1774,0.088634,0
173,7.3813,5874.2,5875.9408,12316.41,-6.8174639221,0.283006,0.386983,20.6109,1.2812,1.0919,0.068718,0.66021,-3.441878,166,0.272427,2164.701,0.081553,0
174,7.424,5754.19,5882.8861,12246.09,-6.7490416463,0.237295,0.389694,20.5506,1.3027,1.1414,0.068213,0.646107,-7.056643,155,0.283364,2037.4869,0.073862,0
175,7.4667,6065.0,5879.8359,12457.03,-6.4962488815,0.354439,0.4022,21.2786,1.2382,0.9714,0.065926,0.646993,-3.725926,196,0.282571,2061.9264,0.077768,0
176,7.5093,5856.51,5842.2068,12234.38,-6.6248631126,0.227707,0.402839,22.4329,1.2953,1.1474,0.065811,0.660469,-4.070501,143,0.278408,2038.7207,0.082041,0
177,7.552,5942.8,5788.6644,12105.47,-6.0650213279,0.286098,0.453704,31.1169,1.2232,0.8883,0.057205,0.64659,-2.885668,167,0.270008,1839.1297,0.076914,0
178,7.5947,5848.62,5781.9478,11917.97,-6.7389964095,0.262298,0.390644,20.5195,1.3225,1.2437,0.068037,0.675267,-7.965961,196,0.268824,2147.9188,0.075204,0
179,7.6373,5765.23,5735.9711,11941.41,-5.8431334729,0.2841,0.44825,34.1396,1.2409,0.9233,0.05808,0.600193,-6.843444,188,0.290217,1955.8622,0.068124,0
180,7.68,5688.49,5709.2391,11765.62,-6.1946393135,0.185417,0.435383,30.538,1.2868,1.091,0.060188,0.621893,-6.734407,165,0.282033,1928.7895,0.069955,0
181,7.7227,5586.92,5737.0254,11742.19,-5.8884106802,0.280198,0.451086,36.6226,1.2803,0.9918,0.057623,0.600872,-0.953201,162,0.273072,1965.7454,0.078379,0
182,7.7653,5895.39,5796.4957,12222.66,-6.5577737377,0.287202,0.40741,23.0904,1.2805,1.093,0.064995,0.66749,-9.697839,153,0.286905,2043.7277,0.077524,0
183,7.808,5865.24,5765.257,11882.81,-6.8137765364,0.283136,0.389011,21.2501,1.3117,1.2806,0.06834,0.671405,-7.182241,182,0.268525,2143.0506,0.074472,0
184,7.8507,5751.2,5750.168,11953.12,-6.4286884308,0.223286,0.417321,26.6311,1.2889,1.1502,0.063255,0.65259,-9.47987,178,0.258825,1996.0455,0.072641,0
185,7.8933,5764.58,5788.227,11917.97,-6.8916789354,0.307069,0.385484,20.587,1.3293,1.2936,0.068999,0.669059,-3.670819,164,0.270512,2176.6808,0.078012,0
186,7.936,5723.54,5788.6276,11765.62,-6.9652339335,0.219468,0.38212,19.6306,1.3427,1.3337,0.069633,0.663992,-5.556927,178,0.275037,2145.3761,0.077402,0
187,7.9787,5896.56,5857.12,12480.47,-6.3760138495,0.282605,0.421645,26.6135,1.246,0.9208,0.062509,0.651215,-2.339294,149,0.278777,2072.9722,0.073373,0
188,8.0213,5923.6,5800.6146,12269.53,-6.1359382494,0.312084,0.429227,27.5966,1.247,0.956,0.061219,0.644626,-1.159977,168,0.268653,1972.5946,0.07667,0
189,8.064,5606.18,5713.1206,11742.19,-5.7963624656,0.245906,0.454639,39.9186,1.2879,1.0462,0.057056,0.576882,-0.786949,147,0.274298,2029.9005,0.073984,0
190,8.1067,5849.76,5849.7535,12246.09,-6.8080460927,0.316911,0.386028,19.8061,1.3087,1.1868,0.068897,0.666529,-3.732457,168,0.29361,2135.8117,0.07435,0
191,8.1493,5937.67,5815.1323,12117.19,-7.2784912239,0.245925,0.357716,16.7029,1.3431,1.4147,0.07441,0.692421,-5.761901,170,0.279067,2180.8643,0.084239,0
192,8.192,5960.91,5776.5582,12093.75,-6.1531678153,0.29349,0.438429,28.4165,1.2633,1.0409,0.059683,0.652161,-1.736424,158,0.269425,1989.183,0.081919,0
193,8.2347,5874.45,5770.1172,11871.09,-6.7212564395,0.307178,0.399363,21.0518,1.3269,1.2674,0.066439,0.664173,-5.343862,169,0.276579,2079.8381,0.077646,0
194,8.2773,5945.31,5914.5606,12152.34,-7.3161225036,0.318854,0.353011,16.0654,1.3505,1.3692,0.075369,0.683267,-6.213709,153,0.276432,2252.7546,0.081309,0
195,8.32,5745.37,5818.3469,12128.91,-6.6109750833,0.310411,0.402885,23.3819,1.3182,1.2088,0.065803,0.657815,-4.610823,156,0.262061,2036.3579,0.075571,0
196,8.3627,5763.36,5819.0166,12035.16,-7.2316643348,0.266701,0.364039,17.6238,1.3515,1.3871,0.073142,0.669923,-2.419992,157,0.278114,2109.8468,0.071908,0
197,8.4053,5742.54,5836.9384,11894.53,-6.9250884628,0.244545,0.373714,18.9147,1.329,1.3049,0.071243,0.651112,-6.372839,177,0.279415,2205.6386,0.073862,0
198,8.448,5710.99,5837.8109,11953.12,-6.8354310141,0.281621,0.39047,21.3773,1.3129,1.2076,0.068069,0.656031,-2.287451,166,0.274828,2003.1846,0.066536,0
199,8.4907,5555.6,5697.324,11589.84,-6.353527564,0.350438,0.417698,26.841,1.3359,1.2362,0.06319,0.627475,-3.255794,148,0.270998,1925.3841,0.066903,0
200,8.5333,5704.17,5726.4787,11882.81,-6.3148782506,0.320926,0.417568,26.0663,1.3147,1.1773,0.063212,0.64254,-5.703131,152,0.279571,1993.0314,0.07142,0
201,8.576,5763.48,5797.6925,12035.16,-7.0696776258,0.386389,0.366037,19.0944,1.3676,1.4038,0.072746,0.662167,-5.987986,170,0.283724,2182.7522,0.079355,0
202,8.6187,5814.68,5816.4465,12105.47,-7.2534140875,0.295998,0.355228,17.2525,1.3567,1.4202,0.074916,0.678514,-7.508597,159,0.267287,2183.6685,0.082774,0
203,8.6613,5783.09,5821.4167,12058.59,-6.8551647471,0.270347,0.380054,19.7353,1.3273,1.2139,0.070026,0.669603,-4.659422,161,0.273674,2057.6561,0.073129,0
204,8.704,5688.51,5775.4046,12128.91,-5.7865461734,0.231275,0.452184,37.7776,1.2512,0.8992,0.057447,0.587498,-0.596814,168,0.269695,2005.7143,0.07203,0
205,8.7467,5841.32,5908.5619,12187.5,-6.9363193049,0.233178,0.371905,19.396,1.3069,1.2157,0.071595,0.645427,-2.646454,184,0.276361,2139.8113,0.074228,0
206,8.7893,5857.72,5807.3001,12234.38,-6.3801169229,0.245046,0.417524,25.0881,1.2558,0.9847,0.06322,0.65015,-2.634602,180,0.270965,2046.2469,0.073739,0
207,8.832,5867.15,5742.6679,12058.59,-6.6093247836,0.253116,0.399256,21.3138,1.2617,1.0863,0.066458,0.662632,-0.749229,162,0.27476,2179.245,0.07435,0
208,8.8747,5910.1,5872.6411,12199.22,-6.1453270587,0.304444,0.43502,27.9881,1.2577,0.9625,0.060249,0.647946,-4.346354,166,0.294874,2001.4062,0.077158,0
209,8.9173,6121.0,6016.1226,12914.06,-6.3768849564,0.409407,0.416605,23.1937,1.2285,0.8668,0.063379,0.665576,-8.065187,153,0.275631,2176.7624,0.077158,0
210,8.96,5494.95,5609.0209,11296.88,-6.0237444872,0.210683,0.43823,38.1752,1.3209,1.1847,0.059716,0.590553,-1.473146,156,0.283671,1897.725,0.069589,0
211,9.0027,5695.93,5766.1807,11871.09,-6.1044047965,0.271338,0.42768,29.9795,1.2717,1.03,0.06148,0.608507,-6.58288,151,0.279851,1911.0406,0.067513,0
212,9.0453,5796.85,5783.2429,11953.12,-6.6534382966,0.173631,0.396003,21.5836,1.2954,1.1731,0.06705,0.660235,-5.153481,165,0.287735,2076.9629,0.073984,0
213,9.088,5651.03,5780.1043,11906.25,-6.6642064851,0.242567,0.394041,22.075,1.3327,1.2463,0.06741,0.64892,-4.136353,175,0.275556,2068.5362,0.076181,0
214,9.1307,6025.44,5817.8558,12257.81,-6.6534277264,0.304946,0.400646,22.3682,1.2266,1.037,0.066207,0.668601,-5.935976,167,0.26883,2193.1481,0.079844,0
215,9.1733,6045.3,5858.3864,12257.81,-7.0208715659,0.187656,0.37574,18.1962,1.2926,1.2276,0.070852,0.686182,-3.24247,172,0.274359,2142.5341,0.082163,0
216,9.216,5876.72,5854.4221,12210.94,-7.058041224,0.248615,0.379928,17.2535,1.312,1.228,0.07005,0.680051,-4.220808,172,0.268992,2103.6591,0.082285,0
217,9.2587,5831.04,5682.8489,11964.84,-6.1178078754,0.327669,0.43353,29.1093,1.2837,1.0841,0.060497,0.646065,-2.239436,196,0.274054,1980.8234,0.078379,0
218,9.3013,5815.1,5839.203,12269.53,-6.3210990003,0.292217,0.412012,25.8285,1.2954,1.0706,0.064182,0.641791,-4.820125,172,0.278446,1975.9234,0.075449,0
219,9.344,5800.45,5768.6079,11988.28,-6.4943358745,0.242281,0.4109,23.5806,1.2826,1.1238,0.064377,0.647134,-3.031257,167,0.283446,2047.2651,0.082163,0
220,9.3867,5773.98,5684.1648,11906.25,-5.7804231511,0.329469,0.446551,35.1215,1.2417,0.9593,0.058355,0.591264,-9.014572,166,0.280697,1920.336,0.076425,0
221,9.4293,5836.03,5825.6386,12152.34,-5.9583801954,0.258695,0.447989,31.2248,1.221,0.8573,0.058122,0.612954,-8.059965,168,0.292773,2024.4094,0.060921,0
222,9.472,5885.59,5785.0921,12222.66,-6.0452860381,0.267913,0.439897,28.2648,1.2342,0.9241,0.059441,0.638305,-6.394409,166,0.270735,2120.1753,0.067147,0
223,9.5147,5941.77,5792.9867,12187.5,-6.5671962076,0.293088,0.408603,21.122,1.2852,1.1069,0.064783,0.678281,-4.811486,174,0.267271,2078.7647,0.077646,0
224,9.5573,5651.4,5751.315,11589.84,-6.5113492809,0.348545,0.401233,24.3029,1.3506,1.3037,0.0661,0.632282,-4.768485,154,0.277005,1999.0913,0.074838,0
225,9.6,5971.57,5827.4181,12234.38,-6.7161850388,0.224964,0.398163,21.6521,1.2704,1.1043,0.066657,0.671913,-4.388065,150,0.290529,1984.8896,0.07496,0
226,9.6427,6062.21,5855.3027,12468.75,-6.8256564007,0.299731,0.389456,20.5498,1.2602,1.1116,0.068257,0.679045,-3.446146,163,0.294005,2111.1871,0.078989,0
227,9.6853,6003.02,5802.7416,12117.19,-7.1542037321,0.272364,0.375587,17.7903,1.3052,1.2802,0.070882,0.701431,-7.702923,139,0.265616,2196.585,0.080088,0
228,9.728,5772.85,5753.2942,11941.41,-6.580161824,0.239875,0.395242,23.504,1.3063,1.2077,0.06719,0.658612,-4.091342,171,0.285779,2120.2622,0.078135,0
229,9.7707,5748.15,5794.8444,12058.59,-6.8522730304,0.341226,0.387406,20.0069,1.316,1.2233,0.068639,0.656892,-6.506915,158,0.2969,2071.2056,0.07435,0
230,9.8133,5516.11,5641.2146,11320.31,-6.4613368049,0.350533,0.401417,26.8908,1.3517,1.3154,0.066067,0.629478,-4.265166,168,0.294968,1992.7193,0.072885,0
231,9.856,5987.83,5842.8523,12093.75,-7.0312801298,0.21964,0.374623,17.5213,1.3251,1.332,0.071068,0.693167,-5.337338,166,0.294215,2153.8496,0.081919,0
232,9.8987,6040.84,5885.7938,12281.25,-6.8442686257,0.250433,0.386779,20.5602,1.2728,1.1489,0.068756,0.66509,-2.86944,175,0.265677,2220.6423,0.087291,0
233,9.9413,5934.95,5774.9461,12210.94,-6.355498165,0.217256,0.417199,24.1286,1.2724,1.1051,0.063276,0.658646,-2.088107,172,0.284449,1994.917,0.086558,0
234,9.984,5987.78,5904.6103,12445.31,-7.4325247056,0.267363,0.35198,14.7546,1.3354,1.3439,0.07558,0.69407,-4.49011,174,0.290087,2223.8109,0.08082,0
235,10.0267,5848.35,5757.191,12035.16,-6.4221372884,0.336274,0.414416,24.6209,1.274,1.0831,0.063761,0.645587,-4.191074,177,0.274628,1937.9492,0.074228,0
236,10.0693,5941.4,5836.6242,12246.09,-6.6267426098,0.272136,0.413546,21.7212,1.2919,1.1324,0.063913,0.675771,-3.618805,161,0.265115,2064.1679,0.077768,0
237,10.112,5823.59,5893.8744,12269.53,-7.2708429523,0.233359,0.353055,16.2212,1.3557,1.3722,0.07536,0.671,-1.822948,172,0.282468,2231.9017,0.084971,0
238,10.1547,6192.88,5946.9327,12667.97,-6.7725229199,0.277031,0.392543,20.2501,1.234,1.0089,0.067686,0.681906,-3.792581,149,0.284434,2217.2138,0.087901,0
239,10.1973,5987.6,5777.4513,12046.88,-6.3709523457,0.322921,0.419702,25.724,1.2686,1.0799,0.062843,0.66359,-3.740785,163,0.284357,2020.0619,0.083995,0
240,10.24,5799.0,5807.1798,11906.25,-6.1781188398,0.150795,0.433713,27.9443,1.2962,1.1056,0.060466,0.64444,-2.27701,169,0.280208,1929.4529,0.081187,0
241,10.2827,5903.49,5815.4059,12046.88,-7.1026724896,0.314764,0.372447,18.0557,1.3119,1.2613,0.071489,0.682317,-5.670896,154,0.292546,2069.8378,0.076914,0
242,10.3253,5775.22,5791.5745,11812.5,-6.9155305239,0.267985,0.380443,19.9255,1.3364,1.3337,0.069952,0.666883,-6.278728,184,0.2751,2199.377,0.074472,0
243,10.368,5819.15,5842.788,12035.16,-6.664269143,0.235201,0.403119,23.479,1.2897,1.1356,0.065761,0.654725,-4.301249,150,0.277802,2149.9969,0.066903,0
244,10.4107,5623.36,5827.5428,11777.34,-6.1626034302,0.293713,0.419041,29.7284,1.3177,1.1265,0.062957,0.613519,-10.917351,155,0.279614,2014.6539,0.06556,0
245,10.4533,5541.03,5705.3136,11625.0,-6.21014363,0.423984,0.412328,29.6127,1.3661,1.2693,0.064126,0.612075,-2.387258,138,0.274263,1850.3366,0.075815,0
246,10.496,6016.3,5854.8276,12246.09,-7.415005856,0.391836,0.348539,15.8663,1.3176,1.3415,0.076292,0.693536,-6.284887,159,0.287554,2259.0606,0.080942,0
247,10.5387,5950.9,5837.3881,12210.94,-6.7094568825,0.381191,0.394243,21.2836,1.3064,1.2017,0.067373,0.66253,-1.871457,169,0.266764,2060.3428,0.084117,0
248,10.5813,5890.86,5797.1316,11964.84,-6.5100214203,0.219236,0.403048,22.408,1.3109,1.2313,0.065774,0.668563,-2.026725,154,0.279287,2061.8525,0.078623,0
249,10.624,5704.58,5771.0467,11917.97,-6.1804319686,0.270318,0.426944,28.2509,1.3082,1.1112,0.061605,0.646294,-3.511054,152,0.28154,1920.1837,0.07142,0
250,10.6667,5770.6,5765.7459,11742.19,-6.4004961646,0.348816,0.414115,26.6191,1.2949,1.1378,0.063813,0.648337,-3.346776,168,0.285007,1901.5657,0.071298,0
251,10.7093,5729.34,5765.682,11765.62,-6.3371891661,0.28519,0.416684,25.8159,1.3247,1.2104,0.063365,0.653352,-6.745421,162,0.280944,2043.6726,0.068978,0
252,10.752,5697.25,5773.0709,11941.41,-6.4348475071,0.224695,0.412028,25.121,1.3055,1.1449,0.064179,0.645258,-5.282309,175,0.267312,2054.7275,0.073495,0
253,10.7947,5871.38,5777.1016,12035.16,-6.8327260923,0.259037,0.376631,19.6926,1.3095,1.2282,0.070681,0.675442,-1.637185,180,0.283292,2182.4997,0.075449,0
254,10.8373,5487.12,5657.7843,11390.62,-5.9719732669,0.317708,0.433638,34.982,1.3155,1.171,0.060479,0.587684,-1.942702,163,0.304538,1969.9549,0.072519,0
255,10.88,5863.6,5795.5732,11824.22,-7.214135279,0.413759,0.361929,17.0297,1.3837,1.542,0.073563,0.682822,-5.900259,145,0.282664,2200.0594,0.074716,0
256,10.9227,5819.71,5761.1345,11894.53,-6.4403534481,0.311697,0.41712,26.8061,1.2787,1.1196,0.06329,0.653182,-1.684144,181,0.27369,1974.3978,0.07667,0
257,10.9653,5826.63,5782.9639,11976.56,-6.5670071497,0.235336,0.399335,22.7008,1.3124,1.2191,0.066444,0.664408,-2.524849,152,0.271161,2058.0697,0.083873,0
258,11.008,6066.0,5794.5112,12433.59,-5.9773531308,0.237582,0.455896,31.6256,1.2245,0.8879,0.056856,0.647898,-1.110182,178,0.268182,1969.3213,0.081919,0
259,11.0507,5792.3,5804.8987,11964.84,-6.2816249236,0.237913,0.418896,28.1167,1.2893,1.096,0.062982,0.645949,-4.929998,168,0.274857,2023.7956,0.079111,0
260,11.0933,5862.37,5801.3925,12058.59,-6.5329218001,0.255802,0.405379,23.4893,1.2869,1.1483,0.065356,0.639363,-0.671163,169,0.286395,2066.3448,0.071664,0
261,11.136,5548.34,5753.5946,11707.03,-6.6579691574,0.248291,0.38854,23.3178,1.3473,1.2696,0.068427,0.638611,-4.592792,164,0.272286,2168.7781,0.069222,0
262,11.1787,5885.0,5823.2155,12246.09,-6.5491505193,0.285787,0.40424,22.3111,1.2913,1.1281,0.06556,0.670886,-5.716213,167,0.28107,2001.9937,0.079111,0
263,11.2213,5917.8,5892.0997,12351.56,-7.2403847347,0.403042,0.355787,16.7303,1.3232,1.2956,0.074802,0.682941,-6.089221,181,0.270943,2260.7146,0.072274,0
264,11.264,5644.44,5697.71,11742.19,-6.1428798913,0.40907,0.424164,29.6077,1.3282,1.2027,0.062078,0.624462,-3.682642,173,0.285911,1910.8832,0.075815,0
265,11.3067,5966.48,5878.921,12503.91,-6.2540511704,0.336919,0.421218,26.9688,1.2448,0.9531,0.062582,0.646224,-8.363049,162,0.276171,2144.7072,0.082896,0
266,11.3493,5974.53,5838.0973,12292.97,-6.4368966295,0.30725,0.416339,23.2151,1.2544,0.9992,0.063425,0.671939,-5.029195,158,0.261774,2092.1264,0.076792,0
267,11.392,5906.51,5775.2645,11988.28,-6.5167610627,0.2686,0.403057,23.1439,1.2898,1.1411,0.065772,0.656177,-5.097334,158,0.28687,1995.1165,0.075693,0
268,11.4347,5820.82,5742.6715,11730.47,-6.9338542375,0.317124,0.374687,19.9059,1.3359,1.3679,0.071055,0.666651,-6.47901,202,0.276599,2211.9947,0.078745,0
269,11.4773,5684.32,5738.4421,11753.91,-6.6840728748,0.253313,0.38964,23.0652,1.3277,1.2965,0.068223,0.644898,-5.705804,170,0.298619,2108.3584,0.078257,0
270,11.52,5675.07,5708.382,11671.88,-6.3142779958,0.2675,0.423352,29.7186,1.337,1.279,0.062216,0.639436,-2.791104,165,0.288583,2068.4528,0.077402,0
271,11.5627,5856.24,5774.7461,11976.56,-6.3529710521,0.207875,0.421999,25.8116,1.2797,1.1014,0.062448,0.654679,-1.463583,175,0.279564,1946.8393,0.073007,0
272,11.6053,5623.52,5698.999,11718.75,-5.9425066722,0.34073,0.451033,36.5591,1.2803,1.0385,0.057632,0.576459,-1.117322,153,0.277573,1877.0811,0.073007,0
273,11.648,5737.77,5853.6942,11929.69,-6.5229878724,0.35304,0.401456,24.6278,1.3146,1.2063,0.06606,0.623671,-7.960455,171,0.286129,2106.3625,0.078379,0
274,11.6907,5874.54,5835.662,12152.34,-7.1747545792,0.327714,0.369303,17.2323,1.3094,1.2238,0.072103,0.6807,-6.768767,152,0.275988,2109.8518,0.080576,0
275,11.7333,6006.06,5855.6966,12246.09,-6.4708195478,0.240823,0.40887,23.9792,1.2615,1.0488,0.064736,0.666401,-7.101268,147,0.271591,2088.0706,0.081065,0
276,11.776,5926.9,5830.9179,12269.53,-6.7073399497,0.309289,0.394835,20.3402,1.2965,1.1796,0.067264,0.669822,-5.327891,168,0.265868,2102.2911,0.076059,0
277,11.8187,5711.44,5752.3032,11929.69,-5.9374074296,0.355819,0.443837,33.9494,1.2821,1.0246,0.058796,0.604422,-0.83932,178,0.273684,1922.471,0.074594,0
278,11.8613,5861.83,5808.8763,12269.53,-6.2325438583,0.21011,0.423399,27.2463,1.2729,1.0322,0.062208,0.64475,-2.809682,189,0.281707,2141.7184,0.075204,0
279,11.904,5651.78,5698.378,11718.75,-6.6147155435,0.180772,0.393478,23.8655,1.3578,1.3646,0.067513,0.640758,-2.345797,165,0.276635,1981.991,0.073373,0
280,11.9467,5702.49,5779.7455,11859.38,-5.9942061158,0.205091,0.438729,32.8786,1.2675,0.9974,0.059634,0.601078,-1.386383,157,0.297288,2083.9278,0.068246,0
281,11.9893,5778.27,5806.8302,11964.84,-6.2209445117,0.289519,0.418756,26.9838,1.2594,1.0251,0.063007,0.611552,0.074664,187,0.291715,2113.521,0.071298,0
282,12.032,5820.71,5817.1739,12210.94,-6.0791708454,0.266896,0.437795,30.8574,1.276,1.0078,0.059788,0.639337,-3.298129,155,0.287592,2021.2097,0.077646,0
283,12.0747,5934.11,5749.6894,12117.19,-6.2276417005,0.327238,0.429846,27.4544,1.2591,1.0509,0.061115,0.657815,-4.023635,160,0.280686,1926.4433,0.078501,0
284,12.1173,5799.16,5813.4012,12210.94,-6.3266378041,0.221197,0.424709,26.9156,1.2734,1.0514,0.061985,0.647901,-2.500994,162,0.27248,2023.5009,0.079844,0
285,12.16,6107.98,5879.1126,12398.44,-6.6357517469,0.248118,0.398393,19.9134,1.2565,1.0607,0.066615,0.681223,-3.152375,164,0.268888,2047.4165,0.081919,0
286,12.2027,5833.42,5802.5603,12058.59,-6.4009611423,0.319477,0.414195,25.3352,1.2948,1.1236,0.063799,0.64804,-2.576823,147,0.270816,2137.9253,0.079111,0
287,12.2453,5830.45,5905.2605,12386.72,-6.7707038951,0.301919,0.382136,20.4583,1.3124,1.1599,0.06963,0.650448,-2.007873,177,0.28108,1966.9896,0.078501,0
288,12.288,5929.49,5810.3883,12070.31,-6.5252859056,0.166348,0.410242,23.5221,1.287,1.1161,0.064493,0.670492,-3.541402,158,0.272583,2055.4219,0.079722,0
289,12.3307,6044.82,5903.9626,12386.72,-6.7244135732,0.282766,0.390422,18.8669,1.2633,1.0664,0.068078,0.675387,-5.251444,164,0.275839,2166.1819,0.082285,0
290,12.3733,5959.0,5830.2568,12257.81,-6.809610795,0.161434,0.385104,19.2775,1.28,1.1581,0.06907,0.661483,-6.426147,168,0.281239,2108.3472,0.082652,0
291,12.416,5931.21,5838.1463,12187.5,-7.1481236173,0.248664,0.368566,17.4538,1.3199,1.3068,0.072247,0.677921,-4.973591,163,0.276329,2204.4243,0.0796,0
292,12.4587,5882.7,5780.6066,12070.31,-6.9556123649,0.305503,0.3844,19.9985,1.3287,1.3114,0.069203,0.676708,-3.420853,161,0.273222,2090.7452,0.081187,0
293,12.5013,5967.6,5852.2473,12152.34,-7.0361346807,0.213122,0.372647,18.2124,1.2942,1.2057,0.07145,0.680493,-5.925774,185,0.278899,2191.3926,0.07667,0
294,12.544,5858.71,5821.9765,12246.09,-6.250995869,0.296889,0.435531,27.5557,1.2586,1.0115,0.060163,0.636321,-1.102152,157,0.272252,1918.9834,0.079844,0
295,12.5867,5854.66,5864.8651,12199.22,-6.9701354197,0.248234,0.376899,18.6015,1.3246,1.2632,0.070629,0.681762,-6.052277,156,0.276626,2174.8443,0.08082,0
296,12.6293,5549.49,5739.7676,11871.09,-6.0616357716,0.257486,0.436639,32.3532,1.2973,1.0087,0.05998,0.611125,-0.227505,170,0.276608,1807.2389,0.070809,0
297,12.672,5887.22,5780.9229,12257.81,-5.7900141427,0.29861,0.456547,31.819,1.2075,0.8047,0.056752,0.614634,-1.841551,194,0.285153,2037.087,0.074594,0
298,12.7147,5899.05,5842.711,12281.25,-6.0656578625,0.259306,0.436855,30.3378,1.2369,0.9167,0.059944,0.615368,-7.637107,172,0.285485,2041.3864,0.074838,0
299,12.7573,5867.41,5785.0317,12128.91,-5.87685746,0.265326,0.450208,33.6502,1.236,0.9129,0.057765,0.62305,0.287377,168,0.273624,1961.3617,0.068856,0
300,12.8,5716.73,5832.3818,12210.94,-6.1712571636,0.250883,0.438746,30.166,1.2354,0.8565,0.059631,0.630147,-3.009809,164,0.263066,1937.6773,0.075327,0
301,12.8427,5766.73,5760.3472,11882.81,-6.8038156942,0.35352,0.385396,21.1628,1.3034,1.1994,0.069015,0.659193,-1.560157,159,0.2714,2238.6897,0.075571,0
302,12.8853,5602.34,5703.9131,11625.0,-6.2221197782,0.292649,0.423445,29.4296,1.332,1.2142,0.062201,0.633421,-2.854277,185,0.268457,1970.8115,0.072519,0
303,12.928,5753.68,5834.184,12082.03,-6.9036695805,0.239364,0.380957,18.5403,1.3194,1.218,0.069854,0.663321,-4.48663,157,0.28351,2081.6371,0.077524,0
304,12.9707,5995.19,5830.9826,12445.31,-6.4822613922,0.309732,0.419807,23.2127,1.2429,0.9584,0.062825,0.669256,-2.497651,159,0.276507,1954.7194,0.08021,0
305,13.0133,5951.21,5889.036,12328.12,-7.0703166454,0.284572,0.363426,17.29,1.2958,1.2088,0.073264,0.660672,-4.054746,167,0.281992,2069.3787,0.081309,0
306,13.056,6037.61,5892.3407,12316.41,-7.2323808275,0.229553,0.363154,18.2829,1.3088,1.3035,0.073318,0.688084,-7.325586,154,0.278257,2268.8395,0.086314,0
307,13.0987,5790.94,5780.8817,11789.06,-7.0426496169,0.192085,0.375638,19.0432,1.3213,1.3104,0.070872,0.665288,-2.268262,160,0.26722,2128.5243,0.081919,0
308,13.1413,5863.25,5829.4497,12292.97,-6.5218588844,0.301424,0.407442,23.2115,1.3051,1.1346,0.064989,0.666779,-2.40644,165,0.27201,1956.8458,0.078745,0
309,13.184,5775.67,5765.5388,11871.09,-6.3641057626,0.316377,0.417579,26.7708,1.2834,1.0891,0.06321,0.639193,-7.929949,158,0.280881,1983.4754,0.081431,0
310,13.2267,5694.72,5790.3998,11742.19,-6.4319271891,0.331502,0.406134,25.5847,1.3242,1.1875,0.065222,0.63774,-1.991741,160,0.268821,1912.9054,0.073007,0
311,13.2693,5775.63,5741.9936,12140.62,-5.8088029396,0.24344,0.44549,34.3348,1.2576,0.9687,0.058527,0.596926,-2.125918,169,0.289213,2033.1561,0.067513,0
312,13.312,5828.27,5906.9958,12210.94,-6.5970729934,0.305876,0.399056,22.4309,1.2735,1.049,0.066494,0.633411,-5.791903,160,0.280354,2040.218,0.072397,0
313,13.3547,5762.31,5793.0037,11964.84,-6.4363835498,0.306933,0.411728,25.731,1.2855,1.0988,0.064232,0.635607,-0.697363,183,0.281732,2005.358,0.073251,0
314,13.3973,5916.35,5827.6723,12175.78,-6.1799955181,0.363809,0.432821,25.7547,1.2454,0.9524,0.060615,0.6551,-3.873909,201,0.269267,1876.0892,0.069222,0
315,13.44,5803.26,5729.7508,11718.75,-6.6295703113,0.269564,0.398593,22.6981,1.2814,1.1798,0.066578,0.656175,-6.115337,179,0.271178,2077.1115,0.074716,0
316,13.4827,5774.93,5802.9456,12117.19,-6.6013467617,0.313127,0.396698,22.0093,1.3138,1.1756,0.066923,0.653395,-2.825172,165,0.281925,2038.5525,0.077402,0
317,13.5253,5442.01,5707.9656,11566.41,-6.4406075843,0.244153,0.403454,25.925,1.3675,1.2656,0.065701,0.626011,-8.306689,148,0.299865,1920.6627,0.072885,0
318,13.568,5795.75,5854.2948,12000.0,-6.8630317325,0.311092,0.380073,19.6791,1.309,1.2067,0.070022,0.653997,-5.390681,160,0.29396,2055.5193,0.07496,0
319,13.6107,5882.38,5909.3432,12246.09,-6.6465905167,0.337942,0.397281,21.088,1.2916,1.1078,0.066817,0.670527,-5.768324,164,0.276346,2145.8994,0.072274,0
320,13.6533,5651.9,5814.5585,11648.44,-6.9386049949,0.347432,0.377513,20.4925,1.3762,1.3831,0.070511,0.652959,-8.68361,161,0.274081,2120.2062,0.068856,0
321,13.696,5870.97,5824.4715,12035.16,-6.5078676416,0.269176,0.418482,24.8408,1.276,1.0929,0.063054,0.662873,-2.806007,149,0.275207,2049.312,0.082652,0
322,13.7387,5868.52,5907.9643,12070.31,-7.1888354678,0.237825,0.359473,17.0814,1.3342,1.2988,0.074056,0.680168,-3.610059,198,0.275676,2176.5001,0.082774,0
323,13.7813,5790.63,5805.7355,12058.59,-5.9790747117,0.238183,0.441132,32.1063,1.2517,0.9537,0.059239,0.622155,-2.421676,151,0.276923,2043.9575,0.074716,0
324,13.824,6034.82,5844.8642,12269.53,-7.4085789496,0.220209,0.347761,15.3562,1.3241,1.4055,0.076453,0.690339,-4.719484,169,0.278355,2268.9605,0.081553,0
325,13.8667,5957.96,5816.9676,12222.66,-6.1841698509,0.202269,0.433346,27.6604,1.242,0.9803,0.060528,0.64176,-6.255838,167,0.269804,1995.3473,0.082285,0
326,13.9093,6066.96,5962.1858,12785.16,-6.6740181063,0.352656,0.388943,19.9748,1.2612,0.9906,0.068352,0.672303,-2.8085,166,0.268112,2062.1467,0.080942,0
327,13.952,5928.39,6009.7359,12503.91,-7.1947147532,0.298545,0.363552,16.7922,1.2844,1.0951,0.073239,0.667786,-8.220956,157,0.270299,2165.8007,0.077524,0
328,13.9947,5738.38,5848.3586,11964.84,-6.7346931817,0.36529,0.386551,20.7236,1.3236,1.2265,0.068799,0.64569,-5.719867,147,0.276435,2042.5821,0.076914,0
329,14.0373,5924.21,5871.1227,12234.38,-6.3467766857,0.240971,0.417532,26.3815,1.2331,0.9632,0.063218,0.642895,-2.876838,165,0.265762,2038.4637,0.079844,0
330,14.08,6004.81,5914.9552,12421.88,-6.8232287996,0.224923,0.385472,18.2573,1.2638,1.0862,0.069001,0.670543,-2.32572,199,0.277105,2169.0208,0.074838,0
331,14.1227,5920.76,5880.8842,12292.97,-6.5646048203,0.35979,0.410106,22.9522,1.285,1.0596,0.064517,0.660798,-3.504308,167,0.267407,2019.419,0.073862,0
332,14.1653,5748.32,5777.6027,11953.12,-6.5361939156,0.254952,0.406531,24.0944,1.2841,1.1174,0.065151,0.640498,-1.78986,155,0.27228,1991.8384,0.075327,0
333,14.208,5773.42,5804.728,12046.88,-7.1530078311,0.290026,0.359268,17.6192,1.3564,1.3855,0.074097,0.668576,-4.438033,169,0.275301,2241.9762,0.077402,0
334,14.2507,5894.24,5792.3345,12164.06,-6.6190429731,0.220026,0.401096,22.5813,1.302,1.1752,0.066125,0.673107,-7.047979,161,0.274593,2086.4815,0.081553,0
335,14.2933,5709.01,5740.9385,11777.34,-6.6132053192,0.251167,0.396327,22.4978,1.3235,1.235,0.066991,0.656791,-3.651939,171,0.279119,1967.9742,0.084239,0
336,14.336,5794.1,5796.6776,12000.0,-6.3545905914,0.408346,0.413778,25.1454,1.2631,1.0589,0.063872,0.629358,-5.087011,152,0.281094,2041.119,0.081309,0
337,14.3787,5923.83,5855.2103,12257.81,-6.3959329304,0.363125,0.415854,25.7205,1.2534,0.9972,0.06351,0.630557,-6.128418,178,0.266548,2059.447,0.073984,0
338,14.4213,5682.41,5820.4498,11894.53,-6.8846044116,0.217283,0.378203,21.2513,1.319,1.2411,0.070379,0.638466,-7.658275,171,0.287933,2127.9947,0.073373,0
339,14.464,5963.39,5840.3427,12292.97,-7.1905866634,0.332704,0.36165,17.2135,1.3123,1.302,0.073619,0.68462,-6.736505,167,0.273398,2268.1549,0.075693,0
340,14.5067,5728.33,5783.2868,11941.41,-6.6852472988,0.280712,0.38602,21.0095,1.3197,1.2125,0.068898,0.65477,-8.099519,166,0.276479,2211.6731,0.078745,0
341,14.5493,5735.75,5835.689,11976.56,-6.9387973765,0.364766,0.367634,17.8329,1.3781,1.3903,0.072431,0.662639,-5.137971,169,0.286556,2129.814,0.080576,0
342,14.592,5877.67,5781.4537,12117.19,-6.371620497,0.369261,0.424353,25.7888,1.2738,1.0563,0.062045,0.655035,-1.943146,159,0.290573,1929.9945,0.07789,0
343,14.6347,5663.09,5691.5823,11671.88,-6.1273516947,0.225165,0.433887,30.2371,1.2882,1.0898,0.060437,0.618008,-3.783667,164,0.288808,1937.3942,0.073251,0
344,14.6773,6121.63,5870.7854,12363.28,-6.7190396318,0.334997,0.39386,20.5019,1.2676,1.1079,0.067443,0.67963,-1.455363,169,0.286075,2095.4065,0.07789,0
345,14.72,6018.81,5880.5683,12269.53,-6.9418106551,0.332528,0.376031,18.892,1.2604,1.1574,0.070796,0.662789,-2.721514,165,0.264269,2074.4362,0.08375,0
346,14.7627,5849.12,5745.0528,12222.66,-5.8208466965,0.34526,0.463913,34.5553,1.245,0.9025,0.055594,0.635048,-2.286261,152,0.269252,1903.2164,0.07667,0
347,14.8053,5788.51,5746.3215,11941.41,-5.8873226522,0.282209,0.450922,36.1454,1.2524,0.9723,0.05765,0.612165,-2.066517,171,0.279663,1961.3141,0.07789,0
348,14.848,6078.59,5875.1944,12328.12,-6.4916630607,0.252111,0.413651,23.5634,1.2923,1.1563,0.063894,0.669984,-1.85122,170,0.271817,2063.2558,0.082896,0
349,14.8907,5837.5,5840.547,12257.81,-6.2319042995,0.29267,0.427229,27.8919,1.2848,1.0606,0.061557,0.629891,-6.193096,170,0.263881,2009.2988,0.075571,0
350,14.9333,5661.39,5756.2732,11578.12,-6.7304027034,0.302835,0.395528,22.8079,1.339,1.3237,0.067137,0.655476,-7.109836,163,0.284251,1951.7257,0.070932,0
351,14.976,5736.81,5698.767,11671.88,-6.3013130294,0.351507,0.419456,28.228,1.3042,1.1955,0.062886,0.63797,-3.201595,152,0.281826,1959.3535,0.071908,0
352,15.0187,5699.65,5767.1048,11929.69,-5.8109388491,0.316171,0.451444,36.5545,1.2606,0.9613,0.057566,0.597753,-2.665218,145,0.285428,1970.2571,0.075815,0
353,15.0613,6017.34,5888.7986,12632.81,-6.4606291639,0.255021,0.422268,23.1139,1.2405,0.9513,0.062402,0.666266,-3.107433,182,0.275871,2168.9754,0.081553,0
354,15.104,6039.36,5844.9505,12234.38,-7.0255367862,0.197494,0.368245,17.6624,1.3031,1.2859,0.072311,0.685439,-6.064493,171,0.269321,2202.412,0.082285,0
355,15.1467,5835.22,5792.55,11917.97,-6.8560821996,0.271102,0.378848,19.9731,1.339,1.3271,0.070256,0.671395,-7.530657,158,0.297255,2072.0006,0.081797,0
356,15.1893,5985.72,5803.4178,12140.62,-6.7337707839,0.221011,0.395922,21.7057,1.2933,1.2362,0.067065,0.681223,-1.831572,177,0.264892,2201.5771,0.085093,0
357,15.232,5776.86,5776.9624,11765.62,-6.851297612,0.416844,0.381773,19.6044,1.3481,1.3754,0.069699,0.665969,-7.806784,166,0.277271,2138.0963,0.085826,0
358,15.2747,6038.68,5831.2779,12246.09,-6.9783010159,0.292104,0.382869,17.9662,1.2703,1.1535,0.069492,0.685853,-4.203632,183,0.27389,2141.321,0.076181,0
359,15.3173,5738.14,5733.1419,11742.19,-6.6663438376,0.375431,0.392074,21.4382,1.3114,1.2244,0.067772,0.655679,-3.605414,158,0.274467,2112.4269,0.069955,0
360,15.36,5749.5,5792.6376,12140.62,-5.8775300352,0.297279,0.449885,33.7452,1.2686,0.9652,0.057816,0.612785,-1.971009,154,0.280168,1833.4362,0.071176,0
361,15.4027,5810.29,5874.5784,12210.94,-6.5252106336,0.274348,0.405372,24.2106,1.2989,1.0912,0.065358,0.655532,-9.861172,159,0.277365,2124.5542,0.077646,0
362,15.4453,5973.43,5843.0063,12292.97,-6.837926424,0.278709,0.393303,20.7897,1.2851,1.1263,0.067545,0.687075,-4.673165,189,0.278461,2080.9825,0.082896,0
363,15.488,6027.91,5887.0497,12328.12,-7.3263623452,0.297533,0.360533,16.2407,1.3091,1.2589,0.073843,0.691334,-5.480677,169,0.257571,2238.4375,0.081675,0
364,15.5307,5653.02,5700.1183,11671.88,-6.6203834889,0.29754,0.401717,23.0634,1.3755,1.3762,0.066013,0.663204,-2.984492,152,0.276834,1916.3408,0.078135,0
365,15.5733,5686.28,5756.8014,11742.19,-6.305850697,0.374586,0.419419,27.2426,1.3338,1.2143,0.062892,0.630834,-3.56405,171,0.288316,2025.1554,0.077036,0
366,15.616,5814.85,5867.7051,12457.03,-5.7254459561,0.400132,0.459655,37.1238,1.2659,0.8567,0.056261,0.60365,-0.828285,156,0.278067,1916.2514,0.067269,0
367,15.6587,5546.65,5673.0796,11707.03,-5.8993460272,0.221253,0.444581,37.3463,1.2896,1.0379,0.058675,0.585947,-1.08568,165,0.278436,2032.2845,0.069589,0
368,15.7013,5874.19,5822.2794,12187.5,-6.5256971611,0.220016,0.406717,22.1294,1.293,1.0802,0.065118,0.666172,-1.842656,158,0.300256,2104.4201,0.079844,0
369,15.744,5885.95,5857.4939,12199.22,-6.7803672097,0.348182,0.397351,21.6561,1.2812,1.1106,0.066804,0.665962,-6.874159,137,0.272009,1979.6943,0.075327,0
370,15.7867,5808.24,5856.9842,12070.31,-6.9586199784,0.318928,0.376521,20.2421,1.3158,1.2162,0.070702,0.661073,-8.163385,163,0.272982,2099.2152,0.074716,0
371,15.8293,5623.44,5735.9156,11859.38,-5.8756350374,0.220916,0.444095,36.3845,1.2549,0.9415,0.058754,0.573377,-7.663935,146,0.292018,2021.2792,0.07435,0
372,15.872,5822.14,5874.0941,12445.31,-5.8372192049,0.33596,0.451232,32.6415,1.1897,0.7217,0.0576,0.594933,-8.292568,160,0.268676,1962.1536,0.071786,0
373,15.9147,5782.23,5775.0051,11988.28,-6.9037321954,0.32714,0.383343,20.0001,1.3092,1.2451,0.069402,0.656248,-5.943941,159,0.274788,2022.3138,0.071542,0
374,15.9573,5776.62,5826.6783,11976.56,-6.9814531575,0.250197,0.375808,18.9575,1.3176,1.2491,0.070839,0.656469,-4.311035,176,0.272281,2131.379,0.075204,0
375,16.0,5994.59,5808.7784,12199.22,-6.120677736,0.296651,0.434555,26.2399,1.2308,0.9251,0.060326,0.63882,-5.049396,174,0.277096,1961.1922,0.072885,0
376,16.0427,5880.26,5655.8841,11929.69,-6.0255490919,0.322695,0.439661,29.6225,1.2348,1.0006,0.05948,0.623387,-0.116543,150,0.274701,1891.6157,0.073251,0
377,16.0853,5893.79,5819.2793,11906.25,-6.512378039,0.245122,0.400655,23.4717,1.3088,1.234,0.066205,0.659794,-4.261338,163,0.270664,2142.901,0.07728,0
378,16.128,5902.4,5809.0106,12199.22,-5.9540617074,0.220262,0.452041,32.2188,1.2628,0.9811,0.05747,0.634082,-2.020983,177,0.285626,1887.1064,0.079966,0
379,16.1707,5945.38,5929.3618,12257.81,-7.0765756408,0.207991,0.366455,17.7098,1.2778,1.1495,0.072663,0.669827,-6.516143,150,0.273325,2225.9116,0.082652,0
380,16.2133,5993.95,5907.2014,12316.41,-7.3423869411,0.230805,0.354189,15.6009,1.3035,1.2355,0.075127,0.690594,-5.243046,161,0.26575,2192.6983,0.082408,0
381,16.256,5991.79,5826.4595,12140.62,-7.3927357633,0.246301,0.350922,16.5206,1.3073,1.339,0.075798,0.692018,-4.497923,185,0.272711,2335.6415,0.08607,0
382,16.2987,5777.66,5721.5104,11718.75,-7.061606583,0.322031,0.371696,19.3958,1.3505,1.4285,0.071635,0.676307,-3.936799,141,0.272725,2157.5244,0.083506,0
383,16.3413,6018.31,5817.541,12316.41,-6.349562466,0.285714,0.421753,26.0108,1.2259,0.9424,0.06249,0.666184,-8.479245,157,0.278156,2097.4252,0.078135,0
384,16.384,5952.99,5856.785,12316.41,-6.4798725053,0.277077,0.420642,24.0327,1.2633,1.0019,0.062681,0.670063,-4.131427,142,0.255008,2032.306,0.080332,0
385,16.4267,5785.24,5841.2767,12234.38,-6.2058562719,0.295935,0.431748,27.7119,1.2502,0.887,0.060795,0.636578,-1.114392,175,0.278908,1898.8587,0.081187,0
386,16.4693,5846.61,5832.4402,12082.03,-6.9027244884,0.277335,0.3776,19.4625,1.3417,1.3432,0.070495,0.671329,-2.861481,193,0.289665,2176.0087,0.079355,0
387,16.512,5808.14,5751.044,12035.16,-6.2994421077,0.245901,0.42094,25.5551,1.2712,1.0758,0.06263,0.649784,-5.3801,178,0.27993,2106.4163,0.072763,0
388,16.5547,5732.6,5771.9966,11824.22,-7.4074860117,0.299873,0.344956,16.8618,1.3928,1.5855,0.077039,0.67522,-3.887588,161,0.284919,2272.601,0.076547,0
389,16.5973,5955.45,5903.5555,12257.81,-7.0258831607,0.263617,0.357403,16.9501,1.3241,1.2867,0.074474,0.677664,-2.935334,179,0.299324,2230.7341,0.082163,0
390,16.64,5834.73,5873.0509,11917.97,-7.3416980419,0.330621,0.351466,16.8248,1.3617,1.4611,0.075686,0.668519,-5.254284,154,0.280305,2200.1798,0.079111,0
391,16.6827,5697.8,5793.9495,11718.75,-6.6074317385,0.261234,0.402884,23.1724,1.345,1.277,0.065803,0.660519,-4.780426,164,0.267171,2025.1921,0.077646,0
392,16.7253,5749.8,5743.744,11730.47,-6.2469101561,0.248265,0.425562,29.5147,1.2902,1.1027,0.06184,0.650424,-9.897999,180,0.255562,2051.8683,0.072152,0
393,16.768,5703.93,5729.3928,11953.12,-5.8940470663,0.300882,0.446161,35.6729,1.2513,0.9364,0.058418,0.600306,-6.293036,158,0.275134,1984.4144,0.068368,0
394,16.8107,5751.04,5724.6829,11882.81,-6.1827581088,0.308204,0.431758,30.3382,1.2765,1.0786,0.060793,0.638287,-0.032919,196,0.277012,2062.3558,0.068124,0
395,16.8533,5702.02,5798.5894,12082.03,-6.0175555286,0.230529,0.446551,33.8684,1.2692,0.9616,0.058355,0.606626,-6.993268,160,0.273408,1919.8355,0.070932,0
396,16.896,5653.63,5742.7039,11824.22,-6.2067711293,0.273145,0.428463,28.8498,1.3001,1.0876,0.061348,0.633776,-4.248636,159,0.263833,2073.6289,0.073007,0
397,16.9387,5711.07,5838.7188,11929.69,-5.9685887668,0.213502,0.436606,32.779,1.2521,0.9216,0.059985,0.605563,-1.475392,160,0.289316,1931.157,0.070932,0
398,16.9813,5840.77,5780.4474,12093.75,-6.5140709005,0.234964,0.404512,23.6422,1.2835,1.1085,0.065511,0.654637,-2.483125,184,0.275296,2106.8686,0.066659,0
399,17.024,5731.7,5738.2372,11789.06,-6.0042653773,0.214802,0.435851,33.9555,1.2662,1.0419,0.06011,0.618216,-1.79175,175,0.271886,2045.4021,0.0691,0
400,17.0667,5681.45,5719.8485,11882.81,-5.7537986993,0.253313,0.460951,38.2163,1.2549,0.9212,0.056058,0.575762,-0.285375,175,0.268894,1903.621,0.073739,0
401,17.1093,5873.55,5867.0872,12011.72,-6.6876818072,0.233905,0.395204,22.7863,1.2988,1.1524,0.067197,0.656779,-2.020945,164,0.276541,2105.0194,0.075204,0
402,17.152,5785.54,5798.6696,12035.16,-6.4624199085,0.406828,0.400667,23.2102,1.2862,1.113,0.066203,0.633546,-6.069559,164,0.277354,2065.8011,0.077402,0
403,17.1947,5979.26,5899.1842,12492.19,-6.4632910444,0.384756,0.412457,23.9219,1.2469,0.9266,0.064104,0.658756,-3.979991,160,0.263948,2075.9552,0.082163,0
404,17.2373,5962.79,5891.1373,12363.28,-6.98012399,0.357644,0.371356,17.7876,1.3324,1.3014,0.071702,0.677629,-7.427111,163,0.284801,2176.6019,0.081797,0
405,17.28,5711.66,5710.5961,11730.47,-6.1047278729,0.341765,0.431724,30.6075,1.2931,1.088,0.060799,0.609757,-5.095227,176,0.286707,1960.3784,0.079722,0
406,17.3227,5848.99,5776.6821,11871.09,-6.5693701739,0.336693,0.404019,23.0586,1.3276,1.2829,0.0656,0.666084,-4.594355,175,0.268767,2047.4942,0.081309,0
407,17.3653,5935.17,5791.3768,12128.91,-6.6222471404,0.298963,0.400014,22.762,1.2897,1.147,0.066321,0.678732,-5.889755,150,0.269429,2125.5601,0.07728,0
408,17.408,5968.0,5835.6813,12175.78,-7.1064176722,0.245245,0.369284,17.5983,1.3184,1.3147,0.072107,0.683502,-6.85638,165,0.279891,2177.1488,0.079844,0
409,17.4507,6048.3,5836.8541,12316.41,-6.6741506869,0.352096,0.401635,20.2741,1.2572,1.088,0.066028,0.679971,-6.890764,171,0.291548,2181.014,0.084727,0
410,17.4933,5979.76,5927.189,12398.44,-6.7608129571,0.326666,0.393441,19.3469,1.2882,1.1431,0.06752,0.662802,-2.569017,153,0.287582,2160.9167,0.082285,0
411,17.536,5876.15,5854.4932,12269.53,-7.499333925,0.258689,0.336749,15.3288,1.3468,1.4319,0.078782,0.680843,-4.42808,150,0.266281,2292.5984,0.077646,0
412,17.5787,5848.2,5774.1806,11906.25,-7.093944169,0.351995,0.375899,18.5874,1.324,1.305,0.070821,0.683993,-6.591796,145,0.268376,2113.7817,0.076181,0
413,17.6213,5742.77,5737.1067,11718.75,-6.3483580232,0.476771,0.413407,25.2404,1.3353,1.2598,0.063937,0.636896,-0.86949,141,0.290573,2013.2671,0.073129,0
414,17.664,5608.57,5715.7117,11753.91,-6.0016587437,0.341083,0.447697,35.5804,1.2796,1.0124,0.058169,0.596396,-1.605692,171,0.274096,1900.0544,0.063606,0
415,17.7067,5559.34,5739.5026,11648.44,-6.3303504731,0.319062,0.418331,26.4385,1.3569,1.2563,0.06308,0.637376,-8.224168,148,0.279726,1914.393,0.062996,0
416,17.7493,5552.7,5721.7941,11601.56,-6.0232380904,0.20062,0.445487,35.0847,1.2741,1.0154,0.058527,0.569531,0.583184,171,0.284189,1917.4692,0.071908,0
417,17.792,5763.35,5811.0702,12128.91,-6.7042854842,0.293138,0.395216,22.1367,1.2916,1.1285,0.067194,0.646004,-3.489536,177,0.299642,2105.5415,0.073617,0
418,17.8347,5715.79,5779.7996,11953.12,-5.9279679361,0.262864,0.436277,30.8209,1.2919,1.0453,0.06004,0.613762,0.461937,163,0.297717,2057.1654,0.069589,0
419,17.8773,5797.18,5802.7062,12140.62,-6.2396697703,0.226794,0.419841,28.0038,1.3049,1.1191,0.062819,0.630088,-5.220574,156,0.295543,2110.2589,0.072641,0
420,17.92,5844.45,5873.0774,12292.97,-6.4020313175,0.216824,0.41684,25.4143,1.3051,1.1295,0.063338,0.645404,-1.669324,154,0.272258,1988.8768,0.078257,0
421,17.9627,5850.16,5780.6767,12187.5,-6.4588223897,0.199433,0.407684,23.895,1.2701,1.0908,0.064946,0.647871,-6.048251,154,0.274299,2014.1076,0.076059,0
422,18.0053,5591.5,5814.0717,11894.53,-6.43184701,0.212407,0.411023,24.2156,1.3112,1.1107,0.064356,0.640188,-6.264773,164,0.266052,1871.7679,0.070199,0
423,18.048,5864.54,5814.5086,12222.66,-6.0842430157,0.287007,0.443771,29.2598,1.2513,0.9584,0.058807,0.630911,-1.781178,163,0.276222,1906.9402,0.070687,0
424,18.0907,5766.35,5829.1408,12292.97,-6.0518948201,0.382393,0.438986,31.0425,1.2385,0.8422,0.059592,0.618837,-0.447432,190,0.264808,2087.9564,0.071298,0
425,18.1333,5856.18,5741.5436,12035.16,-5.8974944536,0.258676,0.454684,32.4151,1.2556,0.9904,0.057048,0.622807,-1.099239,164,0.274027,2022.4997,0.07496,0
426,18.176,6082.94,5893.7353,12691.41,-6.4221485992,0.328742,0.418739,23.4741,1.2097,0.8642,0.063009,0.675208,-1.090761,181,0.275137,2147.9978,0.079966,0
427,18.2187,5897.36,5761.3322,12117.19,-5.947159429,0.345313,0.447401,30.5703,1.243,0.9422,0.058217,0.626657,-1.252,163,0.269812,1945.1161,0.075449,0
428,18.2613,5737.15,5731.4654,11894.53,-6.6039758503,0.30305,0.398545,23.6952,1.2991,1.1794,0.066587,0.660004,-9.144127,154,0.292894,2145.2013,0.071298,0
429,18.304,5762.59,5839.4596,12187.5,-6.2803470431,0.214504,0.424611,27.0426,1.2848,1.0413,0.062002,0.650783,-6.405438,169,0.282114,1939.1474,0.071176,0
430,18.3467,5958.72,5749.6584,12164.06,-5.5867175864,0.228556,0.467866,39.3977,1.2335,0.9229,0.05498,0.578902,0.754695,195,0.2885,2071.5382,0.07667,0
431,18.3893,6018.66,5793.2277,12105.47,-6.6934776885,0.240397,0.399194,22.3914,1.2767,1.1698,0.066469,0.690688,-6.316402,185,0.278703,2106.2527,0.080088,0
432,18.432,5972.23,5805.8727,11988.28,-6.4574538594,0.264354,0.416261,23.6125,1.2853,1.1806,0.063439,0.658232,-8.656951,163,0.274565,2159.1148,0.079844,0
433,18.4747,5730.48,5768.7697,11953.12,-6.2466726192,0.256265,0.434049,30.0289,1.2669,1.0255,0.06041,0.625693,-9.791559,134,0.27354,1993.9377,0.077646,0
434,18.5173,5955.47,5839.5427,12351.56,-6.2137208273,0.178698,0.4321,28.8282,1.2365,0.9217,0.060736,0.648378,-4.3895,182,0.2722,2039.6749,0.071542,0
435,18.56,5749.33,5744.1799,12035.16,-5.8247985543,0.263305,0.447625,35.1296,1.2672,0.9565,0.058181,0.602523,-0.595525,157,0.290715,1925.2504,0.073862,0
436,18.6027,5984.32,5863.3094,12316.41,-6.4909599551,0.336592,0.409121,22.9517,1.2468,0.9857,0.064691,0.665208,-4.780168,164,0.284096,2053.2307,0.075815,0
437,18.6453,5841.82,5902.7042,12222.66,-6.6355305374,0.231566,0.401256,23.7004,1.2746,1.0281,0.066096,0.645999,-4.455247,173,0.264013,1991.3139,0.074594,0
438,18.688,5715.82,5746.0052,11917.97,-5.7447946548,0.258257,0.456769,37.17,1.2491,0.9401,0.056717,0.587343,-0.650548,178,0.273722,1989.565,0.071298,0
439,18.7307,5447.27,5588.2062,11179.69,-5.97451809,0.307653,0.445441,35.6902,1.3576,1.2953,0.058535,0.599981,-0.762637,177,0.28521,1873.7085,0.063728,0
440,18.7733,5715.8,5767.3718,11964.84,-5.9624023941,0.239133,0.448063,36.352,1.2546,0.952,0.05811,0.601053,-0.955262,187,0.274733,1918.8468,0.066536,0
441,18.816,5988.02,5878.9715,12222.66,-7.0063469773,0.252219,0.376722,19.4903,1.3053,1.2861,0.070663,0.680607,-5.226817,153,0.262067,2164.3035,0.075937,0
442,18.8587,5791.8,5802.6439,11976.56,-6.8285815673,0.209216,0.386895,21.4477,1.3178,1.2839,0.068734,0.671436,-5.487893,182,0.286723,2125.1266,0.08082,0
443,18.9013,6008.65,5920.7145,12410.16,-6.7858477126,0.198411,0.395384,21.1664,1.2572,1.0644,0.067164,0.678357,-5.422817,154,0.26769,2112.7136,0.083262,0
444,18.944,5864.63,5825.5565,12046.88,-7.0752747976,0.255353,0.376227,19.2054,1.3262,1.3353,0.070758,0.677909,-3.633982,150,0.261963,2098.3189,0.085826,0
445,18.9867,5860.29,5763.1659,11929.69,-6.6506640341,0.254446,0.400561,21.2328,1.2908,1.1776,0.066222,0.662377,-3.416299,154,0.26179,2074.0145,0.080942,0
446,19.0293,5938.96,5801.4998,11964.84,-7.1268972113,0.265952,0.361879,17.5929,1.3357,1.3529,0.073573,0.685405,-7.105301,151,0.287613,2269.9981,0.080576,0
447,19.072,5837.59,5836.6578,12257.81,-6.7521567195,0.235307,0.390837,20.7568,1.3039,1.1832,0.068001,0.660344,-5.102994,173,0.285187,2156.3629,0.080698,0
448,19.1147,6105.29,5873.1411,12375.0,-7.2723170573,0.221091,0.361258,16.475,1.2859,1.2612,0.073697,0.696114,-3.660296,174,0.280048,2246.5819,0.08314,0
449,19.1573,6014.2,5815.0057,12316.41,-7.0673132161,0.374857,0.372,17.3511,1.2811,1.2039,0.071576,0.687515,-4.077792,180,0.271825,2164.7122,0.084727,0
450,19.2,5609.82,5730.2147,11601.56,-6.1318226802,0.372384,0.424756,31.0729,1.3297,1.1838,0.061977,0.609145,-1.495469,174,0.284204,2111.7022,0.076425,0
451,19.2427,5964.4,5783.2154,12281.25,-6.8516723563,0.347807,0.383369,21.0488,1.292,1.2401,0.069397,0.682556,-4.241551,185,0.276604,2167.8534,0.074838,0
452,19.2853,5575.49,5718.8232,11718.75,-6.1462276568,0.400223,0.424208,30.3694,1.3078,1.1312,0.06207,0.605602,-1.555095,181,0.288292,1986.5494,0.077036,0
453,19.328,5736.89,5798.8789,12023.44,-6.2661184951,0.333343,0.426186,27.7425,1.3059,1.0965,0.061733,0.65281,-8.627948,171,0.295187,1941.6202,0.078745,0
454,19.3707,5956.79,5842.214,12316.41,-6.483132039,0.317694,0.407631,22.5266,1.2483,1.0173,0.064955,0.655494,-5.090937,157,0.279613,2039.2321,0.080576,0
455,19.4133,6003.3,5844.4601,12316.41,-6.7738937037,0.244879,0.39764,20.0573,1.2458,1.0471,0.066752,0.681103,-5.222723,170,0.276328,2073.3483,0.079844,0
456,19.456,5904.31,5832.8217,12140.62,-6.906511721,0.270877,0.378514,19.2143,1.3343,1.2892,0.07032,0.672812,-4.552163,161,0.284805,2049.7338,0.077158,0
457,19.4987,5909.89,5827.9902,11941.41,-7.0450175035,0.281363,0.371098,20.0713,1.3585,1.4355,0.071752,0.67842,-8.857918,152,0.259662,2055.3237,0.07789,0
458,19.5413,5660.41,5792.639,11789.06,-6.5342986486,0.301887,0.40458,25.4182,1.307,1.146,0.065499,0.643135,-5.563241,163,0.267651,1989.2001,0.075937,0
459,19.584,5626.06,5711.5947,11636.72,-6.4626717397,0.283263,0.412091,26.6821,1.326,1.2228,0.064168,0.638221,-3.845122,167,0.261722,1968.8705,0.07203,0
460,19.6267,5882.98,5852.6212,12351.56,-6.0449126505,0.348378,0.434894,28.9417,1.2449,0.8929,0.060269,0.633444,-2.278373,148,0.277755,1877.7767,0.075571,0
461,19.6693,5842.51,5818.8031,12093.75,-6.2597590619,0.340872,0.420685,26.5401,1.2722,1.0192,0.062674,0.635917,-2.034411,159,0.283568,1982.5964,0.078989,0
462,19.712,5718.08,5672.3815,11648.44,-6.3203949085,0.33523,0.421291,27.9018,1.2959,1.1942,0.06257,0.654618,-8.062033,187,0.291159,1974.6427,0.073862,0
463,19.7547,5685.17,5721.9759,11882.81,-5.9521446551,0.282824,0.438414,34.0869,1.2947,1.0671,0.059686,0.608916,-1.530921,163,0.302505,1933.7505,0.072763,0
464,19.7973,6019.72,5840.999,12234.38,-6.6023703796,0.357875,0.406122,21.2316,1.2482,1.0475,0.065224,0.661908,-4.860665,153,0.27991,2143.4087,0.081675,0
465,19.84,6071.03,5895.5049,12550.78,-7.1106237132,0.231205,0.368867,17.236,1.2857,1.1523,0.072188,0.69089,-5.684515,164,0.268393,2222.3273,0.084849,0
466,19.8827,5945.55,5871.1565,12152.34,-6.9856208768,0.267363,0.373454,19.5651,1.3325,1.3358,0.071294,0.670142,-4.514048,180,0.268855,2122.4885,0.079355,0
467,19.9253,5984.21,5841.6649,12023.44,-7.1411327349,0.318647,0.364127,17.1033,1.3412,1.3802,0.073125,0.689731,-5.164209,170,0.276501,2250.3894,0.080088,0
468,19.968,5867.08,5801.2647,12000.0,-6.9868490936,0.372514,0.371357,19.0554,1.3451,1.3407,0.071701,0.684171,-6.316495,171,0.273991,2132.0719,0.08021,0
469,20.0107,5781.21,5810.3041,11871.09,-6.6196248488,0.317635,0.395411,22.9748,1.3279,1.2856,0.067159,0.647073,-5.022837,175,0.267428,2162.5286,0.078867,0
470,20.0533,5934.66,5861.5339,12199.22,-6.9977531731,0.259139,0.379437,17.8263,1.3234,1.3004,0.070143,0.681265,-5.331798,166,0.271866,1996.0811,0.082285,0
471,20.096,5837.38,5860.4155,11941.41,-7.1004656761,0.261248,0.366456,18.1389,1.3289,1.3048,0.072663,0.678774,-5.716418,156,0.265612,2257.7348,0.083873,0
472,20.1387,5840.08,5732.903,11906.25,-6.7874036387,0.304174,0.390355,21.3421,1.3428,1.3404,0.06809,0.67503,-4.34086,162,0.275489,2206.2662,0.082163,0
473,20.1813,5812.52,5888.0075,12105.47,-6.949305453,0.236224,0.381152,19.1819,1.3134,1.2116,0.069817,0.657911,-3.654472,157,0.290544,2090.163,0.081919,0
474,20.224,5885.3,5818.4647,12058.59,-7.1680862608,0.335989,0.364585,17.0708,1.332,1.3544,0.073034,0.679952,-4.845228,157,0.274013,2163.4912,0.078501,0
475,20.2667,5814.17,5840.3652,12046.88,-6.7618039309,0.358725,0.387495,20.0894,1.3457,1.2936,0.068622,0.652798,-8.447547,174,0.275303,2074.145,0.073251,0
476,20.3093,5834.13,5752.7959,11976.56,-6.639446772,0.357422,0.393285,20.7326,1.3115,1.1983,0.067549,0.651345,-3.533593,163,0.277042,1987.2015,0.078989,0
477,20.352,5861.48,5847.4829,11941.41,-6.7141944995,0.303658,0.397774,22.4879,1.2954,1.172,0.066727,0.659358,-7.017451,171,0.281615,2076.8146,0.079355,0
478,20.3947,5591.44,5666.4057,11671.88,-6.2490997289,0.294934,0.41699,28.7563,1.3072,1.1751,0.063312,0.615916,-3.67354,169,0.284655,2065.3897,0.072763,0
479,20.4373,5812.75,5813.5064,11730.47,-7.1054161299,0.183921,0.364695,19.1541,1.3365,1.4075,0.073012,0.671087,-7.143442,165,0.29775,2164.1768,0.074838,0
480,20.48,5907.19,5872.4631,12269.53,-6.7560360717,0.275555,0.395978,20.4217,1.2731,1.0935,0.067055,0.655258,-5.132572,166,0.266139,2088.5597,0.078989,0
481,20.5227,5960.03,5877.9996,12480.47,-6.0888327482,0.233766,0.438968,27.4826,1.2269,0.8479,0.059595,0.649017,-4.156306,139,0.261913,1938.282,0.080088,0
482,20.5653,5719.31,5777.562,11882.81,-6.4762677303,0.233342,0.404661,24.8598,1.3074,1.1408,0.065485,0.633144,-6.594035,167,0.273924,2153.9304,0.076303,0
483,20.608,6013.51,5908.607,12644.53,-6.4403124481,0.230757,0.415201,22.9104,1.2386,0.9099,0.063624,0.674796,-3.74449,165,0.276856,2042.0159,0.076792,0
484,20.6507,5716.07,5843.2885,11941.41,-7.3799924052,0.378262,0.350829,16.7477,1.3815,1.4876,0.075818,0.67111,-7.170196,158,0.27376,2193.9053,0.076059,0
485,20.6933,5784.74,5850.4238,12058.59,-6.7405496246,0.317929,0.392256,21.7747,1.3305,1.2436,0.067738,0.664667,-2.62443,161,0.281079,2185.4102,0.075082,0
486,20.736,5921.27,5836.985,12011.72,-7.1604452327,0.297429,0.363941,17.939,1.3117,1.3155,0.073162,0.673667,-4.723809,170,0.278175,2276.0757,0.078989,0
487,20.7787,5886.98,5742.6777,12023.44,-6.6668157364,0.224811,0.40493,21.9062,1.3028,1.2395,0.065437,0.671961,-6.457255,161,0.28347,2052.4629,0.081797,0
488,20.8213,5998.99,5889.0239,12433.59,-6.8500518132,0.293771,0.382684,19.5982,1.2755,1.1305,0.069527,0.667195,-3.850248,153,0.275106,2181.5803,0.080576,0
489,20.864,6154.09,5949.6019,12550.78,-7.096559114,0.244704,0.375162,17.3033,1.2532,1.1014,0.070964,0.686348,-5.188014,166,0.268026,2143.9417,0.082041,0
490,20.9067,5807.4,5801.9782,12058.59,-6.9432785612,0.352499,0.378656,19.864,1.3262,1.2753,0.070293,0.665224,-3.688555,147,0.269692,2061.6836,0.078379,0
491,20.9493,5712.97,5782.0365,12058.59,-6.178349201,0.403852,0.434436,29.9862,1.2945,1.0537,0.060346,0.620838,-1.418346,184,0.271011,1954.6106,0.069833,0
492,20.992,5756.41,5850.2768,12082.03,-6.8287273986,0.31352,0.384492,20.8354,1.3121,1.191,0.069185,0.66336,-3.360812,153,0.274554,2053.401,0.072763,0
493,21.0347,5694.54,5795.1763,11789.06,-6.7943716083,0.256492,0.387575,21.702,1.3473,1.321,0.068607,0.659804,-2.437429,164,0.278573,2059.3625,0.075571,0
494,21.0773,5856.43,5840.9843,12257.81,-6.6722921607,0.327248,0.398468,22.4256,1.3007,1.1521,0.066601,0.656779,-5.128867,161,0.285058,2151.2482,0.076547,0
495,21.12,5715.16,5779.0373,11625.0,-6.7058136441,0.249087,0.392098,20.9927,1.3358,1.3042,0.067768,0.64979,-2.019631,164,0.272907,2100.3062,0.076181,0
496,21.1627,5829.35,5824.0746,11871.09,-7.0507802233,0.296702,0.370728,17.861,1.3217,1.3145,0.071824,0.674143,-7.235499,168,0.279687,2258.0232,0.077036,0
497,21.2053,5839.69,5714.5584,11894.53,-6.865880595,0.396616,0.377568,20.2715,1.3398,1.4118,0.070501,0.675236,-3.364196,176,0.268706,2194.7584,0.075693,0
498,21.248,5960.11,5817.1885,12222.66,-6.2150665777,0.266709,0.435086,27.4778,1.2459,0.9596,0.060238,0.64161,-0.923802,187,0.271863,1871.8809,0.077036,0
499,21.2907,5569.9,5691.7617,11625.0,-6.1725884228,0.203279,0.42945,32.9238,1.3159,1.1669,0.061181,0.595296,0.138755,160,0.28007,1998.6897,0.071054,0
500,21.3333,5677.0,5804.355,11742.19,-6.5444049093,0.380631,0.40389,24.3563,1.3354,1.2031,0.065623,0.640244,-4.623494,156,0.28726,1875.1716,0.065071,0
501,21.376,5835.48,5739.3071,11871.09,-6.8240731773,0.384544,0.38927,20.8475,1.29,1.2196,0.068291,0.659368,-7.906941,167,0.25991,2024.9474,0.071542,0
502,21.4187,5713.64,5673.724,11671.88,-5.9158396596,0.283468,0.452625,36.2443,1.2818,1.0813,0.057377,0.608313,-0.660142,152,0.283971,1936.1372,0.075082,0
503,21.4613,5926.78,5882.9881,12140.62,-7.296647524,0.229159,0.358982,16.0505,1.3207,1.3215,0.074155,0.687065,-5.623559,184,0.292707,2201.2177,0.077524,0
504,21.504,5575.48,5642.8896,11531.25,-5.9092281042,0.194993,0.45059,38.6971,1.3006,1.1218,0.057703,0.573061,-0.70884,157,0.296395,1972.8142,0.076914,0
505,21.5467,5687.74,5747.896,11765.62,-6.2842210392,0.290001,0.422462,27.7695,1.315,1.1785,0.062369,0.62278,-6.518435,167,0.282649,1969.5975,0.073495,0
506,21.5893,5876.73,5827.744,12093.75,-6.6934786086,0.224975,0.399179,22.1467,1.3007,1.2323,0.066472,0.66481,-6.549032,153,0.281123,2155.9741,0.070077,0
507,21.632,5914.46,5864.5858,12457.03,-6.5094076653,0.235639,0.400325,21.8767,1.2121,0.8719,0.066264,0.64242,-4.496318,173,0.282293,2055.4593,0.073984,0
508,21.6747,5671.79,5867.4413,12046.88,-6.6706184521,0.233109,0.385504,21.3377,1.3319,1.2129,0.068995,0.638768,-3.421759,175,0.290106,2090.7487,0.078623,0
509,21.7173,5971.26,5805.7988,12339.84,-6.8654415955,0.254853,0.394831,19.306,1.26,1.0898,0.067265,0.67879,-7.530094,164,0.284724,2027.788,0.079477,0
510,21.76,6137.76,5856.1007,12492.19,-7.0206499308,0.26332,0.381951,18.9664,1.2646,1.167,0.069665,0.694453,-3.360799,179,0.267938,2179.1973,0.079477,0
511,21.8027,5715.84,5716.1958,11847.66,-6.8152063015,0.341989,0.385491,20.1494,1.3459,1.3108,0.068998,0.676526,-2.901255,170,0.276978,2132.9476,0.077036,0
512,21.8453,5832.06,5827.987,12210.94,-6.8302985057,0.258392,0.391011,21.0601,1.3036,1.2121,0.067968,0.659211,-7.999281,169,0.304083,2061.9763,0.076792,0
513,21.888,5874.25,5889.0732,12328.12,-6.9256524165,0.28349,0.381954,19.5712,1.3176,1.2192,0.069665,0.673378,-4.656173,149,0.271977,2073.5216,0.078379,0
514,21.9307,5875.51,5777.1001,12117.19,-6.0913490141,0.325622,0.430001,29.309,1.2761,1.0645,0.061088,0.643061,-3.746837,143,0.269098,2000.4013,0.079844,0
515,21.9733,5914.74,5895.3436,12468.75,-6.3715161745,0.327034,0.421327,26.0555,1.2407,0.923,0.062563,0.641435,-4.582745,166,0.27876,2027.0501,0.07728,0
516,22.016,5676.23,5753.9975,11871.09,-6.144613155,0.259137,0.43321,30.9742,1.2975,1.1196,0.06055,0.608,-5.104755,182,0.259454,1957.9276,0.070687,0
517,22.0587,5791.85,5766.7083,12023.44,-6.1866288563,0.167249,0.422233,29.2331,1.2716,1.023,0.062408,0.637142,-1.066366,184,0.291503,2136.1473,0.072763,0
518,22.1013,5721.95,5810.2458,11906.25,-6.9242143916,0.248992,0.371152,19.1519,1.3181,1.2455,0.071741,0.654698,-3.56453,168,0.29347,2232.0305,0.080576,0
519,22.144,5968.44,5838.26,12222.66,-7.1784677748,0.359555,0.360015,17.7716,1.3242,1.3546,0.073947,0.680885,-5.785543,177,0.284894,2238.0327,0.083018,0
520,22.1867,5894.54,5860.5637,12292.97,-7.0787379682,0.346702,0.367208,18.0492,1.3498,1.3686,0.072515,0.685352,-4.540059,162,0.277663,2242.7617,0.085582,0
521,22.2293,6047.63,5851.0037,12222.66,-7.5894877122,0.281674,0.338896,14.5279,1.3161,1.3933,0.078322,0.700367,-8.169632,168,0.264133,2257.181,0.085093,0
522,22.272,6011.91,5823.8556,12199.22,-6.3272422515,0.231799,0.42954,26.4555,1.2562,1.0498,0.061166,0.655661,-7.080717,171,0.273671,2057.1616,0.080698,0
523,22.3147,5953.82,5827.4817,12281.25,-6.9730765437,0.251176,0.387067,20.5436,1.3162,1.2649,0.068702,0.691189,-3.995655,182,0.273348,2164.0284,0.077158,0
524,22.3573,5877.78,5853.378,12105.47,-7.0888019444,0.258024,0.374054,18.6538,1.3156,1.2569,0.071178,0.673894,-7.272538,161,0.271422,2143.2531,0.077646,0
525,22.4,5787.96,5726.0743,11589.84,-6.8897219826,0.203951,0.380176,20.3293,1.3426,1.3945,0.070002,0.671984,-10.386296,132,0.267331,2052.7935,0.078623,0
526,22.4427,5834.33,5771.7954,12000.0,-6.752241733,0.253052,0.392243,20.8931,1.2758,1.1122,0.067741,0.661262,-5.168222,147,0.27744,2112.9771,0.082041,0
527,22.4853,5828.25,5787.6263,12000.0,-6.8259795327,0.279789,0.395808,21.9812,1.2946,1.1887,0.067086,0.672612,-6.867515,157,0.273561,2144.6056,0.07789,0
528,22.528,5905.72,5826.118,12316.41,-6.1305857613,0.273396,0.437967,29.1105,1.23,0.9162,0.05976,0.637717,-4.405079,157,0.26815,1924.3709,0.078379,0
529,22.5707,5813.18,5868.6632,12187.5,-6.5352182571,0.284768,0.402864,22.3271,1.2669,1.0078,0.065807,0.647733,-3.259978,155,0.275681,2037.0269,0.076547,0
530,22.6133,5683.12,5787.7778,11953.12,-5.8827148043,0.201655,0.438253,32.0761,1.2455,0.881,0.059713,0.601095,-5.653534,184,0.274845,2102.2001,0.069833,0
531,22.656,5693.87,5742.211,11777.34,-6.3125606132,0.288197,0.429944,28.3047,1.2994,1.1589,0.061098,0.639566,-3.467935,155,0.28015,1857.1765,0.077036,0
532,22.6987,5827.31,5893.6365,12093.75,-7.2738747116,0.259764,0.356754,16.5176,1.328,1.2572,0.074605,0.670689,-4.615252,170,0.277151,2204.2847,0.08253,0
533,22.7413,5756.46,5764.852,11953.12,-6.1044180781,0.278121,0.441487,29.6763,1.278,1.0131,0.05918,0.632287,-4.839342,156,0.28321,1896.0803,0.081065,0
534,22.784,5683.45,5715.3275,11859.38,-5.9787382964,0.285305,0.442414,32.3405,1.2707,0.9946,0.059028,0.631745,-0.421596,171,0.275848,2012.1943,0.076792,0
535,22.8267,5860.93,5829.2376,12210.94,-6.4294010416,0.27978,0.415485,23.9397,1.268,1.0394,0.063574,0.662656,-3.146845,173,0.277096,1943.1101,0.078867,0
536,22.8693,5922.79,5843.1335,12164.06,-6.6430045646,0.286392,0.399698,23.2665,1.2924,1.1709,0.066378,0.661845,-3.064389,165,0.270039,2112.3846,0.085582,0
537,22.912,6018.16,5869.5148,12269.53,-7.2051178266,0.242332,0.358575,17.3748,1.2758,1.2022,0.074237,0.676898,-4.489078,180,0.276875,2239.7587,0.086192,0
538,22.9547,5806.68,5874.9991,12058.59,-7.2580875772,0.305651,0.356636,17.0854,1.3548,1.3998,0.074629,0.676251,-6.315731,175,0.269242,2217.6453,0.082041,0
539,22.9973,5854.73,5820.1578,12035.16,-6.4394064361,0.221253,0.418203,26.2218,1.2768,1.0883,0.063102,0.647879,-4.185817,176,0.273303,2034.7927,0.081919,0
540,23.04,5792.44,5779.7913,11917.97,-7.0621025726,0.211376,0.371214,17.7962,1.349,1.347,0.071729,0.675814,-6.023923,161,0.269295,2086.7065,0.074838,0
541,23.0827,5733.01,5780.6965,11894.53,-5.9900764869,0.280184,0.436441,31.4437,1.2821,1.0166,0.060012,0.616193,-1.649989,166,0.292338,1996.037,0.068246,0
542,23.1253,5748.39,5749.2229,11800.78,-6.5137374696,0.280254,0.405802,23.8028,1.3037,1.1609,0.065281,0.642014,-2.97802,152,0.288379,1953.1881,0.074838,0
543,23.168,5985.54,5758.4132,11953.12,-6.9738883944,0.244303,0.373121,18.2129,1.2924,1.251,0.071358,0.67636,-3.25343,166,0.272142,2277.963,0.086436,0
544,23.2107,6018.63,5811.2903,12339.84,-6.4180362803,0.342277,0.414089,23.8541,1.2531,1.0072,0.063818,0.670477,-2.449506,180,0.268836,2076.8605,0.08375,0
545,23.2533,5795.63,5700.3429,11871.09,-6.160599018,0.351569,0.434015,29.0223,1.2964,1.0971,0.060416,0.644655,-1.467171,191,0.274483,1948.7274,0.078867,0
546,23.296,6120.14,5845.1861,12667.97,-6.0132021999,0.328885,0.443596,29.0219,1.2014,0.8147,0.058835,0.647532,-1.985193,176,0.266829,2004.0199,0.078379,0
547,23.3387,5726.71,5721.0783,11953.12,-5.7042788022,0.213552,0.459327,37.5806,1.2875,1.0321,0.056313,0.586845,-0.244965,161,0.282867,2070.3466,0.07496,0
548,23.3813,5727.22,5729.6324,11800.78,-6.5983850718,0.330991,0.404938,24.306,1.3314,1.2608,0.065435,0.636376,-6.373831,161,0.282551,2081.4453,0.076792,0
549,23.424,6128.82,5926.7838,12843.75,-6.4401283248,0.296157,0.413616,22.4908,1.1915,0.8153,0.0639,0.672908,-2.998093,151,0.284643,2112.973,0.078257,0
550,23.4667,5556.08,5746.139,11871.09,-6.5406187179,0.246874,0.39257,22.1923,1.3372,1.2463,0.067681,0.636418,-4.589499,170,0.301274,1965.5787,0.075327,0
551,23.5093,5772.66,5769.936,12023.44,-6.1109262761,0.206527,0.442187,31.4044,1.2664,0.9909,0.059066,0.62681,-5.989519,168,0.287397,1950.6733,0.076059,0
552,23.552,5977.48,5835.1502,12246.09,-7.0252915621,0.226369,0.372885,17.9305,1.3052,1.2615,0.071404,0.681078,-6.217873,152,0.282571,2168.6005,0.079477,0
553,23.5947,6007.88,5886.6773,12304.69,-7.6503378219,0.252777,0.333695,13.9114,1.3246,1.3781,0.079442,0.696575,-5.91019,158,0.265273,2319.1022,0.077402,0
554,23.6373,5710.67,5789.5518,12046.88,-6.3738850282,0.328345,0.411189,25.3588,1.2876,1.0623,0.064326,0.649055,-2.032939,153,0.295485,2019.9173,0.071908,0
555,23.68,5570.49,5821.5557,11906.25,-6.4806873486,0.286285,0.404537,26.3234,1.3308,1.1627,0.065507,0.620134,-2.36293,156,0.289803,2070.159,0.07667,0
556,23.7227,5895.57,5732.9736,12035.16,-6.4428535684,0.337932,0.41232,25.1646,1.2964,1.1749,0.064128,0.670918,-1.927779,176,0.275815,2003.9396,0.081675,0
557,23.7653,5812.74,5768.2521,11929.69,-6.1947122179,0.245606,0.436391,29.2488,1.2675,1.0141,0.060021,0.642659,-1.707014,175,0.285451,1977.4393,0.078257,0
558,23.808,6081.42,5937.8406,12457.03,-6.8080783775,0.267335,0.387185,19.5677,1.253,1.0847,0.06868,0.668083,-4.07048,170,0.273766,2154.2927,0.072763,0
559,23.8507,5834.11,5845.0011,12093.75,-6.854903871,0.2683,0.385525,20.1176,1.3325,1.2853,0.068991,0.668494,-6.639112,162,0.277903,2147.4621,0.07496,0
560,23.8933,5830.4,5833.883,11953.12,-6.9290865242,0.312406,0.37386,19.4731,1.33,1.3036,0.071215,0.659744,-4.677847,166,0.269352,2216.1709,0.079722,0
561,23.936,5699.59,5745.1973,11917.97,-6.7408115128,0.249418,0.38939,20.975,1.3415,1.2829,0.068269,0.661616,-5.796446,172,0.271633,2019.2757,0.066414,0
562,23.9787,5704.91,5753.9495,11777.34,-6.7823441041,0.277566,0.392175,21.2253,1.3287,1.2997,0.067753,0.656778,-6.210625,203,0.280906,2067.362,0.068368,0
563,24.0213,5887.02,5755.9511,12222.66,-6.1129701445,0.314135,0.431923,28.236,1.242,0.9478,0.060766,0.636405,-1.167354,164,0.281506,1952.9279,0.074716,0
564,24.064,5646.6,5757.3451,11765.62,-7.0215137366,0.243728,0.372341,19.6163,1.3351,1.2989,0.07151,0.654731,-7.233065,140,0.285211,2084.9289,0.073129,0
565,24.1067,5944.5,5834.7709,12210.94,-7.4753833508,0.272325,0.346791,16.1754,1.3236,1.3762,0.076655,0.692842,-7.876755,146,0.285975,2236.7875,0.075693,0
566,24.1493,5900.91,5888.791,12140.62,-7.2556110322,0.373024,0.360628,16.6148,1.3456,1.3642,0.073823,0.685694,-3.881814,167,0.266472,2225.6762,0.077158,0
567,24.192,5967.33,5928.9162,12421.88,-6.9855664425,0.314906,0.375359,18.3391,1.2932,1.1668,0.070926,0.669393,-8.846966,165,0.277303,2152.9487,0.081187,0
568,24.2347,5958.57,5898.1948,12292.97,-7.6440819592,0.192746,0.343404,14.8478,1.3314,1.3531,0.077366,0.695534,-7.771718,152,0.263265,2182.5695,0.082896,0
569,24.2773,6000.45,5834.6621,12281.25,-7.213199639,0.266063,0.364257,17.2429,1.305,1.3226,0.073099,0.686617,-4.482152,163,0.269154,2227.3569,0.076914,0
570,24.32,5734.29,5758.8,11707.03,-6.7409918093,0.304147,0.390983,22.6771,1.3927,1.4708,0.067974,0.679501,-2.521724,173,0.282407,2069.0023,0.076303,0
571,24.3627,5797.61,5744.078,12011.72,-6.1955205269,0.384059,0.431916,29.4599,1.303,1.1292,0.060767,0.647975,-1.910984,163,0.259424,2122.2715,0.08021,0
572,24.4053,5763.07,5805.0009,12070.31,-6.8183851681,0.307516,0.382842,20.7754,1.3191,1.2282,0.069497,0.672191,-4.687724,183,0.278485,2155.6491,0.078012,0
573,24.448,5837.74,5895.7147,12210.94,-7.1429413837,0.334582,0.363707,18.0047,1.3451,1.34,0.073208,0.670739,-4.385609,166,0.282921,2125.6778,0.074228,0
574,24.4907,5789.56,5827.168,12058.59,-6.3660920136,0.390069,0.413833,25.2551,1.2833,1.0672,0.063862,0.626955,-7.672908,158,0.284515,2053.3744,0.075327,0
575,24.5333,5993.82,5901.2014,12234.38,-6.8392559448,0.302135,0.389433,20.1261,1.2935,1.1514,0.068261,0.681492,-3.738815,172,0.273848,2175.4959,0.080576,0
576,24.576,5924.66,5846.0193,12457.03,-6.5219394084,0.263778,0.407185,22.5236,1.2443,0.966,0.065035,0.663286,-4.673816,181,0.263827,2008.8712,0.078012,0
577,24.6187,5603.22,5617.2159,11683.59,-5.8822470684,0.393371,0.451948,36.664,1.321,1.1698,0.057485,0.593138,0.631215,177,0.27551,2005.1743,0.07667,0
578,24.6613,5799.3,5750.1024,11929.69,-5.7368318087,0.277431,0.461365,37.6962,1.243,0.9084,0.055993,0.598602,-1.570183,166,0.266449,1997.8215,0.076303,0
579,24.704,5912.96,5842.2569,12199.22,-6.3766264566,0.273761,0.424814,25.3525,1.2498,0.9724,0.061967,0.646551,-7.214472,164,0.272071,1947.8308,0.072152,0
580,24.7467,5911.22,5824.3332,12105.47,-6.2217712104,0.279659,0.428548,27.1589,1.2417,0.9688,0.061333,0.625481,-7.793412,172,0.269981,2008.056,0.072274,0
581,24.7893,5767.68,5823.6866,11917.97,-6.881987576,0.287244,0.384889,19.446,1.3314,1.2649,0.069111,0.666215,-7.936103,163,0.277962,2048.6479,0.08314,0
582,24.832,6035.42,5868.6021,12574.22,-6.6464251516,0.264963,0.409656,21.2631,1.2407,1.0136,0.064597,0.673785,-5.557536,151,0.271397,1970.1192,0.083628,0
583,24.8747,5808.71,5890.6947,12175.78,-6.9172141646,0.172762,0.384379,18.7491,1.3131,1.1687,0.069207,0.669895,-3.469176,170,0.253381,2070.71,0.076547,0
584,24.9173,6001.67,5875.0715,12234.38,-7.5334635125,0.237685,0.34218,15.2035,1.3175,1.3331,0.077624,0.697729,-6.179004,156,0.27873,2294.9081,0.077646,0
585,24.96,5688.7,5709.8188,11742.19,-6.5268116004,0.214571,0.40501,23.504,1.336,1.2491,0.065422,0.649286,0.221232,182,0.285258,2013.2345,0.075082,0
586,25.0027,5818.52,5821.9302,12082.03,-6.9068368706,0.317605,0.382788,20.7242,1.3125,1.2448,0.069507,0.674911,-6.749577,163,0.275018,2108.5725,0.079111,0
587,25.0453,6019.53,5883.3467,12492.19,-7.0707092686,0.352188,0.371599,17.4239,1.2769,1.1235,0.071654,0.679146,-4.947685,138,0.263912,2219.4634,0.080942,0
588,25.088,5791.3,5835.3351,12011.72,-6.8026241612,0.225928,0.389926,21.0208,1.3339,1.2579,0.06817,0.662479,-3.372092,179,0.267179,2092.0866,0.077768,0
589,25.1307,5763.05,5770.8626,11882.81,-5.8951521699,0.26162,0.448623,36.2805,1.2603,1.0111,0.05802,0.581515,-1.356328,155,0.284528,1976.2737,0.075815,0
590,25.1733,5800.03,5767.345,11777.34,-7.4520364037,0.261216,0.346803,15.5744,1.3718,1.5219,0.076653,0.680716,-6.701475,162,0.289904,2233.6541,0.080088,0
591,25.216,5994.23,5791.5732,12117.19,-6.6204782691,0.2577,0.401958,22.0612,1.2792,1.1536,0.06597,0.676943,-2.446834,195,0.290771,2214.4734,0.079233,0
592,25.2587,5845.42,5779.6637,11894.53,-6.9793615258,0.309217,0.371962,19.8441,1.3267,1.3593,0.071584,0.666967,-2.396747,164,0.274059,2170.2924,0.076425,0
593,25.3013,6083.26,5911.8384,12679.69,-6.5105625649,0.168038,0.405848,20.3641,1.2082,0.9041,0.065273,0.665863,-2.208152,166,0.277258,2095.9198,0.079966,0
594,25.344,5961.38,5872.2951,12292.97,-6.6593648235,0.262651,0.397206,21.1936,1.2779,1.1361,0.066831,0.656286,-3.945969,143,0.279102,2117.3398,0.075204,0
595,25.3867,5631.96,5808.0915,11871.09,-6.4292058883,0.328091,0.404006,25.04,1.3204,1.1555,0.065602,0.634889,-6.659575,163,0.284596,1945.7121,0.073251,0
596,25.4293,5903.64,5773.8489,12269.53,-5.6989815783,0.221574,0.459763,35.7634,1.2211,0.8694,0.056244,0.612696,-0.636452,162,0.274185,1942.256,0.075937,0
597,25.472,5803.57,5785.2619,11976.56,-6.5202939102,0.307488,0.407979,25.1166,1.2985,1.1447,0.064894,0.65863,-3.207395,157,0.282928,1952.1163,0.073739,0
598,25.5147,5778.54,5833.5185,12140.62,-6.3000093408,0.301617,0.417539,25.7022,1.2775,1.0351,0.063217,0.636935,-1.783048,158,0.27449,2201.8728,0.072763,0
599,25.5573,5700.56,5745.6254,11742.19,-6.6664586784,0.338206,0.392515,22.9162,1.3651,1.3999,0.067691,0.650639,-7.030003,161,0.275635,2178.4729,0.078257,0
600,25.6,6101.74,5857.6711,12445.31,-6.6485297472,0.246421,0.404289,22.5336,1.2611,1.1041,0.065551,0.679134,-4.067577,175,0.268954,2074.5487,0.084361,0
601,25.6427,5958.79,5875.9823,12328.12,-6.3998349357,0.355303,0.425758,25.7346,1.2608,0.9837,0.061806,0.65634,-3.456608,181,0.262805,2006.4385,0.081797,0
602,25.6853,5667.77,5777.6988,11718.75,-6.6600223826,0.372894,0.383373,21.6574,1.3643,1.3765,0.069396,0.63529,-4.110315,166,0.270349,2103.6233,0.076914,0
603,25.728,5888.93,5761.543,12105.47,-6.699211864,0.304206,0.385589,20.2228,1.3234,1.2641,0.068979,0.669078,-3.551935,185,0.275459,2218.3456,0.077768,0
604,25.7707,5849.53,5769.3664,12000.0,-6.2387144345,0.298662,0.428709,27.7913,1.256,1.0294,0.061306,0.626868,-0.473426,160,0.280082,2036.2341,0.074106,0
605,25.8133,5818.89,5772.4202,12058.59,-5.6867487479,0.272825,0.465438,39.7986,1.2382,0.8911,0.055356,0.570211,-1.023936,167,0.262101,1949.5054,0.073373,0
606,25.856,5763.79,5784.3602,11976.56,-5.9372182546,0.378944,0.441836,32.3393,1.2673,0.9584,0.059123,0.618741,0.898076,162,0.280544,1941.3809,0.073251,0
607,25.8987,5726.07,5823.6498,12246.09,-6.4994181961,0.273727,0.403421,23.0708,1.3033,1.1266,0.065707,0.644656,-4.303052,151,0.281582,2037.9665,0.070932,0
608,25.9413,5853.97,5768.8529,12164.06,-5.7999378298,0.308066,0.454817,34.7305,1.2174,0.8662,0.057027,0.604316,-2.208932,165,0.274078,1844.9101,0.072763,0
609,25.984,5782.49,5884.8164,12093.75,-6.413113696,0.314515,0.411018,25.2675,1.252,0.9862,0.064356,0.633733,-6.824072,159,0.257358,2004.8459,0.073984,0
610,26.0267,5749.0,5748.8509,11964.84,-6.4163232611,0.302825,0.410335,25.1913,1.3008,1.1545,0.064477,0.652668,-7.269696,170,0.282716,2008.8057,0.074838,0
611,26.0693,5946.72,5923.8065,12234.38,-6.8377690989,0.322201,0.376869,18.9115,1.2948,1.1459,0.070635,0.675676,-3.592317,168,0.279617,2256.8472,0.074472,0
612,26.112,5928.46,5862.2953,12234.38,-6.6264440212,0.293864,0.401201,21.5594,1.2752,1.1106,0.066106,0.671981,-7.160092,170,0.287979,2025.0719,0.084605,0
613,26.1547,5906.85,5876.5703,12210.94,-6.5878517317,0.237483,0.398667,22.2659,1.2628,1.0561,0.066565,0.647731,-2.519262,163,0.272,2054.8546,0.085704,0
614,26.1973,5828.66,5799.2416,11953.12,-6.58418174,0.28599,0.399623,22.1526,1.2938,1.1241,0.066392,0.644553,-1.646615,157,0.263139,2066.1876,0.073617,0
615,26.24,5705.99,5827.6201,11929.69,-6.7380474725,0.345861,0.392619,21.0091,1.3323,1.2354,0.067671,0.659623,-5.100912,170,0.271791,1963.2753,0.080088,0
616,26.2827,5996.23,5923.5501,12539.06,-6.9509325861,0.334784,0.382703,20.2663,1.2686,1.0998,0.069523,0.668582,-7.605303,165,0.267627,2140.9562,0.084239,0
617,26.3253,5807.66,5694.4641,11847.66,-6.0955120998,0.342446,0.436586,30.6243,1.276,1.0981,0.059988,0.635419,-3.576704,179,0.274878,1977.7644,0.076547,0
618,26.368,5729.94,5710.6952,11707.03,-6.0186499507,0.260524,0.439922,33.5755,1.2802,1.0619,0.059437,0.627288,-4.553272,175,0.281647,1987.0501,0.074228,0
619,26.4107,5764.12,5837.08,12023.44,-6.4459331254,0.239373,0.408098,24.1488,1.2713,1.045,0.064873,0.625718,-3.484962,166,0.299254,2062.8435,0.073984,0
620,26.4533,5769.06,5819.3527,12070.31,-6.8248972305,0.288717,0.388535,21.8164,1.3349,1.2651,0.068428,0.662174,-3.238778,157,0.278018,2007.8621,0.073373,0
621,26.496,5941.92,5834.9342,12140.62,-6.4906416586,0.330421,0.413969,24.1617,1.2399,0.9642,0.063839,0.648181,-8.767263,164,0.281495,2037.1163,0.07789,0
622,26.5387,5837.1,5740.7073,12128.91,-6.6543983859,0.387307,0.391247,21.2607,1.3085,1.2134,0.067925,0.667901,-5.435505,154,0.280306,2170.9272,0.078867,0
623,26.5813,6039.76,5837.1059,12281.25,-6.9346878009,0.349712,0.382607,17.7074,1.2838,1.1909,0.069541,0.69037,-6.311425,172,0.280006,2172.6202,0.079111,0
624,26.624,5773.05,5745.2873,11753.91,-6.9224150495,0.287329,0.371889,20.0956,1.3468,1.4065,0.071598,0.65984,-5.48935,181,0.285871,2163.9323,0.08253,0
625,26.6667,6002.57,5947.1314,12609.38,-6.7177027208,0.284498,0.38434,19.815,1.2719,1.0601,0.069214,0.675011,-6.61246,172,0.27642,2089.546,0.083506,0
626,26.7093,5869.13,5814.3046,12128.91,-6.6719213103,0.373931,0.387643,20.5867,1.3134,1.229,0.068595,0.654041,-5.40614,158,0.265879,2160.3798,0.082285,0
627,26.752,5979.75,5833.469,12281.25,-6.6685357981,0.284917,0.397147,22.5237,1.2619,1.1133,0.066842,0.659952,-3.459221,149,0.273576,2137.565,0.08021,0
628,26.7947,5888.93,5846.738,12246.09,-6.7381805616,0.203393,0.390821,20.3989,1.2835,1.0974,0.068004,0.670923,-3.527937,159,0.270991,2184.5087,0.081065,0
629,26.8373,5896.06,5765.1095,12011.72,-6.2830953395,0.375265,0.41906,26.7059,1.2611,1.0592,0.062954,0.635369,-0.372862,181,0.275081,2047.2634,0.077036,0
630,26.88,5725.48,5723.3914,11777.34,-5.8231949884,0.221071,0.45229,34.6066,1.27,0.9953,0.05743,0.599401,-0.372193,172,0.29406,1888.5867,0.075204,0
631,26.9227,5847.9,5856.4111,12328.12,-6.404398752,0.200049,0.420387,25.2726,1.2576,0.9757,0.062725,0.646808,-4.145052,173,0.262544,2013.3686,0.078745,0
632,26.9653,5995.1,5867.8352,12210.94,-7.3691320536,0.338392,0.355601,16.2373,1.3138,1.3128,0.074839,0.690135,-6.319938,146,0.263679,2309.8736,0.079233,0
633,27.008,5777.38,5775.158,11917.97,-6.9713315212,0.279519,0.376559,19.0275,1.3398,1.3418,0.070694,0.669185,-4.778827,163,0.280949,2129.5655,0.080576,0
634,27.0507,5907.61,5775.8199,11859.38,-6.784252788,0.315859,0.390749,19.0947,1.2928,1.215,0.068017,0.677778,-7.506972,152,0.275317,2054.8661,0.082408,0
635,27.0933,5761.31,5810.1189,12070.31,-6.5519781428,0.265249,0.408366,24.6253,1.308,1.1811,0.064825,0.659878,-3.56891,180,0.272859,1995.968,0.08253,0
636,27.136,5793.99,5794.4859,12035.16,-6.3289094363,0.316455,0.413663,27.1576,1.2914,1.1034,0.063892,0.640541,-1.292621,162,0.283057,2116.1288,0.075204,0
637,27.1787,5811.33,5786.903,12234.38,-6.1173008063,0.400428,0.432485,28.2984,1.2498,0.9345,0.060672,0.634832,-3.073127,181,0.264955,1984.8853,0.073862,0
638,27.2213,5981.05,5824.714,12269.53,-5.9751913535,0.404436,0.44855,30.5734,1.2255,0.8988,0.058032,0.635155,-1.219015,170,0.267131,2059.3113,0.079966,0
639,27.264,5758.17,5746.7141,11941.41,-5.9782764238,0.303985,0.450187,34.3494,1.2808,1.0174,0.057768,0.627878,-3.705551,152,0.264722,1871.7608,0.078501,0
640,27.3067,5889.09,5799.7762,12046.88,-7.0211800629,0.293603,0.377916,17.6406,1.3402,1.3453,0.070434,0.682814,-4.466732,169,0.271642,2171.26,0.079722,0
641,27.3493,5797.13,5730.3861,11859.38,-6.8196757092,0.227696,0.382611,20.9164,1.3302,1.3154,0.06954,0.671346,-3.601304,161,0.269355,2092.4231,0.078867,0
642,27.392,5804.9,5876.5915,12210.94,-6.5709689121,0.253775,0.405293,22.5592,1.3149,1.1619,0.065372,0.666219,-6.643874,173,0.276614,2066.2013,0.075937,0
643,27.4347,5720.37,5791.6144,11917.97,-5.7062640147,0.34248,0.466387,37.0071,1.2659,0.9358,0.055209,0.571737,0.623441,190,0.276276,1973.5447,0.074594,0
644,27.4773,5631.18,5756.9348,11683.59,-6.2590898752,0.277716,0.420359,28.6315,1.303,1.1153,0.06273,0.611641,-5.070531,151,0.265129,2006.604,0.071664,0
645,27.52,5725.15,5796.8126,12082.03,-6.0943254292,0.196941,0.435992,30.4865,1.2663,0.9461,0.060087,0.613167,-7.532271,138,0.271285,1883.278,0.077402,0
646,27.5627,5734.94,5731.3943,11882.81,-6.5989542388,0.232524,0.411383,24.0347,1.3243,1.2531,0.064292,0.647893,-6.969977,146,0.265632,1946.9781,0.078623,0
647,27.6053,5635.52,5676.8127,11695.31,-6.1971437313,0.342756,0.423578,29.9366,1.3125,1.1859,0.062178,0.627423,-7.128419,157,0.275541,1996.9334,0.071786,0
648,27.648,5702.78,5657.6494,11707.03,-6.1087898327,0.286817,0.437719,31.7525,1.2992,1.1471,0.059801,0.618723,-3.13887,177,0.279728,1884.3407,0.076547,0
649,27.6907,5877.76,5860.625,12164.06,-7.0703787207,0.296451,0.362612,17.7777,1.3339,1.3048,0.073426,0.674329,-7.076747,176,0.285842,2178.3972,0.080088,0
650,27.7333,5888.23,5744.0071,12117.19,-6.138536243,0.271274,0.424247,28.3688,1.266,1.0475,0.062064,0.655237,-1.927255,178,0.280852,2071.8861,0.07667,0
651,27.776,5851.45,5762.367,12246.09,-6.09673225,0.259944,0.434921,30.0312,1.2612,1.0141,0.060265,0.626798,-8.951737,167,0.267026,1990.407,0.075693,0
652,27.8187,5929.2,5811.3995,12246.09,-7.1699081043,0.34203,0.363515,17.2559,1.324,1.3045,0.073246,0.685482,-4.488307,183,0.285643,2238.4298,0.081675,0
653,27.8613,5862.36,5791.423,11941.41,-6.617576187,0.279734,0.400015,22.999,1.301,1.1935,0.066321,0.664545,-2.956736,167,0.266337,2069.17,0.080576,0
654,27.904,5814.07,5776.1775,12035.16,-6.4106678023,0.355298,0.409387,24.3884,1.2525,1.0076,0.064644,0.644657,-0.957678,162,0.276055,2108.8994,0.070932,0
655,27.9467,5994.86,5821.2243,12363.28,-6.0039465665,0.274391,0.453802,30.79,1.226,0.8685,0.057189,0.640597,-2.212487,170,0.280616,2042.8726,0.078623,0
656,27.9893,6136.19,5889.4952,12199.22,-7.7193410222,0.282488,0.333594,13.6757,1.3401,1.5201,0.079464,0.706531,-4.592482,173,0.260868,2248.7069,0.08607,0
657,28.032,5848.22,5744.6948,11882.81,-6.8504889328,0.334041,0.380388,19.1445,1.3467,1.3881,0.069962,0.674449,-4.766917,159,0.267538,2051.0725,0.081553,0
658,28.0747,5867.07,5842.1795,11953.12,-6.9305699827,0.282143,0.375425,19.2662,1.3009,1.2291,0.070913,0.666823,-4.572953,177,0.273904,2193.5908,0.082652,0
659,28.1173,5871.16,5769.0436,11789.06,-7.2650929793,0.298024,0.355739,16.6016,1.3796,1.5796,0.074811,0.69003,-5.00416,154,0.27265,2147.6501,0.081675,0
660,28.16,6106.36,5844.3683,12339.84,-6.846090822,0.294968,0.383201,18.6772,1.2782,1.1773,0.069429,0.694455,-7.360441,157,0.277377,2241.1424,0.080942,0
661,28.2027,6040.97,5896.6075,12421.88,-6.7657198226,0.345106,0.392576,21.0416,1.2704,1.1232,0.067679,0.670193,-2.148827,181,0.260698,2116.3339,0.080454,0
662,28.2453,5864.11,5878.7871,12222.66,-6.8572920147,0.34158,0.384972,19.3773,1.2986,1.2004,0.069095,0.667035,-6.707554,162,0.273765,2105.8812,0.078501,0
663,28.288,5796.58,5793.9279,11941.41,-6.3444053965,0.224243,0.414615,27.4598,1.2793,1.1012,0.063726,0.647372,-5.779266,155,0.269947,2091.4095,0.083506,0
664,28.3307,6109.24,5825.6198,12316.41,-6.5152330667,0.229068,0.410904,22.1665,1.2029,0.9519,0.064377,0.678827,-5.679584,148,0.271595,2110.9239,0.084117,0
665,28.3733,5867.11,5795.3932,12164.06,-6.1313172834,0.2586,0.435343,28.1549,1.2412,0.9413,0.060195,0.635473,-0.614903,172,0.266568,2108.7346,0.079844,0
666,28.416,6093.76,5947.5598,12597.66,-6.3879793998,0.345344,0.416939,23.0683,1.2197,0.8917,0.063321,0.669139,-5.833697,179,0.27257,2150.5924,0.075082,0
667,28.4587,5683.32,5774.4141,12058.59,-5.731842031,0.275699,0.456852,39.0792,1.2542,0.8966,0.056704,0.581451,-0.106911,192,0.278993,2105.2287,0.073251,0
668,28.5013,6050.67,5850.3261,12316.41,-6.7528560922,0.291879,0.390189,20.5046,1.252,1.1273,0.068121,0.666343,-4.27967,150,0.294484,2170.0523,0.077646,0
669,28.544,5746.44,5776.2223,11941.41,-6.2507716268,0.184296,0.419137,27.0856,1.2982,1.1212,0.062941,0.639225,-1.973947,187,0.291831,2060.4515,0.078012,0
670,28.5867,5720.35,5789.2608,12140.62,-6.2010519316,0.310645,0.431466,30.6842,1.2929,1.0354,0.060842,0.636638,-1.328116,193,0.277781,1999.171,0.075082,0
671,28.6293,5751.12,5789.8099,12035.16,-6.6430440299,0.281797,0.39946,24.6219,1.3205,1.1612,0.066421,0.65839,-6.152788,174,0.272495,2057.1232,0.077158,0
672,28.672,5824.6,5807.401,11988.28,-7.2334482376,0.256418,0.363435,17.402,1.3437,1.3635,0.073262,0.683683,-6.664229,163,0.27836,2067.578,0.078867,0
673,28.7147,5834.27,5832.7662,11929.69,-6.9060310765,0.185461,0.38062,21.1669,1.3222,1.3044,0.069918,0.666257,-5.121714,162,0.28426,2243.4565,0.073373,0
674,28.7573,5563.44,5702.6919,11742.19,-6.002544146,0.334152,0.434988,33.1283,1.3063,1.0763,0.060254,0.592642,-1.965667,184,0.30518,1930.905,0.068856,0
675,28.8,5814.59,5761.6331,11871.09,-6.180514286,0.227473,0.434197,29.8442,1.2555,0.9906,0.060386,0.621917,-7.381124,169,0.279656,1917.205,0.074716,0
676,28.8427,5824.64,5777.8983,11847.66,-6.9467693238,0.226736,0.379141,19.6018,1.324,1.3068,0.0702,0.683369,-5.813714,143,0.274664,2057.7584,0.075204,0
677,28.8853,5562.37,5737.6034,11753.91,-6.0869865097,0.333211,0.433401,31.2136,1.2969,1.0743,0.060518,0.602848,-3.107886,155,0.294973,1953.0148,0.068368,0
678,28.928,5679.16,5705.2615,11847.66,-5.81376123,0.293248,0.451432,37.7561,1.2804,1.0204,0.057568,0.587127,-0.964787,162,0.28323,1996.3622,0.067757,0
679,28.9707,5842.71,5770.2311,11941.41,-6.6033407475,0.319247,0.403415,22.693,1.2872,1.1489,0.065708,0.656311,-2.298623,181,0.292575,2070.476,0.077524,0
680,29.0133,5895.47,5908.2619,12234.38,-7.5041149631,0.247878,0.347332,14.9967,1.3211,1.2634,0.076542,0.688467,-6.321417,162,0.281885,2302.6638,0.078989,0
681,29.056,5746.51,5716.2334,11777.34,-6.3263452899,0.231308,0.422836,26.1399,1.3111,1.1831,0.062305,0.652994,-1.765365,159,0.284264,2109.5313,0.073984,0
682,29.0987,5863.6,5799.1658,11929.69,-7.3102262103,0.346175,0.345895,15.4455,1.364,1.4972,0.076843,0.680999,-5.552095,165,0.291062,2294.7327,0.08021,0
683,29.1413,5824.21,5819.1525,12082.03,-6.5280785681,0.314872,0.403675,22.8328,1.3056,1.1789,0.065661,0.639166,-9.612451,158,0.285168,1881.5023,0.083873,0
684,29.184,5941.85,5852.9236,12269.53,-7.2059327129,0.229019,0.362869,16.9887,1.274,1.1811,0.073375,0.67323,-6.162722,164,0.288925,2318.5532,0.081919,0
685,29.2267,5862.88,5842.7541,12117.19,-6.4158108572,0.256307,0.414551,24.9518,1.259,1.0157,0.063737,0.642732,-1.655141,181,0.269305,2102.5933,0.08021,0
686,29.2693,5948.27,5846.9906,12351.56,-6.6624693309,0.262706,0.397423,21.0255,1.2696,1.0613,0.066791,0.66728,-7.182946,163,0.272028,2101.8805,0.08082,0
687,29.312,5981.91,5793.7683,12164.06,-5.9496093311,0.253173,0.443683,32.3195,1.2285,0.9054,0.058821,0.626779,-7.82271,164,0.278915,1919.6272,0.076425,0
688,29.3547,5714.17,5723.1959,11777.34,-6.220512039,0.274318,0.42857,28.1686,1.3041,1.1291,0.06133,0.633606,-6.290336,189,0.281175,2131.759,0.068246,0
689,29.3973,5425.47,5679.7507,11332.03,-6.2592922057,0.195424,0.414963,29.8736,1.3333,1.18,0.063665,0.59804,-11.345868,140,0.265408,1986.4407,0.068978,0
690,29.44,5564.24,5679.5875,11777.34,-5.4453712802,0.296979,0.481278,49.627,1.2461,0.8671,0.052934,0.494236,1.136006,145,0.28418,1885.4418,0.064949,0
691,29.4827,5775.87,5785.8598,12164.06,-6.3495547237,0.347095,0.424953,26.8752,1.2763,1.0178,0.061943,0.646028,-6.06993,151,0.28975,2002.0023,0.069344,0
692,29.5253,5956.28,5765.0218,12105.47,-6.6334629388,0.273053,0.405869,22.1688,1.2863,1.1604,0.065269,0.683721,-4.618326,148,0.264542,2028.0276,0.081553,0
693,29.568,5758.35,5710.5789,11835.94,-5.6623194703,0.291929,0.45945,41.0289,1.2345,0.8815,0.056294,0.581469,-0.533804,196,0.284097,2011.4847,0.079355,0
694,29.6107,6102.0,5894.293,12257.81,-7.1740272155,0.355802,0.360996,17.3998,1.2889,1.2882,0.07375,0.682756,-5.542342,176,0.279718,2240.497,0.083995,0
695,29.6533,5958.74,5908.806,12328.12,-7.2199916915,0.24463,0.363073,16.6008,1.2878,1.2027,0.073334,0.68035,-5.014006,180,0.250901,2281.6785,0.08375,0
696,29.696,5863.28,5885.0627,12257.81,-7.2701038019,0.267916,0.363459,16.5402,1.334,1.2929,0.073257,0.684908,-8.76119,146,0.264185,2208.4987,0.080088,0
697,29.7387,5959.76,5876.3746,12257.81,-6.4553912213,0.165885,0.416593,22.7823,1.2618,1.0079,0.063381,0.670881,-1.621767,176,0.270914,1969.1016,0.086436,0
698,29.7813,5823.25,5822.3608,12210.94,-6.4895073181,0.247917,0.411347,23.647,1.2891,1.085,0.064299,0.655668,-5.72104,154,0.270509,2024.7785,0.084727,0
699,29.824,5786.44,5809.4765,12222.66,-6.1780022661,0.390691,0.422902,28.4739,1.2719,1.0123,0.062293,0.644006,-2.528991,135,0.270403,1990.9049,0.075693,0
700,29.8667,5935.03,5864.5702,12328.12,-6.8927881401,0.276732,0.380493,19.7979,1.2772,1.1164,0.069942,0.680189,-3.708321,180,0.274309,2149.5784,0.075204,0
701,29.9093,5892.39,5790.6932,12222.66,-6.4160260618,0.329682,0.414914,24.4496,1.2801,1.0662,0.063674,0.671743,-5.447321,154,0.270985,2026.7115,0.079844,0
702,29.952,5857.15,5846.2438,12257.81,-6.0686339711,0.222232,0.440072,31.3588,1.2253,0.8659,0.059413,0.625675,-2.89894,165,0.281858,1958.284,0.076303,0
703,29.9947,5549.38,5736.0188,11554.69,-5.9052482886,0.305946,0.442332,38.3556,1.2918,1.0707,0.059042,0.550911,-8.329603,146,0.284146,1962.7997,0.066781,0
704,30.0373,5596.99,5721.511,11660.16,-6.3739107204,0.233896,0.414329,27.6158,1.3375,1.2797,0.063776,0.616635,-7.623354,171,0.274954,2117.6578,0.064827,0
705,30.08,5877.0,5821.381,12105.47,-6.5586945669,0.230288,0.398903,21.3421,1.2586,1.0842,0.066522,0.658301,-6.399312,159,0.286212,2148.8789,0.071786,0
706,30.1227,5774.77,5772.6294,12070.31,-6.4697208899,0.29683,0.410806,24.5588,1.2831,1.1404,0.064394,0.632101,-2.506418,160,0.285398,2055.4854,0.071542,0
707,30.1653,5667.27,5747.008,11636.72,-6.410970771,0.286224,0.416246,26.2457,1.3433,1.241,0.063442,0.641917,-6.872187,164,0.282275,2011.2583,0.075082,0
708,30.208,5917.49,5976.6993,12468.75,-7.2831085298,0.211816,0.357502,16.4971,1.3277,1.2462,0.074454,0.675535,-7.456444,166,0.274832,2224.331,0.072274,0
709,30.2507,5839.31,5868.3196,12199.22,-7.214513239,0.292445,0.364094,16.7462,1.3487,1.3895,0.073131,0.67643,-4.933307,167,0.268317,2139.3316,0.071908,0
710,30.2933,5977.76,5970.7367,12585.94,-6.7774941837,0.288358,0.391829,21.1937,1.2547,1.0088,0.067817,0.657817,-4.930042,178,0.265043,2235.2724,0.080332,0
711,30.336,5830.33,5859.4752,12281.25,-6.9835278799,0.231416,0.376599,19.3449,1.3149,1.2527,0.070687,0.669896,-4.487962,170,0.271722,2130.3547,0.077036,0
712,30.3787,5867.64,5771.3628,12128.91,-6.2226644263,0.309495,0.429255,29.0549,1.2489,0.98,0.061214,0.64823,-3.956209,170,0.267464,1926.3342,0.077524,0
713,30.4213,5661.97,5684.8303,11683.59,-6.0437171398,0.323284,0.438272,34.0113,1.2744,1.0687,0.059709,0.608063,-7.627058,184,0.282339,1950.8875,0.075082,0
714,30.464,5674.84,5693.661,11671.88,-6.258947518,0.242372,0.420461,28.1217,1.3332,1.2183,0.062712,0.650677,-4.68864,157,0.29229,2067.4797,0.064461,0
715,30.5067,5600.9,5689.7264,11789.06,-5.5415334202,0.294177,0.472852,44.5901,1.2516,0.892,0.054213,0.536139,2.147152,182,0.301063,1964.0514,0.066292,0
716,30.5493,5612.47,5730.3339,11636.72,-5.8742504896,0.496428,0.439392,35.4557,1.3068,1.0892,0.059525,0.588617,-8.587479,176,0.278294,1928.2882,0.064095,0
717,30.592,5622.84,5652.1373,11777.34,-5.8467028465,0.279071,0.459305,37.9156,1.2708,0.9882,0.056317,0.587485,-7.0673,158,0.292587,1898.5049,0.061165,0
718,30.6347,5571.36,5678.2782,11777.34,-5.4626933749,0.228991,0.478365,49.6733,1.2586,0.9057,0.053373,0.512977,0.760981,161,0.272831,1908.6485,0.066536,0
719,30.6773,5790.22,5772.9384,11929.69,-6.7790029137,0.316214,0.384376,21.332,1.3109,1.2565,0.069207,0.653392,-6.946405,167,0.309432,2110.0312,0.068856,0
720,30.72,5865.43,5811.7356,12152.34,-6.5166917215,0.28337,0.415965,23.9195,1.2823,1.0903,0.063491,0.664628,-3.324714,164,0.281057,2000.7169,0.077402,0
721,30.7627,5948.23,5836.6381,12082.03,-6.9798573888,0.263296,0.373571,19.2176,1.3454,1.395,0.071271,0.679088,-3.070538,155,0.274979,2183.9854,0.081065,0
722,30.8053,5823.51,5859.8596,12222.66,-7.3386107921,0.307015,0.358608,16.8258,1.3477,1.3583,0.07423,0.68101,-4.446069,153,0.278299,2218.287,0.080454,0
723,30.848,5898.81,5848.5428,12058.59,-7.1319497176,0.237263,0.363629,16.9623,1.3482,1.3831,0.073224,0.683698,-3.963011,166,0.287822,2129.0706,0.079111,0
724,30.8907,5826.49,5787.1791,11871.09,-6.7998020091,0.308173,0.388249,20.2387,1.346,1.3897,0.068482,0.673833,-7.14098,158,0.283154,2178.8307,0.078257,0
725,30.9333,5829.5,5845.1471,12070.31,-6.8667828763,0.317182,0.383206,20.0355,1.3106,1.2489,0.069428,0.658744,-8.576095,167,0.279859,2180.3283,0.078623,0
726,30.976,5891.46,5812.3488,12117.19,-6.8837755914,0.318864,0.382717,20.5444,1.3467,1.3563,0.06952,0.682911,-6.300619,161,0.283599,2129.9137,0.081797,0
727,31.0187,5863.91,5911.8467,12468.75,-6.9950156196,0.199485,0.377513,19.5049,1.2785,1.0943,0.070511,0.675931,-7.068447,167,0.271594,2192.0962,0.080942,0
728,31.0613,5766.97,5801.0309,11964.84,-6.2834411801,0.301465,0.418854,26.0425,1.2762,1.0335,0.062989,0.646063,-2.989592,160,0.265744,2016.3671,0.081065,0
729,31.104,5968.69,5899.2646,12445.31,-6.7359913507,0.257148,0.399033,21.2835,1.273,1.0877,0.066498,0.680729,-4.831838,168,0.271767,2139.8627,0.081919,0
730,31.1467,5686.32,5761.3292,11671.88,-6.6846536091,0.215926,0.395414,23.0818,1.345,1.3019,0.067158,0.66189,-5.672693,198,0.274763,2089.2194,0.077768,0
731,31.1893,5958.33,5933.9146,12527.34,-6.9119909253,0.334265,0.382084,18.6648,1.3084,1.1419,0.06964,0.674023,-4.129047,156,0.271003,2167.1586,0.079355,0
732,31.232,5968.68,5881.1777,12503.91,-6.0039783475,0.25394,0.451915,28.9059,1.2097,0.7943,0.057491,0.63033,-0.981266,169,0.284287,1943.5357,0.077158,0
733,31.2747,5669.12,5786.7699,11882.81,-6.2635168369,0.243425,0.421322,27.5003,1.2991,1.0927,0.062564,0.608494,-6.723362,169,0.27599,1916.0093,0.067269,0
734,31.3173,5769.07,5812.1802,12257.81,-5.8231263244,0.21521,0.448382,35.2403,1.2482,0.8946,0.058059,0.609893,-6.724032,167,0.278384,1925.8911,0.065194,0
735,31.36,5844.56,5899.0512,12445.31,-6.6004287603,0.363852,0.400889,22.516,1.2957,1.0968,0.066163,0.655642,-6.017799,165,0.283279,2017.2126,0.07142,0
736,31.4027,5804.5,5785.8759,11953.12,-6.5769144151,0.288212,0.399548,23.7483,1.2979,1.1578,0.066405,0.657829,-5.10448,176,0.296975,1992.3563,0.076792,0
737,31.4453,5957.88,5865.8634,12199.22,-6.9293105117,0.442388,0.379466,19.3397,1.2997,1.1755,0.070138,0.66718,-7.242455,158,0.279032,2121.1717,0.081309,0
738,31.488,5875.69,5908.2593,12234.38,-7.0536484365,0.23167,0.376614,19.2785,1.315,1.2196,0.070684,0.677858,-3.997003,170,0.274177,2109.8324,0.082774,0
739,31.5307,5945.51,5844.3276,12257.81,-6.4752029975,0.299321,0.408759,23.5996,1.2363,0.9801,0.064755,0.66066,-7.414801,158,0.27369,2016.5587,0.080576,0
740,31.5733,5935.42,5776.3792,12000.0,-6.474543389,0.274218,0.422969,24.8266,1.2308,0.9938,0.062282,0.673503,-5.051531,167,0.276516,1962.7212,0.077402,0
741,31.616,5783.86,5835.2348,12316.41,-5.879921041,0.19751,0.451221,31.992,1.2462,0.8561,0.057602,0.615391,-2.379696,180,0.26367,1942.9152,0.078257,0
742,31.6587,5918.83,5890.3868,12210.94,-7.2384701519,0.276926,0.356456,17.8025,1.3363,1.369,0.074666,0.671252,-4.814055,171,0.284193,2183.678,0.080698,0
743,31.7013,5881.5,5764.5786,11894.53,-7.1948879802,0.329833,0.366674,17.1685,1.3122,1.3562,0.07262,0.676655,-6.232395,152,0.275118,2021.8369,0.06324,0
744,31.744,5903.38,5767.7579,12011.72,-7.2576378174,0.478803,0.361552,17.7731,1.2882,1.3447,0.073638,0.667449,0.0,0,0.416451,704.7828,0.022708,0
745,31.7867,0.0,0.0,0.0,0.0,0.0,0.0,0.0,0.0,0.0,0.0,0.0,0.0,0,0.0,0.0,0.0,1
746,31.8293,0.0,0.0,0.0,0.0,0.0,0.0,0.0,0.0,0.0,0.0,0.0,0.0,0,0.0,0.0,0.0,1
747,31.872,0.0,0.0,0.0,0.0,0.0,0.0,0.0,0.0,0.0,0.0,0.0,0.0,0,0.0,0.0,0.0,1
748,31.9147,0.0,0.0,0.0,0.0,0.0,0.0,0.0,0.0,0.0,0.0,0.0,0.0,0,0.0,0.0,0.0,1
749,31.9573,0.0,0.0,0.0,0.0,0.0,0.0,0.0,0.0,0.0,0.0,0.0,0.0,0,0.0,0.0,0.0,1
750,32.0,0.0,0.0,0.0,0.0,0.0,0.0,0.0,0.0,0.0,0.0,0.0,0.0,0,0.0,0.0,0.0,1
751,32.0427,0.0,0.0,0.0,0.0,0.0,0.0,0.0,0.0,0.0,0.0,0.0,0.0,0,0.0,0.0,0.0,1
752,32.0853,0.0,0.0,0.0,0.0,0.0,0.0,0.0,0.0,0.0,0.0,0.0,0.0,0,0.0,0.0,0.0,1
753,32.128,0.0,0.0,0.0,0.0,0.0,0.0,0.0,0.0,0.0,0.0,0.0,0.0,0,0.0,0.0,0.0,1
754,32.1707,0.0,0.0,0.0,0.0,0.0,0.0,0.0,0.0,0.0,0.0,0.0,0.0,0,0.0,0.0,0.0,1
755,32.2133,0.0,0.0,0.0,0.0,0.0,0.0,0.0,0.0,0.0,0.0,0.0,0.0,0,0.0,0.0,0.0,1
756,32.256,0.0,0.0,0.0,0.0,0.0,0.0,0.0,0.0,0.0,0.0,0.0,0.0,0,0.0,0.0,0.0,1
757,32.2987,0.0,0.0,0.0,0.0,0.0,0.0,0.0,0.0,0.0,0.0,0.0,0.0,0,0.0,0.0,0.0,1
758,32.3413,0.0,0.0,0.0,0.0,0.0,0.0,0.0,0.0,0.0,0.0,0.0,0.0,0,0.0,0.0,0.0,1
759,32.384,0.0,0.0,0.0,0.0,0.0,0.0,0.0,0.0,0.0,0.0,0.0,0.0,0,0.0,0.0,0.0,1
760,32.4267,0.0,0.0,0.0,0.0,0.0,0.0,0.0,0.0,0.0,0.0,0.0,0.0,0,0.0,0.0,0.0,1
761,32.4693,0.0,0.0,0.0,0.0,0.0,0.0,0.0,0.0,0.0,0.0,0.0,0.0,0,0.0,0.0,0.0,1
762,32.512,0.0,0.0,0.0,0.0,0.0,0.0,0.0,0.0,0.0,0.0,0.0,0.0,0,0.0,0.0,0.0,1
763,32.5547,0.0,0.0,0.0,0.0,0.0,0.0,0.0,0.0,0.0,0.0,0.0,0.0,0,0.0,0.0,0.0,1
764,32.5973,0.0,0.0,0.0,0.0,0.0,0.0,0.0,0.0,0.0,0.0,0.0,0.0,0,0.0,0.0,0.0,1
765,32.64,0.0,0.0,0.0,0.0,0.0,0.0,0.0,0.0,0.0,0.0,0.0,0.0,0,0.0,0.0,0.0,1
766,32.6827,0.0,0.0,0.0,0.0,0.0,0.0,0.0,0.0,0.0,0.0,0.0,0.0,0,0.0,0.0,0.0,1
767,32.7253,0.0,0.0,0.0,0.0,0.0,0.0,0.0,0.0,0.0,0.0,0.0,0.0,0,0.0,0.0,0.0,1
768,32.768,0.0,0.0,0.0,0.0,0.0,0.0,0.0,0.0,0.0,0.0,0.0,0.0,0,0.0,0.0,0.0,1
769,32.8107,0.0,0.0,0.0,0.0,0.0,0.0,0.0,0.0,0.0,0.0,0.0,0.0,0,0.0,0.0,0.0,1
770,32.8533,0.0,0.0,0.0,0.0,0.0,0.0,0.0,0.0,0.0,0.0,0.0,0.0,0,0.0,0.0,0.0,1
771,32.896,0.0,0.0,0.0,0.0,0.0,0.0,0.0,0.0,0.0,0.0,0.0,0.0,0,0.0,0.0,0.0,1
772,32.9387,0.0,0.0,0.0,0.0,0.0,0.0,0.0,0.0,0.0,0.0,0.0,0.0,0,0.0,0.0,0.0,1
773,32.9813,0.0,0.0,0.0,0.0,0.0,0.0,0.0,0.0,0.0,0.0,0.0,0.0,0,0.0,0.0,0.0,1
774,33.024,0.0,0.0,0.0,0.0,0.0,0.0,0.0,0.0,0.0,0.0,0.0,0.0,0,0.0,0.0,0.0,1
775,33.0667,0.0,0.0,0.0,0.0,0.0,0.0,0.0,0.0,0.0,0.0,0.0,0.0,0,0.0,0.0,0.0,1
776,33.1093,0.0,0.0,0.0,0.0,0.0,0.0,0.0,0.0,0.0,0.0,0.0,0.0,0,0.0,0.0,0.0,1
777,33.152,0.0,0.0,0.0,0.0,0.0,0.0,0.0,0.0,0.0,0.0,0.0,0.0,0,0.0,0.0,0.0,1
778,33.1947,0.0,0.0,0.0,0.0,0.0,0.0,0.0,0.0,0.0,0.0,0.0,0.0,0,0.0,0.0,0.0,1
779,33.2373,0.0,0.0,0.0,0.0,0.0,0.0,0.0,0.0,0.0,0.0,0.0,0.0,0,0.0,0.0,0.0,1
780,33.28,0.0,0.0,0.0,0.0,0.0,0.0,0.0,0.0,0.0,0.0,0.0,0.0,0,0.0,0.0,0.0,1
781,33.3227,0.0,0.0,0.0,0.0,0.0,0.0,0.0,0.0,0.0,0.0,0.0,0.0,0,0.0,0.0,0.0,1
782,33.3653,0.0,0.0,0.0,0.0,0.0,0.0,0.0,0.0,0.0,0.0,0.0,0.0,0,0.0,0.0,0.0,1
783,33.408,0.0,0.0,0.0,0.0,0.0,0.0,0.0,0.0,0.0,0.0,0.0,0.0,0,0.0,0.0,0.0,1
784,33.4507,0.0,0.0,0.0,0.0,0.0,0.0,0.0,0.0,0.0,0.0,0.0,0.0,0,0.0,0.0,0.0,1
785,33.4933,0.0,0.0,0.0,0.0,0.0,0.0,0.0,0.0,0.0,0.0,0.0,0.0,0,0.0,0.0,0.0,1
786,33.536,0.0,0.0,0.0,0.0,0.0,0.0,0.0,0.0,0.0,0.0,0.0,0.0,0,0.0,0.0,0.0,1
787,33.5787,0.0,0.0,0.0,0.0,0.0,0.0,0.0,0.0,0.0,0.0,0.0,0.0,0,0.0,0.0,0.0,1
788,33.6213,0.0,0.0,0.0,0.0,0.0,0.0,0.0,0.0,0.0,0.0,0.0,0.0,0,0.0,0.0,0.0,1
789,33.664,0.0,0.0,0.0,0.0,0.0,0.0,0.0,0.0,0.0,0.0,0.0,0.0,0,0.0,0.0,0.0,1
790,33.7067,0.0,0.0,0.0,0.0,0.0,0.0,0.0,0.0,0.0,0.0,0.0,0.0,0,0.0,0.0,0.0,1
791,33.7493,0.0,0.0,0.0,0.0,0.0,0.0,0.0,0.0,0.0,0.0,0.0,0.0,0,0.0,0.0,0.0,1
792,33.792,0.0,0.0,0.0,0.0,0.0,0.0,0.0,0.0,0.0,0.0,0.0,0.0,0,0.0,0.0,0.0,1
793,33.8347,0.0,0.0,0.0,0.0,0.0,0.0,0.0,0.0,0.0,0.0,0.0,0.0,0,0.0,0.0,0.0,1
794,33.8773,0.0,0.0,0.0,0.0,0.0,0.0,0.0,0.0,0.0,0.0,0.0,0.0,0,0.0,0.0,0.0,1
795,33.92,0.0,0.0,0.0,0.0,0.0,0.0,0.0,0.0,0.0,0.0,0.0,0.0,0,0.0,0.0,0.0,1
796,33.9627,0.0,0.0,0.0,0.0,0.0,0.0,0.0,0.0,0.0,0.0,0.0,0.0,0,0.0,0.0,0.0,1
797,34.0053,0.0,0.0,0.0,0.0,0.0,0.0,0.0,0.0,0.0,0.0,0.0,0.0,0,0.0,0.0,0.0,1
798,34.048,0.0,0.0,0.0,0.0,0.0,0.0,0.0,0.0,0.0,0.0,0.0,0.0,0,0.0,0.0,0.0,1
799,34.0907,0.0,0.0,0.0,0.0,0.0,0.0,0.0,0.0,0.0,0.0,0.0,0.0,0,0.0,0.0,0.0,1
800,34.1333,0.0,0.0,0.0,0.0,0.0,0.0,0.0,0.0,0.0,0.0,0.0,0.0,0,0.0,0.0,0.0,1
801,34.176,0.0,0.0,0.0,0.0,0.0,0.0,0.0,0.0,0.0,0.0,0.0,0.0,0,0.0,0.0,0.0,1
802,34.2187,0.0,0.0,0.0,0.0,0.0,0.0,0.0,0.0,0.0,0.0,0.0,0.0,0,0.0,0.0,0.0,1
803,34.2613,0.0,0.0,0.0,0.0,0.0,0.0,0.0,0.0,0.0,0.0,0.0,0.0,0,0.0,0.0,0.0,1
804,34.304,0.0,0.0,0.0,0.0,0.0,0.0,0.0,0.0,0.0,0.0,0.0,0.0,0,0.0,0.0,0.0,1
805,34.3467,0.0,0.0,0.0,0.0,0.0,0.0,0.0,0.0,0.0,0.0,0.0,0.0,0,0.0,0.0,0.0,1
806,34.3893,0.0,0.0,0.0,0.0,0.0,0.0,0.0,0.0,0.0,0.0,0.0,0.0,0,0.0,0.0,0.0,1
807,34.432,0.0,0.0,0.0,0.0,0.0,0.0,0.0,0.0,0.0,0.0,0.0,0.0,0,0.0,0.0,0.0,1
808,34.4747,0.0,0.0,0.0,0.0,0.0,0.0,0.0,0.0,0.0,0.0,0.0,0.0,0,0.0,0.0,0.0,1
809,34.5173,0.0,0.0,0.0,0.0,0.0,0.0,0.0,0.0,0.0,0.0,0.0,0.0,0,0.0,0.0,0.0,1
810,34.56,0.0,0.0,0.0,0.0,0.0,0.0,0.0,0.0,0.0,0.0,0.0,0.0,0,0.0,0.0,0.0,1
811,34.6027,0.0,0.0,0.0,0.0,0.0,0.0,0.0,0.0,0.0,0.0,0.0,0.0,0,0.0,0.0,0.0,1
812,34.6453,0.0,0.0,0.0,0.0,0.0,0.0,0.0,0.0,0.0,0.0,0.0,0.0,0,0.0,0.0,0.0,1
813,34.688,0.0,0.0,0.0,0.0,0.0,0.0,0.0,0.0,0.0,0.0,0.0,0.0,0,0.0,0.0,0.0,1
814,34.7307,0.0,0.0,0.0,0.0,0.0,0.0,0.0,0.0,0.0,0.0,0.0,0.0,0,0.0,0.0,0.0,1
815,34.7733,0.0,0.0,0.0,0.0,0.0,0.0,0.0,0.0,0.0,0.0,0.0,0.0,0,0.0,0.0,0.0,1
816,34.816,0.0,0.0,0.0,0.0,0.0,0.0,0.0,0.0,0.0,0.0,0.0,0.0,0,0.0,0.0,0.0,1
817,34.8587,0.0,0.0,0.0,0.0,0.0,0.0,0.0,0.0,0.0,0.0,0.0,0.0,0,0.0,0.0,0.0,1
818,34.9013,0.0,0.0,0.0,0.0,0.0,0.0,0.0,0.0,0.0,0.0,0.0,0.0,0,0.0,0.0,0.0,1
819,34.944,0.0,0.0,0.0,0.0,0.0,0.0,0.0,0.0,0.0,0.0,0.0,0.0,0,0.0,0.0,0.0,1
820,34.9867,0.0,0.0,0.0,0.0,0.0,0.0,0.0,0.0,0.0,0.0,0.0,0.0,0,0.0,0.0,0.0,1
821,35.0293,0.0,0.0,0.0,0.0,0.0,0.0,0.0,0.0,0.0,0.0,0.0,0.0,0,0.0,0.0,0.0,1
822,35.072,0.0,0.0,0.0,0.0,0.0,0.0,0.0,0.0,0.0,0.0,0.0,0.0,0,0.0,0.0,0.0,1
823,35.1147,0.0,0.0,0.0,0.0,0.0,0.0,0.0,0.0,0.0,0.0,0.0,0.0,0,0.0,0.0,0.0,1
