frame,time,centroid,spread,rolloff,slope,obsir_std,flatness,crest,skewness,kurtosis,tonality,entropy,tpr,n_peaks,flux,irregularity,zcr,gated
0,0.0,5128.12,5207.8464,10417.97,-6.4973004063,0.182081,0.411227,32.8087,1.3315,1.4236,0.06432,0.588852,-6.212005,165,0.0,2057.1854,0.066903,0
1,0.0427,5378.89,5291.5677,10781.25,-6.7004623725,0.187991,0.39589,25.363,1.3121,1.3652,0.067071,0.633694,-2.078287,180,0.215873,1999.2754,0.06263,0
2,0.0853,5246.26,5259.3672,10769.53,-6.4827034829,0.140851,0.404577,31.1443,1.2827,1.303,0.0655,0.581829,-3.462532,181,0.218516,1959.0554,0.064461,0
3,0.128,5405.47,5253.854,10875.0,-6.2533416344,0.201234,0.423588,35.2994,1.2412,1.1545,0.062176,0.578117,-6.480348,162,0.214433,1939.2243,0.072274,0
4,0.1707,5547.27,5353.7971,11238.28,-6.8599054372,0.228284,0.392835,25.0952,1.29,1.3574,0.067632,0.65243,-2.461655,183,0.212036,1970.9738,0.08314,0
5,0.2133,5463.83,5297.5385,11132.81,-6.9742823482,0.183046,0.384248,23.2484,1.3019,1.3711,0.069231,0.666141,-3.680869,178,0.211652,2070.3281,0.079355,0
6,0.256,5425.77,5325.18,11097.66,-6.4315947229,0.251294,0.413504,30.8653,1.2685,1.2059,0.06392,0.626302,-2.661298,176,0.214845,2051.6375,0.070809,0
7,0.2987,5297.81,5246.835,10687.5,-6.5291531365,0.212218,0.403918,30.7699,1.3027,1.2838,0.065618,0.619934,-0.176115,191,0.221324,1902.0848,0.068612,0
8,0.3413,5170.42,5286.6314,10781.25,-6.7721659284,0.173645,0.389613,27.2262,1.3328,1.3688,0.068228,0.614114,-3.641568,172,0.209987,1956.5933,0.062874,0
9,0.384,5347.96,5282.4041,10945.31,-6.0047323026,0.283349,0.434454,37.9092,1.2533,1.0803,0.060343,0.590958,-0.769211,180,0.219027,2041.9298,0.060432,0
10,0.4267,5160.4,5254.2602,10664.06,-7.129295248,0.262214,0.357118,22.0334,1.3668,1.5748,0.074531,0.644889,-6.223216,184,0.229994,2111.5679,0.063362,0
11,0.4693,5560.54,5359.6193,11132.81,-6.5518473176,0.144996,0.403519,25.7118,1.2328,1.1579,0.065689,0.641258,-0.733418,195,0.228963,2026.9236,0.067757,0
12,0.512,5115.2,5185.8913,10722.66,-6.337756299,0.237243,0.422749,36.0661,1.3263,1.3518,0.06232,0.569291,-5.518415,165,0.206862,2003.9745,0.070199,0
13,0.5547,5462.44,5339.2105,11156.25,-6.7892371577,0.157262,0.389714,24.3566,1.2518,1.1978,0.068209,0.635756,-4.746411,176,0.221482,2057.5594,0.070687,0
14,0.5973,5285.37,5313.4316,10945.31,-6.904498523,0.22629,0.386895,25.0109,1.3041,1.3521,0.068734,0.639895,-10.026801,183,0.219749,2032.8825,0.065682,0
15,0.64,5368.36,5223.7047,10792.97,-6.3421732458,0.143259,0.422093,34.2039,1.2382,1.1381,0.062432,0.585916,-5.107022,203,0.224648,1938.635,0.063851,0
16,0.6827,5358.25,5242.9731,10839.84,-6.998648624,0.169936,0.380044,23.9029,1.3207,1.449,0.070028,0.667681,-4.716503,167,0.213249,2071.2862,0.070321,0
17,0.7253,5303.12,5285.1027,10898.44,-6.4887073639,0.201121,0.408614,30.3287,1.3059,1.2889,0.064781,0.627924,-4.154137,186,0.206463,2039.8768,0.072885,0
18,0.768,5534.08,5404.8563,11402.34,-7.0136370872,0.253807,0.374886,20.5423,1.2737,1.2422,0.071017,0.656385,-7.247067,187,0.21746,2049.9103,0.068734,0
19,0.8107,5336.38,5312.8493,10804.69,-6.8736822269,0.307997,0.380045,24.1442,1.3272,1.4306,0.070027,0.63525,-4.559756,178,0.201366,2050.2188,0.071786,0
20,0.8533,5194.31,5305.3314,10816.41,-6.8889358011,0.243972,0.381862,25.4928,1.3575,1.5084,0.069682,0.627401,-4.513978,171,0.218634,2010.2285,0.07142,0
21,0.896,5337.83,5239.5669,10757.81,-6.8606067392,0.185839,0.390129,25.3141,1.3176,1.4281,0.068132,0.632064,-3.309038,176,0.206624,2037.1252,0.062141,0
22,0.9387,5242.49,5218.1319,10535.16,-7.1406503514,0.159854,0.370817,23.0391,1.3599,1.6196,0.071807,0.642908,-4.191627,168,0.213516,1989.6442,0.065316,0
23,0.9813,5395.25,5229.3482,10804.69,-6.4082643499,0.217902,0.423155,32.1931,1.301,1.3364,0.06225,0.629708,-0.009996,173,0.213268,1996.2441,0.068124,0
24,1.024,5359.67,5303.6034,11074.22,-6.6286113569,0.228102,0.400914,27.572,1.2941,1.3199,0.066158,0.612788,-7.456796,186,0.211046,1984.5579,0.068124,0
25,1.0667,5199.28,5166.0171,10605.47,-7.0238064515,0.178664,0.368481,22.0922,1.3763,1.6092,0.072264,0.643902,-0.060152,202,0.221616,1946.0158,0.074716,0
26,1.1093,5491.79,5278.5955,10828.12,-7.513332465,0.17102,0.343043,17.5387,1.3631,1.7452,0.077442,0.687691,-3.314739,181,0.227121,1991.0846,0.079233,0
27,1.152,5547.31,5336.2627,11179.69,-7.277803625,0.228811,0.368065,18.0863,1.2955,1.3951,0.072346,0.675578,-2.740667,176,0.217407,1981.6481,0.077158,0
28,1.1947,5257.66,5257.5535,10804.69,-7.0618921315,0.23982,0.374814,23.0418,1.3509,1.5386,0.071031,0.638168,-4.857517,197,0.210003,1910.6073,0.069589,0
29,1.2373,5352.34,5250.6657,10675.78,-6.5309308753,0.168498,0.413025,30.6391,1.2851,1.2928,0.064004,0.619185,-1.042094,174,0.211588,1980.6609,0.066659,0
30,1.28,5151.61,5220.0225,10652.34,-6.4508461316,0.123458,0.411846,32.1199,1.2967,1.2771,0.064211,0.572065,-0.198503,190,0.204896,1865.866,0.065316,0
31,1.3227,5436.37,5286.4496,11015.62,-7.2841085405,0.297654,0.364156,19.9612,1.3391,1.5338,0.073119,0.674066,-3.363246,176,0.226097,1891.9373,0.07435,0
32,1.3653,5469.81,5325.2663,11097.66,-7.0023642491,0.252029,0.377394,23.1998,1.3486,1.5361,0.070534,0.662976,-5.036617,177,0.199269,2096.2905,0.078745,0
33,1.408,5096.5,5254.5165,10535.16,-6.8670370079,0.270308,0.374354,26.8134,1.4053,1.6566,0.07112,0.607747,-5.822047,185,0.211958,2084.4853,0.072763,0
34,1.4507,5358.06,5228.2872,10664.06,-6.8582526657,0.248008,0.386676,26.1432,1.3277,1.4918,0.068775,0.661983,-4.852881,180,0.221271,2064.1877,0.072274,0
35,1.4933,5251.42,5292.0869,10839.84,-6.3760744399,0.288043,0.411105,32.7848,1.2932,1.2369,0.064341,0.59678,-2.979299,183,0.216875,1945.4395,0.071542,0
36,1.536,5529.96,5364.2031,11273.44,-6.9837350648,0.293135,0.37948,21.6105,1.3101,1.42,0.070135,0.666648,-3.830718,176,0.221756,1994.4094,0.074594,0
37,1.5787,5203.97,5225.3137,10804.69,-6.5076464275,0.29518,0.405616,30.6611,1.3169,1.3594,0.065314,0.586913,-5.382676,172,0.216299,1877.3578,0.074472,0
38,1.6213,5512.0,5343.4723,11097.66,-7.2296290397,0.291292,0.357699,20.1927,1.3429,1.5476,0.074414,0.672124,-6.61815,160,0.214255,1978.3749,0.07203,0
39,1.664,5405.6,5324.6826,10886.72,-6.4886499999,0.267746,0.41083,28.0646,1.294,1.29,0.06439,0.637971,-4.083933,171,0.222003,1998.2484,0.068246,0
40,1.7067,5231.78,5232.9694,10722.66,-6.9163824502,0.25729,0.375248,23.4111,1.3338,1.4791,0.070947,0.625331,-2.299591,176,0.219145,1993.0528,0.064949,0
41,1.7493,5320.42,5325.326,10957.03,-6.6451838553,0.188112,0.397927,29.2877,1.3058,1.3349,0.066699,0.610839,-5.477735,173,0.224801,1945.63,0.065438,0
42,1.792,5100.99,5286.6,10734.38,-6.9112918612,0.209871,0.372094,25.8403,1.3374,1.4023,0.071558,0.616319,-5.865062,171,0.227102,1995.0611,0.070932,0
43,1.8347,5304.22,5330.6675,11085.94,-6.702971825,0.212764,0.392324,27.9564,1.3089,1.3129,0.067726,0.62872,-1.896982,191,0.223611,2006.0745,0.071908,0
44,1.8773,5215.59,5267.9051,11039.06,-6.170895956,0.205756,0.43454,36.1781,1.2619,1.0649,0.060328,0.589827,-9.488568,162,0.21291,1925.1521,0.069833,0
45,1.92,5472.83,5300.7254,11062.5,-7.0035282288,0.265452,0.378257,23.1871,1.303,1.4089,0.070369,0.65606,-6.417605,190,0.224657,2062.4907,0.069955,0
46,1.9627,5208.17,5222.3492,10628.91,-6.7876915117,0.18671,0.38393,25.4987,1.3438,1.4778,0.069291,0.628595,-3.470585,179,0.218901,2060.3396,0.06617,0
47,2.0053,5181.4,5184.1975,10652.34,-6.3823251857,0.27624,0.415623,32.6036,1.3347,1.3686,0.06355,0.602449,0.881582,196,0.226922,1943.3636,0.063973,0
48,2.048,5229.17,5263.9733,10886.72,-6.3170718318,0.174299,0.421046,32.1176,1.3069,1.2612,0.062612,0.594822,0.286332,173,0.216646,1994.369,0.064949,0
49,2.0907,5204.02,5179.2236,10593.75,-6.8268881209,0.215261,0.384925,25.4523,1.3801,1.622,0.069104,0.653111,-2.982755,171,0.222004,2085.1957,0.06263,0
50,2.1333,5237.88,5299.573,10816.41,-6.594191864,0.24983,0.408271,28.2219,1.2943,1.2065,0.064842,0.6337,-4.578194,174,0.197003,1914.1759,0.067147,0
51,2.176,5406.28,5196.9063,11015.62,-6.2618467684,0.241395,0.433667,36.8376,1.2579,1.162,0.060474,0.615891,-1.504007,158,0.203673,1984.9264,0.070077,0
52,2.2187,5415.36,5271.2436,11097.66,-6.3987932587,0.176625,0.416728,30.3751,1.2779,1.2078,0.063358,0.629884,-1.907504,187,0.211565,2029.8897,0.067513,0
53,2.2613,5196.16,5262.6353,10628.91,-7.3892557516,0.186127,0.347911,19.5173,1.4057,1.7201,0.076422,0.657506,-4.902442,181,0.222275,2059.394,0.068978,0
54,2.304,5190.28,5194.6779,10500.0,-6.75749494,0.280072,0.388041,26.7272,1.3601,1.5691,0.06852,0.632163,-1.951853,187,0.219813,1961.3907,0.066536,0
55,2.3467,5186.54,5222.3113,10570.31,-6.6771084769,0.333327,0.395522,28.8693,1.3443,1.4111,0.067138,0.634313,-2.786546,183,0.225551,1919.5885,0.070443,0
56,2.3893,5552.39,5384.2693,11261.72,-7.6083470089,0.198634,0.340357,15.8002,1.349,1.5745,0.078011,0.69592,-3.169713,187,0.226533,2132.0987,0.078501,0
57,2.432,5386.81,5235.2734,10851.56,-6.4722511633,0.188794,0.405914,30.4133,1.2772,1.2814,0.065261,0.627126,-0.347564,155,0.209497,1963.2093,0.072641,0
58,2.4747,5309.47,5280.0245,10933.59,-6.8487358397,0.195024,0.391097,26.6965,1.3077,1.3654,0.067953,0.638473,-4.316564,172,0.21755,2040.4925,0.067879,0
59,2.5173,5358.73,5228.8968,10828.12,-6.4069637321,0.135718,0.414769,32.8581,1.2664,1.2229,0.063699,0.612347,-0.083475,169,0.204373,1964.091,0.069222,0
60,2.56,5499.53,5339.5338,11085.94,-7.4463394487,0.174652,0.342819,17.3333,1.3671,1.6613,0.077489,0.669085,-5.990384,188,0.219732,2068.1934,0.078989,0
61,2.6027,5344.1,5364.9785,11121.09,-7.0907026824,0.297163,0.370237,21.5152,1.3491,1.4846,0.07192,0.663382,-5.486287,182,0.220146,2005.482,0.082041,0
62,2.6453,5283.09,5239.5683,10851.56,-6.9049516577,0.240475,0.386014,25.1388,1.3581,1.5161,0.0689,0.65333,-2.888455,163,0.215381,1928.814,0.071054,0
63,2.688,5231.68,5241.4552,10804.69,-7.0853156235,0.202309,0.370014,23.6375,1.3517,1.5654,0.071964,0.647916,-6.393681,174,0.209044,2045.7056,0.072274,0
64,2.7307,5478.22,5383.2066,11203.12,-7.3886121922,0.18613,0.350837,18.3178,1.3084,1.4446,0.075816,0.671341,-4.501978,170,0.221241,2074.8124,0.074106,0
65,2.7733,5235.64,5153.7467,10628.91,-6.1719486088,0.22069,0.437524,38.5726,1.2867,1.2517,0.059833,0.565657,-7.457958,188,0.212909,1956.1245,0.067391,0
66,2.816,5350.2,5257.5975,10746.09,-6.8574165128,0.210547,0.37863,25.5109,1.3237,1.4898,0.070298,0.61476,-2.728615,178,0.212146,2130.7109,0.07142,0
67,2.8587,5495.48,5377.436,11179.69,-7.5760290367,0.176652,0.335696,17.5183,1.3461,1.6082,0.079009,0.664518,-2.122782,172,0.207513,2111.4774,0.075327,0
68,2.9013,5130.54,5232.0278,10746.09,-6.4583338278,0.228936,0.407035,30.5791,1.3345,1.3595,0.065061,0.591151,-2.621894,163,0.220669,2098.7387,0.069955,0
69,2.944,5394.97,5321.332,10921.88,-6.650821942,0.163726,0.396738,27.3933,1.2612,1.2271,0.066916,0.609026,-6.496479,172,0.21425,1995.5286,0.065682,0
70,2.9867,5358.22,5233.0655,10757.81,-6.2850841418,0.275125,0.422654,33.2678,1.281,1.2591,0.062336,0.605087,-0.636242,181,0.217365,2039.3498,0.06263,0
71,3.0293,5264.27,5304.3559,10816.41,-6.9396311368,0.296896,0.378665,23.6464,1.326,1.4005,0.070291,0.630638,-6.888797,174,0.220632,1975.016,0.065194,0
72,3.072,5220.1,5180.5951,10464.84,-7.0242780008,0.266529,0.367063,23.0535,1.3574,1.6076,0.072543,0.637511,-4.720809,163,0.219408,1988.0319,0.06556,0
73,3.1147,5245.66,5277.7523,10722.66,-6.9713864471,0.216527,0.383675,24.4493,1.3292,1.4479,0.069339,0.641727,-3.082482,153,0.20571,1973.5296,0.065438,0
74,3.1573,5289.42,5322.6822,11003.91,-6.7688694873,0.21643,0.389962,27.0899,1.2977,1.2978,0.068163,0.626714,-5.398385,197,0.216782,1947.3293,0.069711,0
75,3.2,5188.14,5291.6429,11003.91,-6.5080639944,0.190401,0.399106,30.1624,1.2933,1.2659,0.066485,0.575044,2.132604,195,0.226599,2114.6835,0.071176,0
76,3.2427,5387.27,5310.1815,11039.06,-6.8186324729,0.177789,0.39101,25.0108,1.2722,1.2156,0.067969,0.641028,-2.458155,199,0.220128,2011.6742,0.067147,0
77,3.2853,5240.24,5295.8755,10898.44,-6.5762338569,0.179804,0.41007,27.0985,1.3303,1.3389,0.064524,0.621396,-8.557184,161,0.22195,1976.0902,0.070199,0
78,3.328,5377.11,5317.9523,11027.34,-6.7636285126,0.253166,0.387747,25.7391,1.3002,1.3048,0.068575,0.629013,-0.808611,168,0.217226,1998.7792,0.076303,0
79,3.3707,5314.6,5274.7026,10652.34,-7.1033468359,0.297144,0.366646,21.8054,1.3512,1.5693,0.072625,0.646463,-1.551931,191,0.22889,2114.5164,0.070932,0
80,3.4133,5085.54,5155.8624,10312.5,-6.5587025464,0.13931,0.400203,32.8771,1.3581,1.5028,0.066287,0.597208,0.858091,171,0.234346,1907.522,0.069833,0
81,3.456,5392.61,5309.0645,11050.78,-6.6043478425,0.181723,0.407747,29.838,1.2716,1.2048,0.064935,0.631646,-1.149052,170,0.212393,1924.3592,0.070199,0
82,3.4987,5346.21,5367.3497,10875.0,-7.3123672333,0.191922,0.355039,19.9089,1.3602,1.5707,0.074954,0.660607,-4.22071,196,0.201935,2055.087,0.070932,0
83,3.5413,5504.04,5386.9196,11109.38,-7.4200863697,0.224193,0.348015,16.8111,1.3315,1.5369,0.0764,0.667159,-4.759482,165,0.207569,2032.4131,0.071664,0
84,3.584,5371.26,5295.839,10957.03,-6.8367393524,0.286637,0.390187,25.8376,1.3258,1.3882,0.068121,0.65295,-2.408861,183,0.207156,1996.1678,0.069466,0
85,3.6267,5389.87,5263.4781,10734.38,-6.6857017117,0.25691,0.392063,28.2547,1.3518,1.539,0.067774,0.63831,-2.294901,170,0.213322,1941.0521,0.071542,0
86,3.6693,5378.69,5250.4155,10804.69,-7.3329500299,0.275295,0.348884,18.986,1.3603,1.6596,0.07622,0.66279,-4.084484,183,0.209345,2115.5669,0.078135,0
87,3.712,5544.75,5279.9543,11238.28,-6.8332000706,0.177112,0.387054,25.1419,1.2741,1.3301,0.068705,0.65557,-2.036436,188,0.212859,1990.7828,0.079844,0
88,3.7547,5586.82,5344.3302,11191.41,-6.7481041347,0.358726,0.39093,23.8677,1.2775,1.3287,0.067984,0.662161,-3.901196,184,0.219321,1977.8615,0.071176,0
89,3.7973,5533.68,5322.1729,11121.09,-6.8367830891,0.201602,0.392412,24.3354,1.2879,1.3352,0.06771,0.66303,-5.298792,182,0.207751,2009.0525,0.069466,0
90,3.84,5468.81,5257.9686,11050.78,-6.3726149462,0.182979,0.416061,31.8382,1.2139,1.0833,0.063474,0.624066,-0.331579,203,0.216565,1944.8624,0.070565,0
91,3.8827,5420.45,5235.9073,10875.0,-6.4966799086,0.364273,0.410346,31.2021,1.2797,1.3023,0.064475,0.629691,-1.478155,192,0.213028,1922.7116,0.073007,0
92,3.9253,5655.08,5364.2996,11378.91,-6.7602710763,0.197288,0.396777,23.7261,1.2388,1.1738,0.066909,0.671467,-3.447361,156,0.203513,1996.9761,0.082285,0
93,3.968,5541.36,5297.6224,11238.28,-6.6375088835,0.238131,0.404747,27.0881,1.2006,1.0429,0.065469,0.630266,0.021987,204,0.216801,2045.8785,0.081675,0
94,4.0107,5352.94,5371.7551,11097.66,-6.9954042709,0.213349,0.380092,23.6543,1.3249,1.3784,0.070019,0.650046,-3.190904,185,0.193752,2052.1,0.079111,0
95,4.0533,5336.32,5357.514,11121.09,-6.972967649,0.302659,0.374388,21.5158,1.3315,1.3734,0.071113,0.648466,-4.63217,175,0.202288,1985.192,0.07789,0
96,4.096,5375.13,5330.9586,11132.81,-7.0948181053,0.214057,0.366518,21.4498,1.3398,1.4194,0.072651,0.664092,-3.692952,169,0.206452,2004.6873,0.073984,0
97,4.1387,5267.61,5285.0488,10769.53,-7.1717990757,0.28315,0.363492,20.8574,1.3836,1.6303,0.073251,0.664837,-6.432727,171,0.215737,2046.6104,0.073984,0
98,4.1813,5323.8,5241.0219,10769.53,-7.1939529974,0.162595,0.362381,21.0535,1.3538,1.5688,0.073473,0.670686,-7.621439,164,0.203313,1952.4618,0.074228,0
99,4.224,5450.41,5380.7784,11050.78,-7.268290935,0.256661,0.357738,20.4535,1.2983,1.4256,0.074406,0.650386,-7.171964,183,0.201355,1999.7077,0.078989,0
100,4.2667,5462.53,5291.0152,11156.25,-6.5612643498,0.227591,0.403189,26.157,1.2601,1.2201,0.065748,0.629766,-5.94299,177,0.213768,1992.5597,0.073862,0
101,4.3093,5392.04,5319.7711,11062.5,-6.2071428793,0.179897,0.426191,32.6943,1.2754,1.21,0.061733,0.6069,0.329324,189,0.21165,1929.5168,0.068124,0
102,4.352,5525.79,5314.0075,11144.53,-6.915009498,0.28684,0.376025,23.3486,1.2783,1.3334,0.070797,0.644565,-2.954999,174,0.220948,2122.993,0.078012,0
103,4.3947,5542.86,5411.0019,11167.97,-7.4479421028,0.281816,0.348769,17.1379,1.374,1.6546,0.076244,0.686005,-6.675064,180,0.202488,2042.7145,0.078989,0
104,4.4373,5358.09,5296.1432,11109.38,-6.8261821168,0.215003,0.384064,25.2341,1.3345,1.425,0.069266,0.649583,-2.962016,179,0.211516,2003.0932,0.073617,0
105,4.48,5280.15,5254.0822,10746.09,-7.0633587462,0.192978,0.373417,23.1945,1.3127,1.4395,0.071301,0.646169,-5.423968,173,0.203529,2082.5611,0.074716,0
106,4.5227,5300.23,5309.4706,10898.44,-6.7261852427,0.12829,0.400876,27.578,1.2906,1.2868,0.066165,0.627704,-2.794221,179,0.206373,2072.6027,0.076547,0
107,4.5653,5596.72,5333.6951,11355.47,-6.7663655766,0.226529,0.391279,24.6092,1.2692,1.2727,0.067919,0.656387,-2.319632,181,0.214799,2026.4821,0.072885,0
108,4.608,5335.45,5297.1466,10945.31,-6.7467556386,0.282786,0.389163,26.2071,1.3129,1.3918,0.068311,0.615417,-6.1838,169,0.203882,2094.7125,0.076425,0
109,4.6507,5669.42,5309.6341,11507.81,-7.242143852,0.192435,0.356927,18.7719,1.285,1.404,0.07457,0.686279,-4.435174,188,0.220905,2101.7504,0.081919,0
110,4.6933,5330.7,5328.4468,11039.06,-6.8127081929,0.195906,0.379862,24.8612,1.2804,1.2776,0.070062,0.620412,-6.061518,186,0.228585,2056.8005,0.079355,0
111,4.736,5435.97,5367.7335,11062.5,-6.8945834545,0.201463,0.383067,22.7015,1.2809,1.2571,0.069454,0.652923,-2.422641,170,0.210792,2001.9318,0.075204,0
112,4.7787,5334.18,5329.4588,11179.69,-6.7991489548,0.257313,0.390418,24.8611,1.2969,1.276,0.068078,0.629637,-6.095225,171,0.222397,2078.6657,0.071298,0
113,4.8213,5282.8,5267.2634,10839.84,-7.0100798931,0.278799,0.368559,23.0678,1.3174,1.4384,0.072249,0.634781,-3.984504,172,0.210423,1998.5923,0.065804,0
114,4.864,5446.42,5322.2931,10980.47,-7.184967883,0.173075,0.360577,20.021,1.3117,1.4542,0.073834,0.650812,-6.735808,177,0.215973,1979.8935,0.066536,0
115,4.9067,5440.07,5339.9643,11085.94,-7.1529411205,0.259307,0.363837,20.27,1.3431,1.519,0.073182,0.667218,-5.356801,195,0.20435,2096.1906,0.073373,0
116,4.9493,5187.6,5175.5144,10546.88,-6.5623611171,0.227903,0.401872,30.7221,1.33,1.4508,0.065985,0.595523,-8.197264,172,0.213146,2034.2022,0.070809,0
117,4.992,5405.47,5348.3587,10992.19,-6.9773348332,0.165534,0.372059,22.1106,1.3171,1.4141,0.071565,0.650788,-2.132299,181,0.216755,2084.9235,0.069589,0
118,5.0347,5404.29,5295.1615,11109.38,-6.8213256168,0.250555,0.384763,24.9442,1.2889,1.3248,0.069135,0.637096,-3.411351,160,0.218666,1985.3929,0.070565,0
119,5.0773,5403.6,5284.4778,10734.38,-6.8152732054,0.211446,0.389249,24.3035,1.313,1.4084,0.068295,0.648925,-3.444896,169,0.203287,2016.983,0.071542,0
120,5.12,5334.28,5388.3361,10992.19,-7.2856113548,0.240097,0.361058,20.7828,1.3564,1.5021,0.073737,0.654405,-8.848912,182,0.216824,1935.8431,0.072885,0
121,5.1627,5165.0,5217.7173,10628.91,-6.5144236414,0.232209,0.399092,29.2987,1.3336,1.3903,0.066488,0.601328,-0.722004,173,0.220301,1937.3178,0.070199,0
122,5.2053,5330.24,5366.185,10851.56,-7.2570900937,0.213467,0.356239,19.5184,1.3393,1.4641,0.07471,0.652443,-6.405204,182,0.22354,2098.8648,0.064339,0
123,5.248,5168.74,5243.3922,10628.91,-7.0060725958,0.182285,0.369596,23.7665,1.3998,1.6675,0.072045,0.645977,-2.096895,175,0.21886,1956.1332,0.06324,0
124,5.2907,5289.82,5179.8837,10699.22,-6.3918836661,0.243787,0.412404,31.1277,1.2855,1.2705,0.064113,0.616179,-2.155312,166,0.224667,2004.6789,0.069955,0
125,5.3333,5451.34,5279.5407,11050.78,-6.6156824369,0.180641,0.403273,27.294,1.2917,1.3032,0.065733,0.650395,-2.224171,186,0.206772,1860.383,0.071298,0
126,5.376,5209.56,5225.901,10558.59,-7.1021028451,0.199071,0.359909,21.9839,1.3628,1.6151,0.073968,0.641999,-6.541009,186,0.217397,2059.5416,0.073007,0
127,5.4187,5358.92,5329.0771,11109.38,-6.9509974288,0.224734,0.381198,22.0286,1.2995,1.2971,0.069808,0.633484,-6.441303,176,0.214057,2004.5555,0.076425,0
128,5.4613,5575.25,5357.9984,11437.5,-6.5884676928,0.320605,0.39843,25.9027,1.2618,1.158,0.066608,0.651933,-4.53172,179,0.206566,1871.8762,0.076914,0
129,5.504,5237.98,5302.3186,11062.5,-6.4115418526,0.25709,0.412003,31.4383,1.3145,1.2738,0.064183,0.606807,-6.167071,176,0.211766,1900.8617,0.0691,0
130,5.5467,5310.27,5296.007,10957.03,-6.5561294241,0.187206,0.401861,27.9085,1.288,1.234,0.065987,0.632309,-5.580984,185,0.208939,1962.2766,0.065071,0
131,5.5893,5539.4,5298.1187,11214.84,-6.1907205316,0.25242,0.437528,34.4751,1.2118,1.0018,0.059832,0.595752,-5.915362,173,0.205414,1963.3476,0.071176,0
132,5.632,5314.56,5285.4643,10875.0,-6.4457812164,0.2984,0.415167,31.0712,1.2926,1.2528,0.06363,0.603183,-2.836991,147,0.200846,1969.2637,0.071176,0
133,5.6747,5254.89,5328.7135,10910.16,-6.4011782905,0.1893,0.411651,31.9678,1.3089,1.2749,0.064245,0.603211,-4.744055,175,0.212772,1981.7314,0.067635,0
134,5.7173,5299.83,5219.27,10546.88,-6.3252490987,0.246887,0.426258,32.8304,1.2719,1.2244,0.061721,0.577739,0.468727,151,0.202908,1954.7337,0.063118,0
135,5.76,5221.4,5239.5343,10570.31,-7.2291529395,0.23747,0.361371,22.1625,1.3904,1.7349,0.073674,0.64632,-6.792974,197,0.211043,2116.6362,0.063728,0
136,5.8027,5261.55,5273.9448,10558.59,-7.3590761614,0.152204,0.349742,18.9901,1.395,1.736,0.076042,0.656549,-2.984861,182,0.209571,1985.5819,0.06556,0
137,5.8453,5285.43,5237.47,10757.81,-6.2128908803,0.1948,0.433211,35.9096,1.2777,1.1829,0.06055,0.598717,-1.071712,160,0.224255,1873.2174,0.066659,0
138,5.888,5324.37,5218.3078,10769.53,-6.7381083289,0.239676,0.391599,26.2903,1.3094,1.3779,0.06786,0.63524,-0.896479,195,0.207234,1900.0307,0.075082,0
139,5.9307,5342.79,5206.3564,10828.12,-6.4291488394,0.212162,0.412069,29.7813,1.2434,1.1773,0.064172,0.611709,0.178422,193,0.220513,2039.1185,0.068612,0
140,5.9733,5117.41,5266.3249,10734.38,-7.2579042334,0.262727,0.358537,21.5415,1.3986,1.6715,0.074244,0.639839,-4.932081,171,0.224987,2070.951,0.063851,0
141,6.016,5265.76,5171.9795,10746.09,-6.9555353072,0.292477,0.380716,24.0335,1.3442,1.5258,0.0699,0.648173,-5.546223,183,0.222891,1987.4785,0.073862,0
142,6.0587,5366.17,5288.7341,11074.22,-7.3547312767,0.241672,0.349359,17.3179,1.3441,1.5149,0.076121,0.669846,-5.474297,185,0.207009,2111.6344,0.076181,0
143,6.1013,5166.81,5234.0899,10570.31,-7.2688780243,0.193532,0.357658,20.6749,1.395,1.6886,0.074422,0.652276,-8.40232,185,0.225563,1986.0555,0.072152,0
144,6.144,5486.06,5386.5501,11074.22,-6.9352005921,0.251733,0.383105,22.9954,1.322,1.4436,0.069447,0.652823,-3.671293,177,0.221587,2140.8943,0.073984,0
145,6.1867,5284.51,5300.4,10886.72,-6.9717629375,0.277809,0.382994,23.9815,1.3305,1.4123,0.069468,0.642959,-4.682441,180,0.214704,1909.9367,0.077036,0
146,6.2293,5544.05,5388.1866,11226.56,-7.2896620273,0.240727,0.361148,20.0112,1.3177,1.4427,0.073719,0.670625,-4.112454,186,0.207447,2006.2379,0.076181,0
147,6.272,5707.11,5370.8962,11414.06,-7.131067878,0.263516,0.369222,20.1369,1.2723,1.344,0.072119,0.67892,-3.576904,198,0.195627,2113.8294,0.078989,0
148,6.3147,5479.66,5333.9573,10828.12,-7.6046009702,0.259479,0.335107,16.7992,1.3918,1.7988,0.079136,0.682235,-2.425346,180,0.213909,2057.9666,0.082285,0
149,6.3573,5532.47,5356.1103,11003.91,-7.0544580294,0.176438,0.37544,21.5488,1.3127,1.4781,0.07091,0.674732,-5.330518,186,0.212494,2076.2283,0.077646,0
150,6.4,5250.47,5277.3714,10792.97,-6.6186488534,0.32171,0.387537,28.2346,1.3293,1.4092,0.068615,0.603153,1.140485,190,0.219388,2052.9144,0.067391,0
151,6.4427,5309.92,5218.6265,10675.78,-6.7250055619,0.221296,0.386195,26.2555,1.3531,1.5487,0.068866,0.655652,-4.704735,182,0.221904,2092.5928,0.071054,0
152,6.4853,5562.52,5356.1852,11191.41,-7.3172034159,0.181979,0.356678,19.2536,1.286,1.3966,0.074621,0.674665,-6.345541,167,0.214836,2005.5615,0.075571,0
153,6.528,5324.48,5279.1717,10746.09,-6.8200896786,0.241107,0.392417,25.7392,1.3278,1.4655,0.067709,0.635934,-5.649943,177,0.206274,2024.132,0.070199,0
154,6.5707,5238.26,5273.5339,10734.38,-6.7712463371,0.172018,0.395276,28.4471,1.3171,1.3608,0.067183,0.633628,-0.899757,183,0.199538,1910.466,0.075815,0
155,6.6133,5242.48,5247.4238,10593.75,-6.9126210356,0.173463,0.374187,24.8823,1.3406,1.5214,0.071152,0.626274,-5.56169,198,0.205052,1992.4916,0.073617,0
156,6.656,5360.71,5318.8989,10921.88,-6.9387239509,0.21294,0.368767,22.9877,1.3411,1.5329,0.072208,0.634028,-4.455882,184,0.217019,2106.5385,0.071786,0
157,6.6987,5402.39,5165.511,10582.03,-6.5745169775,0.163169,0.404758,28.6347,1.2905,1.4182,0.065467,0.635452,-5.402443,175,0.234796,2046.1494,0.07667,0
158,6.7413,5498.82,5262.4209,11132.81,-6.8375749437,0.305381,0.391323,23.7946,1.2722,1.3074,0.067911,0.663511,-6.075098,163,0.214197,1822.3425,0.073007,0
159,6.784,5395.26,5299.7855,11097.66,-6.872225025,0.230778,0.384371,24.0052,1.3119,1.3675,0.069208,0.652677,-4.747322,166,0.204591,1900.3548,0.071054,0
160,6.8267,5333.37,5323.7687,10968.75,-6.8017768965,0.254541,0.380403,25.8931,1.3111,1.3743,0.069959,0.625135,-4.896634,179,0.207049,2044.6116,0.074228,0
161,6.8693,5465.15,5326.7774,10980.47,-7.1617198936,0.223564,0.360182,19.6606,1.3456,1.5646,0.073913,0.670978,-2.28454,181,0.217372,2107.464,0.074838,0
162,6.912,5489.12,5339.8508,10886.72,-7.400663344,0.230586,0.3527,18.2132,1.3508,1.6679,0.075432,0.667506,-6.925261,177,0.211899,2073.4356,0.072274,0
163,6.9547,5236.64,5318.5714,10746.09,-6.8586700196,0.2459,0.37539,24.5896,1.3428,1.4611,0.07092,0.607807,-4.620172,191,0.218645,2101.203,0.068734,0
164,6.9973,5292.13,5229.9311,10781.25,-6.5208778408,0.21512,0.406263,30.2218,1.3151,1.3877,0.065199,0.62606,-1.128675,173,0.221323,1981.0642,0.071664,0
165,7.04,5383.7,5306.346,10640.62,-7.2357454464,0.268978,0.3585,20.5911,1.3542,1.5978,0.074252,0.660557,-4.023003,192,0.214868,2166.1132,0.076425,0
166,7.0827,5485.63,5344.7231,11050.78,-7.1843111445,0.117042,0.360595,19.9141,1.3191,1.5141,0.07383,0.658181,-3.462024,191,0.213045,2128.7215,0.074106,0
167,7.1253,5309.02,5266.4883,10910.16,-7.0430084843,0.268432,0.366737,21.2242,1.3441,1.4991,0.072608,0.654414,-2.139946,177,0.214373,1935.9931,0.07789,0
168,7.168,5370.6,5309.7991,11167.97,-6.9486105807,0.234081,0.383176,24.5313,1.3107,1.3563,0.069434,0.648464,-1.134476,191,0.217577,1996.1445,0.079233,0
169,7.2107,5531.05,5342.2518,11238.28,-7.1370557691,0.190971,0.364302,20.6193,1.3093,1.433,0.07309,0.669882,-4.751676,168,0.198412,2009.7083,0.074716,0
170,7.2533,5556.25,5268.2814,11355.47,-6.8063446701,0.203475,0.392135,24.5877,1.2503,1.2309,0.067761,0.65329,-6.456254,190,0.210085,2060.717,0.075449,0
171,7.296,5535.67,5449.2422,11378.91,-7.5085358252,0.221415,0.345264,17.0708,1.3324,1.485,0.076975,0.669684,-4.095502,167,0.204818,2105.1279,0.076059,0
172,7.3387,5672.03,5439.6008,11531.25,-7.3140577176,0.215777,0.361572,19.1457,1.2947,1.3704,0.073634,0.685755,-4.014661,183,0.201642,2073.9357,0.080576,0
173,7.3813,5334.93,5342.1449,10957.03,-6.9708110536,0.173145,0.379577,22.5881,1.3173,1.3369,0.070117,0.653571,-9.7337,169,0.211609,2037.145,0.078867,0
174,7.424,5444.94,5349.4564,11214.84,-6.933079615,0.31312,0.380742,23.1512,1.2912,1.2843,0.069895,0.649589,-2.870335,191,0.22401,1941.7376,0.071542,0
175,7.4667,5355.82,5283.6221,10804.69,-6.7148483896,0.192841,0.393894,25.0952,1.2864,1.2889,0.067437,0.63899,-3.636705,163,0.20549,2064.3552,0.075693,0
176,7.5093,5460.35,5313.5164,11039.06,-7.0327292464,0.202943,0.374384,22.5855,1.3276,1.4817,0.071114,0.653622,-2.21812,183,0.203284,2030.195,0.074228,0
177,7.552,5346.12,5283.9156,10898.44,-6.2994840157,0.214375,0.424344,34.8226,1.2571,1.1579,0.062047,0.590279,0.59072,160,0.216835,1932.4626,0.069955,0
178,7.5947,5235.74,5308.7546,10828.12,-6.67097752,0.216292,0.390159,26.8337,1.3084,1.3371,0.068126,0.603585,-9.204169,182,0.221013,2059.6648,0.063973,0
179,7.6373,5071.47,5172.2743,10500.0,-6.1275384473,0.153618,0.423967,39.4671,1.3019,1.2575,0.062111,0.557868,-0.671259,188,0.212354,2013.137,0.059578,0
180,7.68,5203.08,5207.7829,10828.12,-6.0292157923,0.171784,0.438248,40.7268,1.2695,1.1624,0.059713,0.534306,-6.580186,170,0.216529,1995.2322,0.066903,0
181,7.7227,5427.26,5335.07,11003.91,-7.3618340802,0.265037,0.351292,19.2146,1.3676,1.6515,0.075722,0.677562,-6.283578,194,0.224958,2051.1236,0.077524,0
182,7.7653,5377.03,5362.6088,11109.38,-7.1023262252,0.210542,0.376047,22.3513,1.3387,1.4618,0.070793,0.661813,-7.78212,160,0.208431,1957.5538,0.071054,0
183,7.808,5329.3,5254.2453,10933.59,-6.6427754977,0.310551,0.398554,27.8441,1.2937,1.3,0.066585,0.62486,-6.907898,192,0.200352,2177.3679,0.064583,0
184,7.8507,5379.25,5230.302,10863.28,-6.6433235501,0.277273,0.398115,29.1358,1.2924,1.4226,0.066665,0.60988,-4.076966,184,0.209935,2066.8352,0.071054,0
185,7.8933,5200.87,5245.4682,10628.91,-6.8911195288,0.248711,0.37795,25.131,1.3446,1.525,0.070428,0.620941,-6.030366,191,0.218195,2132.0553,0.079111,0
186,7.936,5361.17,5296.9691,10804.69,-7.4911585325,0.160927,0.343928,17.418,1.3788,1.7034,0.077255,0.665879,-5.766745,178,0.225287,2037.1902,0.08021,0
187,7.9787,5462.89,5306.3661,11062.5,-6.6702672636,0.201579,0.398418,25.9283,1.2966,1.352,0.06661,0.653392,-1.560377,186,0.206289,1984.9283,0.071908,0
188,8.0213,5304.94,5287.293,11027.34,-6.2954791094,0.21418,0.418135,30.9894,1.2984,1.2306,0.063114,0.61504,0.514785,179,0.202494,1944.6343,0.066781,0
189,8.064,5263.18,5219.5528,10792.97,-6.3569706262,0.243822,0.413813,33.1007,1.3092,1.3839,0.063866,0.600509,-0.097843,177,0.205158,2065.3421,0.065316,0
190,8.1067,5039.24,5220.6918,10523.44,-6.5505263326,0.234214,0.398277,33.0393,1.3667,1.451,0.066636,0.59115,-2.070708,193,0.222134,2024.8241,0.062386,0
191,8.1493,5206.68,5183.5004,10710.94,-6.2494238316,0.222606,0.430278,36.1277,1.2769,1.1784,0.061042,0.595669,-0.942437,176,0.215958,2054.0712,0.067391,0
192,8.192,5425.66,5307.7886,11062.5,-7.0106122409,0.251674,0.37705,21.9397,1.311,1.4128,0.0706,0.65692,-2.623907,195,0.215284,2077.8401,0.074838,0
193,8.2347,5319.49,5194.6341,10804.69,-6.2035932292,0.238396,0.42261,33.1734,1.2932,1.254,0.062343,0.59072,-6.597337,178,0.223096,1981.7588,0.071298,0
194,8.2773,5395.71,5376.1602,11003.91,-6.8983801459,0.189113,0.374594,24.3771,1.3397,1.4504,0.071073,0.63361,-6.287432,178,0.203814,1963.3524,0.070443,0
195,8.32,5471.97,5344.2319,11167.97,-7.3867038907,0.231407,0.348365,18.6471,1.3576,1.637,0.076328,0.66856,-3.721912,194,0.212844,2144.0545,0.074228,0
196,8.3627,5291.77,5312.2149,10921.88,-7.2273879118,0.2494,0.355139,19.0991,1.364,1.5883,0.074934,0.657666,-7.778051,183,0.218385,2086.0075,0.070565,0
197,8.4053,5041.94,5255.6816,10476.56,-6.9321415478,0.241783,0.376067,24.389,1.3774,1.5513,0.070789,0.62756,-3.635348,170,0.212355,2055.5549,0.069833,0
198,8.448,5339.71,5323.0946,10734.38,-7.1749899702,0.237434,0.364012,22.6241,1.3744,1.6534,0.073147,0.654305,-2.624499,171,0.216126,2045.9275,0.068856,0
199,8.4907,5064.48,5198.4555,10523.44,-6.8328310101,0.269405,0.3844,26.6828,1.3599,1.5101,0.069203,0.62702,-3.860579,177,0.21127,1899.7919,0.068612,0
200,8.5333,5246.45,5268.9239,10804.69,-6.860038107,0.276525,0.389084,24.8644,1.3612,1.4967,0.068326,0.655115,-2.797837,171,0.20992,1866.3338,0.075937,0
201,8.576,5353.15,5239.6968,10757.81,-6.8956751083,0.26107,0.382283,24.2929,1.3556,1.568,0.069602,0.642129,-0.990736,196,0.219341,1983.8288,0.07435,0
202,8.6187,5370.67,5184.2352,10558.59,-6.9147082055,0.209686,0.37925,23.3474,1.3429,1.5871,0.070179,0.645747,-7.362075,174,0.212696,2034.3813,0.07142,0
203,8.6613,5261.55,5320.1959,11132.81,-7.1292979786,0.238566,0.367362,21.5715,1.3599,1.5024,0.072484,0.655568,-4.128397,174,0.213618,2061.3545,0.070687,0
204,8.704,5172.09,5257.0409,11062.5,-6.0173439467,0.240878,0.440637,38.1412,1.2485,1.0177,0.05932,0.555089,0.472809,197,0.221632,1987.0969,0.065926,0
205,8.7467,5275.68,5289.3565,10746.09,-6.8627074781,0.140727,0.379057,25.0074,1.3407,1.4721,0.070216,0.638184,-2.688086,192,0.22816,1978.469,0.065682,0
206,8.7893,5251.79,5287.2461,10746.09,-6.9476824053,0.20076,0.373987,23.2687,1.3503,1.4831,0.07119,0.642855,-3.396809,172,0.212627,1990.1013,0.071542,0
207,8.832,5530.34,5316.4557,11191.41,-6.7101865626,0.14592,0.38988,24.5913,1.2474,1.2275,0.068178,0.629962,-1.822682,181,0.219002,2062.245,0.071664,0
208,8.8747,5374.79,5336.9094,10839.84,-7.4049402974,0.173744,0.351368,18.3002,1.3805,1.657,0.075706,0.676109,-6.930525,178,0.230634,2039.041,0.071054,0
209,8.9173,5360.09,5392.1174,10968.75,-6.6195684375,0.324487,0.393989,26.4018,1.292,1.2309,0.067419,0.612453,-4.629626,186,0.225244,1927.8466,0.071542,0
210,8.96,5284.62,5198.3443,10757.81,-6.2720733821,0.178332,0.42785,35.0958,1.256,1.1686,0.061451,0.580257,-0.16537,160,0.213851,1933.3321,0.068612,0
211,9.0027,5142.26,5149.6216,10277.34,-6.5603788133,0.274935,0.401215,29.5156,1.3422,1.5043,0.066104,0.630157,-1.952496,183,0.211195,2095.4418,0.067147,0
212,9.0453,5242.06,5291.5521,10617.19,-6.8523617319,0.208717,0.380248,24.4669,1.2933,1.3472,0.069989,0.632967,-6.420816,173,0.215964,1933.5032,0.067635,0
213,9.088,5362.61,5297.7649,11050.78,-6.9008928793,0.269753,0.384635,24.2731,1.3218,1.4038,0.069159,0.655862,-3.42537,187,0.217691,1926.619,0.068856,0
214,9.1307,5291.5,5223.4084,10675.78,-6.7676777789,0.186692,0.387566,25.2586,1.3217,1.4224,0.068609,0.634408,-5.670881,174,0.207141,2042.0531,0.068978,0
215,9.1733,5520.75,5331.1764,11074.22,-7.0458226301,0.104085,0.372117,21.0503,1.2792,1.3445,0.071553,0.656288,-3.441892,186,0.219733,1941.5285,0.069955,0
216,9.216,5301.71,5257.9881,10792.97,-7.2906205406,0.132797,0.351156,19.191,1.3539,1.5858,0.07575,0.653461,-3.151147,177,0.209748,1985.7659,0.07789,0
217,9.2587,5488.45,5214.9706,10921.88,-6.4655194501,0.206957,0.406672,27.4289,1.2757,1.3074,0.065126,0.643876,-0.286662,165,0.229564,1945.7325,0.073617,0
218,9.3013,5284.38,5240.6545,10757.81,-6.6611060522,0.321121,0.390218,27.3406,1.3384,1.4627,0.068116,0.618626,-5.910315,161,0.217072,2072.0414,0.070077,0
219,9.344,5329.36,5264.5255,10828.12,-7.0576769241,0.173301,0.378604,23.5252,1.3183,1.4337,0.070302,0.659909,-6.613683,166,0.221478,1914.5527,0.072274,0
220,9.3867,5252.88,5159.7096,10535.16,-6.3340573881,0.270257,0.417819,35.1473,1.2901,1.2993,0.063169,0.604054,0.442517,180,0.213318,1966.8106,0.064949,0
221,9.4293,5326.25,5311.5764,11226.56,-6.273802448,0.201534,0.430292,33.6301,1.2609,1.1129,0.06104,0.596774,-4.833902,167,0.211952,2036.9492,0.069466,0
222,9.472,5556.61,5379.6091,11367.19,-7.0742637154,0.1751,0.373556,21.469,1.2771,1.3304,0.071274,0.651434,-5.351499,174,0.209844,1962.2467,0.078135,0
223,9.5147,5670.94,5421.8741,11285.16,-7.4662324892,0.208408,0.34864,16.8147,1.2858,1.3987,0.07627,0.687533,-6.535914,196,0.205571,2089.0944,0.08253,0
224,9.5573,5528.02,5340.9185,10875.0,-7.4665019448,0.217127,0.341899,17.1432,1.3579,1.6629,0.077684,0.674765,-6.671752,179,0.204123,1960.6787,0.077768,0
225,9.6,5411.81,5299.0879,10828.12,-7.4057211374,0.262224,0.351157,18.9062,1.3759,1.6766,0.07575,0.675918,-4.454842,169,0.211563,2137.0024,0.0691,0
226,9.6427,5268.58,5252.1565,10675.78,-6.7680155021,0.340937,0.385285,26.0061,1.3236,1.4203,0.069036,0.631815,-2.217318,175,0.205773,2014.8024,0.076059,0
227,9.6853,5540.95,5311.8976,11144.53,-6.8207479336,0.23342,0.388235,23.5855,1.2555,1.2638,0.068484,0.65293,-4.409888,169,0.220825,1897.4352,0.076303,0
228,9.728,5328.99,5266.7362,10664.06,-7.3879810592,0.162156,0.345206,18.5466,1.4036,1.802,0.076987,0.662343,-1.715985,200,0.219687,1995.2582,0.07435,0
229,9.7707,5355.23,5322.1725,11027.34,-7.0962753151,0.183896,0.361384,21.387,1.3404,1.4827,0.073672,0.658831,-5.03377,181,0.222387,1950.5598,0.077646,0
230,9.8133,5263.05,5151.6668,10722.66,-6.2037020915,0.304832,0.432397,35.7988,1.2731,1.1975,0.060686,0.600303,0.157352,182,0.226772,2024.6464,0.07203,0
231,9.856,5318.47,5288.8084,10757.81,-7.3128292427,0.208186,0.352185,20.3161,1.3843,1.6539,0.075538,0.663153,-5.126198,178,0.220258,1979.3843,0.069955,0
232,9.8987,5504.57,5396.6687,11191.41,-6.8288657957,0.181906,0.388,24.8896,1.2848,1.2908,0.068528,0.640914,-2.903553,190,0.214833,2113.6747,0.077036,0
233,9.9413,5354.76,5231.0822,10769.53,-7.0465251218,0.198804,0.379004,22.1032,1.3462,1.5698,0.070226,0.660674,-3.629705,200,0.220514,2012.8309,0.078623,0
234,9.984,5357.91,5364.9125,11144.53,-7.0344811409,0.183769,0.371385,22.3044,1.3518,1.5069,0.071696,0.639954,-1.820656,187,0.22324,2083.063,0.074106,0
235,10.0267,5420.47,5323.5829,11332.03,-6.7526015455,0.270401,0.395911,26.1958,1.2598,1.1703,0.067067,0.645408,-3.202229,186,0.207281,1998.3966,0.070809,0
236,10.0693,5207.61,5227.9355,10769.53,-6.8014519245,0.202237,0.393179,26.8485,1.3019,1.3168,0.067568,0.635661,-4.055828,179,0.208415,1979.554,0.070443,0
237,10.112,5536.74,5378.8823,11261.72,-7.567777884,0.17491,0.341122,16.3447,1.3385,1.5696,0.077848,0.675468,-1.539702,202,0.202965,2021.9785,0.074594,0
238,10.1547,5393.04,5337.6097,11296.88,-6.4224827656,0.174702,0.414649,30.1688,1.2393,1.0685,0.06372,0.595045,-0.715686,177,0.219522,1988.6256,0.071786,0
239,10.1973,5478.23,5330.2733,11074.22,-6.9772038048,0.121142,0.377533,22.9153,1.2951,1.36,0.070507,0.663447,-1.015782,171,0.22397,1985.212,0.073984,0
240,10.24,5324.57,5382.202,10921.88,-7.3618515173,0.187964,0.354535,18.9364,1.3811,1.6026,0.075057,0.669051,-2.22985,164,0.210874,2014.6516,0.072397,0
241,10.2827,5223.19,5239.9639,10511.72,-6.8060869805,0.227889,0.390537,26.066,1.3595,1.548,0.068056,0.633139,-5.845417,202,0.211258,1953.3347,0.0691,0
242,10.3253,5183.96,5245.698,10781.25,-6.9462470506,0.262736,0.377383,24.4843,1.3488,1.5153,0.070536,0.625609,-7.475115,183,0.216991,2087.3763,0.069222,0
243,10.368,5258.62,5324.9562,10828.12,-7.0757330655,0.184704,0.365428,22.7726,1.3432,1.4729,0.072866,0.647281,-5.137875,171,0.211019,2052.2659,0.065438,0
244,10.4107,5094.88,5238.3164,10582.03,-6.2778168325,0.285643,0.417005,36.1758,1.3266,1.3669,0.06331,0.569413,-2.926539,189,0.220329,2254.4051,0.065682,0
245,10.4533,5260.79,5275.6853,10792.97,-6.689984475,0.321575,0.393799,26.8309,1.3501,1.4866,0.067454,0.624058,-5.01608,173,0.226042,1986.0165,0.071054,0
246,10.496,5531.15,5291.0238,11085.94,-7.4692540488,0.264342,0.348179,18.5901,1.335,1.6087,0.076366,0.675271,-6.553978,175,0.205139,2077.6485,0.076914,0
247,10.5387,5595.95,5325.3347,11097.66,-7.078043359,0.307887,0.369686,21.4659,1.3198,1.4904,0.072028,0.681607,-4.336832,192,0.207435,1988.4743,0.080454,0
248,10.5813,5489.28,5329.0074,11015.62,-7.438686631,0.220205,0.353168,17.1438,1.3652,1.6404,0.075336,0.690317,-3.314214,181,0.207041,1959.6615,0.083262,0
249,10.624,5384.83,5324.3899,10957.03,-7.1661910232,0.32739,0.36888,21.0385,1.3617,1.6026,0.072186,0.657565,-2.845747,184,0.200751,2052.4616,0.076547,0
250,10.6667,5104.29,5229.2794,10511.72,-7.1496884504,0.225891,0.362337,22.9479,1.4218,1.7546,0.073481,0.64355,-2.61741,193,0.227371,2014.6677,0.069589,0
251,10.7093,5287.01,5318.0753,10921.88,-7.3326443382,0.257802,0.348826,19.7327,1.3662,1.5867,0.076232,0.646852,-4.901344,190,0.220734,2052.4008,0.067757,0
252,10.752,5291.98,5351.9678,10875.0,-6.9118436796,0.237441,0.378927,24.8206,1.3495,1.492,0.070241,0.634743,-5.866937,170,0.211722,1984.198,0.070809,0
253,10.7947,5284.46,5275.0194,10734.38,-6.9197235996,0.164906,0.373183,23.6984,1.3349,1.4603,0.071346,0.639131,-0.565471,195,0.215311,1987.2284,0.072519,0
254,10.8373,5115.01,5220.6717,10558.59,-6.377474424,0.186794,0.407736,33.6,1.328,1.3735,0.064937,0.560604,-4.629108,180,0.210917,1991.312,0.069466,0
255,10.88,5425.77,5285.9027,11003.91,-7.1729822036,0.258028,0.365877,20.5486,1.3688,1.6441,0.072778,0.66772,-4.059766,159,0.231769,1996.9299,0.070932,0
256,10.9227,5165.34,5135.9804,10406.25,-6.2450544456,0.274969,0.432115,40.0192,1.2959,1.3195,0.060733,0.572448,-0.173166,197,0.219302,2068.1774,0.067757,0
257,10.9653,5231.15,5206.2706,10675.78,-6.0887158728,0.195452,0.442675,39.9785,1.2783,1.1782,0.058986,0.587436,0.235222,188,0.205344,2112.9036,0.061287,0
258,11.008,5306.93,5246.4177,11003.91,-6.2392289488,0.140234,0.43364,36.6305,1.2811,1.1966,0.060478,0.608734,-0.409296,181,0.209647,2088.6514,0.062874,0
259,11.0507,5334.32,5317.104,11027.34,-6.7065297305,0.250714,0.384316,26.3429,1.2889,1.2782,0.069219,0.61197,-5.469558,195,0.227447,2017.1443,0.071664,0
260,11.0933,5432.93,5289.0003,10886.72,-7.1480048819,0.185034,0.366414,20.7095,1.3101,1.4685,0.072671,0.650106,-3.133428,188,0.217264,2088.6114,0.072274,0
261,11.136,5260.45,5271.8009,10757.81,-6.789183616,0.324989,0.385049,25.11,1.3651,1.5232,0.069081,0.640827,-3.849116,195,0.209715,2076.7804,0.065682,0
262,11.1787,5440.47,5348.2134,11097.66,-7.2200173343,0.191061,0.36649,21.7329,1.3067,1.425,0.072656,0.659439,-3.39672,198,0.215164,2040.9299,0.069955,0
263,11.2213,5333.86,5331.7884,11085.94,-7.2241712812,0.196807,0.363678,21.5532,1.3466,1.5009,0.073214,0.660848,-7.133476,165,0.204062,2161.5307,0.074716,0
264,11.264,5311.56,5199.3563,10675.78,-6.4543570418,0.287233,0.410331,31.9714,1.2982,1.3214,0.064478,0.61217,-2.393293,170,0.208022,1966.8112,0.069833,0
265,11.3067,5384.09,5299.5064,11121.09,-6.1854650865,0.274451,0.425876,34.4637,1.2703,1.1553,0.061786,0.604346,-8.438751,176,0.202678,1926.9841,0.068856,0
266,11.3493,5588.17,5411.6635,11531.25,-6.9238132844,0.169656,0.383297,22.8821,1.2651,1.2133,0.069411,0.663748,-7.454793,176,0.214226,1998.4904,0.075449,0
267,11.392,5519.28,5253.0818,10957.03,-6.839538701,0.272882,0.387268,23.6516,1.3096,1.4534,0.068665,0.649299,-2.924457,181,0.218663,2011.7557,0.070321,0
268,11.4347,5414.7,5256.5991,10921.88,-6.9107731874,0.285848,0.378819,24.1943,1.3041,1.4622,0.070261,0.631946,-4.054829,188,0.209936,2042.0599,0.073739,0
269,11.4773,5321.94,5260.01,10863.28,-7.0534658394,0.306728,0.374629,23.5089,1.33,1.4672,0.071066,0.648124,-4.318545,186,0.19959,1936.6618,0.073373,0
270,11.52,5135.37,5194.5889,10441.41,-6.4205110671,0.245458,0.40979,33.3744,1.3463,1.4407,0.064573,0.596953,-2.364744,177,0.218433,2083.4804,0.064461,0
271,11.5627,5264.08,5285.596,10746.09,-6.9659317732,0.184911,0.378079,22.8366,1.3434,1.5302,0.070403,0.627662,-2.290516,185,0.216973,2045.6563,0.063851,0
272,11.6053,5150.86,5189.6267,10640.62,-6.4720360134,0.271261,0.415583,32.9303,1.2992,1.3167,0.063557,0.613413,-4.394823,165,0.205868,1947.3446,0.066292,0
273,11.648,5426.71,5274.2373,11074.22,-6.8165422952,0.301971,0.392214,25.237,1.3184,1.4519,0.067746,0.640778,-3.69513,196,0.212094,2033.8187,0.068246,0
274,11.6907,5105.38,5234.5951,10417.97,-6.6481205023,0.230747,0.397382,28.433,1.343,1.4396,0.066799,0.600641,-9.399853,194,0.223739,2030.8319,0.068978,0
275,11.7333,5287.22,5177.4369,10464.84,-7.3073775768,0.164061,0.356672,20.6881,1.386,1.7805,0.074622,0.668196,-5.325327,176,0.211028,2082.5693,0.079233,0
276,11.776,5388.46,5328.6161,10921.88,-6.7023411521,0.269291,0.394524,23.8256,1.3242,1.3628,0.067321,0.645378,-5.321654,162,0.220293,1988.1835,0.077402,0
277,11.8187,5370.75,5279.4588,10863.28,-6.679363661,0.276205,0.398211,26.2117,1.3072,1.3439,0.066648,0.637124,-3.85735,194,0.207693,2020.2442,0.073739,0
278,11.8613,5627.45,5339.9599,11320.31,-7.3791718098,0.257827,0.35885,19.2917,1.3234,1.582,0.074181,0.684882,-3.88106,192,0.211301,2164.0355,0.078623,0
279,11.904,5228.34,5253.7543,10722.66,-7.5225825977,0.213584,0.34404,18.9208,1.4086,1.8024,0.077232,0.652581,-2.99943,188,0.208002,2135.3486,0.069589,0
280,11.9467,4940.55,5120.0705,10312.5,-6.156371704,0.12107,0.429092,42.9679,1.3201,1.3064,0.061242,0.535072,0.407784,167,0.231727,1912.9725,0.066414,0
281,11.9893,5250.44,5282.7383,10769.53,-6.7644838559,0.138284,0.391207,25.8872,1.3041,1.3669,0.067932,0.624061,-5.098312,182,0.220068,2010.8641,0.072397,0
282,12.032,5215.26,5200.0604,10464.84,-6.5810279766,0.24488,0.400173,30.0171,1.3356,1.4654,0.066292,0.613141,-6.757391,185,0.210863,2025.766,0.066903,0
283,12.0747,5266.07,5208.158,10769.53,-6.5848995503,0.270771,0.397888,27.3426,1.3118,1.3928,0.066707,0.631402,0.132471,175,0.213837,1995.6652,0.06849,0
284,12.1173,5381.88,5284.7475,11074.22,-6.3636028876,0.257921,0.414778,32.541,1.2721,1.1765,0.063697,0.62616,-1.326878,168,0.220584,1945.6873,0.077524,0
285,12.16,5382.89,5311.9573,10816.41,-6.3184035038,0.20062,0.417972,33.4973,1.3045,1.3041,0.063142,0.595365,-7.113191,181,0.21656,1995.7639,0.075815,0
286,12.2027,5417.65,5392.8229,11250.0,-7.1887844722,0.136721,0.363174,20.2618,1.3013,1.3641,0.073314,0.658428,-4.412085,184,0.222232,2019.1669,0.070443,0
287,12.2453,5394.06,5359.7284,11062.5,-6.977389554,0.214613,0.368332,21.5725,1.3323,1.4653,0.072293,0.648179,-1.598461,211,0.208125,2090.1576,0.072397,0
288,12.288,5334.02,5241.7415,10792.97,-6.7719758872,0.229328,0.391253,26.5043,1.3491,1.5055,0.067924,0.647049,-6.763781,203,0.223603,2076.5963,0.074716,0
289,12.3307,5586.85,5419.5012,11437.5,-6.8727891751,0.261128,0.380156,21.9914,1.2906,1.2957,0.070006,0.656263,-3.18233,171,0.205643,2078.3478,0.079355,0
290,12.3733,5672.16,5404.366,11367.19,-7.0012206537,0.135134,0.373541,21.032,1.2545,1.302,0.071277,0.662008,-4.265477,169,0.210704,2054.2461,0.080698,0
291,12.416,5423.78,5331.3441,10898.44,-6.9738110202,0.174574,0.382241,23.7689,1.3338,1.495,0.06961,0.658865,-5.511521,169,0.210346,1967.0787,0.071786,0
292,12.4587,5269.9,5271.7933,10804.69,-6.719309483,0.253316,0.397317,28.3896,1.3261,1.4173,0.06681,0.632471,-2.725903,177,0.207173,1973.0546,0.070687,0
293,12.5013,5614.98,5358.6898,11203.12,-7.1436340779,0.177968,0.374036,19.5304,1.2807,1.3593,0.071181,0.675431,-4.592719,190,0.207528,2021.5025,0.076181,0
294,12.544,5356.4,5365.1963,11027.34,-7.3581708026,0.258985,0.348954,18.3593,1.35,1.5562,0.076205,0.654322,-4.779622,175,0.205454,2092.845,0.075937,0
295,12.5867,5300.35,5217.4879,10757.81,-6.4510249606,0.165889,0.411963,31.9575,1.3119,1.3314,0.06419,0.627925,-0.732805,188,0.228764,2025.7067,0.070809,0
296,12.6293,5230.14,5255.3708,10792.97,-6.7241568864,0.183259,0.39449,26.4839,1.3476,1.43,0.067327,0.63128,-6.050304,167,0.223331,1961.6608,0.069344,0
297,12.672,5377.57,5369.0379,11308.59,-6.4528950258,0.225968,0.409405,30.8578,1.2466,1.0722,0.064641,0.600914,-7.357852,172,0.207791,1945.1185,0.066536,0
298,12.7147,5477.62,5327.9231,11121.09,-6.2875927042,0.274817,0.432789,32.9482,1.2377,1.1133,0.060621,0.619198,-5.442179,162,0.207467,1984.1444,0.071176,0
299,12.7573,5555.0,5391.2518,11496.09,-6.9102306087,0.182775,0.385603,23.971,1.2496,1.2047,0.068977,0.645481,-2.791971,177,0.202531,2022.1576,0.077402,0
300,12.8,5423.63,5376.2872,11191.41,-7.0085856426,0.275083,0.371715,21.6601,1.3144,1.3694,0.071632,0.647831,-4.194674,168,0.205951,2030.9281,0.07667,0
301,12.8427,5176.35,5193.6582,10640.62,-6.5739474897,0.218518,0.399466,30.4394,1.3159,1.3809,0.06642,0.608784,-5.588797,180,0.218935,2032.9427,0.076792,0
302,12.8853,5446.16,5306.8902,11062.5,-6.4844013659,0.216364,0.406531,29.7528,1.2644,1.2082,0.065151,0.628053,-1.496298,175,0.21312,1997.3732,0.071664,0
303,12.928,5301.82,5275.3507,10875.0,-7.0718755496,0.211816,0.376995,22.1845,1.3437,1.5088,0.070611,0.661149,-6.972153,192,0.212129,1981.655,0.069711,0
304,12.9707,5391.12,5350.9785,11097.66,-6.9582718897,0.237165,0.384387,23.2421,1.2983,1.3251,0.069205,0.63798,-5.162741,191,0.198338,2078.3854,0.069833,0
305,13.0133,5458.57,5377.4978,11308.59,-6.5426952799,0.310187,0.405105,29.5032,1.2578,1.1698,0.065405,0.621762,-3.178519,166,0.22033,1946.6049,0.066781,0
306,13.056,5237.11,5222.7462,10734.38,-6.6026317879,0.216864,0.40256,32.8857,1.3495,1.4778,0.065862,0.616259,-0.434136,187,0.214746,2108.5748,0.071054,0
307,13.0987,5463.53,5271.9679,11027.34,-6.6179518128,0.159807,0.401227,28.1529,1.2797,1.2872,0.066102,0.639417,-2.733432,167,0.230604,1959.7567,0.078012,0
308,13.1413,5619.81,5377.5435,11378.91,-6.9056176349,0.153316,0.383498,22.5113,1.2778,1.3131,0.069373,0.666546,-2.42557,167,0.219367,1973.7904,0.075937,0
309,13.184,5229.67,5198.0563,10582.03,-6.4930568002,0.184908,0.411888,32.7028,1.3412,1.4668,0.064203,0.611697,-0.201132,178,0.213094,1962.0652,0.067757,0
310,13.2267,5163.12,5176.9661,10640.62,-6.3492172657,0.337358,0.411008,34.7525,1.303,1.3052,0.064358,0.589534,-5.989625,165,0.211484,2102.5667,0.064095,0
311,13.2693,5380.43,5301.7982,11050.78,-6.9674162214,0.25162,0.378737,24.0637,1.3471,1.5107,0.070277,0.642354,-2.363141,178,0.20994,2092.5312,0.065194,0
312,13.312,5318.4,5410.3915,11050.78,-7.004316359,0.171289,0.366473,23.3251,1.3178,1.3571,0.07266,0.629637,-5.348736,180,0.207241,2072.8306,0.06617,0
313,13.3547,5517.3,5394.2761,11238.28,-6.9294955358,0.200641,0.375726,22.7618,1.3003,1.3754,0.070855,0.655305,-4.67418,188,0.215055,2028.4225,0.073007,0
314,13.3973,5460.45,5324.7427,11085.94,-6.5926397596,0.277171,0.398317,26.6745,1.2721,1.267,0.066629,0.628126,-3.541594,184,0.21373,2093.3486,0.078989,0
315,13.44,5341.06,5264.2941,10757.81,-7.3261471858,0.209769,0.354891,19.3417,1.3529,1.6362,0.074984,0.659898,-3.904821,180,0.219367,2007.98,0.08021,0
316,13.4827,5500.11,5350.1768,11460.94,-6.3996909321,0.249561,0.414972,28.3235,1.2577,1.1155,0.063663,0.645498,-0.15046,195,0.225564,1872.2879,0.075082,0
317,13.5253,5238.54,5278.0756,10746.09,-7.4338854075,0.246431,0.350112,18.4181,1.3917,1.7275,0.075966,0.648774,-5.959613,179,0.224923,1894.7054,0.06849,0
318,13.568,5335.43,5297.4932,10945.31,-6.7162558028,0.153588,0.387287,25.8275,1.2909,1.3079,0.068661,0.6275,-5.094371,181,0.218399,1930.8228,0.067269,0
319,13.6107,5258.88,5386.4772,10957.03,-6.7157315347,0.223932,0.395123,25.6579,1.292,1.2046,0.067211,0.61936,-6.826519,167,0.220535,1994.9841,0.063362,0
320,13.6533,5101.5,5264.4145,10500.0,-6.4681311343,0.216705,0.40858,30.1969,1.35,1.407,0.064787,0.576895,-0.855083,199,0.213256,1925.5116,0.063973,0
321,13.696,5258.57,5362.9934,10968.75,-6.8064840006,0.13102,0.387923,27.0616,1.3154,1.3276,0.068542,0.626955,-6.736644,187,0.225203,2013.804,0.069222,0
322,13.7387,5414.02,5378.6458,11156.25,-6.6386104375,0.114087,0.398349,26.2439,1.2653,1.1982,0.066623,0.628724,-4.692507,192,0.202384,1963.6878,0.070077,0
323,13.7813,5346.39,5344.2057,11050.78,-6.3396938545,0.14396,0.412708,32.9341,1.2604,1.1936,0.064059,0.597843,-0.21444,186,0.210057,2080.8455,0.073007,0
324,13.824,5407.86,5258.5211,10933.59,-6.6530456331,0.204201,0.400525,27.6508,1.2919,1.3283,0.066228,0.648208,-2.36003,170,0.220726,2000.6175,0.076059,0
325,13.8667,5412.68,5332.9722,11027.34,-6.5810089996,0.190045,0.404097,28.4826,1.2414,1.1608,0.065586,0.60987,-7.409357,190,0.217628,2071.086,0.071298,0
326,13.9093,5484.26,5399.867,11121.09,-6.6682542519,0.230855,0.398687,25.294,1.3046,1.3222,0.066561,0.637701,-0.746453,187,0.198851,1994.5074,0.070443,0
327,13.952,5268.19,5303.0402,10921.88,-6.7360429402,0.233952,0.385107,26.0981,1.3117,1.3196,0.06907,0.62785,-4.078047,175,0.215818,1951.2721,0.070443,0
328,13.9947,5415.05,5376.0563,10992.19,-7.1608405997,0.226374,0.361705,19.8509,1.3306,1.4579,0.073608,0.65662,-0.459447,184,0.21393,2041.5046,0.068978,0
329,14.0373,5500.91,5421.8521,11179.69,-7.2629712142,0.202294,0.354396,19.0268,1.3018,1.4257,0.075085,0.662045,-3.212443,180,0.206409,2117.0128,0.072885,0
330,14.08,5276.25,5318.1641,10875.0,-6.8965802362,0.274142,0.380986,23.9408,1.3125,1.3666,0.069849,0.636526,-7.784667,184,0.222969,1962.0864,0.071908,0
331,14.1227,5463.09,5415.555,11285.16,-7.4595694075,0.256317,0.347295,18.1402,1.3508,1.5793,0.07655,0.6663,-2.328593,182,0.216811,2023.0175,0.070809,0
332,14.1653,5313.15,5296.7866,10886.72,-7.0007724354,0.161605,0.380842,24.2642,1.3172,1.4291,0.069876,0.645488,-2.202363,199,0.206743,1989.202,0.068124,0
333,14.208,5398.4,5377.4529,11097.66,-7.3769475701,0.231207,0.349881,19.1975,1.3469,1.5051,0.076013,0.666122,-6.59177,175,0.210518,2219.562,0.069833,0
334,14.2507,5592.82,5350.0731,11308.59,-7.0387835335,0.145271,0.378011,21.769,1.29,1.3638,0.070416,0.680636,-4.110081,174,0.213313,2002.6533,0.073251,0
335,14.2933,5372.49,5392.5157,11132.81,-7.2527914696,0.157752,0.360736,19.6499,1.3586,1.4859,0.073802,0.665201,-3.584066,174,0.205798,2002.9444,0.072274,0
336,14.336,5424.21,5294.5009,11203.12,-6.8202724523,0.238369,0.396636,25.8769,1.2598,1.1849,0.066935,0.631186,-7.010228,175,0.204862,1920.0607,0.072763,0
337,14.3787,5487.04,5420.8988,11355.47,-6.9113917041,0.260376,0.377006,23.4053,1.263,1.2255,0.070609,0.629102,-3.857208,168,0.201773,1972.2484,0.072152,0
338,14.4213,5183.54,5250.195,10628.91,-6.5511977877,0.198468,0.404425,30.1873,1.3171,1.3421,0.065527,0.611454,-7.231447,160,0.215092,1975.8202,0.064461,0
339,14.464,5527.14,5326.6031,11109.38,-6.9640604113,0.317418,0.384905,22.9411,1.2936,1.4032,0.069108,0.665373,-7.047563,173,0.217388,1932.0459,0.064095,0
340,14.5067,5243.51,5317.0831,10792.97,-6.8454628023,0.258865,0.377751,22.8411,1.344,1.4804,0.070466,0.621247,-1.106397,179,0.21492,2064.5685,0.069955,0
341,14.5493,5101.11,5272.4897,10406.25,-7.3879486422,0.222996,0.343023,19.2681,1.4515,1.8636,0.077446,0.649848,-1.729129,175,0.23169,2092.6369,0.067757,0
342,14.592,5309.03,5321.5969,10746.09,-7.03080337,0.263035,0.373232,22.2681,1.3559,1.5076,0.071337,0.640172,-1.023881,176,0.226475,1937.8502,0.068246,0
343,14.6347,5185.57,5196.9176,10523.44,-6.5591872711,0.161979,0.403784,31.1834,1.3178,1.3736,0.065642,0.606935,-6.105734,162,0.215266,1837.5261,0.072152,0
344,14.6773,5455.67,5368.3954,11109.38,-6.8720876356,0.215286,0.38969,23.4508,1.2791,1.3111,0.068213,0.651956,-2.687401,157,0.211174,1924.7679,0.07142,0
345,14.72,5557.54,5397.5563,11273.44,-7.0922729566,0.258094,0.367574,21.8585,1.2629,1.3523,0.072442,0.649706,-5.881166,175,0.206493,2027.6463,0.072274,0
346,14.7627,5562.49,5320.3563,11027.34,-7.2528019483,0.268732,0.360761,18.4315,1.3189,1.5083,0.073797,0.695448,-7.035423,175,0.218406,2016.0799,0.08082,0
347,14.8053,5385.17,5311.5408,10757.81,-7.3883923677,0.137542,0.3453,18.1298,1.3688,1.6856,0.076967,0.67214,-7.095318,183,0.219825,2078.7776,0.080088,0
348,14.848,5386.89,5289.0308,10921.88,-6.7223870575,0.160677,0.387609,27.5546,1.3288,1.4658,0.068601,0.629937,-6.6989,178,0.204675,1941.0285,0.073617,0
349,14.8907,5358.15,5261.7285,10804.69,-6.4322881778,0.165511,0.420277,33.2282,1.286,1.2834,0.062744,0.613536,-4.368265,184,0.21222,1972.1698,0.071054,0
350,14.9333,5032.77,5266.8351,10347.66,-7.1994072057,0.232317,0.350276,22.0072,1.4117,1.7682,0.075932,0.623453,-3.948933,191,0.227893,2073.0868,0.067757,0
351,14.976,5388.0,5284.35,10839.84,-7.1554986235,0.243785,0.364996,21.4957,1.3235,1.5116,0.072952,0.655576,-7.152182,191,0.219841,1971.5484,0.068124,0
352,15.0187,5309.01,5276.1699,10875.0,-6.0932886443,0.250182,0.44093,38.8848,1.2625,1.1276,0.059272,0.592074,-1.555101,185,0.220922,1991.9679,0.068856,0
353,15.0613,5401.27,5395.6816,11179.69,-6.5846880488,0.285287,0.401132,27.6993,1.2859,1.2178,0.066119,0.618433,-2.19571,185,0.209468,2086.2572,0.071542,0
354,15.104,5401.87,5311.2392,10839.84,-7.1377390608,0.178021,0.367005,21.5445,1.3274,1.501,0.072555,0.656308,-5.201876,199,0.210464,2117.2352,0.073495,0
355,15.1467,5225.62,5246.9525,10582.03,-6.8354417107,0.234579,0.389926,27.0554,1.3252,1.4445,0.06817,0.638585,-3.232939,164,0.208779,1995.8993,0.07203,0
356,15.1893,5413.23,5281.037,10652.34,-7.4167179007,0.166013,0.344768,18.3614,1.3828,1.7746,0.077079,0.670588,-5.842064,176,0.214427,2146.9917,0.076914,0
357,15.232,5342.16,5238.0415,10710.94,-7.1611158728,0.364916,0.358885,20.1353,1.3639,1.6597,0.074174,0.652207,-2.826628,195,0.212648,2128.6759,0.077768,0
358,15.2747,5653.77,5405.8567,11355.47,-7.1065041623,0.211014,0.373742,19.7963,1.2454,1.2387,0.071238,0.662279,-3.123809,192,0.225387,2128.2126,0.075327,0
359,15.3173,5378.07,5286.2974,10851.56,-7.0749498566,0.279634,0.36193,20.5953,1.3195,1.4522,0.073563,0.651151,-3.454328,183,0.219503,2139.1619,0.080698,0
360,15.36,5382.05,5390.9372,11179.69,-7.3734699723,0.217295,0.353819,18.3884,1.3725,1.5898,0.075203,0.666921,-5.263202,163,0.211318,1991.5501,0.082285,0
361,15.4027,5334.94,5255.3772,11039.06,-6.6018917032,0.240407,0.397844,30.1696,1.3033,1.3413,0.066714,0.631726,-2.927477,189,0.228079,1994.8779,0.070321,0
362,15.4453,5479.42,5380.7553,11109.38,-7.1406011952,0.190254,0.373722,20.0772,1.3211,1.4135,0.071242,0.670117,-7.816711,176,0.218399,1982.3096,0.072152,0
363,15.488,5519.26,5286.053,11097.66,-6.8042429709,0.284066,0.394491,23.4208,1.3067,1.3985,0.067327,0.656085,-6.503655,197,0.209144,2062.0186,0.082041,0
364,15.5307,5407.05,5263.1217,10828.12,-7.3034268235,0.291901,0.35824,18.6256,1.4053,1.7459,0.074304,0.685323,-2.658447,156,0.22124,2096.9283,0.075937,0
365,15.5733,5218.35,5246.0277,10769.53,-6.9753546305,0.212895,0.377419,23.376,1.3601,1.5106,0.070529,0.653404,-4.906944,187,0.210831,2053.8843,0.061897,0
366,15.616,5118.43,5182.3019,10652.34,-5.9395610281,0.323604,0.441482,41.733,1.3344,1.2921,0.059181,0.539595,1.617594,160,0.222449,2043.9874,0.052741,0
367,15.6587,5079.24,5181.7863,10792.97,-5.8676746207,0.168133,0.450459,46.6087,1.2967,1.1627,0.057724,0.538391,-0.018286,178,0.213432,2064.2392,0.054084,0
368,15.7013,5262.02,5380.948,10968.75,-7.1278003322,0.142244,0.364045,21.6363,1.3622,1.4949,0.073141,0.643525,-8.121856,169,0.214212,2173.986,0.064583,0
369,15.744,5461.43,5338.1271,11085.94,-6.747700708,0.285759,0.395472,27.4711,1.3111,1.4085,0.067147,0.628546,-4.047463,161,0.208068,2039.1516,0.069711,0
370,15.7867,5330.19,5348.2039,10828.12,-7.4414807462,0.191017,0.346834,19.5064,1.3517,1.5723,0.076646,0.653104,-5.437953,172,0.215599,1945.4626,0.067147,0
371,15.8293,5313.89,5289.1324,10757.81,-6.5621515057,0.20019,0.399244,28.7768,1.2957,1.3018,0.06646,0.622301,-2.194678,177,0.205133,2057.6088,0.069589,0
372,15.872,5498.77,5374.2317,11355.47,-5.964777189,0.174829,0.443952,35.9019,1.2006,0.9508,0.058777,0.602018,-1.858497,170,0.214536,2045.0894,0.069589,0
373,15.9147,5411.68,5241.888,11050.78,-6.315207404,0.284899,0.416091,31.263,1.2317,1.1203,0.063469,0.581199,-9.279774,161,0.210794,1906.8916,0.06849,0
374,15.9573,5404.4,5294.115,11027.34,-6.3176080919,0.271949,0.425584,33.3189,1.2359,1.0785,0.061836,0.602863,-1.573065,150,0.221049,1913.7205,0.069955,0
375,16.0,5323.38,5311.923,10851.56,-6.5878348485,0.15601,0.398203,26.7407,1.2894,1.278,0.066649,0.614269,-3.056275,161,0.208743,1939.1847,0.069711,0
376,16.0427,5188.51,5119.9559,10546.88,-6.3211228164,0.259325,0.415144,34.1749,1.2953,1.2956,0.063634,0.60948,0.612422,190,0.213662,1972.4112,0.069344,0
377,16.0853,5145.72,5174.0525,10605.47,-6.4096698176,0.245084,0.410171,32.0338,1.3471,1.4635,0.064506,0.589666,1.426324,187,0.225675,1857.3259,0.064705,0
378,16.128,5331.86,5282.2169,10863.28,-6.4779173564,0.212437,0.410641,30.8338,1.2945,1.2781,0.064423,0.608634,0.800109,170,0.207212,1986.415,0.060921,0
379,16.1707,5472.37,5333.1563,11121.09,-6.9689796639,0.16102,0.373331,23.0191,1.2783,1.3256,0.071318,0.648234,-4.553808,171,0.207985,2044.0744,0.070199,0
380,16.2133,5446.02,5373.0686,11085.94,-7.0113079234,0.097681,0.359708,20.5403,1.3015,1.4113,0.074008,0.642477,-4.406,179,0.20381,2060.4586,0.075204,0
381,16.256,5561.55,5331.8129,11074.22,-7.7334426947,0.2846,0.334819,15.6903,1.3503,1.6851,0.079198,0.698317,-4.381158,184,0.209458,2136.139,0.071298,0
382,16.2987,5461.52,5296.7611,10652.34,-7.8937307921,0.201803,0.320572,14.6136,1.4042,1.8805,0.082346,0.695261,-5.564785,179,0.2049,2167.7879,0.072885,0
383,16.3413,5440.64,5352.1861,11203.12,-7.0304246557,0.260747,0.376337,20.5923,1.2827,1.2769,0.070737,0.647867,-7.037728,181,0.21298,1902.5628,0.078623,0
384,16.384,5343.22,5376.3005,11214.84,-7.1958330192,0.185164,0.360204,19.2915,1.3289,1.4289,0.073908,0.648262,-3.021942,187,0.21535,2090.5266,0.073373,0
385,16.4267,5414.29,5355.2686,11203.12,-6.7520759924,0.251366,0.393009,24.1628,1.288,1.2546,0.0676,0.63305,-5.309036,188,0.218958,1954.529,0.068368,0
386,16.4693,5068.4,5173.5693,10523.44,-6.417925758,0.257758,0.406303,31.9921,1.3499,1.4329,0.065192,0.593667,-4.724105,178,0.219747,2041.788,0.06617,0
387,16.512,5426.86,5300.7966,11203.12,-6.8158233791,0.248056,0.388266,24.0937,1.2811,1.283,0.068478,0.632497,-1.939647,187,0.230179,2003.7351,0.070077,0
388,16.5547,5275.31,5213.9893,10746.09,-6.5257168869,0.274103,0.39974,29.2634,1.2858,1.341,0.06637,0.602493,-10.285756,167,0.222373,2023.0594,0.076303,0
389,16.5973,5392.53,5346.9257,10863.28,-7.2996690492,0.179954,0.350655,18.9227,1.3661,1.6429,0.075853,0.652499,-8.6765,175,0.218964,2052.7268,0.072397,0
390,16.64,5318.84,5296.8774,10734.38,-7.2116200788,0.202582,0.365898,21.2146,1.3715,1.6199,0.072773,0.66585,-5.60067,181,0.211173,2012.3841,0.071298,0
391,16.6827,5259.15,5294.406,10523.44,-7.1871244923,0.182061,0.361993,21.5338,1.385,1.686,0.07355,0.651857,-5.71655,182,0.212437,2063.9277,0.069222,0
392,16.7253,5296.34,5301.4028,10640.62,-7.5500481355,0.193084,0.339547,18.4803,1.4038,1.8051,0.078183,0.667483,-6.444831,174,0.207496,1997.6621,0.065804,0
393,16.768,5101.05,5198.3573,10628.91,-6.2516352748,0.315548,0.412209,36.8746,1.3035,1.2435,0.064147,0.571527,-0.589603,173,0.230256,1923.2118,0.066903,0
394,16.8107,5215.23,5352.4276,10804.69,-7.30392708,0.147369,0.3504,20.2318,1.3585,1.5514,0.075906,0.630515,-1.708787,212,0.221692,2122.7825,0.068368,0
395,16.8533,5121.09,5270.4784,10746.09,-6.4467792103,0.152328,0.410373,32.468,1.3063,1.2378,0.06447,0.57233,-3.770846,168,0.220853,1943.5173,0.065438,0
396,16.896,5488.97,5357.3549,11097.66,-7.0674440551,0.230233,0.374237,21.7922,1.3301,1.4442,0.071142,0.661148,-5.162375,202,0.22348,1983.4114,0.067757,0
397,16.9387,5228.66,5296.6873,10746.09,-6.5806265244,0.21656,0.399315,29.1678,1.3034,1.3301,0.066447,0.604279,-4.387813,187,0.218355,1982.8136,0.069222,0
398,16.9813,5208.17,5278.4168,10746.09,-6.8706851646,0.164736,0.375976,25.1125,1.3442,1.4809,0.070807,0.620792,0.24188,197,0.212742,2087.4803,0.066414,0
399,17.024,5219.14,5237.18,10570.31,-6.5373028907,0.232252,0.406707,30.9574,1.3404,1.4875,0.06512,0.595057,0.018053,179,0.210358,1955.6777,0.065926,0
400,17.0667,5333.18,5188.2849,10828.12,-6.0275407749,0.246375,0.445273,37.9659,1.2311,1.0898,0.058562,0.58377,-0.095072,180,0.210575,1825.9863,0.067147,0
401,17.1093,5379.05,5383.4189,11062.5,-7.0288092815,0.160913,0.373324,21.8486,1.3138,1.4066,0.071319,0.63227,-2.138599,192,0.20654,2071.2605,0.070443,0
402,17.152,5297.95,5325.2945,10921.88,-6.5958901227,0.345516,0.396427,27.9213,1.3068,1.291,0.066973,0.597164,-5.84398,182,0.200593,2083.6357,0.062996,0
403,17.1947,5413.57,5262.1417,11109.38,-6.0934034107,0.268835,0.444067,36.9151,1.2334,1.0468,0.058759,0.585924,0.551912,177,0.202875,1901.797,0.062263,0
404,17.2373,5442.26,5339.1097,11109.38,-6.7677930397,0.225873,0.388167,25.0792,1.3023,1.3556,0.068497,0.655946,-6.453957,181,0.213296,2121.1624,0.067513,0
405,17.28,5075.17,5185.7719,10640.62,-6.0363721855,0.276607,0.425648,39.5902,1.2943,1.1905,0.061825,0.544437,0.540216,186,0.21753,1934.1109,0.06849,0
406,17.3227,5261.2,5250.4295,10640.62,-6.7634767834,0.254126,0.39081,25.5547,1.3646,1.5534,0.068006,0.638929,-0.283202,172,0.213786,1985.9696,0.071542,0
407,17.3653,5394.94,5299.9541,10769.53,-7.9367276945,0.224092,0.317146,14.831,1.4413,2.0142,0.083124,0.688273,-4.224976,186,0.20843,2087.0648,0.077768,0
408,17.408,5544.93,5279.5945,10875.0,-7.0964745637,0.302059,0.36882,21.6377,1.3035,1.4785,0.072198,0.668565,-5.622214,191,0.211683,1992.8101,0.083262,0
409,17.4507,5191.39,5219.6049,10464.84,-6.7151044343,0.250581,0.387631,24.6623,1.3485,1.4643,0.068597,0.627532,-0.491699,207,0.220337,2000.6966,0.078257,0
410,17.4933,5673.68,5457.4708,11402.34,-6.8420750111,0.315919,0.389215,22.0839,1.267,1.2488,0.068302,0.662642,-6.377806,166,0.219946,1950.9954,0.074716,0
411,17.536,5553.25,5342.5943,11261.72,-7.2087116886,0.228322,0.36743,19.3429,1.3177,1.4572,0.072471,0.674506,-6.830015,186,0.203968,2051.4212,0.077768,0
412,17.5787,5248.9,5274.8294,10746.09,-6.9945496233,0.22218,0.376911,21.6834,1.3777,1.5916,0.070627,0.65451,-5.620295,163,0.209325,1895.6852,0.076914,0
413,17.6213,5427.56,5299.6471,11027.34,-7.0030539059,0.398051,0.377627,21.2914,1.3618,1.5312,0.07049,0.659549,-3.754527,161,0.217376,1838.6932,0.070443,0
414,17.664,5191.52,5219.6975,10722.66,-6.3350335285,0.226475,0.416284,33.5046,1.2828,1.2168,0.063435,0.588994,-0.026157,181,0.227932,1956.7239,0.064461,0
415,17.7067,5108.16,5154.1183,10406.25,-6.4486364958,0.196232,0.415206,34.5179,1.3624,1.4917,0.063623,0.604891,-2.442985,173,0.209195,1838.5802,0.066414,0
416,17.7493,5354.7,5225.6498,10851.56,-6.5503308105,0.17038,0.412118,29.5462,1.2668,1.1835,0.064163,0.639838,-0.967347,178,0.218407,2046.786,0.067147,0
417,17.792,4986.91,5139.2713,10417.97,-6.2999349812,0.219025,0.419864,37.4891,1.3229,1.3283,0.062815,0.516489,2.324063,173,0.230833,2001.0458,0.061653,0
418,17.8347,5485.47,5345.2257,11203.12,-7.1569583807,0.197269,0.371461,20.7317,1.3177,1.4518,0.071681,0.654901,-0.494454,165,0.220736,2028.8039,0.064827,0
419,17.8773,5290.62,5366.2661,10992.19,-6.4645298632,0.15947,0.401155,29.7932,1.3061,1.2674,0.066115,0.586254,-6.768002,167,0.213251,1980.8753,0.071054,0
420,17.92,5458.8,5326.3972,10921.88,-7.1580351676,0.186401,0.36532,21.8299,1.358,1.5999,0.072888,0.662192,-3.963995,147,0.214834,2000.3316,0.07496,0
421,17.9627,5388.72,5361.2103,11121.09,-7.1351860468,0.151139,0.368262,20.7229,1.323,1.4456,0.072307,0.656667,-1.351129,186,0.211604,2069.2549,0.073129,0
422,18.0053,5368.37,5378.1926,10968.75,-7.5048451059,0.245955,0.344046,17.5285,1.3599,1.6012,0.07723,0.659564,-8.087554,174,0.202352,2077.5752,0.066292,0
423,18.048,5299.15,5308.8018,10910.16,-6.7678787263,0.178621,0.391203,27.3232,1.3097,1.3371,0.067933,0.625435,-3.196052,177,0.205538,1895.9477,0.064461,0
424,18.0907,5306.74,5289.1183,10886.72,-7.0428122226,0.271752,0.375589,22.3904,1.3623,1.5114,0.070881,0.669093,-4.690218,213,0.198656,2003.1907,0.071542,0
425,18.1333,5393.62,5306.5306,10957.03,-6.7780719624,0.196444,0.394705,25.8706,1.2969,1.3645,0.067288,0.627117,-9.191769,197,0.219283,1978.2189,0.075449,0
426,18.176,5345.07,5360.116,11191.41,-6.5921456421,0.240702,0.405294,27.975,1.2627,1.1286,0.065372,0.62474,-4.616648,184,0.209623,1969.7764,0.069344,0
427,18.2187,5431.94,5335.9254,11015.62,-7.0774012627,0.338477,0.373669,21.26,1.3287,1.4681,0.071252,0.649535,-2.358884,162,0.211195,1971.338,0.066659,0
428,18.2613,5394.4,5277.0614,10968.75,-6.7424588347,0.198584,0.393005,26.2003,1.2812,1.2853,0.0676,0.656885,-7.910678,171,0.214253,2016.2663,0.068856,0
429,18.304,5120.8,5250.5498,10664.06,-6.6335771433,0.19536,0.40313,29.3552,1.353,1.4235,0.065759,0.61191,-7.625795,167,0.214731,1957.0774,0.074472,0
430,18.3467,5327.43,5213.4162,11074.22,-6.0449296353,0.196051,0.442436,38.3266,1.2615,1.1565,0.059025,0.596093,-0.515753,187,0.212974,1929.2476,0.078012,0
431,18.3893,5504.88,5321.7358,11238.28,-6.9983591129,0.170572,0.373514,23.1519,1.2698,1.2685,0.071282,0.666753,-2.696616,189,0.217085,2009.171,0.077768,0
432,18.432,5482.16,5383.3881,11109.38,-7.7097683419,0.191589,0.331776,15.3574,1.3693,1.7115,0.079859,0.676123,-3.799608,211,0.21087,1944.8843,0.078745,0
433,18.4747,5279.37,5328.5763,10957.03,-7.0668589646,0.187143,0.372125,21.6431,1.3078,1.366,0.071552,0.637485,-7.572348,187,0.210494,2048.7919,0.071908,0
434,18.5173,5277.86,5251.176,10828.12,-6.3152166719,0.156444,0.421961,34.4945,1.2684,1.1615,0.062455,0.596671,-1.119248,190,0.208917,2018.0395,0.06556,0
435,18.56,5478.2,5457.6081,11355.47,-7.3267244715,0.211415,0.354723,19.9097,1.333,1.4483,0.075018,0.668976,-1.71263,208,0.215703,2109.9407,0.067269,0
436,18.6027,5278.82,5277.1135,10769.53,-6.8328789463,0.179544,0.387661,23.662,1.3238,1.4154,0.068591,0.627936,-9.472735,178,0.209921,1958.9846,0.065071,0
437,18.6453,5345.21,5323.188,11062.5,-6.1009319327,0.176332,0.42971,35.8709,1.251,1.0922,0.061137,0.573678,-6.82529,201,0.22047,2050.1887,0.067147,0
438,18.688,5360.47,5353.3512,11003.91,-6.7676530855,0.284896,0.391249,26.3641,1.3082,1.3582,0.067924,0.628456,-6.247299,181,0.209217,2029.596,0.073129,0
439,18.7307,5102.85,5111.9687,10464.84,-6.2797952262,0.220386,0.421119,37.4846,1.3173,1.4117,0.062599,0.578777,-0.502172,197,0.210652,2073.4594,0.069466,0
440,18.7733,5192.73,5224.9923,10582.03,-6.5933762313,0.250225,0.399001,30.3444,1.3295,1.3931,0.066504,0.608904,-5.85173,194,0.212067,1959.9161,0.064217,0
441,18.816,5267.84,5352.3603,10757.81,-7.2549319092,0.216777,0.355177,20.3835,1.3713,1.6028,0.074926,0.643904,-5.680333,199,0.205598,2063.0209,0.070077,0
442,18.8587,5328.81,5328.1251,11003.91,-6.4792164796,0.197253,0.411758,33.401,1.2888,1.2602,0.064226,0.615031,-1.747116,193,0.213261,1961.3529,0.075327,0
443,18.9013,5320.98,5272.1645,10933.59,-6.3849196849,0.260551,0.42036,33.5028,1.2766,1.2062,0.06273,0.608825,-1.617535,191,0.200016,1976.3856,0.072519,0
444,18.944,5269.07,5277.0508,10746.09,-7.0224226585,0.214507,0.372034,24.9368,1.3244,1.4942,0.07157,0.635327,-4.155271,182,0.206417,2031.1685,0.069222,0
445,18.9867,5462.18,5292.7511,10898.44,-6.5583753291,0.26468,0.40907,29.6494,1.2503,1.2011,0.0647,0.633218,-5.299617,162,0.196555,1976.3783,0.068978,0
446,19.0293,5325.29,5225.0007,10582.03,-6.9694132823,0.242744,0.376957,24.5624,1.3482,1.5657,0.070618,0.631361,-7.62253,160,0.212458,1974.5454,0.067025,0
447,19.072,5013.41,5186.0287,10464.84,-6.6048027448,0.206086,0.398454,30.1707,1.3996,1.6021,0.066604,0.617426,-5.132909,189,0.217739,1998.5068,0.06556,0
448,19.1147,5130.42,5283.049,10734.38,-6.6252875065,0.24934,0.399239,30.7301,1.3338,1.3476,0.066461,0.61001,-6.860602,189,0.218237,2019.648,0.066903,0
449,19.1573,5318.32,5394.2597,11085.94,-7.5286575753,0.429212,0.341005,17.9776,1.3544,1.5545,0.077873,0.658606,-6.554358,175,0.207094,2041.5324,0.071176,0
450,19.2,5271.09,5302.922,10816.41,-6.2845990292,0.324021,0.42082,33.7476,1.289,1.2277,0.062651,0.594303,0.090038,197,0.205137,1975.1655,0.065682,0
451,19.2427,5370.56,5283.0022,11050.78,-6.8278334107,0.314689,0.383252,26.4465,1.3065,1.3737,0.069419,0.629367,-8.192975,182,0.211557,2024.6406,0.065316,0
452,19.2853,5372.46,5295.7442,10828.12,-6.7154217247,0.205309,0.389571,26.5137,1.2994,1.3924,0.068236,0.626486,-2.028184,172,0.21279,2066.7702,0.068246,0
453,19.328,5265.72,5331.3084,10898.44,-6.9505434205,0.168825,0.37686,24.9403,1.3101,1.3884,0.070637,0.624294,-5.200428,175,0.218098,1965.0472,0.062996,0
454,19.3707,5264.09,5242.5957,10746.09,-6.7140555941,0.186583,0.391704,27.2391,1.3082,1.3553,0.06784,0.624636,-2.489189,173,0.220053,1985.7916,0.067147,0
455,19.4133,5370.77,5324.5147,10945.31,-6.8921652363,0.153846,0.378045,21.6186,1.3107,1.3999,0.070409,0.643202,-2.966781,176,0.221335,2050.283,0.068734,0
456,19.456,5365.91,5317.556,11003.91,-6.9125956639,0.230351,0.384341,25.1021,1.3409,1.4926,0.069214,0.652404,-5.083899,182,0.21822,1998.612,0.068001,0
457,19.4987,5379.89,5287.6314,10910.16,-6.59719543,0.201405,0.399239,27.1367,1.3143,1.3696,0.066461,0.635343,-1.52364,200,0.208079,2023.2785,0.072152,0
458,19.5413,5324.89,5255.0101,10792.97,-6.8352516808,0.26251,0.378383,23.2949,1.3346,1.4744,0.070345,0.644007,-1.784269,174,0.208983,2043.9955,0.071054,0
459,19.584,5214.32,5215.6962,10652.34,-6.3650371024,0.259392,0.408285,33.8799,1.32,1.3517,0.064839,0.60104,0.056269,198,0.2243,2106.7816,0.066414,0
460,19.6267,5181.07,5305.4321,10933.59,-6.5493146609,0.230228,0.396935,29.4082,1.3271,1.339,0.06688,0.588295,-7.040339,188,0.22572,2005.6914,0.069711,0
461,19.6693,5365.75,5384.0251,11156.25,-6.9745050209,0.333334,0.370416,22.4666,1.321,1.3754,0.071885,0.632086,-4.006429,185,0.210983,1989.2514,0.073862,0
462,19.712,5295.36,5188.0754,10664.06,-7.151880239,0.242672,0.369828,22.5518,1.3655,1.6792,0.072,0.659256,-5.11813,185,0.227689,2055.1664,0.073251,0
463,19.7547,5248.93,5290.371,10746.09,-6.8649064728,0.227556,0.385251,25.562,1.3583,1.5176,0.069043,0.641583,-1.027879,198,0.214164,1984.8776,0.072885,0
464,19.7973,5336.34,5289.2731,11039.06,-6.8934589027,0.238564,0.384127,24.5574,1.3286,1.3999,0.069254,0.652137,-1.406245,170,0.20783,2021.5668,0.073495,0
465,19.84,5430.38,5362.1202,11191.41,-7.2810552934,0.215201,0.35885,19.4269,1.3362,1.4857,0.074181,0.667335,-4.573872,183,0.210696,2086.9213,0.069711,0
466,19.8827,5326.41,5281.5929,10839.84,-6.8370345297,0.280683,0.384513,24.9969,1.3378,1.462,0.069182,0.644147,-2.012553,202,0.213237,1979.1814,0.071542,0
467,19.9253,5421.83,5275.4904,10828.12,-6.9698362582,0.231911,0.374455,22.7769,1.3647,1.6113,0.0711,0.663056,-2.006326,182,0.21351,2068.8017,0.077768,0
468,19.968,5425.91,5298.6013,11039.06,-7.1623267537,0.244092,0.367638,20.1105,1.3308,1.464,0.07243,0.674182,-4.682171,205,0.212776,2034.0242,0.080088,0
469,20.0107,5428.8,5307.7227,11097.66,-6.3919623852,0.313485,0.416859,32.0073,1.2396,1.1347,0.063335,0.600034,-6.214619,179,0.206465,2008.5554,0.074594,0
470,20.0533,5510.53,5379.4622,11156.25,-7.2119265311,0.22902,0.360472,19.3811,1.3377,1.5402,0.073855,0.668943,-3.711743,183,0.211398,2083.3213,0.070932,0
471,20.096,5599.05,5327.8009,11050.78,-7.4763155896,0.216638,0.338872,16.5196,1.3347,1.6597,0.078327,0.684944,-5.447933,176,0.206437,2290.5679,0.074838,0
472,20.1387,5396.84,5301.2254,11050.78,-7.0673941035,0.216635,0.362136,22.0484,1.3391,1.5225,0.073521,0.64541,-7.506914,173,0.217016,2147.039,0.073739,0
473,20.1813,5401.71,5363.6323,10957.03,-7.4026970597,0.206611,0.347222,17.7312,1.3656,1.6349,0.076565,0.662451,-5.323719,175,0.220597,2134.1856,0.073007,0
474,20.224,5392.87,5325.3166,10992.19,-6.9977215202,0.193258,0.37214,22.7308,1.3444,1.5093,0.071549,0.650857,-5.114704,161,0.207304,2109.1476,0.075571,0
475,20.2667,5362.5,5332.3547,10863.28,-7.1999930203,0.285818,0.359633,19.7735,1.3919,1.6653,0.074023,0.659142,-3.854522,198,0.214925,1972.9359,0.071664,0
476,20.3093,5390.23,5217.4026,10980.47,-6.4405409012,0.255878,0.417507,29.9526,1.2976,1.321,0.063223,0.632009,-1.014128,178,0.208051,1875.9492,0.069589,0
477,20.352,5357.23,5294.0554,11039.06,-6.364086695,0.270555,0.419588,32.5974,1.2606,1.1661,0.062863,0.604558,-1.301325,163,0.204546,1850.7754,0.069466,0
478,20.3947,5180.43,5212.3668,10746.09,-6.6096064413,0.18306,0.401787,30.6413,1.3119,1.3512,0.066001,0.620355,-9.091146,148,0.205324,2088.2507,0.070443,0
479,20.4373,5448.1,5239.8885,10839.84,-7.4459871017,0.215771,0.346494,18.4496,1.3508,1.6984,0.076717,0.672798,-4.384134,164,0.222472,2000.1871,0.07203,0
480,20.48,5228.23,5274.7304,10875.0,-6.521072911,0.154401,0.405304,32.031,1.2978,1.2662,0.06537,0.598092,-4.668884,180,0.216256,2018.8415,0.072519,0
481,20.5227,5616.11,5440.3141,11343.75,-7.169634346,0.170623,0.366161,18.7298,1.3148,1.4526,0.072721,0.667445,-1.943704,171,0.215929,2072.3815,0.075204,0
482,20.5653,5233.56,5332.9291,10851.56,-6.8592559379,0.175884,0.385036,24.5656,1.3257,1.3746,0.069083,0.620988,-3.937737,179,0.217289,2012.0889,0.069589,0
483,20.608,5283.56,5270.1167,11085.94,-6.567759117,0.19661,0.410836,30.0159,1.2962,1.2674,0.064389,0.618178,-10.243567,168,0.207617,1957.3539,0.067513,0
484,20.6507,5349.29,5383.0739,11132.81,-7.1893401339,0.217573,0.366189,21.3978,1.3398,1.4311,0.072716,0.645417,-3.038161,179,0.219591,2004.8557,0.075327,0
485,20.6933,5638.12,5402.9262,11191.41,-7.4327162522,0.385749,0.354864,17.8819,1.3231,1.5307,0.07499,0.689975,-5.511321,170,0.221987,1992.9652,0.074228,0
486,20.736,5308.36,5283.8468,10781.25,-6.5706879805,0.288677,0.400548,27.0939,1.3151,1.3728,0.066224,0.62522,-0.825976,180,0.213578,1967.8938,0.072152,0
487,20.7787,5356.46,5243.0956,10757.81,-7.0475882569,0.284063,0.373822,21.9919,1.3361,1.5199,0.071222,0.662559,-2.506383,182,0.218656,2058.3532,0.073984,0
488,20.8213,5422.67,5353.6061,11167.97,-7.2121274941,0.226926,0.362417,20.4416,1.3059,1.4087,0.073465,0.661466,-2.207105,196,0.205645,1972.8548,0.073984,0
489,20.864,5552.77,5464.2054,11402.34,-7.4967126224,0.21116,0.348346,17.9577,1.2964,1.3828,0.076332,0.670961,-4.562066,170,0.200536,2132.0699,0.074838,0
490,20.9067,5498.49,5338.0481,11226.56,-6.7584039244,0.271198,0.395163,25.3489,1.2499,1.1764,0.067204,0.666687,-3.395461,176,0.20121,2029.1651,0.076059,0
491,20.9493,5633.53,5472.0591,11414.06,-7.9291662459,0.282041,0.316594,13.6613,1.3931,1.7808,0.08325,0.696697,-5.381821,179,0.210588,2157.5595,0.07496,0
492,20.992,5169.06,5231.6475,10734.38,-6.9870970664,0.339013,0.37643,23.0421,1.3654,1.5376,0.070719,0.640699,-3.993258,175,0.21746,2035.9801,0.068368,0
493,21.0347,5028.59,5271.7676,10652.34,-6.8828109542,0.207411,0.377726,25.4285,1.3852,1.5491,0.070471,0.632189,-4.987704,176,0.212285,2031.526,0.06617,0
494,21.0773,5556.68,5333.8467,11062.5,-7.2280986171,0.246386,0.366129,21.2546,1.3502,1.6171,0.072728,0.673136,-5.14996,189,0.21006,2146.0033,0.070199,0
495,21.12,5376.1,5381.0137,10945.31,-7.2358653928,0.116121,0.366259,20.8161,1.3447,1.5664,0.072702,0.644051,-2.790752,178,0.208079,2132.7054,0.073129,0
496,21.1627,5435.42,5290.9654,10804.69,-6.623407104,0.248174,0.403157,26.579,1.2766,1.2917,0.065754,0.647196,-2.139603,179,0.218318,1967.5963,0.074838,0
497,21.2053,5486.36,5225.8756,10863.28,-7.128147507,0.308937,0.377301,21.68,1.3083,1.4827,0.070552,0.674187,-7.240634,145,0.20865,1993.8383,0.07667,0
498,21.248,5302.82,5290.4059,10933.59,-6.5846643896,0.199754,0.406434,28.7229,1.2954,1.2626,0.065168,0.619021,-7.972565,174,0.214849,1968.5678,0.070077,0
499,21.2907,5285.12,5302.9051,10640.62,-7.1227715128,0.209141,0.360587,21.1463,1.3815,1.662,0.073832,0.650411,-3.282277,197,0.212635,2075.3668,0.067635,0
500,21.3333,5254.17,5257.877,10593.75,-7.2300686454,0.238524,0.355631,19.6149,1.3949,1.7159,0.074833,0.661397,-6.584734,180,0.212486,1950.9428,0.067757,0
501,21.376,5182.98,5199.5662,10605.47,-6.5268677573,0.197107,0.407147,31.9553,1.2985,1.3374,0.065041,0.600078,-2.40144,165,0.219462,1933.4599,0.068001,0
502,21.4187,5335.79,5250.3582,10804.69,-6.2846625798,0.151045,0.419523,35.2984,1.249,1.1725,0.062874,0.575603,-1.945077,194,0.223381,1898.4124,0.068001,0
503,21.4613,5215.86,5269.776,10769.53,-6.2772330917,0.21787,0.426146,35.8484,1.3142,1.3042,0.06174,0.591468,-0.458157,171,0.223822,2037.3608,0.066414,0
504,21.504,5228.66,5266.6233,10582.03,-7.0655038307,0.147229,0.369936,23.0512,1.352,1.5343,0.071979,0.63555,-4.148206,174,0.21506,1981.3624,0.072641,0
505,21.5467,5307.98,5240.3227,10851.56,-6.6776325099,0.199198,0.39984,28.3599,1.3108,1.3873,0.066352,0.629771,-1.205248,188,0.207871,2031.9528,0.071664,0
506,21.5893,5289.37,5245.9046,10910.16,-6.4687090862,0.19787,0.409667,29.848,1.2882,1.2792,0.064595,0.615484,-7.117462,166,0.221857,1975.3272,0.067513,0
507,21.632,5208.78,5272.8558,10757.81,-6.7775997912,0.20002,0.387539,25.157,1.3423,1.4615,0.068614,0.629043,-5.843216,177,0.219717,2054.0726,0.065316,0
508,21.6747,5461.44,5357.8807,11109.38,-7.3767067393,0.17512,0.354033,18.0357,1.3301,1.4811,0.075159,0.675389,-5.329651,204,0.217702,2047.23,0.072397,0
509,21.7173,5534.97,5401.0042,11367.19,-7.4997320942,0.204259,0.344135,16.8434,1.3031,1.448,0.077212,0.667784,-6.62651,184,0.214993,2112.4885,0.079722,0
510,21.76,5758.81,5370.9421,11320.31,-7.7113682972,0.132614,0.328739,14.6119,1.294,1.5579,0.080525,0.701062,-5.562564,205,0.211575,2141.3711,0.083384,0
511,21.8027,5452.82,5292.7685,11121.09,-7.5157925243,0.197581,0.348804,16.5591,1.3324,1.5454,0.076237,0.683647,-4.826418,189,0.214129,2083.1556,0.085582,0
512,21.8453,5252.01,5239.0959,10863.28,-6.5083837602,0.237733,0.409646,31.9355,1.3042,1.3099,0.064598,0.606679,-0.698628,187,0.224529,1973.7561,0.072763,0
513,21.888,5423.14,5277.8981,11003.91,-6.729736451,0.167196,0.398522,25.6567,1.337,1.4687,0.066591,0.659624,-4.119899,191,0.21314,2034.9805,0.064217,0
514,21.9307,5305.42,5289.7148,11097.66,-6.2056597876,0.276401,0.420894,35.2484,1.2549,1.1337,0.062638,0.588649,-2.518611,194,0.206528,2055.597,0.065071,0
515,21.9733,5478.42,5354.3058,11191.41,-6.7704397784,0.277554,0.392,24.8086,1.2856,1.2729,0.067786,0.64777,-5.624329,160,0.225704,2022.6392,0.072885,0
516,22.016,5372.27,5299.5018,10968.75,-6.8820097718,0.196046,0.378541,23.424,1.3311,1.4765,0.070315,0.640331,-2.5185,197,0.224314,2076.2097,0.073007,0
517,22.0587,5409.47,5355.6126,11039.06,-6.8347697155,0.151172,0.38367,24.6082,1.3306,1.4443,0.06934,0.645467,-7.392214,191,0.221608,2069.5595,0.071664,0
518,22.1013,5379.98,5341.6225,11074.22,-7.3325688886,0.163396,0.351295,18.657,1.3485,1.5384,0.075721,0.665581,-4.910861,175,0.224814,2003.4218,0.073739,0
519,22.144,5368.15,5322.316,10886.72,-6.7996978411,0.325987,0.377793,23.0302,1.3022,1.3457,0.070458,0.62588,-3.073489,176,0.223198,1951.2127,0.0691,0
520,22.1867,5223.47,5286.5911,10816.41,-6.700065017,0.238981,0.398531,27.6776,1.3563,1.4166,0.06659,0.630584,-3.94975,184,0.214111,1948.268,0.073007,0
521,22.2293,5540.61,5334.8065,11015.62,-7.3551350349,0.195974,0.359151,18.9842,1.3357,1.5954,0.074121,0.682356,-6.094918,158,0.201001,2105.5762,0.078623,0
522,22.272,5626.66,5356.7599,11226.56,-7.2451963217,0.261913,0.356196,19.9951,1.304,1.457,0.074718,0.681735,-2.152571,164,0.207627,2088.5673,0.078745,0
523,22.3147,5498.74,5326.1451,11050.78,-7.3336050405,0.256348,0.348526,18.6314,1.3457,1.5993,0.076294,0.682741,-6.045398,187,0.219713,2028.1335,0.07142,0
524,22.3573,5224.0,5250.2923,10863.28,-6.6558760968,0.160255,0.389707,28.3835,1.3219,1.3585,0.06821,0.616312,-1.296465,199,0.220932,2013.1482,0.066414,0
525,22.4,5293.87,5221.5549,10699.22,-6.9082210374,0.164684,0.378934,25.3927,1.3495,1.5817,0.070239,0.645682,-2.572266,193,0.216925,1952.9944,0.070077,0
526,22.4427,5196.95,5233.5062,10699.22,-6.6148915446,0.206866,0.395329,28.0844,1.2961,1.2687,0.067174,0.614463,-6.63703,190,0.219515,1944.7628,0.070687,0
527,22.4853,5301.4,5370.5299,10957.03,-7.1848960368,0.218448,0.360297,21.4457,1.3538,1.5104,0.07389,0.644838,-4.683571,177,0.214249,2000.5616,0.075204,0
528,22.528,5405.21,5347.3204,11015.62,-6.8052547567,0.307967,0.385646,25.3784,1.2809,1.286,0.068969,0.629986,-4.071059,198,0.200625,2065.492,0.0796,0
529,22.5707,5502.82,5416.6003,11226.56,-6.9877208509,0.189822,0.375427,22.1534,1.2702,1.2777,0.070912,0.637025,-4.945152,165,0.20908,1907.4855,0.075571,0
530,22.6133,5349.19,5334.0056,11015.62,-6.8045791585,0.195868,0.383645,24.9555,1.3011,1.2877,0.069345,0.632352,-5.452603,167,0.205337,2087.5458,0.072885,0
531,22.656,5447.6,5294.7278,11121.09,-6.7248841563,0.239704,0.399465,27.4631,1.2691,1.2827,0.06642,0.643244,-7.039915,149,0.217778,2007.6942,0.075571,0
532,22.6987,5255.83,5314.3198,10757.81,-6.7565738975,0.299458,0.391479,25.5059,1.3703,1.509,0.067882,0.652212,-2.136478,163,0.209013,1971.8429,0.073739,0
533,22.7413,5612.8,5353.2759,11343.75,-7.0512925366,0.309485,0.379207,20.8013,1.2959,1.4004,0.070187,0.669844,-2.439281,179,0.209482,1911.3854,0.076303,0
534,22.784,5351.05,5253.8938,10839.84,-6.7815877943,0.277708,0.392362,25.621,1.3117,1.3833,0.067719,0.64981,-3.06122,184,0.212684,1974.2401,0.077646,0
535,22.8267,5362.65,5333.2857,11109.38,-6.9461521709,0.239555,0.380208,23.1103,1.3088,1.3562,0.069997,0.643134,-3.943622,158,0.212957,1912.7913,0.075082,0
536,22.8693,5541.71,5339.9067,11121.09,-7.033413971,0.209758,0.380879,22.7149,1.2948,1.4026,0.069869,0.665321,-6.476758,187,0.20048,2026.5266,0.077768,0
537,22.912,5433.02,5237.1114,10828.12,-6.7333403239,0.181343,0.392063,25.8984,1.2901,1.3836,0.067774,0.636954,-0.566911,185,0.205163,1964.9904,0.078989,0
538,22.9547,5407.37,5381.9415,11144.53,-7.4279170032,0.13625,0.351579,18.5025,1.3484,1.5488,0.075663,0.672084,-5.401402,178,0.216076,2044.5011,0.076303,0
539,22.9973,5545.3,5376.784,11191.41,-6.9736628472,0.175745,0.37383,22.4943,1.285,1.3563,0.071221,0.653376,-3.787562,172,0.201581,2053.5153,0.070077,0
540,23.04,5323.5,5230.4189,10734.38,-6.8691664355,0.198892,0.387859,25.5047,1.3368,1.5104,0.068554,0.634364,-0.723035,168,0.20004,1990.8345,0.074716,0
541,23.0827,5175.34,5316.1634,10628.91,-6.980226791,0.284094,0.374972,24.6681,1.3944,1.5804,0.071,0.642945,-5.747139,186,0.206099,2013.9671,0.073739,0
542,23.1253,5380.46,5243.9387,10957.03,-6.2813113925,0.230098,0.432907,34.5737,1.2752,1.2195,0.060601,0.606183,-1.667496,180,0.217227,1725.4528,0.065804,0
543,23.168,5344.55,5218.4748,10640.62,-7.4054963246,0.180994,0.353599,19.4802,1.403,1.8365,0.075248,0.674346,-5.002252,190,0.21334,2107.298,0.071176,0
544,23.2107,5655.7,5341.7946,11191.41,-7.3062882658,0.374626,0.362658,18.288,1.3099,1.4783,0.073417,0.693477,-5.252311,186,0.212639,2050.1332,0.079966,0
545,23.2533,5496.35,5232.2896,11062.5,-6.0936190028,0.260505,0.447466,36.8896,1.2346,1.0713,0.058207,0.612668,0.661619,178,0.21189,1911.4981,0.076303,0
546,23.296,5465.41,5295.4807,10968.75,-6.7282902547,0.16438,0.395325,24.844,1.2813,1.2606,0.067174,0.641535,0.026057,171,0.203507,1880.0642,0.070932,0
547,23.3387,5325.59,5277.3858,10933.59,-5.9612686034,0.195086,0.451477,42.0759,1.2476,1.0634,0.057561,0.542388,2.342848,195,0.208211,2058.6935,0.068612,0
548,23.3813,5468.47,5346.5074,11144.53,-7.3421501923,0.233911,0.360324,19.7026,1.3618,1.5982,0.073884,0.677191,-4.097197,168,0.20936,2012.8436,0.07435,0
549,23.424,5388.38,5319.6151,10910.16,-6.6296302792,0.142366,0.400094,26.8585,1.2801,1.249,0.066306,0.6301,-4.388257,176,0.220681,2052.3227,0.067513,0
550,23.4667,5228.45,5279.8173,10910.16,-6.6787798831,0.186366,0.397033,28.7057,1.3009,1.2928,0.066862,0.591534,-5.12881,173,0.209475,1907.053,0.066536,0
551,23.5093,5518.19,5388.3501,11296.88,-7.3328896411,0.231491,0.355114,18.8786,1.3218,1.4732,0.074939,0.671355,-3.37235,190,0.221937,2011.6606,0.080698,0
552,23.552,5631.11,5325.9907,11191.41,-6.7796458424,0.286629,0.385569,24.0576,1.281,1.3628,0.068983,0.644582,-5.320843,175,0.216929,2004.7781,0.07728,0
553,23.5947,5230.39,5256.8286,10640.62,-7.1319677863,0.230811,0.359131,20.2286,1.3851,1.676,0.074125,0.647859,-4.36339,178,0.209474,2047.8013,0.075571,0
554,23.6373,5340.3,5330.6961,10863.28,-7.4845679666,0.234768,0.340042,18.178,1.3925,1.7238,0.078078,0.663882,-3.344247,204,0.221742,2103.4439,0.071664,0
555,23.68,5100.69,5227.1579,10617.19,-6.555730089,0.119191,0.396989,29.6384,1.3438,1.4432,0.06687,0.600383,-1.908562,170,0.226374,2006.7513,0.065926,0
556,23.7227,5304.42,5223.8758,10851.56,-6.6209899659,0.212668,0.404504,28.9963,1.3079,1.3803,0.065513,0.635761,-2.610462,195,0.206832,1982.6508,0.066292,0
557,23.7653,5329.32,5282.0215,11027.34,-6.3576613654,0.267041,0.417304,32.9918,1.2901,1.2302,0.063258,0.615291,-1.437116,184,0.204027,1962.5795,0.064949,0
558,23.808,5425.53,5286.7556,10980.47,-6.5577625159,0.225161,0.409316,28.0425,1.2931,1.2886,0.064657,0.639797,-3.194863,184,0.201642,1951.1994,0.069344,0
559,23.8507,5523.45,5431.6522,11273.44,-6.9294447701,0.136152,0.384833,22.1797,1.2869,1.3088,0.069121,0.648318,-0.159032,191,0.220068,2049.9213,0.07435,0
560,23.8933,5279.31,5301.5479,10746.09,-6.6898158025,0.250888,0.392123,26.9893,1.3208,1.366,0.067763,0.625019,-1.160501,156,0.205415,2063.4534,0.067025,0
561,23.936,5264.44,5240.4976,10839.84,-6.9240013817,0.276918,0.375042,24.399,1.3853,1.6219,0.070987,0.635975,-2.409069,190,0.217321,2067.0994,0.063606,0
562,23.9787,5476.33,5324.0075,11191.41,-6.5793167275,0.240637,0.402163,26.6866,1.2871,1.3033,0.065933,0.645271,-1.072115,181,0.207359,2131.5472,0.073495,0
563,24.0213,5517.14,5341.6473,11191.41,-7.4054833627,0.28152,0.35178,17.8802,1.3459,1.5634,0.075622,0.679267,-3.999258,187,0.205065,2066.7767,0.079111,0
564,24.064,5375.76,5321.162,11039.06,-6.7129464763,0.127088,0.391469,25.8877,1.286,1.2793,0.067884,0.624038,-1.248632,198,0.217233,2044.2644,0.073984,0
565,24.1067,5382.42,5289.2595,10898.44,-6.8675552334,0.262483,0.379197,24.2631,1.3384,1.4401,0.070189,0.652794,-4.395174,196,0.213355,1988.5781,0.072397,0
566,24.1493,5395.07,5287.1092,10804.69,-7.019856634,0.284878,0.377331,21.8118,1.3459,1.5134,0.070546,0.660082,-1.162331,196,0.204993,1966.0365,0.074594,0
567,24.192,5371.26,5317.8684,10804.69,-7.2850052275,0.21493,0.356166,19.4118,1.361,1.614,0.074725,0.668184,-7.046713,180,0.218779,1962.4216,0.070932,0
568,24.2347,5533.82,5339.2607,11285.16,-6.5535603763,0.159939,0.413862,26.9645,1.246,1.1312,0.063857,0.652528,-2.748661,181,0.212225,1966.5912,0.07142,0
569,24.2773,5459.69,5283.2197,11085.94,-6.8484895222,0.301595,0.388416,24.1396,1.2951,1.408,0.068451,0.653437,-4.205878,176,0.205964,2023.8898,0.075815,0
570,24.32,5346.35,5255.5658,10910.16,-7.5530809543,0.273283,0.341631,17.7254,1.3894,1.7403,0.077741,0.680691,-6.084722,175,0.222851,2144.9857,0.077402,0
571,24.3627,5347.54,5200.3968,10851.56,-6.6877871649,0.292151,0.403068,27.9461,1.335,1.4829,0.06577,0.65446,-3.051018,197,0.196927,2079.5047,0.075693,0
572,24.4053,5342.59,5332.0488,10957.03,-7.2185808403,0.234471,0.360361,20.9784,1.3518,1.5474,0.073877,0.657219,-3.680931,170,0.207183,2073.4539,0.0691,0
573,24.448,5383.67,5423.1148,11050.78,-7.3614382875,0.230639,0.353939,17.8245,1.3309,1.4592,0.075179,0.656309,-7.353541,198,0.214625,2100.3135,0.069466,0
574,24.4907,5305.49,5334.1406,10898.44,-6.5623693466,0.207727,0.404309,29.0224,1.323,1.3615,0.065548,0.618806,-6.554329,177,0.214666,1885.7961,0.066536,0
575,24.5333,5290.42,5310.5708,10886.72,-6.6353958728,0.165546,0.39387,27.0917,1.3215,1.372,0.067441,0.617489,-0.775001,172,0.210277,1933.7762,0.066536,0
576,24.576,5427.45,5334.9458,11097.66,-7.3126717627,0.142597,0.350466,18.1663,1.3652,1.6145,0.075892,0.666176,-2.522815,165,0.217396,2008.5358,0.069589,0
577,24.6187,5125.97,5171.8691,10828.12,-5.9599340088,0.274196,0.448166,42.7767,1.256,1.0544,0.058093,0.538026,0.715345,180,0.222934,1882.3375,0.056648,0
578,24.6613,5079.64,5210.9332,10769.53,-6.0061000311,0.19768,0.436961,44.055,1.3032,1.2221,0.059926,0.530603,-7.003495,186,0.206942,2060.3322,0.060554,0
579,24.704,5508.36,5358.7543,11109.38,-7.2747782173,0.223276,0.360074,19.5885,1.3233,1.5138,0.073935,0.673079,-4.999406,196,0.217999,2052.8736,0.07667,0
580,24.7467,5625.91,5385.2732,11343.75,-7.0360387639,0.269398,0.377583,21.023,1.2802,1.3338,0.070498,0.661627,-5.243146,194,0.204508,2024.587,0.080088,0
581,24.7893,5221.43,5228.1049,10734.38,-6.8024969791,0.231363,0.388703,26.8962,1.3348,1.4428,0.068397,0.628063,-1.502131,176,0.216817,1952.3677,0.072274,0
582,24.832,5467.04,5412.4361,11449.22,-7.2044361385,0.175706,0.366639,20.3187,1.2865,1.3525,0.072627,0.657067,-6.066415,154,0.209417,1897.3957,0.072274,0
583,24.8747,5556.84,5394.6683,11191.41,-7.7636100552,0.20871,0.329321,15.3011,1.3638,1.678,0.080397,0.692359,-6.362999,178,0.201595,2000.8596,0.080088,0
584,24.9173,5253.14,5305.302,10828.12,-6.8633446207,0.189165,0.382164,24.6888,1.3315,1.4278,0.069625,0.632356,-7.425611,175,0.213507,2037.2089,0.07667,0
585,24.96,5065.55,5228.5903,10523.44,-6.5612797405,0.179002,0.404425,31.3242,1.351,1.4127,0.065527,0.591851,-4.728445,190,0.215741,1989.3448,0.073129,0
586,25.0027,5448.84,5356.072,11074.22,-7.2033175685,0.204421,0.363707,20.6755,1.3422,1.516,0.073208,0.670614,-1.554196,201,0.22134,2052.3362,0.072274,0
587,25.0453,5482.5,5360.6532,11214.84,-7.3114791319,0.247345,0.358027,18.283,1.3374,1.5067,0.074347,0.678081,-3.929864,164,0.206818,2049.3339,0.06849,0
588,25.088,5243.87,5250.6105,10769.53,-6.3370302728,0.185233,0.425805,33.9578,1.3112,1.339,0.061798,0.585108,-7.123744,169,0.215168,1926.5083,0.067391,0
589,25.1307,5215.45,5162.9994,10464.84,-6.2360215775,0.255836,0.422521,38.6,1.3336,1.4655,0.062359,0.589808,-0.013855,174,0.215662,1999.1462,0.068734,0
590,25.1733,5270.86,5235.7384,10570.31,-7.0534851484,0.187927,0.367211,23.0829,1.3685,1.6814,0.072514,0.640315,-2.531798,182,0.218738,2147.2854,0.072519,0
591,25.216,5465.89,5340.0212,11097.66,-7.2062068926,0.230364,0.367694,20.5687,1.306,1.4582,0.072419,0.659103,-9.28238,165,0.205536,1977.5328,0.073617,0
592,25.2587,5382.35,5272.8319,10828.12,-7.4720426782,0.24676,0.350994,19.2381,1.3634,1.6966,0.075783,0.671399,-6.113392,164,0.202827,2078.4118,0.078257,0
593,25.3013,5779.46,5489.6332,11660.16,-7.327542315,0.169399,0.357453,17.7567,1.261,1.2914,0.074464,0.684125,-5.676773,178,0.210486,1979.8869,0.083995,0
594,25.344,5531.51,5409.509,11425.78,-7.7337388119,0.257971,0.331902,15.3603,1.3586,1.6181,0.079832,0.683937,-4.510482,187,0.204709,2140.1205,0.079844,0
595,25.3867,5296.99,5234.5336,10722.66,-6.620051631,0.191814,0.403848,29.3823,1.3155,1.3938,0.06563,0.61559,-1.154477,169,0.209322,2083.0035,0.072519,0
596,25.4293,5452.64,5251.5983,10875.0,-7.0100534223,0.2508,0.374916,21.5989,1.3355,1.5351,0.071011,0.656692,-4.907243,170,0.211743,1928.2279,0.068856,0
597,25.472,5340.06,5241.7393,10792.97,-6.5930494212,0.20656,0.402821,29.2258,1.3193,1.4182,0.065815,0.636914,-0.488773,199,0.219491,2081.2882,0.070077,0
598,25.5147,5357.61,5361.6021,10992.19,-6.7044925661,0.129559,0.389003,25.4695,1.3069,1.3452,0.068341,0.626858,-6.073962,201,0.21811,2125.8342,0.071298,0
599,25.5573,5292.79,5227.7351,10640.62,-6.6830151559,0.227164,0.394246,28.228,1.3416,1.5145,0.067372,0.634342,-3.564279,166,0.221688,2001.3225,0.068124,0
600,25.6,5261.24,5188.2326,10523.44,-6.1056292306,0.229895,0.430971,39.7284,1.2965,1.3401,0.060925,0.571037,1.949435,178,0.221391,2154.5753,0.066903,0
601,25.6427,5595.24,5393.6336,11296.88,-7.3108133058,0.20797,0.361518,19.1309,1.3279,1.5182,0.073645,0.683394,-3.824109,173,0.208919,2068.8785,0.075815,0
602,25.6853,5534.93,5407.3464,11226.56,-7.0919713593,0.19361,0.370375,21.8249,1.3257,1.4939,0.071893,0.66674,-4.130819,168,0.206892,1989.6775,0.080576,0
603,25.728,5280.56,5241.7672,10816.41,-6.7356420523,0.19523,0.390627,24.4605,1.3088,1.3367,0.06804,0.624339,-2.145849,180,0.217303,1945.7516,0.073984,0
604,25.7707,5226.7,5237.5057,10792.97,-6.5727423479,0.212431,0.400759,30.1266,1.318,1.3445,0.066186,0.612289,0.28116,178,0.20897,1836.1756,0.064827,0
605,25.8133,5221.46,5151.8453,10628.91,-5.6936029494,0.24126,0.458541,49.8137,1.2539,1.1181,0.056437,0.502836,1.656706,179,0.212529,2073.4838,0.060921,0
606,25.856,5287.33,5269.0874,10839.84,-7.2646456582,0.278886,0.357702,20.237,1.3574,1.574,0.074413,0.658707,-4.399444,181,0.225241,2079.0811,0.068124,0
607,25.8987,5602.14,5372.5196,11390.62,-7.2412189923,0.224641,0.35629,18.6809,1.3038,1.4325,0.074699,0.679815,-5.626404,173,0.224582,2135.3696,0.077402,0
608,25.9413,5328.62,5365.226,11027.34,-7.2505361435,0.218036,0.361116,19.7785,1.3438,1.5032,0.073726,0.646803,-3.366172,183,0.213187,2013.0091,0.074228,0
609,25.984,5163.86,5319.657,10851.56,-6.7170627287,0.231002,0.387471,27.38,1.3174,1.3382,0.068627,0.595914,-2.484578,194,0.21587,2003.1244,0.065071,0
610,26.0267,5322.58,5228.018,10687.5,-7.0740277267,0.185792,0.378312,23.3936,1.3435,1.5548,0.070358,0.663655,-3.352296,178,0.220808,2009.876,0.066781,0
611,26.0693,5355.78,5326.3429,10886.72,-6.9261380022,0.274343,0.378517,24.1239,1.3463,1.4924,0.070319,0.632579,-5.585725,193,0.213151,2024.1314,0.070565,0
612,26.112,5544.58,5444.395,11378.91,-7.2490398604,0.214883,0.359288,19.4361,1.3102,1.3906,0.074093,0.670731,-5.37358,190,0.205321,2154.0648,0.07203,0
613,26.1547,5463.08,5416.9455,11156.25,-7.2414532084,0.184442,0.358434,20.0172,1.3021,1.3973,0.074265,0.642803,-2.057435,182,0.206491,1953.7368,0.068124,0
614,26.1973,5211.56,5306.5938,10628.91,-6.5795167492,0.171393,0.399683,28.5253,1.3105,1.3359,0.066381,0.602286,-5.973383,170,0.208195,1989.5847,0.063118,0
615,26.24,5139.34,5250.0061,10722.66,-6.3881860712,0.269473,0.407615,31.4229,1.306,1.2772,0.064958,0.570739,-2.813365,189,0.201553,1941.4984,0.063973,0
616,26.2827,5293.96,5280.5293,11156.25,-6.3559619018,0.275233,0.418314,31.525,1.2835,1.1777,0.063083,0.620853,-1.9242,176,0.22233,1893.2331,0.062752,0
617,26.3253,5185.46,5226.5341,10722.66,-7.005358464,0.231094,0.373498,24.9835,1.3531,1.5179,0.071285,0.640676,-5.221091,168,0.211072,1978.3844,0.072152,0
618,26.368,5491.83,5268.8433,10875.0,-6.6718764186,0.136651,0.399154,27.1368,1.2848,1.3662,0.066477,0.649669,-3.073546,174,0.204363,2004.2705,0.076792,0
619,26.4107,5240.65,5269.893,10781.25,-6.6832594302,0.184679,0.39008,27.4017,1.3198,1.4016,0.068141,0.622695,-5.48709,186,0.21357,2040.7753,0.066781,0
620,26.4533,5304.14,5193.8486,10757.81,-6.4582491801,0.233591,0.407645,31.024,1.3251,1.416,0.064953,0.622129,-2.064188,185,0.217598,1915.4375,0.070321,0
621,26.496,5403.24,5290.7724,10839.84,-7.0941672123,0.194532,0.372651,21.7063,1.3277,1.4827,0.07145,0.650727,-5.190758,160,0.212566,1979.1486,0.077036,0
622,26.5387,5477.1,5310.1461,11121.09,-6.7945087709,0.233678,0.392478,24.615,1.2838,1.2831,0.067697,0.665407,-2.783926,174,0.212823,2014.2304,0.078501,0
623,26.5813,5488.75,5327.7939,11191.41,-6.7845537042,0.219467,0.385568,23.6376,1.2908,1.3186,0.068983,0.654331,-2.969204,180,0.211402,1990.8551,0.077036,0
624,26.624,5186.5,5213.3142,10593.75,-6.4313874559,0.225205,0.409793,32.4777,1.2974,1.2818,0.064573,0.60643,-2.681011,188,0.203665,1996.8325,0.074106,0
625,26.6667,5633.06,5328.3687,11214.84,-6.8062140885,0.233086,0.395552,24.9288,1.2725,1.3203,0.067133,0.671591,-4.724594,157,0.210009,1969.6525,0.075204,0
626,26.7093,5328.66,5325.9335,10910.16,-7.0732393793,0.223259,0.367853,21.1435,1.3459,1.4663,0.072388,0.660397,-5.549621,174,0.211931,2030.9434,0.070321,0
627,26.752,5306.06,5265.0865,10886.72,-6.669429222,0.254531,0.394584,29.5292,1.3101,1.3813,0.06731,0.61403,-0.074816,177,0.214185,2069.1971,0.069222,0
628,26.7947,5427.25,5330.8996,11074.22,-6.7176368095,0.19484,0.399075,25.7812,1.2921,1.3027,0.066491,0.6348,-2.317154,196,0.206917,2009.4251,0.066781,0
629,26.8373,5363.34,5236.9584,10828.12,-6.5868314043,0.225705,0.410502,28.6132,1.2812,1.3009,0.064447,0.60969,0.262573,174,0.21273,1955.4829,0.06263,0
630,26.88,5279.14,5242.1633,10898.44,-6.4191717189,0.305895,0.417192,31.2285,1.2989,1.2873,0.063277,0.596955,-2.923417,178,0.212393,2004.6685,0.066659,0
631,26.9227,5484.29,5373.2621,11226.56,-7.3271954391,0.225562,0.360992,18.8272,1.3584,1.583,0.07375,0.684038,-2.609936,193,0.217549,1962.236,0.071908,0
632,26.9653,5290.92,5215.5605,10792.97,-6.620004593,0.285549,0.40595,28.2791,1.3163,1.3884,0.065255,0.638873,-1.631399,155,0.204438,2022.6789,0.070321,0
633,27.008,5172.58,5219.1009,10757.81,-6.262839094,0.222395,0.422987,37.2295,1.3074,1.2167,0.062279,0.585818,1.488427,192,0.22488,1986.1858,0.072641,0
634,27.0507,5429.31,5267.662,10933.59,-6.7064994098,0.211018,0.40006,25.6581,1.2714,1.288,0.066313,0.649551,-8.865664,168,0.216674,2009.8863,0.075815,0
635,27.0933,5375.0,5291.4232,10910.16,-6.8629115283,0.262073,0.384523,24.7883,1.298,1.3987,0.06918,0.645778,-1.325648,177,0.192253,1931.6782,0.068612,0
636,27.136,5357.69,5332.1514,10898.44,-6.6577061344,0.252151,0.391768,29.1298,1.3053,1.3243,0.067828,0.596712,-1.01977,207,0.212136,2095.0004,0.068612,0
637,27.1787,5407.21,5315.0134,10968.75,-6.6570950475,0.224149,0.405373,28.3579,1.2675,1.2019,0.065358,0.633487,-3.640779,175,0.205019,2121.9485,0.0691,0
638,27.2213,5205.01,5206.3873,10781.25,-6.2387628521,0.30202,0.42379,35.5327,1.3012,1.2606,0.062142,0.582147,-1.476114,194,0.21273,2072.1585,0.069589,0
639,27.264,5501.31,5350.0365,11285.16,-6.5650952539,0.213937,0.410008,27.1116,1.3031,1.3119,0.064535,0.658149,-2.09304,162,0.217529,1939.8822,0.077646,0
640,27.3067,5469.2,5217.1001,10828.12,-7.1739170529,0.206485,0.36369,20.155,1.3496,1.6311,0.073211,0.683672,-2.952843,188,0.205808,2221.6878,0.075571,0
641,27.3493,5404.67,5264.6284,10675.78,-7.0424975976,0.217791,0.373946,21.7687,1.3412,1.5537,0.071198,0.672953,-3.190697,181,0.215198,1989.071,0.073373,0
642,27.392,5302.05,5211.7374,10605.47,-6.8734416211,0.21207,0.381515,24.6536,1.3627,1.5984,0.069748,0.654654,-5.782543,173,0.215698,2059.2361,0.075693,0
643,27.4347,5231.8,5230.8956,10839.84,-6.0198989404,0.20604,0.448652,41.6022,1.2805,1.1609,0.058015,0.557329,-0.004875,186,0.21558,1899.4123,0.065804,0
644,27.4773,5241.2,5189.4851,10535.16,-6.6406741101,0.231311,0.406856,29.502,1.3328,1.4368,0.065093,0.622118,-1.165455,167,0.210388,1843.2549,0.065682,0
645,27.52,5364.45,5334.3367,11085.94,-6.75525626,0.198833,0.395988,24.986,1.3122,1.3364,0.067053,0.628244,-2.988157,171,0.214695,1845.8584,0.070565,0
646,27.5627,5432.25,5251.6098,10898.44,-6.5408119552,0.150102,0.406369,28.9248,1.2713,1.2805,0.06518,0.599453,0.138319,184,0.207116,1973.2243,0.070443,0
647,27.6053,5250.66,5176.3146,10769.53,-6.5633928566,0.272614,0.39706,31.3994,1.3224,1.416,0.066857,0.617982,-0.692853,174,0.215843,1955.3133,0.065438,0
648,27.648,5316.16,5134.1793,10734.38,-6.2349519369,0.231203,0.428811,35.0201,1.2663,1.2111,0.061289,0.59671,-1.019279,169,0.206301,1947.4014,0.071908,0
649,27.6907,5588.39,5300.0546,11179.69,-6.4526259341,0.224754,0.417564,28.9106,1.2673,1.2427,0.063213,0.64231,-2.060782,163,0.209205,2031.7072,0.079111,0
650,27.7333,5450.52,5241.9649,10980.47,-6.6957230926,0.255011,0.395459,26.5557,1.3031,1.4199,0.06715,0.6523,-2.627309,179,0.208693,2080.0326,0.073739,0
651,27.776,5639.74,5364.33,11332.03,-7.2658442449,0.180607,0.353555,19.4586,1.3102,1.5109,0.075257,0.673706,-3.991179,189,0.202193,2144.6654,0.074838,0
652,27.8187,5421.96,5327.4757,11097.66,-7.1364421035,0.276611,0.371047,21.2751,1.3095,1.3956,0.071762,0.659691,-6.994866,186,0.214786,2061.164,0.074716,0
653,27.8613,5642.0,5377.6122,11531.25,-6.9275055207,0.245092,0.382521,22.9213,1.2655,1.2355,0.069557,0.676609,-4.11156,170,0.192872,2005.0313,0.074838,0
654,27.904,5354.15,5294.8533,10886.72,-6.2101615098,0.181588,0.423939,33.5365,1.2436,1.1069,0.062116,0.600551,-3.92282,185,0.215254,1879.5453,0.072274,0
655,27.9467,5249.57,5283.899,10886.72,-6.7298406296,0.212007,0.392064,28.4517,1.3281,1.358,0.067774,0.62003,0.534225,176,0.217375,2036.2806,0.070077,0
656,27.9893,5442.68,5296.4713,10875.0,-6.6064206557,0.215855,0.403239,28.0766,1.2943,1.3074,0.06574,0.636115,-3.234021,190,0.204196,1929.3124,0.068368,0
657,28.032,5404.61,5272.0772,10792.97,-6.954260061,0.194121,0.371924,23.8042,1.3347,1.4973,0.071591,0.646559,-2.114951,175,0.211874,1996.0719,0.074472,0
658,28.0747,5348.4,5305.1385,10921.88,-7.5009246424,0.259743,0.336312,18.1832,1.3632,1.7024,0.078876,0.650275,-4.900666,175,0.222477,2066.7363,0.073251,0
659,28.1173,5426.34,5263.6438,10839.84,-6.7419333,0.156985,0.390326,25.9214,1.3079,1.4634,0.068095,0.652935,-5.760286,177,0.216385,2046.4981,0.069955,0
660,28.16,5347.44,5265.5819,11039.06,-6.5970148788,0.254973,0.399921,27.5899,1.2872,1.2962,0.066338,0.62871,-1.144354,183,0.204073,1950.0807,0.074838,0
661,28.2027,5543.92,5389.4171,11378.91,-6.9030783036,0.278343,0.38541,23.5029,1.2664,1.2504,0.069013,0.654238,-5.219268,187,0.202707,2005.4973,0.074594,0
662,28.2453,5211.23,5261.369,10582.03,-7.1337480691,0.257523,0.358873,21.4661,1.3956,1.6931,0.074177,0.647285,-1.024177,196,0.210511,2035.0002,0.073251,0
663,28.288,5421.29,5297.9266,10945.31,-7.107263259,0.202906,0.364388,22.1742,1.3286,1.5066,0.073073,0.660426,-3.729837,205,0.210581,2161.2593,0.073495,0
664,28.3307,5309.43,5252.5943,10757.81,-6.7775515347,0.246686,0.385591,25.557,1.2874,1.3075,0.068979,0.634654,-3.399673,194,0.210134,1875.8227,0.074228,0
665,28.3733,5341.13,5235.2951,10781.25,-6.7371598053,0.197311,0.388939,26.6564,1.2945,1.36,0.068353,0.634981,-4.063106,187,0.219432,2050.5913,0.074228,0
666,28.416,5671.61,5331.5113,11355.47,-6.5613240645,0.271815,0.407324,27.0781,1.212,1.1403,0.06501,0.64268,-2.296852,202,0.212299,2096.0002,0.076303,0
667,28.4587,5327.42,5398.6252,11226.56,-6.5726486878,0.201145,0.397785,28.4575,1.2738,1.1484,0.066725,0.605578,-7.378339,180,0.213131,2049.8008,0.069711,0
668,28.5013,5302.17,5288.978,10968.75,-6.2816377623,0.267656,0.421003,35.1012,1.2369,1.0638,0.062619,0.56274,0.672106,182,0.206095,1911.9527,0.06263,0
669,28.544,5278.7,5226.7931,10617.19,-6.6955442672,0.172651,0.395681,28.3436,1.3142,1.4245,0.067109,0.626595,-7.388862,179,0.220857,1988.2792,0.067391,0
670,28.5867,5411.62,5238.2558,11121.09,-5.9394410496,0.266159,0.453574,41.2307,1.2292,1.0171,0.057225,0.567558,1.484421,203,0.221552,2046.6314,0.071908,0
671,28.6293,5482.83,5301.6426,11203.12,-6.6910896937,0.205604,0.398137,24.9974,1.2971,1.2972,0.066661,0.666235,-7.676221,166,0.212723,2007.7859,0.074228,0
672,28.672,5261.82,5321.1766,10851.56,-6.9756605487,0.140934,0.375731,22.5353,1.3462,1.423,0.070854,0.641996,-1.258816,180,0.212568,1960.0865,0.071298,0
673,28.7147,5201.9,5223.4918,10582.03,-7.2234899101,0.153939,0.363269,21.9563,1.3832,1.6666,0.073295,0.655327,-4.165251,181,0.217683,2032.6036,0.069711,0
674,28.7573,5310.16,5244.3017,10898.44,-6.3623234758,0.165135,0.418773,33.0761,1.274,1.1674,0.063003,0.600458,0.401284,198,0.207167,2008.5539,0.067757,0
675,28.8,5305.54,5266.7837,10734.38,-6.2584753083,0.26566,0.420329,32.3498,1.2829,1.1882,0.062735,0.594576,-3.576207,213,0.228739,1971.2136,0.067391,0
676,28.8427,5336.22,5299.2525,10757.81,-7.1784465904,0.288423,0.358995,20.9224,1.3782,1.6928,0.074152,0.651591,-4.781534,202,0.226468,2124.2546,0.067757,0
677,28.8853,5319.39,5258.301,10910.16,-6.2768227738,0.190211,0.419476,33.8668,1.2521,1.176,0.062882,0.583338,-1.011038,186,0.229033,2036.1958,0.067757,0
678,28.928,5341.84,5275.5148,11050.78,-6.4075317765,0.296058,0.41762,32.593,1.2785,1.2174,0.063203,0.611634,-1.939357,183,0.219881,2068.4301,0.072152,0
679,28.9707,5464.9,5341.3269,10816.41,-7.1964129857,0.147178,0.358913,20.3417,1.302,1.4759,0.074168,0.648903,-0.278725,185,0.212849,2123.4953,0.068734,0
680,29.0133,5262.17,5314.2712,11003.91,-6.6070282803,0.228164,0.39766,26.6692,1.3037,1.244,0.066748,0.615518,0.209742,173,0.22108,1896.9493,0.066903,0
681,29.056,5175.35,5264.1701,10921.88,-6.3553405497,0.120726,0.412503,30.3632,1.282,1.1506,0.064096,0.608925,-4.505946,158,0.218064,1934.0625,0.067147,0
682,29.0987,5146.2,5202.2562,10488.28,-6.9181408394,0.19275,0.37457,24.13,1.3779,1.6066,0.071078,0.636851,-6.272229,167,0.21772,2052.8428,0.068978,0
683,29.1413,5335.86,5362.5894,11121.09,-6.4188064476,0.164156,0.410847,30.1834,1.2537,1.1099,0.064387,0.613868,-0.55431,185,0.218609,1972.8492,0.067025,0
684,29.184,5340.36,5346.5322,10957.03,-7.0889696593,0.200211,0.361297,21.3368,1.3213,1.4302,0.073689,0.638872,-7.856573,174,0.218311,2063.4029,0.066048,0
685,29.2267,5388.69,5346.5926,10875.0,-7.2094667538,0.142587,0.365278,21.2448,1.3183,1.4464,0.072896,0.655691,-3.726977,189,0.204789,1938.4503,0.071664,0
686,29.2693,5371.19,5314.9302,11015.62,-6.6632453541,0.201205,0.393059,26.5764,1.2988,1.3087,0.06759,0.631894,-2.549325,167,0.221285,1890.6296,0.074472,0
687,29.312,5601.49,5370.3017,11296.88,-6.8587933394,0.13386,0.396915,24.5658,1.2728,1.2889,0.066884,0.662334,-4.966057,167,0.202473,2034.2242,0.074472,0
688,29.3547,5281.37,5243.0051,10640.62,-6.8310163587,0.242358,0.389628,25.4912,1.3552,1.488,0.068225,0.649363,-5.197154,194,0.194387,2122.9718,0.065682,0
689,29.3973,4806.23,5071.0064,10113.28,-5.9181646773,0.233164,0.436117,47.7329,1.3386,1.341,0.060066,0.478801,-7.16657,161,0.217031,2013.3412,0.068856,0
690,29.44,5427.74,5339.6747,10957.03,-7.051044245,0.202595,0.370533,20.7777,1.288,1.3357,0.071862,0.643571,-3.486515,194,0.232637,2088.1319,0.070687,0
691,29.4827,5238.48,5324.0156,10968.75,-6.2100506747,0.17246,0.432812,37.0961,1.2536,1.0312,0.060617,0.565471,-6.484634,186,0.20555,2067.3336,0.063606,0
692,29.5253,5472.89,5335.8421,11062.5,-6.6405402888,0.276252,0.394686,26.3698,1.268,1.2347,0.067291,0.641053,-7.122284,166,0.217475,2051.9626,0.070077,0
693,29.568,5500.48,5264.7331,11097.66,-6.2436334841,0.162405,0.43288,34.5444,1.2317,1.119,0.060605,0.627652,-2.000458,186,0.218576,1871.5683,0.069955,0
694,29.6107,5273.35,5206.0261,10734.38,-6.053623884,0.157598,0.44038,40.2104,1.2301,1.0677,0.059362,0.550027,-0.24055,190,0.190657,1948.4469,0.064827,0
695,29.6533,5447.13,5346.9697,10828.12,-7.3751986269,0.133722,0.349082,18.6206,1.3481,1.6024,0.076179,0.666874,-7.619532,178,0.204727,2167.1144,0.066781,0
696,29.696,5424.45,5324.0786,10875.0,-7.0241457824,0.165451,0.369731,21.1057,1.3077,1.4332,0.072019,0.659921,-6.341851,177,0.213743,2001.0878,0.068978,0
697,29.7387,5246.13,5278.3872,10804.69,-6.4758173987,0.16485,0.41361,31.5682,1.2813,1.1975,0.063901,0.600068,-0.525818,176,0.232451,1968.9463,0.067635,0
698,29.7813,5135.83,5214.7869,10558.59,-6.3680884648,0.176746,0.418369,34.9543,1.3004,1.2581,0.063073,0.578766,-7.419048,165,0.212656,1841.9025,0.065682,0
699,29.824,5175.04,5264.288,10804.69,-6.8039421384,0.229941,0.389326,27.8961,1.3576,1.4632,0.068281,0.631314,-2.726128,144,0.213075,2032.7647,0.069955,0
700,29.8667,5462.52,5337.3122,11109.38,-7.3013634466,0.20814,0.363804,19.027,1.3276,1.4802,0.073189,0.676985,-5.535982,184,0.210071,2031.7046,0.071176,0
701,29.9093,5291.61,5279.7997,10851.56,-6.9828892808,0.235251,0.381514,24.1083,1.3175,1.4171,0.069748,0.633726,-5.899648,192,0.211851,2038.9316,0.072274,0
702,29.952,5226.08,5264.4479,10746.09,-6.5123668118,0.239969,0.412985,30.9703,1.2831,1.2379,0.064011,0.587712,0.793463,174,0.215664,1907.4612,0.067391,0
703,29.9947,5044.92,5247.2652,10441.41,-6.2267303641,0.186044,0.413879,37.7981,1.3067,1.2902,0.063854,0.543674,-1.31538,189,0.228797,2081.8799,0.064583,0
704,30.0373,5322.06,5219.2643,10628.91,-6.4658909387,0.167888,0.416526,33.8248,1.3012,1.3597,0.063393,0.622489,-1.46325,167,0.223393,1985.4666,0.069222,0
705,30.08,5304.34,5259.5816,10875.0,-6.6063227754,0.171094,0.405802,30.3458,1.2972,1.2883,0.065281,0.628984,-1.712354,145,0.210913,1897.8926,0.066292,0
706,30.1227,5391.36,5310.7523,11085.94,-7.1475155428,0.325896,0.364041,20.5552,1.3011,1.3784,0.073142,0.645611,-3.689257,172,0.225117,2032.5133,0.0691,0
707,30.1653,5317.4,5279.1335,10734.38,-6.9520440781,0.291486,0.371946,23.3859,1.3787,1.6324,0.071587,0.64486,-3.034054,178,0.215919,2034.7719,0.07496,0
708,30.208,5582.7,5393.8637,11214.84,-7.1467558511,0.19234,0.370468,21.0684,1.2947,1.3984,0.071875,0.664572,-5.357071,187,0.202502,2186.7152,0.073251,0
709,30.2507,5327.84,5321.8481,10828.12,-7.2624430778,0.180915,0.355409,20.2169,1.388,1.715,0.074879,0.655851,-5.537218,180,0.207224,2022.4087,0.071786,0
710,30.2933,5590.78,5440.6886,11507.81,-7.1436306304,0.199247,0.36864,20.8492,1.2793,1.3459,0.072233,0.660368,-2.555476,182,0.206495,2133.2736,0.075693,0
711,30.336,5285.46,5279.1012,11050.78,-6.4091890998,0.269711,0.421429,32.3403,1.2738,1.1412,0.062546,0.614265,-0.841797,166,0.210528,1916.4744,0.072274,0
712,30.3787,5498.53,5314.7898,11156.25,-6.7637734617,0.251395,0.398008,27.1531,1.2938,1.3382,0.066685,0.657011,-1.058526,163,0.205455,1921.9021,0.072885,0
713,30.4213,5447.45,5283.606,10839.84,-7.6083616613,0.268938,0.331057,16.6571,1.3673,1.722,0.080016,0.680324,-4.789515,187,0.207483,2137.1294,0.072641,0
714,30.464,5161.9,5174.9632,10429.69,-6.6797704804,0.296552,0.387629,27.4919,1.3769,1.5762,0.068597,0.615072,-5.426045,169,0.219973,2034.2637,0.067147,0
715,30.5067,5105.78,5145.748,10546.88,-6.2050584198,0.272292,0.420805,40.0783,1.3035,1.2799,0.062653,0.566033,1.100978,201,0.226723,1977.01,0.068612,0
716,30.5493,5558.72,5372.9586,11179.69,-7.3681570691,0.259899,0.357611,18.3219,1.3106,1.472,0.074431,0.683245,-3.976944,182,0.222942,2066.6909,0.074716,0
717,30.592,5219.85,5192.318,10792.97,-6.3237430972,0.240965,0.420421,34.781,1.2923,1.226,0.062719,0.595176,-0.159688,170,0.203763,2016.4929,0.078257,0
718,30.6347,5294.7,5281.0528,10792.97,-6.7127837705,0.20539,0.394109,28.2274,1.3051,1.3586,0.067397,0.609886,-3.679905,168,0.212072,1976.3153,0.073129,0
719,30.6773,5245.96,5261.411,10746.09,-6.8304001319,0.372028,0.380202,25.6117,1.3082,1.3488,0.069998,0.623682,-5.136051,181,0.228765,2013.2242,0.07142,0
720,30.72,5372.8,5348.4095,10933.59,-7.1140727022,0.147142,0.369363,21.5876,1.3222,1.4578,0.072091,0.640745,-6.223185,178,0.224765,2059.722,0.069711,0
721,30.7627,5382.02,5292.242,10828.12,-7.2182196656,0.206699,0.360749,21.3853,1.3345,1.5652,0.073799,0.644736,-4.027934,170,0.200449,2065.6788,0.074106,0
722,30.8053,5446.49,5366.5616,10980.47,-7.8961324686,0.229109,0.322185,14.8913,1.3759,1.7169,0.081982,0.691873,-8.380982,167,0.209093,2092.6661,0.075937,0
723,30.848,5263.86,5291.6795,10875.0,-7.0779193879,0.194282,0.376617,24.1524,1.3652,1.5678,0.070683,0.650834,-8.056606,161,0.205025,2032.9708,0.069711,0
724,30.8907,5181.24,5233.9512,10511.72,-7.1285123642,0.234817,0.372947,23.1082,1.3822,1.6437,0.071392,0.645211,-5.802433,163,0.206936,2036.0693,0.067879,0
725,30.9333,5187.62,5276.3418,10734.38,-6.8842586561,0.285861,0.381776,25.9709,1.3686,1.5543,0.069698,0.624918,-3.388649,190,0.214502,1989.1466,0.065194,0
726,30.976,5212.0,5318.0836,10734.38,-6.9623246852,0.27475,0.368989,23.5738,1.3748,1.5655,0.072164,0.629242,-3.527763,189,0.209614,2162.2184,0.066659,0
727,31.0187,5399.03,5337.4268,11109.38,-7.086679542,0.183484,0.373571,21.9193,1.3255,1.4245,0.071271,0.668093,-4.897367,180,0.202475,1945.4414,0.071542,0
728,31.0613,5390.73,5345.197,11121.09,-7.0667146849,0.169196,0.37254,21.6894,1.2923,1.3214,0.071471,0.658863,-8.649591,185,0.19607,2014.9757,0.069589,0
729,31.104,5455.3,5347.6034,11226.56,-6.6831746029,0.168185,0.397891,27.5922,1.2741,1.2541,0.066706,0.626333,-4.099435,177,0.206823,2038.3851,0.070199,0
730,31.1467,5347.67,5247.943,10792.97,-6.632550277,0.260665,0.392409,27.4778,1.3342,1.4579,0.06771,0.63927,-7.032255,179,0.20956,2134.4159,0.074228,0
731,31.1893,5510.72,5350.6262,11191.41,-7.0269097125,0.237611,0.376004,22.2117,1.3172,1.4149,0.070801,0.663927,-3.500086,177,0.201606,2086.9761,0.069955,0
732,31.232,5230.76,5318.2183,10781.25,-6.4681044269,0.244925,0.407018,30.3358,1.3069,1.2887,0.065064,0.593594,-4.929888,179,0.22047,2048.6996,0.068368,0
733,31.2747,5331.06,5331.0476,10816.41,-7.1511542277,0.223361,0.360174,20.2755,1.355,1.5427,0.073915,0.658902,-2.867524,200,0.217057,1985.9556,0.070443,0
734,31.3173,5248.01,5203.4244,10652.34,-6.2955636889,0.235908,0.420439,35.7888,1.3204,1.3673,0.062716,0.608079,0.080632,192,0.222467,2046.4196,0.061287,0
735,31.36,5085.09,5240.341,10746.09,-6.0811767248,0.287798,0.434201,42.737,1.3317,1.3034,0.060385,0.539564,0.173803,167,0.226464,2038.6218,0.062752,0
736,31.4027,5315.21,5325.1313,10804.69,-7.2777830254,0.205632,0.356428,20.2684,1.342,1.5235,0.074671,0.654864,-6.620328,171,0.231855,2123.4299,0.07142,0
737,31.4453,5561.11,5418.1957,11179.69,-7.6948063891,0.231229,0.335928,15.1201,1.3346,1.5615,0.078959,0.687218,-8.294316,153,0.207857,2012.4666,0.073739,0
738,31.488,5548.57,5366.4716,11085.94,-6.8898605329,0.224239,0.38296,23.5016,1.3152,1.4283,0.069475,0.667505,-2.357068,185,0.21138,2086.7337,0.071908,0
739,31.5307,5306.31,5328.2405,10921.88,-6.5566185581,0.17986,0.402624,29.1917,1.2538,1.1598,0.06585,0.606863,-5.327479,179,0.229547,1970.3799,0.073373,0
740,31.5733,5652.17,5324.6504,11121.09,-7.348456356,0.227037,0.360755,19.5634,1.2638,1.3728,0.073798,0.687198,-4.388314,180,0.222268,2017.0243,0.08253,0
741,31.616,5393.51,5346.3432,10910.16,-7.3846303732,0.141543,0.346393,17.9533,1.3516,1.5745,0.076739,0.660615,-1.4307,181,0.214678,2072.4178,0.078379,0
742,31.6587,5349.72,5254.3643,10828.12,-6.379663128,0.259669,0.4114,31.6112,1.3151,1.3844,0.064289,0.619739,-5.767331,198,0.223513,2054.8139,0.069955,0
743,31.7013,5475.32,5304.2431,11062.5,-6.9865946417,0.249386,0.376688,22.2957,1.3106,1.4335,0.07067,0.664253,-6.480783,186,0.221842,1916.5026,0.055549,0
744,31.744,5407.08,5309.9134,11027.34,-7.8540174858,0.246718,0.335307,15.4841,1.3621,1.659,0.079093,0.696101,0.0,0,0.306636,604.0914,0.021487,0
745,31.7867,0.0,0.0,0.0,0.0,0.0,0.0,0.0,0.0,0.0,0.0,0.0,0.0,0,0.0,0.0,0.0,1
746,31.8293,0.0,0.0,0.0,0.0,0.0,0.0,0.0,0.0,0.0,0.0,0.0,0.0,0,0.0,0.0,0.0,1
747,31.872,0.0,0.0,0.0,0.0,0.0,0.0,0.0,0.0,0.0,0.0,0.0,0.0,0,0.0,0.0,0.0,1
748,31.9147,0.0,0.0,0.0,0.0,0.0,0.0,0.0,0.0,0.0,0.0,0.0,0.0,0,0.0,0.0,0.0,1
749,31.9573,0.0,0.0,0.0,0.0,0.0,0.0,0.0,0.0,0.0,0.0,0.0,0.0,0,0.0,0.0,0.0,1
750,32.0,0.0,0.0,0.0,0.0,0.0,0.0,0.0,0.0,0.0,0.0,0.0,0.0,0,0.0,0.0,0.0,1
751,32.0427,0.0,0.0,0.0,0.0,0.0,0.0,0.0,0.0,0.0,0.0,0.0,0.0,0,0.0,0.0,0.0,1
752,32.0853,0.0,0.0,0.0,0.0,0.0,0.0,0.0,0.0,0.0,0.0,0.0,0.0,0,0.0,0.0,0.0,1
753,32.128,0.0,0.0,0.0,0.0,0.0,0.0,0.0,0.0,0.0,0.0,0.0,0.0,0,0.0,0.0,0.0,1
754,32.1707,0.0,0.0,0.0,0.0,0.0,0.0,0.0,0.0,0.0,0.0,0.0,0.0,0,0.0,0.0,0.0,1
755,32.2133,0.0,0.0,0.0,0.0,0.0,0.0,0.0,0.0,0.0,0.0,0.0,0.0,0,0.0,0.0,0.0,1
756,32.256,0.0,0.0,0.0,0.0,0.0,0.0,0.0,0.0,0.0,0.0,0.0,0.0,0,0.0,0.0,0.0,1
757,32.2987,0.0,0.0,0.0,0.0,0.0,0.0,0.0,0.0,0.0,0.0,0.0,0.0,0,0.0,0.0,0.0,1
758,32.3413,0.0,0.0,0.0,0.0,0.0,0.0,0.0,0.0,0.0,0.0,0.0,0.0,0,0.0,0.0,0.0,1
759,32.384,0.0,0.0,0.0,0.0,0.0,0.0,0.0,0.0,0.0,0.0,0.0,0.0,0,0.0,0.0,0.0,1
760,32.4267,0.0,0.0,0.0,0.0,0.0,0.0,0.0,0.0,0.0,0.0,0.0,0.0,0,0.0,0.0,0.0,1
761,32.4693,0.0,0.0,0.0,0.0,0.0,0.0,0.0,0.0,0.0,0.0,0.0,0.0,0,0.0,0.0,0.0,1
762,32.512,0.0,0.0,0.0,0.0,0.0,0.0,0.0,0.0,0.0,0.0,0.0,0.0,0,0.0,0.0,0.0,1
763,32.5547,0.0,0.0,0.0,0.0,0.0,0.0,0.0,0.0,0.0,0.0,0.0,0.0,0,0.0,0.0,0.0,1
764,32.5973,0.0,0.0,0.0,0.0,0.0,0.0,0.0,0.0,0.0,0.0,0.0,0.0,0,0.0,0.0,0.0,1
765,32.64,0.0,0.0,0.0,0.0,0.0,0.0,0.0,0.0,0.0,0.0,0.0,0.0,0,0.0,0.0,0.0,1
766,32.6827,0.0,0.0,0.0,0.0,0.0,0.0,0.0,0.0,0.0,0.0,0.0,0.0,0,0.0,0.0,0.0,1
767,32.7253,0.0,0.0,0.0,0.0,0.0,0.0,0.0,0.0,0.0,0.0,0.0,0.0,0,0.0,0.0,0.0,1
768,32.768,0.0,0.0,0.0,0.0,0.0,0.0,0.0,0.0,0.0,0.0,0.0,0.0,0,0.0,0.0,0.0,1
769,32.8107,0.0,0.0,0.0,0.0,0.0,0.0,0.0,0.0,0.0,0.0,0.0,0.0,0,0.0,0.0,0.0,1
770,32.8533,0.0,0.0,0.0,0.0,0.0,0.0,0.0,0.0,0.0,0.0,0.0,0.0,0,0.0,0.0,0.0,1
771,32.896,0.0,0.0,0.0,0.0,0.0,0.0,0.0,0.0,0.0,0.0,0.0,0.0,0,0.0,0.0,0.0,1
772,32.9387,0.0,0.0,0.0,0.0,0.0,0.0,0.0,0.0,0.0,0.0,0.0,0.0,0,0.0,0.0,0.0,1
773,32.9813,0.0,0.0,0.0,0.0,0.0,0.0,0.0,0.0,0.0,0.0,0.0,0.0,0,0.0,0.0,0.0,1
774,33.024,0.0,0.0,0.0,0.0,0.0,0.0,0.0,0.0,0.0,0.0,0.0,0.0,0,0.0,0.0,0.0,1
775,33.0667,0.0,0.0,0.0,0.0,0.0,0.0,0.0,0.0,0.0,0.0,0.0,0.0,0,0.0,0.0,0.0,1
776,33.1093,0.0,0.0,0.0,0.0,0.0,0.0,0.0,0.0,0.0,0.0,0.0,0.0,0,0.0,0.0,0.0,1
777,33.152,0.0,0.0,0.0,0.0,0.0,0.0,0.0,0.0,0.0,0.0,0.0,0.0,0,0.0,0.0,0.0,1
778,33.1947,0.0,0.0,0.0,0.0,0.0,0.0,0.0,0.0,0.0,0.0,0.0,0.0,0,0.0,0.0,0.0,1
779,33.2373,0.0,0.0,0.0,0.0,0.0,0.0,0.0,0.0,0.0,0.0,0.0,0.0,0,0.0,0.0,0.0,1
780,33.28,0.0,0.0,0.0,0.0,0.0,0.0,0.0,0.0,0.0,0.0,0.0,0.0,0,0.0,0.0,0.0,1
781,33.3227,0.0,0.0,0.0,0.0,0.0,0.0,0.0,0.0,0.0,0.0,0.0,0.0,0,0.0,0.0,0.0,1
782,33.3653,0.0,0.0,0.0,0.0,0.0,0.0,0.0,0.0,0.0,0.0,0.0,0.0,0,0.0,0.0,0.0,1
783,33.408,0.0,0.0,0.0,0.0,0.0,0.0,0.0,0.0,0.0,0.0,0.0,0.0,0,0.0,0.0,0.0,1
784,33.4507,0.0,0.0,0.0,0.0,0.0,0.0,0.0,0.0,0.0,0.0,0.0,0.0,0,0.0,0.0,0.0,1
785,33.4933,0.0,0.0,0.0,0.0,0.0,0.0,0.0,0.0,0.0,0.0,0.0,0.0,0,0.0,0.0,0.0,1
786,33.536,0.0,0.0,0.0,0.0,0.0,0.0,0.0,0.0,0.0,0.0,0.0,0.0,0,0.0,0.0,0.0,1
787,33.5787,0.0,0.0,0.0,0.0,0.0,0.0,0.0,0.0,0.0,0.0,0.0,0.0,0,0.0,0.0,0.0,1
788,33.6213,0.0,0.0,0.0,0.0,0.0,0.0,0.0,0.0,0.0,0.0,0.0,0.0,0,0.0,0.0,0.0,1
789,33.664,0.0,0.0,0.0,0.0,0.0,0.0,0.0,0.0,0.0,0.0,0.0,0.0,0,0.0,0.0,0.0,1
790,33.7067,0.0,0.0,0.0,0.0,0.0,0.0,0.0,0.0,0.0,0.0,0.0,0.0,0,0.0,0.0,0.0,1
791,33.7493,0.0,0.0,0.0,0.0,0.0,0.0,0.0,0.0,0.0,0.0,0.0,0.0,0,0.0,0.0,0.0,1
792,33.792,0.0,0.0,0.0,0.0,0.0,0.0,0.0,0.0,0.0,0.0,0.0,0.0,0,0.0,0.0,0.0,1
793,33.8347,0.0,0.0,0.0,0.0,0.0,0.0,0.0,0.0,0.0,0.0,0.0,0.0,0,0.0,0.0,0.0,1
794,33.8773,0.0,0.0,0.0,0.0,0.0,0.0,0.0,0.0,0.0,0.0,0.0,0.0,0,0.0,0.0,0.0,1
795,33.92,0.0,0.0,0.0,0.0,0.0,0.0,0.0,0.0,0.0,0.0,0.0,0.0,0,0.0,0.0,0.0,1
796,33.9627,0.0,0.0,0.0,0.0,0.0,0.0,0.0,0.0,0.0,0.0,0.0,0.0,0,0.0,0.0,0.0,1
797,34.0053,0.0,0.0,0.0,0.0,0.0,0.0,0.0,0.0,0.0,0.0,0.0,0.0,0,0.0,0.0,0.0,1
798,34.048,0.0,0.0,0.0,0.0,0.0,0.0,0.0,0.0,0.0,0.0,0.0,0.0,0,0.0,0.0,0.0,1
799,34.0907,0.0,0.0,0.0,0.0,0.0,0.0,0.0,0.0,0.0,0.0,0.0,0.0,0,0.0,0.0,0.0,1
800,34.1333,0.0,0.0,0.0,0.0,0.0,0.0,0.0,0.0,0.0,0.0,0.0,0.0,0,0.0,0.0,0.0,1
801,34.176,0.0,0.0,0.0,0.0,0.0,0.0,0.0,0.0,0.0,0.0,0.0,0.0,0,0.0,0.0,0.0,1
802,34.2187,0.0,0.0,0.0,0.0,0.0,0.0,0.0,0.0,0.0,0.0,0.0,0.0,0,0.0,0.0,0.0,1
803,34.2613,0.0,0.0,0.0,0.0,0.0,0.0,0.0,0.0,0.0,0.0,0.0,0.0,0,0.0,0.0,0.0,1
804,34.304,0.0,0.0,0.0,0.0,0.0,0.0,0.0,0.0,0.0,0.0,0.0,0.0,0,0.0,0.0,0.0,1
805,34.3467,0.0,0.0,0.0,0.0,0.0,0.0,0.0,0.0,0.0,0.0,0.0,0.0,0,0.0,0.0,0.0,1
806,34.3893,0.0,0.0,0.0,0.0,0.0,0.0,0.0,0.0,0.0,0.0,0.0,0.0,0,0.0,0.0,0.0,1
807,34.432,0.0,0.0,0.0,0.0,0.0,0.0,0.0,0.0,0.0,0.0,0.0,0.0,0,0.0,0.0,0.0,1
808,34.4747,0.0,0.0,0.0,0.0,0.0,0.0,0.0,0.0,0.0,0.0,0.0,0.0,0,0.0,0.0,0.0,1
809,34.5173,0.0,0.0,0.0,0.0,0.0,0.0,0.0,0.0,0.0,0.0,0.0,0.0,0,0.0,0.0,0.0,1
810,34.56,0.0,0.0,0.0,0.0,0.0,0.0,0.0,0.0,0.0,0.0,0.0,0.0,0,0.0,0.0,0.0,1
811,34.6027,0.0,0.0,0.0,0.0,0.0,0.0,0.0,0.0,0.0,0.0,0.0,0.0,0,0.0,0.0,0.0,1
812,34.6453,0.0,0.0,0.0,0.0,0.0,0.0,0.0,0.0,0.0,0.0,0.0,0.0,0,0.0,0.0,0.0,1
813,34.688,0.0,0.0,0.0,0.0,0.0,0.0,0.0,0.0,0.0,0.0,0.0,0.0,0,0.0,0.0,0.0,1
814,34.7307,0.0,0.0,0.0,0.0,0.0,0.0,0.0,0.0,0.0,0.0,0.0,0.0,0,0.0,0.0,0.0,1
815,34.7733,0.0,0.0,0.0,0.0,0.0,0.0,0.0,0.0,0.0,0.0,0.0,0.0,0,0.0,0.0,0.0,1
816,34.816,0.0,0.0,0.0,0.0,0.0,0.0,0.0,0.0,0.0,0.0,0.0,0.0,0,0.0,0.0,0.0,1
817,34.8587,0.0,0.0,0.0,0.0,0.0,0.0,0.0,0.0,0.0,0.0,0.0,0.0,0,0.0,0.0,0.0,1
818,34.9013,0.0,0.0,0.0,0.0,0.0,0.0,0.0,0.0,0.0,0.0,0.0,0.0,0,0.0,0.0,0.0,1
819,34.944,0.0,0.0,0.0,0.0,0.0,0.0,0.0,0.0,0.0,0.0,0.0,0.0,0,0.0,0.0,0.0,1
820,34.9867,0.0,0.0,0.0,0.0,0.0,0.0,0.0,0.0,0.0,0.0,0.0,0.0,0,0.0,0.0,0.0,1
821,35.0293,0.0,0.0,0.0,0.0,0.0,0.0,0.0,0.0,0.0,0.0,0.0,0.0,0,0.0,0.0,0.0,1
822,35.072,0.0,0.0,0.0,0.0,0.0,0.0,0.0,0.0,0.0,0.0,0.0,0.0,0,0.0,0.0,0.0,1
823,35.1147,0.0,0.0,0.0,0.0,0.0,0.0,0.0,0.0,0.0,0.0,0.0,0.0,0,0.0,0.0,0.0,1
