frame,time,centroid,spread,rolloff,slope,obsir_std,flatness,crest,skewness,kurtosis,tonality,entropy,tpr,n_peaks,flux,irregularity,zcr,gated
0,0.0,0.0,0.0,0.0,0.0,0.0,0.0,0.0,0.0,0.0,0.0,0.0,0.0,0,0.0,0.0,0.0,1
1,0.0427,0.0,0.0,0.0,0.0,0.0,0.0,0.0,0.0,0.0,0.0,0.0,0.0,0,0.0,0.0,0.0,1
2,0.0853,0.0,0.0,0.0,0.0,0.0,0.0,0.0,0.0,0.0,0.0,0.0,0.0,0,0.0,0.0,0.0,1
3,0.128,0.0,0.0,0.0,0.0,0.0,0.0,0.0,0.0,0.0,0.0,0.0,0.0,0,0.0,0.0,0.0,1
4,0.1707,0.0,0.0,0.0,0.0,0.0,0.0,0.0,0.0,0.0,0.0,0.0,0.0,0,0.0,0.0,0.0,1
5,0.2133,0.0,0.0,0.0,0.0,0.0,0.0,0.0,0.0,0.0,0.0,0.0,0.0,0,0.0,0.0,0.0,1
6,0.256,0.0,0.0,0.0,0.0,0.0,0.0,0.0,0.0,0.0,0.0,0.0,0.0,0,0.0,0.0,0.0,1
7,0.2987,0.0,0.0,0.0,0.0,0.0,0.0,0.0,0.0,0.0,0.0,0.0,0.0,0,0.0,0.0,0.0,1
8,0.3413,0.0,0.0,0.0,0.0,0.0,0.0,0.0,0.0,0.0,0.0,0.0,0.0,0,0.0,0.0,0.0,1
9,0.384,0.0,0.0,0.0,0.0,0.0,0.0,0.0,0.0,0.0,0.0,0.0,0.0,0,0.0,0.0,0.0,1
10,0.4267,0.0,0.0,0.0,0.0,0.0,0.0,0.0,0.0,0.0,0.0,0.0,0.0,0,0.0,0.0,0.0,1
11,0.4693,0.0,0.0,0.0,0.0,0.0,0.0,0.0,0.0,0.0,0.0,0.0,0.0,0,0.0,0.0,0.0,1
12,0.512,0.0,0.0,0.0,0.0,0.0,0.0,0.0,0.0,0.0,0.0,0.0,0.0,0,0.0,0.0,0.0,1
13,0.5547,0.0,0.0,0.0,0.0,0.0,0.0,0.0,0.0,0.0,0.0,0.0,0.0,0,0.0,0.0,0.0,1
14,0.5973,0.0,0.0,0.0,0.0,0.0,0.0,0.0,0.0,0.0,0.0,0.0,0.0,0,0.0,0.0,0.0,1
15,0.64,0.0,0.0,0.0,0.0,0.0,0.0,0.0,0.0,0.0,0.0,0.0,0.0,0,0.0,0.0,0.0,1
16,0.6827,0.0,0.0,0.0,0.0,0.0,0.0,0.0,0.0,0.0,0.0,0.0,0.0,0,0.0,0.0,0.0,1
17,0.7253,0.0,0.0,0.0,0.0,0.0,0.0,0.0,0.0,0.0,0.0,0.0,0.0,0,0.0,0.0,0.0,1
18,0.768,0.0,0.0,0.0,0.0,0.0,0.0,0.0,0.0,0.0,0.0,0.0,0.0,0,0.0,0.0,0.0,1
19,0.8107,362.07,890.1697,656.25,-4.3164057267,0.224661,0.217843,91.0676,3.3162,11.7791,0.110309,0.121183,15.168187,150,0.0,378.8138,0.001831,0
20,0.8533,134.25,448.6074,58.59,-4.7611416895,0.143437,0.123466,50.2547,5.2339,31.9601,0.151409,0.144419,14.194415,131,0.002343,306.5439,0.000733,0
21,0.896,0.0,0.0,0.0,0.0,0.0,0.0,0.0,0.0,0.0,0.0,0.0,0.0,0,0.0,0.0,0.0,1
22,0.9387,0.0,0.0,0.0,0.0,0.0,0.0,0.0,0.0,0.0,0.0,0.0,0.0,0,0.0,0.0,0.0,1
23,0.9813,0.0,0.0,0.0,0.0,0.0,0.0,0.0,0.0,0.0,0.0,0.0,0.0,0,0.0,0.0,0.0,1
24,1.024,0.0,0.0,0.0,0.0,0.0,0.0,0.0,0.0,0.0,0.0,0.0,0.0,0,0.0,0.0,0.0,1
25,1.0667,0.0,0.0,0.0,0.0,0.0,0.0,0.0,0.0,0.0,0.0,0.0,0.0,0,0.0,0.0,0.0,1
26,1.1093,0.0,0.0,0.0,0.0,0.0,0.0,0.0,0.0,0.0,0.0,0.0,0.0,0,0.0,0.0,0.0,1
27,1.152,0.0,0.0,0.0,0.0,0.0,0.0,0.0,0.0,0.0,0.0,0.0,0.0,0,0.0,0.0,0.0,1
28,1.1947,0.0,0.0,0.0,0.0,0.0,0.0,0.0,0.0,0.0,0.0,0.0,0.0,0,0.0,0.0,0.0,1
29,1.2373,0.0,0.0,0.0,0.0,0.0,0.0,0.0,0.0,0.0,0.0,0.0,0.0,0,0.0,0.0,0.0,1
30,1.28,0.0,0.0,0.0,0.0,0.0,0.0,0.0,0.0,0.0,0.0,0.0,0.0,0,0.0,0.0,0.0,1
31,1.3227,0.0,0.0,0.0,0.0,0.0,0.0,0.0,0.0,0.0,0.0,0.0,0.0,0,0.0,0.0,0.0,1
32,1.3653,0.0,0.0,0.0,0.0,0.0,0.0,0.0,0.0,0.0,0.0,0.0,0.0,0,0.0,0.0,0.0,1
33,1.408,270.1,735.5277,375.0,-4.8693177101,0.188669,0.206721,77.154,5.1123,36.464,0.114103,0.104221,13.771744,141,0.002591,321.9027,0.003907,0
34,1.4507,6710.77,6351.2675,13898.44,-7.1255522162,0.458521,0.351032,15.3884,1.0819,0.5494,0.075776,0.687432,-11.98415,82,0.194441,1570.6165,0.051276,0
35,1.4933,6474.86,6044.6106,13523.44,-6.7713572063,0.353762,0.385435,17.5428,1.0922,0.548,0.069008,0.687497,-7.614505,180,0.193618,2120.4744,0.094006,0
36,1.536,6493.59,5951.6171,13371.09,-7.1237711851,0.193921,0.369188,15.4933,1.102,0.654,0.072125,0.705696,-2.416598,172,0.196144,2101.2577,0.092174,0
37,1.5787,6189.76,5798.8712,12714.84,-6.3822935559,0.22569,0.422416,22.4063,1.1476,0.6971,0.062377,0.685264,-4.768252,176,0.202813,1949.499,0.086558,0
38,1.6213,6008.54,5880.7154,12421.88,-6.7609368976,0.236582,0.396547,19.4699,1.1777,0.8074,0.066951,0.65342,-0.84043,168,0.208824,2071.8681,0.078257,0
39,1.664,5861.45,5748.8015,12316.41,-5.7679929807,0.318328,0.464148,36.7992,1.1743,0.6767,0.055557,0.57552,1.003599,182,0.216047,1990.0211,0.078623,0
40,1.7067,6047.64,5867.2448,12562.5,-6.8532939479,0.356127,0.390239,19.0213,1.1835,0.8233,0.068111,0.664354,-4.619706,155,0.21651,2104.7785,0.08082,0
41,1.7493,5908.47,5691.4873,12140.62,-5.553483465,0.404695,0.480127,43.2927,1.1565,0.6547,0.053107,0.568729,0.085004,157,0.212319,1965.4678,0.076914,0
42,1.792,5779.6,5618.4967,11812.5,-5.3441636512,0.232264,0.492874,53.5103,1.1084,0.5457,0.051211,0.496934,1.403146,171,0.212579,1985.4353,0.067391,0
43,1.8347,5855.56,5678.061,12210.94,-5.3848084684,0.224974,0.494781,46.997,1.1224,0.5556,0.050931,0.51568,2.117039,153,0.21912,1986.2817,0.06324,0
44,1.8773,5951.87,5788.0245,12386.72,-5.6826641264,0.39259,0.471693,38.7519,1.127,0.5552,0.05439,0.574431,-7.075359,166,0.209343,1755.9471,0.072274,0
45,1.92,6238.68,5888.0625,12832.03,-6.5138688507,0.306462,0.418967,21.3214,1.1195,0.5718,0.06297,0.672001,-4.091116,181,0.210733,1942.4662,0.080088,0
46,1.9627,6014.46,5791.6404,12351.56,-6.3830465797,0.293129,0.425009,26.121,1.1752,0.7522,0.061934,0.664256,-4.620089,164,0.208069,1899.0052,0.078989,0
47,2.0053,6062.06,5749.053,12410.16,-5.33895113,0.347812,0.485222,44.2477,1.1078,0.5115,0.052343,0.550162,0.624139,155,0.219898,1996.773,0.072152,0
48,2.048,6176.63,5841.0376,12867.19,-5.5316741413,0.203489,0.489298,39.9754,1.0688,0.4071,0.051738,0.585703,-6.725814,170,0.198149,2056.4554,0.078989,0
49,2.0907,6365.41,5811.3763,12984.38,-6.1749622636,0.345379,0.436332,23.9791,1.1012,0.5875,0.060031,0.656408,-0.534345,166,0.20198,1853.5631,0.086436,0
50,2.1333,6140.07,5699.263,12339.84,-5.7620747746,0.378803,0.464024,31.9674,1.1403,0.6798,0.055577,0.642693,-1.414366,183,0.216625,1918.1682,0.08082,0
51,2.176,5966.19,5738.0136,12328.12,-5.7936913313,0.321675,0.457037,33.9592,1.1758,0.7188,0.056675,0.62207,0.733302,168,0.222005,1820.397,0.082285,0
52,2.2187,5983.49,5817.5072,12433.59,-6.0049310396,0.276398,0.448109,32.2771,1.1272,0.6097,0.058103,0.603687,-6.379241,187,0.228553,1996.2775,0.075204,0
53,2.2613,6093.1,5826.1869,12761.72,-5.9673292458,0.270328,0.448997,30.4017,1.1132,0.547,0.057959,0.630477,-6.064197,171,0.209411,2016.1343,0.079844,0
54,2.304,6077.71,5745.7581,12410.16,-6.3410842805,0.399379,0.418442,24.4645,1.1887,0.8339,0.063061,0.673977,-2.828068,163,0.220445,2006.0124,0.084849,0
55,2.3467,5913.7,5854.3798,12375.0,-6.1995249466,0.252954,0.432649,25.8589,1.1864,0.718,0.060644,0.648061,-2.741021,177,0.22339,1910.6585,0.08082,0
56,2.3893,6098.03,5823.2031,12421.88,-6.5811806149,0.362132,0.403802,20.8426,1.2129,0.887,0.065639,0.670884,-2.656696,167,0.218013,1957.6023,0.085338,0
57,2.432,6221.05,5849.841,12843.75,-6.7835947889,0.323594,0.398633,19.8783,1.1881,0.8331,0.066571,0.697235,-5.479651,159,0.210176,2054.7478,0.086803,0
58,2.4747,6149.09,5866.3449,12726.56,-7.0881549361,0.293519,0.382367,17.1384,1.1828,0.8429,0.069587,0.69891,-6.107582,151,0.209535,2038.5423,0.088146,0
59,2.5173,5952.98,5801.7685,12433.59,-5.9082575885,0.337449,0.448185,31.2877,1.1172,0.5541,0.05809,0.590539,-3.048637,194,0.217277,1881.7353,0.082041,0
60,2.56,5970.14,5835.7619,12621.09,-5.8263584219,0.254233,0.457701,33.9366,1.1518,0.6179,0.05657,0.587216,-6.589044,185,0.218256,1991.7348,0.081309,0
61,2.6027,6416.61,5911.2539,12960.94,-7.0998477126,0.251353,0.368553,16.0298,1.1517,0.8317,0.07225,0.707756,-3.387722,184,0.220681,2127.4447,0.088756,0
62,2.6453,6020.52,5824.652,12410.16,-6.524614589,0.203158,0.405519,21.8906,1.1732,0.7967,0.065332,0.647518,-5.286401,159,0.217449,1986.5476,0.081675,0
63,2.688,5932.23,5809.6034,12480.47,-5.8076797559,0.240456,0.460441,34.0995,1.1399,0.6034,0.056138,0.589342,-5.776367,164,0.218804,1936.7701,0.070199,0
64,2.7307,5910.53,5734.4883,12398.44,-5.9593687788,0.305637,0.454784,31.8604,1.1621,0.6895,0.057033,0.630415,-0.888083,157,0.213041,1897.2313,0.075327,0
65,2.7733,6164.61,5856.5593,12679.69,-6.4833393746,0.324133,0.409729,21.7723,1.1377,0.6946,0.064584,0.659818,-5.516675,177,0.200034,1961.3654,0.080576,0
66,2.816,6062.49,5794.8912,12632.81,-5.5949566856,0.216086,0.474311,38.4198,1.085,0.4441,0.05399,0.572908,-9.143488,140,0.225393,1860.4923,0.084727,0
67,2.8587,6133.33,5814.0295,12585.94,-6.3253882019,0.28945,0.425108,23.7494,1.1349,0.6451,0.061917,0.659043,-4.883158,183,0.215012,1878.2416,0.088634,0
68,2.9013,6145.91,5842.7279,12468.75,-6.8820547475,0.33698,0.385389,19.1884,1.212,0.9625,0.069017,0.685326,-4.817014,171,0.218975,2032.0354,0.090709,0
69,2.944,6509.16,6010.2341,13546.88,-6.3811366048,0.225678,0.425567,22.1691,1.0677,0.444,0.061839,0.693327,-5.604207,169,0.211,1989.3305,0.088512,0
70,2.9867,5992.27,5825.2683,12550.78,-5.7857315788,0.432915,0.467343,35.4082,1.1448,0.5855,0.055061,0.59659,-1.474113,167,0.213269,1875.3074,0.082163,0
71,3.0293,6136.74,5831.8058,12796.88,-6.3331881597,0.334858,0.43148,23.9959,1.1579,0.6673,0.06084,0.666384,-6.20996,164,0.211741,1951.6533,0.076425,0
72,3.072,5878.36,5724.3676,12035.16,-5.9991855741,0.370375,0.449414,31.945,1.184,0.7701,0.057892,0.61884,-2.385956,172,0.213387,1952.3957,0.079111,0
73,3.1147,6168.24,5826.0451,12796.88,-6.388902731,0.232039,0.42165,23.6733,1.1316,0.6474,0.062508,0.664284,-6.567237,151,0.212374,1895.8275,0.08607,0
74,3.1573,6040.39,5822.4523,12785.16,-6.0640264637,0.381971,0.440675,28.7535,1.1381,0.6072,0.059314,0.619477,-7.9306,159,0.210957,1905.3405,0.078379,0
75,3.2,5919.2,5776.2297,12539.06,-5.2990102455,0.223448,0.491245,45.358,1.1175,0.4877,0.05145,0.520923,-8.685397,141,0.215556,2013.164,0.071176,0
76,3.2427,5873.72,5823.0488,12691.41,-5.6719555496,0.349473,0.466753,39.1563,1.1349,0.5175,0.055152,0.57129,-0.737866,176,0.21366,1866.5472,0.076303,0
77,3.2853,6041.6,5816.9095,12832.03,-5.9245103914,0.427963,0.451456,30.3185,1.1421,0.5736,0.057564,0.641178,-0.768271,167,0.217307,1904.1304,0.081919,0
78,3.328,6077.27,5743.7132,12609.38,-5.6810784426,0.423634,0.470425,35.5222,1.1417,0.6032,0.054585,0.628877,0.088975,159,0.222418,1844.0448,0.076303,0
79,3.3707,6013.33,5741.3027,12398.44,-5.1153751234,0.413604,0.501588,50.6214,1.1189,0.5279,0.049942,0.516356,1.185553,175,0.210967,1989.527,0.067635,0
80,3.4133,5871.08,5778.8282,12410.16,-5.7125256467,0.403575,0.464113,41.1353,1.159,0.6242,0.055563,0.547912,-8.260927,153,0.226304,1963.9121,0.067879,0
81,3.456,6010.21,5816.6591,12433.59,-6.1493477117,0.342887,0.437464,26.5101,1.185,0.7628,0.059843,0.649909,-7.394869,164,0.220231,1892.1426,0.071786,0
82,3.4987,5931.42,5747.9066,12328.12,-5.5899636939,0.284191,0.472924,39.9434,1.145,0.6523,0.054201,0.545346,-5.819362,173,0.207952,1902.1026,0.073739,0
83,3.5413,5853.19,5857.6619,12421.88,-6.1257689742,0.293629,0.429815,27.9373,1.1695,0.6479,0.06112,0.615983,-1.462351,171,0.220899,1920.8357,0.079355,0
84,3.584,6081.02,5858.6576,12644.53,-6.3420503366,0.265481,0.421364,25.2056,1.145,0.685,0.062557,0.629766,-7.99956,162,0.220891,1916.0823,0.081431,0
85,3.6267,5939.51,5804.6483,12234.38,-6.8841371059,0.395308,0.388978,20.4037,1.2259,0.9486,0.068346,0.667597,-5.782642,168,0.2167,1864.5252,0.083506,0
86,3.6693,6131.36,5905.6424,12832.03,-6.8644073037,0.194466,0.394387,19.5973,1.1748,0.7724,0.067346,0.686581,-5.629151,159,0.213831,1983.5081,0.089122,0
87,3.712,6240.99,5880.7365,12843.75,-6.8700126557,0.303543,0.393078,18.7606,1.1755,0.8252,0.067587,0.6982,-5.139815,162,0.205779,2067.0444,0.089733,0
88,3.7547,5953.81,5850.9354,12562.5,-6.0185084965,0.358516,0.445409,29.9417,1.148,0.628,0.05854,0.604559,-8.692156,159,0.202597,1795.0785,0.086558,0
89,3.7973,5988.76,5774.564,12187.5,-6.3104051407,0.270229,0.433016,26.4948,1.1782,0.7618,0.060583,0.661136,-7.185816,155,0.213773,1886.6979,0.087535,0
90,3.84,6160.42,5900.8762,12832.03,-6.5044971391,0.220433,0.413396,21.6539,1.1574,0.7078,0.063939,0.672272,-3.807792,167,0.213385,1954.6599,0.088023,0
91,3.8827,6365.15,5866.9472,12890.62,-6.3985913388,0.2418,0.426506,21.2231,1.1144,0.6154,0.061679,0.700337,-4.915642,168,0.216687,1967.7476,0.090831,0
92,3.9253,6007.57,5733.6605,12351.56,-5.5374829182,0.370185,0.478154,41.5335,1.1315,0.6096,0.053405,0.566668,0.340065,174,0.222782,2022.3872,0.091442,0
93,3.968,6152.29,5877.806,12750.0,-6.413921847,0.298463,0.423542,22.6863,1.1457,0.6557,0.062184,0.671572,-3.885586,162,0.219031,1893.9527,0.088512,0
94,4.0107,6384.25,5894.493,13054.69,-6.536787385,0.265061,0.413735,20.8071,1.106,0.6175,0.06388,0.695745,-4.911248,177,0.199018,1983.7411,0.090343,0
95,4.0533,6190.68,5871.0936,12667.97,-6.0324596303,0.237049,0.448753,27.6819,1.1255,0.6041,0.057999,0.650507,-6.967672,162,0.21124,1899.0354,0.084483,0
96,4.096,6121.48,5882.9545,12820.31,-6.6359571072,0.292333,0.406654,20.8448,1.1731,0.7715,0.065129,0.673377,-5.09689,166,0.21582,1961.8793,0.086681,0
97,4.1387,6376.26,5860.1418,12843.75,-6.2798245637,0.326234,0.421902,22.2201,1.1007,0.6317,0.062465,0.670455,-1.893657,194,0.204057,1937.3079,0.090465,0
98,4.1813,6134.48,5942.5994,12820.31,-6.9155481472,0.33622,0.385705,18.1395,1.176,0.7917,0.068957,0.673782,-4.833406,174,0.20574,2054.735,0.09132,0
99,4.224,6304.88,5842.7109,12843.75,-6.9980841978,0.2765,0.379084,17.7089,1.1636,0.8217,0.070211,0.699745,-4.162078,170,0.21748,2059.0882,0.090587,0
100,4.2667,6190.43,5870.9581,12621.09,-6.1927927932,0.231693,0.429922,25.543,1.1217,0.6289,0.061102,0.640981,-3.649996,173,0.213532,1927.2097,0.084971,0
101,4.3093,5969.31,5740.4059,12292.97,-6.1838026777,0.307302,0.430547,26.3278,1.1813,0.7616,0.060997,0.655069,-2.096705,159,0.213431,1919.0227,0.080454,0
102,4.352,6121.38,5807.4174,12503.91,-6.057828968,0.322249,0.455748,27.4947,1.1307,0.598,0.056879,0.661647,-5.697217,179,0.216634,1944.0113,0.08546,0
103,4.3947,6150.37,5778.9711,12609.38,-6.058118584,0.347548,0.447422,28.7574,1.1512,0.6735,0.058214,0.660058,-0.037031,180,0.223459,1811.2245,0.090465,0
104,4.4373,6096.57,5834.6356,12820.31,-6.2486733407,0.27618,0.432475,26.4264,1.1479,0.6457,0.060673,0.657974,-0.747211,175,0.20857,1970.0963,0.087291,0
105,4.48,6187.49,5890.443,12949.22,-6.488805791,0.271745,0.418174,21.5468,1.149,0.6611,0.063107,0.682991,-5.697088,182,0.206462,1954.7613,0.094738,0
106,4.5227,6071.64,5877.0987,12785.16,-6.4975989482,0.215401,0.413152,22.3465,1.1663,0.7313,0.063982,0.653368,-5.855563,156,0.209239,1924.3546,0.095959,0
107,4.5653,6178.4,5893.9684,12843.75,-7.3942749818,0.307272,0.355045,14.6918,1.1798,0.8672,0.074953,0.69217,-4.186348,167,0.210398,2173.4094,0.092174,0
108,4.608,6354.85,5904.74,12914.06,-7.0102980154,0.248052,0.375909,16.5828,1.1562,0.8382,0.07082,0.699671,-3.060847,165,0.218374,2026.2215,0.09425,0
109,4.6507,6246.47,5880.4589,12855.47,-6.4048311333,0.258984,0.419891,21.7202,1.1499,0.7016,0.06281,0.677074,-2.209684,188,0.213385,2019.4618,0.090465,0
110,4.6933,6120.53,5828.7468,12832.03,-5.7992393123,0.294358,0.457262,31.1273,1.1005,0.5184,0.056639,0.621399,-6.805536,168,0.223123,1891.3021,0.086314,0
111,4.736,5989.23,5827.18,12433.59,-5.6515552827,0.259627,0.472643,37.15,1.1113,0.5029,0.054244,0.576144,-6.797602,156,0.222324,1782.3483,0.08082,0
112,4.7787,6281.89,5886.7366,13007.81,-6.1781680329,0.315102,0.435163,24.5907,1.0991,0.4908,0.060225,0.672748,-5.891827,159,0.216019,1928.8981,0.08253,0
113,4.8213,6028.08,5907.2447,12457.03,-6.4006376704,0.404091,0.408006,23.1725,1.1934,0.8173,0.064889,0.634828,-5.783387,159,0.219996,2009.6256,0.082774,0
114,4.864,5936.76,5759.0571,12398.44,-6.0819089751,0.353149,0.446141,29.7478,1.1636,0.6784,0.058421,0.656611,-3.389633,161,0.221481,1753.5613,0.081431,0
115,4.9067,6134.77,5860.8155,12785.16,-6.4712907231,0.230396,0.416742,23.4902,1.1623,0.7298,0.063355,0.683598,-6.432131,155,0.213709,2040.0829,0.088878,0
116,4.9493,6070.96,5803.7373,12738.28,-6.0051129832,0.24912,0.450848,31.01,1.1024,0.5203,0.057662,0.634019,-2.734702,142,0.208048,1732.2757,0.084361,0
117,4.992,6103.87,5790.9775,12527.34,-5.651829109,0.288089,0.475139,33.557,1.115,0.5587,0.053863,0.618544,-4.585513,176,0.222858,1678.7219,0.075937,0
118,5.0347,6056.98,5771.76,12375.0,-5.5580117014,0.427018,0.479518,36.5643,1.1013,0.5376,0.053199,0.577482,-6.662396,170,0.207756,1849.8846,0.077524,0
119,5.0773,5996.03,5778.3854,12351.56,-6.161503031,0.230446,0.435497,28.3366,1.1521,0.7008,0.060169,0.639169,-6.526778,168,0.213674,1952.6999,0.076792,0
120,5.12,6053.78,5799.0693,12363.28,-6.3527394838,0.307097,0.418549,23.4003,1.1664,0.7384,0.063042,0.65472,-7.902813,165,0.212505,1978.7922,0.075693,0
121,5.1627,5898.63,5802.081,12304.69,-5.9357409254,0.301721,0.448996,32.6253,1.1688,0.6854,0.05796,0.617476,-0.361466,193,0.215577,1933.7403,0.078379,0
122,5.2053,5963.01,5834.795,12527.34,-6.313591281,0.342247,0.426477,25.1209,1.165,0.7104,0.061684,0.640293,-3.255916,196,0.221067,1904.8329,0.079111,0
123,5.248,6163.87,5891.2021,12820.31,-6.4118687534,0.399163,0.420309,21.8635,1.1305,0.6237,0.062739,0.67092,-6.835739,148,0.216908,1957.0377,0.084849,0
124,5.2907,5852.85,5752.6727,12210.94,-6.2781456968,0.395602,0.429028,26.7503,1.207,0.8333,0.061252,0.653651,-7.461207,156,0.21739,1896.7421,0.084605,0
125,5.3333,6027.89,5810.6811,12656.25,-6.2314653209,0.318907,0.426999,26.4973,1.1753,0.7403,0.061595,0.642242,-4.253165,176,0.216862,1901.5191,0.078867,0
126,5.376,6100.13,5829.4053,12398.44,-6.6695766159,0.347619,0.397497,21.1442,1.1833,0.8277,0.066778,0.67116,-2.584889,184,0.219584,2014.1546,0.086681,0
127,5.4187,6286.29,5871.9351,12984.38,-5.9860543523,0.234033,0.449504,27.603,1.0903,0.5238,0.057878,0.634165,-6.092035,169,0.211497,1874.9314,0.091442,0
128,5.4613,5927.58,5765.0166,12316.41,-6.1614311977,0.330967,0.430207,28.3487,1.1804,0.756,0.061054,0.628997,-5.810383,174,0.219771,1868.6555,0.087413,0
129,5.504,6285.58,5922.1157,12843.75,-6.9552829129,0.427251,0.381315,16.2601,1.1465,0.7364,0.069786,0.692861,-5.778062,159,0.215453,2017.8452,0.090709,0
130,5.5467,6062.48,5765.9866,12351.56,-6.2473329563,0.426551,0.432901,26.054,1.1822,0.8116,0.060602,0.656731,-6.152553,153,0.214862,1794.1119,0.087657,0
131,5.5893,5876.44,5790.2301,12339.84,-5.6272372568,0.272461,0.476748,42.0043,1.1419,0.5658,0.053619,0.559661,-8.795736,171,0.213867,1908.6266,0.078501,0
132,5.632,5900.98,5819.6856,12609.38,-5.7165772563,0.370757,0.462224,36.4177,1.1677,0.6105,0.055858,0.586606,-1.462422,155,0.222209,1792.9638,0.077036,0
133,5.6747,5834.18,5749.7608,12269.53,-5.8943570866,0.306381,0.444911,32.8021,1.1661,0.6937,0.058621,0.589177,-6.662671,159,0.216447,1930.0981,0.08021,0
134,5.7173,6211.52,5855.4589,12878.91,-6.1147893622,0.245676,0.447428,27.7329,1.1261,0.608,0.058213,0.649758,-8.296359,162,0.211696,1789.1752,0.085704,0
135,5.76,6047.96,5863.1688,12410.16,-6.3072978243,0.518443,0.421231,26.4408,1.1923,0.8128,0.06258,0.654509,-7.960643,176,0.211837,1904.0057,0.08314,0
136,5.8027,6010.04,5856.028,12632.81,-5.6714210446,0.384078,0.471823,34.5794,1.1346,0.5647,0.05437,0.610185,-7.413791,157,0.213363,1894.3812,0.075693,0
137,5.8453,5931.92,5769.2707,12281.25,-5.7915010006,0.181738,0.462273,36.3225,1.1586,0.6693,0.05585,0.587899,-7.898322,172,0.212414,1862.6669,0.075937,0
138,5.888,6110.11,5762.7166,12410.16,-5.6870610786,0.248359,0.470483,37.7933,1.1331,0.6224,0.054576,0.611371,0.69645,183,0.213288,2049.4443,0.075937,0
139,5.9307,6089.27,5815.1205,12597.66,-5.7677303363,0.294394,0.454794,33.5367,1.1064,0.5341,0.057031,0.583765,-5.902748,194,0.221037,1968.4726,0.074228,0
140,5.9733,6028.85,5837.4275,12562.5,-5.4865700719,0.381625,0.476133,41.9801,1.0832,0.4516,0.053712,0.544519,1.467264,175,0.219335,2020.8459,0.079111,0
141,6.016,5883.62,5733.7958,12222.66,-5.6083976861,0.355098,0.475147,42.4353,1.1444,0.6164,0.053862,0.553734,0.917443,170,0.212561,1934.0657,0.078379,0
142,6.0587,6180.79,5823.8188,12808.59,-6.2058100519,0.287281,0.440918,24.6622,1.1464,0.6624,0.059274,0.67762,-2.997765,154,0.217312,1839.4247,0.083873,0
143,6.1013,6117.3,5828.0589,12703.12,-6.6638229444,0.293009,0.409594,21.2128,1.1493,0.7268,0.064608,0.683842,-3.898094,173,0.202324,1938.1992,0.088878,0
144,6.144,6289.42,5886.6272,12984.38,-6.9141912909,0.331392,0.387898,16.713,1.1596,0.7786,0.068547,0.702201,-5.893447,156,0.208001,1990.8531,0.085704,0
145,6.1867,5773.47,5809.8532,12363.28,-6.0074506261,0.411198,0.443432,30.8095,1.2022,0.7442,0.058862,0.589578,-5.793055,175,0.237353,1943.2184,0.081065,0
146,6.2293,6032.63,5849.1702,12796.88,-5.6032228812,0.412514,0.47869,39.7724,1.1118,0.5004,0.053324,0.57256,-7.326656,152,0.206799,1902.518,0.0691,0
147,6.272,6023.5,5752.164,12246.09,-5.8809378386,0.363455,0.448347,30.3532,1.1725,0.7742,0.058064,0.61532,-6.224563,173,0.218238,1815.9867,0.074472,0
148,6.3147,5945.66,5839.9282,12421.88,-6.5884434946,0.32526,0.405536,22.2405,1.2014,0.8301,0.065328,0.651574,-2.006279,187,0.221744,1964.9223,0.073129,0
149,6.3573,5632.27,5668.1202,11730.47,-5.7623435381,0.28178,0.451741,38.8424,1.2171,0.8156,0.057518,0.560672,-7.274264,142,0.231522,1863.0514,0.068124,0
150,6.4,5845.17,5842.3814,12597.66,-5.9033938674,0.294589,0.448917,30.9009,1.1503,0.5628,0.057972,0.585652,-7.114985,165,0.216837,1932.1614,0.079477,0
151,6.4427,6081.98,5806.4121,12808.59,-5.8273375053,0.291028,0.466424,35.1018,1.1432,0.6003,0.055203,0.629676,-1.040864,174,0.220699,1923.8029,0.084971,0
152,6.4853,6020.36,5848.832,12585.94,-6.5914365892,0.281293,0.408075,22.886,1.1792,0.774,0.064877,0.656634,-5.274153,173,0.219082,1982.7174,0.081553,0
153,6.528,5978.93,5774.2608,12375.0,-6.018490679,0.331824,0.442632,30.5952,1.1408,0.6426,0.058993,0.604369,-5.905355,163,0.214727,1830.8725,0.080332,0
154,6.5707,6123.04,5845.5575,12574.22,-6.3569642336,0.275085,0.426122,23.2039,1.1423,0.6832,0.061744,0.658172,-7.797626,158,0.211788,1839.5971,0.087535,0
155,6.6133,6104.4,5843.9476,12410.16,-6.4321659835,0.288875,0.420805,23.3046,1.1723,0.7709,0.062653,0.655028,-4.676878,174,0.214948,1924.1241,0.087779,0
156,6.656,5779.12,5655.7126,11882.81,-5.8658501778,0.296236,0.46108,37.4847,1.1593,0.7277,0.056037,0.556978,-9.983834,151,0.223299,1846.045,0.076425,0
157,6.6987,5931.06,5748.4802,12164.06,-5.9312947286,0.341732,0.4484,33.7748,1.1639,0.7127,0.058056,0.581092,-6.793247,163,0.208459,1842.8488,0.076303,0
158,6.7413,6117.58,5823.5462,12773.44,-6.040338746,0.378441,0.445626,27.9137,1.1501,0.641,0.058505,0.650655,-5.673737,168,0.204887,1813.4488,0.081919,0
159,6.784,6002.24,5848.5337,12492.19,-6.3402220364,0.369112,0.422069,26.3069,1.1586,0.6842,0.062436,0.641573,-1.12187,174,0.222315,1832.0035,0.083506,0
160,6.8267,5939.76,5801.1098,12363.28,-5.9599269712,0.376772,0.452734,31.5676,1.1785,0.7116,0.057359,0.6347,-1.925877,152,0.217989,1844.7517,0.085582,0
161,6.8693,5821.82,5703.1365,12105.47,-5.7836559103,0.476458,0.458058,34.3889,1.1994,0.7942,0.056513,0.607751,-5.840099,143,0.217178,1812.785,0.077646,0
162,6.912,6150.66,5887.8898,12738.28,-6.8440547913,0.327611,0.387637,18.9868,1.1657,0.8172,0.068596,0.670217,-6.858603,159,0.215162,1946.8595,0.079111,0
163,6.9547,6167.19,5840.4935,12820.31,-5.9785583292,0.317935,0.452466,30.3122,1.0905,0.5091,0.057402,0.638002,-6.993415,169,0.205548,1887.8006,0.084117,0
164,6.9973,6149.83,5847.3141,12468.75,-6.2481808445,0.429974,0.427583,25.592,1.1604,0.7363,0.061497,0.661993,-5.380942,165,0.205602,1999.1403,0.083384,0
165,7.04,6081.87,5777.8011,12386.72,-6.5636021373,0.439198,0.415492,22.9613,1.1884,0.8464,0.063573,0.679366,-4.974238,164,0.20909,1980.5138,0.080942,0
166,7.0827,5908.2,5698.6385,12304.69,-5.7308404275,0.449721,0.465399,37.1844,1.1494,0.6554,0.055362,0.601026,-0.282095,173,0.212316,1856.5359,0.078012,0
167,7.1253,6000.59,5833.3635,12562.5,-5.8882347329,0.297362,0.461236,35.0039,1.1585,0.6398,0.056013,0.626999,-3.481069,165,0.197413,1850.8366,0.08546,0
168,7.168,6101.79,5860.3306,12433.59,-6.4956751394,0.234159,0.4157,22.749,1.161,0.7536,0.063537,0.671809,-6.509108,168,0.215377,2062.6535,0.093029,0
169,7.2107,6247.51,5884.096,12480.47,-7.046681449,0.266366,0.377103,17.7353,1.1991,0.97,0.07059,0.699897,-5.041188,166,0.214436,1992.0774,0.091686,0
170,7.2533,6136.42,5865.0735,12726.56,-6.6747314653,0.326796,0.404986,20.1037,1.1921,0.841,0.065427,0.677854,-5.743635,148,0.213335,1976.0135,0.088878,0
171,7.296,6297.56,5915.0342,12820.31,-6.6853585878,0.415146,0.40323,19.4911,1.1234,0.7036,0.065741,0.673477,-8.102434,167,0.200865,2046.3102,0.093517,0
172,7.3387,6187.53,5886.0667,12832.03,-6.6782541027,0.39713,0.397664,19.7752,1.1426,0.7183,0.066747,0.66855,-4.859906,156,0.208887,1996.1457,0.094738,0
173,7.3813,6210.8,5904.2412,12820.31,-6.4328076341,0.392,0.413603,21.83,1.1286,0.6592,0.063903,0.662873,-3.683767,162,0.208933,1953.0408,0.080454,0
174,7.424,5916.31,5830.9636,12656.25,-5.4256456292,0.22009,0.481627,43.012,1.0994,0.4489,0.052882,0.534103,-9.18798,159,0.232563,1942.8585,0.067757,0
175,7.4667,5820.86,5748.1955,12375.0,-5.5706928351,0.315829,0.473835,43.0742,1.1372,0.55,0.054062,0.548284,-8.612586,156,0.214159,2015.451,0.072885,0
176,7.5093,6085.35,5869.4823,12644.53,-6.7888085654,0.246172,0.383255,18.3006,1.174,0.7828,0.069419,0.669679,-2.792942,155,0.237227,2059.7143,0.081553,0
177,7.552,6073.31,5779.0173,12304.69,-6.4272200118,0.234936,0.416623,23.4439,1.1597,0.7625,0.063376,0.658436,-4.554732,185,0.218871,1960.3205,0.083628,0
178,7.5947,6097.94,5815.2851,12550.78,-6.3348956789,0.265235,0.419782,23.1186,1.1757,0.7668,0.062829,0.671503,-5.358128,170,0.220854,2049.4828,0.084117,0
179,7.6373,6093.64,5832.7853,12750.0,-6.4572482204,0.343909,0.415824,21.5794,1.1651,0.7489,0.063515,0.673664,-5.249679,165,0.21424,1949.0336,0.088634,0
180,7.68,6152.01,5833.4851,12433.59,-6.7962254836,0.19424,0.393967,18.9019,1.1868,0.8678,0.067423,0.696633,-5.165974,186,0.2154,2016.0014,0.088512,0
181,7.7227,6205.83,5897.603,12949.22,-6.7033364085,0.235354,0.406743,20.1001,1.1547,0.6885,0.065113,0.696707,-5.437726,170,0.21286,1965.6077,0.084483,0
182,7.7653,6298.59,5870.3381,12890.62,-6.2566943476,0.321018,0.435878,25.1021,1.1247,0.6532,0.060106,0.668494,-5.676617,160,0.209524,1953.7728,0.08839,0
183,7.808,6160.24,5852.7608,12750.0,-7.0846992057,0.373812,0.371739,16.679,1.1928,0.9327,0.071627,0.693114,-4.629674,189,0.20438,2139.9824,0.087657,0
184,7.8507,5971.98,5814.7652,12375.0,-5.7758055874,0.245347,0.467269,37.0926,1.146,0.6164,0.055072,0.593179,-6.415858,166,0.219697,1765.7325,0.079233,0
185,7.8933,5972.61,5847.133,12292.97,-6.253227753,0.288297,0.423608,24.8899,1.177,0.7743,0.062173,0.624159,-2.982523,186,0.214426,1968.304,0.084483,0
186,7.936,6085.87,5825.8678,12480.47,-6.2138630873,0.258124,0.439159,28.1027,1.1392,0.68,0.059563,0.659364,-8.106764,150,0.208734,1883.0008,0.090709,0
187,7.9787,6249.21,5797.7585,12890.62,-5.7023114038,0.28219,0.470262,33.7881,1.0943,0.5013,0.05461,0.618801,-6.847936,175,0.19983,1933.2752,0.087901,0
188,8.0213,6327.35,5757.4241,12632.81,-6.4990395187,0.18362,0.417933,22.1857,1.1612,0.8202,0.063149,0.702982,-3.430402,171,0.212192,2036.8192,0.089,0
189,8.064,6197.96,5818.0116,12820.31,-6.0061859412,0.209888,0.456157,30.4395,1.1152,0.5916,0.056814,0.621357,-9.181154,150,0.215764,1922.9747,0.088023,0
190,8.1067,6338.51,5964.0502,12902.34,-7.1706189659,0.212457,0.36689,17.0495,1.1416,0.7637,0.072577,0.695014,-4.321491,159,0.220382,2173.5034,0.083995,0
191,8.1493,5974.21,5825.4096,12421.88,-6.3059393685,0.316811,0.420453,23.8013,1.1946,0.7958,0.062714,0.643154,-4.652927,162,0.224596,1916.1326,0.083995,0
192,8.192,6018.12,5869.9217,12785.16,-6.0523647612,0.314836,0.43887,28.777,1.162,0.6718,0.059611,0.647961,-4.098593,153,0.203282,1949.6492,0.083628,0
193,8.2347,5901.88,5853.2842,12621.09,-5.8376068119,0.32518,0.454714,33.376,1.1697,0.6254,0.057044,0.625738,-2.09831,161,0.214388,1899.8952,0.08253,0
194,8.2773,6219.11,5827.3048,12679.69,-6.3687410548,0.338299,0.42122,23.6003,1.143,0.7291,0.062582,0.669786,-1.388226,174,0.218434,1866.5142,0.078379,0
195,8.32,5765.86,5752.4007,12351.56,-5.66076671,0.310526,0.458764,39.4107,1.1607,0.6017,0.056402,0.584496,-5.897822,175,0.221943,1988.6025,0.071908,0
196,8.3627,6039.01,5808.9291,12421.88,-5.7785766699,0.384283,0.450818,32.897,1.1355,0.6075,0.057666,0.593275,-6.487124,155,0.218329,1875.1831,0.067635,0
197,8.4053,5832.74,5684.431,12011.72,-5.2970963469,0.33871,0.493323,49.5857,1.1337,0.5954,0.051145,0.486906,1.669268,156,0.220228,1880.0717,0.072397,0
198,8.448,6245.46,5921.1648,12832.03,-6.4140596908,0.212548,0.422064,22.6607,1.1325,0.6805,0.062437,0.657828,-4.916464,173,0.214694,1985.3846,0.083384,0
199,8.4907,6108.61,5839.3096,12667.97,-5.8669520176,0.233095,0.462531,32.3685,1.1257,0.5784,0.05581,0.612057,-8.55684,158,0.204253,1921.7942,0.079966,0
200,8.5333,5996.05,5846.6586,12398.44,-5.2023795086,0.333173,0.487614,45.2527,1.0842,0.4281,0.051987,0.510564,-8.658168,166,0.211807,1940.1567,0.072885,0
201,8.576,6030.74,5823.9813,12351.56,-5.9263218665,0.47737,0.448612,30.6169,1.1443,0.6559,0.058022,0.601908,-7.614147,157,0.219795,1842.0719,0.073495,0
202,8.6187,6055.91,5744.4924,12585.94,-5.444404838,0.276152,0.487138,41.7904,1.106,0.5131,0.052058,0.567282,-0.203876,180,0.214305,1977.406,0.075815,0
203,8.6613,6018.25,5754.4341,12316.41,-5.4752868263,0.250247,0.475334,41.184,1.1571,0.6527,0.053834,0.569718,-5.734304,172,0.206431,1900.0655,0.07496,0
204,8.704,6050.19,5824.6647,12539.06,-5.9710609957,0.321365,0.451875,30.352,1.1174,0.5471,0.057497,0.609755,-1.706806,163,0.210437,1937.362,0.079355,0
205,8.7467,6164.53,5890.5959,12832.03,-6.803714254,0.321989,0.381323,18.2355,1.1419,0.6973,0.069785,0.66562,-3.642246,205,0.20933,1990.626,0.083995,0
206,8.7893,6016.97,5840.8764,12527.34,-6.2060278786,0.294449,0.423339,25.5791,1.139,0.6525,0.062219,0.630945,-8.975103,148,0.210559,1850.9517,0.085704,0
207,8.832,6101.67,5857.6631,12832.03,-5.9599733316,0.421853,0.446528,29.7593,1.1227,0.5709,0.058359,0.612152,-8.445116,187,0.226741,1997.8364,0.086925,0
208,8.8747,6272.71,5924.7697,13078.12,-5.6878126798,0.30108,0.474539,32.6115,1.0607,0.3801,0.053955,0.590236,-6.788362,172,0.206332,1848.2617,0.081431,0
209,8.9173,5759.9,5808.4445,12328.12,-5.8715558475,0.397384,0.451421,33.5101,1.1821,0.6561,0.05757,0.595092,-6.370841,164,0.216032,1792.2943,0.072885,0
210,8.96,5938.29,5796.0222,12445.31,-5.2456974958,0.286838,0.483997,46.3981,1.1125,0.5062,0.052526,0.470514,-10.195573,179,0.224765,1931.3993,0.05799,0
211,9.0027,5721.33,5761.5392,12105.47,-5.5036441819,0.28547,0.46216,44.6274,1.1893,0.6986,0.055868,0.523636,-7.045614,154,0.223415,1972.4778,0.059333,0
212,9.0453,6033.38,5842.5132,12785.16,-6.0856850759,0.242236,0.441662,27.3734,1.1481,0.6166,0.059152,0.616815,-7.771523,160,0.213638,1783.3704,0.078867,0
213,9.088,5885.54,5738.7818,12000.0,-5.9741456151,0.40412,0.449401,32.9151,1.2098,0.8163,0.057894,0.614726,-1.168553,172,0.221386,1960.6427,0.08021,0
214,9.1307,5842.22,5758.2586,12035.16,-6.165336285,0.248521,0.437256,29.1804,1.2059,0.8301,0.059877,0.617841,-6.229607,160,0.218722,1941.4401,0.078379,0
215,9.1733,6189.13,5838.8465,12738.28,-6.2167646165,0.422114,0.431478,24.8996,1.1582,0.6924,0.06084,0.673419,-6.724843,164,0.216946,1931.9728,0.084361,0
216,9.216,6202.58,5784.4072,12796.88,-6.1956728999,0.317543,0.430654,27.4425,1.1242,0.6594,0.060979,0.662583,-5.30587,176,0.21103,2049.6722,0.085582,0
217,9.2587,6204.12,5787.1511,12597.66,-6.1246656066,0.489665,0.439042,27.0293,1.1599,0.7439,0.059582,0.646832,-3.022807,162,0.200848,1881.8535,0.087535,0
218,9.3013,5984.62,5836.1238,12328.12,-6.4543070156,0.431203,0.410111,23.0162,1.1927,0.8339,0.064516,0.646863,-4.532475,165,0.218051,1939.2513,0.090709,0
219,9.344,6158.01,5859.5457,12574.22,-6.4660329854,0.200245,0.415499,23.4978,1.1952,0.8377,0.063572,0.668949,-1.327349,172,0.230899,1946.3018,0.09193,0
220,9.3867,6182.47,5825.4576,12585.94,-6.8852096517,0.40022,0.394814,18.6098,1.1915,0.8716,0.067268,0.697282,-2.889701,168,0.213758,1868.8894,0.089733,0
221,9.4293,6298.33,5895.2409,12796.88,-6.7610832295,0.410743,0.39713,19.0935,1.157,0.7525,0.066845,0.699366,-2.259821,165,0.208101,1995.7471,0.085215,0
222,9.472,6016.83,5873.1208,12457.03,-6.459787022,0.579267,0.407522,23.0417,1.1927,0.8192,0.064975,0.640692,-5.445539,175,0.210514,2076.2689,0.081553,0
223,9.5147,6127.0,5843.9852,12761.72,-6.042895324,0.231147,0.444336,27.3456,1.1177,0.5727,0.058715,0.649208,-6.009335,181,0.209247,1934.8004,0.083018,0
224,9.5573,6062.11,5805.262,12550.78,-6.1907230287,0.401775,0.434261,26.6134,1.1612,0.7136,0.060375,0.63441,-7.394323,164,0.213837,1848.883,0.079966,0
225,9.6,6018.1,5765.29,12316.41,-5.7805910194,0.260292,0.463253,34.5932,1.1286,0.6095,0.055697,0.604494,-0.011246,166,0.221284,1893.4855,0.079233,0
226,9.6427,6051.46,5793.2187,12410.16,-5.8091156209,0.348612,0.468299,34.9063,1.1155,0.5587,0.054913,0.615706,-1.929616,155,0.215712,1917.6367,0.080942,0
227,9.6853,6075.14,5838.5159,12750.0,-6.1653855223,0.239542,0.436771,27.1612,1.1553,0.6785,0.059958,0.648869,-2.03833,169,0.217989,1904.0935,0.081675,0
228,9.728,6126.97,5833.63,12480.47,-7.155415152,0.300836,0.37288,16.2399,1.1907,0.8896,0.071405,0.698539,-6.113911,172,0.207038,2023.0018,0.086681,0
229,9.7707,6350.94,5860.5929,12820.31,-6.9565734386,0.279478,0.382766,18.1043,1.1885,0.9489,0.069511,0.708903,-5.857922,178,0.210671,2057.5032,0.090343,0
230,9.8133,5810.7,5773.6914,12304.69,-6.0991485101,0.274461,0.428922,28.3905,1.2289,0.8767,0.06127,0.609305,-6.308962,167,0.226311,1911.78,0.086436,0
231,9.856,5980.33,5699.8248,12128.91,-6.1259723342,0.335518,0.43198,28.8717,1.1867,0.8275,0.060756,0.621982,-5.711824,168,0.209539,1938.4904,0.083262,0
232,9.8987,6095.94,5859.7573,12433.59,-6.7607609056,0.170328,0.400062,20.2284,1.1596,0.75,0.066312,0.672243,-5.573114,169,0.224561,2071.1688,0.089,0
233,9.9413,6128.87,5827.4817,12632.81,-6.1064021759,0.262963,0.445261,26.5856,1.1559,0.6879,0.058564,0.653105,-5.98436,172,0.20936,1871.2869,0.081553,0
234,9.984,5974.65,5712.7465,12433.59,-5.4439448118,0.318385,0.487567,44.3792,1.1269,0.5378,0.051994,0.555197,1.253146,169,0.21453,1860.348,0.073251,0
235,10.0267,6165.03,5850.7346,12750.0,-6.2344253279,0.269005,0.430149,26.6401,1.1364,0.6474,0.061063,0.660659,-1.67933,191,0.217138,1985.5166,0.085948,0
236,10.0693,6242.61,5784.5548,12726.56,-6.6070943187,0.315806,0.41382,22.4204,1.1554,0.8187,0.063865,0.695697,-3.121917,160,0.209655,1990.4103,0.09718,0
237,10.112,6202.16,5876.944,12761.72,-6.7717071836,0.237843,0.392701,19.0796,1.1688,0.8197,0.067656,0.680449,-4.959966,164,0.206219,2036.0084,0.090831,0
238,10.1547,5912.16,5793.6747,12269.53,-6.454244167,0.330889,0.411119,22.7523,1.2212,0.9019,0.064339,0.642373,-4.837641,160,0.211653,2000.2642,0.082041,0
239,10.1973,6235.29,5908.545,12867.19,-6.7795242549,0.357041,0.40462,20.5481,1.175,0.8031,0.065492,0.687497,-5.608743,160,0.214302,1956.6675,0.088146,0
240,10.24,6381.52,5925.1207,13089.84,-6.672492259,0.255895,0.411586,19.775,1.1111,0.6371,0.064257,0.683241,-5.974196,151,0.206403,2120.2042,0.09132,0
241,10.2827,6136.43,5855.7742,12679.69,-6.1982589255,0.306039,0.436588,27.1237,1.1777,0.7336,0.059988,0.666751,-6.281128,177,0.208111,1946.4353,0.08021,0
242,10.3253,6080.04,5834.4859,12761.72,-5.7764769383,0.266058,0.468412,35.2821,1.125,0.5686,0.054895,0.591081,-7.127708,179,0.207975,1998.4833,0.074594,0
243,10.368,5782.49,5733.2164,11906.25,-5.7665824826,0.31779,0.459168,37.0818,1.2069,0.8264,0.056338,0.556798,-5.795951,172,0.215952,1875.6542,0.077036,0
244,10.4107,6149.24,5836.4194,12761.72,-6.005523983,0.263224,0.449852,27.8068,1.132,0.609,0.057822,0.647807,-5.91534,171,0.224197,1777.0039,0.079722,0
245,10.4533,6044.62,5749.7912,12375.0,-5.6838760316,0.317866,0.471086,37.2426,1.1404,0.6057,0.054483,0.587476,0.411127,176,0.221961,1838.2133,0.074106,0
246,10.496,5839.73,5732.3155,12128.91,-5.845999705,0.311636,0.452474,35.8275,1.1929,0.7825,0.057401,0.573303,-6.634814,163,0.214923,1913.6342,0.075082,0
247,10.5387,6308.73,5834.9896,12820.31,-6.0001177071,0.304028,0.444589,27.0021,1.0906,0.541,0.058673,0.656258,-2.335041,168,0.225856,1930.8101,0.089611,0
248,10.5813,6031.33,5798.6785,12562.5,-5.5846920079,0.286883,0.475968,37.0639,1.0985,0.4814,0.053737,0.572961,-5.583216,164,0.221429,1935.6059,0.087779,0
249,10.624,6023.88,5817.6655,12351.56,-6.3974597003,0.341459,0.41858,25.9017,1.1609,0.7486,0.063037,0.658133,-7.052251,187,0.216678,1920.4715,0.086803,0
250,10.6667,6027.19,5768.8172,12328.12,-6.8225561075,0.272772,0.395853,20.2955,1.1999,0.9206,0.067078,0.678969,-3.878159,180,0.222128,2105.8675,0.089611,0
251,10.7093,6270.35,5918.8299,12785.16,-6.7605542843,0.335652,0.388996,18.6152,1.1864,0.8676,0.068342,0.691848,-3.139583,155,0.211402,2010.1028,0.090343,0
252,10.752,6141.05,5827.1256,12527.34,-6.8928186567,0.35652,0.386718,17.9818,1.2128,0.9204,0.068768,0.694354,-4.781503,176,0.20992,1976.344,0.091808,0
253,10.7947,6490.42,5913.951,13125.0,-7.1057694731,0.253726,0.373623,16.514,1.1164,0.7268,0.071261,0.715315,-4.452052,170,0.210009,2111.6611,0.094006,0
254,10.8373,6318.38,5923.0874,12902.34,-6.6408224546,0.342429,0.405299,19.7895,1.1466,0.7118,0.065371,0.678897,-3.761779,174,0.213093,2095.495,0.092419,0
255,10.88,5893.07,5703.9524,12164.06,-5.837364186,0.288688,0.45082,34.8661,1.1872,0.7695,0.057666,0.599812,-5.219768,179,0.227277,1938.9769,0.081065,0
256,10.9227,6035.84,5824.3353,12468.75,-5.882297177,0.238573,0.448141,31.1449,1.1488,0.6287,0.058098,0.612182,-6.041901,172,0.211833,1909.7149,0.079355,0
257,10.9653,6009.38,5749.2772,12304.69,-6.2437750435,0.274678,0.433428,26.6156,1.1607,0.7328,0.060514,0.653612,-6.077003,160,0.215784,1855.5728,0.085215,0
258,11.008,6107.07,5734.2725,12433.59,-6.3118572475,0.346724,0.427818,24.3914,1.1875,0.8205,0.061457,0.681907,-2.670911,164,0.222789,1905.0024,0.083873,0
259,11.0507,5937.96,5760.3082,12339.84,-6.2929453113,0.268013,0.427222,26.6186,1.182,0.7957,0.061558,0.641758,-7.159854,150,0.212144,1899.8107,0.075571,0
260,11.0933,5965.59,5726.7363,12316.41,-6.000292503,0.299491,0.449755,31.3169,1.1678,0.7222,0.057837,0.636441,-1.764576,165,0.20524,2023.6272,0.075693,0
261,11.136,6102.9,5843.0676,12785.16,-6.095534809,0.265441,0.439771,28.479,1.1358,0.6292,0.059462,0.637995,-0.842752,162,0.220669,1799.2237,0.088146,0
262,11.1787,6337.21,5926.1656,13113.28,-6.441264404,0.260879,0.412199,21.7448,1.1233,0.6218,0.064149,0.67246,-4.352977,144,0.221272,2044.0501,0.089244,0
263,11.2213,6005.65,5755.6728,12199.22,-5.8640127342,0.371948,0.450903,34.4776,1.1706,0.753,0.057653,0.603199,-5.048361,182,0.226544,1861.311,0.084605,0
264,11.264,6110.37,5793.449,12351.56,-6.6696978923,0.432297,0.401405,20.9212,1.1938,0.8825,0.06607,0.661707,-3.854068,174,0.217038,1991.5278,0.08546,0
265,11.3067,6167.45,5896.7134,12914.06,-6.4185796856,0.29135,0.412245,21.7852,1.1584,0.6948,0.064141,0.657384,-4.563141,151,0.215758,2016.712,0.085215,0
266,11.3493,6207.4,5919.0456,12925.78,-6.9085779699,0.302195,0.390295,18.3107,1.1718,0.7784,0.068101,0.691958,-3.726523,166,0.214482,2038.1302,0.091076,0
267,11.392,6300.44,5876.1858,12855.47,-6.101081726,0.28296,0.443359,26.7437,1.0803,0.5068,0.058874,0.659597,-5.684386,181,0.221183,1893.275,0.093151,0
268,11.4347,5883.05,5842.0517,12398.44,-6.4753456628,0.318495,0.410399,23.3288,1.1999,0.7754,0.064466,0.645233,-4.339803,161,0.206493,1965.8728,0.088023,0
269,11.4773,6006.15,5819.5769,12468.75,-6.2725707226,0.413571,0.421772,26.4426,1.1983,0.8232,0.062487,0.65128,-6.568755,179,0.212914,1954.1039,0.082408,0
270,11.52,6058.09,5865.9771,12574.22,-6.2461359075,0.323413,0.435392,24.334,1.1641,0.7048,0.060187,0.650902,-5.447076,177,0.209828,1892.6972,0.086925,0
271,11.5627,6353.44,5821.2832,12667.97,-7.3800583794,0.312228,0.36113,14.5418,1.1865,0.9898,0.073723,0.720286,-4.168252,165,0.214866,2050.4773,0.089977,0
272,11.6053,5999.13,5821.4917,12457.03,-6.6522012973,0.370174,0.402907,21.6228,1.1998,0.8308,0.065799,0.665392,-4.889307,182,0.208889,1933.1489,0.085826,0
273,11.648,6166.9,5843.5948,12679.69,-5.9291884796,0.383995,0.454602,29.6152,1.1366,0.6247,0.057061,0.641528,-1.338577,150,0.22494,1972.8278,0.081309,0
274,11.6907,6125.79,5863.2486,12691.41,-6.4951888,0.269538,0.419559,23.2171,1.1764,0.7566,0.062868,0.662365,-6.409553,175,0.213567,1886.6837,0.084727,0
275,11.7333,6250.18,5926.4125,12785.16,-7.4613380892,0.285341,0.353304,14.2465,1.2112,0.9775,0.075309,0.71039,-4.002798,169,0.212741,2114.9982,0.089855,0
276,11.776,6147.42,5802.5139,12667.97,-5.8031437192,0.275384,0.467136,32.3396,1.1134,0.5681,0.055093,0.637598,-0.316463,159,0.217132,1932.4357,0.084971,0
277,11.8187,6207.61,5812.2154,12492.19,-6.1174989524,0.249636,0.43284,25.35,1.1376,0.6994,0.060612,0.635611,-4.833332,160,0.206296,1956.6273,0.085215,0
278,11.8613,6242.09,5859.9544,12761.72,-6.3822958157,0.207202,0.424369,23.6877,1.11,0.6418,0.062043,0.672684,-3.896418,161,0.208313,1938.933,0.090953,0
279,11.904,6417.86,6008.9237,13253.91,-6.9603897266,0.289997,0.388321,17.5908,1.1283,0.6451,0.068468,0.705567,-3.302317,166,0.206966,1967.119,0.090465,0
280,11.9467,6104.88,5798.6165,12375.0,-6.5878816127,0.313495,0.407146,22.5467,1.1929,0.8728,0.065042,0.678983,-4.596057,141,0.201529,1903.5102,0.088878,0
281,11.9893,6012.26,5868.1488,12609.38,-6.3329127519,0.248148,0.424616,24.287,1.1643,0.7125,0.062001,0.663276,-2.748629,171,0.209005,1952.2729,0.086681,0
282,12.032,6270.91,5850.2292,12609.38,-6.9602046868,0.195612,0.381179,17.9405,1.2052,0.9726,0.069812,0.703747,-4.770433,156,0.220703,2162.4244,0.085826,0
283,12.0747,6176.51,5927.3856,12785.16,-6.8083728791,0.284048,0.391823,18.5127,1.1693,0.8188,0.067818,0.678064,-3.922334,164,0.218652,2027.079,0.086314,0
284,12.1173,6064.92,5866.8112,12421.88,-6.9234499156,0.239223,0.379479,19.5576,1.1982,0.8785,0.070135,0.671673,-4.909577,171,0.229172,1991.9604,0.08021,0
285,12.16,5951.78,5784.6433,12386.72,-6.0319489301,0.338852,0.444974,31.3285,1.1707,0.6968,0.058611,0.623177,-5.774646,165,0.225785,1840.4788,0.076425,0
286,12.2027,6316.92,5877.6593,12960.94,-6.832763036,0.339836,0.393373,17.782,1.1731,0.7868,0.067533,0.703683,-5.091299,154,0.210153,1971.1729,0.085948,0
287,12.2453,6168.76,5783.5635,12433.59,-6.1577155423,0.321289,0.429129,25.5429,1.1917,0.8231,0.061235,0.670245,-4.616851,149,0.20852,1869.1876,0.084849,0
288,12.288,6033.9,5754.9234,12386.72,-6.1049687153,0.338103,0.444178,29.1268,1.1437,0.6633,0.05874,0.628618,-7.492997,157,0.213827,1822.5904,0.086803,0
289,12.3307,5906.43,5798.091,12363.28,-6.0479429855,0.311484,0.438424,29.1359,1.1774,0.7062,0.059684,0.615957,-5.330696,174,0.209898,1810.7012,0.089855,0
290,12.3733,6084.17,5812.9305,12550.78,-6.383045183,0.378724,0.420771,22.9014,1.1654,0.7319,0.062659,0.664161,-1.971419,185,0.218124,1912.3061,0.079966,0
291,12.416,6047.52,5856.8783,12597.66,-6.4555502865,0.321896,0.416897,23.6917,1.1552,0.699,0.063329,0.662763,-5.945338,165,0.21657,1908.756,0.080454,0
292,12.4587,5918.03,5768.7161,12316.41,-6.3119849504,0.360795,0.431619,25.5328,1.2368,0.9168,0.060817,0.661489,-5.619436,161,0.200352,1839.4087,0.079111,0
293,12.5013,6060.81,5800.0575,12386.72,-6.5455180461,0.273112,0.412922,21.9322,1.1916,0.8404,0.064022,0.674753,-6.468786,177,0.214419,1951.6449,0.076425,0
294,12.544,6134.22,5787.0474,12328.12,-6.3307384527,0.218895,0.430072,23.7812,1.1286,0.6922,0.061076,0.651394,-4.437844,164,0.209784,1860.9548,0.086314,0
295,12.5867,6520.79,5900.808,13101.56,-6.4681632488,0.321487,0.420781,20.5214,1.0941,0.588,0.062657,0.706965,-5.145213,163,0.215603,1991.9517,0.094982,0
296,12.6293,6420.02,5881.1963,12867.19,-6.9414847918,0.358575,0.388788,17.5915,1.1441,0.7894,0.068381,0.708283,-3.29378,160,0.200023,1979.6746,0.090709,0
297,12.672,6042.49,5773.2386,12421.88,-5.6942999094,0.316153,0.471281,36.7811,1.145,0.657,0.054453,0.601151,-1.030882,154,0.204897,1916.3459,0.086925,0
298,12.7147,6281.9,5803.1358,12902.34,-6.1504228638,0.279459,0.441158,25.1852,1.1458,0.6903,0.059234,0.682495,-5.433016,188,0.21186,1980.308,0.088268,0
299,12.7573,6129.89,5781.8323,12632.81,-6.4311898224,0.413316,0.416427,22.8656,1.2051,0.8703,0.06341,0.67995,-2.454197,145,0.201118,1902.2511,0.089488,0
300,12.8,6169.98,5856.5747,12738.28,-6.1462889786,0.352872,0.439177,25.0799,1.1717,0.7359,0.05956,0.658983,-5.541996,154,0.212788,1975.5597,0.091686,0
301,12.8427,6248.41,5786.1285,12890.62,-6.3234386736,0.368717,0.430923,25.1236,1.1359,0.6768,0.060933,0.668201,-4.775254,177,0.211012,1849.5297,0.08546,0
302,12.8853,6041.87,5831.644,12750.0,-5.7528746286,0.288585,0.467016,35.2673,1.12,0.5216,0.055111,0.593443,-5.468991,155,0.207647,1962.895,0.076792,0
303,12.928,6187.89,5820.8182,12914.06,-5.8610107132,0.215156,0.455511,29.8588,1.1104,0.5409,0.056917,0.639513,-4.672493,191,0.217521,1892.8002,0.083018,0
304,12.9707,6271.08,5917.1486,13054.69,-6.1262951793,0.189604,0.443834,27.2123,1.1155,0.5707,0.058797,0.646912,-8.720328,169,0.218142,1738.5771,0.085948,0
305,13.0133,6012.34,5767.6282,12316.41,-6.0522334686,0.248237,0.442868,31.1597,1.185,0.8016,0.058954,0.629502,-1.143182,167,0.210977,1860.2264,0.077646,0
306,13.056,5771.41,5687.1108,12023.44,-5.674322073,0.217175,0.464659,41.7318,1.1769,0.7358,0.055478,0.572473,0.741515,185,0.223956,2051.8857,0.070565,0
307,13.0987,6069.68,5782.2704,12785.16,-5.6915726549,0.350024,0.464996,34.9759,1.1101,0.5114,0.055425,0.593904,-4.955472,166,0.221756,1865.769,0.073984,0
308,13.1413,6220.49,5940.7055,13089.84,-6.3672095527,0.324841,0.425686,22.4318,1.1321,0.5659,0.061818,0.676933,-2.918806,163,0.216744,1824.673,0.07728,0
309,13.184,5944.04,5831.3815,12539.06,-6.1006703622,0.344301,0.443205,28.9486,1.1565,0.6269,0.058899,0.636967,-6.814681,154,0.214429,1969.5129,0.072885,0
310,13.2267,6074.35,5769.1132,12621.09,-5.8322058232,0.35033,0.458998,31.0272,1.1393,0.6329,0.056365,0.611966,-5.294135,172,0.209739,1910.006,0.080088,0
311,13.2693,6156.79,5872.6838,12609.38,-6.7955879348,0.363148,0.389791,18.9847,1.1994,0.8751,0.068195,0.681824,-6.640567,162,0.213654,2047.7928,0.083262,0
312,13.312,6151.01,5873.9064,12925.78,-6.229814904,0.319363,0.431248,25.1099,1.1401,0.6413,0.060879,0.644903,-6.628165,160,0.207273,1913.9608,0.081309,0
313,13.3547,6003.85,5809.2408,12386.72,-6.0433041469,0.231984,0.44578,29.8045,1.186,0.7478,0.05848,0.640097,-6.110314,182,0.220275,1995.4576,0.074838,0
314,13.3973,5934.01,5801.3456,12527.34,-5.4647783032,0.468228,0.4749,44.088,1.1701,0.6598,0.0539,0.573827,0.772191,181,0.226647,2100.6752,0.072519,0
315,13.44,6070.65,5840.2714,12433.59,-5.905391869,0.247008,0.454884,34.1231,1.1564,0.6894,0.057017,0.612386,-5.940463,157,0.212422,1931.8023,0.082652,0
316,13.4827,6282.86,5900.1257,12843.75,-6.7594844909,0.362143,0.392378,19.4577,1.1669,0.8141,0.067716,0.686752,-4.442675,174,0.216201,2062.7396,0.090587,0
317,13.5253,6088.82,5877.8777,12703.12,-6.8772321133,0.307417,0.39192,19.2826,1.1878,0.8509,0.0678,0.677541,-6.619449,162,0.206068,2076.6076,0.087779,0
318,13.568,6017.9,5765.0436,12375.0,-6.1137382237,0.245925,0.432769,28.772,1.1455,0.7164,0.060624,0.616702,-5.520347,157,0.219353,1827.1055,0.079844,0
319,13.6107,6039.94,5831.9822,12539.06,-6.5319764726,0.244378,0.411479,22.0383,1.1672,0.725,0.064275,0.670402,-5.254382,181,0.210139,1908.1535,0.084239,0
320,13.6533,5912.65,5795.2577,12363.28,-6.1380984299,0.223543,0.439469,26.4157,1.2033,0.8069,0.059512,0.627493,-5.216081,164,0.219274,1922.208,0.083018,0
321,13.696,5889.53,5823.5578,12316.41,-5.9711916613,0.284683,0.45282,33.923,1.1655,0.652,0.057346,0.597329,-6.678271,175,0.215112,1822.1535,0.073739,0
322,13.7387,5905.39,5732.085,12304.69,-5.8008874967,0.347099,0.467318,40.1979,1.1706,0.6881,0.055065,0.585549,-1.607485,169,0.218266,1822.9758,0.072152,0
323,13.7813,6053.54,5955.3124,12902.34,-6.1551368576,0.283328,0.435549,26.4595,1.1542,0.6274,0.06016,0.6368,-4.549471,164,0.205163,1904.085,0.082652,0
324,13.824,6461.92,6013.7334,13160.16,-6.7428509069,0.19438,0.392938,17.982,1.1007,0.6123,0.067613,0.690887,-1.037238,184,0.216737,2111.8867,0.086314,0
325,13.8667,6054.41,5827.1656,12445.31,-6.085744719,0.326252,0.442817,27.7283,1.1511,0.6968,0.058963,0.637709,-4.040453,176,0.213473,1949.9858,0.088878,0
326,13.9093,6138.09,5842.8252,12492.19,-6.0442182886,0.288103,0.45067,28.9638,1.1315,0.6509,0.05769,0.652279,-2.571305,178,0.216947,1789.1874,0.088023,0
327,13.952,6022.84,5796.1846,12328.12,-6.3914512117,0.340384,0.426339,24.3491,1.1858,0.8058,0.061707,0.667193,-5.527274,182,0.204211,1898.3815,0.081797,0
328,13.9947,6280.14,5933.9786,12878.91,-6.1806019734,0.304749,0.432366,24.2181,1.1189,0.6126,0.060691,0.642595,-2.992214,149,0.211639,2032.6777,0.083995,0
329,14.0373,6104.9,5892.6185,12632.81,-6.5797597288,0.357377,0.400428,20.7944,1.1636,0.753,0.066246,0.666398,-6.970471,158,0.215039,2052.9451,0.082774,0
330,14.08,6150.21,5858.4031,12714.84,-6.6881409822,0.239988,0.403336,20.5033,1.1803,0.8222,0.065722,0.670722,-4.54833,167,0.226256,1997.2257,0.084361,0
331,14.1227,6338.46,5928.5716,13019.53,-6.0074816721,0.310418,0.452749,25.3792,1.067,0.4455,0.057357,0.644215,-7.668418,148,0.210047,1939.2684,0.09132,0
332,14.1653,6229.73,5901.452,12761.72,-6.2171004641,0.184241,0.425274,23.9124,1.1133,0.5982,0.061889,0.652376,-4.951278,171,0.202529,1979.4021,0.091076,0
333,14.208,6183.78,5827.5896,12785.16,-6.5345785398,0.259817,0.414457,22.0318,1.1568,0.7599,0.063753,0.672076,-8.902398,174,0.208812,1955.27,0.08839,0
334,14.2507,6228.96,5890.5933,12878.91,-6.3251545374,0.464747,0.422077,24.2304,1.1416,0.6573,0.062435,0.674627,-5.167524,170,0.209962,2051.0642,0.086192,0
335,14.2933,6121.45,5782.033,12539.06,-5.8624349595,0.26157,0.46119,32.0162,1.113,0.5662,0.05602,0.634031,-0.559394,166,0.204933,1903.2894,0.081065,0
336,14.336,6030.73,5741.6503,12328.12,-6.1887197103,0.249235,0.438206,29.4678,1.1596,0.7226,0.05972,0.643306,-6.294886,134,0.213112,1755.6971,0.084605,0
337,14.3787,5969.91,5826.4402,12433.59,-6.2464422699,0.216346,0.430737,27.018,1.1828,0.7475,0.060965,0.655756,-1.138718,177,0.215653,1864.2938,0.089611,0
338,14.4213,6311.87,5823.5318,12738.28,-6.276093546,0.284554,0.434782,24.7519,1.1169,0.6543,0.060288,0.667424,-1.831728,167,0.215436,1853.0377,0.090953,0
339,14.464,6043.81,5786.2229,12386.72,-6.0017631475,0.225083,0.435482,28.3711,1.1556,0.7061,0.060172,0.597844,-7.21075,145,0.217299,2034.9261,0.084361,0
340,14.5067,6163.52,5793.6024,12515.62,-6.0275560133,0.244249,0.444068,28.9448,1.1196,0.6256,0.058758,0.634129,-7.766218,150,0.216312,1837.2802,0.080698,0
341,14.5493,6209.35,5782.4946,12363.28,-6.8744283839,0.330913,0.388177,18.5446,1.2269,1.0262,0.068495,0.702691,-3.144507,171,0.217486,2076.1986,0.089855,0
342,14.592,6263.46,5792.7688,12691.41,-5.824529495,0.290307,0.462688,32.6305,1.0953,0.5505,0.055785,0.628138,-0.421972,156,0.216472,1854.5027,0.086803,0
343,14.6347,5891.57,5769.9657,12199.22,-5.9400082321,0.373531,0.444894,31.633,1.174,0.7375,0.058624,0.614789,-4.726848,188,0.208901,1921.9729,0.080454,0
344,14.6773,6237.96,5859.1547,12902.34,-5.8483622696,0.391156,0.461238,30.1498,1.0943,0.5402,0.056012,0.619597,-5.744317,159,0.207841,1872.6636,0.077158,0
345,14.72,5832.28,5773.2974,12363.28,-5.3137974357,0.283201,0.49522,52.9259,1.1442,0.5662,0.050867,0.490417,2.602254,175,0.220499,2078.4888,0.066781,0
346,14.7627,5841.33,5721.8012,12363.28,-5.2901437743,0.297085,0.498902,53.8076,1.1197,0.5295,0.050331,0.48989,2.365504,172,0.209063,2124.8281,0.070321,0
347,14.8053,6014.17,5779.6019,12421.88,-6.3590551687,0.319184,0.41757,23.2375,1.19,0.7696,0.063212,0.668223,-5.953581,174,0.236002,1928.0397,0.081675,0
348,14.848,5989.01,5767.523,12210.94,-6.1324273758,0.392612,0.435492,26.6656,1.1948,0.8339,0.06017,0.658251,-3.337565,158,0.221551,1922.1083,0.080332,0
349,14.8907,5932.87,5811.818,12375.0,-6.3249535469,0.376687,0.415575,25.3498,1.2305,0.8718,0.063558,0.650685,-3.381022,179,0.213893,2056.0725,0.078257,0
350,14.9333,6076.08,5846.7726,12503.91,-6.4772661114,0.321448,0.414697,23.6579,1.1692,0.7661,0.063711,0.666726,-5.778732,178,0.217454,1962.5829,0.086681,0
351,14.976,6205.61,5821.174,12667.97,-6.4246795006,0.210727,0.419793,23.4248,1.157,0.7932,0.062827,0.666849,-1.920004,176,0.21255,2070.4329,0.086558,0
352,15.0187,6165.36,5807.3799,12738.28,-6.5470753352,0.30124,0.413883,22.9266,1.1493,0.7492,0.063854,0.660627,-0.537207,177,0.223914,1958.4406,0.086436,0
353,15.0613,6092.74,5868.7894,12808.59,-6.5407233361,0.339404,0.408134,22.8526,1.2067,0.8271,0.064866,0.6717,-3.209101,161,0.217563,2008.2293,0.086314,0
354,15.104,6058.67,5766.8932,12421.88,-6.0814101968,0.316498,0.447391,30.9539,1.1687,0.7194,0.058219,0.642065,-1.408831,141,0.211445,1931.1342,0.081187,0
355,15.1467,6156.01,5837.7982,12539.06,-6.4199067218,0.379387,0.425522,23.2148,1.2027,0.8603,0.061846,0.676154,-0.600625,162,0.217367,2044.6061,0.087291,0
356,15.1893,6181.27,5906.0144,12960.94,-5.7559281883,0.305233,0.470454,33.1018,1.1083,0.4845,0.05458,0.608887,-0.068741,185,0.209939,1886.9241,0.088512,0
357,15.232,5862.89,5743.8299,12246.09,-5.838669571,0.446018,0.452163,37.4653,1.1813,0.7056,0.057451,0.591798,-7.012987,171,0.216055,1982.3291,0.081553,0
358,15.2747,6092.49,5871.6533,12398.44,-6.6973822043,0.200819,0.403127,20.0601,1.2109,0.8806,0.06576,0.680444,-3.952454,179,0.219069,2069.8514,0.089488,0
359,15.3173,6289.66,5915.4003,12996.09,-6.8312697532,0.350006,0.383295,18.061,1.1498,0.7379,0.069411,0.683703,-4.31872,154,0.211178,2037.7099,0.094128,0
360,15.36,5921.91,5740.9683,12128.91,-6.0593937413,0.270735,0.447935,29.9225,1.1755,0.7539,0.058131,0.626626,-1.510941,161,0.222458,1834.8642,0.08607,0
361,15.4027,6161.74,5927.3393,12750.0,-6.3036552582,0.271052,0.426236,25.3292,1.134,0.6301,0.061725,0.657686,-5.946944,187,0.208636,1918.6013,0.084971,0
362,15.4453,6309.77,5928.0251,13066.41,-6.5525034162,0.328007,0.407269,20.8062,1.1402,0.6772,0.06502,0.688149,-3.995361,160,0.217457,2036.8665,0.086558,0
363,15.488,6166.9,5859.5759,12667.97,-6.5980068347,0.391302,0.40617,21.135,1.1674,0.7614,0.065215,0.674943,-5.477029,159,0.209648,1957.3208,0.087657,0
364,15.5307,6068.71,5816.9221,12621.09,-6.6541634067,0.373003,0.40316,20.0424,1.2111,0.8866,0.065754,0.679376,-4.882056,174,0.199827,1944.9585,0.084971,0
365,15.5733,6039.8,5800.5414,12445.31,-6.1946175559,0.261614,0.435046,29.7381,1.1563,0.7098,0.060244,0.643013,-3.941362,167,0.211568,1943.0146,0.084727,0
366,15.616,6127.46,5848.0181,12503.91,-6.4540348451,0.326101,0.408649,22.9294,1.1818,0.7763,0.064775,0.662327,-4.070037,175,0.216924,1908.4734,0.085215,0
367,15.6587,5991.75,5860.7744,12667.97,-6.0370423617,0.209495,0.443787,29.9915,1.129,0.5931,0.058804,0.614205,-7.180828,166,0.211425,1931.1041,0.081431,0
368,15.7013,5838.21,5763.3216,12304.69,-5.6392082241,0.245719,0.468568,40.4341,1.1663,0.6349,0.054871,0.565913,0.442021,184,0.219674,1903.4422,0.076792,0
369,15.744,6064.26,5838.8701,12480.47,-6.3255982827,0.382335,0.419051,24.8015,1.1701,0.7442,0.062955,0.662573,-5.419279,162,0.232238,1883.0781,0.079355,0
370,15.7867,6097.3,5863.2324,12785.16,-5.8521715753,0.244162,0.455507,31.5562,1.1432,0.6347,0.056918,0.639876,-1.956522,185,0.224891,1865.1643,0.088268,0
371,15.8293,6175.33,5731.3853,12421.88,-5.8660375169,0.198147,0.459821,30.7775,1.1132,0.5995,0.056235,0.645247,-0.00175,187,0.211972,1947.5789,0.091564,0
372,15.872,6011.61,5750.539,12292.97,-6.1958595324,0.208828,0.431432,26.3224,1.1551,0.7357,0.060848,0.635847,-8.003063,161,0.213955,1899.759,0.079966,0
373,15.9147,6133.74,5819.3084,12644.53,-5.6844951738,0.303317,0.47193,36.8943,1.1066,0.5649,0.054354,0.564559,-7.636182,158,0.218364,1979.1015,0.065316,0
374,15.9573,6047.34,5773.8775,12433.59,-5.3477748329,0.38613,0.493564,46.6661,1.0887,0.4752,0.051109,0.531323,0.89219,168,0.211309,1945.7236,0.067879,0
375,16.0,6112.65,5886.9301,12843.75,-5.9813814854,0.260059,0.452157,28.432,1.1275,0.5601,0.057452,0.628454,-6.206508,189,0.212086,2013.0509,0.07667,0
376,16.0427,6016.02,5791.87,12433.59,-6.0545965674,0.305225,0.436809,27.463,1.1655,0.7033,0.059951,0.619939,-6.441749,173,0.208241,1893.6607,0.077646,0
377,16.0853,5852.72,5650.1875,12023.44,-5.9209949331,0.28064,0.454975,36.7217,1.1853,0.7917,0.057002,0.593882,-1.555731,157,0.212735,1896.4211,0.073251,0
378,16.128,5949.16,5690.0868,12070.31,-5.8567164358,0.342231,0.457779,35.5575,1.147,0.7089,0.056557,0.563639,-8.888999,148,0.21301,1955.6865,0.07435,0
379,16.1707,6045.77,5815.5987,12492.19,-5.7537551592,0.409926,0.464217,35.9594,1.1427,0.5938,0.055546,0.612345,-0.162118,151,0.214995,1961.1923,0.078989,0
380,16.2133,5963.81,5746.4625,12292.97,-6.0369704495,0.351545,0.439681,30.4112,1.1533,0.6849,0.059477,0.628585,-5.308571,140,0.224209,1930.3655,0.083995,0
381,16.256,6026.98,5743.2728,12328.12,-6.3584569787,0.520009,0.415349,25.2966,1.1836,0.8484,0.063598,0.649298,-4.123127,173,0.214084,1996.5841,0.087413,0
382,16.2987,6018.07,5826.0435,12421.88,-6.5925152542,0.228779,0.397325,20.714,1.2025,0.8422,0.066809,0.671963,-3.256296,172,0.207936,1970.0775,0.084483,0
383,16.3413,6264.4,5941.8307,13207.03,-6.1635610152,0.23121,0.436467,23.9471,1.1093,0.5111,0.060008,0.667949,-6.292978,155,0.210407,1908.3662,0.087901,0
384,16.384,6094.01,5851.5302,12480.47,-6.441049332,0.365414,0.416524,23.6544,1.1694,0.7782,0.063393,0.666163,-2.358563,158,0.208003,2012.2956,0.088023,0
385,16.4267,5967.2,5827.0297,12316.41,-7.302982372,0.402111,0.353407,15.4001,1.2493,1.0505,0.075287,0.686174,-5.016609,157,0.22066,2081.7979,0.089244,0
386,16.4693,6315.02,5929.8663,12996.09,-7.1208251604,0.311647,0.377222,16.9098,1.1357,0.7282,0.070567,0.706573,-5.283923,178,0.211226,2071.5671,0.095226,0
387,16.512,6310.72,5934.7417,13160.16,-6.399563656,0.231425,0.418083,22.0173,1.1207,0.575,0.063123,0.687396,-3.769745,195,0.215117,2044.6351,0.093517,0
388,16.5547,6328.73,5909.4962,13007.81,-6.5599693266,0.250869,0.410043,20.6521,1.1457,0.7128,0.064528,0.68693,-3.069223,186,0.211533,2102.2672,0.083262,0
389,16.5973,6019.39,5831.4281,12398.44,-6.1983850972,0.389849,0.42094,26.4931,1.1755,0.7492,0.06263,0.619242,-4.352219,162,0.220917,1963.1927,0.075571,0
390,16.64,6072.39,5829.1634,12761.72,-5.6176304818,0.237477,0.473963,36.7787,1.0925,0.4541,0.054043,0.553414,-8.289796,170,0.219026,1825.4391,0.079722,0
391,16.6827,6072.8,5781.4255,12738.28,-5.7578936146,0.223632,0.469434,36.2558,1.1264,0.5574,0.054738,0.6169,-1.593747,156,0.216998,1979.8667,0.079111,0
392,16.7253,6113.52,5726.0176,12398.44,-5.6177504638,0.265847,0.475011,37.9704,1.1235,0.5799,0.053883,0.604598,-0.653229,164,0.220566,1877.1649,0.086192,0
393,16.768,6340.25,5891.5197,12925.78,-6.8218555561,0.354652,0.389961,18.4344,1.1447,0.7418,0.068163,0.691587,-3.861793,156,0.214379,2007.155,0.092663,0
394,16.8107,6304.26,5803.7616,12972.66,-5.8497752631,0.211437,0.467845,31.3804,1.0834,0.5071,0.054983,0.641492,-1.844082,168,0.21338,1930.8322,0.086803,0
395,16.8533,6261.82,5891.2443,13031.25,-5.9564788292,0.28828,0.459443,30.2512,1.1011,0.5052,0.056295,0.652412,-2.261949,153,0.200915,1917.8705,0.09425,0
396,16.896,6649.04,6014.3422,13476.56,-6.7598578304,0.282625,0.396571,19.276,1.1065,0.6924,0.066947,0.705403,-5.397037,147,0.201402,2080.5817,0.093151,0
397,16.9387,6050.91,5761.3392,12433.59,-5.4195979249,0.261706,0.499828,43.8756,1.114,0.5593,0.050197,0.56245,1.852511,178,0.211851,1887.9571,0.076181,0
398,16.9813,6068.34,5832.046,12750.0,-5.5591618273,0.302942,0.480972,40.0368,1.1127,0.5048,0.05298,0.580987,-7.230442,162,0.207423,1786.6477,0.076547,0
399,17.024,6219.96,5863.4949,12820.31,-6.593729121,0.237058,0.411169,20.3215,1.1578,0.7393,0.06433,0.687872,-3.800605,149,0.220205,1938.546,0.088634,0
400,17.0667,6136.28,5790.1462,12656.25,-6.3979908724,0.278761,0.421101,23.6702,1.1673,0.7665,0.062602,0.668052,-3.004097,165,0.202335,1984.7188,0.093029,0
401,17.1093,6398.8,5905.8942,13171.88,-6.295036377,0.334407,0.430444,22.9335,1.1104,0.5844,0.061014,0.680171,-3.659219,160,0.205716,2048.996,0.090465,0
402,17.152,6093.09,5768.5076,12421.88,-6.0453952206,0.184104,0.445658,28.9087,1.1612,0.7105,0.0585,0.647358,-1.594972,167,0.213608,1880.2684,0.088878,0
403,17.1947,6248.94,5873.4019,12820.31,-6.1576518948,0.382175,0.435751,24.8567,1.1327,0.6516,0.060127,0.661665,-1.549408,184,0.221876,1956.3843,0.089366,0
404,17.2373,6382.04,5807.5816,13066.41,-6.1218221916,0.261652,0.437253,25.1559,1.09,0.5785,0.059878,0.669234,-2.076492,178,0.221407,1998.6919,0.085093,0
405,17.28,6077.74,5732.0124,12246.09,-5.8635480338,0.237072,0.460306,33.9747,1.1267,0.6314,0.056159,0.622252,-1.01165,177,0.208009,1942.8017,0.084361,0
406,17.3227,6164.69,5826.5771,12468.75,-6.3712022412,0.273581,0.419689,23.6811,1.1501,0.6889,0.062845,0.666897,-5.040656,176,0.213839,1908.2686,0.081797,0
407,17.3653,6160.9,5835.8833,12832.03,-6.187137509,0.314195,0.430953,26.4875,1.1381,0.7127,0.060928,0.64917,-2.645774,174,0.21463,1951.8534,0.077768,0
408,17.408,6034.86,5827.3802,12621.09,-6.7002603001,0.432207,0.404864,22.1996,1.2063,0.8769,0.065448,0.67087,-6.449037,167,0.216509,1977.784,0.083506,0
409,17.4507,6163.88,5890.4244,12832.03,-6.2539276369,0.384075,0.432986,26.3334,1.1226,0.6201,0.060588,0.637144,-6.275433,172,0.199939,1874.884,0.086681,0
410,17.4933,5951.62,5790.9875,12175.78,-6.2182567898,0.280383,0.42715,28.4315,1.155,0.698,0.06157,0.638893,-6.284163,154,0.209363,1907.3032,0.085704,0
411,17.536,6280.37,5862.4556,12820.31,-6.7200561095,0.298481,0.397143,19.3616,1.1578,0.7845,0.066842,0.696427,-2.994452,159,0.210608,2075.1723,0.082285,0
412,17.5787,6023.77,5848.5823,12539.06,-5.8514321679,0.332614,0.453383,30.9426,1.1247,0.5638,0.057256,0.613317,-5.908586,145,0.21459,1792.4963,0.080454,0
413,17.6213,6214.82,5889.2289,12832.03,-6.402648029,0.163912,0.418579,21.8243,1.136,0.6811,0.063037,0.656457,-2.635788,175,0.200933,2071.2704,0.084361,0
414,17.664,5946.93,5795.6065,12316.41,-5.7007533281,0.356426,0.468407,35.8967,1.1652,0.6363,0.054896,0.598941,-0.525884,155,0.216337,1777.8678,0.079844,0
415,17.7067,6100.04,5848.5659,12761.72,-6.4185274996,0.333345,0.42198,24.3326,1.1454,0.6766,0.062451,0.661024,-5.58292,144,0.20819,1979.9679,0.08082,0
416,17.7493,6004.49,5831.6784,12363.28,-6.5697784804,0.449861,0.409464,22.1912,1.1662,0.7574,0.064631,0.642425,-5.797849,161,0.209455,1887.8227,0.081797,0
417,17.792,5857.18,5742.4615,12128.91,-5.561765903,0.342749,0.468999,38.1814,1.1421,0.5943,0.054805,0.557895,-4.73295,160,0.227156,1903.6517,0.07203,0
418,17.8347,6161.72,5930.6916,12925.78,-6.0330073211,0.36195,0.443519,29.2564,1.1247,0.5558,0.058848,0.623434,-6.693328,165,0.213105,1776.8049,0.081431,0
419,17.8773,6281.18,5901.7728,12832.03,-6.7912016234,0.334885,0.393042,19.4431,1.161,0.7981,0.067594,0.670693,-3.854029,167,0.212201,2002.8714,0.086925,0
420,17.92,6189.4,5841.6627,12890.62,-6.1717295481,0.327707,0.432354,25.0296,1.1239,0.6191,0.060693,0.640263,-5.96408,133,0.217191,1963.4147,0.078745,0
421,17.9627,6108.11,5771.1708,12679.69,-5.8755062021,0.215597,0.460797,32.3953,1.1312,0.6181,0.056082,0.629818,-0.386446,166,0.215042,1832.8593,0.08375,0
422,18.0053,5984.48,5815.4925,12433.59,-5.9442375607,0.330627,0.448029,30.8716,1.1515,0.6558,0.058116,0.600707,-7.328013,159,0.216839,2005.815,0.080332,0
423,18.048,6213.96,5793.3288,12761.72,-5.6253735581,0.334739,0.478261,35.4534,1.1056,0.547,0.053389,0.586111,1.742758,157,0.214724,1818.968,0.083628,0
424,18.0907,6351.02,5820.6342,12855.47,-6.548340355,0.354321,0.408954,20.7062,1.128,0.724,0.064721,0.689767,-5.559576,188,0.207705,2075.9501,0.089244,0
425,18.1333,6177.88,5868.1652,12843.75,-6.0960142705,0.25521,0.441838,27.5791,1.1253,0.5894,0.059123,0.6475,-6.750796,154,0.203343,1820.1306,0.08021,0
426,18.176,6093.79,5869.0896,12667.97,-6.0310464486,0.375407,0.43996,26.7424,1.1627,0.6605,0.059431,0.64424,-5.736937,160,0.20497,1986.6136,0.078623,0
427,18.2187,5910.93,5816.4255,12445.31,-5.34406759,0.366278,0.488238,46.5061,1.1206,0.4997,0.051895,0.509875,-8.583676,157,0.215156,1940.0262,0.070077,0
428,18.2613,5830.67,5714.2038,12082.03,-5.5365055134,0.331763,0.479119,43.2565,1.1556,0.6376,0.053259,0.576385,-0.154285,165,0.213723,1892.208,0.062752,0
429,18.304,5938.62,5772.5549,12328.12,-6.0851003146,0.34094,0.44106,29.0163,1.1758,0.7285,0.05925,0.637953,-5.026953,165,0.220051,1895.449,0.07142,0
430,18.3467,6134.3,5798.4195,12445.31,-5.7807979814,0.276783,0.463252,34.1122,1.126,0.5905,0.055697,0.622994,-1.286114,178,0.211347,1986.407,0.076547,0
431,18.3893,6068.56,5838.9509,12574.22,-6.2579121321,0.359736,0.42943,24.2226,1.1405,0.6623,0.061185,0.644485,-5.876522,146,0.213414,1872.0569,0.078745,0
432,18.432,6114.55,5758.8415,12246.09,-6.4389990091,0.288047,0.421811,22.9444,1.1905,0.8821,0.06248,0.658615,-4.085462,164,0.204778,1904.2352,0.078867,0
433,18.4747,5808.39,5738.7019,12093.75,-5.6824256182,0.208019,0.472566,40.214,1.1637,0.6522,0.054256,0.582055,-6.195582,160,0.223774,1907.4252,0.076914,0
434,18.5173,6111.13,5691.4271,12410.16,-5.801232177,0.247168,0.460677,35.8348,1.1235,0.6325,0.056101,0.615583,-5.084701,161,0.223185,1871.3213,0.075937,0
435,18.56,5848.65,5699.0507,12105.47,-6.1571310576,0.298562,0.443362,31.9243,1.2046,0.8301,0.058874,0.608949,-8.433054,152,0.211586,1972.183,0.075815,0
436,18.6027,6004.72,5798.7675,12328.12,-5.6981320838,0.259821,0.46822,37.406,1.1413,0.6317,0.054925,0.584436,-3.856789,179,0.218674,1938.8834,0.078501,0
437,18.6453,6299.75,5939.062,13019.53,-5.9165769574,0.39193,0.456978,27.1627,1.0772,0.4533,0.056684,0.640679,-0.574594,171,0.215379,1864.6922,0.083873,0
438,18.688,6029.59,5740.0093,12316.41,-5.8817112002,0.417222,0.466002,31.9602,1.1406,0.6616,0.055269,0.639398,-8.005844,130,0.210503,1689.3887,0.07728,0
439,18.7307,5983.71,5739.3624,12269.53,-5.5121773615,0.327519,0.479505,39.6937,1.1547,0.6852,0.053201,0.54992,-8.335428,166,0.216715,1890.7534,0.075449,0
440,18.7733,6007.41,5817.6194,12398.44,-6.1863364294,0.275075,0.44037,28.2926,1.1836,0.7314,0.059364,0.642608,-6.255278,168,0.218159,1905.6265,0.086681,0
441,18.816,6262.21,5882.6566,12796.88,-6.2983269379,0.254516,0.424525,23.0022,1.1322,0.6629,0.062016,0.678333,-5.618643,177,0.221832,1966.7996,0.085826,0
442,18.8587,6442.39,5849.0032,12902.34,-6.9455181218,0.369763,0.384015,17.7634,1.1638,0.8846,0.069275,0.705879,-5.043296,155,0.222953,2092.9388,0.087291,0
443,18.9013,5852.05,5827.763,12375.0,-6.2164527713,0.238688,0.426948,28.151,1.1857,0.7423,0.061604,0.605405,-6.405396,171,0.229398,1976.0002,0.080576,0
444,18.944,5967.65,5703.435,12269.53,-5.7080362705,0.319824,0.468831,36.5686,1.1612,0.7011,0.054831,0.60345,-6.43508,175,0.21013,1942.1316,0.075693,0
445,18.9867,5999.48,5671.8221,12105.47,-6.3003227568,0.364707,0.429711,26.7164,1.1939,0.8929,0.061137,0.66398,-2.027905,174,0.218259,1863.4931,0.087047,0
446,19.0293,6130.74,5829.4105,12761.72,-6.8450619228,0.287862,0.393098,19.4308,1.1877,0.8453,0.067583,0.691141,-4.741139,145,0.215908,2058.3732,0.086925,0
447,19.072,5986.31,5738.8023,12222.66,-6.1944730677,0.28646,0.437832,28.1183,1.1834,0.787,0.059782,0.659818,-0.172364,183,0.203449,1879.5673,0.081553,0
448,19.1147,6283.78,5858.9846,12785.16,-6.4151593479,0.205266,0.421689,23.1964,1.1174,0.6555,0.062501,0.671964,-7.365333,167,0.214661,2076.9397,0.086314,0
449,19.1573,5920.22,5726.5774,12257.81,-5.6335483542,0.311316,0.471866,38.1977,1.1716,0.6902,0.054364,0.585654,-0.685892,154,0.218752,1875.7442,0.083506,0
450,19.2,5874.06,5727.1577,12292.97,-5.8405185767,0.372764,0.467727,38.7103,1.1808,0.709,0.055001,0.589223,-6.814197,176,0.219698,1947.2149,0.069711,0
451,19.2427,5891.94,5763.2551,12257.81,-5.7103232901,0.235311,0.46807,39.1196,1.1686,0.7009,0.054948,0.554378,-6.94445,185,0.207697,1952.1727,0.074594,0
452,19.2853,6083.08,5882.4832,12714.84,-6.3552004386,0.349075,0.421349,23.9215,1.18,0.7494,0.06256,0.659804,-4.934539,158,0.222403,2023.479,0.08375,0
453,19.328,6042.97,5769.9222,12363.28,-6.5593477647,0.441581,0.410706,21.8835,1.2171,0.919,0.064412,0.666825,-7.216707,134,0.217247,2013.2932,0.08375,0
454,19.3707,6361.73,5855.3955,12878.91,-6.5190630118,0.300674,0.411233,20.782,1.1122,0.6516,0.064319,0.689293,-3.413025,168,0.224044,2037.4061,0.087657,0
455,19.4133,6044.24,5739.3649,12410.16,-5.5868168175,0.440505,0.472105,39.7671,1.1141,0.5589,0.054327,0.580586,-6.423176,152,0.220412,1833.7041,0.08082,0
456,19.456,6128.93,5787.4594,12410.16,-6.4240275476,0.308901,0.420023,23.1332,1.1746,0.8081,0.062788,0.661427,-4.171472,163,0.220159,1896.9086,0.081553,0
457,19.4987,6039.77,5811.7164,12328.12,-6.3631416702,0.395995,0.423104,25.2164,1.2034,0.8339,0.062259,0.66073,-4.888284,160,0.216659,1904.8728,0.082774,0
458,19.5413,6022.44,5790.1737,12410.16,-5.7376038449,0.301175,0.468013,34.1882,1.133,0.5873,0.054957,0.620036,-1.322372,165,0.217557,1814.939,0.077158,0
459,19.584,5818.44,5773.3283,12234.38,-6.1180524272,0.44253,0.437226,28.4229,1.2015,0.8016,0.059882,0.619632,-5.056787,182,0.213109,1932.9291,0.0796,0
460,19.6267,5991.45,5745.5387,12199.22,-5.7153715278,0.458298,0.465855,37.1845,1.1453,0.6722,0.055292,0.578175,0.643289,170,0.224066,2046.6066,0.073862,0
461,19.6693,5696.34,5767.0648,12128.91,-5.395052418,0.291538,0.481223,50.1027,1.1634,0.5986,0.052942,0.498016,-8.603616,174,0.228686,1944.4096,0.064949,0
462,19.712,6034.4,5775.5709,12398.44,-5.9369819282,0.342194,0.451262,30.4222,1.1713,0.7012,0.057595,0.622654,0.21763,175,0.230794,1806.3884,0.072274,0
463,19.7547,6066.84,5923.6465,12949.22,-5.6586459955,0.2693,0.470236,35.2978,1.1048,0.4405,0.054614,0.587675,-0.430427,191,0.219401,1903.7446,0.078623,0
464,19.7973,6024.2,5781.5046,12679.69,-5.5616955355,0.297356,0.477955,38.5198,1.1206,0.55,0.053436,0.549103,-7.61437,159,0.221154,1965.6354,0.074106,0
465,19.84,6072.03,5720.8535,12363.28,-5.6566846322,0.259862,0.471371,37.4914,1.1397,0.6388,0.05444,0.600427,-4.156171,191,0.213751,2029.4257,0.081065,0
466,19.8827,6031.05,5792.9001,12363.28,-6.4975379281,0.428474,0.413692,21.7791,1.2128,0.8552,0.063887,0.673527,-7.07005,184,0.234935,1849.3838,0.083628,0
467,19.9253,5910.92,5803.1067,12410.16,-5.5905209226,0.29952,0.476871,41.3695,1.1564,0.5974,0.0536,0.577548,-6.358688,174,0.219447,1880.4465,0.073251,0
468,19.968,5782.91,5734.7384,12292.97,-5.8240520763,0.319963,0.468573,36.2221,1.1923,0.7042,0.054871,0.579098,-8.06339,139,0.201632,1819.8346,0.072641,0
469,20.0107,5873.97,5719.1905,12210.94,-5.7727740898,0.329178,0.462386,33.9187,1.1769,0.6738,0.055832,0.609899,-5.989775,165,0.20865,1907.2924,0.077402,0
470,20.0533,6085.34,5816.2371,12515.62,-5.5029598654,0.326816,0.487633,42.036,1.1208,0.5443,0.051985,0.586865,-0.327916,168,0.216373,1863.6444,0.074838,0
471,20.096,6011.65,5785.6449,12410.16,-5.912235119,0.271117,0.449739,33.3096,1.1404,0.6372,0.05784,0.606169,-6.089193,169,0.216478,1933.4601,0.080942,0
472,20.1387,5882.4,5764.5409,12269.53,-6.1167439734,0.406625,0.434983,29.6276,1.2102,0.8197,0.060255,0.625159,-8.114991,146,0.220733,1846.5188,0.079844,0
473,20.1813,5769.13,5771.4666,12199.22,-6.2417941713,0.383037,0.43137,28.5009,1.2419,0.9024,0.060858,0.617152,-8.053938,166,0.216151,1846.2857,0.068978,0
474,20.224,5925.13,5807.5397,12433.59,-5.7762207377,0.391937,0.455901,33.9924,1.1771,0.6662,0.056855,0.592725,-4.81549,172,0.227555,1837.315,0.073129,0
475,20.2667,5915.65,5795.1075,12398.44,-5.8387388634,0.395534,0.460411,36.001,1.1642,0.6212,0.056142,0.597465,-8.285395,152,0.214093,1993.5475,0.08021,0
476,20.3093,6108.37,5809.6754,12750.0,-5.7181170921,0.436541,0.471425,37.3329,1.0853,0.4815,0.054431,0.612114,-1.859759,144,0.211667,2031.0409,0.082896,0
477,20.352,6097.55,5778.0167,12398.44,-6.4014855393,0.316154,0.426934,25.3245,1.1715,0.8008,0.061607,0.666621,-3.628884,170,0.208714,2044.9989,0.082408,0
478,20.3947,6023.61,5742.3981,12304.69,-6.0820467627,0.410046,0.434036,29.568,1.1762,0.812,0.060412,0.626289,-7.196882,172,0.219447,1951.192,0.084849,0
479,20.4373,6178.02,5864.6292,12832.03,-5.5998501262,0.288059,0.471346,34.2419,1.1206,0.5498,0.054443,0.606773,-4.982503,183,0.207593,1960.5297,0.085826,0
480,20.48,6318.66,5893.0536,12878.91,-7.4090865906,0.34353,0.353574,14.3188,1.2023,0.9864,0.075253,0.708283,-1.596374,171,0.224545,2146.7524,0.084849,0
481,20.5227,5922.26,5794.4979,12363.28,-6.6382353893,0.369111,0.395497,21.733,1.2462,0.9887,0.067143,0.654781,-1.829678,161,0.232969,1966.4763,0.08314,0
482,20.5653,6155.65,5824.5767,12445.31,-6.5875118265,0.262538,0.406191,22.7722,1.152,0.7687,0.065212,0.657451,-5.802194,160,0.218964,2067.7484,0.083995,0
483,20.608,6140.25,5821.5008,12761.72,-5.7749542361,0.375764,0.468632,34.9563,1.0999,0.5075,0.054861,0.626572,-1.305002,175,0.216024,1902.2063,0.08839,0
484,20.6507,6192.66,5852.1401,12855.47,-6.2110649028,0.295508,0.433437,25.4777,1.1434,0.6799,0.060512,0.66138,-3.743641,171,0.210023,2003.5,0.087535,0
485,20.6933,5874.16,5747.0263,12199.22,-5.6055975226,0.33157,0.467856,41.3795,1.184,0.7142,0.054981,0.564876,0.609342,160,0.222585,1959.3052,0.082774,0
486,20.736,6315.81,5832.6131,12750.0,-6.926381384,0.286372,0.385926,18.2324,1.1749,0.9079,0.068916,0.693287,-4.217418,176,0.221138,2181.5343,0.087413,0
487,20.7787,6307.14,5921.9506,12750.0,-7.0748884502,0.280055,0.376506,15.5981,1.1767,0.8794,0.070705,0.697775,-2.790689,164,0.207599,2123.9683,0.094006,0
488,20.8213,6352.35,5935.9239,12925.78,-7.1344707342,0.305573,0.377096,16.0474,1.1646,0.8357,0.070591,0.702142,-5.253211,158,0.204078,2073.1589,0.093639,0
489,20.864,5931.57,5748.7789,12339.84,-5.6553436661,0.286913,0.472197,41.1839,1.1368,0.6139,0.054313,0.556255,-10.02912,156,0.205977,1956.0804,0.087047,0
490,20.9067,5944.58,5847.3244,12515.62,-5.7179071393,0.316425,0.454615,33.9276,1.1446,0.5893,0.057059,0.608503,-7.372174,175,0.214454,1890.8352,0.079111,0
491,20.9493,6088.12,5854.3705,12574.22,-6.9330157836,0.265138,0.379357,18.1314,1.2165,0.9453,0.070159,0.681446,-1.728137,170,0.226215,2109.5318,0.080576,0
492,20.992,6183.54,5899.4386,12410.16,-7.225069914,0.282531,0.375624,16.263,1.2052,0.972,0.070874,0.697503,-7.529375,166,0.214342,2012.0124,0.085704,0
493,21.0347,6157.03,5834.1948,12656.25,-6.0490732677,0.292501,0.440051,29.9538,1.1389,0.6609,0.059416,0.648785,-0.462901,183,0.206828,1868.1264,0.084483,0
494,21.0773,5923.82,5814.1179,12421.88,-6.1486479337,0.312539,0.427831,28.1165,1.1882,0.7736,0.061455,0.635183,-0.929703,160,0.230604,2060.232,0.077158,0
495,21.12,6029.17,5856.5868,12632.81,-6.2053516078,0.452723,0.426826,25.7172,1.1647,0.7013,0.061625,0.636863,-0.613524,173,0.21574,1959.3574,0.073251,0
496,21.1627,5839.93,5809.071,12363.28,-5.9199297998,0.312256,0.453229,31.7211,1.1714,0.6593,0.05728,0.601018,-7.896643,150,0.222088,1809.2638,0.078379,0
497,21.2053,6192.42,5867.8804,12808.59,-6.1567316453,0.263908,0.440775,26.4234,1.1414,0.6465,0.059297,0.659043,-3.645621,170,0.22043,1858.5527,0.080942,0
498,21.248,6050.58,5791.7315,12457.03,-5.8580974226,0.323341,0.457942,33.5634,1.17,0.6867,0.056532,0.630405,-2.082611,174,0.217618,1998.0601,0.080332,0
499,21.2907,6136.81,5853.2267,12738.28,-6.3300118284,0.323277,0.427678,25.6966,1.1617,0.7429,0.061481,0.662378,-4.289087,172,0.219698,1965.0477,0.084849,0
500,21.3333,6006.59,5867.1034,12785.16,-5.6479760903,0.261474,0.469657,41.3571,1.1068,0.4864,0.054703,0.573753,0.758053,153,0.214501,1904.7209,0.08253,0
501,21.376,6162.38,5890.036,12855.47,-5.6691687677,0.334824,0.46008,33.5133,1.0936,0.4739,0.056194,0.614477,-6.462276,197,0.21724,2060.6123,0.081431,0
502,21.4187,6183.15,5937.498,12902.34,-6.5988148217,0.345787,0.405988,21.7785,1.1692,0.7864,0.065248,0.67675,-5.121719,168,0.214104,2001.6082,0.086558,0
503,21.4613,6132.21,5864.3993,12785.16,-6.1599654085,0.336308,0.440389,25.7293,1.153,0.64,0.059361,0.656075,-4.085293,152,0.207376,1946.3496,0.085948,0
504,21.504,6055.01,5876.1247,12832.03,-5.8318538942,0.32296,0.45864,36.2672,1.1517,0.596,0.056421,0.609014,-4.924474,156,0.204485,1886.8109,0.077158,0
505,21.5467,5984.43,5807.2614,12339.84,-6.0685512271,0.356103,0.44566,30.7598,1.1764,0.7147,0.058499,0.636123,-2.320897,172,0.208552,1937.4203,0.076425,0
506,21.5893,5943.55,5730.4721,12234.38,-6.3925240395,0.353698,0.413103,24.2318,1.2184,0.9194,0.06399,0.646783,-5.964765,160,0.211442,1949.9326,0.087047,0
507,21.632,6182.86,5823.5718,12539.06,-5.857901088,0.421008,0.455368,31.3469,1.1253,0.629,0.05694,0.619127,-6.941025,179,0.215403,1948.6115,0.085704,0
508,21.6747,6083.2,5737.1114,12304.69,-6.2396421473,0.334382,0.43729,25.9596,1.1646,0.8209,0.059872,0.660764,-7.793665,174,0.217302,1948.6315,0.079966,0
509,21.7173,6211.36,5875.0391,12691.41,-6.4848944464,0.182941,0.416821,23.6993,1.1199,0.7027,0.063342,0.674264,-5.829208,161,0.222493,1895.5175,0.08839,0
510,21.76,6150.01,5869.7741,12726.56,-6.2397500642,0.315442,0.432157,26.4952,1.1534,0.7121,0.060726,0.659323,-2.888479,156,0.20389,1990.6268,0.088268,0
511,21.8027,6234.32,5885.5755,12820.31,-6.3829757226,0.247597,0.420289,23.1299,1.1597,0.7524,0.062742,0.665822,-5.279144,159,0.203799,2012.8275,0.082285,0
512,21.8453,6256.61,5865.2894,12984.38,-6.4717775521,0.188518,0.414336,22.9915,1.0893,0.5575,0.063775,0.678269,-3.589974,166,0.208271,2074.6305,0.088878,0
513,21.888,6230.14,5879.0638,12914.06,-6.4827927274,0.279958,0.416378,22.0943,1.1601,0.7497,0.063419,0.672333,-3.050308,175,0.21927,2047.1251,0.091564,0
514,21.9307,5935.92,5833.5594,12585.94,-5.8012284432,0.332584,0.461587,32.8667,1.1399,0.5749,0.055958,0.587999,-8.770941,173,0.222163,1957.8966,0.082041,0
515,21.9733,5827.55,5865.2984,12375.0,-6.2234390449,0.337211,0.425654,29.2036,1.203,0.7572,0.061824,0.593141,-5.964486,174,0.205997,1879.2968,0.082285,0
516,22.016,6212.56,5887.9534,12750.0,-6.7640733592,0.302724,0.394062,19.2877,1.1754,0.8233,0.067406,0.679626,-3.327057,165,0.227083,2105.906,0.085826,0
517,22.0587,6238.74,5864.0681,12714.84,-6.5616372355,0.233867,0.403291,22.1164,1.1468,0.7312,0.06573,0.674506,-5.621834,180,0.219922,2026.2196,0.086192,0
518,22.1013,6075.18,5764.6966,12433.59,-6.0995022569,0.310202,0.445959,29.508,1.1587,0.7141,0.058451,0.647453,-1.556012,168,0.209923,1886.8303,0.089488,0
519,22.144,6259.22,5874.4017,12949.22,-6.3703101448,0.363182,0.42031,22.7078,1.0985,0.5623,0.062738,0.685904,-3.786628,157,0.208709,1972.247,0.085826,0
520,22.1867,6007.41,5890.6557,12667.97,-5.8054341723,0.385373,0.462962,32.7358,1.1423,0.5659,0.055742,0.598802,-6.777162,149,0.218299,1856.9514,0.075204,0
521,22.2293,5888.54,5791.0869,12128.91,-5.7188576662,0.370937,0.468553,36.1364,1.1359,0.6118,0.054874,0.545094,-7.073665,148,0.21111,1947.8312,0.073007,0
522,22.272,6169.79,5881.1576,12550.78,-6.8282584612,0.430499,0.393298,19.175,1.2229,0.9541,0.067546,0.684264,-2.707191,157,0.224967,1981.0716,0.083384,0
523,22.3147,6150.55,5829.2008,12785.16,-6.2470751569,0.263315,0.430716,24.8549,1.1535,0.6963,0.060968,0.659913,-4.153982,172,0.215019,1918.1956,0.086192,0
524,22.3573,6054.14,5855.6205,12597.66,-6.2908068001,0.341268,0.428826,25.2541,1.1631,0.718,0.061286,0.640909,-5.855064,164,0.211281,1892.4815,0.083628,0
525,22.4,6173.56,5824.5112,12621.09,-6.5884444332,0.319174,0.401908,21.247,1.1746,0.8275,0.065979,0.678254,-7.566342,167,0.210959,2062.2134,0.080454,0
526,22.4427,6146.51,5891.6611,12808.59,-6.7160124714,0.28264,0.402708,21.1841,1.1874,0.8121,0.065835,0.679642,-6.83385,168,0.209714,1969.1039,0.084361,0
527,22.4853,6029.96,5807.8855,12539.06,-6.1802836578,0.363024,0.436929,27.2218,1.1869,0.7328,0.059931,0.655836,-1.871848,169,0.207568,1825.4805,0.084971,0
528,22.528,6058.77,5808.2997,12433.59,-6.418547622,0.314857,0.416168,24.5341,1.1604,0.7123,0.063455,0.675272,-6.854046,179,0.22069,1992.6666,0.07667,0
529,22.5707,6364.09,5972.5073,12972.66,-6.7109594247,0.27634,0.400991,19.6311,1.1093,0.6274,0.066144,0.679148,-5.378705,150,0.214174,1915.2128,0.087901,0
530,22.6133,6234.11,5921.675,12949.22,-6.4303025942,0.192798,0.419372,23.085,1.0998,0.5626,0.0629,0.659368,-4.183681,152,0.211739,1960.9156,0.096569,0
531,22.656,6116.12,5833.5176,12679.69,-6.1557191177,0.367973,0.435518,27.1676,1.1367,0.6451,0.060166,0.653089,-6.834797,167,0.214499,1964.551,0.085948,0
532,22.6987,5991.18,5722.6999,12222.66,-5.8557413485,0.361133,0.453727,33.5822,1.1454,0.6979,0.057201,0.600323,-6.904065,172,0.212883,1846.7505,0.08314,0
533,22.7413,6045.21,5782.9277,12363.28,-6.3106932339,0.16237,0.425297,25.7485,1.1482,0.7238,0.061885,0.641495,-6.25293,160,0.210598,1887.1955,0.086436,0
534,22.784,6124.7,5898.8872,12796.88,-6.8891710362,0.275386,0.389673,19.3264,1.1676,0.7792,0.068217,0.673188,-5.841806,164,0.219329,1962.1197,0.086925,0
535,22.8267,6036.03,5798.4478,12503.91,-6.234476183,0.299363,0.436796,27.784,1.1643,0.7429,0.059954,0.646759,-7.534796,182,0.212101,1916.0643,0.084971,0
536,22.8693,6007.63,5781.522,12410.16,-6.4243538609,0.391103,0.419204,25.7889,1.1919,0.8033,0.062929,0.664019,-1.05249,170,0.219499,2044.2976,0.087779,0
537,22.912,6324.72,5907.6147,12867.19,-6.7503942702,0.251936,0.397126,19.8832,1.141,0.7428,0.066845,0.687637,-4.731883,144,0.215321,2011.5946,0.090465,0
538,22.9547,6196.24,5829.2193,12750.0,-6.0208487195,0.361426,0.446603,29.1355,1.1225,0.6067,0.058346,0.641514,-8.126825,165,0.210438,1899.5221,0.080088,0
539,22.9973,6041.13,5844.4481,12433.59,-5.6298111181,0.229083,0.478332,40.1641,1.1268,0.56,0.053378,0.589162,1.176107,183,0.21526,1934.8419,0.074106,0
540,23.04,6014.21,5802.4813,12632.81,-6.1589747016,0.282648,0.435237,25.6183,1.1732,0.7252,0.060212,0.645348,-1.132593,156,0.222343,1881.6206,0.079233,0
541,23.0827,5971.64,5763.6879,12292.97,-6.4121766824,0.226615,0.42398,24.8722,1.2154,0.9008,0.062109,0.665396,-4.119119,161,0.216676,1960.6401,0.083384,0
542,23.1253,5919.71,5783.0552,12292.97,-6.5082717947,0.290764,0.419588,24.1206,1.212,0.8664,0.062863,0.674995,-4.220928,158,0.213627,1967.501,0.081553,0
543,23.168,6081.35,5773.9004,12433.59,-6.0588429265,0.216112,0.440565,28.0374,1.1719,0.7493,0.059332,0.644187,-5.303375,161,0.214431,1990.5912,0.076059,0
544,23.2107,5893.99,5802.7973,12316.41,-5.5585869912,0.435918,0.469414,40.5383,1.1507,0.5772,0.054741,0.549302,-4.496801,156,0.221445,1947.8122,0.071176,0
545,23.2533,5992.19,5743.0098,12246.09,-6.344776651,0.347334,0.418445,25.9196,1.1817,0.8484,0.06306,0.641602,-0.805709,170,0.220944,2042.8304,0.075693,0
546,23.296,5995.52,5812.7875,12468.75,-6.4809279568,0.282173,0.41544,23.4448,1.1838,0.7521,0.063582,0.664628,-1.556317,176,0.22711,1892.6975,0.077524,0
547,23.3387,5942.55,5862.0294,12421.88,-6.3401633162,0.337512,0.423843,26.2482,1.1962,0.7769,0.062132,0.657145,-3.753717,167,0.208435,1891.8404,0.077158,0
548,23.3813,6151.14,5844.0938,12761.72,-6.522116159,0.374407,0.411044,22.442,1.1673,0.7726,0.064352,0.669957,-6.188057,158,0.203272,2004.9586,0.083506,0
549,23.424,6196.82,5944.4541,12878.91,-6.0114407492,0.325061,0.450712,29.8396,1.1232,0.5454,0.057683,0.653165,-5.278392,169,0.205715,1952.3697,0.085215,0
550,23.4667,6072.31,5867.7448,12750.0,-5.7635077677,0.382676,0.45917,32.519,1.1071,0.4857,0.056338,0.595869,-6.740621,162,0.209965,1822.2634,0.083384,0
551,23.5093,6037.07,5841.8841,12667.97,-6.0224032951,0.310859,0.448329,29.3635,1.1484,0.6148,0.058067,0.61714,-8.429652,173,0.209156,1933.8752,0.086436,0
552,23.552,6133.75,5879.4005,12855.47,-6.2211467242,0.299033,0.434245,27.0879,1.1372,0.6237,0.060378,0.652331,-4.237352,156,0.213732,1872.6412,0.090343,0
553,23.5947,5996.45,5829.2144,12574.22,-6.0992885151,0.246458,0.439533,28.8619,1.1526,0.6588,0.059501,0.616344,-6.689762,141,0.208174,2047.7749,0.083018,0
554,23.6373,6036.84,5812.2496,12445.31,-6.0695457415,0.276659,0.449565,28.9294,1.1444,0.6676,0.057868,0.619811,-4.661846,170,0.203302,1861.0105,0.07435,0
555,23.68,5963.94,5839.763,12304.69,-6.1388828252,0.425259,0.426706,25.5652,1.1838,0.7625,0.061645,0.624305,-6.031336,169,0.210715,1820.2351,0.079111,0
556,23.7227,6147.21,5886.2721,12855.47,-6.4643688416,0.240125,0.410252,22.451,1.1673,0.7381,0.064492,0.66585,-2.29505,151,0.223785,2042.6468,0.088878,0
557,23.7653,6169.05,5713.9118,12433.59,-5.7308224335,0.34177,0.453368,33.3344,1.101,0.5798,0.057258,0.587792,-6.671926,187,0.232321,2023.6525,0.087291,0
558,23.808,6400.24,5892.921,13078.12,-6.0250756795,0.394633,0.440054,26.6844,1.0568,0.445,0.059416,0.643567,-2.906964,154,0.219605,1954.3222,0.078257,0
559,23.8507,5800.44,5787.8894,12292.97,-5.6798079073,0.339556,0.463875,37.1245,1.1625,0.6322,0.0556,0.57264,0.054663,176,0.227563,1998.0067,0.074106,0
560,23.8933,5834.59,5724.6616,12304.69,-6.087839517,0.358809,0.437313,30.198,1.1744,0.7373,0.059868,0.600444,-6.478646,162,0.216174,1918.6891,0.074228,0
561,23.936,5905.25,5749.1022,12398.44,-5.8121241767,0.369054,0.449244,32.5853,1.1558,0.6328,0.05792,0.586129,-3.927816,178,0.22217,1876.0959,0.071664,0
562,23.9787,5854.09,5672.7022,12093.75,-6.11614907,0.367294,0.440372,29.6035,1.2117,0.8711,0.059363,0.629367,-5.300521,169,0.231547,1974.0492,0.081065,0
563,24.0213,6115.87,5855.3905,12785.16,-6.5008837116,0.290658,0.410103,21.8511,1.1729,0.7499,0.064518,0.668826,-5.24674,171,0.229383,1957.6151,0.087169,0
564,24.064,6203.57,5854.2626,12878.91,-6.0114617841,0.332117,0.442546,26.5172,1.1426,0.6338,0.059007,0.661927,-6.656624,179,0.213832,1926.6598,0.085826,0
565,24.1067,6360.56,5896.3349,12949.22,-7.0579197391,0.237433,0.378482,16.0153,1.1734,0.8592,0.070326,0.714162,-5.046354,174,0.213446,1954.7875,0.089855,0
566,24.1493,6492.58,5974.1947,13066.41,-6.9452637352,0.308019,0.378955,16.4555,1.1275,0.7313,0.070235,0.703639,-5.559028,186,0.212804,2134.3123,0.092052,0
567,24.192,6220.74,5903.6666,12738.28,-6.8179490053,0.459475,0.384304,17.9914,1.1769,0.833,0.069221,0.67592,-5.900503,189,0.206308,2053.8896,0.091564,0
568,24.2347,6174.09,5894.5917,12679.69,-6.6396562539,0.343562,0.402455,20.6286,1.1804,0.8272,0.06588,0.67005,-7.255109,154,0.214081,2028.095,0.087291,0
569,24.2773,6133.97,5808.8255,12609.38,-6.2431436525,0.29581,0.436737,24.3694,1.1846,0.7747,0.059963,0.663746,-5.669199,175,0.215688,1918.7621,0.078989,0
570,24.32,5836.24,5666.3098,12082.03,-5.3053395836,0.233612,0.491034,50.9208,1.1527,0.6403,0.051481,0.51317,2.015261,166,0.229092,2032.3088,0.074228,0
571,24.3627,5952.43,5756.5957,12386.72,-5.6951995519,0.208318,0.473313,38.8717,1.1174,0.5266,0.054142,0.601805,0.762512,164,0.219687,2010.5375,0.078257,0
572,24.4053,6052.31,5815.3995,12386.72,-6.6504747641,0.422977,0.408923,20.5916,1.2141,0.9029,0.064726,0.692693,-6.650966,170,0.221411,1958.0249,0.08021,0
573,24.448,5889.64,5796.2394,12304.69,-5.8112650203,0.350426,0.452599,35.1471,1.1615,0.6556,0.057381,0.584482,-7.564692,165,0.218401,1806.5726,0.084361,0
574,24.4907,6216.89,5803.1046,12632.81,-6.453809702,0.245293,0.415616,23.3016,1.1613,0.7844,0.063551,0.687585,-2.678193,173,0.224368,1913.1679,0.085093,0
575,24.5333,6022.73,5745.2091,12316.41,-6.135116575,0.414636,0.438006,28.7028,1.1603,0.7799,0.059753,0.626783,-5.945612,164,0.215031,1976.8868,0.082285,0
576,24.576,5979.6,5747.0187,12093.75,-6.1099316405,0.32524,0.439979,28.9611,1.1909,0.8128,0.059428,0.646133,-3.752429,166,0.224375,1873.8318,0.084727,0
577,24.6187,6006.41,5821.9724,12292.97,-7.2482352677,0.324346,0.369184,16.8621,1.2219,1.0178,0.072126,0.688218,-5.747023,165,0.216066,2048.43,0.08607,0
578,24.6613,6077.41,5792.2886,12480.47,-6.1208666425,0.356178,0.443387,27.2615,1.1449,0.6531,0.058869,0.645193,-8.341168,155,0.207216,1977.635,0.083873,0
579,24.704,5962.17,5690.9141,12234.38,-5.9043195695,0.218279,0.454879,34.2309,1.161,0.7367,0.057017,0.617552,-7.555751,165,0.219732,2022.7652,0.081309,0
580,24.7467,5866.81,5722.0317,12351.56,-5.6571650896,0.324337,0.466855,39.6385,1.1598,0.6458,0.055136,0.592173,-5.49773,173,0.228919,1972.3335,0.076425,0
581,24.7893,5830.04,5696.9955,11941.41,-5.923046282,0.201794,0.452811,33.7678,1.1867,0.8022,0.057347,0.594924,-4.679171,169,0.220781,1900.6102,0.077524,0
582,24.832,6310.44,5885.9373,12820.31,-6.7097182709,0.278119,0.406069,19.896,1.165,0.806,0.065233,0.684089,-2.064037,162,0.230553,2037.4113,0.08839,0
583,24.8747,6132.13,5883.1715,12773.44,-6.3857273664,0.252928,0.42023,23.6138,1.1456,0.6772,0.062752,0.661488,-6.768231,169,0.210942,1978.3132,0.089855,0
584,24.9173,5959.73,5744.138,12222.66,-6.2841345044,0.386722,0.427024,27.2629,1.2121,0.8581,0.061591,0.653898,-5.485422,158,0.215336,1790.1599,0.084239,0
585,24.96,5967.9,5821.9247,12410.16,-6.2879426033,0.355866,0.430933,27.3089,1.1671,0.7163,0.060932,0.623363,-1.79233,161,0.211264,1872.6084,0.086925,0
586,25.0027,6117.96,5869.6165,12832.03,-6.055166104,0.331137,0.439181,28.2469,1.1224,0.5832,0.059559,0.617382,-7.484858,178,0.205082,1848.0701,0.082163,0
587,25.0453,6098.6,5762.9776,12539.06,-5.5532290102,0.27069,0.48341,39.4706,1.1342,0.5961,0.052614,0.578736,0.396631,179,0.216357,1917.7934,0.075082,0
588,25.088,6046.87,5806.2052,12621.09,-5.4848770769,0.412125,0.483262,40.9884,1.1138,0.5035,0.052636,0.546294,0.072793,163,0.20451,1808.7466,0.08021,0
589,25.1307,6099.08,5776.4214,12492.19,-6.1654722481,0.334155,0.432698,27.439,1.1155,0.6196,0.060636,0.634712,-4.528236,170,0.21795,1923.0924,0.08253,0
590,25.1733,6073.1,5871.0423,12738.28,-6.7308190188,0.394016,0.399877,20.937,1.1975,0.839,0.066346,0.677151,-3.060427,164,0.212073,1961.8942,0.090099,0
591,25.216,6401.53,5877.2997,13007.81,-6.3445714202,0.23808,0.431604,23.2612,1.0891,0.5599,0.060819,0.684804,-4.777554,158,0.204894,1929.8386,0.096569,0
592,25.2587,6234.39,5890.0997,12984.38,-6.17659669,0.472984,0.43518,23.7359,1.0966,0.4951,0.060222,0.6642,-3.50813,155,0.210056,1907.5144,0.088023,0
593,25.3013,6250.91,5872.3735,12890.62,-6.1878363349,0.304316,0.436316,23.8012,1.1153,0.6006,0.060033,0.656056,-5.026377,157,0.219173,1896.1569,0.085826,0
594,25.344,6059.08,5793.922,12410.16,-5.9412943455,0.394553,0.441433,28.3937,1.1449,0.6229,0.059189,0.637095,-6.65803,177,0.220777,1850.9955,0.087901,0
595,25.3867,6292.91,5884.121,12996.09,-6.082128654,0.326473,0.444419,25.902,1.0831,0.4839,0.058701,0.654609,-5.74507,154,0.221682,1825.0222,0.086192,0
596,25.4293,6289.92,5870.5644,12703.12,-6.1561569996,0.266866,0.433954,26.0643,1.1101,0.6154,0.060426,0.651773,-5.718241,167,0.203448,1905.9771,0.085582,0
597,25.472,6092.0,5835.5877,12386.72,-6.2159166902,0.232421,0.429774,26.2704,1.1365,0.6954,0.061127,0.635002,-6.220709,159,0.20799,1971.2383,0.074472,0
598,25.5147,6011.79,5869.9672,12433.59,-6.1130350681,0.259572,0.437563,27.5389,1.1579,0.6576,0.059827,0.623015,-5.406583,180,0.21536,2004.4205,0.067513,0
599,25.5573,5796.72,5730.8712,12269.53,-5.4545266571,0.358326,0.474729,43.1777,1.1615,0.6322,0.053926,0.508074,-7.531307,167,0.231275,1943.9629,0.064339,0
600,25.6,5825.02,5705.8884,12175.78,-5.1481739184,0.442602,0.508199,56.4046,1.1259,0.5614,0.048994,0.460673,3.375386,169,0.218495,1952.3441,0.057868,0
601,25.6427,5952.36,5828.8118,12679.69,-6.2447143435,0.354251,0.431935,28.8904,1.1884,0.7264,0.060764,0.635295,-7.484074,162,0.223734,1805.3581,0.064827,0
602,25.6853,6055.64,5684.8897,12328.12,-5.6989217315,0.34928,0.468531,36.4436,1.1139,0.6003,0.054877,0.614768,-0.85846,161,0.225486,1853.5142,0.076914,0
603,25.728,5918.22,5671.874,12246.09,-5.608230825,0.325551,0.461618,40.1072,1.1489,0.6868,0.055953,0.554191,-9.184995,163,0.232523,1997.0996,0.0796,0
604,25.7707,6001.18,5784.138,12351.56,-6.1711596534,0.334087,0.426122,26.2569,1.1628,0.7298,0.061744,0.626886,-8.975617,187,0.217982,2008.372,0.07667,0
605,25.8133,6071.83,5833.8342,12375.0,-6.5183739446,0.244435,0.406487,20.7528,1.187,0.8435,0.065159,0.655243,-4.434076,195,0.211573,1959.9721,0.077158,0
606,25.856,6115.43,5861.9992,12820.31,-6.5371990825,0.314898,0.411637,21.9448,1.1573,0.7154,0.064248,0.652656,-4.547042,169,0.203247,1951.2409,0.084117,0
607,25.8987,6300.26,5891.7404,13089.84,-6.367517192,0.347365,0.426613,22.9542,1.1139,0.5581,0.061661,0.673443,-6.441147,172,0.207919,2033.2363,0.091198,0
608,25.9413,6116.9,5771.4724,12515.62,-5.3073722539,0.301032,0.488948,45.8813,1.0692,0.4805,0.05179,0.529611,2.141172,174,0.213855,1984.7373,0.08253,0
609,25.984,5997.65,5865.1434,12820.31,-5.7634626305,0.387193,0.4584,35.5141,1.1453,0.586,0.056459,0.609385,-1.34766,167,0.225542,1925.1877,0.074106,0
610,26.0267,6123.64,5804.432,12515.62,-6.6545570826,0.332255,0.40493,21.0511,1.1969,0.89,0.065437,0.678171,-3.863912,177,0.212955,2056.0911,0.077768,0
611,26.0693,6122.97,5812.1699,12445.31,-5.6620884893,0.277552,0.474509,37.4364,1.0927,0.5001,0.053959,0.58747,-0.377206,193,0.216002,1997.301,0.090465,0
612,26.112,6268.93,5855.4484,12679.69,-6.6888548469,0.29296,0.404342,18.7448,1.1933,0.8576,0.065542,0.696144,-5.752234,173,0.231695,2060.5514,0.096569,0
613,26.1547,6108.53,5850.1078,12410.16,-6.595727998,0.279938,0.408299,20.8933,1.1886,0.7939,0.064837,0.675883,-4.318746,154,0.214411,1961.5611,0.088146,0
614,26.1973,6009.06,5791.2237,12328.12,-6.4319289317,0.393981,0.414648,24.2867,1.2157,0.9043,0.06372,0.653743,-0.843139,177,0.219642,1932.4477,0.084483,0
615,26.24,6135.91,5844.193,12632.81,-6.5269571823,0.322518,0.419238,23.413,1.1889,0.804,0.062923,0.682153,-4.088157,172,0.219544,2037.2721,0.084971,0
616,26.2827,6003.22,5822.8732,12363.28,-6.4171625395,0.4242,0.418344,25.3726,1.2037,0.8585,0.063078,0.650988,-6.652969,152,0.207847,1995.0506,0.083506,0
617,26.3253,6072.85,5791.3834,12351.56,-6.2592647815,0.37533,0.428116,26.6061,1.1723,0.7961,0.061406,0.64285,-6.455386,157,0.217838,1961.2982,0.08314,0
618,26.368,5854.39,5803.8693,12363.28,-6.0910794069,0.373284,0.439703,28.8941,1.1947,0.7487,0.059473,0.599337,-7.303928,162,0.208836,1892.9067,0.082285,0
619,26.4107,5953.17,5779.5092,12515.62,-5.550189626,0.278315,0.474398,41.3344,1.1591,0.6149,0.053976,0.570013,-4.745516,180,0.220683,1826.4797,0.076303,0
620,26.4533,6057.4,5773.5255,12410.16,-6.2673194121,0.253879,0.4335,27.2648,1.201,0.797,0.060502,0.673248,-1.310705,170,0.220184,1841.2315,0.079844,0
621,26.496,6229.05,5844.6231,12738.28,-7.1436688911,0.265401,0.370593,16.9534,1.194,0.9351,0.071851,0.707095,-2.552607,188,0.210144,2091.5054,0.089,0
622,26.5387,6125.18,5846.3967,12691.41,-6.2346675826,0.286,0.432969,25.0579,1.1576,0.6998,0.060591,0.665076,-6.654304,173,0.205725,1979.7925,0.089977,0
623,26.5813,5973.98,5857.0573,12878.91,-5.4295883289,0.530685,0.480168,39.0722,1.0863,0.3809,0.053101,0.572417,-0.960534,157,0.220365,1845.9533,0.077036,0
624,26.624,5981.26,5849.4879,12492.19,-6.0912941281,0.410864,0.4433,29.9759,1.1698,0.7297,0.058884,0.610808,-10.430521,148,0.220906,2021.6462,0.067757,0
625,26.6667,5997.43,5828.914,12410.16,-6.2348939944,0.293864,0.42796,25.7309,1.1836,0.7406,0.061433,0.637059,-7.400481,165,0.218255,1965.7145,0.0796,0
626,26.7093,6292.52,5842.7013,12843.75,-6.0091750209,0.244886,0.452166,27.8258,1.0819,0.5002,0.05745,0.653118,-1.752927,157,0.21101,1873.8693,0.07789,0
627,26.752,6076.48,5838.1147,12703.12,-5.5363144885,0.277835,0.485705,40.7109,1.1168,0.5156,0.052271,0.576174,-0.004355,178,0.216887,1982.2198,0.075204,0
628,26.7947,6345.44,6007.004,13019.53,-6.3488934697,0.307297,0.417096,21.5881,1.1077,0.5838,0.063294,0.652219,-4.592137,174,0.228014,1950.4249,0.088268,0
629,26.8373,6005.7,5817.6353,12410.16,-5.7792058716,0.323548,0.459999,36.3366,1.1399,0.6048,0.056207,0.587172,-8.191023,154,0.217367,1949.144,0.080942,0
630,26.88,5807.33,5760.5764,12328.12,-5.8434400608,0.234029,0.454742,36.1339,1.1807,0.6992,0.057039,0.548884,-9.383861,184,0.212702,1876.5146,0.063118,0
631,26.9227,6030.37,5799.81,12269.53,-6.0221021647,0.187746,0.445726,28.4138,1.1753,0.77,0.058489,0.63965,-1.387222,161,0.219374,1888.571,0.073373,0
632,26.9653,6183.56,5829.8214,12785.16,-6.1900614465,0.309722,0.433136,26.1437,1.1471,0.6833,0.060563,0.654081,-2.495929,171,0.2055,1917.7524,0.084971,0
633,27.008,5811.31,5718.5573,12140.62,-5.94992653,0.240194,0.445929,32.6258,1.1783,0.7332,0.058456,0.610355,-0.537162,185,0.221799,1977.3636,0.083506,0
634,27.0507,6186.75,5799.1489,12644.53,-5.7023205754,0.26814,0.457651,33.7623,1.097,0.5413,0.056578,0.603778,-7.253588,167,0.227282,1942.8367,0.086558,0
635,27.0933,6017.22,5775.7975,12246.09,-6.103325777,0.360014,0.434319,28.1633,1.1972,0.8308,0.060365,0.646191,0.168616,176,0.226976,1926.8925,0.083018,0
636,27.136,6226.23,5925.5304,12914.06,-6.4104148885,0.355158,0.417144,21.6843,1.1528,0.7116,0.063286,0.660559,-4.643175,174,0.21468,2041.2434,0.083995,0
637,27.1787,5980.93,5821.1802,12621.09,-6.2618065161,0.302079,0.42946,27.6448,1.1743,0.7243,0.06118,0.635629,-6.887149,180,0.216196,1890.9184,0.083506,0
638,27.2213,5881.28,5744.4393,12351.56,-5.5060103987,0.307082,0.478856,40.4525,1.1523,0.6153,0.053299,0.550919,-6.914968,173,0.219803,2001.8139,0.077158,0
639,27.264,6048.08,5790.523,12632.81,-5.7441026034,0.26265,0.4651,35.727,1.0928,0.5081,0.055409,0.579037,-8.044307,157,0.212579,1872.174,0.076792,0
640,27.3067,5926.04,5798.2611,12375.0,-5.7402611151,0.330304,0.463232,33.4857,1.1569,0.6409,0.0557,0.580874,-7.348661,149,0.216646,1816.0328,0.071298,0
641,27.3493,6004.74,5809.7347,12492.19,-5.4345036219,0.503503,0.483748,41.3763,1.0919,0.4538,0.052563,0.554895,-5.948698,171,0.223347,1826.8586,0.073617,0
642,27.392,6248.29,5830.8468,12832.03,-6.2369126216,0.306802,0.435122,25.191,1.1093,0.5945,0.060231,0.643073,-4.959097,166,0.218601,1844.7716,0.083995,0
643,27.4347,6007.48,5770.3489,12351.56,-6.1154089097,0.250355,0.44473,30.0857,1.1964,0.7713,0.058651,0.660066,-1.816754,174,0.213856,1811.7139,0.084727,0
644,27.4773,6049.8,5799.3961,12398.44,-5.8363496704,0.448703,0.44631,32.084,1.1521,0.6485,0.058394,0.633586,-1.768125,174,0.219264,1836.4552,0.085215,0
645,27.52,6289.96,5958.1064,12937.5,-6.9639506858,0.356985,0.381126,17.8029,1.1472,0.7571,0.069822,0.687967,-4.304626,176,0.224656,2086.0537,0.09132,0
646,27.5627,6372.28,5853.4451,12878.91,-6.2785411995,0.308387,0.434823,23.8779,1.0974,0.6136,0.060281,0.672148,-2.601393,175,0.216182,1897.6728,0.093273,0
647,27.6053,6046.42,5795.3192,12281.25,-6.7542473024,0.321804,0.39252,20.9059,1.2337,0.9805,0.06769,0.683042,-5.721246,179,0.2201,2158.9843,0.091442,0
648,27.648,6266.32,5853.0832,12914.06,-6.1743879029,0.282713,0.435639,26.1894,1.1354,0.6331,0.060145,0.675461,-1.02598,172,0.211317,2012.6029,0.090587,0
649,27.6907,5907.89,5724.006,12304.69,-5.7660717066,0.316198,0.468078,37.1856,1.151,0.6539,0.054947,0.581297,-8.27321,161,0.226087,1892.2512,0.080332,0
650,27.7333,5903.91,5707.8,12234.38,-5.7921544875,0.490032,0.461058,37.078,1.1887,0.7654,0.056041,0.612972,-1.326348,152,0.213762,1785.7867,0.078867,0
651,27.776,6266.77,5870.2358,12832.03,-6.1150769778,0.391801,0.441557,26.8567,1.1216,0.621,0.059169,0.664333,-6.274194,159,0.22016,1994.7094,0.085338,0
652,27.8187,6035.26,5834.8843,12339.84,-6.3579071783,0.295515,0.419015,25.5905,1.1852,0.7931,0.062962,0.652801,-5.705871,185,0.208423,1918.5103,0.08314,0
653,27.8613,6390.69,5862.6279,12949.22,-6.8251209923,0.307334,0.399774,18.6033,1.1541,0.811,0.066364,0.701118,-3.571293,163,0.219774,2062.7446,0.088023,0
654,27.904,6418.53,5902.6968,12960.94,-7.0720623551,0.35658,0.383918,16.8034,1.15,0.8107,0.069294,0.705102,-3.68408,188,0.204138,2102.855,0.091686,0
655,27.9467,5945.62,5786.6683,12375.0,-6.1631739853,0.347724,0.438041,26.7906,1.1761,0.7403,0.059748,0.654093,-2.167215,164,0.210215,1911.5484,0.083995,0
656,27.9893,6042.07,5818.3695,12656.25,-6.0487112081,0.266387,0.445893,30.3451,1.1828,0.7408,0.058462,0.642475,-1.185844,175,0.207006,1955.4329,0.081309,0
657,28.032,6218.3,5951.4616,13171.88,-5.8719634938,0.323936,0.458254,31.9322,1.1244,0.5103,0.056482,0.629878,-0.052077,175,0.211487,1911.5385,0.077158,0
658,28.0747,6149.94,5804.1345,12609.38,-5.4654718812,0.301401,0.484591,41.5313,1.1037,0.4967,0.052437,0.57256,0.96583,168,0.209345,1943.2159,0.070321,0
659,28.1173,5921.28,5718.812,12164.06,-5.2788983695,0.204406,0.491335,48.0967,1.1392,0.5797,0.051437,0.516997,1.342772,183,0.220884,2080.4678,0.071664,0
660,28.16,5889.43,5741.7337,12082.03,-5.7983582372,0.235624,0.461388,35.3298,1.1969,0.8054,0.055989,0.594968,-5.890458,158,0.216201,1926.8503,0.070687,0
661,28.2027,5858.46,5663.4561,11800.78,-5.8903496147,0.303089,0.447556,33.7009,1.1767,0.7752,0.058192,0.607894,-0.784884,193,0.224686,2025.2483,0.069833,0
662,28.2453,5955.53,5736.9587,12339.84,-5.5731619387,0.300567,0.471071,39.7918,1.1449,0.611,0.054486,0.557876,-6.866942,165,0.224673,1890.479,0.065071,0
663,28.288,5647.2,5709.7534,11742.19,-5.5700836082,0.394667,0.478059,47.9811,1.2095,0.7721,0.05342,0.522276,0.45629,173,0.221609,2050.7131,0.063362,0
664,28.3307,5607.22,5719.131,11929.69,-5.8929926075,0.456707,0.444056,37.7029,1.2466,0.8893,0.05876,0.566189,-6.080213,180,0.212237,1957.9409,0.07496,0
665,28.3733,6218.79,5819.2508,12621.09,-6.4633487854,0.222627,0.418322,23.1792,1.1619,0.7664,0.063082,0.682835,-7.371324,156,0.222861,2025.84,0.086314,0
666,28.416,6131.94,5845.3396,12316.41,-6.6811189992,0.31987,0.400609,21.7109,1.2173,0.9538,0.066213,0.688416,-5.35622,162,0.205096,2061.591,0.090587,0
667,28.4587,6163.4,5806.3642,12480.47,-6.3135654829,0.384782,0.426918,24.3915,1.1735,0.7898,0.061609,0.673149,-2.165657,155,0.214264,1900.5224,0.087169,0
668,28.5013,6100.34,5816.9453,12503.91,-5.9296664163,0.326617,0.453715,32.0778,1.1627,0.6882,0.057203,0.643158,-0.401155,171,0.21602,2014.0578,0.087901,0
669,28.544,6134.54,5841.8917,12562.5,-6.4419609588,0.276513,0.423235,23.4028,1.185,0.8342,0.062236,0.680937,-3.018458,166,0.208965,1941.8092,0.090953,0
670,28.5867,6160.81,5745.5327,12316.41,-5.9332670779,0.277935,0.455306,31.296,1.1433,0.7048,0.056949,0.65758,-1.797124,170,0.211973,1900.3577,0.08375,0
671,28.6293,6095.41,5810.484,12421.88,-6.1421237529,0.309353,0.435482,28.1642,1.1753,0.7638,0.060172,0.62783,-5.676163,175,0.215072,1850.9107,0.08082,0
672,28.672,6296.63,5886.1606,12949.22,-6.5739717531,0.20753,0.408545,20.7708,1.1374,0.719,0.064793,0.689253,-6.467918,157,0.203225,2034.8215,0.089488,0
673,28.7147,5913.03,5749.4997,12246.09,-5.9669454829,0.378048,0.446519,32.7501,1.1493,0.6778,0.05836,0.605107,-8.550114,162,0.222194,1868.0154,0.087169,0
674,28.7573,5997.06,5752.2749,12269.53,-6.2254258898,0.29158,0.43307,27.437,1.1859,0.8445,0.060574,0.6455,-5.507053,161,0.20157,1947.3616,0.080454,0
675,28.8,6145.53,5810.0202,12386.72,-6.3476912202,0.38977,0.42632,24.1182,1.1881,0.8455,0.061711,0.661268,-6.891698,171,0.214382,1961.9156,0.0796,0
676,28.8427,6352.73,5883.7025,12972.66,-6.2616533919,0.304958,0.424201,24.2852,1.1449,0.7157,0.062071,0.674284,-0.771555,168,0.21564,2069.9086,0.079844,0
677,28.8853,6108.92,5781.0484,12433.59,-5.5821585733,0.195527,0.472696,38.5598,1.0954,0.5291,0.054236,0.551959,-7.526187,172,0.21522,2117.8289,0.084727,0
678,28.928,6200.65,5840.2807,12644.53,-6.9051222924,0.32462,0.383862,18.3746,1.1955,0.9231,0.069304,0.693037,-4.663149,147,0.229074,1939.1286,0.086436,0
679,28.9707,5985.31,5783.7304,12410.16,-5.6354311953,0.29107,0.469122,39.6949,1.1222,0.5484,0.054786,0.58177,-8.338185,154,0.228112,1981.7903,0.082652,0
680,29.0133,6028.21,5673.9991,12199.22,-5.7716854631,0.324822,0.455236,33.1448,1.1299,0.6598,0.056961,0.612227,-7.420469,179,0.21608,2010.5531,0.073739,0
681,29.056,5885.69,5777.572,12433.59,-5.6090851541,0.298763,0.469391,41.7291,1.1672,0.6517,0.054744,0.549643,-7.582733,185,0.220451,2003.9436,0.07496,0
682,29.0987,6039.64,5889.3267,12761.72,-6.0499497051,0.315662,0.446684,29.3412,1.1269,0.5485,0.058333,0.635881,-7.03259,160,0.214216,1793.5485,0.084727,0
683,29.1413,6139.75,5864.9746,12937.5,-6.3049352364,0.395213,0.4181,23.9299,1.1941,0.7662,0.06312,0.660685,-5.950437,164,0.210912,1883.8154,0.085338,0
684,29.184,6237.86,5856.5885,12832.03,-6.3903832345,0.488258,0.419355,22.8203,1.1536,0.7121,0.062903,0.678586,-5.898197,179,0.203612,2015.4703,0.083873,0
685,29.2267,6300.07,5891.0858,12984.38,-5.5647772553,0.304774,0.481111,36.6404,1.0489,0.3666,0.052959,0.588566,0.064015,158,0.216863,2050.9117,0.08375,0
686,29.2693,6356.47,5790.1671,12468.75,-6.0469190911,0.306479,0.448679,25.8633,1.1574,0.7729,0.058011,0.685191,-5.119863,166,0.219621,1933.692,0.089366,0
687,29.312,6128.83,5886.0156,12492.19,-6.5229238744,0.272378,0.41668,21.9882,1.1724,0.7579,0.063366,0.673054,-8.261896,139,0.20033,1974.9251,0.086314,0
688,29.3547,6085.73,5858.0572,12386.72,-6.4001191419,0.359737,0.419641,24.3432,1.1543,0.7334,0.062854,0.659216,-1.570914,161,0.219691,1917.1349,0.082408,0
689,29.3973,6136.45,5780.9045,12832.03,-5.8667234429,0.231201,0.462035,34.6173,1.1328,0.6263,0.055888,0.617978,-5.465883,145,0.220871,1964.4858,0.084605,0
690,29.44,6308.53,5773.6889,12726.56,-6.4138132505,0.401418,0.415186,22.5369,1.1766,0.8461,0.063626,0.696708,-3.739289,197,0.214239,1907.5289,0.090709,0
691,29.4827,5944.02,5870.0833,12375.0,-5.5926858008,0.193627,0.465426,39.1405,1.123,0.5487,0.055358,0.546003,-7.229011,167,0.229934,1907.1261,0.08607,0
692,29.5253,6159.4,5798.521,12480.47,-5.650135856,0.30938,0.466925,35.4395,1.1004,0.5258,0.055126,0.594233,-6.884495,190,0.220505,1978.7753,0.07496,0
693,29.568,6022.56,5846.6901,12480.47,-6.1826637667,0.366546,0.43417,26.6132,1.1634,0.6884,0.06039,0.650109,-5.224855,166,0.205161,1883.1733,0.073984,0
694,29.6107,5932.8,5708.7009,12035.16,-5.6074139378,0.340995,0.468016,36.6824,1.1919,0.7865,0.054957,0.584048,-7.360528,161,0.222522,1894.2361,0.070932,0
695,29.6533,6307.86,5832.9929,12855.47,-5.8311625104,0.27325,0.461227,28.5007,1.1299,0.6069,0.056014,0.621323,-6.425175,168,0.215975,1942.2154,0.083995,0
696,29.696,6097.96,5830.0503,12738.28,-6.1216586403,0.442608,0.438008,26.4298,1.1425,0.6504,0.059753,0.642225,-5.29642,186,0.211404,2033.1235,0.084117,0
697,29.7387,5926.65,5736.6194,12410.16,-5.4823265947,0.44521,0.490057,44.8501,1.1336,0.5732,0.051626,0.556624,0.567838,172,0.212504,2012.2097,0.07142,0
698,29.7813,5992.06,5819.93,12562.5,-6.0166798698,0.443618,0.44958,31.0119,1.1645,0.6697,0.057866,0.611951,0.293827,173,0.202782,1849.0043,0.081553,0
699,29.824,5855.33,5789.6823,12234.38,-6.1796657946,0.386338,0.428114,27.927,1.2003,0.7931,0.061407,0.611022,-6.647233,191,0.212557,1874.301,0.078867,0
700,29.8667,5704.27,5725.4584,11800.78,-5.6070557178,0.314795,0.469905,42.8819,1.173,0.6746,0.054665,0.540326,0.045428,194,0.217684,2002.43,0.070932,0
701,29.9093,6212.07,5850.4618,12750.0,-5.7211453942,0.28765,0.463792,31.0151,1.0981,0.5433,0.055613,0.61035,-7.98427,170,0.219889,1883.8123,0.080576,0
702,29.952,6157.37,5804.7542,12585.94,-5.9761428507,0.328503,0.451021,28.4283,1.1524,0.6858,0.057634,0.648748,-0.444289,173,0.222614,1834.4366,0.079844,0
703,29.9947,5843.83,5702.1241,12257.81,-5.6435826003,0.403524,0.4681,41.5898,1.1589,0.6816,0.054944,0.565412,-0.547416,166,0.223214,1910.5786,0.077402,0
704,30.0373,6381.08,5972.6914,13230.47,-6.5403067322,0.236116,0.413989,20.497,1.1137,0.6148,0.063835,0.676075,-5.68426,157,0.230418,2046.8622,0.084117,0
705,30.08,6191.38,5835.0247,12550.78,-6.0360892824,0.307299,0.445901,28.1225,1.1163,0.6145,0.05846,0.647209,-7.250123,150,0.224342,1909.9894,0.082774,0
706,30.1227,6253.81,5878.01,12843.75,-6.4056370178,0.366519,0.418925,23.4372,1.1429,0.7088,0.062977,0.673975,-1.542438,191,0.218519,2083.8638,0.08253,0
707,30.1653,6103.67,5812.0085,12679.69,-6.1655125061,0.243612,0.433597,25.9131,1.1517,0.6552,0.060486,0.664982,-2.108336,179,0.209916,1937.8318,0.090099,0
708,30.208,6231.36,5961.3357,12914.06,-6.1446535942,0.190934,0.446236,25.1285,1.1297,0.5665,0.058406,0.673533,-1.756059,163,0.209019,1801.5707,0.096447,0
709,30.2507,6479.33,5921.9833,13078.12,-7.158008334,0.367501,0.371324,15.0624,1.1522,0.8369,0.071708,0.706558,-6.02769,161,0.209799,2154.0498,0.101209,0
710,30.2933,6205.12,5830.1851,12457.03,-6.7095197726,0.27739,0.399718,19.0015,1.2137,0.9188,0.066374,0.69975,-1.677817,163,0.212239,1911.5416,0.094616,0
711,30.336,6155.78,5880.2877,12796.88,-7.2432118433,0.251761,0.362793,15.9667,1.2264,0.9811,0.07339,0.697101,-2.66212,177,0.210744,2153.8151,0.082041,0
712,30.3787,5974.94,5746.2241,12187.5,-6.5255184881,0.284678,0.419445,23.5956,1.212,0.8943,0.062888,0.671337,-3.440696,163,0.208411,1898.4325,0.080088,0
713,30.4213,5945.09,5788.7542,12375.0,-6.0795822639,0.272892,0.440873,32.0202,1.184,0.7707,0.059281,0.617,-1.605365,171,0.215615,1844.8936,0.083628,0
714,30.464,6212.44,5876.3755,12679.69,-6.6874201018,0.257432,0.404736,19.9368,1.1722,0.7966,0.065471,0.697235,-6.227721,170,0.223469,1963.6477,0.088268,0
715,30.5067,6001.49,5691.0073,12410.16,-5.5339962309,0.36965,0.480414,40.01,1.1504,0.6187,0.053064,0.604861,-0.310084,191,0.217092,1868.0262,0.078623,0
716,30.5493,6062.82,5853.9241,12785.16,-5.5505952722,0.265503,0.474998,38.4337,1.1116,0.4985,0.053885,0.595979,0.055596,169,0.210245,1908.7182,0.078989,0
717,30.592,6267.04,5919.5205,12832.03,-6.5789024803,0.270126,0.416332,22.6263,1.1596,0.7433,0.063427,0.680342,-4.921635,155,0.21642,1900.7456,0.082774,0
718,30.6347,6096.47,5804.2331,12562.5,-5.4851175744,0.210313,0.477718,39.1692,1.0837,0.4462,0.053471,0.585866,-7.539875,169,0.21314,1962.5449,0.078867,0
719,30.6773,5935.16,5875.7714,12421.88,-6.1149093092,0.396943,0.434091,28.8085,1.1677,0.6538,0.060403,0.625955,-1.002994,182,0.227481,1949.4437,0.084361,0
720,30.72,6230.45,5856.2993,12914.06,-6.3994282371,0.33619,0.416639,22.9059,1.1262,0.6527,0.063373,0.66047,-5.143391,178,0.218656,2108.1896,0.085704,0
721,30.7627,6023.63,5763.4149,12281.25,-6.2462489246,0.373366,0.426464,24.8691,1.1876,0.809,0.061686,0.652892,-5.831471,153,0.210482,1891.1803,0.08546,0
722,30.8053,6303.38,5819.2627,12761.72,-6.5517264717,0.2674,0.415002,21.879,1.1354,0.7373,0.063658,0.683681,-2.396014,162,0.206446,1988.9956,0.085093,0
723,30.848,6167.69,5841.9422,12785.16,-5.7637830618,0.434803,0.46011,33.2614,1.1144,0.5487,0.05619,0.599311,-4.139095,169,0.218127,1952.0426,0.079966,0
724,30.8907,6117.86,5805.5052,12527.34,-5.8083635195,0.416241,0.459765,32.5341,1.107,0.5361,0.056244,0.611216,-6.854135,167,0.212966,1891.0278,0.074594,0
725,30.9333,6127.91,5913.026,12750.0,-6.084854907,0.199195,0.433389,27.0609,1.1261,0.6079,0.06052,0.625344,-5.888822,164,0.215989,1950.5329,0.085338,0
726,30.976,6182.7,5772.0042,12515.62,-6.1843837912,0.371816,0.439883,25.9216,1.1522,0.7153,0.059444,0.663909,-0.370241,175,0.221273,1984.1252,0.092541,0
727,31.0187,6035.34,5764.3097,12445.31,-5.9560775706,0.329501,0.454173,30.4699,1.1653,0.711,0.05713,0.646051,-2.513574,156,0.202143,1925.8563,0.088023,0
728,31.0613,6149.41,5832.9283,12808.59,-5.7274438414,0.276293,0.467301,34.8027,1.1222,0.5484,0.055067,0.617104,-1.160488,183,0.206524,1955.2805,0.083873,0
729,31.104,6126.35,5774.2042,12375.0,-6.3529508983,0.375488,0.423737,24.3933,1.1793,0.8077,0.062151,0.663502,-3.612465,175,0.213679,1981.9458,0.083018,0
730,31.1467,6079.05,5848.6291,12785.16,-5.730596252,0.291351,0.468947,35.4204,1.113,0.5219,0.054813,0.583014,-8.378297,179,0.206575,1885.2234,0.077646,0
731,31.1893,6213.47,5884.4802,12808.59,-6.2916425604,0.22456,0.431484,24.7298,1.1368,0.6691,0.060839,0.654519,-7.341025,167,0.21566,1970.8367,0.079477,0
732,31.232,5961.88,5808.4095,12339.84,-5.9554592818,0.286489,0.446932,33.4673,1.1581,0.6596,0.058293,0.610478,-0.376955,182,0.202301,1881.5971,0.085215,0
733,31.2747,5936.66,5785.6085,12292.97,-5.958065263,0.334372,0.445442,31.174,1.1792,0.7446,0.058535,0.598779,-6.414582,181,0.215167,1828.9119,0.07667,0
734,31.3173,5916.5,5804.6578,12339.84,-5.9579645022,0.392465,0.438748,30.0897,1.1578,0.6761,0.059631,0.605735,-5.820428,168,0.221222,1911.5095,0.076303,0
735,31.36,6287.93,5841.7765,12996.09,-6.6103576189,0.543624,0.407033,20.0482,1.1446,0.7038,0.065062,0.691948,-2.132933,163,0.22304,2001.0798,0.088634,0
736,31.4027,6116.47,5887.1335,12960.94,-6.1377993732,0.27139,0.437563,26.7853,1.151,0.6337,0.059827,0.65314,-5.20527,152,0.21833,1934.4282,0.08607,0
737,31.4453,6027.77,5812.2953,12421.88,-6.3223400199,0.290312,0.428144,25.4089,1.1805,0.7774,0.061402,0.660957,-3.44382,179,0.217185,1964.9308,0.079844,0
738,31.488,6278.69,5897.3179,12925.78,-6.5649266571,0.230033,0.403393,21.1202,1.1343,0.6956,0.065712,0.688429,-6.264598,163,0.209965,2081.4782,0.086192,0
739,31.5307,6025.8,5880.8312,12410.16,-6.0609036723,0.376433,0.448226,28.5429,1.1575,0.6557,0.058084,0.630958,-8.903197,168,0.212938,1952.5396,0.078379,0
740,31.5733,5850.09,5856.0071,12292.97,-5.9886717368,0.289983,0.442374,33.655,1.1878,0.7277,0.059035,0.587252,-5.470657,161,0.2109,1891.5515,0.076547,0
741,31.616,6301.56,5934.0262,12914.06,-6.849503365,0.255241,0.385362,17.4039,1.165,0.7811,0.069022,0.696736,-5.160765,193,0.214785,2060.4559,0.086925,0
742,31.6587,6148.9,5808.49,12410.16,-5.8652515586,0.171828,0.455523,31.9356,1.1491,0.6738,0.056915,0.627036,-0.857271,169,0.221497,1829.4007,0.084971,0
743,31.7013,6367.61,5814.8957,12925.78,-6.1460428951,0.217099,0.434888,25.588,1.0997,0.6011,0.06027,0.672922,-1.07576,173,0.211239,1965.1774,0.090343,0
744,31.744,6264.95,5865.9569,12855.47,-6.501942463,0.201612,0.419733,22.0985,1.1524,0.7538,0.062838,0.689546,-5.234596,178,0.214067,1937.046,0.090587,0
745,31.7867,6087.83,5876.127,12726.56,-5.9026157653,0.323422,0.454557,30.2671,1.1609,0.6613,0.057069,0.621963,-6.826845,173,0.206146,1875.0819,0.08607,0
746,31.8293,6221.59,5953.2855,12996.09,-7.1316316983,0.348619,0.370007,16.3029,1.1578,0.7528,0.071965,0.688058,-8.679913,147,0.208708,1991.8947,0.085948,0
747,31.872,5980.86,5891.4626,12574.22,-6.1422552096,0.340627,0.436596,28.8682,1.1642,0.688,0.059987,0.612938,-5.6752,156,0.213204,1979.1563,0.081431,0
748,31.9147,6105.93,5878.0283,12679.69,-6.2609174371,0.452049,0.415793,24.2537,1.1475,0.6737,0.06352,0.637432,-0.781768,177,0.206322,2068.3375,0.079111,0
749,31.9573,5906.03,5847.4927,12363.28,-6.3093973116,0.329977,0.427941,25.9625,1.1918,0.7658,0.061436,0.647614,-2.373201,185,0.223544,1784.7536,0.079233,0
750,32.0,6241.95,5972.1649,12972.66,-6.9131737117,0.276414,0.385287,17.639,1.1743,0.798,0.069036,0.68721,-3.203191,182,0.213464,2160.2003,0.084849,0
751,32.0427,6088.83,5829.6467,12421.88,-6.3816627421,0.239662,0.418965,23.692,1.1861,0.8128,0.06297,0.650724,-4.82155,183,0.220742,1971.4802,0.084483,0
752,32.0853,6195.81,5850.1484,12808.59,-5.9332353428,0.246539,0.447724,27.4186,1.1379,0.6374,0.058165,0.659861,-5.230249,178,0.220678,1946.6226,0.083506,0
753,32.128,6282.11,5873.8268,12855.47,-6.5772053848,0.211882,0.403773,21.3122,1.1415,0.6942,0.065644,0.685988,-5.38038,167,0.213127,1977.6324,0.084849,0
754,32.1707,6026.03,5818.3913,12316.41,-6.1709923652,0.197338,0.433735,27.3265,1.1513,0.687,0.060463,0.642686,-1.576611,153,0.219608,1918.3672,0.084727,0
755,32.2133,6024.94,5763.8527,12574.22,-5.9056992564,0.335684,0.457847,33.3412,1.155,0.6712,0.056547,0.611528,-6.313734,208,0.220144,2024.2138,0.080698,0
756,32.256,6052.25,5811.2639,12445.31,-5.4949090088,0.510323,0.469209,39.7241,1.0771,0.474,0.054772,0.544605,-9.502423,149,0.221003,1887.359,0.072763,0
757,32.2987,6051.24,5804.305,12562.5,-5.5766551905,0.332249,0.473126,37.8192,1.0821,0.439,0.05417,0.575834,-8.408545,176,0.216953,1842.7377,0.075327,0
758,32.3413,5986.9,5787.7189,12316.41,-6.149229527,0.260122,0.435265,27.7091,1.1614,0.7124,0.060208,0.621886,-3.079507,166,0.210399,1749.7023,0.080454,0
759,32.384,6023.82,5865.4603,12609.38,-5.9256620217,0.298151,0.456188,31.7452,1.1411,0.6032,0.056809,0.604585,-6.594333,158,0.213717,1823.4829,0.076425,0
760,32.4267,5971.37,5871.1579,12726.56,-6.4203054783,0.398661,0.419702,23.0178,1.2067,0.7991,0.062843,0.6606,-5.407642,160,0.228788,1886.1461,0.076914,0
761,32.4693,5965.71,5745.8079,12234.38,-6.1772028215,0.307334,0.441423,29.3368,1.2171,0.8584,0.059191,0.6555,-2.557437,155,0.227517,1884.9938,0.083262,0
762,32.512,5806.73,5695.0754,12152.34,-5.5446108271,0.271218,0.485759,45.8618,1.1622,0.633,0.052263,0.546243,-0.381397,143,0.216564,1950.2289,0.073617,0
763,32.5547,6123.32,5854.7927,12738.28,-5.616684122,0.250653,0.476904,38.8434,1.1003,0.5062,0.053595,0.568667,-1.220179,164,0.210449,1923.6179,0.073617,0
764,32.5973,6174.12,5817.6847,12667.97,-5.6902545817,0.329254,0.468076,35.1302,1.1043,0.535,0.054947,0.611292,-0.154773,165,0.21049,1990.0887,0.079111,0
765,32.64,6058.98,5720.3646,12339.84,-5.2073746371,0.39193,0.503867,49.4195,1.1036,0.5261,0.049614,0.528514,1.300341,170,0.219645,1907.9232,0.08021,0
766,32.6827,6077.74,5767.0308,12703.12,-5.4252092254,0.190318,0.495239,43.9063,1.1187,0.5397,0.050864,0.572913,1.092236,174,0.217905,1870.6486,0.085948,0
767,32.7253,6285.76,5900.9608,12820.31,-6.255246401,0.249231,0.431839,25.245,1.1808,0.7662,0.06078,0.678295,-2.531187,171,0.217278,2031.2564,0.085582,0
768,32.768,6060.35,5809.2718,12445.31,-6.1027107372,0.267825,0.442966,29.1689,1.1511,0.685,0.058938,0.639026,-6.536433,155,0.202095,1898.4059,0.081065,0
769,32.8107,6018.37,5834.1558,12562.5,-5.9871331549,0.440252,0.44539,29.363,1.1682,0.7038,0.058543,0.640901,-7.452548,169,0.217846,2011.5602,0.075449,0
770,32.8533,5964.7,5742.3935,12292.97,-6.281008679,0.500757,0.424692,25.5703,1.1908,0.8129,0.061988,0.644527,-7.084786,171,0.218695,1914.0509,0.073984,0
771,32.896,6075.4,5808.6954,12503.91,-5.3930918647,0.225573,0.491728,46.0502,1.1167,0.535,0.051379,0.557756,2.407637,156,0.215562,1836.1909,0.069833,0
772,32.9387,6064.34,5807.8167,12691.41,-5.4704175266,0.287499,0.483093,39.388,1.0931,0.4574,0.052662,0.568875,0.94003,148,0.211646,1922.8727,0.079477,0
773,32.9813,6409.45,5950.8565,13054.69,-6.9762832331,0.256329,0.384112,17.3504,1.1427,0.7528,0.069257,0.706254,-3.412898,182,0.218208,2148.4967,0.089733,0
774,33.024,6090.53,5785.9403,12316.41,-6.6130376008,0.429185,0.405483,22.2233,1.1967,0.895,0.065338,0.67305,-1.666315,163,0.207477,1950.2697,0.084117,0
775,33.0667,6237.53,5843.0838,12750.0,-5.8935934121,0.293288,0.454378,30.744,1.1287,0.6357,0.057097,0.64821,-1.190955,173,0.205163,1908.5209,0.083995,0
776,33.1093,5916.96,5692.5313,12046.88,-6.1326373755,0.316905,0.428456,29.2905,1.2066,0.8862,0.061349,0.638653,0.880672,191,0.215875,1909.9649,0.08253,0
777,33.152,6182.8,5833.1861,12808.59,-6.1125405903,0.479635,0.4292,24.0219,1.1459,0.6361,0.061223,0.654681,-4.508113,172,0.223398,1915.2695,0.086558,0
778,33.1947,6095.58,5834.9807,12503.91,-6.3665344065,0.454775,0.421016,23.9386,1.1755,0.7539,0.062617,0.65834,-3.213839,168,0.221753,1977.137,0.091808,0
779,33.2373,5889.26,5725.3964,12292.97,-5.574178768,0.381488,0.474727,42.9116,1.1609,0.6819,0.053926,0.561914,1.416663,172,0.213925,2020.7281,0.080454,0
780,33.28,5902.41,5729.7998,12222.66,-5.7341702908,0.385501,0.467556,38.9215,1.1778,0.7278,0.055028,0.589352,0.502923,183,0.21482,2049.279,0.071908,0
781,33.3227,6132.11,5841.0813,12667.97,-5.8601265381,0.318798,0.456877,32.0079,1.1479,0.6318,0.0567,0.624697,-9.053466,175,0.224964,1892.1784,0.081919,0
782,33.3653,6228.04,5856.6463,12843.75,-6.2444777833,0.360852,0.440933,24.8363,1.1468,0.6746,0.059271,0.664727,-1.18297,199,0.210529,1852.1588,0.094494,0
783,33.408,6166.84,5855.2254,12621.09,-5.7888208323,0.336794,0.466816,33.1324,1.1143,0.5399,0.055142,0.616455,-1.927766,155,0.211314,1908.2197,0.085215,0
784,33.4507,5964.82,5787.7343,12421.88,-6.0706893656,0.323727,0.438578,28.1563,1.1992,0.7479,0.059659,0.647503,-4.516423,174,0.212809,1919.4934,0.07496,0
785,33.4933,6188.71,5872.8078,12855.47,-5.4041925549,0.332034,0.493944,41.4518,1.0912,0.4318,0.051054,0.590697,0.054187,164,0.225313,1872.1623,0.067757,0
786,33.536,5685.08,5731.9698,12187.5,-5.2069872563,0.275344,0.499022,55.5755,1.1547,0.5427,0.050313,0.47173,2.788541,179,0.218417,2045.3326,0.05738,0
787,33.5787,5955.02,5842.3294,12410.16,-5.9119713838,0.295463,0.456041,32.0831,1.1541,0.6189,0.056833,0.598286,-6.250826,172,0.220291,1956.4643,0.066414,0
788,33.6213,6055.83,5890.508,12621.09,-6.2415131086,0.317191,0.423181,26.2949,1.1733,0.7119,0.062246,0.617914,-1.944122,170,0.213566,1907.1598,0.074472,0
789,33.664,5994.89,5788.585,12375.0,-5.6451066314,0.321423,0.477495,38.0271,1.1182,0.5574,0.053505,0.559795,-5.22645,197,0.213496,1949.2172,0.072885,0
790,33.7067,5907.88,5763.5374,12410.16,-5.3371494407,0.17666,0.504388,50.4865,1.1156,0.4953,0.049539,0.513721,1.011285,164,0.216533,1849.558,0.073617,0
791,33.7493,5961.22,5800.1778,12468.75,-5.5232747605,0.259182,0.470097,39.3609,1.0957,0.475,0.054635,0.54223,-8.809082,181,0.214041,1898.7022,0.064461,0
792,33.792,5951.76,5830.9036,12457.03,-5.8071989669,0.257695,0.453313,33.8846,1.1282,0.5564,0.057267,0.620762,-1.972216,173,0.218541,1840.2818,0.070687,0
793,33.8347,6132.7,5840.8348,12644.53,-6.3973607694,0.327169,0.416177,21.8191,1.1775,0.7549,0.063454,0.665034,-7.049217,161,0.220216,2061.7405,0.089366,0
794,33.8773,6278.57,5889.1804,12867.19,-6.3881671881,0.311677,0.419249,22.8406,1.1273,0.6594,0.062921,0.673833,-6.042106,163,0.218423,2020.7831,0.087535,0
795,33.92,5970.7,5689.0272,12222.66,-5.6262789201,0.341967,0.472741,37.0896,1.1317,0.6315,0.054229,0.585132,-6.466734,148,0.213304,2020.5151,0.084605,0
796,33.9627,6197.55,5871.8908,12820.31,-6.475717606,0.352374,0.413928,21.9847,1.1425,0.693,0.063846,0.663304,-5.834012,155,0.214103,1970.8377,0.082041,0
797,34.0053,5911.19,5731.4294,12105.47,-5.8770748952,0.343155,0.463012,34.4257,1.203,0.7871,0.055735,0.607674,-1.56214,138,0.208507,1792.5256,0.08021,0
798,34.048,6163.48,5812.6014,12738.28,-6.2606049478,0.333506,0.423616,22.8758,1.1752,0.7574,0.062171,0.663433,-0.826511,161,0.216304,1969.4044,0.082041,0
799,34.0907,6082.75,5870.9747,12527.34,-6.2100015951,0.387519,0.434283,26.8398,1.1615,0.704,0.060371,0.659393,-1.2296,198,0.20293,2033.9298,0.083018,0
800,34.1333,6092.78,5895.4044,12750.0,-6.85108737,0.385663,0.388065,17.9956,1.1913,0.8406,0.068516,0.68686,-9.319748,167,0.20878,1983.6756,0.087413,0
801,34.176,6084.41,5831.1371,12421.88,-6.2275165,0.370718,0.430447,27.8609,1.1726,0.7595,0.061013,0.660971,-0.733671,193,0.222068,1948.3205,0.088023,0
802,34.2187,6128.34,5815.424,12656.25,-6.1464654696,0.464449,0.432605,24.2476,1.1245,0.5966,0.060651,0.660202,-8.797614,152,0.214478,2000.2141,0.084605,0
803,34.2613,6141.28,5855.6457,12808.59,-5.8249732361,0.405097,0.459372,30.2188,1.1111,0.5376,0.056306,0.611537,-6.154224,172,0.212781,1813.4473,0.083384,0
804,34.304,6112.43,5850.018,12855.47,-6.0600709377,0.358336,0.443084,25.93,1.1562,0.6202,0.058919,0.657694,-3.956093,181,0.215442,1974.9358,0.084483,0
805,34.3467,6056.75,5849.2822,12375.0,-6.5126728774,0.301343,0.414399,22.1374,1.1972,0.8491,0.063764,0.655237,-3.386029,178,0.230164,1926.9834,0.079355,0
806,34.3893,6003.97,5771.6328,12773.44,-5.8413057137,0.375574,0.456424,31.8523,1.1566,0.6524,0.056772,0.616007,-2.205686,183,0.222948,1904.1244,0.078989,0
807,34.432,5848.22,5780.6652,12269.53,-6.2095356476,0.430001,0.425885,27.9001,1.2052,0.8089,0.061785,0.61763,-4.060201,178,0.222364,1955.0151,0.078745,0
808,34.4747,6155.51,5850.9704,12527.34,-6.7372566414,0.35442,0.396092,19.2235,1.2,0.8868,0.067034,0.684567,-5.458449,164,0.22359,2001.3205,0.080088,0
809,34.5173,6147.73,5919.9709,12656.25,-6.4225883962,0.295905,0.422649,24.3666,1.1767,0.7813,0.062337,0.662296,-2.516887,179,0.213381,1913.9832,0.086681,0
810,34.56,5916.56,5832.1619,12023.44,-6.2884520207,0.346965,0.421516,25.8191,1.2082,0.8343,0.062531,0.642625,-4.373814,170,0.225366,1968.0375,0.079111,0
811,34.6027,6098.48,5798.2241,12445.31,-5.8247476712,0.249827,0.457896,32.5143,1.1528,0.6765,0.056539,0.634207,-0.549418,184,0.21576,2031.1229,0.079233,0
812,34.6453,6169.33,5895.9794,12925.78,-5.8043520488,0.366929,0.460239,32.8869,1.1143,0.4912,0.056169,0.621907,-5.866625,177,0.208714,1889.9958,0.083628,0
813,34.688,5988.77,5858.3078,12679.69,-5.542720697,0.353957,0.477026,41.24,1.0943,0.4486,0.053576,0.566608,-0.670712,162,0.205991,1844.4003,0.073007,0
814,34.7307,5994.6,5848.0597,12632.81,-5.7584689424,0.312117,0.462023,34.755,1.1276,0.539,0.055889,0.584837,0.375551,180,0.209409,1911.0351,0.074716,0
815,34.7733,6046.12,5863.8076,12632.81,-5.5199837506,0.257381,0.473306,37.3399,1.1202,0.5262,0.054143,0.57869,-7.705798,180,0.213478,1905.389,0.079966,0
816,34.816,6064.48,5832.3802,12316.41,-6.4368460953,0.298821,0.426087,24.1786,1.1705,0.7419,0.06175,0.672782,-5.737488,179,0.206962,1914.9995,0.081309,0
817,34.8587,6070.37,5824.4176,12398.44,-5.7632285742,0.338019,0.461716,32.5923,1.126,0.6037,0.055938,0.586299,-8.73756,166,0.211887,1961.2155,0.073617,0
818,34.9013,5917.13,5759.4788,12292.97,-5.757419915,0.256226,0.461031,35.8372,1.1942,0.754,0.056045,0.600026,-5.54422,176,0.205824,1973.1658,0.069344,0
819,34.944,5945.59,5700.8482,12140.62,-5.6421635328,0.285327,0.48212,40.7975,1.1632,0.7006,0.052807,0.559367,1.255896,169,0.206583,1915.8668,0.078501,0
820,34.9867,6180.35,5785.6099,12632.81,-6.2007219893,0.270542,0.436691,27.927,1.1539,0.7387,0.059971,0.657103,-1.799345,176,0.200704,1914.5934,0.081919,0
821,35.0293,6103.22,5884.4912,12691.41,-6.0164124974,0.326326,0.452021,29.6051,1.1374,0.6078,0.057474,0.642193,-1.661213,177,0.207364,1962.3097,0.084849,0
822,35.072,6250.16,5822.5432,12644.53,-6.315407537,0.276983,0.434299,22.6136,1.1298,0.6767,0.060369,0.690657,-2.5345,167,0.207088,1923.1557,0.09132,0
823,35.1147,6128.16,5828.6093,12585.94,-5.9832109837,0.266356,0.453087,29.7453,1.134,0.623,0.057303,0.633695,-7.604887,184,0.211933,1796.7326,0.089488,0
