frame,time,centroid,spread,rolloff,slope,obsir_std,flatness,crest,skewness,kurtosis,tonality,entropy,tpr,n_peaks,flux,irregularity,zcr,gated
0,0.0,0.0,0.0,0.0,0.0,0.0,0.0,0.0,0.0,0.0,0.0,0.0,0.0,0,0.0,0.0,0.0,1
1,0.0427,0.0,0.0,0.0,0.0,0.0,0.0,0.0,0.0,0.0,0.0,0.0,0.0,0,0.0,0.0,0.0,1
2,0.0853,0.0,0.0,0.0,0.0,0.0,0.0,0.0,0.0,0.0,0.0,0.0,0.0,0,0.0,0.0,0.0,1
3,0.128,0.0,0.0,0.0,0.0,0.0,0.0,0.0,0.0,0.0,0.0,0.0,0.0,0,0.0,0.0,0.0,1
4,0.1707,0.0,0.0,0.0,0.0,0.0,0.0,0.0,0.0,0.0,0.0,0.0,0.0,0,0.0,0.0,0.0,1
5,0.2133,0.0,0.0,0.0,0.0,0.0,0.0,0.0,0.0,0.0,0.0,0.0,0.0,0,0.0,0.0,0.0,1
6,0.256,0.0,0.0,0.0,0.0,0.0,0.0,0.0,0.0,0.0,0.0,0.0,0.0,0,0.0,0.0,0.0,1
7,0.2987,0.0,0.0,0.0,0.0,0.0,0.0,0.0,0.0,0.0,0.0,0.0,0.0,0,0.0,0.0,0.0,1
8,0.3413,0.0,0.0,0.0,0.0,0.0,0.0,0.0,0.0,0.0,0.0,0.0,0.0,0,0.0,0.0,0.0,1
9,0.384,0.0,0.0,0.0,0.0,0.0,0.0,0.0,0.0,0.0,0.0,0.0,0.0,0,0.0,0.0,0.0,1
10,0.4267,0.0,0.0,0.0,0.0,0.0,0.0,0.0,0.0,0.0,0.0,0.0,0.0,0,0.0,0.0,0.0,1
11,0.4693,0.0,0.0,0.0,0.0,0.0,0.0,0.0,0.0,0.0,0.0,0.0,0.0,0,0.0,0.0,0.0,1
12,0.512,0.0,0.0,0.0,0.0,0.0,0.0,0.0,0.0,0.0,0.0,0.0,0.0,0,0.0,0.0,0.0,1
13,0.5547,0.0,0.0,0.0,0.0,0.0,0.0,0.0,0.0,0.0,0.0,0.0,0.0,0,0.0,0.0,0.0,1
14,0.5973,0.0,0.0,0.0,0.0,0.0,0.0,0.0,0.0,0.0,0.0,0.0,0.0,0,0.0,0.0,0.0,1
15,0.64,0.0,0.0,0.0,0.0,0.0,0.0,0.0,0.0,0.0,0.0,0.0,0.0,0,0.0,0.0,0.0,1
16,0.6827,0.0,0.0,0.0,0.0,0.0,0.0,0.0,0.0,0.0,0.0,0.0,0.0,0,0.0,0.0,0.0,1
17,0.7253,0.0,0.0,0.0,0.0,0.0,0.0,0.0,0.0,0.0,0.0,0.0,0.0,0,0.0,0.0,0.0,1
18,0.768,0.0,0.0,0.0,0.0,0.0,0.0,0.0,0.0,0.0,0.0,0.0,0.0,0,0.0,0.0,0.0,1
19,0.8107,228.68,709.9805,187.5,-4.4640329499,0.287757,0.164029,68.3723,5.003,30.3233,0.130847,0.130132,12.860427,145,0.0,314.3532,0.00354,0
20,0.8533,136.19,464.936,58.59,-5.0909436314,0.098952,0.125664,50.9885,5.8406,42.9399,0.150131,0.137586,14.835304,129,0.001674,301.0884,0.000488,0
21,0.896,0.0,0.0,0.0,0.0,0.0,0.0,0.0,0.0,0.0,0.0,0.0,0.0,0,0.0,0.0,0.0,1
22,0.9387,0.0,0.0,0.0,0.0,0.0,0.0,0.0,0.0,0.0,0.0,0.0,0.0,0,0.0,0.0,0.0,1
23,0.9813,0.0,0.0,0.0,0.0,0.0,0.0,0.0,0.0,0.0,0.0,0.0,0.0,0,0.0,0.0,0.0,1
24,1.024,0.0,0.0,0.0,0.0,0.0,0.0,0.0,0.0,0.0,0.0,0.0,0.0,0,0.0,0.0,0.0,1
25,1.0667,0.0,0.0,0.0,0.0,0.0,0.0,0.0,0.0,0.0,0.0,0.0,0.0,0,0.0,0.0,0.0,1
26,1.1093,0.0,0.0,0.0,0.0,0.0,0.0,0.0,0.0,0.0,0.0,0.0,0.0,0,0.0,0.0,0.0,1
27,1.152,0.0,0.0,0.0,0.0,0.0,0.0,0.0,0.0,0.0,0.0,0.0,0.0,0,0.0,0.0,0.0,1
28,1.1947,0.0,0.0,0.0,0.0,0.0,0.0,0.0,0.0,0.0,0.0,0.0,0.0,0,0.0,0.0,0.0,1
29,1.2373,0.0,0.0,0.0,0.0,0.0,0.0,0.0,0.0,0.0,0.0,0.0,0.0,0,0.0,0.0,0.0,1
30,1.28,0.0,0.0,0.0,0.0,0.0,0.0,0.0,0.0,0.0,0.0,0.0,0.0,0,0.0,0.0,0.0,1
31,1.3227,0.0,0.0,0.0,0.0,0.0,0.0,0.0,0.0,0.0,0.0,0.0,0.0,0,0.0,0.0,0.0,1
32,1.3653,0.0,0.0,0.0,0.0,0.0,0.0,0.0,0.0,0.0,0.0,0.0,0.0,0,0.0,0.0,0.0,1
33,1.408,554.3,1473.9221,972.66,-3.7253385481,0.163426,0.244333,113.1651,4.3179,24.0728,0.102003,0.0943,16.811304,114,0.002405,727.0811,0.012453,0
34,1.4507,7161.9,6832.3277,15257.81,-7.1648435322,0.233066,0.352957,16.0201,1.0844,0.6064,0.07538,0.703277,-7.519063,123,0.217281,1826.0122,0.051398,0
35,1.4933,6494.89,6334.028,13781.25,-5.7992469913,0.258779,0.448863,32.2204,1.1108,0.5105,0.057981,0.617154,0.28682,170,0.194975,2138.9426,0.084117,0
36,1.536,6748.21,6412.3196,13980.47,-7.5207848507,0.170971,0.339824,15.6106,1.167,0.9093,0.078124,0.709164,-5.098551,176,0.196769,2380.1765,0.089611,0
37,1.5787,6580.33,6316.1168,13757.81,-6.6392941277,0.282599,0.400756,22.596,1.175,0.8157,0.066187,0.671502,-3.768482,176,0.210795,2355.446,0.088634,0
38,1.6213,6211.5,6224.5664,12914.06,-6.3023250317,0.279407,0.422333,28.0611,1.2256,0.9203,0.062391,0.639027,-3.754797,170,0.214091,2284.2258,0.082285,0
39,1.664,6139.87,6120.1115,12914.06,-5.7406717212,0.266272,0.455193,36.384,1.1835,0.6759,0.056967,0.59512,-0.935909,186,0.207843,1974.331,0.082163,0
40,1.7067,6350.55,6259.0708,13277.34,-6.4736868132,0.22189,0.414806,26.7907,1.1802,0.7889,0.063693,0.649378,-9.126956,153,0.210881,2179.0151,0.082163,0
41,1.7493,6015.75,6201.566,12738.28,-6.190549763,0.391895,0.423588,28.9338,1.2492,0.8925,0.062176,0.62535,-4.735324,170,0.2067,2133.4531,0.078257,0
42,1.792,6240.66,6111.1492,12808.59,-6.0358466177,0.230947,0.440832,30.631,1.1575,0.751,0.059288,0.623884,-0.388567,167,0.223231,2079.0754,0.077158,0
43,1.8347,6213.25,6136.7215,13136.72,-5.6475073469,0.185372,0.464441,39.7916,1.1371,0.5804,0.055512,0.56087,-7.567835,166,0.229192,2071.303,0.076059,0
44,1.8773,6213.23,6293.4046,13265.62,-5.7882807335,0.278392,0.460061,35.1762,1.1296,0.51,0.056197,0.595642,-5.688563,145,0.214804,1931.4354,0.075204,0
45,1.92,6714.48,6357.6027,14039.06,-6.2380683593,0.200159,0.430325,26.4014,1.0861,0.5231,0.061034,0.664637,-1.501725,159,0.219895,2241.0407,0.082896,0
46,1.9627,6390.59,6253.2165,13242.19,-6.2479879062,0.267296,0.430787,28.5746,1.1881,0.7985,0.060956,0.65154,-1.060377,139,0.213768,2060.8045,0.087169,0
47,2.0053,6263.71,6150.1699,12937.5,-5.519881791,0.335006,0.479011,42.2724,1.1501,0.6046,0.053276,0.563422,0.733689,166,0.21586,1958.592,0.080698,0
48,2.048,6432.02,6272.3352,13453.12,-6.5392309829,0.330079,0.406341,24.1601,1.1819,0.7833,0.065185,0.667713,-5.800045,151,0.215536,2235.0789,0.081919,0
49,2.0907,6290.41,6270.5926,13277.34,-6.5160088137,0.228651,0.411479,23.9468,1.2105,0.8662,0.064275,0.646227,-3.026976,169,0.203962,2245.3702,0.085582,0
50,2.1333,6331.2,6203.4525,12867.19,-6.4623497263,0.216874,0.418607,26.1916,1.2269,0.9859,0.063032,0.654407,-2.382868,182,0.210762,2213.3911,0.084239,0
51,2.176,6125.21,6201.4935,13031.25,-5.9592124146,0.306384,0.440846,32.5548,1.2111,0.7769,0.059286,0.604843,-1.920503,178,0.220256,2111.0399,0.080942,0
52,2.2187,6162.53,6167.919,12785.16,-6.4964557246,0.342437,0.399456,24.1778,1.2412,1.009,0.066422,0.636578,-5.033341,188,0.235617,2161.5153,0.076181,0
53,2.2613,6563.9,6312.7311,13792.97,-6.1568534297,0.370425,0.433277,27.2983,1.0982,0.54,0.060539,0.651931,-2.517395,175,0.21562,2227.8409,0.081675,0
54,2.304,6540.6,6332.6754,13417.97,-7.1109016082,0.274312,0.370379,19.0041,1.2211,1.0316,0.071892,0.684593,-5.312386,174,0.204405,2178.531,0.090343,0
55,2.3467,6242.95,6277.1163,13230.47,-6.1107429714,0.133508,0.436309,29.0622,1.1949,0.7519,0.060034,0.628869,-5.767286,175,0.213595,2085.4517,0.088268,0
56,2.3893,6264.22,6258.1864,12960.94,-6.7055113224,0.287882,0.392876,23.3923,1.2387,1.0249,0.067624,0.65349,-7.276694,162,0.223172,2181.359,0.08082,0
57,2.432,6445.14,6292.8235,13347.66,-6.9742687035,0.232636,0.37721,19.3752,1.2208,0.9811,0.07057,0.677771,-4.224894,158,0.22167,2276.0408,0.081919,0
58,2.4747,6387.54,6363.296,13593.75,-6.656610748,0.348623,0.39697,21.921,1.1944,0.794,0.066874,0.660424,-5.876653,164,0.211406,2185.7572,0.081065,0
59,2.5173,6157.32,6193.7417,12890.62,-5.9389102182,0.193515,0.449948,34.8783,1.1732,0.6644,0.057806,0.594512,-1.32091,170,0.219108,2039.4181,0.075815,0
60,2.56,6136.06,6209.6757,13125.0,-6.1813154884,0.263171,0.431307,31.1785,1.2053,0.7836,0.060869,0.629308,-3.861268,170,0.214457,2198.8262,0.08021,0
61,2.6027,6442.73,6244.5313,13476.56,-5.6712235817,0.25996,0.471093,36.7863,1.1444,0.6011,0.054482,0.618933,-0.649775,191,0.218092,2048.9998,0.076792,0
62,2.6453,6125.96,6210.6243,13136.72,-6.0624038715,0.163438,0.436815,32.1079,1.1921,0.7357,0.05995,0.600767,-5.0621,169,0.224733,2168.2958,0.069833,0
63,2.688,6191.68,6193.4782,13066.41,-6.0471626401,0.40335,0.435026,31.3102,1.1851,0.7188,0.060248,0.603991,-2.282672,183,0.225141,2146.5119,0.075082,0
64,2.7307,6216.19,6219.9516,13078.12,-6.2039989301,0.31007,0.429888,29.3512,1.2027,0.8233,0.061107,0.640299,-3.404673,159,0.218294,2187.8478,0.081553,0
65,2.7733,6459.48,6357.775,13511.72,-7.2349676786,0.319759,0.357306,17.5169,1.2457,1.086,0.074493,0.693086,-6.58388,167,0.217856,2305.7451,0.085093,0
66,2.816,6257.02,6132.3875,13195.31,-5.6951356871,0.329955,0.467509,38.2746,1.151,0.6121,0.055035,0.575012,0.119252,160,0.224687,2115.1373,0.083384,0
67,2.8587,6411.82,6394.5571,13804.69,-6.8073435472,0.280609,0.389942,20.5672,1.1854,0.7934,0.068167,0.671427,-4.997027,171,0.226379,2236.4458,0.08021,0
68,2.9013,6331.22,6228.3286,13160.16,-6.7340622469,0.229187,0.394483,23.2071,1.2293,0.9878,0.067329,0.658671,-3.977695,168,0.216361,2219.2211,0.077158,0
69,2.944,6331.58,6288.3799,13582.03,-6.0412786503,0.372735,0.439809,29.2283,1.1899,0.6994,0.059456,0.643024,-4.083493,153,0.198039,2043.3783,0.073984,0
70,2.9867,6421.19,6365.2009,13722.66,-6.5695859742,0.300864,0.407531,22.1692,1.196,0.8134,0.064973,0.666042,-5.606251,183,0.211713,2202.3986,0.081919,0
71,3.0293,6594.17,6352.196,13757.81,-6.7453822145,0.233204,0.39101,21.659,1.1902,0.8819,0.067969,0.671192,-3.386481,153,0.213204,2248.0645,0.086436,0
72,3.072,6168.94,6267.1439,12785.16,-6.8580299016,0.246749,0.384209,21.6144,1.257,1.0344,0.069239,0.652405,-6.936013,160,0.221505,2281.2864,0.0796,0
73,3.1147,6389.6,6308.1821,13324.22,-6.5976392603,0.31054,0.409211,24.285,1.1671,0.7569,0.064675,0.648053,-6.830033,184,0.207677,2185.1179,0.08021,0
74,3.1573,6270.18,6252.4367,13359.38,-5.7904826826,0.370198,0.459257,34.7114,1.1288,0.5366,0.056324,0.588947,-3.276948,159,0.207052,1881.1392,0.081797,0
75,3.2,6220.74,6201.1294,13218.75,-5.5125914681,0.347859,0.468805,39.9904,1.146,0.5317,0.054835,0.56285,-6.787864,143,0.211999,1955.1899,0.080698,0
76,3.2427,6249.6,6262.2681,13617.19,-5.7702152147,0.326508,0.45945,35.7607,1.1242,0.4924,0.056294,0.579928,-7.40475,165,0.207887,1958.995,0.08082,0
77,3.2853,6227.4,6303.5871,13394.53,-6.650822743,0.250029,0.401622,22.6276,1.2235,0.8463,0.06603,0.65666,-4.931218,152,0.217173,2213.1778,0.081065,0
78,3.328,6288.5,6204.2318,13289.06,-6.1660156535,0.267731,0.42974,29.4663,1.224,0.8444,0.061132,0.653644,-2.475052,173,0.218671,2106.3483,0.074716,0
79,3.3707,6123.65,6130.9462,12960.94,-5.369297841,0.30533,0.48316,45.8955,1.1532,0.5306,0.052652,0.553252,0.073066,169,0.219403,1996.3471,0.068368,0
80,3.4133,6187.57,6182.2943,13007.81,-5.9907526133,0.348034,0.444811,32.1011,1.172,0.7156,0.058637,0.618756,-2.944387,184,0.217324,2057.8242,0.076792,0
81,3.456,6354.31,6267.7883,13218.75,-6.3032748208,0.233374,0.435062,26.243,1.1974,0.8128,0.060241,0.661984,-5.810411,158,0.21752,2010.0266,0.081065,0
82,3.4987,5934.39,6172.1654,12691.41,-6.1361024346,0.144048,0.426727,33.0045,1.2417,0.9006,0.061642,0.578973,-1.862002,176,0.216421,1963.7834,0.076181,0
83,3.5413,6337.65,6281.8906,13347.66,-6.5516961736,0.206364,0.408834,24.7546,1.1863,0.812,0.064742,0.650295,-6.681792,165,0.213252,2290.6527,0.083995,0
84,3.584,6273.0,6256.7024,13277.34,-6.4435303384,0.260497,0.41358,25.5867,1.2023,0.8378,0.063907,0.647903,-4.372807,172,0.213257,2024.4715,0.084971,0
85,3.6267,6227.39,6247.8321,13125.0,-6.4102056428,0.252482,0.411654,25.493,1.2283,0.9378,0.064245,0.650185,-3.43573,164,0.216276,2124.3206,0.07789,0
86,3.6693,6045.62,6250.4338,13066.41,-6.4069329099,0.347943,0.414415,26.2875,1.2681,0.9583,0.063761,0.640561,-2.274811,162,0.225192,2129.1638,0.077768,0
87,3.712,6228.96,6178.9553,13019.53,-6.1735548379,0.332721,0.422351,28.7194,1.2223,0.8666,0.062388,0.643107,-0.993801,177,0.219958,2162.5515,0.08021,0
88,3.7547,6040.46,6222.2324,12902.34,-6.036734305,0.219039,0.427819,30.6539,1.2238,0.8347,0.061457,0.578858,-6.620689,141,0.226528,2051.6845,0.071664,0
89,3.7973,6132.83,6231.3661,12761.72,-6.4641723291,0.239797,0.404896,25.4819,1.2545,0.9725,0.065443,0.629131,-1.707578,165,0.224391,2097.8911,0.071542,0
90,3.84,6423.86,6336.4761,13359.38,-6.937600376,0.242859,0.377201,19.1446,1.229,1.0062,0.070571,0.671032,-5.690483,173,0.223967,2298.7199,0.084971,0
91,3.8827,6352.46,6351.8387,13417.97,-7.1167957232,0.320237,0.370439,18.4638,1.2426,0.9968,0.071881,0.672347,-5.874123,173,0.21152,2318.3549,0.089122,0
92,3.9253,6100.26,6186.7114,12773.44,-6.4332236659,0.347815,0.411067,26.2666,1.2534,0.9826,0.064348,0.632683,-4.229248,162,0.213522,2122.3345,0.080454,0
93,3.968,6369.45,6329.1533,13371.09,-6.8667402172,0.228468,0.383056,19.9086,1.2073,0.8828,0.069456,0.668129,-1.837891,163,0.226116,2267.033,0.079844,0
94,4.0107,6283.78,6361.5117,13300.78,-6.7345764186,0.360138,0.3881,21.9305,1.2208,0.8885,0.068509,0.655534,-1.375546,191,0.209674,2216.5886,0.083262,0
95,4.0533,6332.15,6252.66,13242.19,-5.7810226605,0.327684,0.450298,34.315,1.1457,0.6248,0.05775,0.58669,1.225818,170,0.221221,2046.0304,0.077158,0
96,4.096,6206.56,6253.7207,13136.72,-6.5792661784,0.312704,0.401393,24.4082,1.2451,0.9889,0.066072,0.648083,-6.973097,185,0.224211,2234.3789,0.075204,0
97,4.1387,6282.82,6249.7876,13195.31,-6.10544269,0.253704,0.434873,29.4168,1.18,0.7226,0.060273,0.63767,-0.363003,181,0.213736,2056.8515,0.081553,0
98,4.1813,6429.66,6248.8419,13242.19,-6.2360979153,0.303284,0.423494,25.8281,1.1726,0.7454,0.062192,0.65536,-2.445161,167,0.216463,2126.5085,0.084117,0
99,4.224,6383.96,6283.0927,13371.09,-6.4541196023,0.333595,0.411288,26.0424,1.188,0.8363,0.064309,0.651998,-5.515973,185,0.203691,2194.2531,0.082652,0
100,4.2667,6399.95,6304.9065,13394.53,-6.2364202389,0.264136,0.424664,27.1618,1.1676,0.7289,0.061992,0.639498,-0.951828,176,0.212513,2132.4586,0.085704,0
101,4.3093,6200.12,6274.2452,13113.28,-6.6898851294,0.274209,0.389497,21.9996,1.2186,0.8921,0.068249,0.643649,-4.340471,154,0.219069,2201.4962,0.079966,0
102,4.352,6253.75,6183.8821,13089.84,-6.247034195,0.285588,0.431125,27.3274,1.191,0.7681,0.060899,0.64388,-0.375376,186,0.226981,2166.346,0.08839,0
103,4.3947,6790.41,6399.5188,14144.53,-7.0035759381,0.287888,0.376039,19.1372,1.1546,0.8079,0.070795,0.700264,-4.51779,167,0.22668,2382.079,0.095715,0
104,4.4373,6660.39,6368.9759,13886.72,-6.8899563351,0.316692,0.386021,21.2648,1.1803,0.8546,0.068898,0.696681,-5.877303,164,0.211538,2341.4583,0.090587,0
105,4.48,6491.42,6412.1801,13921.88,-6.6285469242,0.256148,0.402774,21.7504,1.1432,0.6324,0.065823,0.665569,-5.943401,167,0.209686,2242.9761,0.091198,0
106,4.5227,6044.13,6184.8795,12761.72,-6.0689072198,0.272523,0.433466,30.5474,1.2164,0.8197,0.060508,0.613477,-5.521953,166,0.228278,2108.0143,0.083384,0
107,4.5653,6182.39,6275.5221,13148.44,-6.7837734331,0.349044,0.381919,20.2208,1.2104,0.874,0.069671,0.64257,-3.067402,162,0.234441,2282.339,0.076792,0
108,4.608,6356.38,6267.6862,13371.09,-6.0734775832,0.216186,0.436195,28.8879,1.1715,0.7423,0.060053,0.628641,0.001887,177,0.211183,2000.569,0.075204,0
109,4.6507,6220.95,6245.7915,13160.16,-5.9621682933,0.217613,0.451285,31.685,1.1712,0.6485,0.057592,0.625908,-4.668415,178,0.214426,2100.851,0.074716,0
110,4.6933,6094.81,6203.2046,13171.88,-5.7539807207,0.283918,0.455316,37.4969,1.1399,0.5404,0.056948,0.57491,-4.761269,154,0.221424,1948.5063,0.074106,0
111,4.736,6362.25,6244.8549,13394.53,-5.8088775256,0.271043,0.454544,33.5523,1.1282,0.5773,0.057071,0.598227,-0.10417,146,0.2185,2037.344,0.076425,0
112,4.7787,6631.62,6347.2504,13792.97,-7.0416363812,0.258224,0.381022,19.109,1.1701,0.8363,0.069842,0.684472,-5.161376,158,0.217206,2253.6838,0.083995,0
113,4.8213,6296.96,6235.325,13148.44,-5.9128896017,0.287758,0.456505,33.8025,1.171,0.7203,0.056759,0.61086,-0.04634,164,0.215459,2022.8395,0.082774,0
114,4.864,6221.54,6191.2768,13089.84,-6.4832865954,0.273826,0.414392,25.1544,1.205,0.8383,0.063765,0.664654,-6.17528,160,0.219785,2014.7808,0.076914,0
115,4.9067,6223.94,6245.2576,13312.5,-6.1942164203,0.259544,0.431801,29.4496,1.2062,0.8113,0.060786,0.627562,-1.56797,167,0.219002,2070.537,0.080576,0
116,4.9493,6268.0,6289.5718,13335.94,-6.4302888287,0.175277,0.421787,24.8883,1.2036,0.8218,0.062485,0.642091,-8.925019,145,0.2047,2022.9554,0.076181,0
117,4.992,6237.87,6247.8583,13324.22,-5.377127459,0.252081,0.490586,43.6649,1.1126,0.452,0.051548,0.533111,0.628707,167,0.212707,1949.4422,0.067635,0
118,5.0347,6334.17,6229.18,13195.31,-5.8219016982,0.214123,0.457159,32.9497,1.143,0.6174,0.056655,0.582558,-4.704779,151,0.20951,1968.0892,0.070443,0
119,5.0773,6045.34,6120.9287,12726.56,-5.7139524477,0.296236,0.459047,40.8004,1.1829,0.7095,0.056357,0.571943,-0.164183,155,0.223076,2170.414,0.073129,0
120,5.12,6397.08,6222.8325,13429.69,-5.8640537749,0.284932,0.454361,32.469,1.1365,0.5894,0.0571,0.635609,-2.432999,194,0.212405,2059.7367,0.078012,0
121,5.1627,5956.29,6189.1767,12738.28,-6.2217729249,0.28092,0.419665,28.701,1.2416,0.8839,0.06285,0.610808,-4.676013,190,0.21891,2200.2332,0.081065,0
122,5.2053,6265.91,6248.2296,13183.59,-6.164990727,0.32157,0.429582,28.2278,1.1922,0.7637,0.061159,0.633312,0.410214,172,0.220523,2082.8178,0.076792,0
123,5.248,6378.32,6250.644,13429.69,-6.1542401226,0.294033,0.43783,29.0427,1.1552,0.653,0.059782,0.639962,-1.925346,162,0.218953,1961.8166,0.078623,0
124,5.2907,6260.78,6228.7154,13171.88,-6.4904680198,0.227332,0.413611,26.0939,1.2163,0.9131,0.063901,0.650119,-3.510832,150,0.204762,2036.3158,0.086681,0
125,5.3333,6297.0,6234.2816,13218.75,-5.9722542041,0.190752,0.448358,31.8748,1.1719,0.691,0.058063,0.631895,-0.814552,156,0.213755,2078.1352,0.085582,0
126,5.376,6538.56,6325.3184,13453.12,-6.6136487732,0.33957,0.401587,23.5377,1.1589,0.7696,0.066037,0.668606,-7.369197,164,0.213204,2205.0421,0.090831,0
127,5.4187,6630.45,6312.2724,13722.66,-6.0598926362,0.274354,0.437054,27.7006,1.1125,0.6076,0.059911,0.639628,-5.761267,166,0.213625,2168.1802,0.096936,0
128,5.4613,6502.15,6283.1118,13429.69,-6.5837139591,0.208034,0.402788,22.1886,1.1547,0.7996,0.065821,0.654933,-1.229023,174,0.223073,2174.9941,0.091686,0
129,5.504,6541.55,6364.8364,13617.19,-7.2499338944,0.254355,0.364387,16.8545,1.197,0.9022,0.073073,0.690417,-4.790259,165,0.21476,2251.8794,0.089733,0
130,5.5467,6354.47,6269.1486,13148.44,-6.5397859993,0.341649,0.400868,23.8001,1.1951,0.8835,0.066166,0.645481,-3.876935,169,0.213114,2262.7309,0.08314,0
131,5.5893,6040.0,6298.0806,13195.31,-6.2847169777,0.300994,0.417673,29.1535,1.2129,0.7718,0.063194,0.584534,-5.663476,177,0.213809,2144.8939,0.080942,0
132,5.632,6023.07,6230.8298,12984.38,-5.9095348962,0.213969,0.448145,33.1232,1.1971,0.7114,0.058097,0.580876,-7.82677,151,0.197118,1958.7225,0.080576,0
133,5.6747,6098.97,6228.5934,13031.25,-6.1148368736,0.370259,0.432193,29.9135,1.2072,0.7882,0.06072,0.59974,-6.814409,168,0.20456,1992.0386,0.076547,0
134,5.7173,6355.74,6299.4737,13558.59,-5.9690259517,0.218559,0.447067,30.9726,1.1657,0.6452,0.058271,0.631411,0.454725,183,0.216422,2108.6948,0.079355,0
135,5.76,6142.61,6160.0173,12820.31,-6.2824594864,0.368561,0.425704,28.7538,1.2591,0.9697,0.061815,0.635718,-6.972841,151,0.210594,1950.9143,0.083873,0
136,5.8027,6490.42,6391.9312,13769.53,-6.2895566851,0.269037,0.42861,26.1174,1.1451,0.6338,0.061323,0.644072,-7.377569,181,0.214711,2263.8282,0.078135,0
137,5.8453,6258.19,6282.6757,13277.34,-5.9625804536,0.242986,0.450383,31.8434,1.1638,0.6544,0.057736,0.610138,-6.36013,166,0.208357,2102.195,0.073984,0
138,5.888,6357.3,6203.7323,13148.44,-5.7025028574,0.351292,0.46305,34.9224,1.1611,0.6706,0.055729,0.61188,0.079515,165,0.208473,2008.1299,0.078257,0
139,5.9307,6232.22,6207.031,13125.0,-6.1535164909,0.289402,0.429453,28.805,1.1753,0.7319,0.061181,0.609405,-7.286704,182,0.22384,2123.7779,0.075693,0
140,5.9733,6200.5,6259.6074,13183.59,-5.6105623394,0.179443,0.471297,40.2051,1.131,0.5186,0.054451,0.574176,0.659272,164,0.220503,1964.5875,0.076425,0
141,6.016,6264.52,6234.6352,13136.72,-5.9590872915,0.310145,0.447053,33.01,1.1706,0.7105,0.058274,0.586054,1.803804,162,0.219182,2223.5368,0.082774,0
142,6.0587,6426.5,6222.5721,13277.34,-6.5180281882,0.27772,0.409956,23.9379,1.1863,0.8058,0.064544,0.678925,-3.693431,153,0.207687,2203.2384,0.085826,0
143,6.1013,6193.99,6195.5006,13078.12,-6.4569918433,0.24116,0.412243,24.8639,1.2141,0.8982,0.064141,0.651333,-2.521071,169,0.212337,2145.1145,0.083628,0
144,6.144,6695.94,6453.1951,13968.75,-7.1551283518,0.122147,0.368162,17.2679,1.1521,0.7724,0.072327,0.691521,-3.771717,197,0.212557,2350.9842,0.089366,0
145,6.1867,5962.57,6185.3137,12785.16,-6.4389446692,0.237016,0.413639,26.2176,1.275,0.9701,0.063896,0.639978,-5.802324,159,0.210545,2021.792,0.087291,0
146,6.2293,6172.74,6246.2223,13277.34,-5.9578287715,0.278197,0.446461,31.2647,1.1707,0.6361,0.058369,0.598523,-3.951156,181,0.211004,1968.1279,0.078012,0
147,6.272,6462.1,6275.396,13382.81,-6.2741647592,0.304053,0.428407,26.5835,1.1758,0.7713,0.061357,0.66156,-6.812765,170,0.222703,2145.1954,0.080942,0
148,6.3147,6269.28,6212.3389,13007.81,-6.57423156,0.326916,0.406217,24.648,1.2183,0.9245,0.065207,0.660087,-7.202076,166,0.214643,2178.0654,0.072763,0
149,6.3573,6052.48,6177.8974,12808.59,-5.8051329161,0.219714,0.449078,36.3728,1.2079,0.7353,0.057946,0.591372,-7.175719,142,0.218212,2114.8505,0.070932,0
150,6.4,6290.53,6315.5937,13464.84,-6.5209474689,0.273422,0.406489,24.2006,1.173,0.7325,0.065158,0.615487,-6.584907,170,0.21274,2172.0949,0.076914,0
151,6.4427,6378.62,6270.043,13464.84,-6.3562400628,0.226066,0.419844,26.2326,1.168,0.7144,0.062819,0.648957,-7.176651,152,0.212743,2149.2731,0.084117,0
152,6.4853,6470.7,6361.7578,13722.66,-7.2226863865,0.207797,0.365051,18.7787,1.2295,1.0368,0.072941,0.679883,-4.171278,150,0.221581,2292.6504,0.089488,0
153,6.528,6302.96,6266.4986,13312.5,-6.0257685728,0.248207,0.445545,31.6104,1.1672,0.6937,0.058518,0.616846,-2.089736,172,0.21091,1987.26,0.080942,0
154,6.5707,6437.36,6355.6224,13628.91,-6.4642501632,0.263128,0.415835,24.4684,1.1634,0.715,0.063513,0.641543,-4.949178,161,0.211634,2251.2457,0.085338,0
155,6.6133,6172.87,6257.731,12808.59,-6.7170376056,0.245207,0.401954,22.3714,1.2517,1.0092,0.065971,0.651306,-9.055736,162,0.212879,2124.5261,0.085093,0
156,6.656,5939.75,6099.5532,12468.75,-5.7477072994,0.342557,0.448354,37.4083,1.1985,0.7451,0.058063,0.548831,-4.659665,169,0.223265,1979.9838,0.077646,0
157,6.6987,6196.08,6207.8797,13148.44,-6.3025443129,0.270041,0.43069,27.5799,1.1988,0.805,0.060973,0.614408,-6.092343,151,0.216127,2059.0021,0.079966,0
158,6.7413,6095.6,6262.459,13031.25,-6.3622326562,0.253436,0.413206,26.0237,1.2416,0.8938,0.063972,0.621849,-5.980957,150,0.214924,2065.0896,0.074838,0
159,6.784,6345.65,6315.4583,13347.66,-6.6872669597,0.264923,0.39745,22.5003,1.2109,0.8888,0.066786,0.656659,-4.544782,189,0.222089,2115.0581,0.076059,0
160,6.8267,6128.6,6230.5096,13125.0,-6.1661800805,0.261425,0.430731,28.8879,1.1977,0.7464,0.060966,0.628604,-0.993063,167,0.214569,1936.9185,0.080454,0
161,6.8693,6219.27,6269.6125,12996.09,-6.6624868421,0.253831,0.39275,23.3301,1.2636,1.0603,0.067647,0.653949,-5.444155,159,0.221254,2197.2785,0.078012,0
162,6.912,6349.41,6263.6764,13324.22,-5.9428778236,0.238359,0.454543,30.1402,1.1868,0.7339,0.057071,0.650159,-1.17628,161,0.219097,2069.1664,0.079233,0
163,6.9547,6434.41,6205.1039,13171.88,-6.2919928178,0.235734,0.422884,26.6981,1.1796,0.8242,0.062297,0.668863,-4.431888,176,0.214408,2090.9516,0.084361,0
164,6.9973,6222.98,6248.1118,12878.91,-6.4247560468,0.252835,0.407964,25.0251,1.2552,0.9936,0.064896,0.654036,-3.035532,145,0.207372,2222.7312,0.081797,0
165,7.04,6329.39,6247.4212,13136.72,-6.6822030943,0.264466,0.39331,21.4726,1.2365,1.0174,0.067544,0.655786,-2.674024,154,0.212447,2289.3556,0.077768,0
166,7.0827,6209.54,6207.5652,12960.94,-6.3790663843,0.286597,0.419416,27.2804,1.1995,0.8608,0.062893,0.628273,-0.461007,164,0.216185,2068.6015,0.083995,0
167,7.1253,6304.53,6256.2387,13230.47,-6.2926863182,0.241362,0.420739,25.504,1.1867,0.7834,0.062665,0.641225,-4.205815,174,0.218883,1988.9462,0.085704,0
168,7.168,6222.46,6256.583,13054.69,-6.6819333599,0.187973,0.395892,23.1605,1.2349,0.9855,0.067071,0.658131,-6.200086,160,0.214849,2266.929,0.084849,0
169,7.2107,6510.8,6289.7164,13593.75,-6.259487737,0.327217,0.43499,27.4577,1.1566,0.6888,0.060253,0.668129,-2.213526,171,0.2273,2083.2941,0.08607,0
170,7.2533,6437.16,6348.7239,13687.5,-6.5572856223,0.208367,0.40518,22.6762,1.2015,0.8403,0.065392,0.662239,-4.691519,162,0.215705,2183.2831,0.089122,0
171,7.296,6598.63,6400.2413,13781.25,-6.6875799646,0.300595,0.397647,20.8697,1.1711,0.7914,0.06675,0.669515,-5.355454,165,0.20962,2366.8903,0.092296,0
172,7.3387,6467.47,6389.099,13722.66,-6.9275287371,0.3213,0.382198,19.7636,1.194,0.8509,0.069619,0.666618,-7.866879,142,0.223294,2215.6571,0.089,0
173,7.3813,6380.86,6320.7834,13429.69,-6.7196307125,0.184251,0.389945,20.8593,1.1975,0.8715,0.068166,0.660984,-7.754356,161,0.21559,2268.2634,0.078257,0
174,7.424,5887.93,6192.142,12785.16,-5.6552406865,0.258729,0.456482,39.8575,1.1893,0.6128,0.056763,0.543671,-1.382557,163,0.24294,1958.0902,0.070443,0
175,7.4667,5938.67,6207.9537,12902.34,-5.9377128477,0.292719,0.436648,32.7938,1.2139,0.7254,0.059978,0.595288,-2.132913,162,0.225288,1994.9445,0.070199,0
176,7.5093,6214.87,6277.0307,13300.78,-6.3365644401,0.270032,0.421666,26.038,1.1759,0.7045,0.062505,0.633356,-3.368824,153,0.217679,2091.4957,0.069955,0
177,7.552,6151.96,6174.0597,12949.22,-5.6553190388,0.245398,0.465249,40.2746,1.1698,0.6613,0.055386,0.569227,-0.754653,172,0.216127,2111.4566,0.068368,0
178,7.5947,6129.08,6234.6913,13066.41,-6.6464666176,0.109551,0.400599,23.724,1.24,0.9527,0.066215,0.636646,-6.849053,161,0.221345,2213.938,0.077158,0
179,7.6373,6348.12,6312.5647,13441.41,-6.80062741,0.229691,0.384318,20.5564,1.2217,0.9219,0.069218,0.67082,-3.543868,190,0.221909,2308.0819,0.089366,0
180,7.68,6354.71,6267.64,13160.16,-6.6945790795,0.255623,0.394831,21.6961,1.2159,0.9173,0.067265,0.669577,-5.97495,155,0.2121,2273.6114,0.087657,0
181,7.7227,6437.15,6357.6293,13734.38,-6.5436197439,0.297597,0.403717,22.6838,1.1871,0.7662,0.065654,0.664048,-9.438738,164,0.222896,2172.3936,0.08082,0
182,7.7653,6331.78,6319.9247,13417.97,-6.8413265017,0.219547,0.389323,22.5338,1.2464,0.9741,0.068282,0.674702,-6.521895,154,0.217456,2331.3652,0.08546,0
183,7.808,6203.96,6235.0549,12984.38,-6.295216562,0.280129,0.427186,27.4764,1.206,0.8194,0.061564,0.631714,-2.317389,180,0.194868,2068.282,0.07789,0
184,7.8507,6247.76,6253.6929,13125.0,-5.7732276339,0.274667,0.462734,34.1034,1.1357,0.5696,0.055778,0.584658,-3.981199,166,0.211129,1907.8102,0.076914,0
185,7.8933,6587.74,6323.3702,13488.28,-6.5125873661,0.21228,0.413098,24.0641,1.1743,0.8328,0.063991,0.673183,-6.978424,164,0.207447,2345.2295,0.087169,0
186,7.936,6058.04,6272.6437,12785.16,-6.088592456,0.275008,0.431989,29.6985,1.2325,0.8546,0.060755,0.593416,-8.937212,140,0.225697,1987.3252,0.080698,0
187,7.9787,6406.29,6319.9967,13429.69,-6.2675988945,0.211206,0.424893,27.4275,1.1585,0.6882,0.061953,0.633469,-2.549913,150,0.2126,2121.8818,0.074472,0
188,8.0213,6345.06,6192.9621,13148.44,-6.4207301897,0.199711,0.421958,26.9063,1.202,0.8462,0.062455,0.667709,-3.78325,175,0.20971,2242.777,0.081797,0
189,8.064,6329.0,6273.2763,13312.5,-6.3493194389,0.2429,0.419625,27.292,1.1599,0.7055,0.062856,0.623965,-3.598961,157,0.210626,2142.0356,0.08607,0
190,8.1067,6270.73,6258.6094,13171.88,-6.0659973189,0.367533,0.430562,29.2625,1.1917,0.7591,0.060994,0.608168,-4.223402,165,0.221591,2194.9744,0.079233,0
191,8.1493,6286.85,6222.0944,13300.78,-6.1819368024,0.211984,0.432475,27.596,1.184,0.7458,0.060673,0.642866,-4.976292,146,0.215686,2187.5161,0.08021,0
192,8.192,6218.19,6323.1925,13394.53,-6.2066978827,0.25113,0.419598,27.4754,1.2114,0.7927,0.062861,0.632245,-2.392421,175,0.214331,2308.2003,0.075204,0
193,8.2347,6295.08,6269.3388,13183.59,-6.0691608551,0.292568,0.429184,30.2925,1.1758,0.7085,0.061226,0.626658,-1.527454,184,0.204921,2119.0603,0.073984,0
194,8.2773,6293.08,6307.3701,13101.56,-7.0805352886,0.310828,0.367242,18.6047,1.2659,1.1119,0.072508,0.67974,-4.015344,186,0.227721,2317.4652,0.080454,0
195,8.32,6293.2,6247.9752,13300.78,-6.2024510254,0.198724,0.426497,26.9225,1.1628,0.6929,0.061681,0.62977,-4.679702,146,0.218281,2124.7928,0.082774,0
196,8.3627,6431.29,6307.0424,13558.59,-5.978997231,0.287376,0.441385,28.5814,1.161,0.6504,0.059197,0.643201,-2.296432,166,0.22335,2109.4063,0.077402,0
197,8.4053,6069.42,6169.7572,12949.22,-5.6955626885,0.311327,0.459293,38.5811,1.173,0.6576,0.056318,0.530491,1.833749,177,0.230517,1982.4421,0.070565,0
198,8.448,6466.03,6368.0727,13476.56,-6.5723435403,0.266412,0.40991,24.1973,1.1765,0.7942,0.064552,0.647112,-5.929737,160,0.21363,2148.4155,0.073373,0
199,8.4907,6411.27,6305.2184,13593.75,-5.6326554361,0.308828,0.469092,36.6184,1.1184,0.5182,0.05479,0.600958,1.115347,171,0.207987,2048.9253,0.076181,0
200,8.5333,6349.85,6271.7669,13359.38,-5.835227634,0.233593,0.454785,33.6159,1.1416,0.5955,0.057032,0.611229,-2.695584,166,0.202708,2074.0465,0.080576,0
201,8.576,6286.86,6217.3908,13160.16,-5.8358310516,0.263742,0.455936,33.4114,1.1813,0.7345,0.056849,0.594061,-9.136932,168,0.215354,1977.0934,0.083262,0
202,8.6187,6332.78,6264.5545,13253.91,-5.7913218768,0.252761,0.45859,34.4321,1.1189,0.5405,0.056429,0.594012,-2.581961,164,0.217999,2070.6815,0.082896,0
203,8.6613,6252.72,6245.7893,13277.34,-6.0448773893,0.250989,0.432336,29.6839,1.1858,0.6872,0.060696,0.618035,-5.931677,179,0.216916,2119.4094,0.080698,0
204,8.704,6450.5,6316.6648,13453.12,-6.2379964294,0.260918,0.428193,26.8916,1.1334,0.6404,0.061393,0.630781,-2.407041,180,0.216689,2253.5839,0.083628,0
205,8.7467,6324.58,6278.3948,13371.09,-6.6029914313,0.207381,0.407369,23.7831,1.1683,0.7497,0.065002,0.645354,-8.680846,155,0.208537,2213.8678,0.080698,0
206,8.7893,6186.68,6242.5253,13007.81,-6.2434897986,0.347844,0.424232,29.1308,1.2145,0.8588,0.062066,0.619494,-4.217317,163,0.209807,2094.0036,0.07496,0
207,8.832,6145.17,6261.7588,13113.28,-6.476880233,0.237539,0.402394,24.4434,1.2351,0.9221,0.065891,0.638206,-8.005095,186,0.223741,2230.2744,0.080698,0
208,8.8747,6357.37,6322.4675,13453.12,-6.1061242026,0.325865,0.436842,28.4446,1.1269,0.5677,0.059946,0.624849,-1.790391,165,0.211901,2179.6566,0.080576,0
209,8.9173,6041.97,6232.1929,12960.94,-5.9064111032,0.374133,0.439929,31.7708,1.188,0.6918,0.059436,0.575644,-6.797628,164,0.21792,2151.4418,0.073129,0
210,8.96,6163.86,6233.0316,13289.06,-5.7113892324,0.301379,0.463832,37.4005,1.1584,0.5982,0.055607,0.540809,-10.294391,152,0.21375,1982.2971,0.066536,0
211,9.0027,6170.01,6247.3664,13171.88,-6.1780435082,0.282917,0.425628,30.3008,1.2175,0.8137,0.061828,0.616719,-1.185328,176,0.224005,2208.649,0.070809,0
212,9.0453,6247.86,6208.0155,13207.03,-5.7580206023,0.246108,0.463533,36.6979,1.1611,0.6416,0.055653,0.595254,-2.573666,161,0.221801,1998.7382,0.072274,0
213,9.088,5937.1,6079.381,12468.75,-5.5955561125,0.238273,0.467462,44.1262,1.2178,0.7714,0.055042,0.532439,2.003863,184,0.216956,2026.9247,0.068246,0
214,9.1307,6228.17,6278.8247,12878.91,-6.3703841428,0.233648,0.411915,26.1098,1.21,0.8558,0.064199,0.636466,-5.047921,155,0.232384,2271.5674,0.079233,0
215,9.1733,6447.23,6251.1872,13359.38,-6.3883805342,0.341282,0.422728,25.3299,1.1867,0.8058,0.062323,0.663293,-2.692455,163,0.216152,2137.8541,0.086436,0
216,9.216,6511.6,6333.5121,13382.81,-7.2056196442,0.25443,0.365087,18.4765,1.2104,1.0153,0.072934,0.676081,-4.597296,157,0.213684,2303.5111,0.083995,0
217,9.2587,6577.61,6310.1102,13453.12,-6.2759089241,0.221497,0.434999,25.8665,1.1769,0.7848,0.060252,0.667618,-3.161983,157,0.208516,2007.9807,0.082285,0
218,9.3013,6124.22,6288.3161,13113.28,-6.5360539752,0.254692,0.408927,23.4414,1.2514,0.9553,0.064726,0.630855,-5.415211,171,0.214718,2054.5948,0.084239,0
219,9.344,6350.98,6427.4126,13429.69,-7.0012062691,0.317618,0.373243,19.842,1.2374,0.9604,0.071335,0.669692,-3.807114,154,0.21749,2320.056,0.088878,0
220,9.3867,6571.89,6357.9325,13792.97,-6.8794936179,0.274862,0.392237,20.2991,1.1995,0.8776,0.067742,0.684907,-5.655589,150,0.216089,2231.0926,0.088878,0
221,9.4293,6426.73,6208.8019,13417.97,-5.7154335746,0.320596,0.470764,34.2846,1.1191,0.4911,0.054533,0.636498,-1.988273,171,0.21709,1972.9331,0.08607,0
222,9.472,6302.06,6331.4003,13218.75,-6.7410514395,0.23165,0.397255,23.1132,1.223,0.9193,0.066822,0.65725,-6.961692,153,0.217728,2222.5293,0.080698,0
223,9.5147,6309.71,6214.0342,13265.62,-5.9203668776,0.33795,0.444973,29.1644,1.1524,0.6171,0.058611,0.635434,-1.6846,193,0.213068,2119.5806,0.079477,0
224,9.5573,6127.57,6231.0433,13253.91,-5.8370295834,0.305696,0.448929,32.6436,1.1786,0.6507,0.05797,0.583024,-7.761713,168,0.225982,1969.9601,0.079844,0
225,9.6,6150.45,6267.622,13113.28,-6.024192387,0.332649,0.435128,30.9258,1.2001,0.7413,0.060231,0.588713,-3.73465,167,0.213721,2092.0149,0.073862,0
226,9.6427,6498.89,6282.5653,13441.41,-6.349660575,0.25577,0.421381,25.2614,1.1528,0.7498,0.062554,0.661625,-3.820393,152,0.220194,2108.6384,0.074838,0
227,9.6853,6341.64,6275.2361,13453.12,-6.0470009635,0.310056,0.440549,31.6892,1.1759,0.7145,0.059334,0.641929,-0.52844,154,0.214428,2085.9808,0.083873,0
228,9.728,6366.59,6271.4,13300.78,-6.5692617316,0.279127,0.399182,23.8022,1.1749,0.785,0.066471,0.646764,0.404117,179,0.20038,2101.6258,0.083873,0
229,9.7707,6460.98,6338.8481,13488.28,-6.5884695159,0.26213,0.400837,22.6625,1.2012,0.8711,0.066172,0.659536,-5.466504,174,0.210452,2167.491,0.082285,0
230,9.8133,6386.36,6295.7562,13429.69,-6.4883151463,0.256738,0.415834,25.4995,1.2144,0.8716,0.063513,0.658337,-7.440995,168,0.208057,2228.9005,0.085582,0
231,9.856,6324.26,6161.326,13148.44,-6.3332176753,0.198835,0.421162,26.21,1.2109,0.8731,0.062592,0.661452,-4.347031,174,0.208555,2184.0602,0.085215,0
232,9.8987,6304.01,6311.4465,13230.47,-6.8678664881,0.286564,0.385055,21.637,1.2228,0.9335,0.06908,0.669362,-8.398644,149,0.218814,2233.2208,0.088878,0
233,9.9413,6323.46,6342.6603,13664.06,-6.0078371783,0.212107,0.452158,32.5522,1.1599,0.5993,0.057452,0.619368,-7.551935,144,0.196331,2082.9711,0.084361,0
234,9.984,6271.63,6194.15,13300.78,-5.5840762507,0.23428,0.470515,40.82,1.119,0.5164,0.054571,0.566413,0.6896,160,0.209071,2013.3298,0.071786,0
235,10.0267,6377.31,6255.289,13195.31,-6.3253734604,0.275435,0.424982,26.1207,1.1959,0.8396,0.061938,0.647111,-1.106172,164,0.220656,2134.4062,0.082163,0
236,10.0693,6629.13,6375.2485,13687.5,-7.3584675916,0.272235,0.352896,17.0397,1.1976,1.0015,0.075392,0.692311,-4.603486,179,0.220281,2371.9622,0.091198,0
237,10.112,6282.04,6196.5746,13148.44,-5.5241316461,0.266281,0.465017,39.2114,1.1611,0.6195,0.055422,0.57574,0.64888,163,0.221656,2059.166,0.082408,0
238,10.1547,6055.07,6129.6261,12750.0,-5.799451727,0.248045,0.458682,37.6618,1.1905,0.6938,0.056415,0.598027,1.351608,176,0.214122,2028.9927,0.072397,0
239,10.1973,6195.9,6184.0989,13101.56,-5.3952155682,0.277858,0.485989,47.2491,1.1507,0.5858,0.052229,0.554623,0.411458,175,0.21767,1984.7434,0.070321,0
240,10.24,6502.37,6272.752,13734.38,-5.8376149355,0.364743,0.456641,31.3337,1.1311,0.5711,0.056737,0.642408,-2.287969,153,0.210865,2084.5969,0.083506,0
241,10.2827,6343.54,6251.0182,13265.62,-6.2703751826,0.373488,0.43184,26.2967,1.1944,0.7802,0.060779,0.662263,-5.762551,162,0.20989,2069.2282,0.082285,0
242,10.3253,6373.16,6358.8368,13828.12,-5.5526907192,0.279335,0.474212,39.083,1.1065,0.4419,0.054005,0.559945,-7.623009,171,0.218862,2071.5841,0.069466,0
243,10.368,6159.74,6147.8855,12796.88,-5.7433074248,0.262076,0.461112,39.1271,1.1886,0.7282,0.056032,0.566437,1.213129,147,0.21042,1996.3403,0.080332,0
244,10.4107,6174.73,6187.5821,12996.09,-5.8925199387,0.245728,0.449048,33.1886,1.1614,0.6714,0.057951,0.590641,-6.901168,170,0.219457,2007.1291,0.081187,0
245,10.4533,6304.29,6188.7694,13324.22,-5.6038387675,0.282975,0.474785,40.2327,1.1571,0.5869,0.053917,0.583111,1.603008,182,0.217652,1925.0386,0.074594,0
246,10.496,6422.45,6255.2693,13218.75,-6.030673387,0.299854,0.445429,30.2725,1.1714,0.7314,0.058537,0.636211,-6.510176,181,0.225427,2080.6967,0.083384,0
247,10.5387,6483.86,6310.8772,13687.5,-6.565451627,0.194248,0.408355,23.697,1.1628,0.7614,0.064827,0.663338,-2.474067,177,0.219927,2176.9366,0.089733,0
248,10.5813,6294.82,6326.6458,13628.91,-5.7731009449,0.242195,0.461048,35.5124,1.1414,0.5634,0.056042,0.593255,-4.369118,165,0.217943,2113.5405,0.081065,0
249,10.624,6256.91,6255.1459,12960.94,-6.7657779067,0.332464,0.390536,23.2445,1.2413,1.022,0.068057,0.660487,-1.458782,185,0.218069,2223.7857,0.082408,0
250,10.6667,6499.96,6299.1431,13429.69,-6.9019771128,0.426014,0.381105,19.936,1.1897,0.9124,0.069826,0.67373,-3.278095,185,0.21586,2324.8651,0.090465,0
251,10.7093,6461.62,6432.0315,13535.16,-7.1673551872,0.299246,0.369026,18.6051,1.2331,1.0157,0.072157,0.679394,-4.168662,152,0.210982,2205.547,0.083506,0
252,10.752,6385.53,6292.1791,13429.69,-6.7659511712,0.316184,0.390597,22.4982,1.2203,0.9453,0.068045,0.658905,-4.572754,177,0.214955,2243.2522,0.08375,0
253,10.7947,6590.93,6390.8694,13734.38,-6.9793292309,0.325435,0.380202,19.3315,1.1482,0.7596,0.069998,0.681416,-5.896905,157,0.204249,2158.821,0.084117,0
254,10.8373,6369.37,6345.734,13617.19,-6.6951116321,0.396342,0.397564,21.4831,1.2125,0.8515,0.066765,0.65826,-6.383761,149,0.208052,2252.3034,0.083628,0
255,10.88,6458.88,6230.6552,13335.94,-5.8402715693,0.345202,0.449423,33.5082,1.1564,0.6895,0.057891,0.633441,-8.04197,167,0.218044,2002.9286,0.087047,0
256,10.9227,6086.97,6165.9957,12902.34,-5.5857063935,0.218106,0.46834,41.9743,1.1752,0.6328,0.054907,0.573213,-0.402231,169,0.213409,1997.3361,0.079966,0
257,10.9653,6358.12,6300.1197,13230.47,-6.9875064976,0.293858,0.380737,20.1516,1.2227,0.9555,0.069896,0.66975,-3.469819,178,0.224709,2205.9583,0.079966,0
258,11.008,6316.17,6215.8879,13148.44,-6.7969362632,0.307671,0.394286,22.392,1.2571,1.0862,0.067365,0.677151,-5.774162,172,0.213425,2209.7843,0.083018,0
259,11.0507,6240.16,6161.7401,13031.25,-6.1990983664,0.308269,0.429181,29.1851,1.22,0.9068,0.061227,0.63228,-8.3233,176,0.213855,2079.6561,0.081187,0
260,11.0933,6366.6,6298.7456,13253.91,-7.3345213724,0.292622,0.356471,17.7304,1.2612,1.1633,0.074663,0.681981,-5.593139,177,0.209541,2331.7809,0.082408,0
261,11.136,6389.54,6398.7837,13605.47,-6.6822615834,0.340445,0.396283,22.8291,1.1874,0.8075,0.066999,0.647636,-4.503619,162,0.213341,2237.344,0.085948,0
262,11.1787,6295.17,6302.9867,13453.12,-5.9867566388,0.339632,0.443992,30.1049,1.1626,0.6326,0.058771,0.63178,-0.271064,158,0.21667,2145.44,0.080942,0
263,11.2213,6198.17,6133.8254,12867.19,-5.7814732488,0.236927,0.461321,35.9575,1.1829,0.7153,0.055999,0.607223,-0.842484,169,0.216601,2041.2329,0.079722,0
264,11.264,6257.51,6181.4966,13078.12,-6.2305715759,0.304162,0.428523,28.7886,1.2113,0.8464,0.061338,0.639999,-0.009297,183,0.223021,2151.7969,0.081675,0
265,11.3067,6205.44,6190.11,12890.62,-6.5750671319,0.392502,0.407278,24.7185,1.2408,0.9541,0.065018,0.662824,-5.798899,163,0.215457,2133.5102,0.081065,0
266,11.3493,6462.88,6338.1106,13640.62,-6.6390918053,0.281215,0.407704,23.1566,1.1898,0.8346,0.064942,0.676657,-4.36901,147,0.219932,2251.9774,0.086436,0
267,11.392,6333.33,6259.5659,13230.47,-5.8500084157,0.237452,0.459816,33.7565,1.1414,0.6133,0.056236,0.608247,-0.520145,180,0.209475,2011.6675,0.085704,0
268,11.4347,6061.47,6278.0661,13171.88,-6.4766683863,0.265231,0.416547,25.7587,1.2554,0.926,0.063389,0.631147,-3.813978,175,0.21648,2171.8726,0.078867,0
269,11.4773,6290.41,6336.1342,13277.34,-6.7517423085,0.344549,0.390358,22.2172,1.2432,1.0001,0.068089,0.644567,-4.567559,188,0.204711,2208.3397,0.07496,0
270,11.52,6508.14,6342.3441,13500.0,-6.5369878147,0.422032,0.402556,22.7583,1.1639,0.7449,0.065862,0.648085,-6.879372,168,0.21093,2175.8633,0.081309,0
271,11.5627,6290.83,6255.5954,13207.03,-6.1986423513,0.303622,0.430311,29.0605,1.1953,0.8139,0.061036,0.619314,-5.766157,172,0.215477,2180.1222,0.083384,0
272,11.6053,6428.65,6303.113,13500.0,-6.8844383299,0.330026,0.386907,20.5137,1.2139,0.9498,0.068732,0.669912,-7.349265,179,0.218052,2235.9892,0.091442,0
273,11.648,6630.08,6296.5242,13347.66,-7.199901688,0.290926,0.371626,17.5398,1.2103,1.0383,0.071649,0.698531,-2.018666,165,0.216925,2190.8489,0.095959,0
274,11.6907,6400.05,6345.0401,13417.97,-6.3919048082,0.333418,0.415193,24.5438,1.1902,0.7884,0.063625,0.646834,-4.575034,162,0.2205,2137.8403,0.088146,0
275,11.7333,6514.28,6450.2712,13816.41,-6.8826131459,0.154468,0.393233,20.3061,1.1822,0.8036,0.067558,0.674157,-3.542827,180,0.214668,2381.7417,0.083628,0
276,11.776,6295.09,6192.3586,13066.41,-6.0385961916,0.209497,0.443465,30.9928,1.1708,0.6979,0.058857,0.628731,-0.315679,151,0.214437,1946.529,0.085704,0
277,11.8187,6535.57,6371.7609,13687.5,-7.040362568,0.340324,0.378447,19.3353,1.195,0.8774,0.070332,0.684307,-3.036507,167,0.220548,2342.5958,0.085704,0
278,11.8613,6363.22,6255.5639,13277.34,-6.0349523084,0.278251,0.439129,31.1216,1.1718,0.7393,0.059568,0.635237,-1.769085,169,0.208222,2150.0449,0.086681,0
279,11.904,6696.94,6394.4301,13910.16,-6.8922629047,0.300452,0.38789,19.4616,1.155,0.7781,0.068549,0.690582,-3.793886,153,0.215366,2291.3098,0.087657,0
280,11.9467,6302.77,6264.0958,13136.72,-6.6015632988,0.288431,0.404234,23.3241,1.2178,0.91,0.065561,0.664653,-5.67284,182,0.212913,2182.9144,0.091564,0
281,11.9893,6489.98,6266.4243,13289.06,-6.6827348444,0.289373,0.399735,21.7742,1.1956,0.9232,0.066371,0.676288,-6.547876,166,0.211037,2224.1838,0.089611,0
282,12.032,6244.92,6296.2561,13230.47,-6.085295185,0.293214,0.436957,31.284,1.2007,0.7446,0.059927,0.620439,-5.297053,165,0.224408,2183.1843,0.08314,0
283,12.0747,6292.55,6293.3384,13160.16,-6.2614203315,0.26521,0.423469,27.64,1.1782,0.7642,0.062196,0.64446,-1.965149,180,0.211239,2172.4927,0.083995,0
284,12.1173,6448.79,6394.8542,13664.06,-7.0958832331,0.262003,0.366982,18.4931,1.2132,0.9387,0.072559,0.671789,-4.750792,157,0.228894,2230.1699,0.082285,0
285,12.16,6291.56,6276.1076,13207.03,-5.9253236078,0.247627,0.446732,31.887,1.1575,0.6451,0.058325,0.613884,-1.105509,157,0.219929,2041.715,0.083262,0
286,12.2027,6477.97,6279.4895,13535.16,-6.3633900513,0.179089,0.423143,25.8735,1.1444,0.6644,0.062252,0.660111,-3.504148,167,0.213255,2076.5888,0.083262,0
287,12.2453,6310.3,6221.9273,13394.53,-5.5977972789,0.252998,0.480617,39.3275,1.1702,0.6252,0.053034,0.591935,-0.050133,170,0.213842,1960.7285,0.080942,0
288,12.288,6177.58,6099.3325,12808.59,-5.8317233459,0.246534,0.461771,36.6198,1.1504,0.6309,0.055929,0.603881,0.207982,174,0.21269,2059.4869,0.086803,0
289,12.3307,6383.24,6330.2652,13441.41,-6.9681707594,0.18269,0.378365,20.2953,1.2106,0.9463,0.070348,0.671518,-5.678797,152,0.214532,2349.7932,0.088512,0
290,12.3733,6420.94,6238.077,13441.41,-6.6458190211,0.267678,0.409932,24.0577,1.2065,0.8852,0.064548,0.676012,-3.395741,175,0.216552,2200.221,0.085826,0
291,12.416,6262.4,6287.7634,13207.03,-6.5963030948,0.266229,0.402782,22.5035,1.2248,0.9135,0.065822,0.658464,-6.409582,185,0.21612,2315.0541,0.086681,0
292,12.4587,6416.71,6359.5654,13453.12,-6.7552383296,0.240458,0.385302,22.3807,1.2342,0.9697,0.069033,0.663739,-6.437428,161,0.21623,2344.7576,0.082041,0
293,12.5013,6070.05,6213.8469,12703.12,-6.5907763652,0.293603,0.400012,25.2245,1.2668,1.0339,0.066321,0.642667,-2.946112,143,0.229138,2149.1477,0.077768,0
294,12.544,6563.47,6345.0069,13757.81,-6.4718095987,0.134066,0.40959,23.5261,1.1351,0.6858,0.064609,0.657401,-1.388859,151,0.238505,2288.7146,0.079233,0
295,12.5867,6414.85,6290.7492,13300.78,-6.4504169183,0.303825,0.411635,25.2628,1.1911,0.8363,0.064248,0.647704,-0.996577,181,0.21508,2112.4268,0.087901,0
296,12.6293,6417.49,6315.0651,13359.38,-6.4246708118,0.283303,0.420127,25.7733,1.1773,0.7745,0.06277,0.653249,-2.798647,153,0.205499,2151.1623,0.083384,0
297,12.672,6388.97,6181.9772,13136.72,-5.6646241722,0.152025,0.466455,37.0467,1.1352,0.6237,0.055198,0.603589,-1.359589,167,0.217712,1958.7118,0.073984,0
298,12.7147,6397.64,6288.921,13500.0,-6.8062438927,0.271962,0.396414,20.8831,1.2078,0.8971,0.066975,0.669859,-5.529092,155,0.223881,2177.7217,0.08375,0
299,12.7573,6488.26,6299.0048,13382.81,-6.7318244051,0.158674,0.398334,21.5891,1.2209,0.9632,0.066625,0.677889,-5.07549,146,0.213516,2270.5924,0.087291,0
300,12.8,6315.84,6261.4069,13289.06,-6.0897553655,0.273202,0.442443,30.4831,1.2029,0.7628,0.059024,0.643242,-2.654532,156,0.215457,2046.1965,0.083384,0
301,12.8427,6523.69,6299.5101,13511.72,-6.639157706,0.321432,0.403429,23.7928,1.181,0.8392,0.065705,0.683901,-6.113056,161,0.211659,2128.5203,0.085582,0
302,12.8853,6182.83,6135.1067,12890.62,-5.8928934172,0.38127,0.441194,34.5585,1.1962,0.808,0.059228,0.588575,-4.343435,141,0.231312,1990.421,0.080942,0
303,12.928,6370.16,6254.7794,13675.78,-5.5962702216,0.212181,0.481133,39.6753,1.1125,0.466,0.052956,0.586662,0.270446,160,0.213829,1992.7996,0.077524,0
304,12.9707,6333.33,6278.2235,13394.53,-6.0071750846,0.317906,0.43578,31.0386,1.18,0.7073,0.060122,0.612537,-5.747695,161,0.21023,1985.3209,0.080454,0
305,13.0133,6308.21,6276.103,12960.94,-6.4809406362,0.181149,0.414091,25.3795,1.2185,0.949,0.063817,0.65875,-7.344327,157,0.217708,2217.4313,0.077768,0
306,13.056,6329.71,6255.5369,13195.31,-6.5510758294,0.241002,0.407229,23.6571,1.2064,0.92,0.065027,0.651839,-7.063641,175,0.211554,2279.6138,0.080942,0
307,13.0987,6319.58,6318.9917,13394.53,-6.5501678253,0.206403,0.404873,25.0134,1.1951,0.8445,0.065447,0.641159,-3.711169,167,0.21826,2214.8246,0.085215,0
308,13.1413,6379.0,6380.4453,13699.22,-6.7799243819,0.19307,0.394247,21.0973,1.2018,0.796,0.067372,0.663113,-5.350792,171,0.204841,2114.378,0.083873,0
309,13.184,6162.85,6233.9533,13054.69,-6.3883464191,0.315769,0.40993,25.2661,1.229,0.8764,0.064548,0.64741,-3.633231,179,0.226339,2276.8154,0.080698,0
310,13.2267,6338.26,6243.7471,13300.78,-5.9533770621,0.312991,0.454974,30.7826,1.1679,0.6638,0.057002,0.626995,-0.555882,159,0.210661,2107.7541,0.084727,0
311,13.2693,6150.88,6284.8271,13160.16,-6.5706936609,0.312038,0.40022,24.8563,1.2372,0.9051,0.066284,0.636136,-7.488365,168,0.217277,2113.6421,0.086192,0
312,13.312,6621.8,6295.9573,13722.66,-6.6882607833,0.325912,0.400984,22.6255,1.2061,0.9639,0.066145,0.684643,-5.821559,168,0.223879,2357.4441,0.087413,0
313,13.3547,6433.73,6345.5944,13546.88,-6.3398007313,0.357173,0.41846,26.4852,1.1802,0.7741,0.063058,0.640448,-1.670836,175,0.210979,2255.7624,0.087779,0
314,13.3973,6401.56,6268.5319,13359.38,-6.5091995531,0.348137,0.417034,25.4556,1.2224,0.9348,0.063305,0.66781,-6.583757,150,0.214381,2057.9654,0.083262,0
315,13.44,6310.2,6329.1219,13300.78,-6.6999334668,0.306373,0.39317,23.3481,1.2436,1.0195,0.06757,0.660514,-5.130377,172,0.208953,2201.2501,0.088268,0
316,13.4827,6635.2,6361.4929,13687.5,-6.4721442038,0.329047,0.418814,24.8329,1.1611,0.7793,0.062996,0.672264,-1.095994,172,0.212755,2141.0839,0.089855,0
317,13.5253,6340.37,6259.222,13324.22,-6.2221135205,0.222816,0.428815,28.3157,1.167,0.7208,0.061288,0.642364,-2.381629,167,0.211924,2120.2144,0.086681,0
318,13.568,6253.33,6135.4912,13101.56,-6.0235698379,0.374245,0.44999,33.0243,1.1804,0.7897,0.0578,0.61741,-9.489256,173,0.22707,2039.8968,0.083018,0
319,13.6107,6212.22,6211.1175,13136.72,-6.2413350647,0.314389,0.428993,28.3583,1.1804,0.7149,0.061258,0.645285,-10.115785,167,0.207152,2064.822,0.08314,0
320,13.6533,6362.6,6312.8658,13230.47,-6.5969361009,0.323732,0.402171,22.8396,1.1814,0.8297,0.065931,0.646529,-6.675626,161,0.220542,2101.1207,0.08082,0
321,13.696,6075.86,6284.9824,13089.84,-6.2985163622,0.174956,0.421841,30.1061,1.2351,0.8648,0.062475,0.624152,-1.76269,164,0.212922,2096.6734,0.074106,0
322,13.7387,6153.97,6194.8338,12960.94,-6.4671321103,0.250712,0.404862,25.7323,1.2162,0.8814,0.065449,0.641558,-5.248238,149,0.216912,2147.995,0.077158,0
323,13.7813,6381.28,6327.2279,13289.06,-6.5466222089,0.318007,0.403788,24.1309,1.2111,0.9154,0.065641,0.663308,-3.440557,179,0.215439,2236.932,0.087413,0
324,13.824,6720.56,6471.5667,14179.69,-6.4424664849,0.262859,0.425266,24.4919,1.102,0.5355,0.06189,0.651587,-6.559032,162,0.220831,2245.013,0.090099,0
325,13.8667,6172.46,6172.5108,12890.62,-6.1296409845,0.293384,0.434688,30.9306,1.2033,0.8181,0.060304,0.612441,-3.281913,164,0.218651,2117.4078,0.083873,0
326,13.9093,6277.26,6258.0009,13195.31,-5.9476125019,0.275263,0.448831,30.8495,1.1444,0.6382,0.057986,0.623703,-2.851439,165,0.216028,2064.1143,0.078501,0
327,13.952,6256.03,6247.7777,13160.16,-5.9270156521,0.307928,0.448295,33.7749,1.1773,0.7165,0.058073,0.606925,-1.922653,168,0.213904,2157.4779,0.081553,0
328,13.9947,6297.79,6275.6227,13289.06,-6.1286530615,0.225276,0.433215,28.519,1.167,0.7021,0.060549,0.606171,-4.112997,158,0.207626,2084.0592,0.07667,0
329,14.0373,6163.48,6205.9531,13125.0,-5.4100809262,0.234584,0.482616,46.1845,1.1451,0.5307,0.052733,0.555616,-0.781036,164,0.223861,2022.8799,0.072763,0
330,14.08,6299.36,6221.1185,13230.47,-5.9095618105,0.187918,0.443556,31.0746,1.1531,0.6298,0.058842,0.632683,-3.632746,157,0.22542,2042.2789,0.081675,0
331,14.1227,6398.32,6309.8115,13289.06,-6.6989153296,0.265737,0.395239,22.2831,1.1944,0.8817,0.06719,0.655308,-3.882767,177,0.218621,2291.7484,0.08021,0
332,14.1653,6421.6,6380.5256,13582.03,-6.7424792354,0.323542,0.390546,22.7013,1.1825,0.8305,0.068055,0.648836,-2.926999,190,0.213551,2282.944,0.078379,0
333,14.208,6335.84,6221.7913,13324.22,-6.2358774519,0.385874,0.43451,28.6557,1.1727,0.7524,0.060333,0.637821,-2.664351,185,0.212581,2054.9912,0.089366,0
334,14.2507,6765.49,6416.1338,13851.56,-6.7065059142,0.258166,0.406955,20.9348,1.1345,0.7103,0.065076,0.696716,-3.936807,160,0.214983,2199.4407,0.092785,0
335,14.2933,6263.78,6201.2662,13125.0,-5.8923202069,0.264056,0.455845,35.4568,1.159,0.6375,0.056864,0.609934,-0.142374,162,0.223368,2178.0836,0.082041,0
336,14.336,6343.12,6290.2438,13265.62,-7.0545590703,0.259919,0.37424,20.7357,1.2358,1.0231,0.071142,0.674975,-6.465952,148,0.211322,2273.6655,0.084117,0
337,14.3787,6338.22,6219.4,13289.06,-6.2818373424,0.30005,0.426907,27.297,1.179,0.8041,0.061611,0.641686,-8.08282,154,0.205269,2097.6274,0.088756,0
338,14.4213,6207.7,6193.5671,12902.34,-6.1001129141,0.319132,0.443908,32.5268,1.1881,0.7448,0.058784,0.628937,-8.430981,160,0.212106,1937.1483,0.083995,0
339,14.464,6202.8,6187.4081,12878.91,-6.4169102143,0.302164,0.416164,26.6207,1.2187,0.8953,0.063456,0.638352,-8.80282,185,0.201232,2127.2414,0.076547,0
340,14.5067,6544.5,6291.8031,13617.19,-6.3662492058,0.150241,0.419746,25.2761,1.1526,0.7473,0.062836,0.670762,-4.193965,177,0.218139,2045.1774,0.07789,0
341,14.5493,6512.81,6259.5263,13371.09,-6.7025812076,0.262816,0.397516,22.9266,1.1906,0.8983,0.066774,0.671426,0.299409,169,0.212722,2257.6612,0.091686,0
342,14.592,6514.22,6313.9847,13476.56,-6.4409635386,0.176075,0.417189,25.7068,1.1587,0.7525,0.063278,0.669209,-3.552638,165,0.212713,2241.2726,0.089855,0
343,14.6347,6102.97,6292.4828,13031.25,-6.3532243526,0.191326,0.415579,28.7658,1.2428,0.9238,0.063558,0.618333,-2.351052,157,0.213383,2132.5156,0.078501,0
344,14.6773,6250.88,6235.8501,13125.0,-6.2151264553,0.189607,0.435831,29.8291,1.2013,0.821,0.060114,0.639706,-4.836257,168,0.217754,2142.0931,0.074106,0
345,14.72,6118.51,6208.7646,13054.69,-5.6684810205,0.199655,0.470738,39.9599,1.2077,0.7151,0.054537,0.575022,-0.314729,164,0.211259,1959.3636,0.075082,0
346,14.7627,6230.1,6261.3816,13242.19,-6.1572044178,0.319749,0.438223,31.2296,1.199,0.7456,0.059717,0.618089,-7.20062,151,0.225172,2107.3938,0.07789,0
347,14.8053,6234.25,6259.1653,13113.28,-6.7017726214,0.272403,0.396775,23.8822,1.2256,0.9164,0.066909,0.649514,-7.539315,178,0.215454,2231.6158,0.083873,0
348,14.848,6324.41,6251.2908,13019.53,-6.7064627682,0.359541,0.38989,22.4946,1.2577,1.0957,0.068176,0.661149,-2.180513,190,0.223117,2282.2725,0.08314,0
349,14.8907,6324.21,6290.5545,13207.03,-6.8290246212,0.188288,0.392963,22.1868,1.2451,1.0029,0.067608,0.670725,-4.229394,185,0.212775,2247.2097,0.076792,0
350,14.9333,6035.06,6224.3095,12761.72,-6.2611886,0.213647,0.422912,29.216,1.2315,0.8491,0.062292,0.60823,-1.642875,162,0.212286,2150.4549,0.074106,0
351,14.976,6254.79,6289.6876,13347.66,-6.2279322125,0.200465,0.424349,29.472,1.1874,0.7968,0.062046,0.611751,-8.335915,155,0.223378,2210.8762,0.083506,0
352,15.0187,6511.31,6277.8858,13570.31,-6.6176953842,0.320614,0.403678,23.1203,1.1754,0.8321,0.065661,0.66731,-5.731735,175,0.223185,2305.8029,0.090587,0
353,15.0613,6436.04,6288.1656,13628.91,-6.1965050616,0.316547,0.433096,28.803,1.1807,0.7512,0.060569,0.640278,-2.110839,147,0.209694,2182.1316,0.087413,0
354,15.104,6171.15,6149.5707,13019.53,-6.1180091807,0.322674,0.423039,30.6632,1.2239,0.8721,0.06227,0.63237,-1.069564,183,0.2194,2054.7953,0.083995,0
355,15.1467,6328.94,6302.5495,13265.62,-6.8146490235,0.215193,0.383076,21.7563,1.2503,1.0348,0.069452,0.660831,-4.635317,167,0.224593,2394.27,0.082896,0
356,15.1893,6259.71,6258.9764,13359.38,-6.1115931586,0.215351,0.436906,29.5642,1.1853,0.7285,0.059935,0.630506,-2.823755,181,0.211218,2144.1573,0.08082,0
357,15.232,6307.93,6252.4542,13359.38,-5.9585471835,0.224351,0.447443,33.5587,1.1779,0.7167,0.05821,0.624323,-6.401975,154,0.203365,2051.1975,0.079477,0
358,15.2747,6417.69,6361.21,13406.25,-6.8360157045,0.261463,0.38707,21.3206,1.2199,0.9402,0.068702,0.666596,-3.015655,188,0.222539,2245.1924,0.085215,0
359,15.3173,6287.42,6142.465,13136.72,-6.1070940953,0.288414,0.440989,29.531,1.193,0.8029,0.059262,0.63884,-0.055282,170,0.217788,2124.1873,0.086192,0
360,15.36,6323.54,6222.7606,12984.38,-6.3899800938,0.340336,0.415381,26.3235,1.203,0.9164,0.063592,0.655869,-3.799982,176,0.217212,2109.5104,0.088756,0
361,15.4027,6378.87,6282.9853,13335.94,-6.1191557833,0.302194,0.434689,27.8173,1.1713,0.695,0.060304,0.630862,0.872556,172,0.213554,2187.9358,0.092052,0
362,15.4453,6673.11,6386.0457,13945.31,-6.7255861922,0.163041,0.402105,21.5404,1.1589,0.789,0.065943,0.691326,-6.705298,155,0.214881,2285.8438,0.086436,0
363,15.488,6231.46,6233.5344,13125.0,-6.168611777,0.312983,0.429506,29.164,1.1928,0.7743,0.061172,0.624027,-0.887913,169,0.224042,2071.4748,0.085215,0
364,15.5307,6143.78,6272.4822,13160.16,-6.967099917,0.258093,0.377576,19.6777,1.2934,1.1561,0.070499,0.669662,-5.613835,179,0.225193,2162.5501,0.085215,0
365,15.5733,6358.83,6217.5771,13359.38,-6.21397522,0.20916,0.436904,29.7503,1.1966,0.8263,0.059936,0.646278,-2.517934,143,0.219098,2040.5904,0.08253,0
366,15.616,6575.56,6276.2911,13417.97,-6.9823089484,0.273165,0.378739,20.6451,1.2052,0.9814,0.070277,0.690514,-4.811228,156,0.22577,2326.0258,0.089244,0
367,15.6587,6379.61,6331.5847,13382.81,-6.5759651594,0.177881,0.403638,24.4929,1.2039,0.8924,0.065668,0.655312,-2.812056,186,0.21879,2310.6602,0.088146,0
368,15.7013,6432.67,6251.9059,13394.53,-6.0561452426,0.191811,0.436458,28.5328,1.133,0.6252,0.06001,0.626313,0.238858,161,0.219864,2125.9531,0.086681,0
369,15.744,6210.76,6306.3939,13019.53,-6.4656715598,0.217315,0.408286,25.1208,1.2312,0.9555,0.064839,0.62274,-2.874503,151,0.211335,2138.896,0.083873,0
370,15.7867,6222.51,6274.6424,13031.25,-6.263579666,0.250738,0.429155,28.7842,1.2263,0.8804,0.061231,0.63731,-1.513655,179,0.219374,2105.1957,0.078379,0
371,15.8293,6333.31,6239.9991,13148.44,-6.4882552811,0.212061,0.411146,25.6193,1.2189,0.9169,0.064334,0.653639,-7.036255,163,0.216415,2307.281,0.081187,0
372,15.872,6061.42,6169.3241,12703.12,-6.3846485444,0.232872,0.415305,27.2558,1.2478,0.9682,0.063606,0.633078,-4.523483,171,0.222407,2111.1608,0.080332,0
373,15.9147,6086.61,6180.9979,12867.19,-5.9491411688,0.295357,0.436325,32.9071,1.2086,0.8025,0.060032,0.590145,-4.630961,163,0.214148,2091.7226,0.074472,0
374,15.9573,6230.42,6251.6302,12867.19,-6.2508034937,0.187932,0.411915,27.4937,1.1976,0.8192,0.064199,0.605104,2.29909,194,0.220214,2177.893,0.066781,0
375,16.0,6248.62,6293.3524,13324.22,-6.1150078858,0.197046,0.435176,28.9142,1.1786,0.6981,0.060222,0.629222,-5.572093,179,0.220441,2204.2183,0.078012,0
376,16.0427,6302.61,6277.802,13265.62,-6.2057436587,0.309712,0.427317,29.2645,1.1516,0.6421,0.061542,0.63347,-1.856163,161,0.215324,2114.3466,0.084605,0
377,16.0853,6074.38,6164.4382,12656.25,-6.4858003466,0.2825,0.40485,26.1249,1.2625,1.1091,0.065451,0.602858,-4.252501,146,0.228998,2239.1085,0.073007,0
378,16.128,6219.02,6128.6548,12843.75,-5.5565828363,0.23209,0.474026,42.6299,1.1432,0.6268,0.054033,0.557121,-0.60768,179,0.227504,1941.3622,0.076547,0
379,16.1707,6193.06,6201.5242,13183.59,-5.5641875705,0.28419,0.472451,38.3629,1.1682,0.6078,0.054274,0.587606,1.522814,150,0.214906,1924.1726,0.081797,0
380,16.2133,6113.95,6113.3724,12691.41,-6.2120916676,0.286506,0.438569,31.0506,1.1992,0.8393,0.05966,0.62336,-3.345398,153,0.216891,2109.4708,0.081553,0
381,16.256,6222.36,6203.2342,13101.56,-6.0701275798,0.342146,0.438469,32.0432,1.204,0.8288,0.059677,0.623756,-2.70683,170,0.203859,2126.3747,0.083995,0
382,16.2987,6406.81,6311.7421,13371.09,-6.4612208634,0.212803,0.407472,23.9137,1.1833,0.8019,0.064984,0.661483,-5.363407,159,0.205037,2151.1499,0.083018,0
383,16.3413,6342.26,6274.8057,13488.28,-6.1585745892,0.207216,0.432197,29.2018,1.1798,0.7239,0.06072,0.648619,-2.073884,162,0.22684,2229.0368,0.089611,0
384,16.384,6369.19,6292.4143,13382.81,-6.2788327635,0.125445,0.423855,25.9818,1.1632,0.7402,0.06213,0.633658,-2.544442,157,0.224583,2043.4177,0.086436,0
385,16.4267,6148.21,6223.058,12996.09,-6.7065371452,0.273458,0.391077,22.0574,1.2358,0.9434,0.067956,0.643534,-4.689321,135,0.221105,2191.1386,0.078012,0
386,16.4693,6627.63,6368.2258,13851.56,-6.7431702071,0.253767,0.39841,21.6713,1.153,0.7639,0.066612,0.669036,-1.588139,168,0.216869,2259.0948,0.088512,0
387,16.512,6499.97,6292.1956,13558.59,-6.2563358329,0.233657,0.425636,27.092,1.1499,0.6767,0.061827,0.656823,-2.064201,182,0.210934,2296.1584,0.08607,0
388,16.5547,6415.88,6317.3003,13628.91,-6.3190637062,0.323667,0.424093,26.5678,1.1747,0.7528,0.06209,0.641877,-6.266797,156,0.218978,2308.2599,0.079111,0
389,16.5973,6281.44,6265.6227,13429.69,-6.1826076114,0.259785,0.433795,29.4446,1.1948,0.7393,0.060453,0.640141,-5.738973,171,0.217681,2013.7334,0.084605,0
390,16.64,6354.2,6282.9642,13359.38,-6.2039791308,0.214657,0.432133,27.5754,1.1529,0.6547,0.06073,0.652626,-4.527499,183,0.210934,2196.5442,0.088023,0
391,16.6827,6529.49,6219.3243,13417.97,-6.5392784472,0.288599,0.413774,23.4245,1.1687,0.8328,0.063873,0.673961,-1.247198,163,0.210312,2259.5348,0.086436,0
392,16.7253,6309.41,6204.5974,13148.44,-6.0932865927,0.295975,0.436546,30.4574,1.189,0.7737,0.059995,0.628088,0.454866,188,0.220057,2179.8384,0.084239,0
393,16.768,6446.49,6345.7864,13453.12,-6.5990256419,0.21172,0.398772,23.5582,1.1902,0.8396,0.066546,0.656372,-3.069972,157,0.209658,2155.0145,0.087779,0
394,16.8107,6576.9,6273.3493,13664.06,-6.4192532239,0.344116,0.406695,24.2154,1.1436,0.7449,0.065122,0.663548,-2.430326,181,0.211404,2150.3917,0.085826,0
395,16.8533,6487.99,6425.2918,13746.09,-7.2036417341,0.265319,0.362446,17.6429,1.21,0.9294,0.073459,0.674745,-6.627136,158,0.210448,2412.5341,0.084361,0
396,16.896,6502.85,6368.214,13652.34,-6.3389442678,0.250628,0.426298,26.8835,1.1831,0.8263,0.061714,0.648388,-1.722084,154,0.202967,2212.2924,0.091808,0
397,16.9387,6254.4,6226.0941,13136.72,-6.3711317114,0.270861,0.414656,25.9984,1.2006,0.844,0.063719,0.640075,-4.912351,185,0.211714,2133.1367,0.082285,0
398,16.9813,6232.88,6273.016,13101.56,-6.2794581834,0.232663,0.417768,25.5946,1.175,0.7257,0.063177,0.631282,-3.563153,186,0.213819,2107.2498,0.073984,0
399,17.024,6343.92,6328.3916,13371.09,-6.6625993947,0.266095,0.40131,21.8112,1.2182,0.8712,0.066087,0.665454,-2.16929,170,0.219002,2153.2412,0.084605,0
400,17.0667,6290.58,6263.6681,13300.78,-6.4068985096,0.286799,0.414734,25.4844,1.1944,0.8013,0.063705,0.647564,-4.638127,166,0.216492,2105.8729,0.085093,0
401,17.1093,6426.78,6283.1596,13617.19,-6.6392410928,0.203535,0.401304,23.1654,1.2056,0.8959,0.066088,0.657244,-0.898672,179,0.209844,2268.2348,0.079966,0
402,17.152,6078.18,6140.9391,12714.84,-5.6002082803,0.290131,0.467315,39.2495,1.2086,0.7051,0.055065,0.591859,1.017477,160,0.215211,2012.0747,0.08082,0
403,17.1947,6224.86,6267.9205,13113.28,-6.762441789,0.276102,0.390504,22.3745,1.2574,1.0548,0.068062,0.641876,-4.248944,185,0.21709,2243.1685,0.079111,0
404,17.2373,6176.22,6204.8087,13148.44,-6.2213785565,0.319665,0.426265,28.4467,1.1918,0.7789,0.06172,0.620341,-1.078872,180,0.214513,2049.2608,0.081919,0
405,17.28,6322.95,6173.0705,12972.66,-6.6512552989,0.336377,0.400779,22.7821,1.2127,0.9459,0.066183,0.668773,-2.151072,179,0.218974,2244.2531,0.086925,0
406,17.3227,6658.68,6324.3277,13710.94,-6.7804847125,0.277254,0.390986,20.8571,1.153,0.7898,0.067973,0.690823,-6.008871,161,0.218915,2218.5221,0.089,0
407,17.3653,6392.84,6290.5735,13429.69,-6.6714234363,0.257617,0.39809,21.7335,1.2188,0.9463,0.06667,0.670641,-3.988629,160,0.217405,2228.0491,0.094372,0
408,17.408,6338.87,6351.5843,13277.34,-6.785816553,0.281772,0.392453,21.9212,1.2146,0.9051,0.067702,0.658073,-8.560055,184,0.204335,2152.0342,0.090709,0
409,17.4507,6137.41,6243.0572,13042.97,-6.0163069526,0.271377,0.438353,31.9259,1.2009,0.7865,0.059696,0.6214,-3.234069,164,0.207843,2195.5839,0.079966,0
410,17.4933,6209.59,6223.5026,12703.12,-6.8113835765,0.358826,0.380425,21.6511,1.2604,1.0886,0.069955,0.64829,-4.909324,148,0.221595,2305.3932,0.077036,0
411,17.536,6355.16,6302.7288,13441.41,-6.0504100581,0.287771,0.429357,28.4054,1.1557,0.6506,0.061197,0.62321,1.412639,182,0.215841,2103.4837,0.080088,0
412,17.5787,6442.67,6296.4107,13382.81,-6.9098870407,0.391738,0.385877,20.1755,1.2156,0.9669,0.068925,0.666604,-4.922636,156,0.219152,2237.7449,0.084849,0
413,17.6213,6116.28,6299.7563,13113.28,-6.1607505673,0.168661,0.422772,27.9663,1.1935,0.7455,0.062316,0.595201,-7.603311,170,0.215675,2114.1065,0.08082,0
414,17.664,6401.86,6325.5765,13382.81,-6.344007136,0.235865,0.416222,25.088,1.1751,0.7786,0.063446,0.632754,-5.384428,173,0.225714,2202.5305,0.08546,0
415,17.7067,6360.22,6298.8863,13359.38,-6.8933312748,0.30321,0.387668,21.0391,1.2095,0.9175,0.06859,0.67058,-4.917417,158,0.226283,2265.7451,0.086803,0
416,17.7493,6329.59,6262.377,13101.56,-6.4866270622,0.30157,0.412852,24.2364,1.189,0.8506,0.064034,0.645901,-7.441448,157,0.215916,2116.8731,0.079722,0
417,17.792,6106.69,6194.3022,12785.16,-6.2242106021,0.27276,0.422837,28.1645,1.1947,0.783,0.062305,0.61411,-3.747351,162,0.21319,2121.4484,0.079111,0
418,17.8347,6417.64,6325.7202,13417.97,-6.2700270032,0.265032,0.427831,25.6406,1.1486,0.6845,0.061455,0.645997,-2.428253,156,0.209536,2119.1192,0.083873,0
419,17.8773,6312.55,6258.836,13148.44,-6.1659638287,0.247715,0.437068,28.6998,1.1908,0.7856,0.059909,0.617903,-6.739264,153,0.216313,2170.8289,0.082774,0
420,17.92,6386.05,6291.9367,13500.0,-6.0476132366,0.205316,0.442908,30.3481,1.1477,0.6458,0.058948,0.611939,-9.550885,151,0.215821,2118.1633,0.078501,0
421,17.9627,6258.73,6268.6741,13125.0,-6.6866206565,0.285023,0.39795,23.9864,1.2485,1.0445,0.066695,0.648573,-6.151001,173,0.222025,2212.7012,0.083262,0
422,18.0053,6189.43,6191.8698,12972.66,-5.9275443111,0.318086,0.446439,34.1072,1.1749,0.7042,0.058373,0.58039,-3.155718,178,0.214332,2095.119,0.08314,0
423,18.048,6376.01,6224.7627,13277.34,-6.1011294569,0.291253,0.438445,28.7161,1.1836,0.7749,0.059681,0.646811,-8.617243,151,0.221507,2134.3739,0.086192,0
424,18.0907,6584.08,6274.6575,13511.72,-7.1494234025,0.324008,0.370457,17.897,1.1936,0.9409,0.071877,0.70181,-4.524176,172,0.216058,2315.1183,0.087779,0
425,18.1333,6432.64,6320.9573,13324.22,-6.3832618305,0.223574,0.421835,26.8959,1.1927,0.7917,0.062476,0.651795,-2.251665,155,0.208709,2090.7245,0.080576,0
426,18.176,6296.49,6300.1686,13429.69,-5.9666521509,0.323662,0.439299,31.4468,1.1867,0.6939,0.05954,0.611525,0.811416,184,0.204803,2088.7754,0.074228,0
427,18.2187,6158.34,6234.726,13300.78,-5.5529137151,0.276482,0.475093,42.1408,1.135,0.4903,0.05387,0.556313,-0.201035,168,0.217235,1994.2472,0.071054,0
428,18.2613,6120.73,6214.5263,13253.91,-5.4083259434,0.317556,0.478518,44.2845,1.1585,0.5507,0.05335,0.550509,2.584953,177,0.224209,2115.6807,0.074228,0
429,18.304,6324.09,6303.3239,13007.81,-7.3127125737,0.257313,0.357824,17.714,1.2558,1.1235,0.074388,0.675866,-4.350018,158,0.226867,2210.0718,0.08546,0
430,18.3467,6372.84,6325.9534,13371.09,-6.7693043351,0.302016,0.390311,22.0637,1.202,0.8748,0.068098,0.660603,-4.383136,174,0.207679,2189.5821,0.087779,0
431,18.3893,6304.86,6234.954,13136.72,-6.009534726,0.238965,0.442395,30.6734,1.1494,0.642,0.059032,0.613579,-0.455312,165,0.219977,2113.2241,0.08253,0
432,18.432,6338.74,6239.5288,13101.56,-6.2800372559,0.26337,0.422356,26.7719,1.1699,0.7644,0.062387,0.640426,-6.919656,179,0.220879,2239.6729,0.07789,0
433,18.4747,6058.46,6203.2194,12832.03,-6.1465608183,0.242739,0.430621,30.2906,1.2212,0.8316,0.060984,0.62033,-2.132811,157,0.224155,2058.7027,0.078867,0
434,18.5173,6173.68,6123.5972,12878.91,-5.7432973823,0.283057,0.454652,37.8288,1.1893,0.7544,0.057054,0.586446,-7.718637,172,0.2221,2034.9333,0.079477,0
435,18.56,6351.16,6243.8123,12996.09,-7.0230747434,0.210825,0.377141,20.7011,1.2596,1.1283,0.070583,0.66405,-4.750202,167,0.208154,2256.7854,0.083506,0
436,18.6027,6398.56,6313.0679,13359.38,-6.2289626162,0.216805,0.431772,28.5465,1.1844,0.7467,0.060791,0.649568,-7.207312,166,0.212856,2068.7298,0.08607,0
437,18.6453,6480.23,6331.5353,13570.31,-6.2622046777,0.323941,0.426545,25.1731,1.1294,0.6017,0.061672,0.659794,-5.266805,154,0.211226,2030.4448,0.080942,0
438,18.688,6071.34,6198.7384,13089.84,-5.7426497901,0.320778,0.453601,36.4513,1.1915,0.6945,0.057221,0.586172,-0.623759,170,0.212695,2053.4483,0.081309,0
439,18.7307,6306.81,6176.6834,13042.97,-6.0342324811,0.27837,0.440665,31.5625,1.2063,0.8458,0.059315,0.647156,-2.942049,152,0.216208,1959.0267,0.081309,0
440,18.7733,6257.83,6269.1272,13195.31,-6.5108040173,0.340088,0.408522,24.0424,1.2107,0.8554,0.064797,0.649094,-3.32215,155,0.22107,2205.1702,0.080698,0
441,18.816,6207.31,6192.6259,12925.78,-6.0696432771,0.227045,0.434307,31.1927,1.1917,0.7574,0.060367,0.627339,-1.182884,182,0.231426,2068.9883,0.083262,0
442,18.8587,6321.64,6281.0105,13371.09,-6.2685656943,0.266093,0.42304,26.332,1.2071,0.8141,0.06227,0.641045,-1.588137,154,0.219894,2133.2696,0.085338,0
443,18.9013,6380.43,6271.5082,13265.62,-6.2863971912,0.264751,0.429524,27.6056,1.1802,0.7752,0.061169,0.64345,-5.272865,170,0.216165,2005.5238,0.079966,0
444,18.944,5991.55,6053.7447,12539.06,-6.0853042293,0.246214,0.439171,32.5432,1.2466,0.9245,0.059561,0.61497,0.894722,185,0.216911,2023.6174,0.080332,0
445,18.9867,6499.73,6251.909,13253.91,-7.36223889,0.308931,0.353096,16.5001,1.2494,1.1517,0.075351,0.695293,-4.19687,184,0.236124,2316.3336,0.083506,0
446,19.0293,6500.74,6259.3735,13429.69,-6.9234079142,0.359441,0.388814,21.6343,1.2136,0.9855,0.068376,0.686001,-1.842009,172,0.221445,2399.515,0.085582,0
447,19.072,6083.35,6183.2614,12679.69,-6.7876420484,0.286959,0.382981,21.0358,1.2819,1.1485,0.069471,0.6477,-5.057768,152,0.227841,2185.8879,0.079477,0
448,19.1147,6391.34,6260.9525,13300.78,-6.3088068299,0.244424,0.425247,27.4724,1.1802,0.7778,0.061893,0.64846,-5.173559,180,0.230259,2134.3052,0.076792,0
449,19.1573,6332.04,6176.9471,13101.56,-5.9414914145,0.292341,0.446438,30.5549,1.1621,0.6992,0.058373,0.605502,-0.570938,160,0.219928,2116.5021,0.079355,0
450,19.2,6236.51,6216.2681,12867.19,-6.2315815495,0.261116,0.430445,29.1063,1.2115,0.8629,0.061014,0.617665,-4.029581,160,0.216236,2162.2335,0.075082,0
451,19.2427,6251.59,6260.7507,13101.56,-6.4850917783,0.259982,0.411921,25.0664,1.2553,0.976,0.064198,0.657596,-5.017731,171,0.210357,2199.9678,0.081187,0
452,19.2853,6404.28,6400.1854,13652.34,-6.748273092,0.290774,0.384668,21.466,1.2133,0.8634,0.069152,0.651436,-5.23166,173,0.216568,2284.6158,0.083384,0
453,19.328,6404.36,6325.3106,13359.38,-7.1384251603,0.307675,0.36623,18.3308,1.2458,1.0429,0.072708,0.681801,-3.868875,176,0.20478,2304.4518,0.080454,0
454,19.3707,6383.21,6245.2169,13382.81,-6.3415570177,0.22413,0.421079,25.105,1.1553,0.7194,0.062606,0.637858,-4.527051,162,0.220485,2216.9636,0.084483,0
455,19.4133,6559.48,6409.1207,13757.81,-6.7504187545,0.262856,0.386739,21.5911,1.1905,0.8631,0.068764,0.653455,-6.939847,165,0.213107,2307.3781,0.087169,0
456,19.456,6176.99,6194.2798,12925.78,-6.3117526199,0.246117,0.425417,28.1643,1.2097,0.8705,0.061864,0.634941,-1.325739,157,0.218986,2088.3968,0.082285,0
457,19.4987,6690.51,6361.3523,13769.53,-7.0180626699,0.289524,0.376452,18.3484,1.1914,0.9056,0.070715,0.704019,-4.626027,182,0.217868,2355.8962,0.081675,0
458,19.5413,6377.83,6285.9061,13394.53,-6.4409146175,0.313222,0.415876,25.1623,1.1875,0.8163,0.063506,0.655836,-5.149507,147,0.207633,2191.3817,0.084361,0
459,19.584,6219.99,6226.5786,13089.84,-6.8927299186,0.319701,0.377322,21.0218,1.2802,1.1526,0.070548,0.65848,-4.35969,167,0.222936,2157.6072,0.085948,0
460,19.6267,6248.23,6227.9297,13019.53,-6.1300457349,0.316549,0.431077,30.1388,1.1895,0.7874,0.060908,0.618482,0.944191,163,0.230029,2141.362,0.084361,0
461,19.6693,6112.54,6277.653,13160.16,-6.0147020942,0.163154,0.438665,31.6461,1.1898,0.6816,0.059645,0.587488,-5.927919,187,0.224173,2046.0742,0.076792,0
462,19.712,6297.87,6286.9677,13265.62,-6.6545825391,0.210116,0.395267,23.8716,1.2141,0.9047,0.067185,0.647519,-3.35154,183,0.230596,2211.8098,0.074106,0
463,19.7547,6167.96,6287.8258,13394.53,-5.4043148866,0.448626,0.477391,44.6139,1.1483,0.5046,0.053521,0.555298,-1.325864,160,0.220791,1972.761,0.07142,0
464,19.7973,6116.26,6172.3789,12960.94,-5.8473034672,0.377638,0.454607,35.4519,1.1999,0.7365,0.057061,0.610579,-7.616976,182,0.219615,2114.9901,0.072152,0
465,19.84,6385.61,6233.3368,13417.97,-5.8527282093,0.215177,0.461019,34.4655,1.1353,0.5968,0.056047,0.623158,-1.937809,178,0.226971,2121.2296,0.078867,0
466,19.8827,6236.74,6183.7934,13113.28,-5.8415396223,0.234133,0.460799,33.719,1.189,0.6946,0.056081,0.623118,-0.287701,169,0.227921,2043.6346,0.0796,0
467,19.9253,6167.79,6219.7984,13230.47,-5.5770038597,0.299845,0.469217,39.3478,1.1708,0.5953,0.054771,0.57861,0.94077,160,0.224672,2009.3533,0.071664,0
468,19.968,6076.78,6165.1092,12878.91,-5.9547235563,0.310841,0.442344,33.6318,1.1958,0.7414,0.05904,0.592095,-3.023087,178,0.219874,2203.0842,0.070932,0
469,20.0107,6185.78,6190.1685,13183.59,-5.7003644572,0.299229,0.468533,38.5636,1.1351,0.5308,0.054877,0.592551,-7.74539,154,0.2218,2062.048,0.078257,0
470,20.0533,6304.47,6176.3771,13195.31,-5.3355673526,0.309604,0.490432,47.0238,1.114,0.4647,0.05157,0.565424,-0.269244,159,0.217479,1952.989,0.075449,0
471,20.096,6277.06,6147.6024,13101.56,-5.5478021069,0.375108,0.478451,40.8781,1.15,0.5963,0.05336,0.585314,0.364507,163,0.209252,2024.4047,0.078379,0
472,20.1387,6329.12,6223.7298,13371.09,-6.3350105309,0.253553,0.425145,26.602,1.2104,0.8603,0.061911,0.667579,-2.962433,158,0.218998,2155.6727,0.084117,0
473,20.1813,5965.32,6150.653,12609.38,-6.2928988138,0.320658,0.417031,29.5062,1.2922,1.0858,0.063305,0.629109,-5.258557,154,0.219749,2143.5366,0.078501,0
474,20.224,6307.16,6287.5349,13453.12,-6.300977086,0.409169,0.414941,26.8128,1.1963,0.7865,0.063669,0.635614,-5.338423,178,0.22375,2184.0649,0.077402,0
475,20.2667,6405.75,6312.6265,13710.94,-6.0634660112,0.213728,0.448675,29.6537,1.1469,0.6093,0.058011,0.640196,-4.991437,172,0.21463,2064.8412,0.085582,0
476,20.3093,6483.32,6233.1238,13382.81,-6.1186736708,0.168484,0.441727,29.335,1.1414,0.7052,0.059141,0.637674,-1.970124,166,0.222783,2137.4519,0.086803,0
477,20.352,6227.06,6223.7758,13160.16,-6.5047642225,0.333172,0.398313,26.0895,1.2247,0.9582,0.066629,0.638677,-3.270661,172,0.215462,2290.2579,0.078867,0
478,20.3947,6365.45,6226.7512,13171.88,-5.9915495658,0.349681,0.433556,31.7124,1.1647,0.7492,0.060492,0.600469,2.06034,171,0.226784,2089.9581,0.075449,0
479,20.4373,6525.83,6397.9192,13804.69,-6.5644018385,0.188087,0.406978,22.8322,1.1925,0.8195,0.065072,0.667571,-2.823461,196,0.215593,2256.8868,0.08839,0
480,20.48,6664.04,6412.5739,13804.69,-7.2938492519,0.212049,0.361856,16.2419,1.1971,0.922,0.073577,0.701501,-3.472589,168,0.205795,2409.731,0.095471,0
481,20.5227,6545.74,6330.0861,13429.69,-7.5689447543,0.292041,0.336749,15.2007,1.2602,1.1604,0.078782,0.711082,-5.037226,185,0.212737,2362.7254,0.089733,0
482,20.5653,6192.53,6226.7769,12984.38,-6.5427541497,0.152941,0.402714,24.1612,1.2341,0.9498,0.065834,0.645553,-4.611359,183,0.220365,2243.0341,0.088878,0
483,20.608,6396.53,6351.0828,13488.28,-7.1220140747,0.319651,0.363773,18.7056,1.238,1.0176,0.073195,0.671557,-5.02123,175,0.217025,2301.1614,0.087657,0
484,20.6507,6278.64,6168.7652,13183.59,-5.9226741849,0.321775,0.456807,36.3622,1.1853,0.7492,0.056711,0.604881,-8.566023,185,0.216053,2097.0886,0.082163,0
485,20.6933,6286.18,6141.6748,13101.56,-5.6599216986,0.316021,0.467923,38.7799,1.1608,0.6493,0.054971,0.588756,1.773569,188,0.218176,2061.0872,0.083873,0
486,20.736,6509.24,6295.7738,13312.5,-7.0961295435,0.260516,0.37543,19.4919,1.2394,1.0657,0.070912,0.695958,-4.341035,152,0.221138,2373.0081,0.088023,0
487,20.7787,6477.64,6290.2414,13429.69,-5.9464365589,0.254668,0.450786,30.2545,1.1302,0.6081,0.057672,0.629826,-2.394057,148,0.21073,2058.8091,0.088512,0
488,20.8213,6445.13,6373.7008,13570.31,-6.5226917288,0.289146,0.409789,22.4384,1.1838,0.7711,0.064573,0.665581,-6.153963,151,0.214124,2142.3691,0.087291,0
489,20.864,6336.07,6208.4747,13183.59,-5.7011522552,0.249584,0.46771,38.1187,1.1178,0.5578,0.055004,0.566095,-0.6082,187,0.221994,1936.1368,0.077524,0
490,20.9067,6298.78,6225.9914,13242.19,-5.9664422925,0.205124,0.454293,32.67,1.1612,0.6699,0.057111,0.625391,-8.459135,162,0.207173,2017.2985,0.07667,0
491,20.9493,6316.01,6267.7256,13160.16,-7.0670884516,0.276932,0.374419,19.7343,1.2546,1.114,0.071107,0.670513,-6.774008,180,0.222152,2264.3104,0.084727,0
492,20.992,6399.18,6347.9862,13312.5,-6.6367951373,0.186169,0.399944,22.5476,1.2232,0.96,0.066334,0.661941,-4.748792,172,0.216717,2228.0573,0.08253,0
493,21.0347,6101.18,6184.4136,12773.44,-5.9844817168,0.211498,0.439381,31.4537,1.2067,0.7799,0.059526,0.614031,0.177786,174,0.221129,2020.0935,0.080332,0
494,21.0773,6292.97,6241.6691,13183.59,-6.3637221138,0.312671,0.418681,25.5296,1.184,0.7846,0.063019,0.645187,-4.144821,164,0.221839,2179.2538,0.076425,0
495,21.12,6144.51,6265.7579,13253.91,-5.5343857653,0.208538,0.470396,42.5631,1.1415,0.517,0.054589,0.562099,0.311431,175,0.21618,1931.4223,0.07667,0
496,21.1627,6279.58,6247.0146,13335.94,-5.7472995642,0.215138,0.467534,35.4825,1.1522,0.5676,0.055031,0.607767,-1.924385,170,0.224617,1983.3639,0.079722,0
497,21.2053,6364.06,6259.8864,13335.94,-6.2213885124,0.242833,0.43557,26.8459,1.1707,0.7112,0.060157,0.648618,-2.226806,164,0.21595,2004.0782,0.080332,0
498,21.248,6041.41,6148.2704,12773.44,-6.0451997605,0.375253,0.436234,32.0068,1.2223,0.7865,0.060047,0.613974,-3.491396,165,0.226199,2031.6233,0.078867,0
499,21.2907,6121.52,6265.8383,13136.72,-6.0895383508,0.258842,0.43925,32.5326,1.2131,0.7624,0.059548,0.61989,-1.294098,163,0.232409,2087.8839,0.07667,0
500,21.3333,6453.77,6314.2506,13734.38,-5.8571267637,0.16722,0.459692,32.1804,1.1154,0.5154,0.056256,0.629184,-1.373593,151,0.214067,1969.2886,0.083262,0
501,21.376,6455.13,6424.7581,13722.66,-6.128732663,0.233638,0.427399,28.0744,1.146,0.62,0.061528,0.630751,-3.126317,164,0.212813,2291.3508,0.086803,0
502,21.4187,6395.2,6388.6334,13359.38,-6.9465563429,0.277897,0.376804,20.8423,1.236,1.0199,0.070647,0.664464,-2.346249,177,0.205587,2190.2036,0.089977,0
503,21.4613,6577.79,6344.5921,13757.81,-6.9561034211,0.287961,0.381329,19.3262,1.1912,0.8591,0.069783,0.697183,-6.632084,151,0.207509,2308.0581,0.093151,0
504,21.504,6281.87,6286.0571,13289.06,-6.2021760734,0.209715,0.433455,28.0764,1.1994,0.7914,0.060509,0.628199,-6.826012,155,0.219056,2090.1349,0.086925,0
505,21.5467,6357.14,6254.3625,13242.19,-6.132143973,0.276673,0.437161,29.4491,1.2004,0.8005,0.059893,0.648794,-3.236142,173,0.207617,2089.415,0.085704,0
506,21.5893,6447.49,6285.1839,13382.81,-6.8205822847,0.31331,0.384073,21.1249,1.2336,1.0172,0.069264,0.668081,-4.551436,144,0.21781,2219.5672,0.092052,0
507,21.632,6649.4,6315.3712,13734.38,-6.1508251087,0.240484,0.439456,26.7239,1.125,0.6467,0.059514,0.650635,-1.473828,192,0.213159,2056.7344,0.087901,0
508,21.6747,6523.09,6310.0811,13453.12,-6.8484372423,0.18027,0.394196,21.3506,1.2135,0.9742,0.067381,0.677135,-3.814604,198,0.224599,2223.3704,0.089488,0
509,21.7173,6475.49,6220.6781,13171.88,-6.1059633516,0.255847,0.434775,27.8433,1.1221,0.6636,0.060289,0.657369,-4.765171,160,0.206454,2110.8243,0.090709,0
510,21.76,6135.12,6243.4117,13031.25,-6.0723155931,0.333326,0.441587,32.0109,1.2043,0.7694,0.059164,0.619452,-0.524863,178,0.20674,2027.3491,0.080576,0
511,21.8027,6462.74,6353.5967,13734.38,-6.3921143274,0.282213,0.418276,24.9546,1.1567,0.7225,0.06309,0.642923,-2.579054,192,0.210039,2162.227,0.08839,0
512,21.8453,6605.94,6310.4953,13769.53,-6.5723404321,0.276919,0.411725,22.6461,1.1233,0.6872,0.064232,0.682445,-3.16248,175,0.206597,2223.0721,0.098523,0
513,21.888,6346.57,6281.4635,13230.47,-6.7006781908,0.368029,0.403579,22.9169,1.2215,0.9397,0.065679,0.658497,-4.985765,156,0.21419,2215.0956,0.092419,0
514,21.9307,6230.16,6173.5783,13125.0,-5.9528180852,0.291982,0.448567,31.9208,1.1712,0.6865,0.058029,0.615585,-4.82553,181,0.219061,2023.4218,0.086558,0
515,21.9733,6516.98,6344.2037,13781.25,-6.6975119343,0.330867,0.403806,21.8276,1.1652,0.7582,0.065638,0.670541,-3.153769,156,0.219804,2137.783,0.085215,0
516,22.016,6249.09,6303.7154,13359.38,-6.4905479277,0.310622,0.40859,25.1191,1.2086,0.7947,0.064785,0.650534,-3.217745,184,0.218218,2171.0386,0.085338,0
517,22.0587,6449.76,6253.4042,13171.88,-6.9393466598,0.18531,0.382661,19.8135,1.2142,0.9817,0.069531,0.687647,-4.957857,183,0.220177,2330.2339,0.084361,0
518,22.1013,6407.66,6273.2954,13277.34,-6.5232053068,0.191113,0.411584,24.583,1.1991,0.88,0.064257,0.650637,-6.109739,163,0.210311,2154.9038,0.08546,0
519,22.144,6254.31,6255.4627,13113.28,-6.7171565161,0.403292,0.393104,22.311,1.208,0.8999,0.067582,0.656289,-3.757022,152,0.208385,2112.1732,0.082652,0
520,22.1867,6255.22,6289.9163,13230.47,-5.7567834433,0.237362,0.462751,37.1818,1.1442,0.5289,0.055775,0.591359,-0.739631,168,0.214221,1923.8513,0.074716,0
521,22.2293,6359.8,6247.2764,13253.91,-6.0126495222,0.149428,0.446193,31.8694,1.1804,0.7675,0.058413,0.619223,-3.192574,173,0.218025,2084.6966,0.08021,0
522,22.272,6536.48,6374.2254,13628.91,-6.8397923823,0.246117,0.386904,20.8362,1.2042,0.8952,0.068733,0.682215,-4.378128,179,0.210938,2217.5215,0.090953,0
523,22.3147,6307.17,6282.1574,13417.97,-6.2185152283,0.265525,0.426976,28.6991,1.1542,0.6725,0.061599,0.619498,-5.927628,162,0.218187,2018.2943,0.084239,0
524,22.3573,6065.5,6164.5604,12796.88,-5.8565998094,0.365363,0.450022,35.6688,1.1972,0.7314,0.057794,0.600371,-1.61817,164,0.219396,2067.9438,0.078135,0
525,22.4,6284.09,6217.5605,13277.34,-6.0408364613,0.30073,0.432857,28.3925,1.171,0.7079,0.060609,0.632429,-2.746964,176,0.213897,2292.5507,0.078989,0
526,22.4427,6499.36,6312.4801,13664.06,-6.5546358319,0.304071,0.401664,21.7181,1.1753,0.7713,0.066023,0.664352,-7.12225,162,0.219644,2262.9798,0.084971,0
527,22.4853,6412.67,6230.4489,13289.06,-6.0924614752,0.353177,0.443199,28.2187,1.1846,0.7535,0.0589,0.661092,-5.106195,162,0.207588,2196.3726,0.089733,0
528,22.528,6199.63,6234.292,12937.5,-6.8036066414,0.264427,0.38493,22.2146,1.2434,1.0256,0.069103,0.656903,-2.888088,197,0.204751,2243.1822,0.088878,0
529,22.5707,6525.36,6393.2072,13792.97,-6.3950657081,0.270134,0.408946,23.4831,1.1382,0.6445,0.064722,0.654234,-6.501465,155,0.218589,2131.3772,0.091442,0
530,22.6133,6533.46,6416.2167,13722.66,-7.4145522126,0.206957,0.349391,16.4307,1.1823,0.8873,0.076115,0.690879,-6.805909,173,0.224699,2316.2501,0.08839,0
531,22.656,6252.95,6284.3322,13125.0,-6.9318226915,0.337416,0.374104,19.9749,1.2324,0.9698,0.071168,0.646123,-3.04962,151,0.208595,2172.004,0.082896,0
532,22.6987,6391.88,6238.1907,12984.38,-6.5181047245,0.265019,0.402366,24.6529,1.2035,0.9379,0.065896,0.657354,-4.341149,164,0.205963,2280.625,0.087901,0
533,22.7413,6461.15,6318.2014,13535.16,-6.082413812,0.234628,0.440487,29.0534,1.1316,0.6072,0.059344,0.640254,-0.014507,167,0.215462,2124.3667,0.086925,0
534,22.784,6404.42,6316.4542,13640.62,-6.2308695405,0.388053,0.423921,27.2308,1.1657,0.7091,0.062119,0.63399,-3.883427,181,0.216295,2206.7636,0.082652,0
535,22.8267,6117.49,6137.3749,12902.34,-6.1785378049,0.233823,0.431754,31.9241,1.2221,0.8855,0.060794,0.613957,-3.344848,162,0.216853,2181.6025,0.082774,0
536,22.8693,6375.08,6284.1433,13359.38,-6.4453607266,0.274152,0.407424,23.9683,1.1822,0.7823,0.064992,0.644954,-2.493594,194,0.21423,2138.088,0.083506,0
537,22.912,6286.95,6269.5722,13125.0,-6.5275602638,0.290285,0.405674,24.2337,1.2158,0.8858,0.065304,0.649192,-4.407568,153,0.229044,2060.2058,0.082652,0
538,22.9547,6455.73,6278.9985,13476.56,-6.1448336444,0.267864,0.427162,27.1068,1.1656,0.761,0.061568,0.631425,-4.267568,146,0.212338,2189.1675,0.080454,0
539,22.9973,6335.13,6347.9868,13300.78,-6.4452382667,0.255351,0.416386,23.8892,1.2284,0.8816,0.063417,0.651838,-5.908986,160,0.214134,2111.002,0.085582,0
540,23.04,6147.75,6219.2499,13277.34,-6.2746337449,0.386363,0.42564,26.6281,1.2367,0.8422,0.061826,0.64721,-3.119092,160,0.22208,2152.1696,0.086314,0
541,23.0827,6384.13,6284.4385,13335.94,-7.183183006,0.260452,0.364977,17.9703,1.2438,1.053,0.072956,0.68317,-6.47061,169,0.218937,2220.1258,0.085215,0
542,23.1253,6273.81,6197.9792,13019.53,-6.2216476616,0.242649,0.427774,28.5042,1.2211,0.9048,0.061464,0.64948,-2.422428,164,0.222839,2115.4967,0.08546,0
543,23.168,6496.34,6257.3949,13488.28,-6.4721968773,0.242071,0.417351,24.5569,1.2028,0.896,0.06325,0.677801,-1.746116,160,0.218999,2219.9566,0.086925,0
544,23.2107,6240.51,6202.7165,13312.5,-5.7156805956,0.312144,0.472468,38.1243,1.1686,0.6273,0.054271,0.597285,0.342473,175,0.217474,1927.6271,0.082896,0
545,23.2533,6078.58,6123.2263,12644.53,-6.4597060194,0.268133,0.417895,26.2071,1.2728,1.0699,0.063156,0.64372,-1.057834,177,0.21898,2173.0233,0.077768,0
546,23.296,6279.07,6267.9103,13289.06,-6.6627560216,0.231319,0.397565,21.5149,1.2051,0.8469,0.066765,0.657162,-5.45214,171,0.217165,2204.5764,0.080332,0
547,23.3387,6406.5,6352.4767,13429.69,-6.5492150408,0.337737,0.404316,22.9021,1.1981,0.8086,0.065546,0.658274,-2.490424,159,0.215521,2129.0495,0.084971,0
548,23.3813,6324.35,6254.1889,13335.94,-6.5933670482,0.336084,0.397519,23.6876,1.2235,0.8858,0.066774,0.659509,-3.207112,163,0.206519,2164.5988,0.077036,0
549,23.424,6362.23,6324.0092,13394.53,-6.0865636964,0.278645,0.436077,28.5097,1.1602,0.671,0.060073,0.634165,-2.371968,173,0.212511,2049.8475,0.074106,0
550,23.4667,6397.19,6295.9255,13500.0,-5.638934806,0.191279,0.47139,36.0694,1.135,0.5465,0.054437,0.607409,-4.972357,186,0.209506,2164.6404,0.084361,0
551,23.5093,6528.42,6349.5096,13675.78,-6.6866109435,0.210677,0.399433,22.6837,1.1785,0.804,0.066426,0.685815,-6.656368,178,0.211503,2257.025,0.088634,0
552,23.552,6316.54,6247.1125,13429.69,-6.1306097395,0.266117,0.441566,30.5884,1.1896,0.7791,0.059167,0.639954,-3.819226,166,0.207248,2072.9283,0.080942,0
553,23.5947,6115.91,6202.4438,13066.41,-5.8212266563,0.180891,0.455839,35.683,1.1625,0.6404,0.056865,0.571428,0.948961,173,0.211523,2026.2526,0.068612,0
554,23.6373,6114.6,6223.8787,12960.94,-6.2276987136,0.214301,0.430343,30.7219,1.2202,0.832,0.061031,0.621089,-4.142762,175,0.200976,2105.4616,0.067391,0
555,23.68,6147.26,6272.7213,13101.56,-6.5286979505,0.206526,0.41225,24.6754,1.2442,0.9155,0.06414,0.643877,-7.323397,173,0.208864,2122.5951,0.074472,0
556,23.7227,6240.66,6229.3549,13148.44,-6.2296534731,0.208003,0.425369,26.9802,1.202,0.7917,0.061872,0.635729,-6.159443,164,0.213154,2245.839,0.079722,0
557,23.7653,6054.82,6088.8381,12738.28,-5.7736169948,0.184398,0.456785,38.2173,1.1823,0.7192,0.056715,0.575401,-3.302006,182,0.219151,2101.1309,0.081553,0
558,23.808,6329.88,6238.7364,13453.12,-5.9089679747,0.223466,0.450836,32.5995,1.1336,0.601,0.057664,0.613673,-3.252815,167,0.220508,2040.4379,0.077768,0
559,23.8507,6232.18,6242.4686,13242.19,-5.7071936503,0.298843,0.466286,36.7798,1.148,0.5559,0.055225,0.596384,-8.618817,160,0.219154,1903.3357,0.078745,0
560,23.8933,6251.2,6111.3123,12996.09,-6.2251081252,0.270219,0.433573,29.3522,1.1912,0.8137,0.06049,0.629152,-7.448164,177,0.211413,2029.5031,0.081309,0
561,23.936,6413.52,6275.3373,13394.53,-6.4377872061,0.338391,0.415447,24.9082,1.1772,0.7601,0.063581,0.653476,-3.477327,183,0.225579,2176.9602,0.076425,0
562,23.9787,6007.68,6106.3227,12714.84,-6.1091608771,0.386431,0.435777,30.6479,1.2603,0.9196,0.060123,0.629136,-2.72949,169,0.224785,1966.7685,0.078135,0
563,24.0213,6529.58,6402.3253,13816.41,-6.3368615192,0.213826,0.426608,24.355,1.1666,0.7387,0.061662,0.660947,-8.838114,165,0.219767,2171.678,0.086681,0
564,24.064,6518.94,6367.0124,13746.09,-6.3957164431,0.238971,0.416339,24.6531,1.1583,0.7168,0.063425,0.650947,-6.470199,161,0.210368,2195.6192,0.08314,0
565,24.1067,6226.08,6202.5292,12984.38,-6.396234818,0.341305,0.410995,25.3737,1.2416,0.9423,0.064361,0.656428,-2.244721,161,0.223816,2052.5132,0.082163,0
566,24.1493,6646.68,6291.6028,13523.44,-7.024740351,0.30439,0.378334,19.0309,1.211,0.9746,0.070354,0.7065,-3.698834,149,0.213766,2259.2333,0.094982,0
567,24.192,6544.07,6334.6443,13464.84,-7.3230079449,0.243094,0.355683,16.3213,1.2308,1.0308,0.074823,0.695715,-2.602475,185,0.212824,2318.7001,0.100232,0
568,24.2347,6519.69,6330.1164,13570.31,-6.6344973993,0.171384,0.408769,23.8267,1.1977,0.8684,0.064754,0.681885,-2.432116,159,0.207572,2209.3259,0.090953,0
569,24.2773,6381.1,6274.5278,13441.41,-6.0322467795,0.348346,0.444892,30.1424,1.1699,0.6747,0.058624,0.638268,-3.12104,153,0.214899,2035.1916,0.076181,0
570,24.32,5869.32,6132.2027,12609.38,-5.7455613211,0.241367,0.456764,43.2767,1.2378,0.7955,0.056718,0.551368,2.633386,157,0.225206,2121.1957,0.075571,0
571,24.3627,6363.07,6268.7226,13207.03,-6.7561629505,0.22078,0.399326,23.7323,1.2153,0.9536,0.066445,0.671684,-5.389743,163,0.214277,2263.025,0.08375,0
572,24.4053,6122.2,6206.7073,12867.19,-6.4827749304,0.260033,0.416185,25.7502,1.245,0.9639,0.063452,0.64794,-7.371656,144,0.209679,2166.8531,0.079233,0
573,24.448,6235.51,6260.9702,13089.84,-6.1107278042,0.243072,0.430094,29.2051,1.1896,0.7611,0.061073,0.62987,-7.196445,178,0.215545,2003.1495,0.079477,0
574,24.4907,6407.8,6200.5139,12867.19,-6.7244837413,0.260491,0.396388,22.1377,1.2264,1.0446,0.06698,0.695029,-6.949455,169,0.205388,2256.337,0.087291,0
575,24.5333,6285.82,6240.8291,13054.69,-6.3361093407,0.216001,0.419314,28.5424,1.198,0.8588,0.06291,0.631945,-2.446794,189,0.22307,2248.5374,0.086681,0
576,24.576,6360.27,6216.3092,13324.22,-5.9691962302,0.223108,0.447164,31.706,1.1743,0.7218,0.058255,0.643172,-2.609029,168,0.225376,2123.0904,0.087169,0
577,24.6187,6425.72,6304.923,13277.34,-7.0740138679,0.241233,0.378204,20.5692,1.2023,0.9431,0.070379,0.676305,-3.50101,183,0.217762,2243.4769,0.089,0
578,24.6613,6366.59,6291.8437,13476.56,-6.6712590596,0.349534,0.396481,23.6738,1.19,0.8382,0.066963,0.658216,-5.984375,169,0.215949,2227.883,0.084117,0
579,24.704,6337.57,6257.5582,13371.09,-6.413024891,0.333132,0.424516,27.6562,1.1933,0.8303,0.062018,0.634581,-1.667521,174,0.214523,2263.0876,0.083995,0
580,24.7467,6376.37,6250.8236,13148.44,-6.859933383,0.24647,0.388485,21.7516,1.2349,1.0119,0.068438,0.680122,-5.183733,177,0.218116,2396.0531,0.087901,0
581,24.7893,6173.15,6196.3269,12808.59,-6.2711602467,0.340019,0.421621,28.4527,1.252,0.9566,0.062513,0.635089,-6.821354,151,0.208807,2141.1445,0.083018,0
582,24.832,6304.11,6303.3739,13312.5,-6.3086076691,0.35137,0.422067,25.7838,1.184,0.7285,0.062436,0.644132,-3.93269,174,0.216087,2119.0116,0.077036,0
583,24.8747,6010.5,6253.8918,12914.06,-6.2896580036,0.346034,0.413451,28.0739,1.265,0.9542,0.063929,0.615877,-6.338917,169,0.216398,2137.6548,0.072519,0
584,24.9173,6211.39,6214.0626,13054.69,-6.5735911906,0.272978,0.408566,25.6093,1.2252,0.946,0.06479,0.662501,-9.353979,167,0.216328,2104.5177,0.076303,0
585,24.96,6290.48,6283.3175,13300.78,-6.4433793417,0.320793,0.408152,24.6632,1.1985,0.8291,0.064863,0.644002,-7.415751,164,0.207196,2227.7185,0.083873,0
586,25.0027,6352.99,6332.3685,13417.97,-6.1374024392,0.24041,0.431739,28.2207,1.1509,0.6712,0.060796,0.621685,-5.878482,169,0.205062,2158.6625,0.078012,0
587,25.0453,6314.76,6193.9246,13183.59,-5.7564848772,0.372354,0.461288,34.894,1.1382,0.6168,0.056005,0.6007,-0.595805,169,0.214588,2079.7424,0.076181,0
588,25.088,6353.41,6266.3667,13207.03,-5.9047179186,0.263884,0.448646,33.0494,1.1317,0.595,0.058016,0.594089,-4.938228,166,0.21045,2013.8119,0.086436,0
589,25.1307,6458.75,6227.2011,13300.78,-6.0119373187,0.316765,0.444052,30.8812,1.126,0.6324,0.058761,0.619827,-6.357828,149,0.213058,2139.4654,0.085582,0
590,25.1733,6434.83,6312.3191,13429.69,-6.8955485513,0.287359,0.388395,21.3981,1.2174,0.914,0.068454,0.683264,-2.237227,154,0.228133,2259.7341,0.086681,0
591,25.216,6698.0,6386.5939,13945.31,-6.573620453,0.287539,0.411047,23.1186,1.149,0.739,0.064351,0.677972,-3.900212,166,0.205998,2249.5317,0.092174,0
592,25.2587,6485.6,6352.4782,13664.06,-6.8406527735,0.207503,0.386285,20.8371,1.1664,0.7798,0.068849,0.67428,-3.937143,168,0.208398,2352.459,0.087535,0
593,25.3013,6317.83,6345.1731,13417.97,-6.7441229512,0.262714,0.397539,22.9097,1.2208,0.9026,0.06677,0.663094,-1.200428,149,0.21022,2279.1648,0.081431,0
594,25.344,6297.85,6213.6652,13417.97,-5.5644533361,0.306049,0.482893,39.6099,1.1425,0.5487,0.052692,0.591001,-0.869971,158,0.223004,1960.1361,0.082041,0
595,25.3867,6491.24,6288.4504,13476.56,-6.5744819498,0.187753,0.406891,23.2907,1.1746,0.8173,0.065087,0.669439,-3.463211,192,0.203626,2259.2017,0.079844,0
596,25.4293,6337.89,6302.905,13417.97,-5.7926139484,0.217342,0.461014,34.2047,1.1262,0.5486,0.056048,0.583787,-4.062262,170,0.216537,1988.6854,0.076425,0
597,25.472,6435.86,6257.7417,13417.97,-6.1788235389,0.259231,0.428716,26.0324,1.1289,0.6574,0.061305,0.611608,-4.445299,177,0.218924,2188.883,0.070565,0
598,25.5147,6236.5,6232.2992,12984.38,-5.862287991,0.313118,0.442576,33.5692,1.1619,0.6702,0.059002,0.565579,-9.494589,179,0.215879,2155.8084,0.067879,0
599,25.5573,6120.17,6177.9913,13007.81,-5.0855960802,0.378936,0.499294,54.2054,1.1272,0.4754,0.050274,0.458422,-9.029191,164,0.222686,2038.9791,0.070199,0
600,25.6,6158.59,6208.1832,12878.91,-6.0207546334,0.232204,0.450702,34.8642,1.2036,0.7759,0.057685,0.606135,0.136631,177,0.223899,2148.6312,0.072763,0
601,25.6427,6512.22,6362.5442,13652.34,-6.7268005259,0.190736,0.396478,20.699,1.1959,0.8721,0.066964,0.680602,-4.178223,164,0.217812,2181.1611,0.081187,0
602,25.6853,6425.96,6213.9581,13242.19,-6.2483055791,0.279259,0.42728,26.7679,1.1892,0.8745,0.061548,0.654977,-9.54668,164,0.220541,2212.1229,0.086436,0
603,25.728,6161.69,6255.3055,13089.84,-6.219114188,0.248638,0.42341,29.2132,1.2162,0.8669,0.062206,0.608618,-3.780686,159,0.218552,2167.0014,0.080576,0
604,25.7707,6202.35,6201.4575,13101.56,-6.1826062398,0.20925,0.439391,30.0633,1.1849,0.749,0.059525,0.61346,-3.596693,164,0.210285,2128.662,0.079355,0
605,25.8133,6288.85,6220.6117,13113.28,-6.6160513113,0.217164,0.408657,23.6088,1.2375,0.9885,0.064773,0.659341,-3.268615,189,0.204976,2151.8354,0.08314,0
606,25.856,6392.3,6286.1327,13488.28,-5.8831357676,0.191838,0.45734,33.6173,1.1296,0.6045,0.056627,0.622695,-0.63465,178,0.207176,2151.8121,0.076792,0
607,25.8987,6332.25,6232.1138,13476.56,-5.6983704542,0.274662,0.472007,35.7325,1.1218,0.495,0.054342,0.604352,-1.398574,150,0.215943,2023.5189,0.08021,0
608,25.9413,6109.0,6197.6438,12808.59,-5.5488232997,0.234876,0.467572,42.5559,1.1627,0.6499,0.055025,0.53759,0.928419,172,0.201257,2076.353,0.079233,0
609,25.984,6123.1,6207.3822,13101.56,-5.8088792514,0.27081,0.459209,35.2102,1.2093,0.7466,0.056332,0.607162,-1.819511,173,0.217643,2067.5671,0.073862,0
610,26.0267,6068.1,6201.2333,13101.56,-6.2524667052,0.263832,0.428227,29.2143,1.2425,0.9054,0.061388,0.641158,-7.738335,149,0.210025,2045.9142,0.078867,0
611,26.0693,6189.95,6181.8732,13042.97,-6.019634775,0.170202,0.445159,31.786,1.1722,0.6902,0.058581,0.614809,-5.480752,159,0.214567,2047.8891,0.093761,0
612,26.112,6510.4,6290.5739,13710.94,-5.8664224423,0.245901,0.459148,31.0853,1.1362,0.578,0.056341,0.62894,-5.393025,192,0.2298,2089.6896,0.094006,0
613,26.1547,6301.22,6258.6994,13277.34,-6.0344998674,0.231012,0.44751,30.84,1.1874,0.7035,0.058199,0.637377,-0.267414,161,0.206043,2041.6253,0.084117,0
614,26.1973,6352.54,6220.3857,13183.59,-6.7993419688,0.288289,0.395509,21.9977,1.2552,1.0713,0.067141,0.677282,-6.075927,153,0.21178,2207.9038,0.083506,0
615,26.24,6152.48,6301.2214,13171.88,-6.6550648569,0.290154,0.397822,23.6886,1.2353,0.9211,0.066718,0.63852,-4.639478,150,0.213796,2290.7369,0.085704,0
616,26.2827,6097.69,6198.2075,12890.62,-6.211396307,0.290573,0.428367,29.3315,1.2414,0.9082,0.061364,0.626148,-7.971557,168,0.215813,2061.3682,0.080454,0
617,26.3253,6202.27,6311.6192,13148.44,-6.8134451343,0.38303,0.385659,21.0603,1.2708,1.0426,0.068966,0.661189,-4.962361,162,0.219776,2181.5899,0.07496,0
618,26.368,5990.09,6204.3067,12855.47,-6.185698677,0.28259,0.42292,27.8606,1.2401,0.8987,0.06229,0.60682,-4.614998,166,0.219771,2135.9889,0.076059,0
619,26.4107,6086.56,6122.2273,12785.16,-5.7320282083,0.292318,0.459942,37.5012,1.1989,0.7399,0.056216,0.602691,-1.389448,151,0.217738,1953.3958,0.072397,0
620,26.4533,6410.97,6262.8077,13429.69,-6.1824916303,0.193891,0.429855,27.1239,1.1847,0.7562,0.061113,0.649189,-3.474939,171,0.222306,2109.6884,0.079844,0
621,26.496,6300.3,6167.9103,13113.28,-6.4878235544,0.208275,0.412481,24.896,1.2353,0.9634,0.064099,0.664882,-5.809375,163,0.213355,2255.4223,0.081675,0
622,26.5387,6103.22,6181.2202,12796.88,-6.2693358314,0.205179,0.429512,29.4108,1.2273,0.873,0.061171,0.634786,-8.850116,160,0.216603,2163.4056,0.084361,0
623,26.5813,6325.5,6297.3785,13687.5,-5.48753345,0.287489,0.47578,40.7163,1.071,0.3153,0.053766,0.5604,-1.12294,150,0.230938,1959.4391,0.078989,0
624,26.624,6273.69,6329.8339,13664.06,-5.9829791496,0.156848,0.442961,32.0515,1.1631,0.6226,0.058939,0.613999,-4.718348,171,0.216037,2108.6115,0.068978,0
625,26.6667,6165.38,6228.019,13125.0,-6.4154124151,0.319028,0.413959,25.2052,1.235,0.8983,0.06384,0.631721,-7.989867,170,0.209418,2122.1209,0.073617,0
626,26.7093,6345.28,6182.6571,13171.88,-6.1123633901,0.219928,0.433917,28.5158,1.1498,0.6693,0.060432,0.621452,-3.872407,182,0.214832,2116.2066,0.074838,0
627,26.752,6422.09,6310.3643,13500.0,-6.2210970134,0.181213,0.4355,27.7346,1.1716,0.7287,0.060169,0.662386,-1.658171,172,0.216509,2062.8817,0.083995,0
628,26.7947,6606.37,6387.6052,13839.84,-6.3085137933,0.322006,0.42188,24.9607,1.1403,0.6498,0.062469,0.65346,-4.527117,142,0.20644,2262.5105,0.088512,0
629,26.8373,6019.99,6168.3395,12761.72,-5.843696076,0.292603,0.446444,35.0938,1.2249,0.8193,0.058372,0.573334,-9.21102,179,0.212083,1980.0102,0.080942,0
630,26.88,6247.36,6183.053,12984.38,-5.8414603444,0.197771,0.451964,35.5205,1.1738,0.7582,0.057483,0.579624,-5.047791,166,0.208961,2045.4764,0.073862,0
631,26.9227,6310.22,6302.6556,13171.88,-6.8463934765,0.236028,0.383958,20.5246,1.2132,0.948,0.069286,0.657706,-6.509684,186,0.221801,2268.5797,0.077158,0
632,26.9653,6242.42,6266.4964,13125.0,-6.6583586597,0.195184,0.391829,22.5654,1.2291,0.9545,0.067817,0.650738,-5.386052,180,0.217524,2206.4828,0.076547,0
633,27.008,6155.58,6165.3249,12738.28,-6.4196716109,0.357007,0.408563,25.6966,1.2166,0.9435,0.06479,0.627949,-3.380211,175,0.214233,2157.1058,0.072885,0
634,27.0507,6412.9,6234.4868,13218.75,-5.952929948,0.274449,0.445632,30.3479,1.1301,0.6513,0.058504,0.626449,-1.591963,181,0.217684,2094.2671,0.079111,0
635,27.0933,6161.6,6160.6055,12703.12,-6.1972412282,0.308256,0.421837,27.0925,1.2252,0.8873,0.062476,0.640909,-1.117892,160,0.224496,2040.5841,0.081187,0
636,27.136,6114.0,6206.9349,12855.47,-6.3519021744,0.239589,0.420615,25.847,1.2369,0.9035,0.062686,0.640037,-3.997749,162,0.225853,2148.7935,0.079477,0
637,27.1787,6043.58,6097.3211,12808.59,-5.8794327324,0.329245,0.448375,35.3464,1.2284,0.8179,0.05806,0.604573,-2.267151,169,0.224457,2060.0691,0.085215,0
638,27.2213,6131.22,6192.38,12949.22,-6.1734930039,0.204692,0.423161,29.6147,1.2189,0.8437,0.062249,0.614509,-7.979336,159,0.2207,2131.8927,0.086558,0
639,27.264,6376.74,6234.4146,13183.59,-6.4692943161,0.369495,0.411332,24.7526,1.1879,0.8607,0.064301,0.660353,-4.438171,154,0.224741,2222.5868,0.079355,0
640,27.3067,6241.3,6281.058,13300.78,-5.5101395384,0.241881,0.477315,38.6136,1.1325,0.4968,0.053532,0.563289,-4.81759,170,0.223505,2014.2203,0.073495,0
641,27.3493,6280.18,6209.9508,13242.19,-6.0010884042,0.338709,0.448223,33.3229,1.1711,0.7039,0.058084,0.61458,-2.032451,165,0.216816,2014.0352,0.075937,0
642,27.392,6547.73,6301.3085,13441.41,-6.8275667071,0.354961,0.387965,21.47,1.1662,0.861,0.068535,0.671497,-4.541642,152,0.222109,2271.054,0.084117,0
643,27.4347,6434.41,6296.2308,13160.16,-6.9063189802,0.154089,0.379449,20.0927,1.215,0.988,0.070141,0.674218,-5.433498,169,0.212829,2220.9029,0.088634,0
644,27.4773,6379.55,6367.2469,13453.12,-7.0361459547,0.232164,0.366548,18.5753,1.2349,0.9983,0.072645,0.663406,-3.094477,173,0.221656,2326.0924,0.089122,0
645,27.52,6373.27,6250.8895,13312.5,-6.1138554759,0.291254,0.437995,29.3307,1.176,0.7384,0.059755,0.644875,0.295457,167,0.210204,2224.9282,0.084117,0
646,27.5627,6438.48,6301.8786,13453.12,-6.1776234868,0.299866,0.4327,27.9808,1.1378,0.6837,0.060635,0.622823,-0.231448,160,0.211943,2153.3593,0.079111,0
647,27.6053,6494.24,6310.2805,13441.41,-7.1800343268,0.292991,0.366087,18.0358,1.2439,1.0645,0.072736,0.696132,-3.238281,173,0.224053,2316.794,0.088268,0
648,27.648,6438.99,6396.0507,13664.06,-6.9800685571,0.322943,0.381937,19.6159,1.2095,0.8834,0.069668,0.679233,-5.880423,166,0.208257,2288.0765,0.090831,0
649,27.6907,6218.09,6149.1042,13148.44,-6.0033516929,0.323529,0.447857,32.5315,1.191,0.7606,0.058143,0.619279,-5.607002,160,0.215003,1957.1346,0.079722,0
650,27.7333,6179.67,6222.4381,12832.03,-6.4100119269,0.266451,0.413877,27.4127,1.2364,0.939,0.063855,0.64911,-5.503246,169,0.208558,2129.559,0.080454,0
651,27.776,6643.68,6341.8904,13757.81,-6.0967820747,0.277895,0.447662,29.3381,1.1391,0.6566,0.058175,0.666464,-2.864319,174,0.20998,2152.148,0.085215,0
652,27.8187,6158.88,6259.2211,13031.25,-6.2742428733,0.227085,0.417827,27.5971,1.2267,0.8554,0.063167,0.645126,-2.240838,172,0.213781,2114.3519,0.089,0
653,27.8613,6362.2,6257.1381,13382.81,-6.0293373353,0.162423,0.446631,30.45,1.1634,0.7044,0.058342,0.636952,-0.354129,163,0.217774,2035.0525,0.087535,0
654,27.904,6318.42,6219.3847,13289.06,-6.5648207399,0.330711,0.406392,24.9025,1.1999,0.8571,0.065176,0.648805,-2.815637,169,0.211962,2147.525,0.080942,0
655,27.9467,6090.45,6159.1064,12750.0,-6.0134084554,0.2732,0.444299,32.8328,1.2139,0.814,0.058721,0.590068,-1.633302,184,0.217074,2110.5308,0.079844,0
656,27.9893,6420.99,6265.9698,13429.69,-6.2975632777,0.247047,0.428424,26.6716,1.1891,0.7984,0.061354,0.667673,-2.690228,166,0.221195,2211.8529,0.087901,0
657,28.032,6373.87,6393.9309,13792.97,-6.2206968062,0.264018,0.429166,28.7141,1.1598,0.6565,0.061229,0.62554,-8.31128,148,0.209693,2144.475,0.083995,0
658,28.0747,6377.6,6219.4209,13289.06,-5.8603592692,0.306342,0.45542,33.5931,1.1708,0.7228,0.056931,0.610191,-0.215872,163,0.212599,2022.2766,0.076792,0
659,28.1173,6345.24,6210.6191,13277.34,-5.7338398433,0.237169,0.469231,36.5599,1.159,0.645,0.054769,0.597472,0.247628,178,0.217588,2070.9962,0.078135,0
660,28.16,6000.44,6152.0701,12667.97,-5.9521274332,0.200127,0.440337,34.278,1.2387,0.8629,0.059369,0.598234,-6.353513,156,0.214512,1894.0143,0.075327,0
661,28.2027,6123.92,6159.697,13031.25,-6.1499285901,0.281241,0.430486,31.3326,1.2113,0.8336,0.061007,0.617411,-7.487105,186,0.239771,1986.7517,0.072641,0
662,28.2453,6157.77,6178.7548,12843.75,-5.9429594633,0.331647,0.443622,33.5948,1.1997,0.7367,0.058831,0.607111,-1.28819,172,0.225602,2018.2093,0.067879,0
663,28.288,6061.58,6309.3928,13160.16,-6.3158322489,0.146572,0.419019,30.1738,1.216,0.8216,0.062961,0.597053,-6.384689,178,0.225361,2255.927,0.068001,0
664,28.3307,6071.84,6182.3017,12878.91,-5.655530516,0.351468,0.460047,40.2439,1.216,0.7672,0.0562,0.571062,-7.506943,173,0.224366,2104.1636,0.072763,0
665,28.3733,6435.99,6343.0667,13710.94,-6.1732335417,0.302407,0.425117,28.6942,1.1639,0.6769,0.061915,0.627471,-1.453845,179,0.223253,2198.128,0.079844,0
666,28.416,6633.77,6375.0517,13734.38,-6.9398870488,0.459822,0.384253,19.4743,1.22,0.9654,0.06923,0.6958,-5.251793,170,0.223937,2247.6288,0.094616,0
667,28.4587,6669.45,6366.553,13792.97,-7.3603860481,0.304512,0.354747,15.2785,1.2283,1.0431,0.075014,0.713637,-5.337341,172,0.203248,2325.0999,0.098401,0
668,28.5013,6340.58,6358.2508,13335.94,-7.5000399552,0.257142,0.345942,16.6701,1.279,1.1372,0.076833,0.687809,-3.236049,163,0.212893,2375.7743,0.091442,0
669,28.544,6595.03,6404.7258,13746.09,-6.9851305365,0.184784,0.376626,17.7927,1.2039,0.9339,0.070682,0.695129,-3.700815,175,0.217201,2246.1477,0.090465,0
670,28.5867,6221.68,6264.7082,13031.25,-6.8496835936,0.323849,0.379873,20.8046,1.2919,1.147,0.07006,0.664071,-3.623812,171,0.223714,2233.3215,0.086192,0
671,28.6293,6470.64,6343.0669,13453.12,-6.7376607022,0.213392,0.395875,21.22,1.21,0.8875,0.067074,0.674549,-4.296459,162,0.230233,2297.0003,0.086192,0
672,28.672,6788.97,6361.1229,13886.72,-6.5244190174,0.226608,0.412524,22.0276,1.133,0.709,0.064092,0.695287,-2.356989,172,0.213691,2351.6958,0.091076,0
673,28.7147,6097.39,6152.4037,12820.31,-5.901780029,0.301954,0.448331,35.2391,1.1966,0.78,0.058067,0.577074,0.077506,170,0.223892,1970.005,0.079844,0
674,28.7573,6217.27,6201.6675,12902.34,-6.589514245,0.225727,0.408421,26.4681,1.2476,1.0163,0.064815,0.632556,0.337535,174,0.212735,2121.2018,0.07667,0
675,28.8,6257.09,6192.2722,12808.59,-6.3275987373,0.30109,0.416886,25.485,1.214,0.8859,0.063331,0.641897,-6.806508,150,0.213308,2123.2165,0.079111,0
676,28.8427,6403.21,6265.417,13382.81,-5.5388623689,0.185716,0.479324,40.2041,1.1145,0.4938,0.053228,0.607236,0.039965,153,0.224805,2030.0625,0.075204,0
677,28.8853,6276.09,6222.7723,13171.88,-5.83607174,0.172607,0.45672,34.5711,1.1422,0.6168,0.056725,0.602112,-4.850642,170,0.212318,2209.9806,0.081553,0
678,28.928,6257.34,6218.5256,13148.44,-6.1338329704,0.29521,0.431541,31.0521,1.2035,0.8206,0.06083,0.631072,-2.946928,161,0.218438,2047.4695,0.087535,0
679,28.9707,6300.2,6211.5388,13171.88,-6.3380454478,0.306874,0.422396,27.123,1.2013,0.8682,0.06238,0.654067,-1.776275,181,0.222754,2082.1855,0.083995,0
680,29.0133,6318.55,6254.5278,13230.47,-6.7385304399,0.362645,0.392881,23.1641,1.2205,0.9873,0.067623,0.664205,-6.185016,176,0.210352,2247.8672,0.079477,0
681,29.056,6248.67,6298.2028,13406.25,-5.9563870771,0.24422,0.45341,33.0177,1.1721,0.6333,0.057251,0.597375,-6.063503,170,0.220704,2055.5857,0.084239,0
682,29.0987,6665.57,6418.1876,14062.5,-6.5088332423,0.209225,0.404675,22.612,1.1541,0.7239,0.065482,0.678636,-2.918295,162,0.224642,2326.7725,0.086925,0
683,29.1413,6204.36,6208.0705,13289.06,-6.0048467504,0.347192,0.440839,30.1543,1.2011,0.731,0.059287,0.626074,-6.28588,160,0.209073,1924.4833,0.082896,0
684,29.184,6396.45,6240.9462,13335.94,-5.7719990553,0.310795,0.453652,35.7449,1.1454,0.6111,0.057213,0.61788,-4.352571,154,0.209002,1997.7276,0.078501,0
685,29.2267,6571.54,6318.8954,13734.38,-6.1647388498,0.332697,0.434556,27.9433,1.1268,0.6189,0.060326,0.642711,-3.886226,162,0.220719,2102.8585,0.082774,0
686,29.2693,6626.22,6297.0103,13218.75,-6.9681306211,0.335914,0.384393,20.3729,1.212,0.9883,0.069204,0.697151,-3.702368,158,0.211824,2225.5716,0.089,0
687,29.312,6243.48,6148.1912,12914.06,-6.0380930983,0.279134,0.447078,33.3164,1.198,0.7549,0.058269,0.613969,-1.914508,172,0.217773,2000.5208,0.088023,0
688,29.3547,6550.06,6293.1512,13207.03,-7.0007133147,0.273784,0.385003,20.139,1.2216,1.0484,0.069089,0.69978,-5.163881,160,0.21992,2159.9704,0.087535,0
689,29.3973,5983.62,6115.4124,12726.56,-5.9316577907,0.296772,0.444036,35.7547,1.2479,0.9111,0.058764,0.579406,-3.073898,152,0.231814,1918.4916,0.078989,0
690,29.44,6504.01,6214.0395,13464.84,-5.8902984898,0.350697,0.449364,32.3194,1.1492,0.6836,0.0579,0.626848,-3.89746,167,0.227177,2065.9432,0.078623,0
691,29.4827,6114.92,6193.6819,13089.84,-5.4469122576,0.234549,0.481152,45.5919,1.1591,0.5686,0.052953,0.540998,0.548166,161,0.234131,2166.148,0.081553,0
692,29.5253,6272.26,6251.3065,12972.66,-6.7212956669,0.321291,0.389369,24.1657,1.2424,1.0172,0.068273,0.648519,-3.778287,162,0.221865,2315.062,0.07728,0
693,29.568,6112.88,6239.1101,13019.53,-5.5569598269,0.274533,0.465328,39.9663,1.1579,0.5704,0.055373,0.540325,-1.731051,165,0.236211,2010.102,0.077158,0
694,29.6107,6284.08,6202.7485,12972.66,-6.164152235,0.244283,0.431292,27.8166,1.2102,0.8414,0.060871,0.622741,-0.831567,179,0.223945,2140.3851,0.078012,0
695,29.6533,6372.17,6241.9991,13347.66,-6.0195842861,0.338913,0.445343,29.8852,1.1801,0.728,0.058551,0.633851,-0.554233,159,0.222818,2035.2745,0.084361,0
696,29.696,6527.88,6341.6354,13769.53,-6.6468870846,0.282735,0.400803,22.8368,1.1793,0.8116,0.066178,0.667359,-1.997117,167,0.213463,2294.7341,0.087047,0
697,29.7387,6604.11,6356.0047,13722.66,-6.6847593635,0.17478,0.397092,22.8927,1.1879,0.9055,0.066851,0.675989,-1.783738,170,0.204094,2312.9711,0.086192,0
698,29.7813,6264.67,6284.2849,13125.0,-6.6939311519,0.266,0.397963,24.2338,1.2468,1.017,0.066693,0.662603,-5.904394,165,0.211191,2140.328,0.083384,0
699,29.824,6053.75,6184.6892,12808.59,-5.6567591512,0.266856,0.452735,37.7083,1.1789,0.6498,0.057359,0.56418,-5.695942,163,0.222405,1939.9348,0.076425,0
700,29.8667,6216.15,6179.3989,12714.84,-6.2151548853,0.222759,0.426285,28.7687,1.2103,0.8896,0.061717,0.630902,-5.880081,166,0.224062,2133.9251,0.075327,0
701,29.9093,6328.84,6296.1229,13312.5,-6.1033753407,0.361665,0.438093,29.6822,1.1676,0.7009,0.059739,0.602112,-2.084401,177,0.215496,2026.851,0.075693,0
702,29.952,6352.84,6240.7046,13171.88,-6.4213994988,0.186841,0.420164,24.0632,1.2056,0.8961,0.062764,0.657909,-6.281603,147,0.224324,2130.1237,0.074228,0
703,29.9947,6244.81,6260.0813,13265.62,-6.3131443435,0.328012,0.422578,26.9997,1.202,0.8199,0.062349,0.62845,-5.531255,154,0.206096,1960.6448,0.076425,0
704,30.0373,6411.04,6335.446,13699.22,-6.050956248,0.307253,0.438547,28.8111,1.1578,0.6739,0.059664,0.626145,-1.048333,173,0.215841,2020.0595,0.083506,0
705,30.08,6425.78,6304.812,13488.28,-6.1035808802,0.23883,0.436583,27.4923,1.1458,0.6398,0.059989,0.656235,-4.442099,158,0.216399,2016.6114,0.08607,0
706,30.1227,6521.07,6308.6341,13500.0,-6.5270980296,0.20403,0.4064,24.448,1.1711,0.8309,0.065174,0.671114,-2.534042,195,0.218247,2296.2333,0.08314,0
707,30.1653,6486.63,6358.9982,13757.81,-7.0600324416,0.316047,0.368598,18.4906,1.226,0.9381,0.072241,0.685821,-3.573658,176,0.220707,2340.0105,0.090709,0
708,30.208,6654.48,6353.5141,13687.5,-7.0337974624,0.179204,0.377862,18.1288,1.19,0.8687,0.070444,0.701078,-2.717025,175,0.211239,2329.8631,0.095593,0
709,30.2507,6505.59,6282.9266,13406.25,-6.5238302517,0.25328,0.414365,22.7769,1.1841,0.8341,0.06377,0.681447,-4.431621,149,0.220183,2128.717,0.092785,0
710,30.2933,6345.85,6300.658,13160.16,-6.6921101641,0.209586,0.399168,22.2327,1.2381,0.9711,0.066474,0.667638,-3.078849,146,0.211777,2197.1298,0.093761,0
711,30.336,6383.43,6313.8245,13371.09,-6.9163795965,0.235132,0.387489,21.7564,1.2248,0.963,0.068623,0.666573,-4.051819,164,0.208773,2353.0394,0.085093,0
712,30.3787,6466.79,6237.8935,13382.81,-6.4488701313,0.235588,0.417056,25.4702,1.1671,0.788,0.063301,0.672797,-3.837198,170,0.212338,2153.5772,0.081309,0
713,30.4213,6334.07,6321.0818,13476.56,-6.1820278675,0.167091,0.430009,28.5455,1.1713,0.7231,0.061087,0.621351,-4.051242,200,0.221752,2157.2931,0.085338,0
714,30.464,6446.1,6326.0075,13347.66,-6.8617407219,0.270331,0.391276,20.613,1.2312,0.996,0.067919,0.672806,-5.208333,168,0.21862,2247.24,0.084483,0
715,30.5067,6324.74,6302.9134,13382.81,-6.941753825,0.282907,0.380934,20.705,1.2244,0.9557,0.069858,0.660802,-2.007163,156,0.21,2343.9501,0.082896,0
716,30.5493,6530.22,6315.3665,13429.69,-6.459131246,0.306384,0.41857,24.2612,1.1497,0.7296,0.063039,0.665223,-3.35839,170,0.210224,2151.5566,0.082408,0
717,30.592,6408.11,6310.3614,13265.62,-6.7491290433,0.266679,0.390209,20.588,1.2281,0.9928,0.068117,0.65826,-6.499554,160,0.212182,2155.5896,0.082774,0
718,30.6347,6406.26,6274.8557,13394.53,-6.2473146871,0.275505,0.427487,26.4706,1.1598,0.7181,0.061513,0.637189,-2.194533,167,0.217129,2084.9033,0.088023,0
719,30.6773,6543.44,6370.8889,13792.97,-6.5081867693,0.276113,0.409633,22.4243,1.1523,0.6879,0.064601,0.675255,-2.873754,163,0.215953,2146.3605,0.094616,0
720,30.72,6387.47,6256.8847,13359.38,-6.6390090686,0.324947,0.398364,23.1379,1.189,0.8674,0.06662,0.659443,-6.138789,165,0.219084,2278.1668,0.089488,0
721,30.7627,6333.04,6179.7523,12878.91,-5.884678669,0.389007,0.451616,32.3613,1.163,0.7024,0.057539,0.611938,-5.878594,150,0.209056,2031.6576,0.086436,0
722,30.8053,6474.94,6280.5252,13417.97,-6.0943645518,0.264094,0.444137,29.1891,1.1511,0.6674,0.058747,0.666687,-3.659189,158,0.217739,2091.3741,0.086192,0
723,30.848,6337.21,6211.116,13171.88,-6.1915682215,0.222493,0.433497,27.6652,1.1655,0.707,0.060502,0.636075,-3.252496,180,0.215604,2133.3834,0.084361,0
724,30.8907,6439.6,6323.0873,13464.84,-6.6139491796,0.337251,0.402562,22.5743,1.195,0.8368,0.065861,0.657448,-4.841119,147,0.217617,2188.0276,0.083506,0
725,30.9333,6270.77,6238.2304,13242.19,-5.7031302691,0.240383,0.467775,37.3567,1.1668,0.6513,0.054994,0.577427,-0.252519,187,0.211157,2149.3126,0.084239,0
726,30.976,6495.74,6254.1897,13605.47,-6.1081414247,0.268517,0.438229,29.7383,1.1522,0.6952,0.059717,0.6467,-1.675642,145,0.218261,2211.1288,0.080088,0
727,31.0187,6475.36,6306.8334,13511.72,-6.7331007449,0.185065,0.396773,21.7141,1.2165,0.9614,0.06691,0.672307,-2.693101,168,0.22014,2252.4069,0.082774,0
728,31.0613,6322.31,6297.2916,13359.38,-6.4344873819,0.178125,0.419262,26.6224,1.1852,0.7891,0.062919,0.632,-8.570287,150,0.210459,2099.5217,0.082041,0
729,31.104,6260.7,6167.3078,13031.25,-5.7715553022,0.271087,0.464582,38.7554,1.1675,0.7075,0.05549,0.603051,-1.360079,161,0.208443,2187.1356,0.071176,0
730,31.1467,6335.3,6277.3556,13441.41,-5.7886332741,0.335451,0.464315,34.8608,1.1406,0.5454,0.055531,0.607534,-5.802525,171,0.209273,2044.8015,0.071786,0
731,31.1893,6464.42,6286.8409,13429.69,-6.3011973112,0.296831,0.428343,28.4634,1.1585,0.7386,0.061368,0.654282,-3.342513,177,0.217239,2062.6947,0.080088,0
732,31.232,6362.96,6262.2161,13289.06,-6.4950188117,0.275534,0.4172,24.5962,1.2108,0.855,0.063276,0.68123,-2.605681,180,0.208628,2239.5812,0.08839,0
733,31.2747,6348.99,6274.0157,13101.56,-6.8248820217,0.309786,0.380735,21.3672,1.2361,1.0165,0.069896,0.663046,-5.979113,160,0.216916,2284.8996,0.091808,0
734,31.3173,6422.4,6239.2165,13207.03,-6.5075084402,0.320895,0.414732,24.5186,1.1841,0.8403,0.063705,0.676489,-1.943698,176,0.213335,2198.793,0.092174,0
735,31.36,6580.05,6373.2278,13804.69,-6.8439196491,0.243332,0.390443,20.5515,1.1518,0.7628,0.068074,0.679784,-4.040108,177,0.223709,2335.5524,0.087413,0
736,31.4027,6282.71,6268.8641,13394.53,-6.4003060796,0.244769,0.416302,25.0473,1.2207,0.8635,0.063432,0.670724,-2.803152,174,0.2094,2143.4997,0.083506,0
737,31.4453,6249.62,6305.1407,13218.75,-6.9027262883,0.236516,0.389326,21.9829,1.2497,1.0126,0.068281,0.658704,-4.359286,168,0.209621,2260.994,0.081919,0
738,31.488,6144.21,6205.3075,13136.72,-5.7852387173,0.190663,0.456806,36.0774,1.183,0.6746,0.056711,0.596144,1.209249,170,0.221992,1990.0063,0.078867,0
739,31.5307,6317.33,6281.9835,13335.94,-6.1525392267,0.234852,0.442237,29.628,1.1717,0.6901,0.059057,0.640109,-3.881684,168,0.219388,2043.9891,0.079477,0
740,31.5733,6227.6,6286.1098,13218.75,-6.0928869546,0.202876,0.439208,30.877,1.19,0.7133,0.059555,0.627822,-7.818304,182,0.217959,2023.5976,0.081187,0
741,31.616,6455.77,6332.4414,13535.16,-6.2960462923,0.186961,0.423192,27.1678,1.1645,0.7242,0.062244,0.643094,-5.787573,169,0.21608,2211.0261,0.081309,0
742,31.6587,6321.71,6278.747,13406.25,-5.7079276779,0.227058,0.464352,36.2472,1.1572,0.617,0.055526,0.596622,-0.57613,179,0.21607,1998.9194,0.082041,0
743,31.7013,6365.85,6232.7078,13183.59,-6.1163425002,0.206725,0.43501,29.5787,1.1618,0.7575,0.06025,0.621557,-3.687105,150,0.204072,2085.0382,0.083018,0
744,31.744,6352.64,6276.496,13253.91,-6.1974538078,0.306388,0.43144,28.2674,1.1987,0.859,0.060847,0.616726,-2.574237,157,0.209824,2182.4577,0.075693,0
745,31.7867,6491.51,6330.0222,13757.81,-5.5906576155,0.227951,0.473247,36.6903,1.1292,0.5333,0.054152,0.598355,-1.215705,142,0.210369,1965.5901,0.073739,0
746,31.8293,6415.05,6323.6882,13640.62,-6.4754233149,0.374875,0.416596,24.925,1.1675,0.7314,0.063381,0.650933,-4.784557,147,0.217652,2052.3532,0.083384,0
747,31.872,6428.32,6446.6554,13781.25,-7.0978120003,0.327157,0.365878,18.6009,1.2168,0.9057,0.072777,0.666327,-5.03495,145,0.2138,2244.5179,0.08314,0
748,31.9147,6344.52,6311.104,13300.78,-6.6239553986,0.242409,0.399166,21.6629,1.2027,0.8952,0.066474,0.660736,-6.636626,153,0.213105,2196.8827,0.080698,0
749,31.9573,6304.66,6244.7795,13300.78,-6.1702095659,0.269179,0.42929,26.6113,1.1632,0.7077,0.061208,0.627155,-1.189706,165,0.213459,2068.7854,0.083262,0
750,32.0,6529.77,6443.8817,13710.94,-7.3190060983,0.281345,0.356896,16.8824,1.2205,0.9516,0.074576,0.691459,-3.963031,163,0.221365,2402.7832,0.084483,0
751,32.0427,6484.38,6356.6338,13476.56,-6.7782904609,0.36346,0.392493,21.8999,1.1921,0.8726,0.067695,0.665561,-2.830834,189,0.2074,2272.551,0.082652,0
752,32.0853,6504.19,6317.782,13488.28,-6.60825613,0.265465,0.40091,23.0948,1.1742,0.8162,0.066159,0.656527,-6.55231,159,0.213422,2171.7069,0.084727,0
753,32.128,6722.68,6369.1538,13886.72,-7.3068276442,0.248603,0.356844,16.0615,1.1738,0.9014,0.074587,0.693334,-5.69589,165,0.210902,2334.8907,0.094738,0
754,32.1707,6334.33,6298.4435,13382.81,-7.0180712828,0.291968,0.375788,18.9143,1.2542,1.0137,0.070843,0.68471,-3.132153,177,0.221062,2279.0931,0.094494,0
755,32.2133,6230.3,6261.7316,13371.09,-6.0304232214,0.326672,0.440077,31.6482,1.1625,0.6347,0.059412,0.613838,-6.801184,168,0.222134,2134.6656,0.081431,0
756,32.256,6118.62,6234.7253,13078.12,-6.0448884796,0.32919,0.436161,32.0335,1.2056,0.7682,0.060059,0.601687,-5.005596,155,0.216016,2100.8061,0.077402,0
757,32.2987,6257.46,6275.7707,13324.22,-6.1734058387,0.221289,0.433279,29.038,1.1482,0.6634,0.060539,0.607948,-3.994747,185,0.213978,2163.1968,0.078989,0
758,32.3413,6367.55,6242.5193,13289.06,-6.0483849453,0.373442,0.439738,29.8069,1.1913,0.7866,0.059468,0.635241,-1.591161,180,0.217339,2135.3727,0.080454,0
759,32.384,6227.98,6309.0932,13289.06,-6.4466021685,0.269743,0.405373,24.0674,1.2248,0.8823,0.065358,0.62282,-3.4987,163,0.226651,2217.341,0.08021,0
760,32.4267,6205.13,6268.2064,13335.94,-6.1509719251,0.378799,0.429367,26.9982,1.211,0.7856,0.061195,0.639602,-4.250426,161,0.229314,2160.1292,0.085948,0
761,32.4693,6525.56,6286.0175,13664.06,-6.458027299,0.329535,0.420209,24.9431,1.1796,0.8187,0.062756,0.673595,-3.102699,157,0.216981,2055.6746,0.091442,0
762,32.512,5954.79,6108.1974,12679.69,-5.8972716736,0.28072,0.442395,34.873,1.2171,0.7772,0.059032,0.584252,-7.173883,165,0.229075,2057.2686,0.075815,0
763,32.5547,6211.7,6260.6971,13230.47,-5.876105199,0.417052,0.449258,32.1221,1.185,0.687,0.057917,0.607505,-5.616109,156,0.223172,2019.33,0.070809,0
764,32.5973,6371.73,6288.1862,13417.97,-6.0500297601,0.364513,0.43723,30.361,1.1476,0.6496,0.059882,0.622597,-2.014513,163,0.210276,2208.4689,0.081553,0
765,32.64,6315.51,6194.9398,13207.03,-5.7302258424,0.333582,0.47117,35.5204,1.1546,0.6032,0.05447,0.613322,0.245009,162,0.206536,1833.5038,0.089366,0
766,32.6827,6631.09,6342.6667,13734.38,-6.648244675,0.358488,0.402472,21.877,1.1708,0.8295,0.065877,0.685964,-2.321121,176,0.213368,2168.6427,0.090221,0
767,32.7253,6427.99,6395.0438,13441.41,-6.848958894,0.289742,0.387026,21.3581,1.2385,0.976,0.06871,0.677288,-2.847429,180,0.201516,2207.5415,0.089122,0
768,32.768,6458.59,6262.1485,13675.78,-5.8899622931,0.309948,0.461281,32.1606,1.1636,0.6527,0.056006,0.653294,-3.782923,162,0.209949,2050.0181,0.085093,0
769,32.8107,6342.18,6312.0672,13277.34,-6.7536470502,0.234292,0.391605,21.5295,1.249,1.0053,0.067859,0.661909,-2.696163,179,0.215923,2223.3823,0.076792,0
770,32.8533,6241.49,6230.4672,13136.72,-6.4120625339,0.311956,0.424432,26.7379,1.1936,0.8368,0.062032,0.637526,-8.908117,132,0.219725,1968.4184,0.074716,0
771,32.896,6202.13,6213.3587,13277.34,-5.4502163067,0.210161,0.482134,44.7902,1.1517,0.5564,0.052805,0.570344,0.921443,180,0.220868,1796.4763,0.075449,0
772,32.9387,6445.74,6271.3904,13734.38,-5.6171185207,0.274379,0.471873,37.2593,1.0654,0.3737,0.054362,0.569734,2.151149,164,0.216127,1983.6123,0.083262,0
773,32.9813,6643.82,6372.6109,13816.41,-7.2008433216,0.166982,0.367451,17.2784,1.1786,0.8781,0.072467,0.698897,-3.5131,185,0.224156,2361.4369,0.091076,0
774,33.024,6246.27,6202.6913,12902.34,-6.4164841644,0.262707,0.411584,25.5843,1.2096,0.8952,0.064257,0.64055,-8.919772,153,0.217272,2043.7394,0.090709,0
775,33.0667,6576.66,6408.7098,13757.81,-6.7967755801,0.135606,0.391348,21.1769,1.1812,0.8513,0.067906,0.663378,-3.546677,181,0.216505,2209.6401,0.087779,0
776,33.1093,6226.05,6215.1556,12738.28,-6.836933478,0.365775,0.389581,22.2182,1.2672,1.1516,0.068234,0.640728,-6.660502,166,0.205892,2193.481,0.089977,0
777,33.152,6764.28,6359.4008,14121.09,-6.8546839483,0.244318,0.393821,19.8309,1.1462,0.7624,0.06745,0.706036,-5.513162,187,0.210467,2229.8929,0.093029,0
778,33.1947,6423.43,6259.3347,13359.38,-6.555801804,0.21209,0.403024,22.7469,1.175,0.7906,0.065778,0.658008,-6.480383,161,0.218393,2261.2078,0.093029,0
779,33.2373,6071.23,6170.3016,12878.91,-6.2056481256,0.431309,0.428845,29.48,1.257,0.943,0.061283,0.634053,-2.366072,149,0.220389,2057.8255,0.083018,0
780,33.28,6340.63,6275.5724,13160.16,-6.4712246632,0.230945,0.414316,25.0269,1.2143,0.9022,0.063778,0.654821,-5.613764,171,0.212044,2183.3281,0.07435,0
781,33.3227,6439.04,6272.0172,13511.72,-5.9099303202,0.22185,0.45633,31.6567,1.1425,0.6077,0.056787,0.621898,-8.139656,153,0.216414,2011.9697,0.081553,0
782,33.3653,6344.4,6188.0974,13300.78,-6.171109503,0.250956,0.433012,27.9711,1.1781,0.743,0.060583,0.62982,-3.021668,173,0.20581,2139.7033,0.08607,0
783,33.408,6094.62,6246.4308,12820.31,-6.4904531781,0.299976,0.405751,24.7261,1.2848,1.0374,0.06529,0.636102,-5.77231,147,0.219471,2144.031,0.079722,0
784,33.4507,6411.95,6326.8941,13406.25,-6.6070770182,0.331013,0.402168,22.0343,1.218,0.9199,0.065932,0.674074,-4.244368,167,0.218206,2270.309,0.074716,0
785,33.4933,6041.26,6207.6037,13113.28,-5.6841300302,0.326315,0.460831,38.6364,1.224,0.7267,0.056076,0.573693,-0.263598,147,0.229076,2039.6119,0.070809,0
786,33.536,6122.52,6180.5196,13253.91,-5.1040097465,0.328398,0.507462,57.283,1.1237,0.4332,0.049099,0.4855,1.745559,166,0.223129,2164.1241,0.067757,0
787,33.5787,6330.01,6345.5347,13429.69,-6.2574500072,0.342074,0.415038,25.716,1.1993,0.7956,0.063652,0.632179,-5.180112,194,0.233742,2260.1623,0.078745,0
788,33.6213,6531.13,6305.09,13417.97,-6.8016978365,0.292513,0.399432,21.3498,1.202,0.9352,0.066426,0.693468,-5.308377,150,0.221257,2155.9533,0.082652,0
789,33.664,6283.92,6239.6118,13429.69,-5.9546134383,0.337914,0.445934,32.5191,1.1525,0.6125,0.058455,0.603253,-1.220261,161,0.218165,1896.7689,0.079111,0
790,33.7067,6343.13,6210.7085,13382.81,-5.5012692594,0.26633,0.472559,40.7641,1.0968,0.4577,0.054257,0.558183,-6.566596,182,0.224014,2008.7723,0.077646,0
791,33.7493,6286.64,6212.26,13207.03,-5.3351285471,0.202969,0.489008,43.1981,1.0785,0.375,0.051781,0.546885,-7.410798,173,0.206114,2031.9257,0.080088,0
792,33.792,6414.16,6310.5774,13429.69,-6.2302290288,0.314876,0.426537,28.0269,1.1319,0.6227,0.061674,0.624279,-3.069024,176,0.222304,1985.2536,0.074106,0
793,33.8347,6193.73,6173.2217,13148.44,-5.7896361709,0.259888,0.464273,35.6239,1.1667,0.6386,0.055538,0.590955,-0.039465,166,0.215827,2001.6771,0.070443,0
794,33.8773,6240.82,6260.7457,13019.53,-6.4304777474,0.262708,0.410154,24.4107,1.2117,0.8832,0.064509,0.638072,-3.700682,144,0.223475,2154.98,0.080454,0
795,33.92,6207.97,6102.5589,13042.97,-5.5611940804,0.256307,0.473454,39.4571,1.1422,0.5898,0.05412,0.56888,0.854105,194,0.216298,2030.5922,0.083995,0
796,33.9627,6384.69,6273.9076,13382.81,-6.3838606781,0.229876,0.42063,24.4101,1.1897,0.802,0.062683,0.636537,-5.375076,168,0.229947,2133.2831,0.074472,0
797,34.0053,6199.86,6171.2106,13136.72,-5.2700457106,0.2558,0.488563,47.8484,1.1548,0.5733,0.051847,0.505889,2.886509,153,0.231161,2017.9524,0.073129,0
798,34.048,6379.13,6229.2361,13429.69,-5.9440124153,0.316911,0.452759,31.7134,1.1486,0.6288,0.057356,0.610312,-0.380856,167,0.214237,1987.3958,0.084727,0
799,34.0907,6455.77,6311.3334,13289.06,-6.5295111269,0.104741,0.408413,23.6883,1.2041,0.9014,0.064817,0.664433,-4.35533,184,0.208503,2200.435,0.086558,0
800,34.1333,6655.8,6363.3097,13781.25,-7.0448620148,0.288484,0.375742,18.2267,1.1946,0.9275,0.070852,0.699889,-4.715209,167,0.198273,2293.0998,0.089366,0
801,34.176,6318.26,6257.5267,13019.53,-6.7212852896,0.251312,0.393074,22.6072,1.2241,0.9624,0.067588,0.668546,-1.599168,165,0.213501,2280.0972,0.088878,0
802,34.2187,6461.27,6343.5594,13640.62,-6.767624771,0.250573,0.386164,20.8843,1.204,0.8983,0.068871,0.671307,-3.966381,165,0.224653,2243.9909,0.089611,0
803,34.2613,6469.64,6335.5079,13617.19,-6.9053187986,0.183736,0.384589,20.4274,1.1846,0.8633,0.069167,0.670986,-3.528626,184,0.214072,2160.3097,0.089,0
804,34.304,6558.46,6304.1485,13757.81,-6.667068888,0.237441,0.40723,22.2767,1.1773,0.8172,0.065027,0.673821,-2.147922,176,0.209921,2258.0081,0.0796,0
805,34.3467,6003.7,6166.4754,12656.25,-5.8781312741,0.265528,0.447262,35.4976,1.1915,0.7251,0.05824,0.576958,-2.802184,169,0.239372,2105.9586,0.073739,0
806,34.3893,6317.78,6240.6514,13312.5,-6.7819206467,0.269864,0.393249,22.0631,1.2205,0.9497,0.067555,0.660643,-3.971105,166,0.222131,2134.8754,0.073129,0
807,34.432,6375.17,6227.1737,13054.69,-6.5221989738,0.30731,0.408805,25.8407,1.198,0.9346,0.064747,0.652528,-3.05992,171,0.218819,2160.5936,0.084971,0
808,34.4747,6363.37,6318.6251,13441.41,-6.4002332086,0.276497,0.418645,26.342,1.1889,0.7771,0.063026,0.646637,-1.229932,179,0.215302,2103.2299,0.085093,0
809,34.5173,6317.75,6346.4447,13371.09,-6.3869676193,0.292206,0.420865,26.6623,1.219,0.8731,0.062643,0.647991,-1.617584,178,0.223261,2173.9081,0.080942,0
810,34.56,6267.34,6305.803,12867.19,-7.4471428821,0.245671,0.347027,16.1414,1.2955,1.2326,0.076606,0.67793,-5.831262,183,0.212561,2386.0471,0.082163,0
811,34.6027,6260.73,6232.7685,12785.16,-6.8691099406,0.225394,0.38102,21.5858,1.2433,1.07,0.069842,0.656154,-8.445051,151,0.211779,2175.0292,0.079111,0
812,34.6453,6359.74,6282.4303,13347.66,-6.0656868067,0.252551,0.434708,29.8412,1.1365,0.6176,0.0603,0.61083,-2.461184,174,0.220429,2101.5068,0.081431,0
813,34.688,6275.99,6341.9413,13417.97,-6.7013541805,0.246035,0.394921,22.3614,1.2185,0.8886,0.067248,0.663969,-5.579996,163,0.219403,2214.3813,0.082774,0
814,34.7307,6353.53,6332.3516,13441.41,-6.057938534,0.196499,0.436424,29.8365,1.1403,0.6034,0.060015,0.636631,-2.684965,166,0.214971,2209.587,0.078257,0
815,34.7733,6317.29,6362.8703,13675.78,-6.4751630654,0.308896,0.410126,24.5595,1.1993,0.7683,0.064514,0.652472,-7.183049,164,0.213554,2333.6421,0.075327,0
816,34.816,6332.1,6296.4695,13160.16,-6.4287134116,0.214443,0.418055,26.1529,1.2043,0.8266,0.063128,0.65397,-2.344587,185,0.214608,2174.8082,0.082285,0
817,34.8587,6136.42,6212.5953,13101.56,-5.698518973,0.190623,0.464891,38.2606,1.1558,0.5858,0.055441,0.570011,2.061241,168,0.224908,2123.3503,0.076181,0
818,34.9013,6204.38,6229.4956,13031.25,-6.2127106804,0.32581,0.426664,30.0577,1.2301,0.8888,0.061652,0.629788,-3.401863,169,0.217372,2024.5587,0.067391,0
819,34.944,6083.26,6151.1221,12878.91,-5.3378540844,0.254281,0.492479,50.2607,1.1355,0.5055,0.051269,0.500159,2.26291,169,0.223697,1985.2939,0.070932,0
820,34.9867,6412.72,6296.6368,13429.69,-5.9525750763,0.283045,0.449755,33.6739,1.1502,0.6478,0.057837,0.618061,-1.950446,174,0.215866,1967.4949,0.081675,0
821,35.0293,6508.64,6294.2784,13429.69,-6.1576361174,0.319366,0.434146,29.3053,1.1445,0.6857,0.060394,0.634497,-5.439345,192,0.21567,2135.1162,0.086436,0
822,35.072,6377.98,6223.5843,13312.5,-5.663357725,0.311756,0.47411,35.667,1.1263,0.5478,0.05402,0.596559,-1.468129,170,0.212796,1961.0309,0.082285,0
823,35.1147,6344.54,6263.3503,13441.41,-6.1843579863,0.357604,0.439657,28.3726,1.1924,0.7677,0.059481,0.63987,-6.412798,175,0.208427,2058.4785,0.08546,0
