frame,time,centroid,spread,rolloff,slope,obsir_std,flatness,crest,skewness,kurtosis,tonality,entropy,tpr,n_peaks,flux,irregularity,zcr,gated
0,0.0,0.0,0.0,0.0,0.0,0.0,0.0,0.0,0.0,0.0,0.0,0.0,0.0,0,0.0,0.0,0.0,1
1,0.0427,0.0,0.0,0.0,0.0,0.0,0.0,0.0,0.0,0.0,0.0,0.0,0.0,0,0.0,0.0,0.0,1
2,0.0853,0.0,0.0,0.0,0.0,0.0,0.0,0.0,0.0,0.0,0.0,0.0,0.0,0,0.0,0.0,0.0,1
3,0.128,0.0,0.0,0.0,0.0,0.0,0.0,0.0,0.0,0.0,0.0,0.0,0.0,0,0.0,0.0,0.0,1
4,0.1707,0.0,0.0,0.0,0.0,0.0,0.0,0.0,0.0,0.0,0.0,0.0,0.0,0,0.0,0.0,0.0,1
5,0.2133,0.0,0.0,0.0,0.0,0.0,0.0,0.0,0.0,0.0,0.0,0.0,0.0,0,0.0,0.0,0.0,1
6,0.256,0.0,0.0,0.0,0.0,0.0,0.0,0.0,0.0,0.0,0.0,0.0,0.0,0,0.0,0.0,0.0,1
7,0.2987,0.0,0.0,0.0,0.0,0.0,0.0,0.0,0.0,0.0,0.0,0.0,0.0,0,0.0,0.0,0.0,1
8,0.3413,0.0,0.0,0.0,0.0,0.0,0.0,0.0,0.0,0.0,0.0,0.0,0.0,0,0.0,0.0,0.0,1
9,0.384,0.0,0.0,0.0,0.0,0.0,0.0,0.0,0.0,0.0,0.0,0.0,0.0,0,0.0,0.0,0.0,1
10,0.4267,0.0,0.0,0.0,0.0,0.0,0.0,0.0,0.0,0.0,0.0,0.0,0.0,0,0.0,0.0,0.0,1
11,0.4693,0.0,0.0,0.0,0.0,0.0,0.0,0.0,0.0,0.0,0.0,0.0,0.0,0,0.0,0.0,0.0,1
12,0.512,0.0,0.0,0.0,0.0,0.0,0.0,0.0,0.0,0.0,0.0,0.0,0.0,0,0.0,0.0,0.0,1
13,0.5547,0.0,0.0,0.0,0.0,0.0,0.0,0.0,0.0,0.0,0.0,0.0,0.0,0,0.0,0.0,0.0,1
14,0.5973,0.0,0.0,0.0,0.0,0.0,0.0,0.0,0.0,0.0,0.0,0.0,0.0,0,0.0,0.0,0.0,1
15,0.64,0.0,0.0,0.0,0.0,0.0,0.0,0.0,0.0,0.0,0.0,0.0,0.0,0,0.0,0.0,0.0,1
16,0.6827,0.0,0.0,0.0,0.0,0.0,0.0,0.0,0.0,0.0,0.0,0.0,0.0,0,0.0,0.0,0.0,1
17,0.7253,0.0,0.0,0.0,0.0,0.0,0.0,0.0,0.0,0.0,0.0,0.0,0.0,0,0.0,0.0,0.0,1
18,0.768,0.0,0.0,0.0,0.0,0.0,0.0,0.0,0.0,0.0,0.0,0.0,0.0,0,0.0,0.0,0.0,1
19,0.8107,0.0,0.0,0.0,0.0,0.0,0.0,0.0,0.0,0.0,0.0,0.0,0.0,0,0.0,0.0,0.0,1
20,0.8533,0.0,0.0,0.0,0.0,0.0,0.0,0.0,0.0,0.0,0.0,0.0,0.0,0,0.0,0.0,0.0,1
21,0.896,0.0,0.0,0.0,0.0,0.0,0.0,0.0,0.0,0.0,0.0,0.0,0.0,0,0.0,0.0,0.0,1
22,0.9387,0.0,0.0,0.0,0.0,0.0,0.0,0.0,0.0,0.0,0.0,0.0,0.0,0,0.0,0.0,0.0,1
23,0.9813,0.0,0.0,0.0,0.0,0.0,0.0,0.0,0.0,0.0,0.0,0.0,0.0,0,0.0,0.0,0.0,1
24,1.024,0.0,0.0,0.0,0.0,0.0,0.0,0.0,0.0,0.0,0.0,0.0,0.0,0,0.0,0.0,0.0,1
25,1.0667,0.0,0.0,0.0,0.0,0.0,0.0,0.0,0.0,0.0,0.0,0.0,0.0,0,0.0,0.0,0.0,1
26,1.1093,0.0,0.0,0.0,0.0,0.0,0.0,0.0,0.0,0.0,0.0,0.0,0.0,0,0.0,0.0,0.0,1
27,1.152,0.0,0.0,0.0,0.0,0.0,0.0,0.0,0.0,0.0,0.0,0.0,0.0,0,0.0,0.0,0.0,1
28,1.1947,0.0,0.0,0.0,0.0,0.0,0.0,0.0,0.0,0.0,0.0,0.0,0.0,0,0.0,0.0,0.0,1
29,1.2373,0.0,0.0,0.0,0.0,0.0,0.0,0.0,0.0,0.0,0.0,0.0,0.0,0,0.0,0.0,0.0,1
30,1.28,0.0,0.0,0.0,0.0,0.0,0.0,0.0,0.0,0.0,0.0,0.0,0.0,0,0.0,0.0,0.0,1
31,1.3227,0.0,0.0,0.0,0.0,0.0,0.0,0.0,0.0,0.0,0.0,0.0,0.0,0,0.0,0.0,0.0,1
32,1.3653,0.0,0.0,0.0,0.0,0.0,0.0,0.0,0.0,0.0,0.0,0.0,0.0,0,0.0,0.0,0.0,1
33,1.408,8791.84,7592.7973,17941.41,-5.3789679194,0.229177,0.523833,39.0696,0.7099,-0.3486,0.046801,0.627196,-3.242175,39,0.0,820.8938,0.032719,0
34,1.4507,8482.51,7529.9805,17648.44,-6.9472584767,0.242166,0.378313,16.0279,0.8361,-0.062,0.070358,0.731283,-10.295932,127,0.501719,2235.1547,0.093884,0
35,1.4933,8566.8,7512.1671,17753.91,-6.9453089377,0.228452,0.375549,14.2368,0.8211,-0.1013,0.070889,0.733766,-8.747346,144,0.327079,2506.8371,0.135026,0
36,1.536,8437.32,7330.199,17390.62,-6.8298585335,0.172284,0.391487,16.8094,0.8418,-0.0297,0.06788,0.738932,-4.175327,158,0.348606,2538.9954,0.128434,0
37,1.5787,8171.82,7390.316,17367.19,-6.4526388258,0.22003,0.419117,20.9687,0.8693,-0.084,0.062944,0.701907,-2.499883,190,0.348097,2614.8018,0.121719,0
38,1.6213,8034.63,7353.0987,17308.59,-5.9488185928,0.356449,0.454866,26.6725,0.8754,-0.1112,0.057019,0.664492,-2.028831,156,0.367062,2565.4709,0.116713,0
39,1.664,8112.76,7411.9204,17507.81,-6.0488376816,0.328616,0.449482,25.6861,0.8448,-0.1887,0.057881,0.683326,-3.817243,157,0.368795,2616.3651,0.119277,0
40,1.7067,8220.23,7349.9596,17355.47,-6.6064606937,0.303756,0.408707,19.1175,0.8848,-0.0002,0.064765,0.718775,-5.078586,149,0.355351,2555.2849,0.120498,0
41,1.7493,7922.79,7281.5264,17167.97,-5.362399697,0.30568,0.504762,34.308,0.8576,-0.2389,0.049486,0.63875,-0.419661,167,0.369403,2436.866,0.112807,0
42,1.792,7942.83,7144.9796,16664.06,-5.5656571878,0.163845,0.485966,32.2002,0.8602,-0.1271,0.052232,0.662372,-1.067075,163,0.358776,2622.06,0.112318,0
43,1.8347,7726.02,7251.7941,17003.91,-5.7659843833,0.222327,0.467955,30.3453,0.9042,-0.0809,0.054966,0.640626,-6.260013,164,0.376985,2709.1083,0.114028,0
44,1.8773,8268.72,7367.1006,17496.09,-5.9988497291,0.1801,0.442723,24.3089,0.8351,-0.1942,0.058978,0.681593,-3.99336,141,0.376319,2646.0402,0.112685,0
45,1.92,8417.98,7400.2579,17683.59,-6.6791576543,0.232427,0.399137,17.0916,0.8325,-0.1184,0.06648,0.724953,-5.871768,155,0.36446,2423.8851,0.123794,0
46,1.9627,8329.95,7404.1204,17519.53,-7.2349369173,0.202073,0.372523,14.099,0.898,0.0777,0.071474,0.745529,-6.814447,148,0.35119,2497.4885,0.123306,0
47,2.0053,8225.68,7287.8244,17203.12,-5.7601652739,0.243584,0.471802,27.2393,0.8498,-0.1439,0.054373,0.703994,-4.025338,143,0.349823,2601.0685,0.115126,0
48,2.048,8393.46,7383.373,17554.69,-6.3471371256,0.320146,0.426917,20.3477,0.8306,-0.1423,0.06161,0.717961,-6.790739,143,0.359787,2497.0741,0.119277,0
49,2.0907,8280.15,7362.2887,17390.62,-6.643792106,0.255514,0.4145,19.6246,0.8715,-0.0586,0.063746,0.732611,-4.791861,155,0.343105,2509.1393,0.127579,0
50,2.1333,8237.77,7289.8521,17285.16,-6.5098699252,0.222298,0.421199,20.8233,0.8927,0.0373,0.062585,0.729948,-4.96259,160,0.359283,2543.8562,0.131486,0
51,2.176,8086.97,7369.3937,17179.69,-6.8491910552,0.287261,0.390616,16.9654,0.9041,0.0046,0.068042,0.722121,-5.924088,144,0.364064,2546.0394,0.12294,0
52,2.2187,8044.25,7333.3326,17097.66,-6.8561850451,0.264505,0.391175,17.9199,0.9142,0.0623,0.067938,0.714853,-7.750834,149,0.358976,2460.639,0.114028,0
53,2.2613,8182.54,7328.497,17332.03,-6.0593765264,0.375661,0.447195,23.5899,0.8265,-0.216,0.058251,0.696953,-0.701047,152,0.377934,2468.5346,0.113906,0
54,2.304,8354.29,7430.1324,17484.38,-6.6946466528,0.176463,0.393403,15.8557,0.8544,-0.0523,0.067527,0.714297,-5.028135,147,0.375503,2538.4019,0.124161,0
55,2.3467,8069.88,7444.4445,17378.91,-6.9184006295,0.236178,0.386053,16.9784,0.9067,0.0204,0.068892,0.69795,-5.408498,159,0.350441,2537.8888,0.125992,0
56,2.3893,8287.66,7388.0949,17472.66,-7.0053013809,0.26982,0.376432,15.1181,0.9113,0.0845,0.070719,0.728825,-4.253402,158,0.373691,2458.2657,0.123672,0
57,2.432,8205.95,7413.5283,17425.78,-6.8582984524,0.231081,0.389049,16.5798,0.8886,-0.0163,0.068333,0.721525,-2.114372,147,0.375775,2410.088,0.125626,0
58,2.4747,8233.54,7396.466,17414.06,-6.5898336101,0.248219,0.404294,18.2509,0.8628,-0.0677,0.065551,0.701494,-4.844106,142,0.371365,2577.458,0.11708,0
59,2.5173,7913.11,7396.6044,17285.16,-5.9314530934,0.252382,0.451948,27.491,0.8611,-0.1833,0.057485,0.646427,-1.283628,195,0.371865,2648.3025,0.113051,0
60,2.56,8255.18,7373.962,17402.34,-6.5616203034,0.259078,0.40804,18.7959,0.8706,-0.0429,0.064883,0.712879,-5.465578,172,0.361128,2612.6275,0.120132,0
61,2.6027,8159.32,7469.3551,17531.25,-6.620710615,0.075052,0.411069,19.1647,0.8781,-0.0721,0.064348,0.702647,-5.850041,161,0.360212,2547.5717,0.124039,0
62,2.6453,8260.94,7320.0968,17472.66,-5.8051326392,0.259194,0.46446,27.7572,0.8165,-0.1913,0.055509,0.682179,-2.198762,150,0.364303,2554.6489,0.114272,0
63,2.688,7960.42,7350.7586,17203.12,-6.3006146849,0.365897,0.426672,22.523,0.8853,-0.085,0.061651,0.68436,-7.574877,149,0.358736,2576.4048,0.116958,0
64,2.7307,8081.81,7375.2688,17144.53,-6.7810733451,0.310261,0.393404,18.1883,0.9019,0.0313,0.067527,0.717792,-5.770251,133,0.370108,2382.906,0.119644,0
65,2.7733,8212.9,7334.8921,17460.94,-6.6339005437,0.255122,0.409244,19.0947,0.8851,-0.0124,0.06467,0.716586,-3.576345,159,0.372037,2503.8916,0.119155,0
66,2.816,8085.38,7276.5358,17191.41,-6.4221512508,0.270083,0.422663,21.7539,0.8837,-0.0091,0.062334,0.700364,-3.174207,150,0.36567,2591.7952,0.122574,0
67,2.8587,8147.1,7459.6421,17414.06,-6.9816116739,0.139116,0.383358,16.376,0.877,-0.0248,0.069399,0.717314,-5.800326,144,0.362382,2460.3113,0.114882,0
68,2.9013,8172.62,7377.6846,17144.53,-6.7501431822,0.191417,0.402384,18.5141,0.8829,-0.0067,0.065893,0.721379,-4.354794,152,0.342258,2567.2555,0.118423,0
69,2.944,8151.6,7400.665,17425.78,-6.6011434041,0.385036,0.406435,18.7799,0.8709,-0.108,0.065168,0.710554,-4.756925,149,0.354978,2452.5996,0.118545,0
70,2.9867,8219.57,7416.6582,17542.97,-6.6988220326,0.197529,0.400481,16.6702,0.8893,-0.019,0.066236,0.725056,-5.215101,151,0.358569,2523.4313,0.117202,0
71,3.0293,8293.02,7393.2579,17542.97,-6.1664866874,0.388899,0.446565,24.6036,0.8379,-0.1628,0.058352,0.694345,-1.680859,139,0.374055,2438.5834,0.116958,0
72,3.072,8102.26,7322.9092,17250.0,-6.4420566238,0.223244,0.415898,21.8812,0.8939,-0.0173,0.063502,0.716318,-2.940777,157,0.37028,2628.9739,0.125137,0
73,3.1147,8152.03,7342.6185,17156.25,-6.519733777,0.389451,0.410089,20.0591,0.8766,-0.0237,0.06452,0.699131,-3.464312,162,0.383988,2612.191,0.124405,0
74,3.1573,8089.76,7347.1455,17238.28,-5.586417711,0.26004,0.486345,29.4284,0.8192,-0.2689,0.052176,0.66515,-3.651741,146,0.369305,2501.4287,0.10829,0
75,3.2,7926.92,7310.7843,17203.12,-5.461532686,0.303972,0.488557,33.908,0.8521,-0.2371,0.051847,0.643179,-0.814877,147,0.364077,2627.1381,0.110975,0
76,3.2427,8071.44,7425.6245,17449.22,-6.0921628041,0.251228,0.44913,24.7964,0.8499,-0.2162,0.057938,0.695066,-3.14583,139,0.354191,2538.0665,0.117812,0
77,3.2853,8070.55,7366.2062,17296.88,-6.6700097233,0.336725,0.400621,18.6439,0.8926,-0.0353,0.066211,0.711937,-5.458962,164,0.367022,2541.651,0.120498,0
78,3.328,8030.42,7315.9222,17296.88,-5.6051992255,0.420117,0.479882,31.5897,0.8744,-0.1468,0.053144,0.669315,-1.639282,165,0.374702,2660.4232,0.112318,0
79,3.3707,8066.18,7311.5969,17378.91,-5.2526013552,0.227211,0.507855,35.8161,0.8047,-0.3474,0.049043,0.641736,-0.861993,163,0.363991,2501.1217,0.116591,0
80,3.4133,8228.36,7309.9952,17003.91,-6.2268932533,0.187843,0.441147,22.5283,0.8463,-0.1043,0.059236,0.704719,-1.807347,163,0.376019,2504.1601,0.123428,0
81,3.456,8082.64,7391.2288,17531.25,-5.8960187384,0.188093,0.461777,27.2482,0.8715,-0.1539,0.055928,0.681043,-2.628364,148,0.379886,2625.2482,0.10597,0
82,3.4987,7888.89,7403.4136,17226.56,-6.1159041928,0.165552,0.44742,25.3412,0.8853,-0.1119,0.058214,0.661193,-1.326193,163,0.380774,2576.078,0.098157,0
83,3.5413,8271.1,7395.7502,17472.66,-6.7504008625,0.283279,0.396434,17.4779,0.856,-0.0689,0.066972,0.713361,-4.490321,172,0.375817,2624.7184,0.114638,0
84,3.584,8115.61,7443.0467,17355.47,-6.8977562458,0.17823,0.390292,16.5473,0.8958,-0.0168,0.068102,0.717002,-5.234334,155,0.363204,2582.8575,0.121353,0
85,3.6267,8063.27,7317.691,17062.5,-6.5626925738,0.280913,0.4129,19.5103,0.8972,-0.0022,0.064026,0.70666,-5.114866,175,0.380531,2709.7248,0.114028,0
86,3.6693,8010.95,7420.936,17261.72,-6.3769205173,0.173049,0.420607,20.0254,0.8908,-0.0739,0.062687,0.701309,-3.880223,165,0.39105,2502.1331,0.113051,0
87,3.712,8264.59,7396.4477,17437.5,-7.0219430894,0.280419,0.380166,16.1114,0.8915,0.0307,0.070004,0.717265,-4.071719,170,0.375488,2652.5352,0.116591,0
88,3.7547,8062.59,7353.1626,17191.41,-6.1442309512,0.228282,0.432692,22.1813,0.8588,-0.1203,0.060637,0.673938,-1.496325,150,0.367504,2407.2686,0.113539,0
89,3.7973,8163.6,7438.0947,17390.62,-6.7287226349,0.221974,0.401132,18.6803,0.8786,-0.0446,0.066119,0.706346,-6.84234,136,0.375799,2476.4202,0.122451,0
90,3.84,8365.85,7348.6338,17355.47,-6.8707239731,0.204962,0.390817,16.92,0.8642,0.0002,0.068004,0.730774,-4.133654,160,0.369831,2508.8849,0.130265,0
91,3.8827,8269.85,7425.6939,17660.16,-6.5130237507,0.242523,0.423668,20.8109,0.8545,-0.1462,0.062162,0.727452,-4.970898,160,0.361838,2391.8534,0.122696,0
92,3.9253,7874.67,7239.8716,16933.59,-5.9907762671,0.366355,0.461231,25.7807,0.9093,-0.0475,0.056014,0.691433,-6.094433,135,0.363117,2453.3692,0.11708,0
93,3.968,8311.46,7410.9893,17343.75,-6.9809494883,0.255511,0.386177,15.4467,0.8507,-0.0687,0.068869,0.718836,-6.108811,127,0.36738,2470.7989,0.121109,0
94,4.0107,8128.1,7393.7499,17367.19,-6.610447893,0.213149,0.401239,18.5434,0.8842,-0.0243,0.066099,0.690093,-3.643959,160,0.365753,2549.3842,0.127823,0
95,4.0533,8342.94,7427.0557,17625.0,-6.5929870986,0.30978,0.408626,19.5955,0.8365,-0.1293,0.064779,0.712545,-10.223187,151,0.361694,2459.0381,0.122451,0
96,4.096,8420.93,7417.4094,17683.59,-6.3161489893,0.373535,0.420972,21.2115,0.8396,-0.0977,0.062625,0.71253,-3.041244,173,0.374438,2693.0454,0.120742,0
97,4.1387,8164.81,7390.8101,17507.81,-6.5407359012,0.232465,0.412563,18.6157,0.8695,-0.0755,0.064085,0.696959,-1.833169,159,0.371256,2664.2389,0.119399,0
98,4.1813,8192.68,7372.2484,17343.75,-6.540779029,0.277078,0.409842,19.9419,0.8667,-0.0789,0.064564,0.717099,-5.605255,149,0.378669,2470.8061,0.117812,0
99,4.224,8287.58,7345.3244,17484.38,-6.3512137325,0.247339,0.429934,21.7362,0.8643,-0.0448,0.0611,0.715893,-4.558412,144,0.365633,2376.3217,0.128189,0
100,4.2667,8064.34,7377.8143,17273.44,-6.5956668443,0.297211,0.410568,18.9081,0.886,-0.0388,0.064436,0.702725,-2.938355,158,0.358795,2409.1056,0.124893,0
101,4.3093,8202.17,7357.6666,17261.72,-6.5068219959,0.235604,0.410133,20.0799,0.863,-0.0853,0.064513,0.708449,-7.234953,157,0.363151,2475.9934,0.118423,0
102,4.352,8243.58,7318.5248,17332.03,-6.9136496221,0.22839,0.3865,15.9536,0.8704,-0.0082,0.068808,0.723529,-3.758182,176,0.380585,2581.3268,0.124649,0
103,4.3947,8339.99,7322.6663,17507.81,-6.0362925319,0.154962,0.446961,24.7888,0.8293,-0.1355,0.058288,0.704688,-3.524682,166,0.367361,2571.6061,0.127213,0
104,4.4373,8178.4,7397.796,17332.03,-6.8094780442,0.275766,0.39133,17.1103,0.8905,-0.0127,0.06791,0.724187,-5.727754,156,0.363977,2467.7318,0.126602,0
105,4.48,8136.34,7435.9516,17378.91,-6.4990358348,0.283793,0.410425,19.6149,0.8644,-0.1168,0.064461,0.704094,-2.470357,164,0.372132,2553.0783,0.122207,0
106,4.5227,8122.23,7326.1585,17296.88,-6.4534050238,0.25703,0.422993,20.5848,0.8816,-0.0406,0.062278,0.712363,-8.02308,142,0.395065,2469.3099,0.120742,0
107,4.5653,8141.02,7270.8468,17097.66,-6.5209284238,0.137755,0.413487,19.4467,0.8791,-0.0012,0.063923,0.711186,-4.155414,167,0.382498,2643.1503,0.12355,0
108,4.608,8375.81,7477.6202,17601.56,-6.4125059496,0.215855,0.421794,20.0824,0.8411,-0.1267,0.062483,0.714864,-5.049449,149,0.358166,2472.7293,0.123916,0
109,4.6507,8214.54,7369.0536,17191.41,-6.2475287459,0.24519,0.430595,20.4453,0.8428,-0.1269,0.060989,0.705981,-6.735569,155,0.35228,2528.5614,0.126236,0
110,4.6933,8063.49,7304.6725,17179.69,-5.6826289344,0.299344,0.473739,29.7365,0.8363,-0.1963,0.054077,0.663815,-3.104192,142,0.371943,2553.1422,0.124283,0
111,4.736,8056.19,7420.0868,17437.5,-6.2217332662,0.272624,0.434227,23.3472,0.8545,-0.1698,0.060381,0.675765,-7.655233,119,0.375757,2590.8857,0.118667,0
112,4.7787,8229.21,7331.3772,17332.03,-6.4816242299,0.232781,0.411117,19.9879,0.8626,-0.0545,0.064339,0.696588,-2.114699,168,0.37454,2483.5797,0.121475,0
113,4.8213,7988.24,7365.3825,17144.53,-6.7647638485,0.217876,0.398538,18.3596,0.9384,0.0821,0.066588,0.709094,-5.666517,164,0.376733,2449.526,0.116225,0
114,4.864,7911.4,7297.8885,17015.62,-6.038835116,0.176573,0.457087,25.3252,0.8729,-0.1341,0.056667,0.693669,-4.919613,147,0.36769,2440.6092,0.111708,0
115,4.9067,8277.79,7350.3775,17191.41,-6.4964913313,0.212508,0.417639,20.1785,0.8572,-0.045,0.0632,0.707572,-3.011846,155,0.356728,2472.9483,0.115248,0
116,4.9493,7937.58,7300.5014,16980.47,-5.5664826428,0.293189,0.482237,30.4233,0.855,-0.1907,0.05279,0.653083,-1.761257,149,0.370738,2588.1671,0.116713,0
117,4.992,8148.07,7324.7619,17437.5,-5.8769496708,0.318363,0.462891,27.1597,0.8435,-0.1821,0.055753,0.68903,-2.756187,145,0.382351,2599.1166,0.118423,0
118,5.0347,7965.57,7236.8743,17121.09,-5.2435809494,0.229767,0.51257,35.9616,0.8438,-0.2229,0.048374,0.642681,-0.421223,157,0.373335,2362.8038,0.115615,0
119,5.0773,8072.71,7342.5885,17097.66,-6.1074608538,0.249426,0.44755,24.0588,0.8748,-0.0877,0.058193,0.687569,-1.246393,173,0.370775,2543.6192,0.109144,0
120,5.12,7973.21,7348.5407,17367.19,-6.4178042631,0.355451,0.412944,21.7589,0.9056,-0.0253,0.064018,0.695391,-5.214973,158,0.369396,2468.7876,0.115126,0
121,5.1627,8052.38,7366.1325,17273.44,-6.7131775636,0.296381,0.39742,18.3445,0.9111,0.0365,0.066792,0.699719,-2.618332,155,0.380225,2470.9107,0.117446,0
122,5.2053,8150.65,7397.9107,17519.53,-6.5718729189,0.226056,0.415856,19.3015,0.8596,-0.121,0.06351,0.710431,-5.852595,153,0.361565,2450.1185,0.117202,0
123,5.248,8233.99,7341.4535,17425.78,-6.3561001173,0.258889,0.433375,22.6529,0.8521,-0.129,0.060523,0.728723,-5.521435,151,0.369332,2472.6586,0.123306,0
124,5.2907,8200.58,7400.1018,17167.97,-6.729372802,0.222608,0.394485,18.6523,0.8788,0.0336,0.067328,0.710466,-3.017596,127,0.368629,2387.5086,0.120986,0
125,5.3333,8009.01,7266.4282,17062.5,-5.7638823051,0.327843,0.466463,27.4524,0.8627,-0.1542,0.055197,0.673957,-1.30786,133,0.362484,2429.9758,0.117324,0
126,5.376,8365.16,7368.8187,17613.28,-6.3345414697,0.254146,0.427556,20.2618,0.8453,-0.1164,0.061501,0.718501,-3.611638,153,0.368794,2441.8801,0.113661,0
127,5.4187,8095.19,7406.365,17460.94,-6.1546543681,0.195479,0.44224,23.1991,0.8511,-0.1835,0.059057,0.694736,-2.6808,145,0.370991,2528.2143,0.115737,0
128,5.4613,7972.87,7261.3974,17074.22,-6.6082078098,0.186287,0.404776,18.889,0.8943,-0.0106,0.065464,0.705848,-4.503669,164,0.366772,2439.7417,0.116958,0
129,5.504,8334.27,7382.381,17519.53,-7.0376273177,0.250716,0.379126,15.5406,0.8674,-0.0117,0.070203,0.733729,-3.762686,162,0.369089,2537.7402,0.118423,0
130,5.5467,8132.43,7356.2308,17460.94,-6.4267671317,0.248869,0.418909,20.5332,0.8849,-0.0459,0.06298,0.709635,-2.804948,164,0.367449,2571.0033,0.118545,0
131,5.5893,7989.48,7341.0816,17203.12,-5.7333928179,0.23103,0.470343,31.3043,0.8494,-0.2094,0.054598,0.649922,-5.279602,159,0.362216,2610.6824,0.11415,0
132,5.632,8114.04,7366.8255,17109.38,-6.4986556123,0.192788,0.413175,19.7075,0.8623,-0.0753,0.063978,0.695771,-3.505454,176,0.363257,2619.2016,0.110975,0
133,5.6747,7980.08,7298.9379,17097.66,-6.0504095951,0.259649,0.448248,25.6107,0.8909,-0.0546,0.05808,0.685483,-1.258987,163,0.345756,2627.4358,0.114516,0
134,5.7173,8190.9,7483.0044,17542.97,-6.7510599792,0.311652,0.393664,16.8146,0.8655,-0.1,0.067479,0.713278,-7.066728,147,0.363114,2521.3375,0.118423,0
135,5.76,8305.69,7411.8228,17519.53,-6.4580489144,0.365605,0.416987,20.0301,0.8722,-0.0582,0.063313,0.721922,-4.069936,150,0.369381,2459.8908,0.122574,0
136,5.8027,8360.05,7484.1556,17660.16,-6.5186741706,0.170203,0.413802,18.846,0.8263,-0.1739,0.063868,0.71243,-5.107462,143,0.368441,2489.5921,0.121963,0
137,5.8453,8213.53,7405.45,17484.38,-6.7687493746,0.239972,0.400621,18.3828,0.8787,-0.0186,0.066211,0.710145,-3.902062,172,0.356821,2478.1725,0.117324,0
138,5.888,8316.43,7342.3415,17496.09,-6.5222649216,0.247469,0.416513,19.2557,0.8661,-0.0319,0.063395,0.72751,-6.484045,150,0.359432,2573.4414,0.121353,0
139,5.9307,8238.18,7411.485,17414.06,-6.472341413,0.171067,0.422411,20.24,0.8465,-0.1135,0.062378,0.696818,-7.113951,162,0.368734,2588.0881,0.122085,0
140,5.9733,8111.62,7363.0939,17285.16,-6.1470272885,0.216772,0.439262,22.8665,0.8521,-0.1329,0.059546,0.705044,-6.316244,158,0.382986,2509.7866,0.1288,0
141,6.016,8107.53,7317.0357,17179.69,-6.5165875698,0.259839,0.42036,20.8107,0.9029,0.0124,0.06273,0.725969,-4.707091,155,0.356888,2611.9065,0.128922,0
142,6.0587,8193.24,7330.4452,17273.44,-6.4464094464,0.367112,0.415225,20.7208,0.8643,-0.0919,0.063619,0.705716,-5.533707,155,0.364525,2700.3438,0.125137,0
143,6.1013,8161.87,7387.2477,17320.31,-6.9840044165,0.261226,0.383072,16.5147,0.8889,0.0336,0.069453,0.715821,-9.403332,138,0.342729,2674.0441,0.125504,0
144,6.144,8261.55,7417.3714,17613.28,-6.4616466131,0.239734,0.417349,19.5972,0.8411,-0.1709,0.06325,0.715196,-6.075895,153,0.379768,2456.8914,0.119521,0
145,6.1867,7815.87,7337.3703,17027.34,-5.9505198835,0.262847,0.457782,27.0382,0.8861,-0.1156,0.056557,0.66172,-3.850102,163,0.379379,2387.1445,0.119888,0
146,6.2293,8139.22,7384.8536,17554.69,-5.8753319469,0.131318,0.463671,26.6995,0.8233,-0.2545,0.055632,0.67661,-6.806178,146,0.358221,2537.7515,0.119155,0
147,6.272,8386.24,7352.2925,17425.78,-7.2819822813,0.145236,0.364109,14.3288,0.894,0.1134,0.073128,0.748051,-7.457436,173,0.371503,2513.0718,0.115126,0
148,6.3147,8008.91,7369.8233,17226.56,-6.0576293727,0.191513,0.447191,24.473,0.8548,-0.1561,0.058251,0.674601,-6.723249,159,0.367126,2414.4506,0.110731,0
149,6.3573,7605.29,7336.4535,16886.72,-6.1184521775,0.28384,0.431314,25.3256,0.9321,-0.038,0.060868,0.661045,-7.769194,160,0.356352,2529.6559,0.1089,0
150,6.4,8057.26,7384.9214,17191.41,-6.709523755,0.327508,0.401539,18.9961,0.8833,-0.0164,0.066045,0.70114,-5.734725,149,0.371519,2542.3932,0.116225,0
151,6.4427,8109.34,7371.5115,17226.56,-6.899682917,0.278673,0.392253,17.021,0.9009,0.0267,0.067739,0.717026,-3.946505,149,0.374357,2524.4565,0.120132,0
152,6.4853,8017.91,7373.9864,17085.94,-6.7630958392,0.227812,0.394259,18.3308,0.9046,0.0327,0.06737,0.705322,-5.700484,159,0.376972,2559.319,0.114638,0
153,6.528,7977.51,7397.6201,17296.88,-6.5554445351,0.222187,0.408202,19.6575,0.8971,-0.0448,0.064854,0.68923,-4.074572,156,0.3681,2530.1165,0.116713,0
154,6.5707,8248.62,7438.6581,17625.0,-6.9285200892,0.386903,0.38961,16.8029,0.8738,-0.0549,0.068228,0.721329,-6.121395,146,0.362653,2423.8223,0.12587,0
155,6.6133,8154.14,7364.1738,17261.72,-6.9250359624,0.194565,0.394886,16.8561,0.8978,0.0454,0.067255,0.728926,-8.506802,135,0.351335,2559.1291,0.122207,0
156,6.656,7951.85,7226.7666,16992.19,-5.7051063656,0.31936,0.466153,28.9925,0.8734,-0.0894,0.055245,0.647266,-0.850681,164,0.353818,2537.325,0.110609,0
157,6.6987,8001.11,7358.3502,17121.09,-6.8414526951,0.331482,0.389182,17.1127,0.9108,0.0192,0.068308,0.69876,-6.18595,148,0.380627,2513.3994,0.104993,0
158,6.7413,8000.19,7443.6728,17390.62,-6.768904273,0.312076,0.395987,17.881,0.9175,-0.0115,0.067053,0.699036,-7.799144,142,0.35866,2540.3578,0.108045,0
159,6.784,7972.42,7306.2488,16992.19,-6.8077219253,0.230163,0.389581,17.4002,0.91,0.0577,0.068234,0.706385,-7.632398,146,0.360675,2631.1672,0.113417,0
160,6.8267,7987.94,7370.3823,17097.66,-6.3282072666,0.22253,0.426593,21.4367,0.8984,-0.0497,0.061664,0.687735,-4.675856,123,0.374883,2395.0816,0.115371,0
161,6.8693,7958.59,7312.1289,17039.06,-6.1495296674,0.279928,0.440746,24.3362,0.9036,-0.0271,0.059302,0.687968,-1.844287,167,0.362158,2521.7446,0.116836,0
162,6.912,8223.75,7407.9624,17378.91,-7.0410341518,0.332871,0.379403,15.791,0.8941,0.0489,0.07015,0.730376,-5.346544,137,0.360884,2630.8266,0.122818,0
163,6.9547,8136.52,7384.9749,17285.16,-6.4080039378,0.277987,0.41885,21.0327,0.8723,-0.054,0.06299,0.69005,-2.24964,160,0.356653,2601.857,0.118667,0
164,6.9973,8199.6,7443.7657,17531.25,-6.8530470325,0.298953,0.391308,17.6169,0.887,-0.0086,0.067914,0.716367,-6.562955,148,0.354654,2532.0743,0.117568,0
165,7.04,8106.31,7407.3225,17273.44,-6.9409613559,0.270977,0.38728,16.4244,0.9069,0.0479,0.068663,0.720399,-5.926919,151,0.345065,2569.4125,0.123794,0
166,7.0827,7943.07,7181.3141,16910.16,-5.9637432229,0.22288,0.455119,27.4571,0.8961,-0.0334,0.056979,0.69406,-4.367168,138,0.368206,2488.3211,0.122696,0
167,7.1253,8136.18,7353.4228,17296.88,-6.4161847552,0.227878,0.423511,20.2009,0.8583,-0.0913,0.062189,0.705099,-2.829418,150,0.367933,2543.062,0.120132,0
168,7.168,8249.03,7407.2581,17437.5,-6.9901552511,0.252294,0.378471,15.8256,0.8829,-0.0024,0.070328,0.725301,-6.657414,146,0.361676,2547.2078,0.121475,0
169,7.2107,8380.03,7357.5231,17554.69,-6.9631769038,0.296877,0.38673,16.0663,0.878,0.0208,0.068765,0.737802,-6.669297,132,0.355131,2516.0789,0.125626,0
170,7.2533,8392.02,7406.7091,17683.59,-6.7775525914,0.186024,0.396996,16.6534,0.8654,-0.0665,0.066869,0.737173,-4.15995,142,0.354886,2543.0403,0.131364,0
171,7.296,8313.03,7339.8241,17519.53,-6.4832195935,0.379083,0.417503,19.7292,0.8548,-0.0777,0.063223,0.714745,-5.857426,154,0.359986,2527.6643,0.127579,0
172,7.3387,8146.67,7353.248,17296.88,-6.4713920236,0.450849,0.42096,19.8378,0.8651,-0.0731,0.062627,0.700573,-6.354639,144,0.349906,2507.396,0.119644,0
173,7.3813,8036.44,7359.1361,17039.06,-6.5148309886,0.197178,0.413628,19.7503,0.8756,-0.0476,0.063898,0.698396,-5.936296,178,0.368512,2521.7536,0.113783,0
174,7.424,7875.19,7282.8429,16957.03,-5.4577177008,0.389138,0.483663,32.5991,0.8204,-0.2834,0.052576,0.634147,-5.753618,148,0.387467,2494.6562,0.107801,0
175,7.4667,7787.8,7340.8956,17074.22,-5.9393157415,0.267878,0.459653,26.9213,0.8794,-0.1601,0.056262,0.676024,-4.106595,158,0.365141,2526.6102,0.110243,0
176,7.5093,8133.06,7378.3606,17414.06,-6.4479021682,0.217001,0.417449,19.502,0.8616,-0.0924,0.063233,0.703054,-4.046747,160,0.358678,2485.5895,0.111708,0
177,7.552,8196.92,7328.9642,17285.16,-6.2636995413,0.239511,0.423695,21.8617,0.8639,-0.0768,0.062158,0.706304,-6.429337,155,0.366225,2468.1738,0.109877,0
178,7.5947,8147.2,7391.1966,17296.88,-6.9163783328,0.302535,0.380818,16.811,0.8922,0.0147,0.06988,0.71709,-10.209664,141,0.364891,2490.4674,0.117934,0
179,7.6373,8163.28,7418.8521,17332.03,-6.9149556993,0.184914,0.381643,16.1504,0.8981,0.0257,0.069724,0.715155,-3.262161,151,0.385733,2556.1752,0.126602,0
180,7.68,8111.08,7334.9971,17261.72,-6.327173529,0.199554,0.422646,22.4154,0.8734,-0.0772,0.062337,0.701819,-4.658115,136,0.371532,2621.3015,0.12294,0
181,7.7227,8338.58,7444.1501,17613.28,-7.3586209212,0.232366,0.35861,13.5209,0.8658,-0.0309,0.07423,0.737208,-5.097175,147,0.37605,2547.3062,0.122085,0
182,7.7653,8162.67,7354.8052,17285.16,-6.2044759644,0.316654,0.441683,23.1938,0.8693,-0.0922,0.059148,0.711903,-2.414082,150,0.363051,2540.841,0.116958,0
183,7.808,7978.63,7317.5709,17097.66,-6.407911514,0.244321,0.421505,20.3219,0.8882,-0.0354,0.062533,0.694492,-4.002299,160,0.361486,2474.0667,0.11244,0
184,7.8507,8171.14,7393.194,17414.06,-6.2156999855,0.168803,0.429724,22.5623,0.838,-0.1651,0.061135,0.679509,-3.404332,158,0.3528,2585.6524,0.117568,0
185,7.8933,8320.24,7407.809,17472.66,-7.2726156551,0.240042,0.365706,14.5988,0.9036,0.1167,0.072811,0.738878,-6.476148,147,0.363673,2549.6903,0.126114,0
186,7.936,8240.18,7369.3408,17343.75,-6.4585978899,0.221593,0.422656,21.1168,0.8727,-0.0406,0.062336,0.717269,-6.68366,153,0.36215,2571.3364,0.12355,0
187,7.9787,8118.26,7323.8833,17390.62,-6.1722157963,0.203982,0.436862,24.6616,0.8669,-0.1068,0.059943,0.706881,-2.714917,140,0.360886,2514.0711,0.122451,0
188,8.0213,8311.9,7349.3918,17343.75,-6.7925926852,0.313328,0.398258,17.2763,0.8877,0.0411,0.066639,0.737598,-3.872424,173,0.354614,2441.8363,0.127823,0
189,8.064,8136.12,7378.7386,17414.06,-6.2715816164,0.056315,0.432718,23.7867,0.8488,-0.1284,0.060633,0.697799,-5.045176,141,0.376715,2579.3316,0.124771,0
190,8.1067,7998.04,7410.6743,17250.0,-6.6712631912,0.224498,0.406577,19.6645,0.9126,0.0115,0.065143,0.713764,-4.132315,154,0.356007,2465.0497,0.121353,0
191,8.1493,8151.23,7412.8864,17179.69,-7.002878558,0.207808,0.381156,15.4713,0.8818,-0.013,0.069816,0.726005,-7.786041,133,0.363486,2504.9605,0.117568,0
192,8.192,8246.31,7442.067,17507.81,-6.2271340518,0.092909,0.433439,21.965,0.8387,-0.1715,0.060512,0.704629,-4.484129,153,0.358419,2621.2176,0.118789,0
193,8.2347,8155.47,7409.0846,17355.47,-6.6903719014,0.250547,0.401928,18.3948,0.8786,-0.0609,0.065975,0.718849,-3.784616,168,0.365242,2519.2661,0.122574,0
194,8.2773,7995.49,7336.2269,17214.84,-7.0505356378,0.186432,0.382136,17.0039,0.9496,0.1499,0.06963,0.720974,-7.767749,140,0.371358,2562.4593,0.118789,0
195,8.32,7952.52,7213.8904,16863.28,-5.6028179375,0.342499,0.483244,30.7587,0.8663,-0.1283,0.052639,0.661002,-1.37423,150,0.371041,2563.1049,0.114516,0
196,8.3627,7966.07,7353.4966,17343.75,-5.7419471087,0.290317,0.462978,27.8254,0.8685,-0.1684,0.05574,0.66244,-2.726332,165,0.35126,2458.2905,0.112074,0
197,8.4053,7941.79,7242.7916,17191.41,-5.2128722018,0.21712,0.507088,36.4443,0.8281,-0.264,0.049153,0.611015,0.232072,154,0.375698,2341.6329,0.119521,0
198,8.448,8495.21,7443.7522,17742.19,-6.1939289627,0.28184,0.432866,21.0657,0.8029,-0.2184,0.060608,0.706716,-4.884301,150,0.377195,2546.7193,0.125748,0
199,8.4907,8262.48,7295.3471,17343.75,-5.7090925409,0.306729,0.477937,30.1057,0.838,-0.1288,0.053438,0.664952,-0.09125,167,0.3706,2717.8037,0.118423,0
200,8.5333,8239.04,7369.6378,17566.41,-5.6908943601,0.202525,0.471208,28.4761,0.8161,-0.2503,0.054465,0.667465,-9.682283,137,0.366704,2575.2016,0.121475,0
201,8.576,8252.13,7412.6539,17589.84,-6.7249197446,0.318216,0.402087,17.2834,0.8789,-0.026,0.065947,0.71151,-6.136515,142,0.351135,2506.3376,0.12941,0
202,8.6187,8103.79,7314.6799,17425.78,-5.644816035,0.172237,0.469987,29.3632,0.8348,-0.206,0.054652,0.673064,-2.361923,138,0.377875,2654.763,0.117446,0
203,8.6613,8172.08,7398.894,17566.41,-6.3529785424,0.119869,0.425277,21.91,0.8421,-0.1658,0.061888,0.688443,-6.57676,154,0.358335,2619.0959,0.11476,0
204,8.704,8334.27,7341.9177,17542.97,-6.1153496033,0.329408,0.441124,23.4933,0.8383,-0.1166,0.05924,0.703644,-2.241525,145,0.38263,2651.5346,0.122818,0
205,8.7467,8155.86,7357.3007,17261.72,-6.3549065076,0.216793,0.429724,21.7914,0.8432,-0.1338,0.061135,0.695034,-5.607642,135,0.348469,2503.5142,0.122696,0
206,8.7893,8160.42,7415.0787,17308.59,-6.6047101284,0.226715,0.40475,19.0582,0.873,-0.0533,0.065469,0.702523,-3.293099,151,0.353438,2408.3215,0.126969,0
207,8.832,8184.72,7421.7289,17484.38,-6.279540151,0.278614,0.428736,22.5785,0.8373,-0.1781,0.061302,0.696026,-5.509393,144,0.369811,2483.1898,0.125626,0
208,8.8747,8322.35,7336.2796,17378.91,-6.8144057268,0.293137,0.391537,17.2957,0.8601,-0.0162,0.067871,0.720408,-6.990679,128,0.360641,2568.6062,0.123916,0
209,8.9173,8091.71,7411.5576,17472.66,-6.0649402208,0.218871,0.44277,25.7169,0.8445,-0.1911,0.05897,0.67228,-7.312871,150,0.378788,2544.4885,0.120132,0
210,8.96,7865.42,7307.6179,17097.66,-5.5168936463,0.183928,0.479147,31.1632,0.8571,-0.2105,0.053255,0.621582,-6.35779,159,0.364984,2479.7059,0.106092,0
211,9.0027,8003.45,7380.1727,17203.12,-6.085599094,0.242684,0.439859,23.5388,0.8868,-0.1326,0.059448,0.688173,-2.803848,152,0.372154,2596.6281,0.106702,0
212,9.0453,7753.18,7206.1203,16828.12,-5.4613421569,0.306923,0.493334,33.3793,0.8756,-0.1921,0.051143,0.638133,-2.017163,147,0.375123,2503.0286,0.112807,0
213,9.088,7959.25,7305.7287,17261.72,-5.6303239782,0.405189,0.475606,30.7626,0.8847,-0.1432,0.053792,0.663121,-1.880784,151,0.369877,2504.8783,0.110853,0
214,9.1307,8274.96,7375.2024,17519.53,-6.9022259211,0.22134,0.392557,16.4127,0.8867,0.0249,0.067683,0.728626,-7.13913,135,0.369502,2549.2067,0.118056,0
215,9.1733,8015.74,7322.7725,17109.38,-6.4748475508,0.36921,0.421965,20.7924,0.9123,0.019,0.062454,0.703879,-4.820016,145,0.347724,2463.9898,0.120986,0
216,9.216,8143.62,7338.7952,17156.25,-6.1579367688,0.252382,0.438651,23.2913,0.851,-0.1098,0.059647,0.686394,-2.768469,150,0.363893,2550.1423,0.113173,0
217,9.2587,8146.69,7350.9054,17320.31,-6.0629877438,0.347902,0.446083,23.4842,0.8612,-0.143,0.058431,0.699674,-2.683569,161,0.347114,2519.9507,0.109388,0
218,9.3013,8012.41,7442.5356,17308.59,-6.7723756391,0.167174,0.395171,17.9306,0.9173,0.0095,0.067203,0.698378,-4.412655,147,0.369551,2474.9452,0.113051,0
219,9.344,8037.25,7421.9886,17296.88,-6.6774048642,0.318693,0.402097,18.8015,0.8946,-0.0278,0.065945,0.698838,-4.137133,147,0.38248,2572.459,0.115737,0
220,9.3867,8195.35,7328.6965,17390.62,-6.450386367,0.278229,0.415513,19.9787,0.8841,-0.024,0.063569,0.713713,-6.536862,143,0.371404,2543.1205,0.115615,0
221,9.4293,7989.42,7348.8639,17261.72,-6.7022721206,0.362106,0.394306,18.814,0.9099,-0.0178,0.067361,0.704976,-3.799642,145,0.367851,2380.7482,0.119033,0
222,9.472,8081.7,7384.8535,17285.16,-6.3316826428,0.204185,0.424251,22.6795,0.8879,-0.0504,0.062063,0.688281,-3.682711,175,0.391997,2455.5914,0.124039,0
223,9.5147,8063.03,7353.0567,17179.69,-6.6822730012,0.286989,0.406824,18.6571,0.879,-0.0504,0.065099,0.708525,-6.589834,164,0.357791,2694.4566,0.118423,0
224,9.5573,8026.13,7327.8948,17062.5,-6.4955256531,0.330458,0.410909,18.995,0.8954,-0.0131,0.064376,0.688444,-5.930713,144,0.360655,2476.907,0.112196,0
225,9.6,7877.07,7299.3494,17156.25,-5.5833543353,0.279982,0.48117,30.7952,0.8718,-0.1838,0.05295,0.658556,-4.070985,136,0.382801,2483.1192,0.115371,0
226,9.6427,8369.53,7443.5218,17507.81,-6.7210145292,0.23176,0.401239,17.6957,0.8495,-0.0543,0.066099,0.722258,-5.095547,181,0.377733,2566.4675,0.120376,0
227,9.6853,8086.43,7410.9615,17203.12,-7.0172904742,0.268394,0.374424,16.4089,0.9149,0.0721,0.071106,0.712159,-6.096588,147,0.357127,2607.4702,0.118056,0
228,9.728,7955.01,7324.1028,17144.53,-6.3412381673,0.177209,0.418973,21.668,0.8901,-0.0447,0.062969,0.684195,-5.815857,149,0.354489,2438.864,0.118789,0
229,9.7707,8272.51,7411.2868,17414.06,-6.5998692257,0.287601,0.402633,17.2115,0.8702,-0.0537,0.065848,0.709289,-4.945133,168,0.361442,2540.0964,0.118545,0
230,9.8133,7951.59,7323.4959,16968.75,-6.4934474652,0.193411,0.416018,20.7164,0.9276,0.03,0.063481,0.703752,-6.359327,143,0.367817,2586.2471,0.114394,0
231,9.856,8303.78,7320.418,17343.75,-6.4416472973,0.225261,0.418441,19.792,0.8664,-0.0197,0.063061,0.728036,-6.265592,152,0.359408,2465.9325,0.124405,0
232,9.8987,8353.06,7319.0917,17507.81,-6.2418530287,0.167625,0.44023,23.2718,0.8422,-0.1016,0.059387,0.72417,-3.151962,145,0.360684,2542.3393,0.129044,0
233,9.9413,7883.64,7321.4637,17132.81,-5.7548666254,0.30807,0.468962,28.2748,0.881,-0.1724,0.05481,0.664648,-7.760753,142,0.368862,2583.0958,0.11183,0
234,9.984,8038.21,7306.8841,17039.06,-5.7652129817,0.250976,0.463136,28.2019,0.8499,-0.1684,0.055715,0.665753,-2.351846,158,0.3647,2554.9212,0.103772,0
235,10.0267,8186.52,7377.6741,17402.34,-6.828862827,0.25289,0.394478,16.8904,0.8894,0.0139,0.067329,0.715537,-4.651829,146,0.371436,2582.3243,0.121841,0
236,10.0693,8039.82,7316.6007,17074.22,-6.5466144468,0.131094,0.40973,19.3142,0.9054,0.046,0.064584,0.70288,-7.36072,169,0.366196,2537.3557,0.121109,0
237,10.112,8308.84,7310.9769,17425.78,-6.2269681291,0.147357,0.438167,22.7747,0.8783,-0.0495,0.059727,0.711077,-4.257412,131,0.367598,2419.8976,0.108412,0
238,10.1547,7971.68,7331.1108,17121.09,-6.0536453691,0.231736,0.442165,25.512,0.8818,-0.1003,0.059069,0.6692,-3.331017,160,0.382188,2594.8452,0.115615,0
239,10.1973,8396.15,7387.06,17425.78,-7.0133294927,0.240397,0.378358,15.1436,0.877,0.024,0.07035,0.732668,-3.800906,161,0.370565,2701.3765,0.126602,0
240,10.24,8218.58,7407.0495,17437.5,-6.1837160397,0.15599,0.443521,23.7906,0.8539,-0.153,0.058848,0.7035,-2.774705,134,0.365343,2509.702,0.119888,0
241,10.2827,8090.28,7373.2095,17308.59,-6.5558632318,0.236182,0.416847,19.8989,0.8789,-0.0541,0.063337,0.695334,-8.017975,163,0.350886,2516.5935,0.110243,0
242,10.3253,8144.03,7380.6832,17355.47,-5.3156710431,0.253166,0.506262,34.9497,0.8076,-0.2965,0.049271,0.630385,-2.356732,155,0.360621,2339.3428,0.117202,0
243,10.368,7916.46,7254.3704,17109.38,-6.045983613,0.198728,0.45905,26.8695,0.9085,-0.0342,0.056357,0.690827,-2.493164,151,0.369404,2531.6108,0.119155,0
244,10.4107,8156.95,7278.4667,17261.72,-5.9931627502,0.205238,0.459461,25.7638,0.867,-0.0897,0.056292,0.689314,-2.472133,160,0.375121,2439.9265,0.11244,0
245,10.4533,8008.77,7304.031,17167.97,-6.1154538133,0.238604,0.445666,24.5565,0.8761,-0.1289,0.058498,0.696106,-6.806418,152,0.370243,2537.1507,0.115126,0
246,10.496,7924.66,7385.7753,17203.12,-5.8713576576,0.178225,0.451667,27.3046,0.8873,-0.1111,0.05753,0.659888,-7.47007,162,0.382428,2460.4722,0.121841,0
247,10.5387,8374.3,7342.2912,17507.81,-6.4849122538,0.173411,0.421488,20.1147,0.8504,-0.0629,0.062536,0.727829,-3.531774,161,0.372983,2585.1529,0.120254,0
248,10.5813,7918.59,7281.7933,17027.34,-5.7659931376,0.298608,0.466785,29.0286,0.8658,-0.1218,0.055147,0.661832,-1.139759,168,0.370651,2605.1469,0.117812,0
249,10.624,8074.67,7293.8445,17109.38,-6.1628917288,0.284199,0.441756,25.0181,0.8823,-0.0501,0.059136,0.69692,-6.909895,158,0.369744,2528.4142,0.112074,0
250,10.6667,8152.12,7388.7059,17308.59,-6.816050959,0.231747,0.388221,16.5898,0.8804,-0.0103,0.068487,0.708225,-3.827982,149,0.367768,2588.0369,0.117446,0
251,10.7093,8056.48,7381.5981,17285.16,-6.5668933164,0.294981,0.407814,19.3687,0.9123,0.0093,0.064923,0.71296,-4.627986,143,0.3627,2384.5813,0.121109,0
252,10.752,8252.28,7365.3321,17460.94,-6.7310766413,0.278305,0.405233,17.0429,0.8725,-0.0282,0.065383,0.710879,-0.373251,173,0.358366,2576.1716,0.121719,0
253,10.7947,8477.52,7396.3262,17589.84,-6.4711452684,0.21228,0.41955,19.2327,0.7989,-0.2039,0.062869,0.728929,-4.166468,148,0.362156,2411.764,0.133317,0
254,10.8373,8302.32,7432.6325,17613.28,-6.9320487127,0.250185,0.385593,16.2242,0.8798,-0.0145,0.068979,0.738115,-5.001893,143,0.351402,2448.2679,0.12587,0
255,10.88,8061.34,7308.3326,17203.12,-5.6983379115,0.199992,0.479517,29.618,0.8527,-0.1752,0.053199,0.669323,-2.878891,146,0.358016,2336.9132,0.115615,0
256,10.9227,7990.04,7355.6528,17390.62,-6.0047737112,0.228719,0.452483,27.0676,0.8612,-0.1528,0.0574,0.677236,-2.985086,160,0.377219,2583.4756,0.118178,0
257,10.9653,8291.11,7401.9834,17496.09,-6.7715761076,0.333218,0.399792,17.4356,0.8686,-0.0217,0.066361,0.717724,-5.059886,152,0.371493,2529.4222,0.115981,0
258,11.008,7827.38,7281.8845,16804.69,-6.3713416515,0.289418,0.424235,22.5641,0.9482,0.0665,0.062066,0.698115,-4.173676,150,0.36734,2544.109,0.116591,0
259,11.0507,8048.13,7326.6467,17050.78,-6.9961681668,0.287062,0.377967,15.31,0.9405,0.1261,0.070424,0.725683,-4.681238,154,0.355559,2535.6952,0.117812,0
260,11.0933,7913.02,7287.0595,16781.25,-6.5110285257,0.253037,0.415957,20.3737,0.9304,0.0631,0.063492,0.694404,-3.501642,178,0.348608,2462.1606,0.118056,0
261,11.136,8357.86,7462.9476,17531.25,-6.4210393785,0.18698,0.420936,19.9459,0.837,-0.1332,0.062631,0.711119,-1.931081,139,0.363019,2428.6456,0.118789,0
262,11.1787,7983.64,7367.2133,17167.97,-6.3957728325,0.237591,0.409882,20.0273,0.874,-0.0914,0.064557,0.677897,-4.539394,162,0.381362,2630.8453,0.110121,0
263,11.2213,8070.3,7288.5296,17109.38,-5.9614405524,0.256718,0.456649,25.1052,0.8672,-0.1104,0.056736,0.688569,-6.970552,157,0.383289,2658.2148,0.109388,0
264,11.264,8029.18,7383.4582,17191.41,-6.7882328243,0.201038,0.398715,17.9302,0.8937,-0.0198,0.066556,0.70421,-5.998115,155,0.36963,2460.9733,0.119277,0
265,11.3067,8063.63,7401.3691,17238.28,-7.0399757222,0.223731,0.378514,16.0477,0.9072,0.0441,0.07032,0.71433,-6.334581,139,0.365953,2627.4158,0.125015,0
266,11.3493,8154.87,7427.691,17402.34,-6.6973888929,0.306829,0.403622,17.5359,0.8952,0.0021,0.065671,0.71158,-2.32637,156,0.36098,2454.03,0.126114,0
267,11.392,8369.67,7446.1691,17683.59,-6.5582824951,0.180455,0.415791,19.1461,0.827,-0.1373,0.063521,0.715047,-3.646887,157,0.365447,2513.7987,0.115371,0
268,11.4347,8047.0,7361.9413,17238.28,-6.0932074766,0.252382,0.446308,25.5476,0.8798,-0.0962,0.058394,0.695605,-2.813326,161,0.36117,2528.8709,0.106336,0
269,11.4773,8007.31,7380.1898,17203.12,-6.4763349898,0.371488,0.410748,19.6598,0.9409,0.0867,0.064404,0.692065,-1.7457,168,0.36973,2591.6515,0.115615,0
270,11.52,7964.33,7334.402,17121.09,-6.5600281134,0.280165,0.407414,19.6255,0.8999,-0.0214,0.064994,0.696435,-3.209163,160,0.381185,2544.6297,0.123184,0
271,11.5627,8221.99,7317.4806,17003.91,-7.4422323125,0.279025,0.357371,13.1332,0.936,0.2365,0.07448,0.743472,-5.427207,154,0.369372,2523.9167,0.122696,0
272,11.6053,8313.2,7359.3449,17367.19,-6.5963320638,0.265373,0.409229,17.9973,0.8485,-0.0629,0.064672,0.723991,-4.599417,163,0.356918,2465.4642,0.119766,0
273,11.648,8058.49,7305.6973,17238.28,-6.5152000466,0.253848,0.417876,20.9285,0.891,-0.0229,0.063159,0.704487,-2.590995,159,0.368074,2473.0356,0.118667,0
274,11.6907,8157.72,7505.4691,17542.97,-6.9829478772,0.228564,0.381646,16.4144,0.8744,-0.0605,0.069723,0.716602,-8.891507,146,0.353483,2451.0951,0.125259,0
275,11.7333,8249.15,7409.6906,17554.69,-6.6050355549,0.298288,0.412358,19.5116,0.8601,-0.1033,0.064121,0.711234,-5.149437,165,0.361292,2479.4303,0.120132,0
276,11.776,8125.46,7303.6271,17320.31,-6.319329187,0.34444,0.423645,21.5393,0.8853,-0.0575,0.062166,0.695751,-7.31847,166,0.361811,2426.5455,0.116958,0
277,11.8187,8293.44,7384.9178,17496.09,-7.0387655194,0.274193,0.380649,16.0908,0.8839,0.0283,0.069913,0.728814,-3.203312,151,0.363035,2580.1495,0.124527,0
278,11.8613,8368.5,7405.3142,17566.41,-6.9082285788,0.177038,0.385994,16.9345,0.8717,0.0148,0.068903,0.734432,-5.320443,127,0.343525,2529.2997,0.128556,0
279,11.904,8327.33,7422.0405,17507.81,-6.7682371884,0.21372,0.394328,17.7587,0.8453,-0.0844,0.067357,0.720395,-5.4626,153,0.355074,2394.838,0.122207,0
280,11.9467,8301.75,7364.1092,17425.78,-7.2992216006,0.162886,0.365207,13.4694,0.9088,0.1187,0.07291,0.743959,-5.210659,167,0.358239,2622.1737,0.119766,0
281,11.9893,8233.01,7293.3442,17191.41,-6.3659077132,0.384112,0.426188,19.453,0.8732,-0.0267,0.061733,0.702752,-6.470431,162,0.358109,2392.7127,0.127823,0
282,12.032,8261.58,7465.2909,17578.12,-6.7430762935,0.194114,0.399899,17.2675,0.8586,-0.0953,0.066342,0.724619,-4.854229,150,0.370341,2491.6489,0.127213,0
283,12.0747,7962.8,7383.2537,17156.25,-7.100027968,0.325781,0.369511,15.6605,0.9425,0.1339,0.072062,0.718207,-6.298012,145,0.351835,2595.0193,0.121841,0
284,12.1173,8037.29,7404.6532,17238.28,-6.6618177796,0.221994,0.401962,19.1905,0.9016,0.0056,0.065969,0.701368,-5.30994,146,0.354245,2516.3783,0.116958,0
285,12.16,8031.57,7353.9452,17320.31,-5.9464432599,0.207756,0.454374,26.8402,0.8612,-0.1703,0.057098,0.684155,-2.552861,163,0.348283,2551.0455,0.112685,0
286,12.2027,8177.01,7300.602,17367.19,-5.9812462441,0.255683,0.455113,25.2705,0.8473,-0.1776,0.05698,0.713846,-3.336429,166,0.357708,2562.6159,0.110365,0
287,12.2453,7923.11,7340.0369,17308.59,-5.8004555404,0.245913,0.467376,29.6916,0.8838,-0.1553,0.055056,0.66464,-3.199985,142,0.360935,2536.7128,0.118667,0
288,12.288,8168.81,7282.6232,17062.5,-6.564717106,0.27985,0.410235,20.6495,0.8798,0.0317,0.064495,0.703498,-3.505876,154,0.361931,2547.4619,0.125748,0
289,12.3307,8085.43,7353.7022,17191.41,-6.7008843144,0.197378,0.403476,18.6856,0.8905,-0.0095,0.065697,0.707057,-3.310774,142,0.364507,2540.2026,0.119766,0
290,12.3733,8172.88,7401.2444,17296.88,-7.1824330126,0.2679,0.372731,14.4456,0.8975,0.0683,0.071434,0.721547,-5.172103,162,0.369223,2534.7162,0.11708,0
291,12.416,8107.61,7419.7498,17355.47,-6.4766533412,0.305052,0.416995,20.0081,0.8712,-0.0971,0.063311,0.698348,-2.452006,155,0.361665,2522.572,0.116469,0
292,12.4587,8021.41,7306.4637,17156.25,-6.3704671018,0.192122,0.421389,21.9503,0.9175,0.0176,0.062553,0.706232,-4.073527,163,0.37758,2611.8564,0.113051,0
293,12.5013,8016.64,7348.0998,17214.84,-6.6920092854,0.251804,0.397677,18.3996,0.899,-0.0029,0.066745,0.700776,-5.517482,172,0.373667,2540.7088,0.120742,0
294,12.544,8227.85,7352.9324,17367.19,-6.7441225432,0.213135,0.401669,17.6136,0.8448,-0.0825,0.066022,0.718083,-6.681292,162,0.372595,2519.3569,0.127945,0
295,12.5867,8145.15,7330.1236,17203.12,-6.7943888046,0.285051,0.394183,17.3215,0.8776,-0.031,0.067384,0.717549,-3.08717,160,0.346382,2492.9767,0.12294,0
296,12.6293,8251.3,7409.2336,17496.09,-6.5535204129,0.137792,0.413059,18.7729,0.8652,-0.0524,0.063998,0.721197,-4.249112,157,0.361437,2480.5974,0.113173,0
297,12.672,8200.1,7320.9671,17378.91,-6.0790323932,0.269921,0.449397,24.5913,0.8629,-0.1274,0.057895,0.69061,-3.019918,171,0.359979,2553.434,0.114516,0
298,12.7147,8050.69,7293.4843,16863.28,-7.100185797,0.228088,0.372057,15.6424,0.9221,0.1073,0.071565,0.719122,-4.372433,174,0.384287,2498.6978,0.125015,0
299,12.7573,8302.66,7343.8283,17472.66,-6.8740396963,0.292957,0.389638,16.2656,0.9141,0.0742,0.068223,0.73231,-3.087978,143,0.383899,2539.8148,0.127701,0
300,12.8,8340.1,7396.1467,17519.53,-6.0127197373,0.178848,0.451462,25.7138,0.8279,-0.188,0.057563,0.706427,-1.733836,164,0.366968,2568.4547,0.130265,0
301,12.8427,8149.22,7309.9817,17167.97,-6.6479362428,0.19413,0.405968,19.3536,0.8907,-0.0111,0.065251,0.720688,-1.878431,162,0.364613,2651.7313,0.122574,0
302,12.8853,8109.6,7347.2897,17179.69,-6.3068483375,0.241542,0.429264,22.7355,0.8697,-0.08,0.061213,0.701609,-6.877097,155,0.34881,2493.5058,0.119521,0
303,12.928,8220.67,7332.0002,17273.44,-6.2424971503,0.251843,0.434157,21.7626,0.8406,-0.1589,0.060392,0.715632,-6.457377,140,0.358257,2559.9646,0.123916,0
304,12.9707,8126.64,7386.8941,17308.59,-6.3974529693,0.253265,0.423427,20.8531,0.8717,-0.0986,0.062203,0.70043,-4.715299,144,0.355569,2334.4023,0.115371,0
305,13.0133,7736.38,7270.6005,16839.84,-5.7166592399,0.237696,0.472064,30.2449,0.9165,-0.0667,0.054333,0.65629,-3.187446,167,0.369368,2519.9598,0.109877,0
306,13.056,8030.81,7284.8641,17062.5,-5.7523827039,0.248787,0.471734,29.2861,0.8701,-0.1131,0.054384,0.685739,-1.244102,160,0.375653,2505.076,0.113539,0
307,13.0987,7941.92,7245.0431,16851.56,-6.0375245168,0.297594,0.449466,24.906,0.8753,-0.0781,0.057884,0.688358,-7.022734,153,0.36293,2390.7188,0.120132,0
308,13.1413,8227.54,7440.5106,17554.69,-6.7905818655,0.14752,0.401738,18.301,0.8665,-0.094,0.06601,0.721617,-3.414643,163,0.37058,2462.434,0.12294,0
309,13.184,8056.44,7369.8578,17250.0,-6.5286288056,0.449239,0.409671,20.4935,0.8806,-0.0306,0.064594,0.6906,-4.359848,156,0.366872,2491.8358,0.116713,0
310,13.2267,7987.62,7321.0741,17167.97,-6.1085678597,0.215095,0.450411,25.7579,0.88,-0.0897,0.057732,0.673466,-4.028918,160,0.369827,2740.2738,0.119399,0
311,13.2693,8374.41,7339.945,17320.31,-6.4819931573,0.178746,0.417942,19.5979,0.8506,-0.053,0.063147,0.7256,-7.315337,162,0.361688,2491.0197,0.124527,0
312,13.312,8305.49,7343.6227,17378.91,-6.016755182,0.292911,0.446475,25.3895,0.8408,-0.1187,0.058367,0.689449,-2.244312,170,0.37729,2549.6831,0.12294,0
313,13.3547,8260.13,7378.3784,17578.12,-6.0115810811,0.283834,0.453788,25.8551,0.855,-0.1164,0.057191,0.695043,-8.169452,141,0.361104,2635.2088,0.118301,0
314,13.3973,7960.91,7322.0648,17121.09,-5.4897209048,0.300842,0.495505,32.9682,0.8506,-0.2186,0.050825,0.652394,-1.568966,150,0.363673,2400.3997,0.117446,0
315,13.44,8255.21,7389.2732,17367.19,-6.1292464584,0.271982,0.445514,24.5279,0.8854,-0.0436,0.058523,0.722211,-3.612643,162,0.356359,2457.51,0.119277,0
316,13.4827,8272.1,7408.504,17566.41,-6.8692030087,0.317393,0.391899,17.0573,0.8673,-0.028,0.067804,0.713647,-4.340738,171,0.357025,2610.9674,0.114272,0
317,13.5253,7984.38,7351.4821,17039.06,-6.3588273631,0.117051,0.429152,22.7892,0.8767,-0.0781,0.061231,0.693238,-6.673178,136,0.369343,2470.4915,0.115126,0
318,13.568,8069.29,7270.6909,17191.41,-5.6132964966,0.217281,0.479832,30.8176,0.8292,-0.2145,0.053152,0.665131,-2.646796,152,0.372249,2560.2529,0.118911,0
319,13.6107,7903.58,7315.5833,17050.78,-6.6004872637,0.18368,0.418555,20.5899,0.9237,0.0154,0.063041,0.715043,-4.770528,151,0.369204,2520.7903,0.118545,0
320,13.6533,8051.78,7386.6542,17085.94,-7.0203472546,0.244274,0.377712,16.3384,0.8997,0.022,0.070473,0.703192,-4.181585,160,0.36884,2518.5824,0.109144,0
321,13.696,7950.35,7351.4639,17074.22,-6.2761195269,0.268585,0.433949,24.3167,0.9104,-0.0203,0.060427,0.69386,-8.016426,150,0.354266,2523.1553,0.112196,0
322,13.7387,8143.81,7280.6621,17285.16,-5.8144728442,0.302905,0.463478,26.231,0.8333,-0.1936,0.055662,0.68252,-6.588624,155,0.360599,2638.8133,0.116347,0
323,13.7813,8178.43,7447.3708,17402.34,-6.7846719295,0.419734,0.389458,17.255,0.8975,0.0182,0.068257,0.709685,-3.70433,161,0.370898,2552.8677,0.116347,0
324,13.824,8278.37,7380.9446,17355.47,-6.5732136787,0.164919,0.414666,19.4454,0.8498,-0.1005,0.063717,0.715143,-3.357784,145,0.361193,2593.3926,0.116713,0
325,13.8667,8081.96,7286.3568,17167.97,-5.9520722806,0.126691,0.458459,26.0179,0.8794,-0.0439,0.05645,0.684023,-3.118926,173,0.354174,2629.8417,0.112196,0
326,13.9093,7988.56,7417.1769,17273.44,-6.423708697,0.291459,0.42168,21.5758,0.8796,-0.0877,0.062503,0.68966,-3.779756,149,0.363705,2461.9068,0.115371,0
327,13.952,8054.71,7419.5925,17425.78,-6.6275047749,0.193424,0.409076,20.6922,0.8989,-0.0376,0.064699,0.709756,-5.299792,161,0.360804,2520.0177,0.124527,0
328,13.9947,8173.11,7431.5907,17507.81,-6.0911965967,0.261049,0.43522,24.0439,0.8363,-0.1921,0.060215,0.67382,-1.953424,170,0.361262,2640.2164,0.116347,0
329,14.0373,8243.0,7403.4952,17484.38,-6.811808528,0.249841,0.394995,16.9741,0.8868,0.024,0.067235,0.720889,-7.72082,157,0.367838,2391.0692,0.112074,0
330,14.08,8129.99,7379.0185,17273.44,-7.0043434979,0.249944,0.387803,16.2337,0.8962,0.0415,0.068565,0.721734,-7.596779,144,0.359726,2355.7384,0.117934,0
331,14.1227,7961.8,7331.0219,17050.78,-6.4580584214,0.375198,0.407152,20.4272,0.8965,-0.0155,0.065041,0.679559,-1.959496,171,0.36179,2594.6401,0.117324,0
332,14.1653,8143.06,7322.2712,17203.12,-6.6372373519,0.249878,0.406651,18.9897,0.8848,0.0051,0.06513,0.706599,-7.543722,143,0.366907,2525.9513,0.130631,0
333,14.208,8248.4,7345.5344,17296.88,-7.1143971883,0.205571,0.372836,15.2323,0.8803,0.0279,0.071414,0.729566,-6.197669,182,0.376051,2658.5797,0.133439,0
334,14.2507,8384.23,7413.4425,17601.56,-6.7047054327,0.276604,0.405004,17.8453,0.8458,-0.0887,0.065423,0.729187,-3.375185,166,0.356933,2644.013,0.129532,0
335,14.2933,8085.66,7295.0096,17261.72,-6.3406163704,0.189701,0.432697,23.5948,0.8732,-0.0588,0.060636,0.699391,-3.907604,147,0.371844,2686.1213,0.124893,0
336,14.336,8056.97,7372.6683,17167.97,-6.7431957206,0.281365,0.401273,17.9263,0.9189,0.0483,0.066093,0.720014,-8.388823,132,0.366981,2547.252,0.118423,0
337,14.3787,8086.08,7280.6931,17214.84,-5.9117353323,0.331174,0.465832,27.2743,0.8521,-0.1415,0.055295,0.680457,-1.830015,153,0.357279,2435.9447,0.129654,0
338,14.4213,8309.65,7295.56,17531.25,-6.4125150107,0.239109,0.418828,21.1606,0.8673,-0.0426,0.062994,0.729438,-2.010122,164,0.366947,2523.3822,0.132462,0
339,14.464,8116.03,7318.6721,17179.69,-6.7251620989,0.219856,0.409007,18.77,0.8968,0.0175,0.064711,0.728272,-5.988298,151,0.34459,2477.8671,0.122085,0
340,14.5067,8227.0,7350.4417,17273.44,-6.8030593661,0.330078,0.384689,16.3749,0.9054,0.0662,0.069148,0.718923,-3.569947,150,0.374512,2590.5956,0.117812,0
341,14.5493,7962.45,7249.9807,16781.25,-6.7080374922,0.266463,0.392637,17.9155,0.9372,0.1337,0.067668,0.708603,-3.624575,164,0.376753,2575.094,0.113539,0
342,14.592,8287.29,7388.7474,17472.66,-7.1392989366,0.313692,0.369182,15.2066,0.8872,0.0327,0.072126,0.72669,-6.203299,141,0.364728,2562.0094,0.120254,0
343,14.6347,8421.57,7440.0508,17648.44,-6.7700381133,0.270151,0.401614,17.9611,0.8548,-0.0592,0.066032,0.733529,-7.78509,147,0.352226,2452.99,0.132707,0
344,14.6773,8133.45,7395.5353,17261.72,-6.9738312957,0.094293,0.388465,16.9639,0.9003,0.0541,0.068441,0.713994,-6.54618,134,0.363051,2582.8705,0.121963,0
345,14.72,7900.92,7308.5782,17132.81,-5.7270159132,0.30765,0.476521,30.1041,0.8868,-0.1498,0.053653,0.681142,-3.588845,144,0.363903,2571.5198,0.113295,0
346,14.7627,7740.26,7269.6043,16886.72,-5.4415270427,0.219709,0.492602,34.854,0.8745,-0.2101,0.051251,0.625343,-5.570076,157,0.377322,2507.577,0.116591,0
347,14.8053,8217.99,7359.642,17308.59,-7.0455229689,0.322348,0.376888,15.4922,0.8951,0.0692,0.070631,0.724821,-3.503001,188,0.382401,2574.3498,0.120254,0
348,14.848,7945.35,7304.6247,17015.62,-6.4355109244,0.43298,0.416969,21.0978,0.9322,0.063,0.063316,0.699291,-5.150307,157,0.35507,2499.4515,0.114638,0
349,14.8907,7877.77,7388.0703,17109.38,-6.3920180336,0.305278,0.422256,20.1633,0.9362,-0.0144,0.062404,0.683897,-3.940849,163,0.359944,2516.1037,0.107801,0
350,14.9333,7986.86,7292.1694,17132.81,-6.5730699728,0.221491,0.412012,19.3104,0.9019,-0.0204,0.064182,0.701766,-2.483207,162,0.363376,2585.9423,0.114516,0
351,14.976,8149.58,7357.2147,17039.06,-6.3670793762,0.168664,0.427799,22.8504,0.8782,-0.0206,0.06146,0.700673,-7.536824,146,0.364679,2584.3196,0.119888,0
352,15.0187,8060.08,7335.3341,17109.38,-6.6803425135,0.194731,0.405384,19.8181,0.8997,0.0155,0.065356,0.710881,-3.616999,165,0.367917,2496.0208,0.120376,0
353,15.0613,8375.32,7453.8943,17707.03,-6.3144378336,0.253074,0.425905,20.1077,0.8379,-0.1532,0.061781,0.702367,-2.914069,158,0.369073,2458.0452,0.112929,0
354,15.104,8235.09,7310.1434,17179.69,-6.3237608171,0.316349,0.432953,22.9425,0.8693,-0.046,0.060593,0.714538,-3.276084,158,0.352562,2471.9051,0.120986,0
355,15.1467,8302.2,7354.5369,17332.03,-6.526902324,0.321448,0.421367,19.4189,0.8799,-0.0388,0.062557,0.728799,-4.792047,138,0.355976,2475.7986,0.12587,0
356,15.1893,7940.34,7277.2641,17085.94,-6.1455622186,0.211049,0.443851,23.7337,0.8899,-0.0809,0.058794,0.692232,-4.334996,149,0.368042,2471.0493,0.114516,0
357,15.232,7839.58,7338.0956,17015.62,-6.230723058,0.201762,0.432283,23.296,0.9193,-0.0098,0.060705,0.681717,-5.692031,174,0.357846,2588.225,0.112929,0
358,15.2747,8070.97,7433.9959,17285.16,-7.2470798487,0.242861,0.361307,14.4517,0.9425,0.1279,0.073687,0.726205,-6.306463,169,0.360284,2604.157,0.115737,0
359,15.3173,8210.36,7258.9431,17156.25,-6.6167143013,0.334165,0.400735,19.1712,0.8924,0.0637,0.066191,0.723804,-4.726108,180,0.380432,2664.3315,0.120986,0
360,15.36,7981.3,7370.3663,17191.41,-6.4655327721,0.174755,0.412545,20.2766,0.8976,-0.0331,0.064088,0.687253,-5.704763,162,0.380589,2414.0729,0.117446,0
361,15.4027,8094.74,7353.2398,17332.03,-6.3177936776,0.254197,0.425989,21.5481,0.8676,-0.1023,0.061767,0.698678,-7.513481,157,0.367392,2561.7815,0.113783,0
362,15.4453,8305.04,7418.6074,17554.69,-6.7854696365,0.253725,0.397665,17.6567,0.8579,-0.0839,0.066747,0.728544,-5.687404,152,0.369456,2513.4158,0.124283,0
363,15.488,8097.57,7409.1864,17378.91,-6.8336717594,0.278468,0.395611,18.1732,0.8935,-0.0156,0.067122,0.717131,-7.697568,165,0.360217,2505.1952,0.121475,0
364,15.5307,7977.36,7372.7744,17085.94,-6.6612794735,0.172149,0.407654,18.8226,0.9153,0.0167,0.064951,0.711161,-6.470221,173,0.363013,2545.3963,0.115859,0
365,15.5733,8282.14,7334.2822,17191.41,-6.3918989376,0.276989,0.420112,20.9753,0.8839,0.011,0.062773,0.727084,-4.580114,147,0.350459,2551.719,0.123184,0
366,15.616,8052.81,7245.7389,17050.78,-6.3121639386,0.369943,0.423854,22.2493,0.9027,0.026,0.062131,0.703396,-3.808464,162,0.370956,2445.1821,0.119644,0
367,15.6587,7855.88,7333.0398,16980.47,-6.1731267846,0.140705,0.436262,24.2869,0.9218,-0.0093,0.060042,0.678444,-8.985957,141,0.377628,2706.6424,0.114028,0
368,15.7013,8001.57,7276.6828,17109.38,-5.5644669735,0.257088,0.484291,30.9475,0.8512,-0.2009,0.052482,0.652369,-0.330885,157,0.379298,2465.6187,0.114394,0
369,15.744,8267.91,7420.3728,17472.66,-6.8747674311,0.172581,0.390904,15.6235,0.8783,-0.0245,0.067988,0.728638,-6.679231,133,0.372174,2523.9162,0.116469,0
370,15.7867,8007.6,7292.5721,17144.53,-5.6630877862,0.229096,0.466469,29.5581,0.8673,-0.1464,0.055196,0.66602,-1.113628,172,0.38769,2649.6487,0.113661,0
371,15.8293,8263.64,7365.9268,17578.12,-6.757310832,0.135185,0.40011,18.0131,0.8728,-0.0411,0.066303,0.724095,-2.246689,171,0.380011,2543.022,0.114394,0
372,15.872,7933.33,7355.5015,17179.69,-5.9628345293,0.282373,0.455616,28.3147,0.8871,-0.0853,0.0569,0.671223,-2.704597,162,0.368279,2563.1083,0.115004,0
373,15.9147,8155.3,7374.6763,17378.91,-6.0140399352,0.122385,0.45318,25.9332,0.8463,-0.146,0.057288,0.674381,-6.422934,151,0.367581,2605.9175,0.108778,0
374,15.9573,7939.69,7272.2884,16945.31,-5.9349114876,0.274215,0.463966,27.5465,0.8762,-0.1143,0.055586,0.677439,-0.70867,172,0.350923,2541.8199,0.109022,0
375,16.0,8017.88,7454.3143,17402.34,-7.0584536167,0.269616,0.371244,15.7221,0.9144,0.0061,0.071723,0.701969,-4.913513,149,0.373916,2589.1328,0.112563,0
376,16.0427,8076.79,7296.6518,17109.38,-6.5667505552,0.292844,0.413571,19.4608,0.8951,-0.0042,0.063908,0.704756,-2.929314,141,0.369126,2567.3118,0.112929,0
377,16.0853,7833.49,7280.4308,16699.22,-6.6407141479,0.167157,0.403741,20.8496,0.9513,0.1787,0.06565,0.689394,-4.007515,154,0.371205,2498.0666,0.106458,0
378,16.128,7848.51,7254.3786,16968.75,-5.1012782056,0.257927,0.512019,37.9752,0.8475,-0.2444,0.048452,0.605339,-1.546328,152,0.368975,2422.888,0.111708,0
379,16.1707,8162.63,7263.0804,17167.97,-5.951824923,0.297078,0.460706,26.5518,0.867,-0.0761,0.056096,0.702799,-3.710797,140,0.382146,2673.3326,0.120376,0
380,16.2133,7985.65,7316.901,16804.69,-6.1761648944,0.240498,0.434128,24.1146,0.9054,0.0108,0.060397,0.688257,-2.377735,167,0.354261,2625.3741,0.117568,0
381,16.256,8054.4,7322.2566,17039.06,-6.6962059578,0.200745,0.398278,17.2339,0.9252,0.103,0.066636,0.710562,-5.253734,173,0.364037,2498.6837,0.112807,0
382,16.2987,7982.98,7393.2226,17460.94,-6.2746128978,0.22436,0.431182,23.2771,0.8678,-0.1539,0.06089,0.682641,-6.009714,151,0.357468,2528.6214,0.11415,0
383,16.3413,8363.66,7390.2253,17484.38,-6.3810445967,0.241247,0.425173,21.3918,0.8222,-0.1419,0.061906,0.700759,-2.34824,135,0.363692,2544.172,0.116591,0
384,16.384,7975.68,7385.1852,17167.97,-6.6225623946,0.300874,0.405707,20.1557,0.9096,0.0249,0.065298,0.687524,-3.253462,136,0.365385,2429.7353,0.111098,0
385,16.4267,8126.28,7334.7637,17250.0,-6.5268481683,0.238501,0.419282,19.5397,0.869,-0.072,0.062916,0.719847,-4.885092,155,0.351643,2390.5289,0.120986,0
386,16.4693,8524.15,7431.3469,17519.53,-6.9102757468,0.258618,0.386658,16.0488,0.8419,-0.0441,0.068779,0.740303,-2.828768,165,0.358139,2461.6653,0.130753,0
387,16.512,8183.02,7395.089,17402.34,-6.5056886614,0.241313,0.410301,19.4922,0.8699,-0.0785,0.064483,0.703308,-4.060313,168,0.378232,2479.6385,0.125992,0
388,16.5547,8174.49,7388.81,17378.91,-6.915030809,0.310564,0.38541,15.9447,0.9212,0.0772,0.069013,0.726535,-3.396907,185,0.373019,2546.4988,0.116347,0
389,16.5973,8250.76,7392.9211,17378.91,-6.0400314208,0.232696,0.455889,24.8261,0.8185,-0.2013,0.056857,0.690844,-6.767016,157,0.350141,2487.3304,0.113539,0
390,16.64,7917.58,7251.6177,17074.22,-5.7412910421,0.156009,0.466569,29.569,0.8533,-0.153,0.055181,0.662435,-2.021136,166,0.347698,2707.0651,0.113173,0
391,16.6827,8189.18,7229.7277,17039.06,-6.0900341144,0.276476,0.446555,24.8797,0.8564,-0.0471,0.058354,0.70282,-4.875167,144,0.376697,2563.8664,0.11708,0
392,16.7253,8236.21,7364.3632,17425.78,-6.0879409705,0.154751,0.43856,24.9697,0.8563,-0.0969,0.059662,0.705768,-3.023558,162,0.365338,2556.1959,0.120498,0
393,16.768,8276.1,7357.4196,17355.47,-6.9327324141,0.21907,0.384504,16.194,0.8808,0.0017,0.069183,0.730421,-5.839212,154,0.365794,2416.0782,0.120986,0
394,16.8107,8176.91,7331.7072,17121.09,-6.5601662511,0.120077,0.411519,19.0333,0.8722,-0.0224,0.064268,0.71341,-4.509891,148,0.346292,2558.5738,0.127457,0
395,16.8533,8444.5,7457.1413,17718.75,-6.8480908231,0.181525,0.38595,16.6512,0.8484,-0.055,0.068912,0.723193,-1.512068,176,0.367513,2491.5358,0.130875,0
396,16.896,8456.87,7512.5159,17812.5,-6.8836638868,0.250301,0.379518,15.4873,0.8593,-0.041,0.070128,0.715822,-6.152425,141,0.358612,2465.4531,0.130265,0
397,16.9387,7929.58,7259.824,17109.38,-5.2842402776,0.439597,0.506036,33.2571,0.8464,-0.2503,0.049303,0.635487,-0.253364,179,0.345089,2539.102,0.113539,0
398,16.9813,7917.56,7354.8924,17074.22,-6.3899117297,0.302323,0.415891,21.9619,0.8856,-0.0964,0.063503,0.684343,-7.633921,171,0.354128,2761.7817,0.115371,0
399,17.024,8444.58,7372.8087,17671.88,-6.8454892579,0.184928,0.397312,16.1488,0.8571,-0.0356,0.066811,0.733083,-3.869109,162,0.357057,2539.7702,0.129777,0
400,17.0667,8324.0,7427.9426,17554.69,-6.3209678754,0.189489,0.42543,20.99,0.8273,-0.1707,0.061862,0.713122,-4.682717,152,0.363563,2566.6531,0.125504,0
401,17.1093,8312.75,7324.2967,17390.62,-6.5408469982,0.222563,0.409938,19.6701,0.8629,-0.0649,0.064547,0.723379,-6.634723,148,0.372967,2522.669,0.125137,0
402,17.152,8162.21,7336.6444,17378.91,-6.7720062371,0.202631,0.394088,17.809,0.9005,0.0222,0.067401,0.72469,-3.537357,173,0.378108,2462.5235,0.130387,0
403,17.1947,8243.44,7360.4549,17425.78,-6.731835003,0.233155,0.402023,17.6856,0.8822,0.0076,0.065958,0.72395,-5.241847,160,0.364159,2494.7673,0.130631,0
404,17.2373,8354.57,7317.8045,17437.5,-6.4218424702,0.295476,0.417288,20.0375,0.8365,-0.1055,0.063261,0.715155,-3.710374,176,0.373552,2579.1081,0.127701,0
405,17.28,8051.03,7245.9352,17085.94,-6.6833448177,0.228797,0.403036,19.0806,0.9049,0.0523,0.065776,0.710001,-2.279456,168,0.363129,2508.2429,0.122696,0
406,17.3227,8237.46,7457.7792,17460.94,-6.5894523964,0.218451,0.402099,17.368,0.8457,-0.1292,0.065944,0.705716,-3.333175,162,0.366595,2505.8461,0.120742,0
407,17.3653,8436.35,7408.109,17378.91,-7.0941063968,0.201481,0.376487,14.9235,0.8717,0.0454,0.070708,0.733495,-3.386263,166,0.359198,2552.5541,0.121597,0
408,17.408,8020.48,7418.2157,17355.47,-6.7782484786,0.264528,0.397608,18.0221,0.9178,0.0055,0.066758,0.704173,-5.899844,149,0.355693,2524.9631,0.113173,0
409,17.4507,8111.24,7437.6655,17261.72,-6.8993643017,0.274928,0.386803,17.0597,0.8846,0.0068,0.068752,0.701472,-8.84396,137,0.355608,2501.3822,0.113173,0
410,17.4933,7980.26,7309.1845,17167.97,-6.7797310373,0.359562,0.399556,18.4845,0.9147,0.0456,0.066404,0.713685,-5.238494,146,0.351134,2420.8281,0.122329,0
411,17.536,8172.66,7394.2623,17343.75,-6.6200431637,0.260031,0.408472,19.0674,0.8752,-0.0471,0.064806,0.711464,-4.313949,165,0.358174,2449.0943,0.122451,0
412,17.5787,8092.93,7342.206,17203.12,-6.403742086,0.237937,0.42588,21.5524,0.8638,-0.1029,0.061786,0.704223,-3.220186,151,0.36972,2584.9228,0.121475,0
413,17.6213,8285.05,7446.9378,17613.28,-6.6632784405,0.200312,0.405631,17.9785,0.8567,-0.111,0.065311,0.721476,-3.768957,152,0.358619,2585.5296,0.123428,0
414,17.664,8128.93,7417.5987,17531.25,-6.3202894253,0.145544,0.435475,22.492,0.8562,-0.1633,0.060173,0.70451,-6.714785,152,0.366399,2570.8063,0.114272,0
415,17.7067,8072.16,7370.0655,17156.25,-7.0223947394,0.173964,0.383852,16.2059,0.9095,0.0644,0.069306,0.714331,-3.7529,153,0.354883,2542.6514,0.116469,0
416,17.7493,8241.07,7336.5667,17250.0,-6.7939515877,0.29027,0.402813,17.43,0.8715,-0.014,0.065816,0.732035,-7.389681,142,0.346555,2477.5771,0.121475,0
417,17.792,8009.65,7252.038,17085.94,-5.4551357945,0.281849,0.483794,30.8895,0.8272,-0.2551,0.052557,0.648347,-0.661659,150,0.363831,2547.2386,0.118056,0
418,17.8347,8373.92,7465.7968,17554.69,-7.3016981492,0.229218,0.370233,14.1225,0.8692,-0.014,0.071921,0.743604,-6.377884,134,0.378522,2513.8815,0.121719,0
419,17.8773,8139.45,7360.973,17496.09,-6.2548471972,0.292529,0.432651,22.7077,0.8798,-0.077,0.060644,0.68769,-3.877339,157,0.349806,2535.9213,0.121841,0
420,17.92,8288.21,7364.6806,17554.69,-6.2624573186,0.28428,0.43823,21.2503,0.8235,-0.1912,0.059716,0.707306,-5.952734,153,0.367254,2550.0367,0.116225,0
421,17.9627,8351.06,7410.8245,17449.22,-6.0118743194,0.285846,0.452336,24.1919,0.8291,-0.1582,0.057423,0.693741,-4.146393,141,0.355687,2447.6072,0.116347,0
422,18.0053,8226.98,7328.4486,17402.34,-6.3257198976,0.302521,0.434033,22.2881,0.8506,-0.12,0.060413,0.702897,-7.4155,161,0.356561,2542.7939,0.12355,0
423,18.048,8370.52,7267.7293,17332.03,-5.88784736,0.150797,0.467429,27.9267,0.8119,-0.1665,0.055047,0.685874,-1.8061,166,0.349132,2554.9627,0.125992,0
424,18.0907,8044.17,7287.1546,17062.5,-6.5463438203,0.187649,0.421251,19.9719,0.8809,-0.0548,0.062577,0.713183,-5.071073,171,0.358755,2505.3572,0.126602,0
425,18.1333,8276.0,7428.3945,17648.44,-6.1977315306,0.246434,0.435365,21.7908,0.8371,-0.1868,0.060191,0.69585,-2.578791,160,0.366044,2502.1167,0.119033,0
426,18.176,8172.32,7364.8351,17449.22,-6.0806841404,0.350796,0.448308,24.8555,0.8618,-0.1332,0.058071,0.691135,-4.32391,169,0.367975,2483.7812,0.113906,0
427,18.2187,7953.88,7312.4989,17144.53,-5.3635440065,0.196939,0.502116,35.7261,0.8184,-0.2937,0.049866,0.61797,-0.227065,168,0.370562,2443.239,0.112685,0
428,18.2613,8116.32,7373.4139,17308.59,-5.871179911,0.318666,0.456927,26.8749,0.8577,-0.1446,0.056692,0.695418,-6.191599,147,0.373398,2540.1208,0.110121,0
429,18.304,7855.99,7253.3214,16910.16,-6.0641360804,0.244687,0.444813,25.8596,0.9125,-0.0257,0.058637,0.684965,-2.659509,154,0.383744,2588.3186,0.110609,0
430,18.3467,8175.01,7365.8671,17414.06,-6.2356424979,0.198446,0.426376,21.668,0.8507,-0.1514,0.061701,0.699099,-5.201652,160,0.377529,2541.0553,0.116225,0
431,18.3893,8008.88,7268.5572,17238.28,-6.0105699148,0.445455,0.444989,25.3526,0.8783,-0.0862,0.058608,0.691913,-4.43522,134,0.371545,2606.2559,0.12355,0
432,18.432,7988.7,7418.5541,17308.59,-6.7300073275,0.136426,0.397611,17.7986,0.8782,-0.0785,0.066757,0.696451,-6.478175,151,0.374961,2452.9416,0.11769,0
433,18.4747,7938.64,7270.3055,17167.97,-5.6619243765,0.265309,0.480917,30.087,0.8642,-0.1715,0.052988,0.669393,-3.61676,160,0.376166,2391.7569,0.117202,0
434,18.5173,8139.01,7281.7238,17074.22,-6.1704305213,0.216906,0.446717,24.5171,0.8802,-0.0427,0.058328,0.713005,-2.051272,156,0.366452,2506.2226,0.120498,0
435,18.56,8043.35,7288.2618,17109.38,-6.3668968516,0.195163,0.429404,21.6941,0.9072,0.009,0.061189,0.717394,-8.040622,142,0.367212,2452.9663,0.115737,0
436,18.6027,8135.35,7374.0456,17449.22,-6.0874405435,0.188186,0.443665,23.1244,0.8463,-0.1604,0.058824,0.683665,-4.25449,164,0.352369,2525.0528,0.11476,0
437,18.6453,7867.03,7344.5173,17109.38,-5.6657417292,0.289398,0.470156,29.5331,0.8603,-0.2293,0.054626,0.662085,-2.821792,148,0.379341,2510.7943,0.113295,0
438,18.688,8275.04,7369.9516,17449.22,-6.5620315355,0.308661,0.406007,19.0998,0.8641,-0.0503,0.065244,0.70389,-2.315749,168,0.370563,2475.4094,0.120864,0
439,18.7307,8128.47,7424.2194,17425.78,-6.5677817202,0.16376,0.417629,20.1142,0.8697,-0.0948,0.063202,0.692984,-5.94525,137,0.37667,2427.8619,0.129166,0
440,18.7733,8203.0,7350.0088,17343.75,-6.6181166874,0.172971,0.411715,18.5344,0.8671,-0.0678,0.064234,0.714025,-2.126989,177,0.372583,2482.5725,0.126602,0
441,18.816,8262.27,7320.0825,17296.88,-6.4924007591,0.100672,0.41894,20.0433,0.8539,-0.0655,0.062975,0.717287,-7.865386,151,0.370591,2514.9872,0.121353,0
442,18.8587,8247.87,7419.6446,17437.5,-7.3683323354,0.290264,0.362383,13.0969,0.9131,0.1078,0.073472,0.740768,-7.910439,139,0.361678,2451.5339,0.118667,0
443,18.9013,8057.68,7352.5166,17214.84,-6.2465418147,0.223982,0.429451,23.5945,0.8771,-0.0832,0.061181,0.682976,-3.593051,156,0.367397,2464.3964,0.115004,0
444,18.944,7867.3,7220.2781,16792.97,-6.665910867,0.206601,0.407205,19.439,0.9517,0.1412,0.065031,0.705848,-5.527889,168,0.367548,2498.9131,0.11244,0
445,18.9867,7994.09,7225.3733,17015.62,-6.1628070657,0.249961,0.438667,24.6955,0.9087,0.0023,0.059644,0.69982,-1.049929,179,0.379931,2590.0051,0.118667,0
446,19.0293,8124.11,7305.2415,17261.72,-6.5463398124,0.344963,0.407691,18.8147,0.8661,-0.0646,0.064945,0.709986,-6.587339,135,0.391135,2534.9974,0.119888,0
447,19.072,7968.09,7331.782,17191.41,-6.3945660689,0.204259,0.426817,22.382,0.8969,-0.0398,0.061626,0.694694,-3.889185,155,0.377582,2577.6538,0.111586,0
448,19.1147,8034.28,7314.9048,17226.56,-6.2138022715,0.171398,0.431413,21.8173,0.8776,-0.0917,0.060851,0.693143,-4.911716,147,0.384711,2491.8276,0.112685,0
449,19.1573,7891.09,7260.7507,17109.38,-5.1953071258,0.122898,0.509159,37.5411,0.8441,-0.2713,0.048858,0.627932,-1.291905,151,0.372161,2491.7803,0.10304,0
450,19.2,7994.16,7312.5264,17191.41,-5.9529652328,0.22114,0.456277,25.9818,0.8739,-0.1218,0.056795,0.683819,-7.225444,153,0.371409,2469.8117,0.09486,0
451,19.2427,7938.58,7317.902,17332.03,-5.4609603281,0.262435,0.494951,35.3107,0.8715,-0.1932,0.050906,0.630574,-0.394353,153,0.354123,2614.566,0.11183,0
452,19.2853,8451.91,7455.7768,17824.22,-6.9628576995,0.233872,0.382295,15.3909,0.8614,-0.0287,0.0696,0.735812,-3.635194,151,0.368992,2667.8519,0.124405,0
453,19.328,8184.75,7355.3212,17355.47,-6.8443715457,0.33837,0.390599,16.5082,0.8961,0.0191,0.068045,0.72981,-8.219667,166,0.371467,2551.0151,0.120132,0
454,19.3707,8221.64,7366.9429,17390.62,-6.6172300336,0.398522,0.405038,17.5853,0.8495,-0.103,0.065417,0.702627,-4.360896,166,0.369467,2465.082,0.117202,0
455,19.4133,7971.3,7215.6822,16875.0,-5.5911553729,0.255122,0.488118,32.3953,0.8677,-0.1223,0.051912,0.651012,-0.306521,151,0.367787,2563.467,0.111464,0
456,19.456,8065.09,7312.0909,17109.38,-6.2575059147,0.237818,0.43162,22.8877,0.8854,-0.0606,0.060816,0.695702,-7.013571,143,0.365406,2475.6637,0.116347,0
457,19.4987,8166.07,7385.4437,17542.97,-6.547239654,0.242005,0.400484,18.7301,0.8944,-0.0227,0.066236,0.707252,-3.886161,160,0.372298,2554.6095,0.123672,0
458,19.5413,8186.81,7323.6378,17285.16,-6.0258141423,0.357405,0.447467,25.418,0.8398,-0.1641,0.058207,0.694137,-4.539325,135,0.36397,2587.5166,0.114272,0
459,19.584,7923.09,7310.6948,16957.03,-6.2018636833,0.291178,0.438762,23.762,0.8889,-0.0619,0.059628,0.679994,-5.707612,163,0.371101,2594.7323,0.11415,0
460,19.6267,8040.47,7338.6519,17285.16,-5.5747572768,0.261715,0.4824,31.8242,0.8483,-0.1924,0.052765,0.647923,-6.602977,150,0.359513,2566.17,0.109755,0
461,19.6693,7659.16,7239.8129,16886.72,-5.4992281505,0.248853,0.491409,33.5614,0.8857,-0.1937,0.051426,0.637711,-1.839922,164,0.366418,2405.8938,0.10597,0
462,19.712,8063.02,7401.3885,17472.66,-6.6708351266,0.276757,0.407422,18.0735,0.8894,-0.0566,0.064993,0.707924,-8.735999,148,0.367163,2462.26,0.108656,0
463,19.7547,8048.64,7302.7893,17214.84,-5.1805877936,0.216902,0.511955,37.9222,0.8124,-0.2936,0.048461,0.612838,-0.910081,150,0.375649,2564.8241,0.107069,0
464,19.7973,8107.58,7308.0056,17214.84,-5.9254476408,0.214714,0.461009,27.7058,0.8564,-0.1403,0.056048,0.683063,-4.786505,155,0.388003,2476.2849,0.113661,0
465,19.84,7930.89,7297.0725,17003.91,-6.0224774819,0.17851,0.445163,24.5644,0.8781,-0.1251,0.05858,0.690595,-1.528889,152,0.382657,2479.1713,0.120132,0
466,19.8827,7953.08,7308.043,17296.88,-5.888757702,0.233307,0.452923,26.6042,0.8745,-0.1604,0.057329,0.667498,-3.946198,166,0.379478,2600.9295,0.112196,0
467,19.9253,7873.8,7302.4003,17074.22,-5.7567077784,0.308923,0.466185,30.4033,0.8787,-0.1417,0.05524,0.659105,-3.689072,143,0.366055,2524.3954,0.105115,0
468,19.968,7970.57,7312.3213,17191.41,-6.1095177447,0.274954,0.441992,24.3037,0.8761,-0.1019,0.059098,0.678471,-8.488103,157,0.36155,2698.8321,0.113661,0
469,20.0107,8251.47,7277.1798,17261.72,-5.9785881503,0.180055,0.452652,25.2748,0.8093,-0.2154,0.057373,0.705004,-3.091566,159,0.362185,2606.3848,0.115126,0
470,20.0533,8095.15,7304.4717,17179.69,-5.3437159715,0.249152,0.498116,34.833,0.8321,-0.2304,0.050445,0.652371,-3.277202,128,0.376448,2368.3799,0.111586,0
471,20.096,8350.68,7339.8132,17519.53,-6.0607993638,0.227968,0.443666,23.3044,0.8243,-0.1819,0.058824,0.707853,-3.671855,165,0.361539,2525.7759,0.116347,0
472,20.1387,7838.33,7298.5635,16992.19,-6.7149221804,0.329212,0.400843,19.1916,0.9519,0.0972,0.066171,0.697021,-5.194329,150,0.376751,2468.9846,0.12062,0
473,20.1813,7909.23,7398.244,17144.53,-6.7315080426,0.354649,0.401285,18.393,0.9412,0.0537,0.066091,0.702862,-6.270828,149,0.356988,2386.6128,0.122818,0
474,20.224,8039.99,7394.4487,17214.84,-6.8531037076,0.326605,0.390386,16.5436,0.9011,0.0035,0.068084,0.707839,-6.271311,158,0.372966,2553.8595,0.119399,0
475,20.2667,8031.81,7336.4064,17238.28,-6.0759992939,0.253204,0.450027,25.5116,0.8682,-0.1294,0.057794,0.696532,-4.416052,139,0.351308,2406.3997,0.117568,0
476,20.3093,8180.93,7357.0367,17191.41,-6.3694438468,0.263205,0.430783,21.4076,0.87,-0.064,0.060957,0.702161,-5.09172,152,0.350529,2482.3982,0.12062,0
477,20.352,8265.25,7372.8193,17402.34,-6.2010727746,0.291581,0.438265,23.877,0.8345,-0.1311,0.059711,0.693212,-3.771956,155,0.358171,2626.6563,0.114638,0
478,20.3947,8125.08,7289.6884,17273.44,-5.9973995914,0.324387,0.45298,26.3363,0.8609,-0.1099,0.05732,0.679597,-1.794447,135,0.357496,2525.6384,0.115371,0
479,20.4373,8090.99,7400.4641,17343.75,-6.2224184906,0.293552,0.429476,21.8023,0.8812,-0.0982,0.061177,0.679564,-1.976706,136,0.358662,2522.0962,0.119521,0
480,20.48,8244.42,7408.0926,17566.41,-6.5314391238,0.336295,0.420081,19.3166,0.8677,-0.0983,0.062778,0.728646,-4.380621,159,0.385981,2458.0597,0.11708,0
481,20.5227,7785.05,7325.11,17062.5,-6.1565354442,0.314448,0.437442,25.2266,0.9243,-0.0203,0.059847,0.67635,-3.835822,182,0.358342,2477.786,0.120254,0
482,20.5653,8184.04,7335.4287,17250.0,-6.4351401454,0.124978,0.418373,20.6894,0.8698,-0.0406,0.063073,0.707277,-3.314153,157,0.35725,2515.5621,0.119155,0
483,20.608,8326.0,7365.5764,17449.22,-5.8347189055,0.180915,0.462186,26.7411,0.8152,-0.2164,0.055864,0.695941,-4.398209,153,0.364579,2593.5604,0.12648,0
484,20.6507,8130.06,7286.6561,17238.28,-5.7793591278,0.214379,0.476267,28.718,0.8664,-0.1079,0.053692,0.688934,-2.01156,157,0.348976,2564.2547,0.121475,0
485,20.6933,7827.89,7245.4942,16757.81,-6.1225294381,0.23487,0.439376,25.4681,0.9282,0.0351,0.059527,0.668934,-1.061252,153,0.3639,2432.912,0.11122,0
486,20.736,8320.4,7305.1115,17390.62,-6.5120175207,0.282593,0.414295,19.0179,0.8627,-0.0349,0.063782,0.723626,-4.28251,142,0.373001,2558.9361,0.120132,0
487,20.7787,8401.25,7452.6859,17601.56,-6.8220502185,0.297933,0.392354,16.4232,0.8528,-0.064,0.06772,0.722162,-7.555609,138,0.354189,2556.4054,0.1288,0
488,20.8213,8241.17,7337.203,17414.06,-6.3432066614,0.26401,0.424451,21.0726,0.8527,-0.1017,0.062029,0.70626,-4.124688,143,0.359158,2497.552,0.124527,0
489,20.864,8073.35,7288.805,17238.28,-5.2626510581,0.226708,0.514134,34.63,0.8202,-0.2634,0.048154,0.627839,-0.371691,156,0.364572,2456.2144,0.11415,0
490,20.9067,8101.73,7373.3399,17343.75,-6.7536110444,0.37168,0.394451,17.7599,0.8891,-0.0097,0.067335,0.707381,-5.832782,158,0.367995,2535.251,0.110975,0
491,20.9493,8076.94,7367.5631,17308.59,-6.6718712966,0.266268,0.402845,17.101,0.9059,0.028,0.06581,0.707866,-5.397882,146,0.372641,2466.8321,0.108045,0
492,20.992,7846.98,7410.3844,17109.38,-6.5552429133,0.225955,0.406526,19.1856,0.9342,0.0501,0.065152,0.676425,-5.504811,145,0.371543,2508.3831,0.112563,0
493,21.0347,8314.71,7398.4537,17460.94,-6.5081319948,0.304976,0.412094,19.6599,0.8424,-0.0978,0.064167,0.711885,-5.364769,171,0.370142,2500.6164,0.118301,0
494,21.0773,7864.96,7301.1154,16886.72,-6.2702482685,0.369668,0.423881,21.9796,0.9204,0.0009,0.062126,0.672817,-2.054935,157,0.375956,2592.233,0.120742,0
495,21.12,8069.46,7388.836,17332.03,-6.2263226634,0.209118,0.432719,23.4225,0.8678,-0.1055,0.060632,0.687085,-6.770242,155,0.375262,2552.6273,0.115126,0
496,21.1627,8188.77,7435.6154,17660.16,-6.3497941284,0.285986,0.423099,21.2302,0.8559,-0.1592,0.06226,0.701287,-4.028423,162,0.366045,2517.0851,0.12062,0
497,21.2053,8274.95,7326.1234,17390.62,-6.7307881901,0.258983,0.400755,17.2747,0.8666,-0.0369,0.066187,0.736173,-6.581623,150,0.363559,2581.199,0.122451,0
498,21.248,7994.48,7336.1898,17296.88,-6.4845852744,0.316782,0.41458,20.9585,0.905,-0.0045,0.063732,0.694237,-3.21566,148,0.366863,2577.8209,0.113906,0
499,21.2907,7913.66,7343.0765,17156.25,-6.4685176271,0.249947,0.413273,20.9994,0.9207,0.0026,0.06396,0.698209,-3.122331,175,0.389175,2550.4092,0.116469,0
500,21.3333,8090.3,7398.2523,17343.75,-5.8861030355,0.298908,0.459896,27.0029,0.8475,-0.1741,0.056223,0.67759,-5.257781,145,0.372143,2621.3924,0.115004,0
501,21.376,8014.52,7432.9191,17238.28,-5.9386048874,0.267404,0.442696,25.1168,0.8715,-0.1319,0.058982,0.670504,-4.430351,147,0.375583,2588.8568,0.119277,0
502,21.4187,8327.51,7399.725,17613.28,-6.3143424613,0.347396,0.428122,21.0915,0.8564,-0.0927,0.061405,0.715877,-8.730787,145,0.35907,2485.5558,0.125382,0
503,21.4613,8299.03,7412.8065,17554.69,-6.2822179047,0.197934,0.435475,21.3217,0.8335,-0.1878,0.060173,0.717857,-5.181746,147,0.357153,2442.2976,0.125626,0
504,21.504,8223.87,7364.4728,17425.78,-6.5180441716,0.243551,0.421991,20.4564,0.8898,-0.0303,0.062449,0.715919,-6.440323,142,0.335477,2501.5329,0.117568,0
505,21.5467,7761.93,7289.2281,16898.44,-6.4386955186,0.370898,0.410875,22.2763,0.9626,0.0824,0.064382,0.688257,-4.060563,143,0.358736,2446.4991,0.110609,0
506,21.5893,7979.65,7306.6205,16968.75,-6.206473294,0.141652,0.435856,23.3587,0.9016,0.0016,0.060109,0.678706,0.067113,155,0.376764,2443.6139,0.115248,0
507,21.632,8283.2,7374.2771,17496.09,-6.2035226344,0.327137,0.437368,22.6223,0.836,-0.1631,0.059859,0.697788,-2.308659,171,0.384088,2448.9762,0.118301,0
508,21.6747,8069.29,7287.8594,17097.66,-6.2249646902,0.185955,0.438242,23.5806,0.8894,-0.0169,0.059714,0.688224,-2.067855,146,0.355474,2529.8887,0.116958,0
509,21.7173,8084.42,7281.1957,17132.81,-5.8028539467,0.232808,0.469339,28.4047,0.8703,-0.0746,0.054752,0.676539,-1.169429,154,0.366733,2431.0316,0.116591,0
510,21.76,8043.22,7419.5413,17191.41,-6.4433061222,0.270274,0.416459,20.1949,0.884,-0.0705,0.063405,0.69449,-6.036191,156,0.366598,2423.618,0.118423,0
511,21.8027,8358.68,7381.1084,17472.66,-6.4459875303,0.32247,0.416601,19.5687,0.8439,-0.104,0.06338,0.707008,-2.329612,168,0.365347,2518.8698,0.121841,0
512,21.8453,8194.35,7360.5833,17027.34,-6.6905108794,0.205312,0.40346,18.5704,0.845,-0.076,0.0657,0.714285,-8.638391,165,0.350388,2675.3237,0.12587,0
513,21.888,8302.11,7448.1876,17484.38,-7.0065523359,0.1961,0.38351,15.5738,0.8775,-0.0172,0.069371,0.730597,-7.253561,139,0.358387,2595.5244,0.12355,0
514,21.9307,7878.36,7339.1079,17296.88,-6.3057781888,0.363017,0.424519,22.1669,0.9051,-0.0719,0.062017,0.682366,-5.904031,153,0.373751,2559.9089,0.118667,0
515,21.9733,8259.52,7453.83,17554.69,-6.8769873539,0.167337,0.38876,16.4588,0.8547,-0.0842,0.068386,0.718829,-8.450101,144,0.379843,2599.9712,0.119033,0
516,22.016,7964.24,7366.0486,17179.69,-7.2032793133,0.295822,0.370024,15.2447,0.9564,0.1507,0.071962,0.721031,-4.972767,180,0.360901,2511.1982,0.11769,0
517,22.0587,8092.71,7355.6443,17437.5,-6.4537659993,0.236713,0.42733,21.8456,0.8928,-0.0399,0.061539,0.723732,-2.84424,157,0.36379,2444.2813,0.119888,0
518,22.1013,8271.86,7390.5411,17507.81,-6.3851004326,0.27153,0.425783,20.6089,0.8323,-0.1449,0.061802,0.699889,-4.517284,155,0.35824,2531.6757,0.123428,0
519,22.144,8172.72,7407.4661,17402.34,-6.6541408248,0.329541,0.405753,18.7943,0.8694,-0.0513,0.06529,0.699214,-3.689642,152,0.352615,2475.6147,0.115126,0
520,22.1867,8131.8,7390.5341,17531.25,-5.9805367237,0.200035,0.452073,25.8361,0.8584,-0.1562,0.057465,0.690079,-5.276895,154,0.375649,2463.5855,0.111952,0
521,22.2293,8185.06,7358.1164,17332.03,-6.0105099114,0.233598,0.45197,24.9809,0.8309,-0.1847,0.057482,0.679512,-5.328679,150,0.373546,2477.8432,0.12355,0
522,22.272,8052.23,7411.9789,17402.34,-6.724319728,0.202173,0.396995,18.7424,0.9108,-0.0029,0.066869,0.710103,-3.727289,159,0.366509,2600.8418,0.119155,0
523,22.3147,8058.25,7334.6314,17226.56,-5.9880310672,0.256327,0.448899,26.2338,0.8561,-0.1395,0.057975,0.659498,-5.899559,144,0.374326,2394.7496,0.114394,0
524,22.3573,8135.05,7334.9763,17179.69,-6.7786058409,0.303734,0.39678,17.9275,0.891,0.0175,0.066908,0.713381,-4.047069,176,0.370578,2560.264,0.116347,0
525,22.4,7908.07,7323.3012,17062.5,-6.7097017782,0.187092,0.398752,18.3916,0.9302,0.0565,0.066549,0.705479,-7.570518,171,0.364975,2545.257,0.122574,0
526,22.4427,8453.47,7436.9765,17660.16,-6.7398044195,0.195878,0.39571,17.4354,0.8371,-0.0997,0.067104,0.724059,-3.419369,149,0.37349,2516.8079,0.13173,0
527,22.4853,8139.51,7379.3564,17226.56,-7.1002242805,0.310243,0.377073,15.1547,0.9113,0.0619,0.070596,0.729387,-4.161141,151,0.348125,2529.2467,0.128434,0
528,22.528,8139.75,7338.1717,17085.94,-6.9893671313,0.194424,0.382957,16.8923,0.9047,0.1235,0.069475,0.72051,-4.447858,152,0.354081,2516.3269,0.123428,0
529,22.5707,8343.56,7435.7612,17589.84,-6.5929398327,0.239413,0.407099,17.7451,0.8085,-0.1888,0.06505,0.701089,-5.945979,143,0.360518,2514.3023,0.120376,0
530,22.6133,8266.7,7438.2677,17507.81,-6.4768730763,0.174345,0.417722,20.0291,0.8244,-0.1607,0.063186,0.6974,-3.90512,164,0.356306,2473.7881,0.118301,0
531,22.656,7857.41,7303.6163,17039.06,-6.4731137087,0.391886,0.412854,21.5148,0.9317,0.0456,0.064034,0.686095,-1.53759,166,0.364027,2478.2096,0.118911,0
532,22.6987,7816.17,7225.2214,16886.72,-5.9393972342,0.288748,0.454755,27.6021,0.9057,-0.0018,0.057037,0.656838,-3.128887,156,0.366246,2412.4981,0.116103,0
533,22.7413,7845.49,7311.7714,17003.91,-6.1944598794,0.190035,0.443097,23.7494,0.8807,-0.1115,0.058917,0.658405,-8.44501,146,0.361889,2512.4006,0.117812,0
534,22.784,8317.77,7401.8862,17496.09,-7.0128171731,0.221409,0.382372,15.5853,0.8641,-0.0431,0.069586,0.73307,-4.805811,157,0.376378,2440.1953,0.124039,0
535,22.8267,7873.62,7226.3031,16710.94,-6.4793293724,0.285259,0.410888,21.6925,0.9459,0.1373,0.064379,0.69611,-5.472714,155,0.380268,2559.0927,0.121231,0
536,22.8693,8231.54,7467.9467,17636.72,-6.8181405488,0.231068,0.392359,16.8379,0.8605,-0.0988,0.067719,0.710734,-6.019281,163,0.366573,2496.8115,0.123306,0
537,22.912,8234.97,7397.004,17566.41,-6.5540068335,0.394415,0.406964,19.0056,0.8798,-0.0555,0.065074,0.717442,-4.890887,158,0.357514,2512.1285,0.122329,0
538,22.9547,8049.54,7374.7579,17355.47,-6.2439208794,0.263106,0.432649,23.0747,0.8748,-0.0848,0.060644,0.694805,-4.605425,150,0.38151,2468.4464,0.111952,0
539,22.9973,8076.74,7280.9634,17332.03,-5.4292249846,0.180874,0.504026,30.1219,0.8337,-0.2514,0.049591,0.680927,-3.310363,143,0.360902,2342.0532,0.110365,0
540,23.04,8061.72,7310.0004,17226.56,-5.9539785307,0.294143,0.454214,25.852,0.8681,-0.1219,0.057123,0.685516,-2.231517,162,0.36965,2596.2549,0.115615,0
541,23.0827,8088.25,7351.5498,17320.31,-6.3443700389,0.171211,0.427874,21.8206,0.8762,-0.0946,0.061447,0.704698,-4.090169,165,0.375707,2514.8108,0.11769,0
542,23.1253,7615.04,7286.169,16757.81,-6.4353102028,0.227501,0.425688,22.926,0.9773,0.0985,0.061818,0.697961,-4.701053,168,0.365875,2560.5196,0.113661,0
543,23.168,8052.49,7363.1752,17261.72,-6.4045394556,0.318667,0.420503,20.768,0.8924,-0.05,0.062705,0.704232,-6.767868,158,0.365048,2521.0701,0.11476,0
544,23.2107,7974.47,7332.5694,17332.03,-5.7601604267,0.333108,0.469709,29.2312,0.87,-0.1695,0.054695,0.669458,-1.774843,161,0.347097,2440.4365,0.119521,0
545,23.2533,7830.14,7269.881,16816.41,-6.9600584895,0.241323,0.387323,18.1475,0.9692,0.19,0.068655,0.713414,-6.121302,148,0.380652,2615.0586,0.114638,0
546,23.296,7883.88,7340.4888,17097.66,-6.2594212703,0.240259,0.428665,22.1546,0.8874,-0.1021,0.061314,0.685269,-5.630152,154,0.364496,2525.8808,0.111708,0
547,23.3387,8294.09,7416.7059,17636.72,-6.5662460276,0.30148,0.414889,20.0356,0.8476,-0.1301,0.063678,0.705805,-1.674959,155,0.358268,2475.1962,0.12001,0
548,23.3813,8143.5,7398.6485,17343.75,-6.4927234307,0.222657,0.416589,20.7684,0.8702,-0.0912,0.063382,0.703764,-7.696791,139,0.359575,2420.4398,0.122574,0
549,23.424,8366.96,7421.7316,17531.25,-6.5435224898,0.282293,0.409801,18.8258,0.846,-0.0944,0.064571,0.7134,-4.837972,157,0.360595,2546.1868,0.119888,0
550,23.4667,8205.74,7365.1679,17460.94,-6.1313212271,0.315521,0.44234,24.7182,0.8415,-0.1533,0.059041,0.694642,-6.327541,146,0.363483,2541.9693,0.111464,0
551,23.5093,8016.36,7330.6083,17238.28,-6.1478037241,0.212945,0.441778,23.7137,0.8857,-0.0748,0.059133,0.69578,-3.589041,166,0.370774,2640.7635,0.112563,0
552,23.552,8025.16,7442.086,17343.75,-6.2386642361,0.182312,0.431399,22.7488,0.8757,-0.0995,0.060854,0.665234,-3.064511,148,0.383196,2598.9975,0.115371,0
553,23.5947,7937.68,7284.676,17074.22,-5.7912712907,0.33639,0.465754,29.628,0.8745,-0.0997,0.055307,0.65874,-2.00971,156,0.355677,2617.5562,0.1089,0
554,23.6373,7929.35,7371.483,17015.62,-6.8483871069,0.217768,0.394966,18.5547,0.9289,0.0727,0.06724,0.695118,-7.32525,159,0.363252,2547.5242,0.110731,0
555,23.68,7964.34,7399.0384,17355.47,-6.175445751,0.123591,0.435737,23.5836,0.8871,-0.1135,0.060129,0.687553,-2.560841,163,0.366584,2573.4726,0.11122,0
556,23.7227,8254.1,7375.8636,17472.66,-6.6831497379,0.288716,0.403152,18.3547,0.8819,-0.0083,0.065755,0.712299,-5.197455,141,0.378142,2442.2309,0.113295,0
557,23.7653,8031.31,7262.936,17003.91,-5.943839999,0.180788,0.45568,27.592,0.8814,-0.0593,0.05689,0.671972,-5.683816,149,0.368683,2467.6222,0.118301,0
558,23.808,8022.79,7375.022,17214.84,-6.3529396849,0.255803,0.421424,21.8037,0.8635,-0.0903,0.062547,0.680258,-4.163159,154,0.379095,2540.5238,0.120254,0
559,23.8507,8165.59,7359.2555,17390.62,-5.7705700896,0.283806,0.470922,26.8338,0.8452,-0.18,0.054509,0.681771,-2.342104,144,0.36612,2531.2009,0.109877,0
560,23.8933,7945.66,7146.2634,16945.31,-5.2366986578,0.307915,0.509097,33.8939,0.8514,-0.1998,0.048867,0.646464,0.083272,188,0.371412,2510.8424,0.104993,0
561,23.936,7929.76,7311.8206,17003.91,-6.8413162073,0.280916,0.389241,17.0115,0.9115,0.0095,0.068297,0.70284,-4.800307,176,0.397685,2489.8176,0.109266,0
562,23.9787,8040.9,7295.4682,17203.12,-6.0322275859,0.219689,0.442924,24.0867,0.8768,-0.0838,0.058945,0.679709,-6.949157,160,0.390126,2543.2139,0.117934,0
563,24.0213,8230.7,7420.4382,17472.66,-6.7118421092,0.177073,0.398467,17.7487,0.8897,-0.0189,0.066601,0.708978,-5.719122,134,0.365796,2514.5725,0.123794,0
564,24.064,8190.46,7402.1786,17425.78,-6.5753823571,0.305956,0.408016,19.3837,0.8622,-0.1,0.064887,0.708078,-7.083599,149,0.36632,2544.7542,0.118056,0
565,24.1067,8087.97,7337.2935,17144.53,-6.7745453736,0.235822,0.396282,17.1194,0.9094,0.0542,0.066999,0.707725,-7.599992,152,0.357428,2525.1886,0.121353,0
566,24.1493,8306.36,7357.6708,17472.66,-7.1055555931,0.259531,0.37345,14.6702,0.8922,0.0387,0.071295,0.739462,-7.295009,144,0.366655,2530.8161,0.128556,0
567,24.192,8360.17,7377.3542,17648.44,-7.1490150052,0.197681,0.370651,14.83,0.8954,0.0702,0.071839,0.745443,-3.565361,164,0.354557,2512.9749,0.13112,0
568,24.2347,7991.73,7350.8311,17273.44,-6.854423362,0.253238,0.395678,17.3736,0.9296,0.0575,0.06711,0.72178,-6.571776,146,0.353285,2485.8711,0.124527,0
569,24.2773,8053.51,7336.6938,17238.28,-6.1920526633,0.341334,0.438007,23.2161,0.8854,-0.085,0.059753,0.696057,-7.609334,146,0.370492,2542.4559,0.114272,0
570,24.32,7871.54,7263.2258,17003.91,-5.3659335287,0.247985,0.492743,33.6338,0.8783,-0.1552,0.05123,0.6491,-0.730655,155,0.378681,2588.1539,0.107069,0
571,24.3627,8066.77,7283.6152,17214.84,-5.978003808,0.166081,0.466412,27.2015,0.8592,-0.1401,0.055205,0.689592,-5.205918,148,0.366738,2436.3464,0.110975,0
572,24.4053,8014.27,7366.3777,17226.56,-6.4281858547,0.364115,0.420979,21.7663,0.9134,0.016,0.062623,0.693181,-3.638338,141,0.369853,2473.0455,0.113661,0
573,24.448,8056.45,7389.8218,17308.59,-6.5444305222,0.186167,0.410106,19.6224,0.8984,-0.0305,0.064517,0.699455,-5.00713,166,0.357911,2612.3652,0.115981,0
574,24.4907,8122.9,7376.5517,17285.16,-7.1972678345,0.237829,0.367152,14.9398,0.9306,0.1592,0.072526,0.723276,-5.207719,171,0.362509,2592.4776,0.118789,0
575,24.5333,8171.91,7396.9607,17402.34,-6.9340725027,0.222013,0.384551,15.8381,0.9125,0.0712,0.069174,0.727146,-4.438924,155,0.367291,2499.8227,0.110731,0
576,24.576,7980.46,7252.7771,16992.19,-5.8176190796,0.215633,0.468536,28.3342,0.8706,-0.1071,0.054876,0.676205,-3.283938,156,0.367825,2586.3665,0.113783,0
577,24.6187,8297.46,7358.6452,17437.5,-6.8183110456,0.333286,0.398329,17.7673,0.8717,0.0067,0.066626,0.73211,-3.411608,169,0.35238,2484.7295,0.122329,0
578,24.6613,7865.99,7375.1323,17097.66,-6.9523105396,0.227898,0.382785,17.087,0.956,0.1404,0.069507,0.70487,-5.775056,164,0.3571,2443.5008,0.120376,0
579,24.704,8093.38,7319.6287,17003.91,-6.1921899525,0.231348,0.435505,23.4454,0.8657,-0.0928,0.060168,0.696393,-3.301494,176,0.374428,2632.9708,0.116591,0
580,24.7467,7891.15,7269.997,17097.66,-5.7213090475,0.232973,0.473857,30.1589,0.8794,-0.1295,0.054059,0.667798,-7.007314,146,0.376095,2574.6732,0.116591,0
581,24.7893,8112.15,7332.0543,17250.0,-6.2957613231,0.292848,0.430131,22.5444,0.8911,-0.0246,0.061067,0.703257,-8.062394,140,0.377221,2496.7652,0.116958,0
582,24.832,8329.15,7425.1575,17683.59,-6.5854151163,0.305071,0.408009,18.665,0.8421,-0.1361,0.064888,0.716689,-7.213365,156,0.375419,2470.8197,0.123428,0
583,24.8747,8073.24,7360.1498,17343.75,-6.1250060008,0.371822,0.444396,24.858,0.8891,-0.0867,0.058705,0.699437,-2.261928,164,0.365963,2496.3983,0.12587,0
584,24.9173,8155.43,7384.7292,17496.09,-6.4571734178,0.255954,0.424196,20.7823,0.8723,-0.0805,0.062072,0.714607,-7.67685,153,0.363449,2585.7885,0.125137,0
585,24.96,8021.64,7388.4446,17261.72,-6.709760208,0.140929,0.402051,18.8795,0.8955,-0.0377,0.065953,0.70302,-2.414802,172,0.36063,2535.4592,0.12062,0
586,25.0027,8214.07,7313.1191,17390.62,-6.3949044288,0.347628,0.430394,21.2886,0.8655,-0.062,0.061022,0.712924,-3.675482,171,0.370053,2498.3755,0.121719,0
587,25.0453,8305.62,7360.1534,17449.22,-6.5539450051,0.229726,0.410983,19.5955,0.8556,-0.0716,0.064363,0.723846,-4.734822,150,0.353841,2543.2358,0.122451,0
588,25.088,8098.23,7305.6121,17238.28,-6.3071799728,0.297952,0.430152,21.732,0.8874,-0.027,0.061063,0.695763,-7.147259,154,0.358505,2474.7896,0.116103,0
589,25.1307,8386.21,7310.6824,17320.31,-6.4568341439,0.307729,0.423998,20.0126,0.822,-0.1278,0.062106,0.726716,-7.269513,145,0.365778,2574.5017,0.123794,0
590,25.1733,8378.05,7355.6501,17531.25,-6.5597172591,0.296557,0.414331,19.5454,0.847,-0.0792,0.063775,0.728967,-3.337718,151,0.366478,2561.4588,0.134782,0
591,25.216,8487.83,7452.8443,17671.88,-6.7922740793,0.223836,0.39711,17.6439,0.8195,-0.1309,0.066848,0.734686,-5.470509,150,0.341353,2547.0162,0.137346,0
592,25.2587,8177.46,7361.1624,17191.41,-6.4149766435,0.33602,0.418957,21.6394,0.8393,-0.1375,0.062972,0.710127,-3.289563,142,0.362197,2481.1842,0.121841,0
593,25.3013,8118.98,7406.7453,17320.31,-6.4261807541,0.223454,0.417831,20.1461,0.869,-0.0757,0.063167,0.694129,-6.583011,133,0.365573,2487.0827,0.10829,0
594,25.344,8228.17,7358.7733,17460.94,-6.3938350734,0.314995,0.419362,20.4085,0.8512,-0.1303,0.062902,0.695251,-6.304604,158,0.372178,2513.6232,0.119644,0
595,25.3867,8203.81,7379.7806,17378.91,-6.362269023,0.18125,0.427954,21.4242,0.8591,-0.0835,0.061434,0.707474,-2.804483,164,0.357142,2733.017,0.127091,0
596,25.4293,8283.11,7307.8715,17437.5,-5.5767251419,0.219237,0.485505,28.8424,0.8072,-0.2407,0.052301,0.690077,-2.945432,163,0.365715,2480.9922,0.121231,0
597,25.472,8030.66,7392.5535,17238.28,-6.6676495257,0.21876,0.404153,19.8312,0.9032,-0.0238,0.065576,0.70876,-7.122374,157,0.344643,2538.993,0.115004,0
598,25.5147,8069.11,7292.4854,17179.69,-5.434870352,0.248691,0.493946,32.9779,0.8204,-0.2503,0.051053,0.643896,-6.736633,175,0.358739,2581.298,0.104139,0
599,25.5573,7929.66,7284.7278,17121.09,-5.7155542838,0.215268,0.474375,30.8104,0.889,-0.0814,0.05398,0.641417,-7.316677,162,0.362477,2542.3259,0.109388,0
600,25.6,7748.49,7305.091,16980.47,-5.6240077481,0.297814,0.478074,32.9502,0.8959,-0.1266,0.053418,0.651983,-1.105333,139,0.368107,2631.1746,0.119521,0
601,25.6427,8344.29,7389.244,17531.25,-6.1645660045,0.211781,0.436018,22.4994,0.8182,-0.2016,0.060083,0.718508,-5.180303,143,0.368445,2588.2441,0.120498,0
602,25.6853,8091.14,7316.153,16980.47,-6.855919119,0.29341,0.396084,17.5628,0.9077,0.0754,0.067035,0.720423,-6.153078,150,0.346643,2428.6798,0.115248,0
603,25.728,7950.76,7280.2802,16980.47,-6.0968177711,0.19375,0.439541,25.2136,0.903,-0.0038,0.0595,0.683824,-6.828583,163,0.366057,2591.3684,0.112563,0
604,25.7707,8093.85,7376.5937,17332.03,-6.870471212,0.232294,0.392702,18.6848,0.9127,0.0699,0.067656,0.717748,-8.862476,128,0.36512,2568.1524,0.120498,0
605,25.8133,7986.63,7381.5896,17214.84,-6.5894224619,0.217725,0.403157,19.4535,0.9106,0.0212,0.065754,0.693432,-3.768479,154,0.360845,2705.1239,0.11708,0
606,25.856,8193.28,7371.0065,17437.5,-6.1866534824,0.26839,0.441986,23.3535,0.8463,-0.1371,0.059099,0.705046,-3.676583,159,0.347987,2509.1949,0.110487,0
607,25.8987,8168.27,7336.1353,17343.75,-5.7850836246,0.233241,0.468042,28.9011,0.8081,-0.25,0.054953,0.673163,-4.614553,158,0.350555,2777.0485,0.114394,0
608,25.9413,7767.64,7299.2938,16957.03,-5.4185492384,0.243958,0.493111,35.7759,0.883,-0.1703,0.051176,0.631175,-1.937302,145,0.36432,2496.2947,0.111464,0
609,25.984,8209.65,7401.6867,17378.91,-6.7987305198,0.228128,0.395345,16.6397,0.8889,-0.011,0.067171,0.720085,-4.702596,156,0.371811,2563.7679,0.108534,0
610,26.0267,8231.24,7343.9601,17261.72,-6.7838575462,0.234756,0.398643,16.9617,0.892,0.0325,0.066569,0.731734,-4.370182,142,0.364264,2541.7464,0.120986,0
611,26.0693,8167.29,7276.0312,17179.69,-5.9149503342,0.224233,0.459745,25.7328,0.844,-0.172,0.056247,0.700504,-3.327527,159,0.359788,2495.9847,0.12648,0
612,26.112,8238.63,7367.5079,17285.16,-6.5250287827,0.259299,0.417755,19.5513,0.8585,-0.0775,0.06318,0.720113,-5.397736,148,0.37699,2593.2186,0.124893,0
613,26.1547,8306.62,7475.9901,17707.03,-6.7795810183,0.209403,0.400001,16.3438,0.8657,-0.103,0.066323,0.737242,-3.945081,158,0.360536,2608.1102,0.122818,0
614,26.1973,8004.88,7420.2841,17332.03,-6.5600693968,0.335949,0.406279,19.2409,0.9109,-0.0155,0.065196,0.691208,-2.390715,168,0.354606,2438.9133,0.117568,0
615,26.24,8096.75,7474.8578,17519.53,-6.7890784373,0.158269,0.395783,18.4082,0.8924,-0.0227,0.06709,0.708663,-5.549518,140,0.370437,2458.3272,0.118911,0
616,26.2827,7881.11,7409.947,17203.12,-7.1580761211,0.291461,0.371945,15.9041,0.9512,0.1324,0.071587,0.708931,-5.397973,169,0.363862,2638.093,0.116103,0
617,26.3253,7904.99,7351.7878,17039.06,-6.8139318792,0.274112,0.39168,17.8949,0.9335,0.0753,0.067845,0.700578,-3.86023,145,0.372817,2545.6177,0.105237,0
618,26.368,7942.24,7346.0457,17238.28,-6.0042546003,0.387254,0.447055,25.4441,0.8737,-0.1071,0.058273,0.663055,-3.151677,149,0.365778,2574.733,0.10658,0
619,26.4107,7831.03,7320.4139,16968.75,-6.1590980574,0.269872,0.436044,24.1993,0.9202,-0.0239,0.060078,0.681722,-4.389229,152,0.366931,2647.6909,0.113783,0
620,26.4533,8062.17,7397.3367,17355.47,-6.5700348325,0.352479,0.410605,19.9731,0.9072,-0.0193,0.064429,0.705312,-5.361961,157,0.373041,2502.7193,0.121597,0
621,26.496,8068.67,7369.658,17050.78,-7.2339347518,0.266256,0.373735,15.1341,0.912,0.0919,0.071239,0.720666,-6.210523,162,0.353776,2492.6742,0.125015,0
622,26.5387,8253.67,7443.3718,17601.56,-6.887692055,0.287903,0.391196,17.1792,0.8736,-0.0324,0.067934,0.720991,-9.036269,128,0.352823,2621.6971,0.121841,0
623,26.5813,8135.89,7389.611,17355.47,-5.5486493724,0.348223,0.484851,32.4641,0.8093,-0.2676,0.052399,0.640361,-2.277337,156,0.35725,2646.1459,0.117568,0
624,26.624,8387.02,7470.691,17730.47,-6.551010404,0.093847,0.411481,18.3777,0.8355,-0.141,0.064275,0.705813,-6.37957,168,0.366989,2561.326,0.115859,0
625,26.6667,8058.69,7351.1751,17378.91,-6.241433356,0.241545,0.43939,23.5391,0.8551,-0.1606,0.059525,0.700425,-4.130498,173,0.364875,2537.093,0.122451,0
626,26.7093,8176.23,7322.6293,17203.12,-6.7395181617,0.173478,0.393862,17.453,0.8654,-0.0408,0.067443,0.708735,-5.121134,134,0.366369,2516.8539,0.124527,0
627,26.752,8174.62,7411.6713,17648.44,-5.7739194544,0.259199,0.467491,27.0513,0.8286,-0.2526,0.055038,0.689361,-2.290867,158,0.374319,2482.2812,0.122818,0
628,26.7947,8509.54,7505.4081,17917.97,-6.2802448672,0.393576,0.426475,20.3348,0.7912,-0.2593,0.061684,0.714127,-4.412737,150,0.359998,2497.8286,0.121231,0
629,26.8373,7747.38,7189.2956,16828.12,-5.4968273704,0.254634,0.489119,35.3428,0.9048,-0.0916,0.051764,0.64034,-0.728762,168,0.374639,2467.3163,0.113295,0
630,26.88,8071.14,7346.3469,17179.69,-6.0385380864,0.245366,0.444614,24.9764,0.871,-0.0826,0.058669,0.673235,-5.485129,153,0.362183,2665.3648,0.109144,0
631,26.9227,8095.5,7294.8067,17214.84,-6.5295100107,0.16868,0.412591,20.5227,0.8849,-0.0092,0.06408,0.710263,-8.368662,148,0.376867,2441.731,0.111586,0
632,26.9653,8041.06,7398.6879,17355.47,-6.5470637376,0.18841,0.410053,19.6671,0.8912,-0.0348,0.064527,0.685482,-5.9105,148,0.369714,2533.5206,0.110243,0
633,27.008,8019.11,7255.8633,17027.34,-6.2371296054,0.262,0.433485,23.6709,0.8937,0.0304,0.060504,0.698174,-2.886199,159,0.367723,2569.7442,0.110853,0
634,27.0507,8270.14,7392.6085,17542.97,-6.8353944295,0.290656,0.392858,16.9135,0.8719,-0.0152,0.067627,0.723428,-3.62961,161,0.367932,2516.4988,0.113906,0
635,27.0933,8095.42,7370.712,17285.16,-6.6689715499,0.179029,0.398812,17.879,0.8878,-0.0184,0.066539,0.715173,-4.25222,153,0.366101,2571.0082,0.122696,0
636,27.136,8329.24,7321.4044,17496.09,-5.8841907045,0.338283,0.467051,26.3844,0.8115,-0.2293,0.055106,0.696047,-2.424739,168,0.3702,2496.7944,0.118423,0
637,27.1787,7908.38,7361.5008,17214.84,-6.0795519883,0.293444,0.440034,24.4546,0.8851,-0.1331,0.059419,0.68044,-2.918823,146,0.380832,2471.4427,0.107069,0
638,27.2213,8047.49,7332.8342,17132.81,-6.3819396374,0.218865,0.425762,22.3238,0.883,-0.0309,0.061806,0.698156,-6.238813,137,0.374396,2484.0883,0.117812,0
639,27.264,7998.48,7244.3046,17027.34,-5.7892474869,0.279722,0.464765,29.4749,0.8763,-0.1,0.055461,0.665334,-9.76798,145,0.373299,2502.1054,0.121475,0
640,27.3067,8082.58,7353.5852,17343.75,-5.9209984338,0.234711,0.459349,26.8583,0.8402,-0.1904,0.05631,0.672798,-6.691099,175,0.378218,2622.2658,0.1089,0
641,27.3493,8174.28,7360.3851,17296.88,-5.9111210606,0.193606,0.462265,28.051,0.8303,-0.1835,0.055852,0.677953,-7.613214,141,0.364323,2555.6551,0.113051,0
642,27.392,8362.99,7401.1106,17472.66,-7.0004713202,0.240642,0.385219,16.2728,0.8777,0.0167,0.069049,0.741148,-4.446788,168,0.355066,2565.3965,0.118178,0
643,27.4347,8023.6,7342.3729,17332.03,-5.9289254257,0.233434,0.450587,25.6249,0.8868,-0.0885,0.057704,0.67567,-5.042372,167,0.370826,2526.9236,0.10951,0
644,27.4773,8075.8,7320.1614,17179.69,-6.3949186001,0.229011,0.425192,21.0519,0.884,-0.0532,0.061903,0.707275,-4.411467,157,0.380208,2400.2346,0.113783,0
645,27.52,8182.79,7386.0676,17378.91,-6.7431080065,0.26502,0.401589,18.2056,0.8749,-0.021,0.066036,0.71824,-3.837561,162,0.369691,2564.2236,0.12648,0
646,27.5627,8253.4,7346.7601,17343.75,-6.7696379656,0.278063,0.396333,16.7286,0.8769,0.0047,0.06699,0.723645,-8.318094,135,0.362322,2600.2527,0.121353,0
647,27.6053,7796.67,7263.8224,16839.84,-6.4443124418,0.290896,0.415152,22.0187,0.9563,0.0806,0.063632,0.68865,-3.617127,175,0.405533,2525.9275,0.108045,0
648,27.648,8006.02,7388.2483,17226.56,-6.522515256,0.274116,0.415455,20.3007,0.8776,-0.092,0.063579,0.693392,-6.776609,153,0.393411,2510.9396,0.104749,0
649,27.6907,7710.93,7260.2814,16757.81,-6.2573395735,0.359905,0.427058,24.3437,0.9466,0.068,0.061585,0.674695,-4.407591,182,0.378959,2470.044,0.113295,0
650,27.7333,8322.45,7428.8503,17437.5,-7.2316919132,0.242161,0.364778,14.3482,0.8956,0.0859,0.072995,0.728855,-6.991207,158,0.375525,2585.6033,0.123672,0
651,27.776,8429.28,7408.1182,17578.12,-6.9035563014,0.151787,0.388928,16.3963,0.8567,-0.0098,0.068355,0.729769,-4.937126,151,0.359157,2411.4793,0.123062,0
652,27.8187,8172.8,7379.8521,17484.38,-6.3004123051,0.217806,0.436909,22.1244,0.8595,-0.1333,0.059935,0.707623,-5.23996,165,0.363108,2547.721,0.125748,0
653,27.8613,8184.49,7438.52,17378.91,-7.2494396398,0.263334,0.367276,14.5056,0.8923,0.0209,0.072501,0.722668,-7.062891,160,0.371013,2609.1174,0.128434,0
654,27.904,8089.97,7319.3071,17191.41,-6.4034065498,0.282627,0.424155,21.9001,0.8811,-0.0399,0.062079,0.708887,-4.803806,151,0.374394,2673.0718,0.11708,0
655,27.9467,8094.35,7363.3465,17367.19,-6.3526235308,0.216101,0.435205,21.9106,0.8778,-0.0901,0.060218,0.718876,-3.599219,148,0.358598,2483.6032,0.113295,0
656,27.9893,8052.39,7372.3394,17332.03,-6.8412681974,0.191389,0.387036,17.5295,0.9261,0.0497,0.068708,0.71193,-3.035555,155,0.374207,2525.2689,0.124161,0
657,28.032,8428.06,7419.3765,17671.88,-6.4938627453,0.237828,0.417399,20.2739,0.8353,-0.1235,0.063241,0.727145,-6.368161,159,0.374084,2396.6225,0.128067,0
658,28.0747,8283.25,7364.488,17484.38,-6.1045453352,0.302986,0.441356,24.1068,0.841,-0.1499,0.059202,0.709142,-3.698542,158,0.377861,2551.0643,0.128189,0
659,28.1173,8039.25,7374.9406,17320.31,-5.6797841751,0.165811,0.466793,28.0252,0.8629,-0.194,0.055146,0.667033,0.643381,173,0.366912,2602.3173,0.119399,0
660,28.16,8125.61,7336.714,17472.66,-6.5945077606,0.322388,0.415021,18.2243,0.8872,-0.0205,0.063655,0.713314,-6.119117,164,0.38437,2528.2583,0.116347,0
661,28.2027,7997.37,7329.6701,17062.5,-6.8231764881,0.223428,0.393833,17.2068,0.924,0.0677,0.067448,0.719952,-6.774981,166,0.363641,2498.7303,0.117324,0
662,28.2453,8066.0,7389.1991,17507.81,-6.3683114617,0.156287,0.424812,21.6282,0.873,-0.0925,0.061967,0.699715,-5.035624,147,0.37583,2439.2423,0.102796,0
663,28.288,7834.84,7342.2811,17144.53,-5.7420129114,0.306721,0.463829,30.9374,0.8961,-0.0995,0.055607,0.640919,-5.957055,157,0.355781,2433.9861,0.103772,0
664,28.3307,7956.26,7338.256,17226.56,-5.7938331714,0.235413,0.469177,28.4559,0.885,-0.1461,0.054777,0.673804,-2.727925,160,0.368191,2453.6318,0.118789,0
665,28.3733,8415.98,7450.8704,17660.16,-7.3875727893,0.251437,0.359521,12.631,0.8706,0.0267,0.074046,0.746208,-3.890758,148,0.369558,2580.7603,0.130631,0
666,28.416,8232.76,7406.9608,17496.09,-6.8560138882,0.402241,0.39223,17.255,0.909,0.0597,0.067743,0.717865,-2.913801,161,0.354677,2481.4527,0.128678,0
667,28.4587,8144.25,7364.5704,17390.62,-6.5778174071,0.281029,0.414652,19.5472,0.8805,-0.0685,0.063719,0.70733,-1.972512,134,0.35178,2390.6794,0.120986,0
668,28.5013,8106.21,7394.3483,17449.22,-5.8717816132,0.262863,0.462098,26.4031,0.8474,-0.1989,0.055878,0.682207,-3.732102,134,0.363606,2528.8012,0.116347,0
669,28.544,7950.95,7356.0502,17214.84,-6.2616727836,0.252407,0.43326,22.7056,0.9181,-0.0059,0.060542,0.702613,-4.322087,146,0.366577,2476.7301,0.113661,0
670,28.5867,8159.28,7395.4832,17542.97,-6.1281094264,0.115891,0.442358,23.4305,0.8676,-0.1249,0.059038,0.70544,-4.66885,160,0.35696,2625.6352,0.113783,0
671,28.6293,8053.68,7378.8468,17308.59,-6.0214140962,0.181682,0.447018,24.8118,0.8655,-0.1242,0.058279,0.672467,0.094989,155,0.363468,2656.658,0.115371,0
672,28.672,8224.81,7368.8474,17507.81,-6.4059490665,0.12511,0.419863,19.8835,0.8376,-0.1611,0.062815,0.718313,-3.59259,163,0.388091,2624.8176,0.119155,0
673,28.7147,7788.02,7255.8772,16910.16,-5.4749813464,0.220889,0.491368,33.9127,0.8784,-0.1441,0.051432,0.634514,-1.645266,165,0.382172,2464.6027,0.120742,0
674,28.7573,8273.69,7346.7486,17484.38,-6.8534259891,0.305407,0.397214,17.0554,0.9081,0.0587,0.066829,0.736647,-3.895242,156,0.378583,2532.1164,0.120986,0
675,28.8,7882.71,7335.0997,17132.81,-6.3441123176,0.376558,0.426729,23.2533,0.9226,-0.0129,0.061641,0.687325,-5.246713,147,0.359799,2696.0945,0.116225,0
676,28.8427,8159.42,7327.9329,17378.91,-6.2155581637,0.216713,0.441375,22.7137,0.8603,-0.1276,0.059199,0.716577,-3.525875,133,0.35611,2503.855,0.117324,0
677,28.8853,8246.45,7333.4534,17449.22,-5.861423416,0.255958,0.465972,26.9078,0.8383,-0.1883,0.055273,0.69742,-1.8668,146,0.358048,2573.548,0.11769,0
678,28.928,7935.81,7356.0031,17167.97,-6.0222075891,0.198599,0.452559,26.2505,0.8857,-0.1153,0.057387,0.681731,-2.961334,166,0.376574,2587.5206,0.115371,0
679,28.9707,8109.32,7357.8452,17250.0,-6.2511157858,0.217289,0.428069,23.5464,0.8757,-0.0714,0.061414,0.692582,-1.709796,145,0.379199,2477.3717,0.113661,0
680,29.0133,7895.36,7293.2392,16921.88,-6.5601881265,0.295186,0.409467,20.5438,0.9099,0.0215,0.06463,0.690368,-5.551604,161,0.369548,2624.1342,0.113417,0
681,29.056,8208.72,7405.2876,17484.38,-6.2824528366,0.311327,0.427077,21.2257,0.8694,-0.0796,0.061582,0.700825,-5.252978,161,0.365609,2559.0441,0.111952,0
682,29.0987,8224.91,7366.1576,17367.19,-6.4577096853,0.318512,0.414901,20.5143,0.8674,-0.0651,0.063676,0.710353,-4.587668,155,0.358618,2579.0616,0.112807,0
683,29.1413,8082.1,7320.4495,17343.75,-5.8370173267,0.376422,0.460597,27.703,0.8718,-0.1255,0.056113,0.680987,-3.123785,144,0.379038,2541.4734,0.120254,0
684,29.184,8309.15,7422.1366,17648.44,-6.1041583975,0.307572,0.450057,25.349,0.8247,-0.1795,0.057789,0.706309,-4.72655,146,0.361637,2462.8396,0.125504,0
685,29.2267,8414.87,7388.9833,17484.38,-6.4658005035,0.245524,0.421175,19.4447,0.8223,-0.1294,0.06259,0.72073,-4.76953,154,0.352321,2564.3714,0.125137,0
686,29.2693,8088.62,7320.4704,17355.47,-6.4537710929,0.221325,0.420888,20.9885,0.9088,-0.0071,0.062639,0.701192,-4.747418,141,0.365299,2447.5848,0.119888,0
687,29.312,8151.09,7341.2505,17355.47,-6.558741273,0.318169,0.400895,18.0998,0.8834,-0.0345,0.066162,0.704303,-3.510908,156,0.36081,2482.6323,0.121963,0
688,29.3547,8086.71,7356.6996,17214.84,-6.1777103548,0.21769,0.439666,23.3216,0.8733,-0.0817,0.05948,0.69243,-6.041651,184,0.376648,2513.0581,0.118789,0
689,29.3973,7901.74,7289.5649,17015.62,-6.1819580515,0.187924,0.442237,24.6303,0.9238,0.0156,0.059057,0.685773,-2.496645,153,0.361589,2517.7046,0.115981,0
690,29.44,8169.11,7306.3879,17285.16,-5.9381555823,0.214617,0.458467,25.8321,0.8551,-0.1388,0.056449,0.696502,-2.677867,159,0.354868,2516.5654,0.117446,0
691,29.4827,8057.55,7302.7618,17144.53,-5.4591264089,0.275328,0.494273,34.5575,0.8341,-0.2246,0.051005,0.626971,-1.459681,139,0.356122,2496.1951,0.112318,0
692,29.5253,7941.85,7348.6286,17167.97,-6.3377927484,0.213878,0.426664,23.7657,0.9113,-0.0181,0.061652,0.677026,-7.440896,172,0.360812,2478.324,0.106947,0
693,29.568,8043.21,7416.0679,17378.91,-7.1686601692,0.388959,0.37053,15.8015,0.9057,0.0049,0.071863,0.713721,-9.048274,143,0.385686,2496.4037,0.107801,0
694,29.6107,8212.58,7335.9341,17484.38,-6.5437158707,0.2191,0.417529,21.0258,0.8823,-0.045,0.063219,0.71902,-6.626418,135,0.366124,2444.0328,0.120376,0
695,29.6533,8278.15,7415.3111,17566.41,-6.3416474359,0.245096,0.420267,20.5222,0.8352,-0.1754,0.062746,0.707873,-5.757868,163,0.360184,2646.2857,0.122451,0
696,29.696,8095.91,7311.8033,17238.28,-5.6251961005,0.308481,0.475302,29.4535,0.8451,-0.1833,0.053838,0.667217,-2.66652,145,0.364157,2616.0187,0.114882,0
697,29.7387,8007.99,7332.7297,17039.06,-6.1501843277,0.267645,0.440531,25.4746,0.8905,-0.052,0.059337,0.691666,-5.08447,135,0.358658,2662.5513,0.114028,0
698,29.7813,7758.7,7285.6468,16898.44,-6.2114795794,0.188913,0.434307,24.8379,0.9566,0.0737,0.060367,0.679174,-1.505708,152,0.361942,2416.8994,0.107313,0
699,29.824,7891.57,7312.0049,17109.38,-5.3676069305,0.168508,0.492375,32.2091,0.8443,-0.2581,0.051284,0.637952,-1.142669,157,0.374838,2409.7853,0.109755,0
700,29.8667,7892.46,7302.5697,17050.78,-6.2507253513,0.174282,0.427822,22.6999,0.9032,-0.0179,0.061456,0.680658,-1.461208,185,0.383654,2488.2109,0.117812,0
701,29.9093,7955.71,7313.6841,17226.56,-5.7028324974,0.314218,0.472988,29.01,0.8805,-0.1505,0.054192,0.673608,-2.519327,162,0.370817,2650.1707,0.116469,0
702,29.952,8122.67,7298.1814,17156.25,-6.1386288398,0.280209,0.441385,23.7182,0.889,-0.0444,0.059197,0.706981,-2.918994,153,0.370702,2421.7415,0.117568,0
703,29.9947,8066.05,7286.9078,17062.5,-5.92559907,0.266623,0.457391,26.5737,0.8643,-0.1074,0.056619,0.679579,-3.350682,142,0.357741,2456.4018,0.119766,0
704,30.0373,8293.58,7413.069,17542.97,-6.5504978242,0.250377,0.409838,17.9923,0.868,-0.0723,0.064565,0.710873,-6.127413,131,0.363577,2481.0206,0.120132,0
705,30.08,8092.4,7341.8805,17296.88,-6.3430382643,0.357523,0.424107,21.1998,0.8751,-0.0738,0.062087,0.696127,-3.926055,155,0.352173,2565.7541,0.118545,0
706,30.1227,8253.11,7443.3464,17402.34,-6.5563537683,0.189851,0.408036,19.1874,0.8562,-0.1091,0.064884,0.70306,-4.92642,167,0.359963,2543.8278,0.125382,0
707,30.1653,8180.99,7321.8723,17425.78,-6.5222243228,0.161849,0.416149,19.8293,0.8779,-0.084,0.063459,0.730151,-5.394523,127,0.355679,2648.1633,0.130753,0
708,30.208,8394.86,7355.1113,17765.62,-6.1276582493,0.250828,0.436601,21.1324,0.8054,-0.2317,0.059986,0.706359,-3.318698,157,0.369992,2637.9983,0.130021,0
709,30.2507,8156.58,7283.6092,17402.34,-6.4081962546,0.184427,0.423274,20.5686,0.8759,-0.0629,0.06223,0.7108,-3.495031,145,0.377256,2499.1618,0.125015,0
710,30.2933,8163.7,7379.7939,17355.47,-6.4061705009,0.274614,0.417951,19.933,0.8858,-0.0475,0.063146,0.701111,-3.413464,143,0.382509,2547.7375,0.116103,0
711,30.336,8096.89,7380.1179,17261.72,-6.9750046163,0.247442,0.380651,16.3749,0.9157,0.0439,0.069912,0.712433,-5.649655,163,0.380121,2488.841,0.110975,0
712,30.3787,8145.12,7352.2671,17332.03,-6.8795311464,0.197248,0.390563,16.7422,0.8889,-0.0003,0.068051,0.720779,-4.887338,171,0.365161,2522.4505,0.114272,0
713,30.4213,7908.6,7383.1815,17179.69,-5.9424469851,0.282147,0.45516,26.0862,0.8823,-0.1373,0.056973,0.669382,-2.036501,168,0.35317,2416.257,0.117446,0
714,30.464,8290.29,7439.5899,17472.66,-7.0330300357,0.157791,0.381919,15.4602,0.8897,0.0389,0.069671,0.734239,-7.662772,134,0.37925,2510.9445,0.116347,0
715,30.5067,7942.05,7294.3542,17238.28,-5.7396253553,0.215189,0.470411,29.3696,0.8558,-0.1929,0.054587,0.669365,0.371516,168,0.366251,2567.4996,0.114272,0
716,30.5493,8249.25,7305.0132,17320.31,-5.5148106707,0.292638,0.488399,30.5114,0.7983,-0.2517,0.051871,0.653006,-0.92822,164,0.36493,2435.3128,0.116958,0
717,30.592,8227.68,7359.183,17437.5,-6.090840641,0.23098,0.444331,24.2738,0.8421,-0.154,0.058716,0.697759,-3.624876,154,0.370288,2499.7284,0.115981,0
718,30.6347,8073.44,7329.4876,17332.03,-5.4870587932,0.232736,0.482535,31.1573,0.8287,-0.2369,0.052745,0.667214,-5.938469,165,0.36555,2587.2984,0.113051,0
719,30.6773,8140.92,7346.7866,17308.59,-5.8086148493,0.339447,0.468456,27.4572,0.7998,-0.283,0.054889,0.682166,-4.912108,132,0.359151,2506.2552,0.117812,0
720,30.72,7951.72,7231.8148,16886.72,-6.5259776726,0.370693,0.413331,21.1504,0.9176,0.0779,0.06395,0.701085,-4.798312,151,0.356837,2615.4118,0.121963,0
721,30.7627,7977.01,7300.6824,17132.81,-6.041632052,0.240394,0.446634,25.5249,0.8929,-0.066,0.058341,0.682956,-1.204183,160,0.36399,2684.1059,0.119399,0
722,30.8053,7982.13,7311.4956,17097.66,-6.4997303123,0.259796,0.411303,19.965,0.9081,-0.009,0.064306,0.708153,-4.771582,152,0.36212,2505.2876,0.121963,0
723,30.848,8222.02,7347.5355,17484.38,-6.4348649644,0.232292,0.426497,20.9801,0.8478,-0.1299,0.061681,0.723466,-4.091825,144,0.369127,2542.6075,0.129899,0
724,30.8907,8100.9,7368.8127,17238.28,-6.7686174556,0.27045,0.395621,16.469,0.9041,0.033,0.06712,0.704409,-6.082211,147,0.357689,2509.6661,0.121475,0
725,30.9333,8135.04,7387.2343,17472.66,-6.613027456,0.248025,0.411671,18.6622,0.9025,-0.0166,0.064242,0.716319,-4.293514,159,0.359201,2536.0094,0.124039,0
726,30.976,8209.78,7377.3189,17343.75,-6.76717661,0.169481,0.399591,18.2428,0.8771,-0.024,0.066397,0.709705,-2.91241,152,0.360718,2519.7426,0.127945,0
727,31.0187,8366.13,7415.3264,17578.12,-6.2343417374,0.22173,0.435401,22.3074,0.8362,-0.1381,0.060185,0.706633,-1.761138,165,0.360188,2519.5672,0.12062,0
728,31.0613,8011.92,7375.6256,17296.88,-6.2713156706,0.262923,0.423693,23.6173,0.8961,-0.0557,0.062158,0.681837,-6.442392,159,0.3651,2527.7485,0.118178,0
729,31.104,7968.35,7357.4941,17226.56,-6.1984091545,0.274931,0.441668,24.8085,0.8804,-0.1113,0.059151,0.688155,-3.595985,162,0.365834,2580.2623,0.11244,0
730,31.1467,8086.18,7365.0223,17367.19,-5.5307922607,0.290898,0.476297,30.1489,0.8338,-0.2475,0.053687,0.649139,-2.021341,151,0.36439,2620.2939,0.101453,0
731,31.1893,8093.92,7443.5086,17472.66,-6.1862781475,0.190382,0.430429,21.1405,0.8355,-0.1795,0.061016,0.662568,-5.858065,144,0.371998,2478.6175,0.113051,0
732,31.232,8054.11,7345.5804,17109.38,-6.3927806684,0.274674,0.420914,22.5723,0.8899,-0.0514,0.062635,0.68956,-1.383429,169,0.378769,2554.8778,0.120986,0
733,31.2747,8014.06,7319.0728,17109.38,-6.3769055665,0.38002,0.420646,21.4232,0.8984,-0.0259,0.06268,0.703715,-5.860003,165,0.371007,2544.7376,0.121231,0
734,31.3173,7972.56,7261.5826,16968.75,-6.4047134168,0.290612,0.421528,21.7404,0.9095,0.0476,0.062529,0.689157,-5.465153,150,0.356818,2557.3667,0.128434,0
735,31.36,8101.01,7357.4683,17179.69,-6.4055583801,0.25603,0.419532,20.3431,0.8772,-0.0671,0.062872,0.708752,-4.660303,160,0.362623,2476.5814,0.125382,0
736,31.4027,7828.66,7346.6456,16980.47,-6.4889277665,0.184873,0.413999,21.2136,0.9241,0.01,0.063833,0.677438,-9.583678,145,0.366256,2622.8362,0.114272,0
737,31.4453,8009.56,7321.6851,17121.09,-6.3398489119,0.265795,0.425362,21.7556,0.893,-0.0326,0.061874,0.690552,-4.107372,135,0.36408,2465.754,0.111342,0
738,31.488,8172.69,7433.5221,17542.97,-6.6428980416,0.254721,0.407742,18.6921,0.8725,-0.0774,0.064936,0.720746,-5.520993,142,0.3652,2421.4291,0.113661,0
739,31.5307,7971.89,7422.3625,17390.62,-6.825743649,0.318162,0.390405,16.5037,0.9127,-0.0149,0.068081,0.701942,-8.082489,165,0.358044,2552.849,0.11183,0
740,31.5733,8185.64,7437.8421,17648.44,-6.2369308717,0.145029,0.439319,23.5298,0.8406,-0.1847,0.059537,0.708402,-3.113952,161,0.360963,2403.5075,0.124161,0
741,31.616,8217.72,7438.6905,17707.03,-6.8528787222,0.156657,0.387595,16.3804,0.8685,-0.069,0.068604,0.725445,-5.387779,160,0.361097,2474.6108,0.121719,0
742,31.6587,8172.62,7356.9093,17472.66,-5.5859678664,0.216147,0.486816,30.7834,0.8207,-0.2552,0.052106,0.665555,-1.689095,147,0.361472,2580.0323,0.117568,0
743,31.7013,8414.74,7372.5392,17507.81,-6.7991655248,0.177738,0.391336,15.7572,0.861,0.0151,0.067908,0.728345,-4.243293,154,0.362152,2444.6237,0.121719,0
744,31.744,8050.86,7346.7855,17179.69,-6.1054858457,0.175892,0.44552,24.5394,0.8822,-0.0797,0.058522,0.681189,-5.600231,164,0.361475,2557.3388,0.117812,0
745,31.7867,8376.65,7491.3225,17777.34,-6.0995506379,0.267251,0.443699,22.5535,0.8145,-0.2549,0.058819,0.704763,-2.667125,149,0.353434,2444.8175,0.122207,0
746,31.8293,8249.84,7473.45,17507.81,-6.9439475748,0.28446,0.383992,15.5468,0.8579,-0.0654,0.06928,0.712547,-3.016895,143,0.355961,2433.9989,0.12001,0
747,31.872,8027.92,7398.6574,17320.31,-6.5949795892,0.296005,0.398896,18.4558,0.8928,-0.0341,0.066523,0.695192,-3.629393,165,0.369432,2531.9219,0.117934,0
748,31.9147,8218.3,7397.3621,17261.72,-6.2320148596,0.248144,0.431758,21.4076,0.8517,-0.1064,0.060793,0.689106,-4.443076,151,0.371725,2556.9753,0.121231,0
749,31.9573,8101.01,7392.8971,17285.16,-7.0173900838,0.211764,0.382897,15.9544,0.888,-0.0025,0.069486,0.720699,-6.253912,155,0.35955,2544.0617,0.119888,0
750,32.0,8236.88,7444.5495,17519.53,-6.6510711747,0.203898,0.40645,18.7742,0.8665,-0.0855,0.065165,0.722929,-6.408595,153,0.349362,2493.051,0.124649,0
751,32.0427,8102.36,7339.4074,16992.19,-6.7255589227,0.168438,0.401815,19.2542,0.8928,0.0414,0.065996,0.706633,-3.168341,154,0.35716,2443.0323,0.121475,0
752,32.0853,7937.67,7382.3499,17156.25,-6.8876562321,0.29197,0.381204,17.0168,0.9224,0.0467,0.069807,0.697882,-4.984447,159,0.362991,2550.6306,0.115859,0
753,32.128,8283.42,7342.0556,17449.22,-6.2741601163,0.181299,0.436833,22.0685,0.8464,-0.1068,0.059947,0.711516,-1.696885,166,0.36844,2531.5649,0.123794,0
754,32.1707,8018.48,7316.5118,17296.88,-6.3506961188,0.201142,0.4276,20.6321,0.8946,-0.067,0.061494,0.715299,-3.790852,150,0.345504,2543.5779,0.128556,0
755,32.2133,8243.72,7350.7745,17203.12,-6.2170519954,0.298892,0.433384,22.5384,0.8322,-0.1293,0.060521,0.692542,-6.008376,154,0.373279,2555.6777,0.121841,0
756,32.256,8053.1,7370.0066,17238.28,-6.4423728294,0.426064,0.419646,21.089,0.8789,-0.0843,0.062853,0.683306,-5.766962,147,0.357767,2525.9892,0.110975,0
757,32.2987,7849.56,7347.1663,17074.22,-6.5386719345,0.204879,0.415917,21.2315,0.8956,-0.0432,0.063499,0.694459,-4.828084,159,0.366522,2584.9626,0.109266,0
758,32.3413,8422.19,7429.8988,17566.41,-7.0689399715,0.24565,0.378225,15.5999,0.8595,0.0047,0.070375,0.73064,-5.908132,142,0.366914,2482.7561,0.117446,0
759,32.384,8051.34,7391.5141,17285.16,-6.3941959718,0.293974,0.421687,21.3416,0.8768,-0.0899,0.062502,0.694007,-5.953484,134,0.372451,2505.3598,0.129532,0
760,32.4267,8128.01,7436.2048,17484.38,-7.0896686878,0.325354,0.376895,15.2964,0.9051,-0.0132,0.07063,0.726041,-4.42449,162,0.381939,2557.5395,0.122818,0
761,32.4693,8184.4,7328.1823,17367.19,-6.0435640889,0.205916,0.453408,24.7245,0.8468,-0.1535,0.057252,0.690669,-1.133384,144,0.376507,2476.3127,0.116836,0
762,32.512,7776.41,7261.8168,16863.28,-5.9669540839,0.257765,0.458565,28.3784,0.9165,-0.0434,0.056433,0.665537,-6.160176,148,0.367894,2578.9281,0.12062,0
763,32.5547,8452.56,7392.6293,17742.19,-6.5786965959,0.244031,0.409909,18.3138,0.8327,-0.1319,0.064552,0.719627,-2.88833,158,0.375839,2473.5428,0.116225,0
764,32.5973,8190.03,7331.1753,17203.12,-6.5546888574,0.308716,0.408591,18.9335,0.8707,-0.0284,0.064785,0.709937,-3.181798,166,0.35286,2587.8811,0.116958,0
765,32.64,8151.65,7305.9481,17437.5,-5.4545041393,0.251096,0.497846,32.634,0.826,-0.2593,0.050484,0.679212,-3.00251,138,0.358751,2558.8635,0.113661,0
766,32.6827,8071.84,7297.2972,17250.0,-5.3388726446,0.247799,0.498479,33.3405,0.8189,-0.2728,0.050392,0.659861,-2.447968,158,0.359294,2388.7915,0.110731,0
767,32.7253,8265.51,7450.0233,17566.41,-6.2716752406,0.237354,0.438582,22.4484,0.8732,-0.124,0.059658,0.703688,-2.782309,153,0.36099,2406.7731,0.122574,0
768,32.768,8113.91,7401.4372,17484.38,-6.2236332798,0.267927,0.422034,22.1219,0.8787,-0.0767,0.062442,0.683962,-5.444819,165,0.349822,2625.2865,0.119399,0
769,32.8107,7877.11,7351.8033,17250.0,-6.2417374569,0.25493,0.436393,23.7801,0.904,-0.0517,0.06002,0.684156,-3.751537,163,0.374972,2491.4094,0.112318,0
770,32.8533,7775.78,7255.9798,16722.66,-6.1915452062,0.361947,0.429169,23.5406,0.9337,0.0381,0.061229,0.678248,-3.664853,170,0.373968,2551.4746,0.10829,0
771,32.896,7896.31,7333.5454,17156.25,-5.4032735175,0.286865,0.488691,32.9115,0.8417,-0.2539,0.051828,0.646145,-1.819471,170,0.374437,2521.7247,0.110365,0
772,32.9387,8291.54,7385.6734,17449.22,-6.1481336542,0.335794,0.439662,23.1265,0.8141,-0.2003,0.05948,0.680137,-1.527339,173,0.36919,2494.9675,0.11769,0
773,32.9813,8232.01,7360.5567,17402.34,-6.5699467113,0.254797,0.404567,19.1475,0.8824,-0.0131,0.065502,0.709476,-4.376635,158,0.363509,2650.4545,0.120376,0
774,33.024,8111.86,7400.9195,17285.16,-6.9249036943,0.19693,0.385744,17.065,0.9155,0.0766,0.06895,0.708173,-5.778187,153,0.378764,2591.7497,0.133195,0
775,33.0667,8165.21,7352.556,17402.34,-6.5017300231,0.142403,0.421209,21.4311,0.897,0.0065,0.062584,0.715156,-2.054475,156,0.358146,2461.3698,0.130875,0
776,33.1093,8027.46,7327.5729,17226.56,-6.6138409353,0.345289,0.405601,19.4719,0.9276,0.0504,0.065317,0.710411,-4.249695,152,0.365694,2472.9516,0.121841,0
777,33.152,8219.86,7343.8328,17390.62,-6.6792453664,0.339517,0.401381,17.9073,0.867,-0.0551,0.066074,0.720764,-4.75669,167,0.373702,2531.8193,0.119521,0
778,33.1947,8164.3,7323.8036,17062.5,-6.4350014796,0.343194,0.415859,21.3045,0.8644,-0.0471,0.063509,0.701277,-4.942513,152,0.366906,2528.8591,0.120498,0
779,33.2373,7962.9,7316.4952,17121.09,-5.8267545059,0.262107,0.465572,28.0716,0.8904,-0.1096,0.055336,0.689977,-4.502338,126,0.365303,2502.6166,0.114638,0
780,33.28,7968.44,7329.5168,17132.81,-6.0539237844,0.21685,0.440886,25.8207,0.8955,-0.0625,0.059279,0.687859,-8.236805,152,0.361392,2612.2106,0.116836,0
781,33.3227,8319.25,7379.9187,17484.38,-6.3370474215,0.261201,0.430469,19.9506,0.833,-0.1679,0.06101,0.720524,-6.333397,176,0.35975,2432.3171,0.127457,0
782,33.3653,8273.98,7347.893,17285.16,-6.7701792365,0.245116,0.396682,17.7586,0.8613,-0.0675,0.066926,0.725469,-8.23997,148,0.350368,2470.3779,0.127091,0
783,33.408,7861.7,7335.5859,17226.56,-6.632860323,0.278918,0.405579,19.519,0.9482,0.0512,0.065321,0.696664,-3.786332,150,0.374656,2525.8596,0.117202,0
784,33.4507,7990.72,7412.4709,17167.97,-6.5442411825,0.24642,0.411472,20.4507,0.9056,-0.0162,0.064277,0.703644,-6.819575,159,0.371707,2617.9236,0.11476,0
785,33.4933,8305.88,7396.9357,17695.31,-5.3464989964,0.30609,0.502123,32.2481,0.784,-0.3832,0.049865,0.670378,-2.684878,145,0.362968,2528.7867,0.113173,0
786,33.536,7768.73,7201.8328,16734.38,-5.2799592447,0.190759,0.507732,35.3578,0.8639,-0.2141,0.049061,0.621466,-1.190709,160,0.363234,2265.3402,0.110243,0
787,33.5787,8201.38,7444.2995,17578.12,-6.6987560129,0.19647,0.39516,18.9058,0.8632,-0.0996,0.067205,0.703386,-3.020464,164,0.391192,2625.0501,0.11708,0
788,33.6213,8123.55,7387.8109,17226.56,-6.6513414264,0.287915,0.404381,19.4511,0.8947,-0.016,0.065535,0.713536,-5.153528,124,0.370571,2402.5552,0.120254,0
789,33.664,8065.48,7340.7702,17039.06,-6.4885414038,0.246133,0.416228,20.2289,0.8998,-0.0141,0.063445,0.707448,-4.844456,143,0.357141,2446.2769,0.11708,0
790,33.7067,8015.43,7273.23,17308.59,-5.2096820204,0.210021,0.500174,33.6288,0.7955,-0.3225,0.050147,0.605951,-4.275142,143,0.38224,2447.6689,0.105115,0
791,33.7493,8155.39,7332.8485,17273.44,-5.4526067152,0.287469,0.484928,29.9224,0.7858,-0.3131,0.052387,0.643581,-5.598334,170,0.363194,2558.4533,0.102796,0
792,33.792,8035.45,7269.464,17003.91,-6.2631765508,0.362365,0.425568,21.5753,0.8904,-0.0332,0.061838,0.694352,-6.358925,149,0.380176,2555.2491,0.109999,0
793,33.8347,8134.83,7383.9546,17414.06,-6.5756981967,0.240104,0.403703,19.6441,0.8616,-0.0975,0.065656,0.69462,-3.917149,122,0.371783,2443.906,0.118789,0
794,33.8773,8422.58,7349.6482,17542.97,-6.2108039879,0.21089,0.432724,22.0158,0.8261,-0.1354,0.060631,0.711019,-5.567401,148,0.372233,2773.0442,0.116591,0
795,33.92,8044.48,7196.4972,16898.44,-5.592162737,0.183831,0.491247,31.8881,0.8554,-0.1131,0.05145,0.663921,-1.370283,176,0.354193,2516.1466,0.121231,0
796,33.9627,8112.28,7385.349,17414.06,-6.156730788,0.185236,0.441696,24.2819,0.8713,-0.1206,0.059146,0.700152,-4.631596,146,0.353445,2457.462,0.119155,0
797,34.0053,7877.22,7259.6707,17097.66,-5.5945960492,0.262246,0.484612,32.374,0.8959,-0.1275,0.052434,0.665597,-2.624754,146,0.370855,2480.7662,0.116225,0
798,34.048,8255.78,7365.1701,17332.03,-6.8577252871,0.151834,0.392867,17.695,0.8656,-0.0215,0.067626,0.729723,-4.876796,144,0.361947,2597.2889,0.127701,0
799,34.0907,8253.63,7362.7034,17425.78,-7.0279869351,0.244071,0.379627,15.4181,0.905,0.0675,0.070107,0.733262,-7.438291,160,0.354476,2510.7167,0.126847,0
800,34.1333,8109.73,7336.1691,17062.5,-7.1274928798,0.223035,0.372334,15.5176,0.9327,0.1642,0.071511,0.725818,-2.497816,164,0.363361,2651.108,0.123428,0
801,34.176,8015.38,7341.7343,17273.44,-6.7044541648,0.287212,0.394699,17.8561,0.9283,0.0699,0.067289,0.707518,-0.806465,157,0.371545,2551.8893,0.122085,0
802,34.2187,8346.85,7341.279,17378.91,-6.09886183,0.318585,0.435686,22.9969,0.8196,-0.1426,0.060138,0.701317,-2.610394,168,0.372817,2553.6465,0.132096,0
803,34.2613,8266.14,7377.074,17390.62,-6.4398410432,0.239541,0.426031,20.3324,0.8432,-0.1182,0.06176,0.719895,-5.627849,147,0.350978,2591.5683,0.133073,0
804,34.304,8036.66,7356.0564,17308.59,-6.2946733752,0.225431,0.432673,21.462,0.8597,-0.1629,0.06064,0.696163,-5.644348,137,0.376903,2642.8041,0.118423,0
805,34.3467,8011.48,7370.786,17355.47,-6.7061641957,0.176954,0.398202,17.961,0.9111,0.0162,0.066649,0.706472,-4.560368,184,0.383708,2479.64,0.112563,0
806,34.3893,7915.55,7272.5018,16898.44,-6.033285351,0.233819,0.450065,25.9103,0.8871,-0.0749,0.057787,0.680582,-8.997971,166,0.392606,2550.2777,0.115371,0
807,34.432,8136.23,7344.4101,17214.84,-6.9977794124,0.294629,0.382019,16.2231,0.9234,0.1368,0.069653,0.728582,-7.08808,169,0.380613,2620.6116,0.11769,0
808,34.4747,8162.07,7493.8841,17601.56,-6.9465202832,0.196227,0.381003,15.5413,0.8781,-0.0798,0.069845,0.716682,-6.608479,166,0.364242,2676.3231,0.119277,0
809,34.5173,8231.91,7402.6684,17472.66,-7.0241272732,0.28137,0.382355,15.4432,0.9234,0.1158,0.069589,0.73001,-8.008738,147,0.351748,2509.0825,0.119155,0
810,34.56,7821.48,7383.6797,17285.16,-6.4385908285,0.322226,0.416052,21.8772,0.9359,-0.025,0.063475,0.691235,-4.064323,176,0.361709,2502.0375,0.116103,0
811,34.6027,7913.91,7336.1566,17179.69,-6.1025655366,0.209041,0.452002,24.9945,0.8966,-0.0774,0.057477,0.694295,-6.246102,168,0.369796,2500.6018,0.107557,0
812,34.6453,8140.1,7301.1195,17378.91,-5.3270970818,0.328598,0.496477,33.8111,0.8144,-0.2626,0.050683,0.632629,-6.313883,160,0.360448,2467.3903,0.107801,0
813,34.688,7973.57,7312.5645,17039.06,-6.0178226433,0.29794,0.456733,26.1168,0.8687,-0.1407,0.056723,0.694132,-4.867337,135,0.369487,2491.1329,0.109999,0
814,34.7307,7864.6,7341.0951,17214.84,-5.6719565461,0.23976,0.478379,30.6164,0.8631,-0.2056,0.053371,0.651029,-7.492697,144,0.370253,2577.1349,0.11244,0
815,34.7733,8020.0,7339.4159,17238.28,-5.9673499936,0.201592,0.454472,26.2436,0.8628,-0.1546,0.057082,0.680971,-3.202326,163,0.364096,2576.8343,0.109755,0
816,34.816,7917.0,7362.5495,17285.16,-5.7906071654,0.203073,0.465316,29.2431,0.8613,-0.1766,0.055375,0.660467,-2.659952,148,0.377703,2632.618,0.102796,0
817,34.8587,7912.9,7378.886,17144.53,-6.6795813036,0.250467,0.403199,19.0066,0.929,0.0356,0.065747,0.695328,-5.62919,137,0.345133,2458.1443,0.102674,0
818,34.9013,7860.23,7267.8959,17027.34,-5.5754762229,0.267473,0.48153,32.4845,0.8712,-0.1813,0.052896,0.651996,-2.496017,140,0.347329,2497.4121,0.104505,0
819,34.944,7915.19,7280.2609,17097.66,-5.3783980534,0.302499,0.498315,35.0884,0.8497,-0.2294,0.050416,0.616952,-0.083557,144,0.37284,2537.1043,0.107923,0
820,34.9867,8146.47,7354.799,17355.47,-6.1162593294,0.268924,0.441185,23.0896,0.859,-0.124,0.05923,0.681403,-1.086679,155,0.362697,2666.1752,0.114028,0
821,35.0293,8092.03,7362.1458,17214.84,-6.1921707235,0.38411,0.430247,23.1061,0.8575,-0.1035,0.061047,0.671987,-5.270356,176,0.372941,2507.4127,0.117324,0
822,35.072,8279.27,7338.7035,17496.09,-6.0364867089,0.384484,0.446651,24.1708,0.8309,-0.1916,0.058339,0.701317,-3.411059,142,0.363783,2418.295,0.125748,0
823,35.1147,8284.9,7414.469,17542.97,-6.7327618418,0.305129,0.392444,16.5977,0.8826,-0.0246,0.067704,0.720161,-5.157451,152,0.364384,2651.2706,0.124771,0
