frame,time,centroid,spread,rolloff,slope,obsir_std,flatness,crest,skewness,kurtosis,tonality,entropy,tpr,n_peaks,flux,irregularity,zcr,gated
0,0.0,0.0,0.0,0.0,0.0,0.0,0.0,0.0,0.0,0.0,0.0,0.0,0.0,0,0.0,0.0,0.0,1
1,0.0427,714.01,1889.1616,1429.69,-4.1663067779,0.252164,0.242412,97.928,5.3191,44.7686,0.102574,0.162732,-32.324474,147,0.0,656.0842,0.003296,0
2,0.0853,115.91,425.108,46.88,-4.497224489,0.23212,0.110827,53.3073,5.1635,28.8058,0.159226,0.120066,-29.765946,149,0.003797,356.8691,0.001221,0
3,0.128,1326.75,2682.9365,3386.72,-3.2544102308,0.253016,0.307304,136.7596,2.8496,11.3741,0.085405,0.16792,8.557687,120,0.004196,800.3661,0.002808,0
4,0.1707,338.14,1016.934,257.81,-3.4204941765,0.221204,0.17453,81.4719,4.3632,22.0082,0.126355,0.137825,-36.858197,139,0.002901,499.9149,0.002442,0
5,0.2133,343.58,964.3529,503.91,-3.7688004674,0.299135,0.212735,92.9778,7.614,134.5704,0.112027,0.09895,-36.572214,158,0.001914,433.3115,0.006348,0
6,0.256,221.66,683.1616,117.19,-3.8063542383,0.289824,0.159547,74.7299,4.104,18.6736,0.132852,0.115272,-36.8183,170,0.002182,391.6524,0.011598,0
7,0.2987,0.0,0.0,0.0,0.0,0.0,0.0,0.0,0.0,0.0,0.0,0.0,0.0,0,0.0,0.0,0.0,1
8,0.3413,0.0,0.0,0.0,0.0,0.0,0.0,0.0,0.0,0.0,0.0,0.0,0.0,0,0.0,0.0,0.0,1
9,0.384,0.0,0.0,0.0,0.0,0.0,0.0,0.0,0.0,0.0,0.0,0.0,0.0,0,0.0,0.0,0.0,1
10,0.4267,0.0,0.0,0.0,0.0,0.0,0.0,0.0,0.0,0.0,0.0,0.0,0.0,0,0.0,0.0,0.0,1
11,0.4693,0.0,0.0,0.0,0.0,0.0,0.0,0.0,0.0,0.0,0.0,0.0,0.0,0,0.0,0.0,0.0,1
12,0.512,0.0,0.0,0.0,0.0,0.0,0.0,0.0,0.0,0.0,0.0,0.0,0.0,0,0.0,0.0,0.0,1
13,0.5547,0.0,0.0,0.0,0.0,0.0,0.0,0.0,0.0,0.0,0.0,0.0,0.0,0,0.0,0.0,0.0,1
14,0.5973,0.0,0.0,0.0,0.0,0.0,0.0,0.0,0.0,0.0,0.0,0.0,0.0,0,0.0,0.0,0.0,1
15,0.64,0.0,0.0,0.0,0.0,0.0,0.0,0.0,0.0,0.0,0.0,0.0,0.0,0,0.0,0.0,0.0,1
16,0.6827,0.0,0.0,0.0,0.0,0.0,0.0,0.0,0.0,0.0,0.0,0.0,0.0,0,0.0,0.0,0.0,1
17,0.7253,0.0,0.0,0.0,0.0,0.0,0.0,0.0,0.0,0.0,0.0,0.0,0.0,0,0.0,0.0,0.0,1
18,0.768,0.0,0.0,0.0,0.0,0.0,0.0,0.0,0.0,0.0,0.0,0.0,0.0,0,0.0,0.0,0.0,1
19,0.8107,687.43,1494.0142,1546.88,-4.187096171,0.441615,0.298066,112.4331,5.5517,63.0138,0.087615,0.11854,10.386228,135,0.002658,513.4406,0.001709,0
20,0.8533,287.59,773.5974,269.53,-3.9738321889,0.309213,0.176191,71.1949,3.4924,13.1619,0.125669,0.143386,14.368924,160,0.00227,379.3892,0.001343,0
21,0.896,184.65,587.471,58.59,-3.9603783454,0.317357,0.136417,61.082,4.5123,23.4361,0.144189,0.143723,14.605753,151,0.001175,392.8843,0.001343,0
22,0.9387,323.43,831.5695,410.16,-4.281100567,0.30537,0.19347,79.2819,3.588,15.4286,0.118898,0.142986,9.419991,143,0.00196,385.8172,0.002808,0
23,0.9813,0.0,0.0,0.0,0.0,0.0,0.0,0.0,0.0,0.0,0.0,0.0,0.0,0,0.0,0.0,0.0,1
24,1.024,66.48,278.2178,35.16,-5.0161614882,0.269325,0.096065,38.3879,6.3977,44.3624,0.169572,0.0997,-43.139824,175,0.003745,258.4749,0.003052,0
25,1.0667,50.13,247.2549,23.44,-4.8419235639,0.330501,0.076594,31.2712,7.7067,63.8779,0.185968,0.092442,-45.197887,158,0.001424,201.3192,0.007813,0
26,1.1093,2559.5,4838.4529,6210.94,-3.1933340997,0.456718,0.369719,167.1341,2.3081,4.7007,0.072021,0.178464,7.07957,120,0.005462,1166.3007,0.007936,0
27,1.152,454.98,1738.8199,164.06,-2.5980136931,0.534319,0.174869,85.6705,5.8614,39.0191,0.126215,0.090519,-40.139944,127,0.00649,482.4036,0.000122,0
28,1.1947,1095.94,2828.567,1429.69,-1.8709748027,0.362045,0.241776,128.3521,3.1766,11.3177,0.102764,0.082447,-39.299624,120,0.003917,718.2213,0.0,0
29,1.2373,2953.4,4985.0565,8050.78,-1.3122288042,0.444731,0.37885,194.4919,1.6792,1.8083,0.070255,0.10771,-33.11689,153,0.002948,1302.3359,0.002686,0
30,1.28,0.0,0.0,0.0,0.0,0.0,0.0,0.0,0.0,0.0,0.0,0.0,0.0,0,0.0,0.0,0.0,1
31,1.3227,0.0,0.0,0.0,0.0,0.0,0.0,0.0,0.0,0.0,0.0,0.0,0.0,0,0.0,0.0,0.0,1
32,1.3653,0.0,0.0,0.0,0.0,0.0,0.0,0.0,0.0,0.0,0.0,0.0,0.0,0,0.0,0.0,0.0,1
33,1.408,0.0,0.0,0.0,0.0,0.0,0.0,0.0,0.0,0.0,0.0,0.0,0.0,0,0.0,0.0,0.0,1
34,1.4507,6609.95,6046.9096,13253.91,-6.9701835599,0.39156,0.356562,15.56,1.0216,0.4651,0.074644,0.694162,-18.004652,56,0.122547,1283.9341,0.047003,0
35,1.4933,6374.83,5659.6309,12480.47,-6.0932467132,0.175367,0.430616,22.1802,1.0615,0.5342,0.060985,0.691147,-4.299549,186,0.171864,1763.588,0.09193,0
36,1.536,6275.25,5645.5019,12328.12,-6.3222209217,0.145868,0.42716,20.8693,1.0403,0.4904,0.061568,0.697937,-2.606226,172,0.151679,1827.1661,0.089244,0
37,1.5787,5890.91,5524.2241,12058.59,-5.8830572523,0.220341,0.448483,29.7524,1.125,0.6319,0.058042,0.617505,-1.579642,170,0.173235,1725.4322,0.081065,0
38,1.6213,5962.0,5585.641,12070.31,-5.7123146671,0.164385,0.45949,29.9585,1.1098,0.596,0.056287,0.621527,1.655906,189,0.178326,1820.8007,0.077646,0
39,1.664,5940.79,5471.4373,11847.66,-5.8285044098,0.221562,0.465449,34.6635,1.1165,0.6583,0.055355,0.630564,-1.216051,166,0.184287,1803.9332,0.078623,0
40,1.7067,5789.53,5530.8176,11847.66,-6.0136340643,0.304357,0.443982,26.5798,1.1591,0.7233,0.058772,0.645103,-1.319895,154,0.185744,1674.5517,0.079722,0
41,1.7493,5636.98,5481.7191,11519.53,-5.8084267715,0.257222,0.461119,37.2099,1.1718,0.7741,0.056031,0.592959,-4.66742,171,0.177272,1849.0791,0.074716,0
42,1.792,5515.67,5333.2969,11109.38,-5.300897032,0.177464,0.487459,54.2832,1.1317,0.6961,0.05201,0.47753,1.828607,162,0.187428,1941.7726,0.070199,0
43,1.8347,5776.33,5501.9238,11800.78,-6.0496728964,0.210885,0.438438,26.802,1.1209,0.6434,0.059682,0.615627,-5.729716,167,0.190885,1731.5183,0.066903,0
44,1.8773,5945.75,5555.2968,12046.88,-6.119148185,0.299761,0.44177,25.1209,1.1483,0.7249,0.059134,0.658797,-7.068777,167,0.17354,1743.6785,0.077158,0
45,1.92,5762.94,5507.1176,11753.91,-5.5710801331,0.199287,0.482774,37.5384,1.1093,0.5621,0.052709,0.561433,-0.079377,169,0.183653,1761.2895,0.081065,0
46,1.9627,6099.16,5556.9074,12140.62,-6.6278967942,0.251716,0.404899,19.2419,1.0979,0.6631,0.065442,0.675252,-3.754691,165,0.188599,1825.7249,0.077646,0
47,2.0053,5769.41,5365.7019,11566.41,-5.6029862505,0.301447,0.467588,37.6459,1.1634,0.7847,0.055023,0.580576,-1.216703,154,0.176347,1776.5632,0.076181,0
48,2.048,5832.42,5480.6144,11906.25,-5.56963283,0.255912,0.469084,35.8917,1.1374,0.6697,0.054792,0.576904,-5.568102,171,0.179051,1728.2291,0.08082,0
49,2.0907,5898.84,5558.4956,11976.56,-5.9699363601,0.308321,0.439725,25.6946,1.1509,0.6948,0.05947,0.633462,-6.258588,168,0.178189,1770.2015,0.086436,0
50,2.1333,5794.58,5414.876,11367.19,-6.2243643062,0.343233,0.423774,23.9085,1.1999,0.9596,0.062144,0.654643,-0.764762,184,0.180785,1814.7152,0.082774,0
51,2.176,5828.5,5458.4051,11683.59,-5.9067710101,0.336443,0.452315,31.9566,1.1544,0.7632,0.057427,0.626412,-0.456565,192,0.186808,1706.4499,0.079355,0
52,2.2187,5626.24,5497.8986,11707.03,-5.9492896329,0.242106,0.439462,32.0003,1.1631,0.7639,0.059513,0.58751,-7.28062,170,0.180853,1877.5622,0.069711,0
53,2.2613,5940.85,5486.1287,11953.12,-5.731125007,0.29387,0.465448,34.3434,1.0581,0.5141,0.055355,0.623577,-5.49023,182,0.178715,1797.1914,0.074594,0
54,2.304,6017.86,5478.9949,11812.5,-6.4038036277,0.328836,0.415741,22.3371,1.115,0.7442,0.063529,0.672949,-5.587582,170,0.17877,1839.306,0.085826,0
55,2.3467,5970.4,5624.0679,12082.03,-6.5959309502,0.206336,0.414171,19.7623,1.1292,0.6801,0.063803,0.686016,-4.316644,158,0.177288,1756.6971,0.085704,0
56,2.3893,5896.18,5541.5434,11847.66,-6.4689192859,0.232673,0.41616,22.327,1.1361,0.7564,0.063457,0.664077,-8.328559,156,0.182353,1771.0738,0.089366,0
57,2.432,6107.09,5547.2404,12035.16,-6.5738201379,0.336211,0.408317,17.8623,1.1409,0.7707,0.064834,0.698432,-3.0475,153,0.173349,1801.7145,0.094982,0
58,2.4747,5866.08,5572.0042,11941.41,-6.0740979615,0.189735,0.432042,26.7751,1.12,0.6665,0.060746,0.606413,-4.841449,207,0.188752,1888.6221,0.080942,0
59,2.5173,5545.32,5409.1654,11378.91,-6.0617531855,0.177,0.439554,31.5796,1.1731,0.7818,0.059498,0.598195,-3.427441,179,0.187627,1744.1707,0.06617,0
60,2.56,5686.17,5544.0981,11648.44,-6.1732066845,0.232022,0.434808,28.2886,1.1777,0.7648,0.060284,0.619002,-8.73436,168,0.183236,1713.4542,0.078989,0
61,2.6027,6062.75,5476.8965,11871.09,-6.7484482811,0.182939,0.406497,17.8591,1.1781,0.9663,0.065157,0.71047,-2.938689,188,0.182014,1856.5332,0.093517,0
62,2.6453,5789.34,5460.2335,11472.66,-6.0536428027,0.188259,0.431557,28.1971,1.1548,0.8076,0.060827,0.619453,-3.914057,164,0.182839,1765.17,0.088878,0
63,2.688,5813.37,5440.2049,11449.22,-6.0435815773,0.233497,0.43446,26.9158,1.1517,0.7964,0.060342,0.629504,-3.848716,156,0.175869,1768.9016,0.076059,0
64,2.7307,5676.15,5519.5219,11707.03,-6.4607128763,0.235639,0.408466,22.1139,1.1557,0.7557,0.064807,0.643297,-8.408661,155,0.183832,1870.2396,0.073984,0
65,2.7733,5800.28,5452.2108,11683.59,-6.2205092187,0.325454,0.43152,26.2976,1.1731,0.8491,0.060833,0.651611,-1.416242,188,0.181053,1804.4656,0.078623,0
66,2.816,5665.63,5441.2371,11589.84,-5.5976464934,0.38254,0.463436,39.3689,1.1642,0.7579,0.055668,0.540409,-9.213223,162,0.191811,1705.8937,0.08082,0
67,2.8587,5888.63,5489.8785,11765.62,-6.500866766,0.199917,0.411838,20.9506,1.1616,0.8441,0.064212,0.662404,-5.997189,150,0.184468,1739.1927,0.080088,0
68,2.9013,5723.09,5460.368,11378.91,-6.7281252137,0.20471,0.391162,18.9492,1.2014,0.9861,0.06794,0.660526,-2.252856,178,0.185273,1835.9917,0.078867,0
69,2.944,5889.84,5495.0675,11800.78,-6.1995304472,0.205087,0.431202,25.9684,1.179,0.8315,0.060887,0.667743,-2.215106,141,0.177487,1793.7595,0.078135,0
70,2.9867,5814.97,5556.3414,11941.41,-6.1339480949,0.268699,0.434392,26.6487,1.1512,0.6988,0.060353,0.633643,-5.119258,166,0.176725,1899.964,0.079477,0
71,3.0293,5943.15,5507.9915,11976.56,-5.8822551886,0.279298,0.463572,30.094,1.139,0.6806,0.055647,0.635042,-5.947805,161,0.17587,1705.2082,0.079966,0
72,3.072,5828.55,5436.1249,11730.47,-5.5530530208,0.272468,0.485662,43.2517,1.0994,0.6031,0.052278,0.554809,0.678831,190,0.176963,1828.7393,0.077768,0
73,3.1147,5872.64,5528.6899,11894.53,-6.6085213248,0.352034,0.405506,18.9146,1.1639,0.7923,0.065334,0.677882,-1.818563,174,0.177537,1811.1791,0.08546,0
74,3.1573,5838.3,5547.8997,11929.69,-5.6404336528,0.368024,0.46862,31.9865,1.1019,0.565,0.054863,0.603736,-5.708978,168,0.1744,1825.295,0.078012,0
75,3.2,5701.7,5494.009,11789.06,-5.7895825472,0.212009,0.468045,35.9559,1.1759,0.7306,0.054952,0.604236,-0.725673,177,0.181393,1714.5928,0.072274,0
76,3.2427,6008.93,5530.3206,12035.16,-6.709440031,0.410562,0.397346,18.38,1.1529,0.7921,0.066805,0.687799,-5.471135,177,0.178563,1806.4405,0.08082,0
77,3.2853,5784.16,5560.087,11730.47,-6.2802236822,0.334291,0.42212,23.5767,1.1935,0.8273,0.062427,0.653133,-2.602364,181,0.179586,1815.6873,0.081431,0
78,3.328,5716.78,5387.4204,11636.72,-6.0633236779,0.490044,0.430905,26.1523,1.1861,0.8627,0.060936,0.641864,-2.305417,185,0.187187,1934.3433,0.077524,0
79,3.3707,5639.02,5368.2249,11332.03,-5.5272821489,0.294571,0.464244,42.4587,1.1608,0.8034,0.055542,0.533522,-4.449851,199,0.177797,1838.0804,0.071786,0
80,3.4133,5752.98,5485.5802,11730.47,-5.6937669534,0.356076,0.446499,35.5176,1.1156,0.6364,0.058363,0.591658,-1.903383,183,0.18788,1765.3155,0.066536,0
81,3.456,5600.71,5439.8152,11460.94,-5.8325298367,0.175618,0.448282,36.4876,1.1701,0.7885,0.058075,0.585665,-7.147226,164,0.180278,1773.5487,0.067147,0
82,3.4987,5588.48,5374.9555,11156.25,-6.0922992912,0.21345,0.440063,32.1651,1.1901,0.9117,0.059414,0.593943,-6.662724,173,0.17449,1778.8518,0.069955,0
83,3.5413,5649.16,5512.5833,11648.44,-5.8555718087,0.160489,0.452237,33.7647,1.1414,0.6961,0.057439,0.578259,-4.873639,165,0.183144,1689.9136,0.076425,0
84,3.584,5845.01,5427.7442,11390.62,-6.1636443879,0.260093,0.432464,26.5734,1.1608,0.8432,0.060675,0.641486,-5.717522,184,0.181281,1788.46,0.080942,0
85,3.6267,5640.12,5462.6302,11390.62,-6.0639579446,0.248309,0.444165,31.4903,1.1743,0.812,0.058743,0.622384,-4.695986,174,0.176035,1849.39,0.080454,0
86,3.6693,5789.55,5549.2442,11859.38,-6.5378036692,0.18908,0.411508,22.615,1.1715,0.821,0.06427,0.660437,-5.246111,166,0.177855,1836.6839,0.082408,0
87,3.712,5913.64,5495.8001,11917.97,-6.4262717617,0.288578,0.41663,22.3156,1.1469,0.8071,0.063375,0.676546,-2.362845,168,0.177005,1784.379,0.080942,0
88,3.7547,5670.33,5495.3558,11566.41,-6.0245585316,0.358083,0.437993,30.1415,1.1816,0.8087,0.059756,0.626995,-2.913802,180,0.180782,1747.2827,0.073373,0
89,3.7973,5848.37,5476.5709,11718.75,-6.384569733,0.342598,0.421973,22.6113,1.1493,0.8059,0.062453,0.648467,-2.48639,166,0.183739,1801.8247,0.073617,0
90,3.84,6060.95,5599.2969,12070.31,-6.7388262048,0.199971,0.400118,18.0462,1.1257,0.7661,0.066302,0.686368,-4.679369,178,0.182712,1963.2109,0.085826,0
91,3.8827,5858.66,5554.5354,11824.22,-6.2402467984,0.22857,0.426522,25.4872,1.1488,0.775,0.061676,0.635463,-7.303378,210,0.174973,1893.317,0.079355,0
92,3.9253,5590.48,5410.9378,11484.38,-5.6013268829,0.354342,0.463826,37.9033,1.1726,0.7731,0.055607,0.579375,-5.106884,180,0.182448,1871.4487,0.070077,0
93,3.968,5747.15,5503.3165,11871.09,-5.9104518457,0.31959,0.454701,33.829,1.1341,0.6722,0.057046,0.594977,-6.441945,190,0.181248,1781.2513,0.079233,0
94,4.0107,5886.83,5535.3653,11859.38,-6.3357521792,0.162725,0.423741,23.0502,1.1278,0.7086,0.06215,0.638991,-3.011094,173,0.171232,1792.62,0.084605,0
95,4.0533,5707.79,5473.8458,11566.41,-5.7502023715,0.15578,0.454627,34.479,1.1442,0.7293,0.057057,0.586845,0.96781,179,0.184121,1751.931,0.079844,0
96,4.096,5861.4,5528.5406,11730.47,-6.5551687407,0.214191,0.409037,20.4641,1.1665,0.8343,0.064706,0.674262,-1.756503,176,0.188784,1799.9615,0.080698,0
97,4.1387,5997.16,5554.7483,12011.72,-6.4492176059,0.236818,0.409875,20.3731,1.1414,0.8088,0.064558,0.666202,-3.623242,152,0.167638,1931.6304,0.085948,0
98,4.1813,5856.84,5557.3669,11929.69,-6.3699511316,0.264912,0.420692,22.7224,1.1447,0.7237,0.062673,0.667588,-1.616262,183,0.178022,1760.8091,0.086681,0
99,4.224,6051.75,5559.495,12093.75,-6.6420319121,0.172315,0.406415,18.9143,1.1227,0.7378,0.065172,0.687546,-5.184556,163,0.174069,1887.366,0.089488,0
100,4.2667,5960.12,5523.8004,11777.34,-5.9332551745,0.225471,0.445788,27.1001,1.1079,0.6563,0.058479,0.625307,-1.194022,179,0.17911,1720.4752,0.087169,0
101,4.3093,5871.56,5552.6019,11824.22,-6.556578437,0.143249,0.413053,21.3439,1.1374,0.7679,0.063999,0.665335,-5.02571,162,0.175875,1782.684,0.083384,0
102,4.352,5776.73,5540.6927,11730.47,-6.2155509351,0.138237,0.430304,24.9447,1.1437,0.7031,0.061037,0.632668,-4.144608,167,0.178906,1692.5068,0.084727,0
103,4.3947,5934.4,5570.2388,12058.59,-6.0483965225,0.144385,0.447513,28.4892,1.0979,0.5953,0.058199,0.636077,-1.393327,171,0.171694,1758.4791,0.081553,0
104,4.4373,5587.04,5447.1568,11460.94,-5.906774158,0.333086,0.448314,32.3682,1.2038,0.8287,0.05807,0.600356,-2.394766,174,0.170793,1791.5564,0.081309,0
105,4.48,5717.86,5610.6033,11964.84,-6.7026212092,0.326779,0.399713,19.3377,1.1979,0.794,0.066375,0.657656,-7.921549,196,0.174916,1873.4756,0.079966,0
106,4.5227,5534.34,5457.74,11542.97,-6.0556802352,0.344306,0.430364,30.1537,1.2107,0.8809,0.061027,0.61739,-5.496632,176,0.182885,1762.2931,0.073129,0
107,4.5653,5833.34,5457.3682,11707.03,-6.0323580802,0.256847,0.44101,26.7784,1.1397,0.7303,0.059259,0.648634,-0.619986,165,0.181531,1813.991,0.073739,0
108,4.608,5984.0,5538.276,12046.88,-6.0932504072,0.189425,0.436912,26.556,1.1103,0.6801,0.059934,0.638641,-1.049257,156,0.174364,1833.9036,0.078501,0
109,4.6507,5645.49,5489.7923,11707.03,-5.8818355013,0.342867,0.450072,32.8872,1.1689,0.7653,0.057786,0.59596,-5.383453,160,0.175993,1746.3837,0.075937,0
110,4.6933,5619.62,5513.7959,11871.09,-5.9124388931,0.308022,0.453958,34.7614,1.124,0.5914,0.057164,0.584681,-6.090374,176,0.183633,1750.3715,0.06617,0
111,4.736,5830.23,5522.661,11882.81,-5.7918205244,0.219828,0.458529,34.4759,1.0908,0.5655,0.056439,0.569955,-5.080828,181,0.179555,1805.6555,0.073984,0
112,4.7787,5868.36,5522.421,11871.09,-5.8856686075,0.223556,0.445924,27.6574,1.0888,0.5879,0.058457,0.611841,-7.392537,158,0.175762,1646.4527,0.075449,0
113,4.8213,5682.56,5497.7358,11484.38,-5.7844928393,0.384366,0.45801,37.4837,1.172,0.805,0.056521,0.553095,0.628265,165,0.176699,1691.3038,0.072397,0
114,4.864,5629.43,5410.3931,11367.19,-6.0016955903,0.395693,0.454586,32.3727,1.1703,0.8167,0.057064,0.616476,-2.428738,139,0.173804,1756.3262,0.071054,0
115,4.9067,5405.57,5359.2952,11320.31,-5.5322510154,0.191885,0.478175,49.553,1.1617,0.6931,0.053402,0.493248,2.235125,176,0.188927,2012.8334,0.072397,0
116,4.9493,5919.9,5443.9876,11824.22,-6.0094373864,0.204601,0.443825,28.9936,1.095,0.668,0.058798,0.644255,-6.441006,170,0.186418,1829.9029,0.072641,0
117,4.992,5564.03,5467.3416,11460.94,-5.2310450116,0.34076,0.494681,53.3371,1.131,0.6188,0.050946,0.473658,3.261981,176,0.193339,1909.6952,0.064095,0
118,5.0347,5819.65,5539.5025,11824.22,-5.8614588318,0.336182,0.450649,30.2958,1.131,0.6397,0.057694,0.611814,-2.279852,174,0.19354,1712.476,0.071176,0
119,5.0773,5638.67,5388.7941,11238.28,-6.0166714643,0.208311,0.438477,33.0626,1.1507,0.828,0.059676,0.584404,-2.850123,156,0.182635,1823.4423,0.072274,0
120,5.12,5877.0,5516.2454,11742.19,-6.157845506,0.304072,0.422836,26.1406,1.1277,0.7178,0.062305,0.626348,-4.880405,184,0.183856,1905.8102,0.07728,0
121,5.1627,5765.14,5505.2587,11660.16,-6.2201068316,0.209954,0.427718,24.1992,1.1648,0.7876,0.061474,0.639873,-3.362186,182,0.184068,1728.2663,0.0796,0
122,5.2053,5662.89,5530.5569,11589.84,-6.2774853711,0.297765,0.411574,24.2729,1.1695,0.8103,0.064259,0.616137,-3.602805,186,0.18044,1740.8574,0.073373,0
123,5.248,5608.02,5462.5183,11355.47,-6.1331061408,0.405714,0.435438,28.7567,1.1971,0.8572,0.060179,0.622701,-5.670778,149,0.186038,1681.4473,0.078379,0
124,5.2907,5610.2,5464.0761,11601.56,-5.9494138594,0.372042,0.442686,31.8773,1.1665,0.7612,0.058984,0.600653,-5.79039,163,0.183393,1913.563,0.080698,0
125,5.3333,5654.87,5500.816,11718.75,-6.3223621066,0.316773,0.420246,26.5946,1.1858,0.8311,0.062749,0.619298,-7.223144,162,0.180681,1849.517,0.07435,0
126,5.376,5715.71,5413.835,11378.91,-6.0963352931,0.351519,0.442149,28.5994,1.1616,0.8128,0.059072,0.625692,-4.990796,181,0.17113,1772.4225,0.082408,0
127,5.4187,5797.7,5549.4798,11906.25,-6.0183202381,0.283194,0.438739,27.19,1.1136,0.6344,0.059632,0.601596,-4.883706,169,0.167501,1793.7741,0.08546,0
128,5.4613,5987.72,5452.4714,11859.38,-5.945203778,0.207089,0.448205,27.5468,1.0887,0.641,0.058087,0.644251,-3.826394,172,0.183755,1746.5323,0.076914,0
129,5.504,5857.24,5574.7882,11929.69,-6.2733660419,0.303366,0.42467,22.6558,1.134,0.6794,0.061991,0.644433,-5.493893,166,0.182916,1655.9626,0.08253,0
130,5.5467,5784.87,5477.6634,11742.19,-5.6905149104,0.256764,0.46161,36.779,1.1294,0.6653,0.055954,0.574496,-6.966199,161,0.173999,1766.0645,0.08021,0
131,5.5893,5631.5,5466.2564,11542.97,-6.0006902601,0.192171,0.44233,32.575,1.1507,0.7258,0.059042,0.607086,-4.711825,166,0.174015,1804.6105,0.066903,0
132,5.632,5772.09,5553.472,11906.25,-6.359328085,0.258003,0.416714,23.1003,1.1684,0.7909,0.06336,0.637711,-6.083178,173,0.179427,1750.6694,0.075449,0
133,5.6747,5669.35,5508.8254,11636.72,-5.9211419694,0.261784,0.446717,30.8913,1.13,0.6515,0.058328,0.596934,-7.486092,179,0.183928,1955.5825,0.079233,0
134,5.7173,5794.95,5429.1856,11484.38,-5.9618281904,0.32633,0.444215,27.7448,1.1697,0.8386,0.058735,0.646974,-2.422605,158,0.184131,1827.3987,0.078257,0
135,5.76,5816.86,5523.8811,11718.75,-6.8563804285,0.455972,0.389233,17.9614,1.2405,1.0665,0.068298,0.679912,-3.30944,163,0.17735,1832.8706,0.084849,0
136,5.8027,5899.92,5576.0632,11964.84,-5.9299844647,0.346386,0.449173,28.1282,1.1178,0.6495,0.057931,0.634725,-8.498049,168,0.183148,1734.2854,0.077646,0
137,5.8453,5585.21,5450.4363,11367.19,-5.7568150227,0.123321,0.457602,37.6703,1.1895,0.8234,0.056585,0.555756,-6.174965,191,0.17785,1821.6799,0.080332,0
138,5.888,5952.23,5549.8158,11871.09,-6.1505855077,0.20265,0.436098,25.5446,1.1276,0.7256,0.060069,0.64651,-5.580686,173,0.1789,1826.8287,0.08546,0
139,5.9307,5929.07,5544.4144,11929.69,-6.0840090841,0.269966,0.44126,27.0928,1.1065,0.6625,0.059217,0.634444,-2.388492,190,0.174918,1875.8718,0.08607,0
140,5.9733,5913.96,5502.1382,11906.25,-6.1790763293,0.166244,0.429358,26.3086,1.1338,0.7357,0.061197,0.648898,0.055565,178,0.180627,1900.8437,0.086925,0
141,6.016,5738.19,5494.9385,11742.19,-5.8478912826,0.24804,0.446628,32.3031,1.1262,0.665,0.058342,0.601029,-1.689743,169,0.18456,1835.3983,0.08375,0
142,6.0587,5891.03,5535.9756,11859.38,-6.8913650753,0.285995,0.386605,17.0667,1.2234,1.0035,0.068789,0.688844,-2.618594,176,0.184234,1883.972,0.084849,0
143,6.1013,5797.04,5532.1707,11753.91,-6.2295193913,0.230881,0.428683,24.5457,1.1652,0.7797,0.061311,0.63787,-3.96561,168,0.175326,1762.6325,0.083262,0
144,6.144,5907.22,5570.8144,12011.72,-6.3990144698,0.273598,0.422027,22.6146,1.1353,0.7202,0.062443,0.656029,-3.576682,163,0.174453,1855.6101,0.082041,0
145,6.1867,5730.26,5515.3826,11554.69,-6.142196144,0.332937,0.435971,28.2774,1.1799,0.824,0.06009,0.627631,-5.142625,194,0.173361,1893.8932,0.073251,0
146,6.2293,5721.63,5486.5925,11554.69,-5.9053744643,0.191357,0.45546,34.5875,1.1416,0.7175,0.056925,0.590307,-7.48482,171,0.174912,1735.2365,0.074472,0
147,6.272,5858.98,5551.165,11824.22,-6.3342510585,0.2406,0.424679,24.3124,1.1576,0.8008,0.06199,0.646435,-7.181467,167,0.171471,1747.8644,0.084239,0
148,6.3147,5495.31,5468.7331,11460.94,-6.039988554,0.2243,0.435521,31.5227,1.2051,0.8571,0.060165,0.595063,-1.578713,184,0.17811,1912.8548,0.072641,0
149,6.3573,5418.75,5471.746,11343.75,-5.9056193344,0.215237,0.438401,31.9226,1.2015,0.802,0.059688,0.569931,-6.729829,164,0.178291,1850.4904,0.061531,0
150,6.4,5610.71,5583.5308,11753.91,-6.1592550737,0.274578,0.427096,25.6649,1.1559,0.682,0.061579,0.596693,-5.084773,179,0.178652,1855.2366,0.071786,0
151,6.4427,5715.6,5504.949,11835.94,-6.1679223647,0.18986,0.429449,24.9316,1.1685,0.7526,0.061181,0.627644,-7.911649,160,0.175737,1759.5168,0.081431,0
152,6.4853,5703.19,5439.0645,11367.19,-6.5582642944,0.266367,0.404633,22.8935,1.2034,0.9548,0.06549,0.665203,-3.709736,161,0.181218,1825.2572,0.078745,0
153,6.528,5605.14,5493.2805,11519.53,-6.2512413712,0.206158,0.424018,24.8095,1.1758,0.7772,0.062103,0.632618,-6.762947,178,0.185135,1707.0506,0.075937,0
154,6.5707,5872.0,5566.6807,11824.22,-6.2285944615,0.183837,0.422404,24.029,1.1526,0.7513,0.062379,0.629183,-5.624343,166,0.182589,1794.6754,0.078623,0
155,6.6133,5896.27,5546.3573,11847.66,-6.4315400242,0.334607,0.413942,21.0241,1.1724,0.8441,0.063843,0.663208,-5.145749,188,0.177328,1760.5134,0.078012,0
156,6.656,5551.86,5354.8611,11285.16,-5.9449598664,0.251915,0.451407,34.885,1.168,0.8282,0.057572,0.582926,-6.906705,170,0.181005,1795.317,0.071054,0
157,6.6987,5690.3,5438.9429,11402.34,-6.2054074624,0.222384,0.436631,29.5507,1.181,0.8759,0.059981,0.60576,-6.532341,163,0.177528,1784.2639,0.076792,0
158,6.7413,5763.3,5498.3528,11906.25,-6.0114233705,0.224896,0.448691,30.4435,1.1464,0.6906,0.058009,0.604296,-8.295721,136,0.167675,1809.8962,0.074228,0
159,6.784,5702.98,5492.1066,11695.31,-6.0264119159,0.337923,0.440616,29.392,1.1705,0.7864,0.059323,0.609433,0.864814,183,0.18115,1794.7443,0.075327,0
160,6.8267,5843.73,5519.2609,11871.09,-6.1899465748,0.230681,0.425353,24.7145,1.1734,0.8294,0.061875,0.652923,-3.080942,166,0.186382,1776.4901,0.071542,0
161,6.8693,5525.82,5426.8545,11273.44,-5.5628896359,0.29525,0.463604,44.2463,1.1944,0.8639,0.055642,0.542841,-1.293568,152,0.1948,1809.9834,0.067025,0
162,6.912,5658.15,5440.8274,11460.94,-6.4517167262,0.353422,0.408038,22.3365,1.2259,1.0094,0.064883,0.646743,-3.259075,201,0.190516,1789.997,0.076547,0
163,6.9547,5761.22,5491.576,11601.56,-5.7169777225,0.262986,0.456156,33.8317,1.14,0.7159,0.056814,0.572186,1.577445,185,0.185835,1796.1381,0.076547,0
164,6.9973,5694.2,5448.9094,11414.06,-6.0384864246,0.361427,0.439752,28.1883,1.1737,0.8166,0.059465,0.611075,-0.224018,162,0.172225,1795.7875,0.075937,0
165,7.04,5844.11,5495.5291,11730.47,-6.5104295165,0.340079,0.412674,22.3668,1.159,0.8334,0.064065,0.664691,-3.168774,182,0.172321,1912.9367,0.079966,0
166,7.0827,5689.94,5486.568,11636.72,-6.1281268699,0.355832,0.440501,29.4652,1.1307,0.6596,0.059342,0.619046,-0.338727,171,0.165277,1751.412,0.076181,0
167,7.1253,5818.36,5460.1866,11753.91,-5.8741442292,0.226488,0.455003,30.4325,1.1414,0.7382,0.056998,0.61674,-1.206645,159,0.181586,1703.3434,0.075815,0
168,7.168,5781.62,5537.521,11824.22,-6.4697669987,0.151248,0.410266,21.7711,1.1465,0.8058,0.064489,0.647453,-3.978318,175,0.18937,1891.6009,0.087291,0
169,7.2107,6159.11,5549.2212,12199.22,-6.1248987203,0.251313,0.441792,25.4954,1.0871,0.625,0.05913,0.674114,-0.374543,187,0.18872,1764.1393,0.088634,0
170,7.2533,5961.72,5527.1607,11917.97,-6.3057127398,0.236589,0.42695,23.3981,1.141,0.7529,0.061604,0.678548,-2.277553,195,0.175618,1768.141,0.08314,0
171,7.296,5842.42,5510.7115,11812.5,-6.4582742506,0.196467,0.399717,20.9671,1.1723,0.8899,0.066374,0.647639,-4.821399,192,0.180082,1900.0334,0.084483,0
172,7.3387,5840.5,5509.7378,11824.22,-5.8973715272,0.307411,0.454527,31.2166,1.1006,0.6222,0.057073,0.597421,-7.473464,174,0.178932,1787.8316,0.080088,0
173,7.3813,5714.54,5436.4178,11355.47,-6.2896949418,0.231333,0.420974,26.6046,1.1995,0.932,0.062624,0.634823,0.337853,185,0.175578,1789.1974,0.071908,0
174,7.424,5485.22,5491.5052,11343.75,-5.4740889666,0.219187,0.475658,49.3982,1.1492,0.646,0.053784,0.484654,-8.633241,170,0.188284,1958.2004,0.064095,0
175,7.4667,5491.49,5467.8396,11601.56,-5.4347699824,0.427254,0.478507,47.3851,1.147,0.6251,0.053352,0.526905,0.463458,183,0.180583,1959.5086,0.06617,0
176,7.5093,5896.49,5536.0591,11941.41,-6.1395837537,0.278592,0.434996,26.9422,1.1231,0.6484,0.060253,0.655833,-5.116444,165,0.199286,1791.0046,0.078867,0
177,7.552,5915.78,5479.9027,11882.81,-6.2968234237,0.240322,0.437378,25.1426,1.1511,0.798,0.059857,0.666294,-6.666421,170,0.17145,1747.389,0.080698,0
178,7.5947,5852.07,5486.9797,11800.78,-6.1974068697,0.400701,0.430293,25.9813,1.1679,0.8019,0.061039,0.652248,-4.826195,162,0.177619,1782.6881,0.086314,0
179,7.6373,5823.11,5493.219,11730.47,-6.2646767005,0.445819,0.422008,23.1477,1.1645,0.8124,0.062447,0.633747,-5.459088,169,0.179702,1812.1401,0.084117,0
180,7.68,5820.31,5562.5546,11753.91,-6.6713944452,0.119603,0.404843,20.2176,1.1995,0.8948,0.065452,0.68295,-8.416325,164,0.179624,1764.2015,0.076059,0
181,7.7227,5823.59,5459.8473,11847.66,-5.857597357,0.191313,0.465783,34.8376,1.1234,0.6394,0.055303,0.604083,-0.64899,177,0.182439,1788.9802,0.081431,0
182,7.7653,5988.33,5564.0118,11929.69,-6.8953811708,0.291693,0.390716,17.8379,1.1912,0.9413,0.068023,0.702029,-3.829267,159,0.17748,1850.2826,0.085582,0
183,7.808,5742.95,5524.4076,11812.5,-6.4171037896,0.247645,0.415479,23.0786,1.1825,0.8318,0.063575,0.651414,-0.510595,196,0.174477,1800.7672,0.08607,0
184,7.8507,5849.09,5517.6971,11753.91,-6.0231027863,0.201579,0.444477,30.4065,1.1321,0.6989,0.058692,0.640215,-1.519086,164,0.175384,1805.2626,0.085582,0
185,7.8933,5934.55,5526.4276,11800.78,-6.1928035383,0.169029,0.419103,24.1505,1.1244,0.7477,0.062946,0.638448,-7.0595,180,0.183309,1836.4732,0.082896,0
186,7.936,5953.94,5442.4348,11871.09,-5.8543927607,0.209196,0.463283,30.6038,1.1158,0.7054,0.055692,0.648147,-1.29739,148,0.189277,1793.7222,0.081675,0
187,7.9787,6086.55,5514.243,12046.88,-6.0196235869,0.354902,0.451347,27.4347,1.0924,0.614,0.057582,0.65882,-4.006637,172,0.176082,1769.9901,0.08253,0
188,8.0213,5753.74,5363.9813,11332.03,-5.9084789332,0.180668,0.45538,34.5049,1.1874,0.913,0.056938,0.622208,-2.14474,165,0.179284,1803.7964,0.083995,0
189,8.064,6053.77,5486.4227,11835.94,-6.2595964435,0.19088,0.428874,23.0262,1.1127,0.7252,0.061278,0.68265,-5.065452,164,0.173372,1737.2199,0.087535,0
190,8.1067,5897.18,5571.9042,11871.09,-6.0549700538,0.228496,0.448785,26.6693,1.1109,0.5887,0.057994,0.655924,-1.807014,165,0.174596,1848.006,0.087169,0
191,8.1493,5890.17,5557.0261,11941.41,-6.7444077757,0.231507,0.399223,18.5169,1.1559,0.8,0.066464,0.68345,-4.307488,169,0.184505,1829.9591,0.084361,0
192,8.192,5845.31,5581.3653,12011.72,-6.3406684208,0.247992,0.426091,25.3572,1.1472,0.7455,0.06175,0.648232,-5.874044,146,0.181125,1728.6652,0.076059,0
193,8.2347,5739.61,5505.9036,11753.91,-5.6934415705,0.235133,0.470163,36.7222,1.1404,0.6802,0.054625,0.574906,0.945973,172,0.170771,1824.1487,0.071908,0
194,8.2773,5784.61,5542.0165,11847.66,-6.2454604148,0.242586,0.432825,25.2902,1.1651,0.7465,0.060615,0.658461,-1.153897,198,0.174967,1750.46,0.075571,0
195,8.32,5734.9,5411.7045,11566.41,-5.7801469783,0.207815,0.453958,35.3348,1.1375,0.7051,0.057164,0.603988,-2.05388,178,0.184328,1779.902,0.070565,0
196,8.3627,5617.45,5416.0302,11460.94,-5.1490968397,0.302679,0.496636,54.6226,1.1238,0.6217,0.05066,0.447478,-8.911984,153,0.186715,1972.7308,0.064461,0
197,8.4053,5713.28,5448.4853,11578.12,-5.4689313221,0.268173,0.473321,43.7938,1.1003,0.6055,0.054141,0.532417,-7.689608,174,0.191083,1737.5523,0.057014,0
198,8.448,5778.38,5496.7763,11824.22,-5.4093984346,0.324543,0.494831,42.5169,1.1114,0.5635,0.050924,0.537312,0.793624,173,0.172673,1750.7257,0.069222,0
199,8.4907,5969.65,5529.8659,12082.03,-5.3916656972,0.162268,0.491622,39.7911,1.0739,0.5081,0.051395,0.588417,-0.762469,186,0.173935,1724.3817,0.077646,0
200,8.5333,5633.14,5413.7376,11449.22,-5.3623874531,0.171433,0.491421,49.0772,1.1224,0.6455,0.051424,0.530886,0.289518,164,0.172874,1826.2337,0.065316,0
201,8.576,5789.85,5543.2224,11765.62,-5.7880003473,0.224285,0.446911,31.6657,1.1262,0.6466,0.058297,0.576636,-7.359869,148,0.181313,1808.0259,0.077402,0
202,8.6187,6101.7,5595.4986,12246.09,-5.5693198011,0.173733,0.479614,32.2131,1.0608,0.4829,0.053185,0.620587,-1.871302,167,0.185781,1739.622,0.081797,0
203,8.6613,5798.6,5503.6484,11695.31,-5.5320237949,0.214062,0.476436,39.1851,1.1259,0.6259,0.053666,0.543423,-6.284964,174,0.174175,1709.6703,0.071298,0
204,8.704,5930.48,5539.5951,11929.69,-6.547846364,0.23009,0.407864,19.9926,1.1152,0.6942,0.064914,0.662513,-5.275642,171,0.174294,1799.9479,0.078012,0
205,8.7467,5741.74,5536.0938,11941.41,-6.15092328,0.287801,0.430967,26.5191,1.1237,0.6564,0.060926,0.618968,-5.879792,164,0.179739,1742.9249,0.086192,0
206,8.7893,5653.78,5500.8404,11742.19,-6.0321448986,0.267787,0.436783,30.9739,1.191,0.8253,0.059956,0.612239,-1.388666,184,0.177606,1932.085,0.083384,0
207,8.832,5969.68,5622.9299,12187.5,-6.2952392004,0.280451,0.417498,21.5874,1.0844,0.5517,0.063224,0.646635,-8.501509,159,0.178455,1853.4687,0.073984,0
208,8.8747,5883.0,5579.0303,11812.5,-6.6063591431,0.3161,0.408476,18.7991,1.1592,0.8046,0.064806,0.661394,-2.965998,191,0.176874,1871.3768,0.078501,0
209,8.9173,5861.6,5580.6654,12058.59,-6.2285828989,0.336827,0.421626,22.9394,1.1226,0.663,0.062512,0.642151,-6.026959,176,0.170415,1798.6295,0.079477,0
210,8.96,5547.84,5521.6229,11765.62,-5.8381351897,0.180055,0.448186,36.261,1.1911,0.7516,0.05809,0.558269,-5.061634,181,0.187226,1734.3333,0.075082,0
211,9.0027,5517.76,5414.3715,11355.47,-5.4972839366,0.187151,0.465136,46.3794,1.1776,0.7713,0.055403,0.538187,-6.676488,165,0.180468,1935.6002,0.070565,0
212,9.0453,5623.2,5484.3733,11660.16,-5.6349080309,0.222509,0.470638,42.3726,1.1756,0.7309,0.054552,0.578064,0.499659,170,0.189306,1816.044,0.061287,0
213,9.088,5701.21,5443.8305,11378.91,-5.7322115376,0.441799,0.465676,37.4133,1.168,0.7725,0.055319,0.564022,0.830008,167,0.1755,1903.1827,0.067879,0
214,9.1307,5722.03,5519.42,11601.56,-6.6002790233,0.286707,0.393198,20.8576,1.2001,0.927,0.067565,0.635714,-6.528715,176,0.188811,1837.234,0.082896,0
215,9.1733,5870.0,5496.168,11753.91,-5.8946875567,0.296922,0.454224,30.9673,1.1231,0.6861,0.057122,0.607618,-0.239978,165,0.176559,1685.8094,0.077524,0
216,9.216,5669.45,5379.4794,11484.38,-5.5625721177,0.306085,0.469727,39.026,1.1636,0.7625,0.054692,0.564352,1.758331,167,0.175222,1857.1084,0.071054,0
217,9.2587,5893.33,5476.7334,11753.91,-6.0646635269,0.303269,0.430242,27.492,1.1349,0.7576,0.061048,0.62007,-4.375534,175,0.173322,1869.1186,0.076914,0
218,9.3013,5662.06,5505.7935,11554.69,-6.2086580708,0.239776,0.422184,28.7036,1.1718,0.8171,0.062416,0.618637,-7.248636,183,0.186375,1802.8991,0.074228,0
219,9.344,5688.66,5492.6586,11425.78,-6.4528800752,0.210677,0.405496,22.6332,1.2149,0.9908,0.065336,0.652789,-1.295008,159,0.18044,1808.5254,0.073617,0
220,9.3867,5801.19,5544.1062,11917.97,-5.9707423045,0.305496,0.44556,29.1246,1.1481,0.6874,0.058516,0.619906,0.827016,156,0.183857,1726.0918,0.0796,0
221,9.4293,5905.57,5493.7896,11742.19,-6.8301019964,0.240101,0.38812,17.974,1.1746,0.8961,0.068506,0.687953,-3.635971,161,0.183741,1799.4703,0.081797,0
222,9.472,5635.17,5526.9711,11390.62,-6.465339051,0.328396,0.414955,24.017,1.204,0.9046,0.063667,0.641036,-4.755576,162,0.179148,1770.566,0.074716,0
223,9.5147,5716.31,5463.6349,11683.59,-5.998592279,0.186555,0.445276,30.9552,1.1418,0.7182,0.058562,0.625454,-2.006733,192,0.182709,1711.2864,0.071908,0
224,9.5573,5546.28,5468.4442,11425.78,-5.9041734643,0.279986,0.445777,34.7973,1.1985,0.8178,0.05848,0.58905,-1.06241,167,0.186675,1799.045,0.071664,0
225,9.6,5773.88,5481.3292,11707.03,-6.2288512938,0.262565,0.421823,24.5725,1.1418,0.7673,0.062478,0.629887,-4.355592,161,0.175975,1835.9595,0.068856,0
226,9.6427,5771.33,5544.8828,11917.97,-6.1558144159,0.277287,0.435169,26.4909,1.1447,0.7025,0.060224,0.639901,-7.144076,156,0.174271,1742.5428,0.077158,0
227,9.6853,5603.9,5495.2381,11554.69,-6.0216744907,0.304947,0.444691,31.3196,1.1899,0.7932,0.058657,0.610206,-2.26191,167,0.172475,1803.8704,0.081309,0
228,9.728,5905.23,5538.4111,11953.12,-6.9070473836,0.252176,0.383265,17.0496,1.1411,0.8155,0.069417,0.677694,-3.904274,158,0.182328,1807.1123,0.080088,0
229,9.7707,5871.39,5496.9741,11906.25,-6.2930208635,0.299571,0.42105,24.44,1.1523,0.7891,0.062611,0.652528,-5.775632,154,0.182881,1839.4638,0.081187,0
230,9.8133,5659.96,5485.7023,11613.28,-5.9980892944,0.308514,0.446778,32.3904,1.2063,0.8784,0.058318,0.602821,-5.238664,175,0.174583,1715.093,0.076425,0
231,9.856,5741.01,5419.9138,11566.41,-6.163711579,0.188083,0.431004,28.2294,1.1574,0.7919,0.06092,0.618633,-5.63342,174,0.174089,1909.5296,0.074472,0
232,9.8987,5871.05,5521.7487,11882.81,-6.5811044908,0.159492,0.410005,22.3036,1.1459,0.766,0.064535,0.668019,-6.830836,163,0.169025,1692.8628,0.081065,0
233,9.9413,5750.5,5474.5192,11507.81,-5.9216679968,0.313612,0.454005,33.2872,1.1461,0.724,0.057156,0.602812,-0.810242,169,0.172848,1674.5745,0.076181,0
234,9.984,5583.47,5393.2577,11496.09,-5.7729705906,0.223559,0.463632,36.7394,1.1666,0.7689,0.055638,0.566208,-0.401275,188,0.177933,1926.9381,0.075815,0
235,10.0267,6037.13,5561.0966,12152.34,-6.7201462232,0.242888,0.395982,18.3427,1.1291,0.7348,0.067054,0.693345,-4.410378,195,0.18761,1885.0804,0.090221,0
236,10.0693,5995.73,5543.1188,12035.16,-6.6534004132,0.14982,0.407393,19.039,1.1308,0.7837,0.064998,0.690053,-5.124016,167,0.165668,1907.1435,0.091808,0
237,10.112,6002.48,5542.3094,11917.97,-6.6152327519,0.185875,0.403925,19.0328,1.1327,0.772,0.065617,0.677402,-1.086293,176,0.176617,1818.9159,0.084727,0
238,10.1547,5700.17,5433.8425,11695.31,-6.3412539258,0.175227,0.422879,24.8387,1.1852,0.9047,0.062297,0.65375,-7.270884,192,0.182872,1815.2658,0.079355,0
239,10.1973,5731.41,5500.0757,11812.5,-6.0043463641,0.200586,0.448708,31.9247,1.1621,0.7636,0.058006,0.607669,-0.030772,179,0.180729,1845.3137,0.079233,0
240,10.24,6087.36,5596.1988,12269.53,-6.2737949674,0.295079,0.430558,22.4741,1.0821,0.5679,0.060995,0.670111,-5.298835,159,0.171601,1767.5685,0.080698,0
241,10.2827,5573.32,5421.7016,11390.62,-5.7248239106,0.210746,0.46208,41.5681,1.1821,0.8191,0.05588,0.540971,0.023518,169,0.184392,1783.6541,0.081675,0
242,10.3253,5924.57,5487.421,11929.69,-5.8424119747,0.209745,0.451906,30.608,1.1369,0.7036,0.057492,0.619767,-0.43938,173,0.176003,1846.9896,0.074594,0
243,10.368,5749.61,5421.5814,11460.94,-6.1486314704,0.182521,0.431226,28.9789,1.1837,0.9203,0.060883,0.632926,-3.830635,166,0.179684,1841.4691,0.073495,0
244,10.4107,5689.73,5411.7227,11402.34,-5.6185466926,0.176601,0.471804,40.9737,1.1387,0.7109,0.054373,0.542954,-6.956216,171,0.184849,1788.9971,0.07667,0
245,10.4533,5800.67,5426.2052,11707.03,-5.7098602512,0.278816,0.458548,34.6094,1.1506,0.7151,0.056436,0.612461,-0.263455,170,0.183043,1820.0931,0.078867,0
246,10.496,5665.75,5503.2586,11707.03,-5.9516122306,0.165128,0.448001,33.3399,1.1659,0.7562,0.05812,0.607035,-8.148252,179,0.187385,1828.8182,0.081797,0
247,10.5387,6050.39,5499.1349,11976.56,-5.5683027488,0.126802,0.474264,37.5797,1.0457,0.494,0.053997,0.589038,-5.867263,175,0.181874,1803.7508,0.076303,0
248,10.5813,5875.73,5518.8018,11812.5,-6.0463285958,0.174969,0.438797,27.3557,1.1439,0.7517,0.059623,0.629722,-4.647866,151,0.178552,1727.0345,0.07203,0
249,10.624,5481.4,5405.2559,11191.41,-5.7932375453,0.31036,0.455465,37.5856,1.2064,0.8848,0.056924,0.580663,-0.396026,179,0.185533,1788.2212,0.073007,0
250,10.6667,5766.93,5446.7715,11707.03,-5.9271156572,0.315707,0.452215,31.6766,1.1427,0.737,0.057442,0.607464,-1.836867,173,0.176735,1910.4852,0.082285,0
251,10.7093,5996.22,5587.1383,12140.62,-6.8377441405,0.273125,0.38609,16.7953,1.1796,0.8961,0.068885,0.69029,-4.089277,175,0.182404,1893.9222,0.087657,0
252,10.752,6001.84,5501.827,11917.97,-6.4804323245,0.355477,0.408749,20.9962,1.1535,0.8289,0.064757,0.680457,-2.644883,162,0.179867,1840.3469,0.084849,0
253,10.7947,6171.34,5600.0221,12199.22,-6.0404518082,0.235845,0.451098,24.5057,1.0701,0.5347,0.057622,0.664569,-2.882759,142,0.176016,1815.0507,0.082774,0
254,10.8373,5974.73,5628.3032,12152.34,-5.4611395238,0.206838,0.47273,38.0102,1.0653,0.4305,0.054231,0.578674,1.152934,165,0.173996,1816.8983,0.080332,0
255,10.88,5839.14,5496.9494,11660.16,-6.2606692574,0.149316,0.421172,24.6571,1.1475,0.7786,0.06259,0.644099,-7.584419,166,0.188653,1763.7125,0.072763,0
256,10.9227,5666.89,5380.2245,11332.03,-5.6810394857,0.171512,0.460946,38.1891,1.1726,0.8176,0.056058,0.589667,-0.717953,174,0.18317,1635.8941,0.0691,0
257,10.9653,5761.07,5477.4753,11742.19,-5.6663195269,0.290768,0.47469,35.4567,1.1183,0.6263,0.053932,0.57808,0.330686,161,0.184358,1818.5102,0.077036,0
258,11.008,5813.04,5528.8688,11882.81,-6.4021287823,0.255153,0.418889,23.4051,1.1746,0.8242,0.062984,0.656349,-4.843734,158,0.181275,1747.2254,0.081065,0
259,11.0507,5805.85,5372.908,11484.38,-6.218075201,0.262141,0.433953,26.9977,1.1951,0.9702,0.060426,0.661485,-6.549689,163,0.173776,1801.1432,0.08021,0
260,11.0933,5743.91,5465.8003,11730.47,-5.6912543577,0.209662,0.46085,36.1431,1.1315,0.6825,0.056073,0.58318,0.82832,173,0.17881,1828.4275,0.080088,0
261,11.136,5897.61,5542.4586,11964.84,-6.7189104857,0.198202,0.398474,20.4904,1.1599,0.8488,0.0666,0.672514,-2.981215,153,0.179964,1827.0999,0.080332,0
262,11.1787,5806.95,5528.4097,11871.09,-5.7984831662,0.242322,0.464202,33.5805,1.1383,0.6883,0.055549,0.619967,-0.297464,158,0.16919,1906.2237,0.077402,0
263,11.2213,5765.52,5454.8119,11496.09,-6.1355472698,0.237115,0.440966,27.7766,1.183,0.8674,0.059266,0.64584,-1.244739,180,0.178874,1694.6284,0.082408,0
264,11.264,5892.7,5494.5438,11859.38,-6.309712062,0.181721,0.427803,23.8039,1.1488,0.759,0.061459,0.667222,-1.514799,192,0.177833,1835.2185,0.083384,0
265,11.3067,5836.18,5541.5527,11765.62,-6.6833788911,0.193764,0.393278,19.143,1.1811,0.8739,0.06755,0.665288,-4.852909,171,0.177046,1854.4477,0.081675,0
266,11.3493,5875.53,5547.9471,11882.81,-6.5650964458,0.179565,0.415224,21.2267,1.1695,0.8312,0.06362,0.676091,-2.239813,165,0.170414,1683.2364,0.088268,0
267,11.392,5930.52,5559.3266,11976.56,-6.0880181299,0.182919,0.439902,27.8093,1.117,0.685,0.059441,0.632756,-6.728344,172,0.174629,1839.758,0.085338,0
268,11.4347,5581.1,5510.8671,11460.94,-6.4203320264,0.225989,0.416709,25.6229,1.2254,0.914,0.063361,0.622967,-7.431104,191,0.167157,1842.1535,0.077524,0
269,11.4773,5703.21,5514.7403,11753.91,-6.0043116501,0.459412,0.435471,28.7629,1.1752,0.8092,0.060173,0.608123,0.650258,191,0.181491,1777.3355,0.07789,0
270,11.52,5987.42,5575.3579,11988.28,-6.6548281221,0.222441,0.405459,19.0621,1.1694,0.8544,0.065342,0.681817,-4.93426,167,0.183477,1885.6699,0.084605,0
271,11.5627,5846.05,5387.8308,11683.59,-5.7946092833,0.137417,0.453233,34.9301,1.1164,0.6764,0.05728,0.615283,0.399251,170,0.1747,1785.8986,0.085215,0
272,11.6053,5847.94,5495.4545,11847.66,-6.5880917888,0.362179,0.404056,22.4782,1.1677,0.8422,0.065593,0.655428,-5.587933,184,0.187209,1778.3439,0.085582,0
273,11.648,5849.76,5546.3177,12035.16,-5.7633939587,0.444352,0.453387,32.9336,1.1026,0.5863,0.057255,0.592024,2.924221,167,0.180326,1687.1296,0.080576,0
274,11.6907,5756.69,5446.2115,11332.03,-6.1221399415,0.248782,0.435225,27.3295,1.1737,0.8726,0.060214,0.624672,-4.862415,199,0.191332,1734.7328,0.077158,0
275,11.7333,5981.41,5621.9353,12046.88,-6.4835618802,0.253137,0.411143,22.7426,1.1109,0.653,0.064334,0.669704,-5.55646,159,0.180219,1807.5837,0.078257,0
276,11.776,5643.99,5440.6974,11390.62,-5.8073367727,0.209298,0.447206,34.0703,1.1515,0.7413,0.058249,0.565508,-3.721628,182,0.189318,1871.1579,0.075204,0
277,11.8187,5833.17,5538.8296,11824.22,-6.4891462025,0.184349,0.406909,21.4131,1.1789,0.8369,0.065084,0.659613,-5.020132,180,0.187459,1964.0576,0.077646,0
278,11.8613,5771.62,5534.2332,11929.69,-5.9864848988,0.209793,0.439555,28.8961,1.1511,0.7009,0.059498,0.616303,-6.843447,151,0.176827,1762.9186,0.081309,0
279,11.904,6061.62,5628.4418,12128.91,-6.9691390803,0.16501,0.384688,16.5684,1.127,0.7535,0.069149,0.690782,-3.799528,162,0.185877,1832.0001,0.081065,0
280,11.9467,5801.09,5449.7268,11742.19,-5.9259333853,0.191835,0.447382,32.5593,1.1332,0.7207,0.05822,0.62427,-1.538003,179,0.181078,1889.3412,0.084239,0
281,11.9893,5861.38,5481.0545,11566.41,-6.8526310071,0.198861,0.387089,17.125,1.186,0.9789,0.068698,0.68156,-2.425834,182,0.177071,1906.6816,0.084117,0
282,12.032,5699.46,5467.175,11250.0,-6.5814481063,0.162159,0.400985,21.1063,1.2365,1.0737,0.066145,0.656811,-2.406453,170,0.176544,1847.4081,0.081309,0
283,12.0747,6016.81,5527.9483,12023.44,-6.836261642,0.336449,0.392427,17.4354,1.1487,0.8541,0.067707,0.684554,-4.046464,184,0.181162,1849.0566,0.08314,0
284,12.1173,5761.9,5482.3051,11660.16,-6.5239890221,0.43559,0.402705,21.5953,1.1678,0.8662,0.065835,0.653291,-7.930367,172,0.176862,1827.7735,0.071542,0
285,12.16,5524.18,5482.1173,11566.41,-5.6463069597,0.2205,0.454815,39.4353,1.1747,0.7274,0.057028,0.551272,-0.393003,183,0.196341,1783.0858,0.069466,0
286,12.2027,5802.16,5496.3605,11777.34,-5.783576587,0.308627,0.458949,35.627,1.1314,0.6904,0.056373,0.59018,1.125214,182,0.182077,1832.824,0.076547,0
287,12.2453,5922.34,5481.1239,11742.19,-5.5346337016,0.231116,0.481399,37.9749,1.1176,0.6506,0.052916,0.595513,-0.553844,142,0.177858,1728.5405,0.075204,0
288,12.288,5834.35,5535.0741,12023.44,-5.8989524454,0.34621,0.452397,30.7471,1.111,0.5828,0.057413,0.626505,-6.318785,165,0.167852,1875.0245,0.078012,0
289,12.3307,5890.84,5489.1393,11847.66,-5.8890112752,0.197689,0.455574,29.753,1.1225,0.6676,0.056907,0.632056,-2.332547,170,0.176672,1724.2446,0.086681,0
290,12.3733,5934.23,5485.3532,11871.09,-6.4645476113,0.164165,0.413046,22.1673,1.1831,0.8909,0.064,0.679702,-4.873543,165,0.183617,1857.1133,0.090831,0
291,12.416,5780.96,5482.6565,11695.31,-5.8471708656,0.335385,0.443295,30.9909,1.1172,0.659,0.058885,0.584286,-7.007988,173,0.1917,1800.2298,0.077768,0
292,12.4587,5592.88,5516.45,11601.56,-5.9269383975,0.364324,0.444994,32.0685,1.2234,0.8758,0.058608,0.594241,-7.374793,178,0.17512,1753.1907,0.070321,0
293,12.5013,5733.77,5462.3971,11414.06,-6.7161072518,0.204764,0.393654,19.6971,1.2023,0.9742,0.067481,0.653834,-5.912331,183,0.185651,1801.2675,0.075082,0
294,12.544,5859.31,5517.2026,11824.22,-6.9193367179,0.234495,0.381025,17.3315,1.1838,0.9365,0.069841,0.668999,-3.990363,166,0.182028,1916.1981,0.084727,0
295,12.5867,5911.7,5417.7569,11578.12,-6.0920997715,0.213488,0.43594,26.3258,1.1421,0.8036,0.060096,0.649139,-3.777607,170,0.18986,1717.376,0.090709,0
296,12.6293,6128.81,5518.5014,12082.03,-5.7766265304,0.347451,0.45087,28.3012,1.0824,0.5831,0.057658,0.648172,-0.350551,169,0.174496,1837.0037,0.082896,0
297,12.672,5769.08,5475.6629,11460.94,-5.7780286698,0.276639,0.463723,36.4687,1.1581,0.79,0.055624,0.588323,0.196923,159,0.169393,1746.4356,0.081797,0
298,12.7147,5980.56,5455.0745,11941.41,-6.396207355,0.278397,0.420374,23.1728,1.1625,0.8701,0.062727,0.685162,-3.298161,189,0.170246,1774.4169,0.08021,0
299,12.7573,5773.81,5451.2389,11625.0,-5.7855942921,0.280019,0.45796,34.076,1.1574,0.79,0.056529,0.588076,-6.250101,167,0.174521,1724.0804,0.084117,0
300,12.8,6088.8,5588.398,12152.34,-7.0005137571,0.197734,0.379783,15.3185,1.1854,0.9496,0.070077,0.702648,-4.507136,178,0.182465,1884.8123,0.086558,0
301,12.8427,5897.72,5463.1236,11964.84,-5.5249814412,0.290522,0.478268,37.2503,1.095,0.566,0.053388,0.595589,-0.146996,193,0.178562,1839.5405,0.074838,0
302,12.8853,5750.22,5423.0497,11707.03,-6.2286120576,0.255213,0.433306,27.4409,1.1595,0.8261,0.060534,0.625774,-5.245862,159,0.176427,1798.4855,0.078867,0
303,12.928,6033.75,5544.4861,12128.91,-5.8254674894,0.293304,0.462416,28.4738,1.09,0.5559,0.055828,0.658743,-2.373988,170,0.178916,1799.7497,0.08314,0
304,12.9707,5850.58,5471.4155,11777.34,-5.5995574194,0.221976,0.471293,41.1747,1.1189,0.6517,0.054452,0.574118,0.360046,169,0.176911,1816.3305,0.084239,0
305,13.0133,5875.04,5514.7643,11824.22,-6.2626322833,0.269551,0.427504,26.1543,1.182,0.8794,0.06151,0.678798,-3.105821,178,0.179838,1842.6579,0.082163,0
306,13.056,5454.63,5357.9659,11156.25,-5.4693131364,0.254664,0.478522,49.0803,1.1779,0.8065,0.05335,0.500868,2.382545,173,0.188717,1982.7238,0.067879,0
307,13.0987,5694.83,5474.7427,11824.22,-6.1651909989,0.369755,0.436843,26.2162,1.1792,0.7809,0.059946,0.628961,-6.654825,163,0.188339,1816.6963,0.069833,0
308,13.1413,5780.15,5510.6458,12011.72,-5.6295807118,0.268895,0.478475,37.176,1.1205,0.5882,0.053357,0.587759,1.978162,166,0.1787,1762.6067,0.070932,0
309,13.184,5636.7,5517.3537,11753.91,-5.7043942783,0.268599,0.464533,37.3411,1.1492,0.6525,0.055497,0.55688,-4.873096,177,0.177895,1826.3212,0.067879,0
310,13.2267,5666.56,5447.3785,11472.66,-5.6532826734,0.21038,0.464118,37.6847,1.1389,0.7087,0.055562,0.546497,0.346763,192,0.169345,1843.2553,0.072763,0
311,13.2693,5612.64,5390.8555,11367.19,-5.5602338904,0.182384,0.465612,42.6941,1.1747,0.7904,0.055329,0.544792,1.170113,170,0.177473,1815.8564,0.07496,0
312,13.312,5907.81,5492.09,11847.66,-6.4288815415,0.224947,0.412994,21.866,1.1343,0.7785,0.064009,0.658624,-7.644479,191,0.185878,1893.234,0.077158,0
313,13.3547,5617.65,5489.0715,11507.81,-5.4076765836,0.247513,0.481088,46.5375,1.1554,0.7101,0.052963,0.502643,1.183495,170,0.18316,1834.9954,0.070687,0
314,13.3973,5715.07,5470.7817,11707.03,-5.7637511077,0.340373,0.458526,37.0651,1.1762,0.797,0.056439,0.609599,-0.945863,187,0.181167,1918.0399,0.070077,0
315,13.44,5767.06,5445.1829,11753.91,-5.7340145229,0.247538,0.471128,41.0159,1.1425,0.7299,0.054477,0.571735,1.597773,167,0.175375,1876.2432,0.075693,0
316,13.4827,5671.47,5437.8487,11285.16,-6.4792067049,0.279453,0.414523,24.7711,1.2327,1.0347,0.063742,0.660772,-3.680825,172,0.17655,1873.5067,0.080332,0
317,13.5253,5747.61,5461.025,11449.22,-5.77304509,0.202515,0.460783,34.8489,1.1344,0.6827,0.056084,0.602789,-0.168612,186,0.178699,1851.9709,0.075693,0
318,13.568,5682.34,5432.8952,11531.25,-5.8298960084,0.135847,0.454312,34.8798,1.1517,0.7505,0.057108,0.588773,0.310666,173,0.179049,1788.2345,0.073739,0
319,13.6107,5820.46,5534.3133,11812.5,-6.0560864861,0.176373,0.441163,25.1121,1.131,0.6557,0.059233,0.650647,-5.617941,150,0.183089,1787.579,0.08082,0
320,13.6533,5797.33,5552.8099,11929.69,-6.6222656126,0.24454,0.401016,19.9719,1.163,0.7929,0.06614,0.651414,-4.252997,189,0.181756,1812.3185,0.08375,0
321,13.696,5734.24,5475.9565,11542.97,-6.4317362277,0.178078,0.422601,24.5829,1.2026,0.9218,0.062345,0.6623,-4.780465,171,0.174499,1736.5116,0.08082,0
322,13.7387,5727.08,5434.7402,11613.28,-5.8984393992,0.186712,0.446915,33.5285,1.1552,0.7584,0.058296,0.608569,-1.613854,169,0.172471,1844.1907,0.072152,0
323,13.7813,5566.7,5495.1867,11378.91,-5.6432772671,0.334449,0.452786,37.8474,1.1619,0.6888,0.057351,0.557851,0.012883,154,0.179166,1792.1385,0.076059,0
324,13.824,5865.31,5531.4076,11871.09,-6.0193037774,0.205806,0.446195,28.7207,1.1606,0.7684,0.058412,0.632213,-3.166335,165,0.187305,1811.2789,0.087169,0
325,13.8667,5798.6,5484.9942,11835.94,-5.7215708057,0.174876,0.469623,36.2248,1.1101,0.6326,0.054708,0.581985,-0.565979,149,0.176907,1703.254,0.08314,0
326,13.9093,5905.58,5535.9384,11730.47,-6.1860151768,0.203691,0.427909,25.4056,1.1315,0.7374,0.061441,0.645302,-0.675415,175,0.180273,1746.8816,0.078501,0
327,13.952,5539.78,5410.3835,11296.88,-5.9530764187,0.2443,0.44578,33.7524,1.2035,0.8732,0.05848,0.591875,-5.457844,177,0.176075,1834.1801,0.07667,0
328,13.9947,5744.85,5547.8389,11953.12,-6.2184139147,0.183753,0.424998,24.322,1.166,0.7694,0.061936,0.63408,-2.446288,171,0.17862,1826.3743,0.070809,0
329,14.0373,5643.54,5533.6385,11402.34,-6.018244328,0.1719,0.436482,30.0596,1.1689,0.7922,0.060006,0.587612,-6.373993,167,0.183963,1837.1419,0.080088,0
330,14.08,6022.27,5507.6432,11578.12,-6.8738414821,0.23234,0.383776,16.5304,1.1474,0.9022,0.06932,0.691989,-5.413696,168,0.191388,1867.8897,0.084605,0
331,14.1227,5938.0,5573.1886,12046.88,-6.0685931074,0.15504,0.442848,24.9553,1.1284,0.6817,0.058958,0.652186,-4.960263,170,0.173852,1761.6233,0.081065,0
332,14.1653,5882.6,5466.4194,11554.69,-6.374884596,0.220074,0.428375,23.1763,1.1447,0.8104,0.061363,0.657096,-2.245999,166,0.169789,1773.4994,0.086314,0
333,14.208,5945.02,5522.3231,12046.88,-6.7155016245,0.211591,0.400786,19.9533,1.1533,0.829,0.066181,0.689923,-5.309164,164,0.173009,1811.1809,0.091564,0
334,14.2507,5907.71,5543.3766,12070.31,-6.8491744867,0.277586,0.390947,17.2479,1.1771,0.8653,0.06798,0.682014,-4.565714,152,0.179546,1890.8832,0.087779,0
335,14.2933,5722.35,5467.6071,11589.84,-5.6319944991,0.247204,0.471812,37.5342,1.1361,0.6855,0.054372,0.571,0.545023,175,0.181605,1751.1155,0.077402,0
336,14.336,5883.58,5480.5474,11777.34,-6.3690422064,0.277388,0.414356,21.9695,1.1571,0.8134,0.063771,0.661265,-3.867232,171,0.180887,1759.9841,0.081431,0
337,14.3787,5726.77,5459.032,11671.88,-6.1302272932,0.186197,0.431572,27.1259,1.1606,0.7701,0.060824,0.642296,-6.002133,167,0.181922,1870.3182,0.085338,0
338,14.4213,5964.13,5446.8605,11753.91,-5.3913075442,0.251256,0.492461,41.7473,1.0732,0.5625,0.051271,0.577094,0.197018,169,0.178396,1809.9349,0.08375,0
339,14.464,5832.71,5473.7014,11730.47,-6.227876431,0.24554,0.435804,25.5496,1.1786,0.871,0.060118,0.639498,-5.789722,187,0.165257,1853.0184,0.081797,0
340,14.5067,5906.96,5449.7655,11812.5,-6.172062794,0.148516,0.439828,26.4892,1.1563,0.8137,0.059453,0.671933,-1.072632,162,0.170979,1848.4785,0.080088,0
341,14.5493,5869.29,5471.4083,11742.19,-7.0479543465,0.262575,0.372822,16.0955,1.218,1.0592,0.071416,0.690717,-4.079351,184,0.178705,1997.245,0.084117,0
342,14.592,5895.26,5548.2967,11847.66,-5.7609828493,0.250104,0.453728,31.4792,1.1048,0.6128,0.057201,0.603318,-7.756362,175,0.187858,1894.685,0.083506,0
343,14.6347,5861.78,5524.4356,11566.41,-6.5701608297,0.446213,0.404105,19.87,1.1645,0.8648,0.065584,0.662266,-7.045185,176,0.181461,1716.9025,0.083873,0
344,14.6773,6115.46,5608.7739,12246.09,-6.7357981357,0.28226,0.400086,17.1645,1.1407,0.7628,0.066308,0.702672,-4.35803,203,0.179974,1949.935,0.078379,0
345,14.72,5527.81,5397.8446,11273.44,-5.7283168442,0.172946,0.473387,43.1173,1.1938,0.8327,0.054131,0.559347,-0.88496,154,0.18382,1826.413,0.067391,0
346,14.7627,5510.57,5443.166,11578.12,-5.5529433827,0.250196,0.480404,50.2884,1.1655,0.6659,0.053066,0.530019,-0.150122,167,0.175453,1949.9377,0.062752,0
347,14.8053,5653.97,5443.1714,11613.28,-5.869033382,0.272496,0.446519,32.4462,1.1572,0.7156,0.05836,0.59664,0.079529,181,0.191453,1826.6672,0.074716,0
348,14.848,5695.31,5469.739,11636.72,-6.0896469147,0.258945,0.438315,29.1183,1.1731,0.8139,0.059702,0.603741,-6.497156,164,0.183442,1706.5991,0.079355,0
349,14.8907,5540.19,5414.9066,11343.75,-6.1417308077,0.27636,0.429733,29.4217,1.2041,0.8726,0.061134,0.609007,-5.237177,172,0.168464,1804.7149,0.075815,0
350,14.9333,5740.04,5503.51,11730.47,-6.6085104342,0.287316,0.40015,20.6033,1.2352,1.0333,0.066296,0.665187,-5.573337,165,0.183403,1859.2747,0.08082,0
351,14.976,5710.45,5402.5316,11566.41,-6.0756202668,0.182124,0.434942,28.1109,1.1765,0.8933,0.060261,0.619838,-4.305575,188,0.178198,1903.8925,0.084361,0
352,15.0187,6085.85,5531.3558,11953.12,-7.4218894059,0.251829,0.351162,13.1766,1.2003,1.0691,0.075749,0.716625,-3.305424,187,0.195114,1971.1365,0.087535,0
353,15.0613,5682.65,5423.5658,11390.62,-6.0326170407,0.240426,0.4525,31.0799,1.2072,0.8849,0.057397,0.627332,-1.426709,161,0.1898,1696.843,0.084971,0
354,15.104,5779.93,5487.1858,11742.19,-6.4494467978,0.227806,0.417243,22.4671,1.1886,0.8685,0.063269,0.653094,-6.914302,136,0.175819,1781.5543,0.082041,0
355,15.1467,5978.58,5437.5761,11824.22,-6.2744727522,0.316407,0.437826,23.4688,1.1771,0.8681,0.059783,0.694161,-3.600824,168,0.172035,1757.5144,0.081675,0
356,15.1893,5969.19,5518.4471,11742.19,-6.2924344989,0.278307,0.427977,22.186,1.1542,0.8015,0.06143,0.661362,-5.392151,183,0.176454,1811.4085,0.081553,0
357,15.232,5659.41,5516.2032,11660.16,-6.2611744726,0.350436,0.419992,24.0253,1.1722,0.7442,0.062793,0.631574,-1.099922,177,0.179997,1821.5929,0.079233,0
358,15.2747,5674.71,5471.1635,11402.34,-6.6160999995,0.18492,0.39939,21.0804,1.2278,1.0431,0.066434,0.657937,-9.334068,171,0.179112,1847.7619,0.08314,0
359,15.3173,5854.02,5468.1622,11742.19,-5.6820892695,0.197351,0.469264,34.6659,1.1282,0.6964,0.054764,0.589286,0.559072,155,0.18127,1794.833,0.083384,0
360,15.36,5650.59,5364.5745,11296.88,-6.2012864602,0.293008,0.433902,27.7598,1.1573,0.8521,0.060435,0.637087,-3.985736,164,0.181945,1785.0377,0.079477,0
361,15.4027,5864.44,5567.162,11941.41,-6.1490213182,0.209021,0.432394,24.6714,1.1447,0.6915,0.060687,0.640442,-3.059309,202,0.181503,1862.0023,0.078623,0
362,15.4453,5851.75,5508.2964,11777.34,-6.1379163631,0.345084,0.435732,26.4641,1.1433,0.7548,0.06013,0.632563,-1.380538,186,0.186397,1791.2967,0.08021,0
363,15.488,5889.51,5504.871,11812.5,-6.3345452436,0.244808,0.413934,23.0565,1.1567,0.8149,0.063845,0.641203,-4.762688,161,0.177054,1838.0931,0.085826,0
364,15.5307,5745.21,5455.9796,11718.75,-6.3280066473,0.288818,0.424021,25.9207,1.2047,0.9115,0.062102,0.654634,-6.859299,162,0.171169,1858.3044,0.084361,0
365,15.5733,5737.2,5486.4779,11730.47,-5.6598797893,0.181998,0.470074,38.2169,1.1169,0.6202,0.054639,0.574785,-7.271763,168,0.172267,1872.156,0.081675,0
366,15.616,5878.33,5427.8527,11730.47,-5.8843886544,0.234474,0.450756,31.9023,1.1365,0.7372,0.057676,0.637885,-0.827661,151,0.176844,1660.8301,0.079722,0
367,15.6587,5614.95,5417.8674,11472.66,-5.7786242647,0.232439,0.454157,36.6614,1.1426,0.7286,0.057132,0.552323,-8.259383,188,0.179257,1793.9259,0.067513,0
368,15.7013,5694.76,5513.5192,11929.69,-5.5783073939,0.172388,0.475067,39.3001,1.1316,0.5915,0.053874,0.594727,-0.387421,156,0.186866,1796.855,0.062263,0
369,15.744,5641.32,5466.0714,11402.34,-5.7264120229,0.295997,0.458486,37.8865,1.1676,0.7665,0.056446,0.57065,0.703726,146,0.181503,1724.7298,0.070199,0
370,15.7867,5786.66,5534.6751,11835.94,-6.4184676776,0.240968,0.420908,24.8034,1.1712,0.8383,0.062635,0.640984,-6.331547,159,0.191898,1824.1558,0.073862,0
371,15.8293,5821.98,5478.3092,11777.34,-6.2024977149,0.235908,0.419678,25.1129,1.1266,0.7095,0.062847,0.625655,-4.927521,181,0.176289,1715.817,0.082041,0
372,15.872,6013.39,5503.8559,11835.94,-7.2210893506,0.181784,0.356865,14.6659,1.2088,1.101,0.074583,0.696326,-4.767022,169,0.188815,1945.523,0.081675,0
373,15.9147,5698.51,5480.747,11542.97,-5.5211634598,0.177931,0.474452,41.0494,1.1216,0.6439,0.053968,0.537648,-8.368597,184,0.18415,1801.151,0.069344,0
374,15.9573,5754.68,5423.4608,11636.72,-5.5465504976,0.21649,0.479035,42.447,1.1087,0.6298,0.053272,0.559649,1.165583,183,0.177458,1894.4877,0.06617,0
375,16.0,6040.79,5505.139,12058.59,-6.2558133885,0.237716,0.415699,22.8716,1.1115,0.721,0.063537,0.659916,-4.395106,183,0.190287,1794.6946,0.08021,0
376,16.0427,5973.23,5555.4132,11871.09,-6.7547997504,0.260424,0.394423,18.5284,1.1498,0.8267,0.06734,0.67795,-3.893073,158,0.1725,1831.0134,0.083018,0
377,16.0853,5358.51,5327.7356,10910.16,-5.8125646108,0.220592,0.451136,39.6953,1.2001,0.9117,0.057615,0.529654,-7.420823,190,0.187215,1827.1018,0.075082,0
378,16.128,5653.27,5360.6001,11308.59,-5.6154521895,0.257538,0.467423,41.7744,1.1089,0.6801,0.055048,0.531807,1.801215,158,0.189374,1850.3188,0.067147,0
379,16.1707,5579.1,5417.5567,11589.84,-5.7434687749,0.194565,0.468415,39.1899,1.184,0.7956,0.054895,0.580036,-0.932298,160,0.177134,1749.6073,0.072763,0
380,16.2133,5968.89,5501.0256,11964.84,-6.3855788076,0.213447,0.41616,22.1745,1.1152,0.7357,0.063457,0.653141,-3.740143,148,0.183089,1834.4008,0.075327,0
381,16.256,5624.46,5381.9145,11402.34,-5.2670084276,0.261792,0.492934,50.041,1.1179,0.6454,0.051202,0.500186,1.85564,163,0.1844,2080.0461,0.066536,0
382,16.2987,5727.35,5474.5656,11671.88,-6.8436763366,0.271698,0.388766,18.3718,1.2141,1.0028,0.068385,0.675484,-6.000529,165,0.18293,1788.5478,0.074228,0
383,16.3413,5661.99,5535.422,11929.69,-5.3229230909,0.094109,0.494142,48.8511,1.0929,0.4598,0.051025,0.50352,1.510429,170,0.193086,1767.2951,0.075449,0
384,16.384,5868.88,5561.377,11941.41,-6.0319093892,0.522779,0.438185,26.2978,1.1283,0.6974,0.059724,0.631675,-3.074654,188,0.188958,1877.367,0.080942,0
385,16.4267,5800.6,5481.581,11671.88,-6.1011418945,0.303879,0.437885,27.2029,1.1382,0.7268,0.059773,0.650898,-2.502778,182,0.174148,1745.5327,0.081553,0
386,16.4693,5990.45,5520.8344,12105.47,-6.0356804189,0.271332,0.448164,27.7131,1.0834,0.5608,0.058094,0.657856,-1.564576,177,0.165837,1745.8748,0.082285,0
387,16.512,6130.77,5506.6662,12140.62,-6.4674136942,0.202725,0.424387,20.6365,1.1183,0.7326,0.06204,0.6983,-4.621302,176,0.176277,1923.6491,0.087047,0
388,16.5547,5840.77,5543.9705,11941.41,-6.4470488654,0.197495,0.411085,22.3069,1.1593,0.7505,0.064345,0.663274,-6.676653,150,0.18066,1826.6875,0.084971,0
389,16.5973,5768.7,5470.3602,11777.34,-5.690844517,0.31614,0.451857,36.3473,1.1273,0.6697,0.0575,0.57055,1.602013,171,0.177558,1861.4706,0.077646,0
390,16.64,5755.19,5519.8417,11824.22,-6.2946874148,0.241488,0.4222,23.4313,1.1611,0.7664,0.062414,0.627101,-6.122223,169,0.182273,1878.0837,0.075937,0
391,16.6827,5777.02,5356.0116,11742.19,-5.4212437887,0.200386,0.48132,42.7296,1.0862,0.5752,0.052928,0.554622,0.838679,172,0.185849,1713.3947,0.078135,0
392,16.7253,5851.57,5471.0916,11953.12,-6.0074714861,0.234713,0.451999,29.5008,1.1307,0.6659,0.057477,0.646775,-1.716219,175,0.181277,1815.2939,0.078257,0
393,16.768,5809.59,5460.4747,11800.78,-6.1414771614,0.184812,0.432595,25.8105,1.1716,0.8239,0.060653,0.66331,-2.529762,158,0.172704,1811.5763,0.087413,0
394,16.8107,5961.07,5485.7679,11941.41,-6.0019812517,0.149169,0.448378,29.7199,1.1217,0.6894,0.058059,0.650998,-0.579068,195,0.170215,1780.8947,0.08839,0
395,16.8533,5918.37,5531.642,12046.88,-5.6365386543,0.139197,0.469908,35.8047,1.0841,0.5333,0.054664,0.590527,0.528893,171,0.171344,1873.4906,0.084849,0
396,16.896,5996.47,5552.7128,12058.59,-5.9203589323,0.068911,0.46127,28.6108,1.0814,0.5632,0.056008,0.637552,-1.478369,165,0.173529,1800.8217,0.08021,0
397,16.9387,5744.46,5392.9282,11484.38,-5.6538317876,0.190842,0.474315,39.9947,1.1267,0.676,0.053989,0.599019,0.129385,174,0.174318,1916.6906,0.070809,0
398,16.9813,5710.73,5504.7697,11812.5,-5.5695400335,0.239479,0.468556,40.0858,1.126,0.6183,0.054873,0.568422,0.585092,159,0.174317,1930.8905,0.075204,0
399,17.024,5917.81,5523.8443,11847.66,-6.4468414097,0.308049,0.409362,19.8645,1.167,0.8408,0.064649,0.66936,-2.872827,170,0.188696,1912.9813,0.083506,0
400,17.0667,5819.94,5450.1559,11789.06,-5.9628253125,0.239082,0.438105,28.0531,1.1382,0.7249,0.059737,0.616033,-4.64804,171,0.187773,1817.9881,0.081553,0
401,17.1093,6110.29,5592.4452,12234.38,-6.573093196,0.244593,0.404729,19.6517,1.1244,0.6834,0.065473,0.675143,-3.114307,174,0.189175,1861.4123,0.088268,0
402,17.152,5806.95,5493.1943,11941.41,-6.5217271127,0.27445,0.410772,22.4462,1.2175,0.9461,0.0644,0.684282,-3.470253,191,0.180634,1833.1712,0.086925,0
403,17.1947,5831.53,5543.5632,11964.84,-6.648136604,0.291896,0.398487,19.6609,1.1759,0.8277,0.066598,0.668798,-5.875748,178,0.175731,1862.4937,0.087413,0
404,17.2373,6073.34,5510.8702,12093.75,-6.855525674,0.263893,0.385228,16.7062,1.1373,0.8162,0.069047,0.698774,-2.910635,194,0.178053,1863.0492,0.096569,0
405,17.28,5845.9,5450.5281,11601.56,-5.9640393131,0.252492,0.440062,27.928,1.1286,0.6936,0.059414,0.642091,-1.255532,178,0.175464,1807.9621,0.093761,0
406,17.3227,6052.37,5465.3283,11894.53,-6.6459479048,0.243707,0.398439,18.2849,1.1376,0.8388,0.066606,0.696377,-3.519734,169,0.180306,1867.2038,0.092541,0
407,17.3653,6033.93,5495.3822,11835.94,-6.3594369156,0.233484,0.42197,23.5654,1.1411,0.806,0.062453,0.671466,-1.340759,136,0.174736,1897.9325,0.091442,0
408,17.408,5958.32,5530.4974,11847.66,-6.8175950791,0.331164,0.388484,17.1466,1.1745,0.9208,0.068438,0.682794,-6.271245,175,0.175139,1946.5666,0.083506,0
409,17.4507,5742.77,5489.6963,11718.75,-6.4024072444,0.400618,0.41121,22.6296,1.1841,0.8543,0.064323,0.649992,-5.512524,177,0.180687,1906.5784,0.079233,0
410,17.4933,5819.95,5472.3477,11683.59,-6.5776733603,0.31634,0.404855,20.0791,1.1467,0.8098,0.06545,0.668854,-5.257721,171,0.173307,1824.3507,0.079355,0
411,17.536,5762.48,5466.2847,11660.16,-5.8799128484,0.249978,0.452672,32.2746,1.1398,0.7058,0.057369,0.607436,-0.938563,174,0.174232,1888.3324,0.084239,0
412,17.5787,5737.0,5461.1266,11753.91,-6.1451335677,0.256108,0.432006,26.2973,1.1835,0.8425,0.060752,0.647656,-5.834436,149,0.175101,1773.9963,0.085948,0
413,17.6213,5800.4,5518.3367,11929.69,-5.6915610562,0.221066,0.458189,32.3677,1.1059,0.5814,0.056493,0.595275,-3.748983,188,0.183513,1835.6711,0.078623,0
414,17.664,5814.39,5476.3205,11742.19,-5.8001033071,0.33748,0.457327,34.3151,1.1455,0.7344,0.056629,0.619334,-4.181485,176,0.189276,1748.7337,0.076303,0
415,17.7067,5708.37,5438.4092,11472.66,-5.756024898,0.231387,0.46581,36.1921,1.1393,0.7007,0.055299,0.605742,-1.618631,158,0.182136,1897.4579,0.078012,0
416,17.7493,5841.78,5414.5346,11589.84,-5.4494293008,0.211124,0.484032,43.6505,1.0758,0.5873,0.052521,0.535687,2.458298,183,0.177457,1839.7065,0.078623,0
417,17.792,5803.04,5499.2088,11753.91,-5.9549737253,0.236415,0.452324,29.4897,1.1198,0.6631,0.057425,0.617652,-6.597271,174,0.177291,1659.6294,0.073007,0
418,17.8347,5774.15,5529.6362,11871.09,-6.1982816704,0.25939,0.437779,25.4818,1.1954,0.8374,0.059791,0.653695,-1.565974,188,0.174236,1720.7516,0.079477,0
419,17.8773,6031.86,5598.0289,12082.03,-5.8597610089,0.219821,0.449497,28.6067,1.0952,0.5828,0.057879,0.633289,-2.486697,173,0.174656,1803.6182,0.081309,0
420,17.92,5728.63,5367.6604,11378.91,-5.2499446968,0.25954,0.497066,48.3,1.111,0.6472,0.050598,0.502614,2.571194,186,0.183384,1854.7029,0.071176,0
421,17.9627,5827.72,5488.3758,11707.03,-6.9417248998,0.232397,0.377528,17.1503,1.2212,1.0506,0.070508,0.680769,-3.123612,189,0.186281,1908.3584,0.081309,0
422,18.0053,5662.05,5522.5172,11765.62,-5.4969012414,0.164901,0.470857,40.077,1.1179,0.6011,0.054518,0.523761,-7.302265,179,0.182988,1849.0384,0.073862,0
423,18.048,5842.14,5553.4944,12070.31,-5.5761404917,0.244993,0.479658,39.2683,1.1007,0.5542,0.053178,0.574174,-6.228052,192,0.176105,1817.9899,0.069955,0
424,18.0907,5898.0,5486.876,11882.81,-5.7965155566,0.139207,0.464775,32.6219,1.1092,0.6402,0.055459,0.6245,-6.040764,164,0.169683,1820.6251,0.073495,0
425,18.1333,5784.91,5508.3918,11859.38,-5.9072173767,0.305817,0.454076,30.4762,1.1571,0.741,0.057145,0.626465,-6.284868,185,0.175154,1798.6105,0.075082,0
426,18.176,5862.49,5556.278,11964.84,-5.8824628076,0.271756,0.456325,29.7692,1.1497,0.715,0.056788,0.599647,-8.321886,167,0.164928,1745.9202,0.075204,0
427,18.2187,5839.48,5554.1272,12035.16,-5.3576826906,0.27443,0.489559,44.565,1.0777,0.4532,0.051699,0.54438,-5.919484,172,0.171588,1832.7924,0.064583,0
428,18.2613,5576.31,5515.5577,11425.78,-5.7532395678,0.309101,0.453831,35.5829,1.1514,0.6707,0.057184,0.537793,-8.840965,163,0.173603,1933.9867,0.074106,0
429,18.304,5633.41,5457.664,11531.25,-5.8018548221,0.17989,0.456077,35.2363,1.1579,0.7524,0.056827,0.572335,-9.830481,178,0.175426,1831.7199,0.07496,0
430,18.3467,5692.47,5459.7981,11460.94,-5.7000400349,0.146905,0.461511,37.2463,1.1269,0.6595,0.05597,0.554057,-6.63547,182,0.176394,1785.3084,0.079111,0
431,18.3893,5897.67,5576.9126,12046.88,-6.4056955671,0.230189,0.424081,22.311,1.1249,0.666,0.062092,0.662346,-4.953346,145,0.185616,1698.8433,0.081919,0
432,18.432,5926.96,5533.9584,11753.91,-5.53853681,0.281803,0.477682,36.3342,1.0633,0.4884,0.053477,0.583549,-0.70026,187,0.188614,1829.5223,0.07667,0
433,18.4747,5863.9,5561.4683,12035.16,-5.9460977715,0.17653,0.447152,29.6894,1.1067,0.5944,0.058257,0.598667,-0.282622,173,0.191007,1821.8475,0.070565,0
434,18.5173,5399.02,5345.5903,11050.78,-5.2558492382,0.230856,0.47502,53.4433,1.1797,0.774,0.053881,0.465855,3.18008,181,0.204301,1846.2999,0.062996,0
435,18.56,5783.99,5461.4187,11742.19,-6.3163999266,0.310091,0.425834,24.868,1.1851,0.8628,0.061793,0.647902,-6.219107,174,0.192159,1820.7104,0.075693,0
436,18.6027,5578.68,5481.458,11355.47,-5.3115924742,0.124771,0.488262,49.9757,1.1247,0.6071,0.051891,0.452625,-10.321668,169,0.185305,1876.1254,0.080088,0
437,18.6453,5986.83,5610.8325,12070.31,-6.1932558614,0.292366,0.430554,22.4114,1.1215,0.6371,0.060995,0.652383,-1.554366,196,0.182475,1831.2385,0.075082,0
438,18.688,5434.24,5396.1739,11109.38,-5.4189292615,0.263544,0.475089,48.0593,1.1799,0.7905,0.053871,0.501626,2.047109,159,0.181659,1783.319,0.06849,0
439,18.7307,5603.05,5453.0974,11285.16,-5.7777917275,0.274574,0.453395,35.8171,1.1746,0.8034,0.057254,0.580231,-6.469427,169,0.183105,1736.5091,0.065438,0
440,18.7733,5704.17,5465.1819,11414.06,-6.1743992016,0.196254,0.430008,28.0486,1.2071,0.917,0.061087,0.609601,-2.976926,181,0.185312,1767.2843,0.07496,0
441,18.816,5631.59,5464.1528,11308.59,-6.0875098547,0.215347,0.434943,30.1806,1.1803,0.8345,0.060261,0.614949,-8.163769,171,0.181947,1797.8668,0.075571,0
442,18.8587,5792.35,5477.1079,11742.19,-5.8140386815,0.295191,0.452294,30.7268,1.1529,0.756,0.05743,0.61136,1.318497,177,0.185813,1768.7057,0.077158,0
443,18.9013,5858.12,5562.9016,11929.69,-6.2053980662,0.208573,0.428446,24.2342,1.1236,0.6852,0.061351,0.618335,-8.393015,154,0.191441,1802.7568,0.074838,0
444,18.944,5456.09,5383.6174,11250.0,-5.5860124817,0.244966,0.45966,43.5937,1.1808,0.7844,0.056261,0.517136,1.811673,180,0.185488,1916.6477,0.067513,0
445,18.9867,5940.39,5456.5198,11882.81,-6.4407295738,0.257975,0.417203,21.8746,1.1468,0.8266,0.063275,0.687134,-1.613296,176,0.196757,1864.3642,0.07728,0
446,19.0293,5699.3,5437.276,11484.38,-6.1327423063,0.401573,0.434322,26.5525,1.1872,0.836,0.060365,0.637339,-4.005053,185,0.183961,1796.7836,0.08546,0
447,19.072,6000.23,5449.206,11953.12,-5.852635643,0.210133,0.459221,30.8785,1.0828,0.6161,0.05633,0.642722,0.052709,170,0.183251,1753.4059,0.080454,0
448,19.1147,5744.78,5420.8806,11718.75,-5.4985878776,0.196487,0.477659,43.3098,1.1347,0.6569,0.05348,0.528982,1.337176,174,0.193967,1720.711,0.073251,0
449,19.1573,5814.95,5455.635,11531.25,-5.8377471861,0.129102,0.468511,32.6473,1.1449,0.7417,0.05488,0.620622,-7.696916,168,0.178713,1746.4604,0.064705,0
450,19.2,5570.24,5298.18,11343.75,-5.200053583,0.287188,0.497191,57.7839,1.1325,0.7111,0.050579,0.428568,3.747393,183,0.182209,2014.4312,0.064217,0
451,19.2427,5807.71,5491.4454,11953.12,-5.7292627557,0.218448,0.466945,36.6538,1.1709,0.7607,0.055122,0.607823,0.565138,189,0.178403,1913.542,0.075815,0
452,19.2853,5829.76,5560.5125,11917.97,-5.931655797,0.197602,0.440537,28.8336,1.147,0.7054,0.059336,0.612781,-8.049756,161,0.180703,1818.3,0.078135,0
453,19.328,5863.04,5483.5563,11742.19,-6.1455150659,0.327444,0.425492,25.051,1.1585,0.8028,0.061851,0.661297,-5.729447,184,0.175744,1796.5542,0.081553,0
454,19.3707,5868.27,5462.5626,11707.03,-5.574579092,0.399695,0.471979,39.9363,1.1093,0.6234,0.054346,0.558464,0.278286,186,0.18672,1765.1366,0.075815,0
455,19.4133,5723.3,5488.3147,11753.91,-5.2154143959,0.163663,0.486862,47.8855,1.1025,0.5591,0.052099,0.519479,1.300361,179,0.174412,1958.3782,0.066903,0
456,19.456,5771.8,5423.2952,11765.62,-5.6167330763,0.270393,0.474737,38.6402,1.1249,0.6756,0.053924,0.56815,-6.409489,179,0.180478,1914.673,0.070565,0
457,19.4987,5908.62,5504.2912,11835.94,-5.9040823709,0.200571,0.451185,29.8437,1.1658,0.7847,0.057608,0.620614,1.855029,186,0.167273,1893.8604,0.080698,0
458,19.5413,5679.53,5515.6853,11660.16,-5.7724920222,0.207576,0.45584,35.0235,1.1646,0.7307,0.056865,0.591959,-6.149308,161,0.178326,1788.0987,0.078745,0
459,19.584,5739.12,5464.0178,11695.31,-5.6529845551,0.373547,0.467125,38.7976,1.1346,0.6874,0.055094,0.583754,-0.055569,161,0.179051,1866.7918,0.075815,0
460,19.6267,5638.59,5415.7011,11460.94,-5.7930216886,0.250867,0.463515,35.78,1.154,0.7605,0.055656,0.605496,-6.760622,155,0.173569,1679.6504,0.073129,0
461,19.6693,5688.93,5497.7274,11695.31,-5.4436829365,0.229342,0.476496,44.01,1.1312,0.6115,0.053657,0.550236,-6.848933,176,0.177946,1895.4285,0.063362,0
462,19.712,5668.0,5469.1169,11742.19,-5.5601582583,0.194807,0.476978,43.0927,1.1146,0.5961,0.053584,0.531598,0.103479,184,0.188999,1834.6753,0.071176,0
463,19.7547,5796.22,5556.5141,11988.28,-5.6066967727,0.21503,0.475143,38.1116,1.1293,0.6097,0.053863,0.578921,-6.875246,179,0.179541,1792.5489,0.071664,0
464,19.7973,5662.33,5448.0842,11648.44,-5.265255874,0.246288,0.485292,47.5375,1.1043,0.5676,0.052333,0.485326,-8.522975,180,0.190086,1770.9863,0.069711,0
465,19.84,5660.2,5414.8058,11542.97,-5.6931495028,0.288345,0.458049,35.461,1.1609,0.746,0.056515,0.588565,-6.611276,170,0.179321,1828.3063,0.074716,0
466,19.8827,5782.88,5498.9576,11835.94,-6.185114793,0.283999,0.437531,26.3335,1.1839,0.792,0.059832,0.65199,-2.483919,177,0.189948,1750.7412,0.075937,0
467,19.9253,5757.36,5475.5671,11589.84,-5.645272157,0.211824,0.4603,35.9734,1.1625,0.7506,0.05616,0.584472,-5.260074,171,0.181986,1746.4303,0.074472,0
468,19.968,5733.17,5470.5125,12000.0,-5.5762114288,0.264543,0.479255,39.2048,1.1098,0.5696,0.053239,0.5723,-8.545467,160,0.177143,1957.2733,0.075815,0
469,20.0107,5872.71,5574.9777,12082.03,-5.4304292846,0.168387,0.489028,40.683,1.0721,0.4265,0.051778,0.57877,-7.967351,159,0.166289,1784.2228,0.078379,0
470,20.0533,5792.02,5467.7726,11648.44,-5.3331136728,0.275587,0.494975,48.4426,1.0967,0.5714,0.050903,0.52026,1.734898,170,0.174122,1803.2625,0.07435,0
471,20.096,5704.76,5450.7719,11718.75,-5.4888601568,0.168711,0.476304,42.1465,1.108,0.5751,0.053686,0.522555,-6.410543,194,0.178235,1768.565,0.073007,0
472,20.1387,5753.55,5466.0085,11707.03,-6.6644436847,0.346087,0.402155,20.569,1.2169,0.9525,0.065934,0.67716,-1.896394,167,0.18885,1807.7366,0.077402,0
473,20.1813,5752.7,5445.9413,11425.78,-6.6356019469,0.37831,0.398983,20.0002,1.2082,0.9931,0.066508,0.659282,-5.032992,163,0.1782,1814.2967,0.079233,0
474,20.224,5580.5,5472.7968,11425.78,-6.0938358307,0.367915,0.427516,27.3336,1.2133,0.8849,0.061508,0.61869,-4.293579,171,0.18108,1861.8083,0.075571,0
475,20.2667,5653.97,5495.5555,11519.53,-6.1448561695,0.291013,0.427621,27.0138,1.182,0.8068,0.06149,0.609699,-6.395872,183,0.181716,1805.2567,0.067269,0
476,20.3093,5870.58,5511.3927,12000.0,-5.7760366657,0.278205,0.455393,34.5668,1.0727,0.5199,0.056936,0.596241,-6.294495,167,0.173182,1989.9783,0.078257,0
477,20.352,5961.37,5524.7335,11906.25,-5.8997282669,0.256352,0.439397,29.0105,1.1078,0.6505,0.059524,0.630409,-7.824716,187,0.175558,1865.6039,0.090343,0
478,20.3947,5774.0,5529.0259,11824.22,-6.0479864238,0.228339,0.440127,29.5755,1.1346,0.6948,0.059404,0.604976,-6.017078,176,0.173879,1793.7661,0.08082,0
479,20.4373,5890.63,5554.1749,12035.16,-5.6367954494,0.230872,0.467664,37.4213,1.1401,0.6466,0.055011,0.619467,-0.800376,176,0.180849,1865.2318,0.073373,0
480,20.48,6002.13,5481.0411,12082.03,-5.7781741149,0.263987,0.457811,32.3535,1.082,0.5661,0.056552,0.626188,0.319245,178,0.182939,1854.1339,0.078257,0
481,20.5227,5846.21,5486.2107,11859.38,-6.0679884276,0.226384,0.449508,30.988,1.1451,0.7158,0.057877,0.657955,-0.953124,174,0.180402,1691.2384,0.083873,0
482,20.5653,5870.2,5429.4639,11847.66,-5.8405695709,0.202974,0.451714,32.519,1.1211,0.6844,0.057523,0.617485,-2.205177,171,0.169576,1678.0751,0.081065,0
483,20.608,5763.79,5434.0258,11648.44,-5.9602568952,0.18736,0.448434,31.9626,1.1516,0.7696,0.05805,0.634792,-1.452251,167,0.181748,1756.9514,0.075449,0
484,20.6507,5891.22,5438.4445,11941.41,-5.2802246817,0.176598,0.496128,44.3036,1.0582,0.5026,0.050734,0.540446,0.909383,184,0.179371,1808.8945,0.07728,0
485,20.6933,5908.17,5472.8657,11835.94,-5.6640883367,0.284122,0.467833,34.2676,1.1242,0.665,0.054985,0.623872,-0.493382,181,0.181587,1817.2887,0.082408,0
486,20.736,6009.15,5540.0719,12070.31,-6.3513349065,0.125088,0.422251,23.1066,1.1389,0.7632,0.062405,0.670275,-4.445102,159,0.175625,1876.126,0.081919,0
487,20.7787,6036.36,5603.3462,12023.44,-6.2747926561,0.302894,0.421432,21.3261,1.1337,0.7121,0.062545,0.679465,-3.197743,158,0.168421,1790.2639,0.087047,0
488,20.8213,5967.68,5581.8513,12082.03,-5.7984876531,0.341141,0.461149,30.8746,1.1148,0.6043,0.056026,0.631362,0.237684,198,0.179506,1823.7512,0.081431,0
489,20.864,5789.87,5473.5045,11683.59,-5.9303161868,0.209012,0.45577,32.4992,1.149,0.7448,0.056876,0.597754,-8.741848,167,0.171859,1840.1185,0.075815,0
490,20.9067,5790.16,5470.2764,11753.91,-5.3300316267,0.347507,0.479083,43.7679,1.0983,0.5562,0.053265,0.536034,1.224048,185,0.171148,1906.244,0.081187,0
491,20.9493,5946.66,5573.3833,11953.12,-6.8575730981,0.520469,0.387908,17.0396,1.1422,0.8021,0.068545,0.665607,-6.209165,208,0.190586,1910.9154,0.084117,0
492,20.992,5917.32,5543.7579,11859.38,-6.6306978615,0.24367,0.399298,19.4507,1.1693,0.8861,0.06645,0.67232,-4.249037,171,0.180986,1907.5856,0.087047,0
493,21.0347,5861.86,5598.8188,11941.41,-5.8379216238,0.213718,0.462013,33.3162,1.1103,0.5804,0.055891,0.606796,1.354729,163,0.180191,1816.8013,0.078135,0
494,21.0773,5700.2,5422.0401,11671.88,-5.5615281457,0.262974,0.47338,39.887,1.1201,0.6364,0.054132,0.547289,2.965906,157,0.174691,1761.8848,0.068368,0
495,21.12,5593.89,5465.041,11660.16,-5.6775494997,0.219426,0.466758,39.1043,1.1327,0.6589,0.055151,0.556544,-0.460794,154,0.180803,1806.3304,0.06617,0
496,21.1627,5754.25,5547.4921,11777.34,-5.944374645,0.224466,0.451469,29.1807,1.1441,0.6931,0.057562,0.60352,-8.336334,156,0.178076,1759.6697,0.076792,0
497,21.2053,6064.07,5606.6296,12164.06,-6.6139842732,0.238327,0.410231,19.3627,1.1133,0.6994,0.064495,0.676355,-5.546634,165,0.176821,1898.6753,0.087413,0
498,21.248,5825.97,5476.5673,11812.5,-5.9392259806,0.311505,0.443702,28.9133,1.1547,0.7593,0.058818,0.648281,-5.665679,165,0.182884,1922.205,0.08839,0
499,21.2907,5855.71,5525.1464,11730.47,-7.0992560209,0.200286,0.371872,16.1617,1.2053,0.9925,0.071601,0.68638,-6.497647,185,0.194591,1956.8476,0.084361,0
500,21.3333,5820.57,5538.2939,11906.25,-5.7645447043,0.200528,0.46142,33.9981,1.1069,0.5578,0.055984,0.616338,0.211774,173,0.188746,1827.0627,0.072274,0
501,21.376,5701.43,5559.836,11800.78,-5.3819856837,0.276751,0.487103,44.9951,1.1004,0.5251,0.052063,0.515803,-10.654653,178,0.184881,1817.838,0.067879,0
502,21.4187,5800.93,5498.3162,11742.19,-6.1334602686,0.224475,0.43954,28.9919,1.1766,0.8383,0.0595,0.641614,-5.120375,159,0.186551,1713.0184,0.078623,0
503,21.4613,5898.23,5495.7872,11824.22,-6.2251560243,0.236493,0.425115,24.4348,1.1338,0.7494,0.061916,0.65445,-2.458165,187,0.175061,1815.8472,0.083628,0
504,21.504,5785.45,5473.1934,11800.78,-6.0518857069,0.348536,0.434189,27.9029,1.1747,0.8246,0.060387,0.612065,-7.438507,176,0.184615,1825.6422,0.081675,0
505,21.5467,5767.79,5506.1047,11542.97,-6.2201361698,0.259474,0.424473,25.7869,1.2097,0.9102,0.062025,0.644451,-1.506527,187,0.182113,1884.4755,0.080576,0
506,21.5893,5743.94,5473.4281,11671.88,-6.4584639433,0.218951,0.409567,21.9881,1.2055,0.9283,0.064612,0.662389,-3.346839,160,0.185715,1773.3763,0.082041,0
507,21.632,5832.52,5381.0724,11507.81,-5.7909426244,0.162634,0.464515,36.7991,1.1308,0.7851,0.0555,0.606537,0.409779,152,0.16917,1836.5433,0.075449,0
508,21.6747,5871.42,5463.7742,11906.25,-6.1464302775,0.207609,0.437456,27.1546,1.1224,0.7327,0.059844,0.636348,-0.69068,181,0.17651,1855.006,0.072152,0
509,21.7173,5824.49,5478.6393,11789.06,-5.6955262018,0.22926,0.464231,34.3162,1.0777,0.5613,0.055544,0.598848,-5.597826,173,0.170319,1800.3124,0.08314,0
510,21.76,5804.2,5463.5057,11613.28,-6.1345206233,0.265553,0.425843,26.3559,1.1559,0.846,0.061792,0.65194,-2.781929,157,0.174151,1804.9139,0.087779,0
511,21.8027,5816.85,5557.9333,11894.53,-6.9202276998,0.313804,0.382033,17.1192,1.1903,0.9347,0.06965,0.676992,-2.586651,175,0.176865,1942.0493,0.086314,0
512,21.8453,6026.37,5477.5303,12140.62,-5.9119845363,0.17635,0.445945,26.6896,1.0597,0.5565,0.058453,0.627135,-2.885041,180,0.187141,1844.9183,0.084971,0
513,21.888,5873.0,5546.4578,11835.94,-6.5652899224,0.246305,0.404337,21.1488,1.1661,0.8439,0.065543,0.652276,-2.480514,181,0.176807,1958.2036,0.08082,0
514,21.9307,5755.42,5507.5837,11800.78,-5.7805483547,0.373614,0.461223,32.2905,1.1315,0.6457,0.056015,0.591954,-4.132651,185,0.180493,1888.7177,0.074838,0
515,21.9733,5724.26,5550.7267,11707.03,-6.1741820095,0.3896,0.429058,27.7063,1.178,0.8094,0.061247,0.625282,-6.695049,194,0.176349,1774.86,0.077768,0
516,22.016,5971.01,5506.6332,11882.81,-6.1828488951,0.179053,0.436705,24.9713,1.1458,0.7367,0.059969,0.673772,-0.160293,174,0.181033,1908.219,0.084117,0
517,22.0587,5873.18,5489.7134,11566.41,-6.5650433724,0.239681,0.403058,19.8719,1.173,0.8865,0.065772,0.675225,-2.494789,164,0.179345,1798.5997,0.083873,0
518,22.1013,5892.46,5550.4408,11953.12,-6.3651645116,0.205591,0.421296,22.7766,1.1549,0.7532,0.062569,0.654892,-3.216843,172,0.17234,1819.3185,0.082652,0
519,22.144,6021.47,5538.0321,12035.16,-6.6438924775,0.31686,0.400776,18.4047,1.1109,0.6929,0.066183,0.684627,-4.738691,178,0.181611,1789.8194,0.080942,0
520,22.1867,5775.42,5559.4654,11953.12,-5.3252724052,0.238476,0.490669,46.699,1.1089,0.5682,0.051535,0.515422,1.684271,163,0.183414,1782.0486,0.075937,0
521,22.2293,5658.57,5491.6999,11554.69,-5.921097717,0.242957,0.43466,30.7775,1.1665,0.782,0.060308,0.597289,-4.937893,185,0.172334,1879.788,0.074594,0
522,22.272,6009.84,5509.4243,11941.41,-6.0698136775,0.419885,0.43501,24.316,1.1445,0.7744,0.06025,0.663414,-2.420411,163,0.18491,1801.142,0.0796,0
523,22.3147,5880.77,5447.9211,11648.44,-6.091619217,0.174955,0.432798,26.0916,1.1491,0.8075,0.060619,0.643892,-7.027254,173,0.182144,1835.2889,0.085338,0
524,22.3573,5752.17,5500.212,11683.59,-6.2566116602,0.169274,0.42566,25.9223,1.1701,0.8073,0.061823,0.640767,-7.11352,160,0.170173,1878.7846,0.0796,0
525,22.4,5737.58,5490.9596,11753.91,-6.142991334,0.246783,0.438569,29.4156,1.1473,0.7292,0.05966,0.623679,-5.806287,168,0.178895,1811.8476,0.07435,0
526,22.4427,5861.33,5605.5955,11953.12,-6.2492758316,0.210832,0.433804,27.108,1.1349,0.6635,0.060451,0.627309,-7.453988,161,0.17358,1864.7162,0.079844,0
527,22.4853,5943.64,5493.0714,11953.12,-6.2616291208,0.455163,0.427279,24.7195,1.1557,0.7994,0.061548,0.647824,-3.321697,164,0.184442,1790.5166,0.078623,0
528,22.528,5804.55,5438.3169,11765.62,-6.1519687075,0.257639,0.444474,28.2894,1.1752,0.8158,0.058692,0.655896,-2.404324,168,0.179679,1812.6305,0.081797,0
529,22.5707,5933.4,5558.7446,12035.16,-5.9828982004,0.213394,0.448771,28.0661,1.0863,0.5453,0.057996,0.624924,-3.726778,155,0.170942,1852.4754,0.084971,0
530,22.6133,5908.79,5525.8217,11929.69,-5.8668844155,0.236906,0.459794,31.7266,1.0873,0.5593,0.056239,0.62739,0.427673,175,0.174271,1749.7637,0.080454,0
531,22.656,5659.92,5463.515,11718.75,-5.4936732367,0.27454,0.4746,42.4652,1.1217,0.5792,0.053945,0.568765,0.685884,189,0.18511,1805.7711,0.074106,0
532,22.6987,5807.45,5421.19,11695.31,-5.2120997541,0.207853,0.498079,46.2837,1.0862,0.5722,0.05045,0.550029,1.953293,181,0.184833,1854.1234,0.064095,0
533,22.7413,5542.29,5431.0243,11378.91,-6.0269733276,0.156386,0.444198,33.1192,1.1636,0.797,0.058737,0.575476,-5.830733,156,0.172817,1764.9673,0.068246,0
534,22.784,5663.77,5457.6191,11507.81,-6.2849644882,0.216191,0.42529,24.9186,1.1773,0.846,0.061886,0.626313,-3.869142,183,0.173427,1677.4376,0.080332,0
535,22.8267,5730.45,5499.2605,11730.47,-6.2607700187,0.288424,0.420175,24.0251,1.1736,0.7944,0.062762,0.628844,-2.42407,173,0.182232,1886.2348,0.078501,0
536,22.8693,5910.76,5499.1311,11847.66,-6.1624385722,0.267518,0.429819,25.8586,1.128,0.7112,0.061119,0.635881,0.880246,187,0.173691,1827.023,0.078501,0
537,22.912,5936.32,5516.5265,11941.41,-5.9702235941,0.236197,0.444577,29.1919,1.1152,0.6573,0.058676,0.648492,-0.982215,175,0.176665,1699.9166,0.079477,0
538,22.9547,5670.82,5506.2424,11636.72,-5.4243683334,0.253297,0.477848,42.7991,1.1249,0.6199,0.053452,0.518024,-7.462681,157,0.190901,1782.7143,0.072763,0
539,22.9973,5491.34,5394.7763,11214.84,-5.6500490053,0.200499,0.460013,42.499,1.1752,0.7811,0.056205,0.550208,1.260802,183,0.181134,1812.907,0.072152,0
540,23.04,5648.03,5438.3337,11437.5,-5.5222772738,0.302349,0.474792,43.108,1.1377,0.6584,0.053916,0.546405,1.571237,160,0.185136,1756.3104,0.066536,0
541,23.0827,5691.98,5452.579,11449.22,-5.5033071176,0.152874,0.47455,41.5557,1.1361,0.7093,0.053953,0.563835,-0.615408,147,0.179321,1889.1893,0.071542,0
542,23.1253,5622.09,5425.2607,11460.94,-6.0992337682,0.239804,0.437354,30.2328,1.1778,0.8045,0.059861,0.629555,-3.107705,176,0.19494,1814.688,0.080332,0
543,23.168,5648.17,5451.7146,11308.59,-5.9802866641,0.120631,0.448024,33.3445,1.189,0.8436,0.058116,0.613515,-7.560736,146,0.171172,1743.9439,0.07667,0
544,23.2107,5846.41,5500.1128,11859.38,-5.906754984,0.334225,0.453529,30.8686,1.1243,0.6482,0.057233,0.609476,-5.928512,150,0.178308,1796.5495,0.075204,0
545,23.2533,5814.89,5433.637,11554.69,-6.0893397023,0.229417,0.447336,31.562,1.1547,0.7781,0.058228,0.631925,-0.450935,177,0.168207,1701.3563,0.084239,0
546,23.296,5973.35,5515.4114,11953.12,-6.0260055247,0.177809,0.445193,27.4338,1.1092,0.6674,0.058575,0.652393,-1.134084,179,0.180017,1771.4186,0.087047,0
547,23.3387,5696.58,5559.9745,11765.62,-6.5933680025,0.311086,0.400621,20.2499,1.1867,0.8529,0.066211,0.644755,-5.892275,175,0.181937,1817.1542,0.085826,0
548,23.3813,6117.57,5655.0858,12281.25,-6.6341648311,0.257872,0.395715,17.8805,1.1135,0.675,0.067103,0.671403,-1.79292,154,0.17767,1887.5463,0.080332,0
549,23.424,5650.89,5406.9419,11519.53,-5.6046896257,0.209582,0.471292,44.0162,1.1576,0.7442,0.054452,0.534089,1.64043,188,0.180592,1881.1938,0.072763,0
550,23.4667,5727.98,5515.5174,11812.5,-5.7490098478,0.137874,0.461493,35.2777,1.1164,0.5907,0.055972,0.574485,-6.284021,164,0.175072,1674.1363,0.071054,0
551,23.5093,5842.87,5531.61,11871.09,-5.5740895263,0.291793,0.472944,38.1412,1.1118,0.5752,0.054198,0.593824,0.604339,175,0.170359,1900.1201,0.072641,0
552,23.552,5784.16,5522.8653,11917.97,-6.0315781806,0.266693,0.438118,30.3368,1.1426,0.6821,0.059735,0.621938,-6.956831,156,0.182997,1849.2197,0.075815,0
553,23.5947,5698.55,5486.3508,11683.59,-5.8033830173,0.088508,0.465516,33.7277,1.1188,0.6094,0.055344,0.592647,-4.126875,165,0.179998,1774.2107,0.076303,0
554,23.6373,5752.63,5476.0769,11683.59,-5.8135065359,0.264205,0.454003,34.3478,1.115,0.6447,0.057157,0.593205,-0.171385,158,0.177444,1812.3589,0.083018,0
555,23.68,5804.76,5539.4812,11753.91,-6.5581927178,0.23783,0.405118,19.6693,1.1784,0.8576,0.065403,0.666232,-4.300934,158,0.18416,1691.1155,0.083506,0
556,23.7227,5752.9,5484.0332,11660.16,-5.6465779178,0.196344,0.47088,35.752,1.1202,0.6062,0.054515,0.601886,-4.45778,167,0.181437,1792.4333,0.072885,0
557,23.7653,5691.15,5416.1992,11425.78,-5.4586026344,0.296057,0.474612,41.6318,1.11,0.6303,0.053944,0.532319,2.341482,168,0.198326,1869.3241,0.070809,0
558,23.808,5929.8,5499.6126,11988.28,-6.2123453342,0.179166,0.433804,24.6791,1.1259,0.7226,0.060451,0.64747,-2.110348,179,0.181455,1891.3287,0.078501,0
559,23.8507,5647.85,5438.7641,11390.62,-6.163853479,0.21838,0.435558,28.9451,1.202,0.9223,0.060159,0.62035,-3.633767,175,0.184664,1736.9058,0.076914,0
560,23.8933,5595.92,5478.9639,11648.44,-6.7095747849,0.384866,0.397386,20.1849,1.2144,0.9414,0.066798,0.634861,-5.394554,160,0.17571,1779.8832,0.078623,0
561,23.936,5768.9,5480.0028,11765.62,-5.5785934906,0.332571,0.470535,38.2408,1.1308,0.6454,0.054568,0.574299,2.789331,203,0.188149,1871.6335,0.076792,0
562,23.9787,5622.58,5440.1846,11542.97,-6.7149915581,0.282323,0.393967,19.8651,1.2479,1.047,0.067423,0.65998,-5.916307,164,0.192571,1799.3229,0.072641,0
563,24.0213,5749.24,5511.556,11765.62,-6.2647807294,0.153115,0.42474,25.7941,1.1726,0.8111,0.061979,0.636142,-0.236467,188,0.187558,1817.0281,0.072885,0
564,24.064,6016.71,5620.2551,12199.22,-5.8112458602,0.247475,0.454549,28.4304,1.0913,0.5491,0.05707,0.614743,-1.403501,170,0.188005,1800.6316,0.080942,0
565,24.1067,5909.82,5552.8843,11882.81,-6.2631726726,0.283808,0.424059,26.0046,1.1442,0.7516,0.062096,0.628337,-6.339392,163,0.173428,1840.5402,0.088634,0
566,24.1493,5998.85,5533.6164,11941.41,-5.772806482,0.221243,0.46322,33.9084,1.0931,0.602,0.055702,0.613364,-0.630182,177,0.171487,1858.2872,0.08546,0
567,24.192,5800.05,5491.5798,11742.19,-6.5507824684,0.324784,0.408842,22.8882,1.1864,0.8985,0.064741,0.662292,-5.165484,160,0.178406,1901.0902,0.084117,0
568,24.2347,5965.91,5521.8305,11753.91,-6.3068572031,0.241641,0.418861,23.7426,1.1452,0.8156,0.062988,0.653684,-4.842413,156,0.173171,1748.0315,0.084605,0
569,24.2773,5982.17,5509.3135,11917.97,-6.3223545307,0.284092,0.431006,24.6454,1.1299,0.74,0.060919,0.676408,-3.055154,178,0.174614,1752.1914,0.086558,0
570,24.32,5468.88,5370.3627,11167.97,-5.5284647728,0.246848,0.47948,50.3764,1.1841,0.796,0.053205,0.506876,2.414505,176,0.180336,1890.3807,0.075327,0
571,24.3627,5753.72,5430.0709,11660.16,-5.6584829375,0.110479,0.46635,39.9426,1.1069,0.6264,0.055215,0.57109,1.643505,188,0.181271,2020.3285,0.073007,0
572,24.4053,5789.76,5476.3777,11648.44,-6.0352729052,0.348535,0.442637,28.9991,1.1587,0.7962,0.058992,0.637198,0.210854,188,0.1827,1735.7138,0.081675,0
573,24.448,5642.21,5469.3358,11449.22,-6.1076124967,0.35808,0.422928,27.2948,1.1941,0.8863,0.062289,0.592227,-4.038086,194,0.179206,1831.9076,0.080698,0
574,24.4907,5915.15,5515.8167,11917.97,-6.8005315218,0.224792,0.392876,20.5431,1.1633,0.8986,0.067624,0.683051,-5.186585,175,0.179688,1882.7683,0.079844,0
575,24.5333,5768.2,5449.801,11648.44,-5.9193588523,0.282318,0.454045,34.4735,1.1465,0.7761,0.05715,0.59554,-7.076892,185,0.184348,1812.8081,0.079111,0
576,24.576,5614.42,5413.9355,11320.31,-6.1028917254,0.166172,0.441837,32.9759,1.1767,0.871,0.059123,0.616169,-2.251891,185,0.177868,1832.8601,0.079966,0
577,24.6187,5886.9,5439.8845,11753.91,-6.0422561512,0.208183,0.444615,29.0111,1.1127,0.6949,0.058669,0.649395,-5.84161,168,0.173762,1826.2009,0.0796,0
578,24.6613,6014.8,5500.8724,11941.41,-6.0752838549,0.25098,0.434329,24.3266,1.091,0.6332,0.060364,0.646343,-6.898085,160,0.18077,1739.8023,0.079966,0
579,24.704,5618.82,5460.8388,11589.84,-5.9698866187,0.234019,0.448746,33.5686,1.1453,0.7062,0.058,0.575389,-5.596362,157,0.181616,1781.9507,0.07203,0
580,24.7467,5617.96,5480.241,11718.75,-5.5902242199,0.354393,0.473291,39.7803,1.1468,0.6653,0.054145,0.561907,-8.046019,150,0.17368,1832.0891,0.067147,0
581,24.7893,5646.08,5430.2867,11472.66,-5.8377313708,0.139557,0.454091,36.4297,1.1641,0.7994,0.057143,0.568176,-7.803294,160,0.176816,1934.1642,0.079477,0
582,24.832,5868.92,5570.5421,11835.94,-6.567085737,0.212514,0.407972,20.6091,1.173,0.8271,0.064895,0.658576,-6.680764,173,0.186294,1810.4517,0.083018,0
583,24.8747,5848.32,5474.9033,11648.44,-6.0673912219,0.210002,0.439615,27.4485,1.1654,0.8323,0.059488,0.638655,-7.721288,146,0.180463,1766.6306,0.075937,0
584,24.9173,5634.27,5428.2669,11238.28,-6.4148951535,0.321779,0.417313,24.8003,1.214,0.9817,0.063256,0.63297,-5.578705,181,0.182463,1813.5542,0.07667,0
585,24.96,5871.07,5544.1638,11964.84,-5.9726763138,0.347618,0.44051,26.8527,1.1066,0.6154,0.059341,0.596597,-5.167793,181,0.18143,1749.0752,0.080576,0
586,25.0027,5897.78,5548.888,12070.31,-6.3472485195,0.237453,0.427709,23.5066,1.1186,0.6647,0.061475,0.646917,-3.213944,169,0.170639,1830.4336,0.085215,0
587,25.0453,5930.29,5474.3036,11742.19,-6.4694964555,0.224696,0.409878,20.2823,1.1795,0.9154,0.064558,0.675852,-3.525791,171,0.175652,1844.575,0.087413,0
588,25.088,5793.04,5519.917,11917.97,-5.8171568533,0.238357,0.45635,32.4032,1.1046,0.5752,0.056784,0.581031,-6.065892,181,0.182203,1777.6797,0.08021,0
589,25.1307,5785.28,5493.9804,11730.47,-6.8574970853,0.185191,0.389613,19.373,1.1818,0.9187,0.068228,0.672056,-5.071057,161,0.190635,1882.7095,0.082285,0
590,25.1733,6351.54,5681.9979,12515.62,-7.1467361992,0.218351,0.376147,14.22,1.0933,0.7036,0.070774,0.724212,-6.535066,148,0.18109,1922.9518,0.093884,0
591,25.216,5990.81,5570.7716,12023.44,-6.8092198709,0.281377,0.391711,18.0449,1.1607,0.826,0.067839,0.692408,-5.302507,176,0.171489,1850.2629,0.093761,0
592,25.2587,6159.89,5610.0901,12210.94,-6.8777854354,0.354062,0.378787,15.5229,1.0936,0.655,0.070268,0.689777,-2.532277,187,0.173989,2003.8606,0.087413,0
593,25.3013,5741.01,5500.5472,11660.16,-6.2506561388,0.30117,0.421486,24.9649,1.1705,0.815,0.062536,0.642675,-4.324712,155,0.192237,1845.43,0.079355,0
594,25.344,5673.47,5467.9371,11695.31,-6.0514578244,0.225865,0.435687,29.3191,1.1522,0.7337,0.060138,0.599182,-0.670121,174,0.187037,1717.5834,0.075693,0
595,25.3867,5921.85,5523.4778,11917.97,-6.2836984496,0.236748,0.429904,24.3767,1.1271,0.7329,0.061105,0.633959,-0.418217,162,0.181194,1777.3928,0.073984,0
596,25.4293,5835.83,5478.9904,11718.75,-5.7737589835,0.178684,0.463181,34.9553,1.1017,0.6397,0.055708,0.595497,-0.053308,173,0.181318,1811.5169,0.07142,0
597,25.472,5825.7,5513.4458,12035.16,-5.5316192605,0.277643,0.480757,39.3677,1.0659,0.4919,0.053012,0.550655,0.308831,172,0.180796,1822.8402,0.076181,0
598,25.5147,5828.22,5487.4304,11695.31,-5.7966971724,0.151291,0.454336,33.0545,1.1329,0.7032,0.057104,0.585757,-4.62961,187,0.18098,1767.1388,0.075937,0
599,25.5573,5703.26,5465.8067,11707.03,-5.3439337973,0.215799,0.49234,46.8589,1.0967,0.5401,0.051289,0.493291,1.739109,151,0.182031,1675.4931,0.061043,0
600,25.6,5601.77,5331.9867,11250.0,-5.3531961389,0.253878,0.479367,50.2965,1.1384,0.7284,0.053222,0.517353,0.969446,166,0.196099,1864.5338,0.06263,0
601,25.6427,5677.52,5507.479,11753.91,-5.7036088235,0.26846,0.467241,36.2923,1.1516,0.666,0.055076,0.592231,-1.403841,181,0.182677,1820.3675,0.075327,0
602,25.6853,5720.02,5443.5709,11718.75,-5.3568731909,0.275839,0.482745,43.4618,1.0883,0.568,0.052714,0.529168,1.931674,150,0.182054,1862.2303,0.075082,0
603,25.728,5653.21,5440.0578,11578.12,-5.8269095539,0.178682,0.45702,35.5892,1.1379,0.6978,0.056677,0.560428,-5.73575,173,0.179984,1732.4505,0.076547,0
604,25.7707,5843.5,5538.2957,11812.5,-6.5293115617,0.224773,0.410248,21.636,1.1441,0.7874,0.064492,0.660653,-6.949535,163,0.181429,1867.8391,0.078623,0
605,25.8133,5801.94,5413.9398,11402.34,-5.9904393858,0.153085,0.440965,28.5351,1.1588,0.8291,0.059266,0.632544,-6.984214,157,0.173412,1785.5793,0.083384,0
606,25.856,5746.1,5532.9875,11812.5,-5.9602624155,0.2468,0.445693,31.1587,1.1077,0.6463,0.058494,0.593359,-7.158542,174,0.184117,1716.6858,0.078745,0
607,25.8987,5675.5,5437.9128,11753.91,-5.3812416624,0.371036,0.485786,44.5714,1.1231,0.5882,0.052259,0.557611,-0.614273,163,0.179494,1850.7094,0.071298,0
608,25.9413,5920.51,5475.4694,11753.91,-5.805747046,0.264337,0.4493,31.5861,1.0932,0.6535,0.057911,0.587569,-5.908395,173,0.177131,1828.8062,0.069711,0
609,25.984,5741.62,5524.1934,11847.66,-5.463296108,0.223142,0.481615,43.0984,1.1192,0.5989,0.052883,0.538304,-0.03171,167,0.18452,1818.0292,0.064705,0
610,26.0267,5463.35,5366.8184,11320.31,-5.4268799182,0.142999,0.489882,50.4833,1.1646,0.7274,0.051651,0.492485,1.496164,148,0.173284,1891.4169,0.066781,0
611,26.0693,5889.18,5520.3344,11871.09,-6.2488223528,0.2498,0.426269,23.1961,1.1663,0.8054,0.061719,0.656439,-5.02551,189,0.183588,1880.825,0.077402,0
612,26.112,5795.45,5515.5084,11777.34,-5.674200282,0.135873,0.463707,35.023,1.1192,0.6114,0.055626,0.596316,-6.202094,169,0.184371,1719.7104,0.085338,0
613,26.1547,6076.29,5513.2971,11953.12,-5.8765198433,0.200347,0.459064,31.1212,1.1143,0.6588,0.056355,0.650657,-3.063239,148,0.17199,1838.4891,0.086681,0
614,26.1973,5690.34,5406.3008,11367.19,-6.2717467168,0.273796,0.421334,25.586,1.2018,0.9563,0.062562,0.631061,-7.637763,193,0.174843,1828.6109,0.081309,0
615,26.24,5589.95,5468.7994,11707.03,-5.9762849279,0.27306,0.4479,32.6157,1.1927,0.8174,0.058137,0.615947,-1.26348,187,0.1833,1871.388,0.074716,0
616,26.2827,5599.1,5503.7371,11718.75,-6.3079196441,0.398328,0.414119,27.2062,1.1944,0.8602,0.063812,0.608023,-4.271047,168,0.177468,1839.7616,0.070199,0
617,26.3253,5612.58,5492.0537,11507.81,-6.1410228616,0.340554,0.426202,28.0068,1.1994,0.8559,0.061731,0.602353,-7.499926,165,0.17912,1825.4817,0.075571,0
618,26.368,5511.41,5491.0048,11402.34,-6.1365825616,0.316031,0.417558,29.4793,1.2091,0.8439,0.063214,0.580913,-5.730762,180,0.191202,1791.54,0.074716,0
619,26.4107,5690.8,5456.3038,11589.84,-5.6636090227,0.271584,0.458888,36.4012,1.1654,0.7686,0.056382,0.593491,-7.919101,182,0.183112,1858.4808,0.0691,0
620,26.4533,5886.96,5451.071,11660.16,-6.0389567966,0.185088,0.447219,29.9262,1.1346,0.7593,0.058247,0.654736,-9.478525,161,0.172686,1811.3333,0.083018,0
621,26.496,5964.73,5500.4859,11941.41,-6.5959964246,0.312707,0.412985,20.205,1.1337,0.7752,0.064011,0.686381,-7.791981,168,0.169936,1832.2939,0.091564,0
622,26.5387,5865.49,5470.8035,11753.91,-6.0599006117,0.324205,0.442214,27.6509,1.1323,0.7516,0.059061,0.650356,-1.74728,206,0.16549,1820.3251,0.081309,0
623,26.5813,5703.06,5534.6847,12011.72,-5.427142454,0.271012,0.488185,40.961,1.1057,0.5107,0.051903,0.536193,-8.3595,157,0.186238,1694.9143,0.072274,0
624,26.624,5572.85,5471.5881,11578.12,-5.6603970452,0.256332,0.457281,39.7448,1.1602,0.7055,0.056636,0.54766,-0.144161,145,0.185831,1859.1328,0.074594,0
625,26.6667,5805.89,5523.5223,11707.03,-6.7770725269,0.290485,0.392131,18.993,1.1975,0.952,0.067761,0.665995,-6.068632,146,0.185488,1802.2375,0.079355,0
626,26.7093,5848.3,5501.0271,11882.81,-5.7208540334,0.204695,0.460837,33.0156,1.1034,0.5902,0.056075,0.616946,-2.415779,168,0.181987,1771.6663,0.077524,0
627,26.752,5881.9,5493.2501,11894.53,-6.0156549571,0.15286,0.447403,28.456,1.1206,0.6704,0.058217,0.642883,-0.867061,184,0.184033,1793.0437,0.077646,0
628,26.7947,5957.71,5551.5818,11941.41,-5.4038212341,0.210127,0.489045,42.9232,1.0693,0.5063,0.051775,0.547118,0.571313,184,0.177497,1873.9419,0.078379,0
629,26.8373,5833.57,5529.1544,11730.47,-6.0453866073,0.228755,0.447274,30.0366,1.1483,0.7375,0.058238,0.622698,-7.950401,173,0.172795,1791.5109,0.072397,0
630,26.88,5655.58,5361.0014,11074.22,-5.8789694235,0.16219,0.445462,33.2577,1.1674,0.9045,0.058532,0.587444,-6.455196,173,0.176094,1740.2595,0.081431,0
631,26.9227,5988.97,5545.233,11953.12,-6.8278842672,0.204082,0.389404,17.3626,1.1514,0.8354,0.068267,0.684713,-5.544115,172,0.185655,1854.0122,0.085338,0
632,26.9653,5500.14,5426.5698,11449.22,-5.8125990546,0.187489,0.453961,36.5409,1.1704,0.755,0.057164,0.556633,-0.408486,180,0.19344,1752.6399,0.079111,0
633,27.008,5828.21,5457.9807,11730.47,-6.4607672595,0.164986,0.415194,22.6397,1.1766,0.9076,0.063625,0.64818,-3.662338,170,0.185281,1839.8793,0.084239,0
634,27.0507,6016.14,5483.8891,11917.97,-6.1276876447,0.236238,0.446736,24.677,1.1159,0.7195,0.058325,0.682554,-5.886026,170,0.168534,1796.2962,0.089244,0
635,27.0933,5914.6,5453.2871,11800.78,-6.4551549578,0.186073,0.42216,23.0606,1.1403,0.7852,0.06242,0.684277,-2.812334,177,0.178524,1819.7909,0.089855,0
636,27.136,5959.21,5581.1159,12046.88,-6.3792272684,0.301663,0.422914,21.4918,1.129,0.715,0.062291,0.670381,-2.433839,192,0.180182,1806.807,0.086314,0
637,27.1787,5888.33,5515.9852,12058.59,-5.7553308701,0.266877,0.464399,30.7477,1.1216,0.6428,0.055518,0.623861,-1.841448,174,0.176016,1876.8213,0.081431,0
638,27.2213,5770.5,5540.7476,11707.03,-6.6004267585,0.211196,0.40761,21.1252,1.1899,0.8849,0.064959,0.658832,-6.935466,162,0.180593,1830.3394,0.079722,0
639,27.264,5732.27,5446.448,11695.31,-5.7634587169,0.170888,0.471174,37.3735,1.1122,0.638,0.05447,0.603874,-6.89245,160,0.17586,1784.9986,0.070687,0
640,27.3067,5621.94,5514.3722,11718.75,-5.6170108116,0.210564,0.467319,37.6598,1.1321,0.6372,0.055064,0.55199,-8.661212,181,0.182582,1714.9186,0.067635,0
641,27.3493,5855.17,5536.8841,11988.28,-5.6759784748,0.138055,0.460234,33.2691,1.065,0.5046,0.05617,0.586246,-6.585518,182,0.179759,1834.4085,0.077402,0
642,27.392,5885.77,5458.132,11730.47,-6.1955131555,0.188497,0.436356,25.8268,1.1326,0.7488,0.060026,0.655836,-1.411853,174,0.174824,1769.864,0.082652,0
643,27.4347,5729.65,5480.0167,11648.44,-5.7906316925,0.202063,0.451226,33.0566,1.1472,0.7151,0.057601,0.604972,0.335418,177,0.179215,1774.5851,0.078989,0
644,27.4773,5645.8,5452.4165,11355.47,-5.8705678765,0.386227,0.449699,34.6896,1.1886,0.8461,0.057846,0.608903,-0.710367,193,0.170102,1778.5751,0.074106,0
645,27.52,6063.22,5561.502,11929.69,-6.8566614448,0.257436,0.388921,17.9269,1.1581,0.8575,0.068356,0.695493,-2.485648,162,0.176601,1873.507,0.078867,0
646,27.5627,5871.91,5521.3199,11906.25,-6.405075726,0.260128,0.415923,21.6659,1.1295,0.7411,0.063498,0.638615,-6.168383,178,0.188601,1768.883,0.082408,0
647,27.6053,5797.59,5522.8578,11718.75,-6.1861270612,0.245793,0.436448,26.5273,1.1473,0.7169,0.060011,0.647182,-2.535714,156,0.180852,1764.6032,0.080088,0
648,27.648,5827.48,5449.388,11730.47,-6.10540903,0.213633,0.429587,29.023,1.1532,0.7769,0.061158,0.618352,0.050921,172,0.17893,1833.0892,0.076914,0
649,27.6907,5839.72,5468.9621,11894.53,-6.1408995878,0.275693,0.439623,28.7975,1.1295,0.7136,0.059487,0.650039,-7.294966,173,0.182433,1741.5776,0.081187,0
650,27.7333,5729.82,5432.051,11554.69,-6.088950774,0.235389,0.44414,29.9937,1.1654,0.7979,0.058747,0.638629,-4.118466,180,0.175939,1776.9762,0.082285,0
651,27.776,5796.34,5530.5373,11882.81,-6.2247856355,0.321604,0.43286,28.106,1.168,0.7797,0.060609,0.631213,-6.566451,168,0.176314,1766.453,0.078501,0
652,27.8187,5650.21,5481.7495,11519.53,-5.7451176553,0.227514,0.451898,33.6251,1.1486,0.7144,0.057493,0.567347,-5.676129,160,0.17188,1828.7099,0.079355,0
653,27.8613,5828.99,5498.6022,11753.91,-6.7473620938,0.241409,0.39503,18.0558,1.182,0.9122,0.067228,0.67225,-5.918008,177,0.182084,1844.1955,0.083873,0
654,27.904,5804.05,5495.5082,11929.69,-6.3432880724,0.333227,0.420033,22.9822,1.1647,0.7857,0.062786,0.657668,-5.188337,189,0.178569,1809.1329,0.083384,0
655,27.9467,5875.77,5502.5204,11929.69,-6.0001690361,0.187579,0.453674,29.8667,1.1139,0.6464,0.057209,0.633675,-2.934111,147,0.182833,1721.8427,0.086436,0
656,27.9893,6031.75,5577.0781,12128.91,-6.9760046496,0.17905,0.384984,16.7072,1.1677,0.9042,0.069093,0.689649,-6.011886,183,0.177051,1881.4283,0.085826,0
657,28.032,5851.56,5600.2492,12046.88,-6.263846535,0.372007,0.429617,23.7636,1.1585,0.754,0.061153,0.646393,-5.535128,149,0.174766,1734.8044,0.081187,0
658,28.0747,5982.18,5574.0414,12140.62,-5.9543951337,0.227753,0.457518,29.6337,1.0925,0.5543,0.056599,0.650723,-1.216733,163,0.186227,1721.4772,0.080454,0
659,28.1173,5658.89,5443.2455,11425.78,-5.6750114661,0.2268,0.45843,38.2572,1.1727,0.7978,0.056454,0.584327,0.379653,160,0.188368,1787.6663,0.07496,0
660,28.16,5768.25,5515.1016,11648.44,-6.3618862085,0.169997,0.411485,23.724,1.1945,0.9473,0.064274,0.631074,-6.677203,177,0.186082,1780.145,0.078623,0
661,28.2027,5821.87,5501.0327,11707.03,-6.7218390188,0.215726,0.399297,19.8953,1.1762,0.8609,0.066451,0.672137,-4.265887,157,0.188231,1820.8958,0.083018,0
662,28.2453,5687.14,5444.5916,11355.47,-6.0470316871,0.256365,0.439727,30.8052,1.1833,0.8384,0.059469,0.633517,-1.549248,156,0.176918,1926.216,0.079844,0
663,28.288,5458.54,5473.277,11367.19,-5.5478459636,0.366476,0.469552,42.7789,1.1754,0.7284,0.054719,0.535797,-9.16659,158,0.189779,1884.2421,0.066536,0
664,28.3307,5665.72,5483.1569,11578.12,-6.0401644987,0.281568,0.442699,32.1762,1.2015,0.8896,0.058982,0.601469,-7.044393,160,0.174622,1731.7046,0.068246,0
665,28.3733,5902.97,5548.1168,11742.19,-6.330883293,0.186056,0.421178,23.8769,1.1625,0.8163,0.062589,0.654961,-0.485752,168,0.17932,1879.5002,0.083018,0
666,28.416,5996.39,5520.5464,11777.34,-6.0692930418,0.28263,0.44993,30.131,1.1225,0.7244,0.057809,0.633944,-7.048701,162,0.172765,1781.3056,0.086681,0
667,28.4587,5867.43,5465.1357,11812.5,-5.9065583578,0.271986,0.46174,33.3575,1.1438,0.7146,0.055934,0.63085,0.013386,181,0.166192,1820.552,0.080576,0
668,28.5013,5625.87,5446.5182,11507.81,-5.662005921,0.265806,0.466484,38.4361,1.2091,0.8558,0.055194,0.59354,-0.812744,161,0.174108,1684.2199,0.07203,0
669,28.544,5684.23,5410.763,11320.31,-5.8452277679,0.257844,0.456135,36.6947,1.1777,0.8599,0.056818,0.607716,-0.083375,161,0.170145,1906.6932,0.075571,0
670,28.5867,5807.02,5467.219,11695.31,-5.7098319464,0.258245,0.463864,40.8598,1.1087,0.6742,0.055601,0.561423,1.065235,169,0.173256,1857.9098,0.083506,0
671,28.6293,5800.61,5450.5744,11730.47,-5.6772890175,0.20531,0.462183,34.7739,1.1388,0.7236,0.055864,0.598972,-4.437444,192,0.172614,1807.5604,0.079355,0
672,28.672,5802.85,5539.407,11953.12,-5.7326177656,0.168668,0.466072,35.478,1.1341,0.6416,0.055258,0.593784,-0.527939,190,0.179406,1878.5375,0.073129,0
673,28.7147,5798.53,5425.0367,11847.66,-5.9013370722,0.267675,0.455889,32.5047,1.1194,0.6761,0.056857,0.612619,-7.114181,161,0.185056,1859.8205,0.070809,0
674,28.7573,5755.13,5420.5515,11707.03,-5.7207180988,0.29811,0.472667,38.6981,1.1046,0.6287,0.054241,0.571362,-7.061555,165,0.185246,1847.2946,0.076181,0
675,28.8,5772.62,5481.5941,11425.78,-6.2513130594,0.43264,0.423094,23.903,1.1974,0.8957,0.06226,0.631274,-3.104868,154,0.187137,1747.0006,0.07496,0
676,28.8427,5762.82,5487.9195,11601.56,-5.2683549737,0.161223,0.486931,48.4435,1.0995,0.5562,0.052089,0.527671,0.906021,173,0.185467,1786.5375,0.071298,0
677,28.8853,6119.5,5467.957,11929.69,-6.332506685,0.229283,0.419216,23.1957,1.1177,0.7726,0.062927,0.685927,-5.357182,172,0.182377,1843.4503,0.084971,0
678,28.928,5767.23,5489.3646,11835.94,-5.7407553377,0.266613,0.468768,37.3612,1.1419,0.6954,0.05484,0.590764,0.194624,168,0.183183,1851.4494,0.082041,0
679,28.9707,5856.92,5506.404,11648.44,-6.0052945061,0.268031,0.445267,29.7833,1.1259,0.7279,0.058563,0.639238,-1.709682,177,0.193025,1800.3092,0.078501,0
680,29.0133,5736.02,5465.1045,11636.72,-6.2250871761,0.203356,0.430446,27.0066,1.1536,0.8061,0.061014,0.624345,-7.5221,172,0.174804,1839.7078,0.078989,0
681,29.056,5801.12,5513.9727,11906.25,-5.919952395,0.243432,0.450792,31.5854,1.1491,0.6947,0.057671,0.621665,-3.632907,188,0.179106,1746.5715,0.074472,0
682,29.0987,5846.29,5571.7561,12082.03,-6.0216410351,0.276048,0.440381,29.5459,1.1494,0.691,0.059362,0.619067,-3.84886,185,0.177359,1794.4214,0.072641,0
683,29.1413,5858.04,5497.6438,11976.56,-5.7900759415,0.399262,0.451006,32.0017,1.1314,0.6375,0.057636,0.617248,-4.094693,170,0.170552,1776.5831,0.070932,0
684,29.184,5699.33,5440.345,11542.97,-5.6651539449,0.353574,0.46325,37.4883,1.1421,0.7186,0.055697,0.584519,-5.993772,169,0.178381,1863.7181,0.07667,0
685,29.2267,6158.71,5582.8894,12175.78,-6.0783757423,0.19869,0.439676,25.1488,1.07,0.5624,0.059478,0.649941,-7.396456,144,0.174611,1760.4314,0.090465,0
686,29.2693,6012.9,5398.6462,11496.09,-6.2922029433,0.211541,0.42746,26.5362,1.1646,0.9369,0.061517,0.682711,-2.49957,161,0.175412,1681.9055,0.086803,0
687,29.312,5596.08,5426.9278,11367.19,-5.5392555749,0.165819,0.472975,41.117,1.1865,0.8123,0.054194,0.546223,0.77017,158,0.187668,1868.549,0.07667,0
688,29.3547,5863.38,5511.1549,11707.03,-6.6830442159,0.312407,0.395032,20.8584,1.1777,0.9105,0.067228,0.663594,-9.254814,181,0.184453,1836.1173,0.083628,0
689,29.3973,5770.35,5480.2121,11718.75,-6.3532172949,0.285427,0.420982,27.5804,1.1861,0.886,0.062623,0.639709,-5.983637,166,0.181289,1876.1443,0.086803,0
690,29.44,5749.92,5418.6547,11437.5,-5.9342772226,0.208515,0.450398,31.6226,1.1908,0.9106,0.057734,0.618151,0.965113,176,0.18255,1813.6573,0.073495,0
691,29.4827,5513.31,5467.5879,11367.19,-5.5914001984,0.262084,0.464783,43.3108,1.1754,0.7795,0.055458,0.514659,-8.331722,174,0.183602,1769.8649,0.064461,0
692,29.5253,5917.93,5492.1152,11882.81,-5.6638565584,0.168199,0.467337,32.565,1.1039,0.6345,0.055062,0.60558,-5.533677,166,0.190969,1780.4716,0.073617,0
693,29.568,5765.42,5503.1884,11648.44,-5.8309959032,0.227098,0.451978,32.3863,1.1591,0.7453,0.05748,0.616428,-1.085163,173,0.180938,1808.2906,0.078745,0
694,29.6107,5695.89,5512.0442,11566.41,-5.928502856,0.30158,0.450478,30.9567,1.1734,0.7945,0.057721,0.599868,-6.835589,156,0.17975,1693.505,0.08021,0
695,29.6533,5843.64,5466.2885,11753.91,-5.4574827637,0.272408,0.479653,39.1068,1.0999,0.5816,0.053179,0.540007,0.545375,156,0.183262,1709.3961,0.07789,0
696,29.696,5921.36,5546.3563,11789.06,-6.0296635998,0.432931,0.428366,24.0741,1.1482,0.741,0.061364,0.640355,-1.742897,185,0.188637,1807.0356,0.072274,0
697,29.7387,5473.53,5391.1952,11332.03,-5.1673247359,0.26732,0.4978,53.1165,1.1617,0.7055,0.050491,0.472836,3.137456,189,0.194628,1855.9512,0.066414,0
698,29.7813,6018.64,5534.6392,12070.31,-6.1917506767,0.157416,0.442027,24.5215,1.099,0.6205,0.059092,0.659288,-1.831721,168,0.177621,1702.5684,0.077402,0
699,29.824,5641.69,5421.8669,11578.12,-5.6600424786,0.251424,0.470189,42.3147,1.151,0.7357,0.054621,0.544358,0.945412,154,0.184092,1875.8762,0.072397,0
700,29.8667,5589.34,5443.8026,11390.62,-5.2012854837,0.166716,0.494075,52.8547,1.1111,0.5921,0.051035,0.482769,0.967572,175,0.182732,1980.2834,0.062996,0
701,29.9093,5798.31,5552.2525,11800.78,-6.1004685983,0.207238,0.437296,28.5688,1.1447,0.7098,0.059871,0.631565,-5.480962,176,0.184267,1755.9812,0.073129,0
702,29.952,5667.36,5406.2552,11425.78,-5.4705544554,0.244071,0.481565,44.7325,1.1581,0.7773,0.052891,0.511874,1.510185,188,0.19281,1818.6254,0.073984,0
703,29.9947,5886.15,5459.6668,11789.06,-5.6454363794,0.2876,0.467075,39.9048,1.1106,0.6483,0.055102,0.592579,0.113792,173,0.189744,1865.2311,0.077158,0
704,30.0373,5845.7,5504.7694,11824.22,-5.9624710892,0.231711,0.441771,27.0041,1.1324,0.6965,0.059134,0.627287,-2.885219,168,0.182562,1794.2417,0.071908,0
705,30.08,5865.55,5536.1406,11812.5,-5.3615715663,0.139235,0.481723,39.3973,1.0918,0.5689,0.052867,0.568831,-6.948346,171,0.181356,1881.0744,0.07142,0
706,30.1227,5791.4,5501.9341,11824.22,-5.8012524104,0.220937,0.45393,33.311,1.123,0.6221,0.057169,0.614638,0.532542,164,0.179196,1793.1479,0.078135,0
707,30.1653,5943.29,5523.0226,12058.59,-5.4797869653,0.183317,0.481544,41.0221,1.098,0.5687,0.052894,0.561625,0.685703,185,0.181104,1819.8331,0.075327,0
708,30.208,5800.83,5579.7477,11941.41,-5.967102959,0.159485,0.445391,29.5358,1.1437,0.6596,0.058543,0.620242,-1.57067,167,0.179279,1870.3919,0.082896,0
709,30.2507,6253.76,5604.47,12222.66,-6.593276807,0.343934,0.405626,17.7155,1.0933,0.7,0.065312,0.700594,-5.966671,173,0.180547,1852.6714,0.093884,0
710,30.2933,6030.6,5523.3898,11835.94,-5.785656429,0.115098,0.456639,27.8467,1.1072,0.6854,0.056738,0.643474,-3.003529,179,0.188984,1723.2467,0.089,0
711,30.336,5835.1,5465.2326,11753.91,-6.6644403555,0.175422,0.399727,20.6206,1.1982,0.9628,0.066373,0.678051,-5.468221,180,0.189206,1836.1081,0.083873,0
712,30.3787,5951.77,5513.2137,12023.44,-5.579104997,0.163541,0.479455,39.4384,1.0765,0.5461,0.053209,0.574938,0.626158,172,0.180494,1779.5588,0.079477,0
713,30.4213,5762.18,5524.0807,11742.19,-6.7228727316,0.207479,0.395825,20.9285,1.1987,0.9222,0.067083,0.665864,-2.669882,180,0.188386,1811.9206,0.075449,0
714,30.464,5768.86,5431.715,11472.66,-5.8056926549,0.335483,0.462987,36.8218,1.1487,0.7953,0.055738,0.588384,-0.643875,174,0.182113,1705.4796,0.073129,0
715,30.5067,5566.98,5358.1468,11332.03,-5.4911875116,0.186661,0.478874,43.5341,1.1732,0.7576,0.053296,0.560371,1.138591,181,0.185928,1727.0564,0.063606,0
716,30.5493,5558.53,5494.0642,11671.88,-5.3678463278,0.194326,0.486261,52.7436,1.1538,0.6581,0.052188,0.488795,1.646799,159,0.180053,1929.5733,0.054694,0
717,30.592,5743.21,5431.4847,11718.75,-5.3905178064,0.212422,0.487516,48.0648,1.1373,0.6825,0.052002,0.49342,1.403938,157,0.178945,1775.8787,0.062019,0
718,30.6347,5658.88,5470.3868,11671.88,-5.1701332554,0.146826,0.492999,48.785,1.1065,0.5461,0.051192,0.499056,1.153073,173,0.183438,1996.5519,0.069833,0
719,30.6773,5779.58,5607.9547,12082.03,-5.5793459277,0.310988,0.473442,36.709,1.0965,0.4888,0.054122,0.582708,-1.069975,193,0.196498,1751.19,0.07203,0
720,30.72,5932.3,5540.156,11964.84,-5.8191679065,0.180381,0.460446,32.1043,1.078,0.5213,0.056137,0.618857,-5.357844,174,0.177049,1791.3851,0.068734,0
721,30.7627,5707.78,5495.1282,11589.84,-5.7694591362,0.278794,0.454269,34.7635,1.1599,0.7513,0.057115,0.569111,-6.225796,155,0.18462,1788.7086,0.073739,0
722,30.8053,5950.21,5510.3402,12035.16,-5.8997540119,0.218519,0.46055,31.4146,1.122,0.6597,0.056121,0.637888,-0.792265,152,0.186583,1722.4452,0.080088,0
723,30.848,6080.77,5568.3865,12035.16,-6.4803232244,0.251568,0.410803,19.0312,1.111,0.7195,0.064394,0.672414,-1.78832,183,0.183295,1787.3291,0.080088,0
724,30.8907,5778.4,5436.4809,11753.91,-5.4997464005,0.261125,0.473348,42.3191,1.1112,0.6276,0.054137,0.53445,0.819725,172,0.186652,1855.5364,0.081309,0
725,30.9333,5933.68,5616.299,12082.03,-6.734086727,0.211624,0.39269,18.5373,1.181,0.8676,0.067658,0.670973,-1.73651,181,0.184265,1902.9914,0.088023,0
726,30.976,6089.03,5509.7686,11929.69,-6.8370876367,0.329294,0.395803,17.7395,1.1482,0.895,0.067087,0.698783,-5.101458,169,0.180186,1915.5077,0.086192,0
727,31.0187,5874.58,5472.8214,11917.97,-5.5922384033,0.219013,0.470773,37.4506,1.1248,0.6786,0.054531,0.595799,0.461982,171,0.178538,1757.2057,0.08253,0
728,31.0613,6245.83,5600.4776,12292.97,-6.1338876293,0.280906,0.444168,25.5977,1.1025,0.6516,0.058742,0.678585,-6.551266,168,0.171057,1889.1183,0.091442,0
729,31.104,5786.37,5387.3089,11343.75,-5.6531972645,0.234509,0.469667,39.5293,1.1274,0.7322,0.054702,0.600829,0.033009,157,0.184359,1861.5921,0.079233,0
730,31.1467,5674.84,5497.6554,11671.88,-6.0223301094,0.304426,0.441154,29.7974,1.1719,0.7864,0.059235,0.612852,-8.036944,180,0.182649,1746.6398,0.069344,0
731,31.1893,5634.75,5594.3971,11906.25,-5.8644486275,0.177388,0.442233,30.5389,1.1541,0.6851,0.059058,0.580937,-4.879669,154,0.179308,1883.921,0.077402,0
732,31.232,5971.74,5566.7781,11929.69,-7.0515509134,0.165861,0.377199,15.1856,1.1719,0.9174,0.070572,0.690859,-5.31067,193,0.183654,1815.5815,0.087169,0
733,31.2747,5838.89,5466.8666,11554.69,-5.9247383097,0.203906,0.449079,31.7352,1.129,0.7377,0.057946,0.623663,-6.183385,181,0.179833,1710.2125,0.083628,0
734,31.3173,5629.1,5405.7761,11378.91,-5.5349918168,0.411897,0.473724,41.9139,1.1742,0.8118,0.054079,0.570645,-10.06026,167,0.178273,1799.353,0.076792,0
735,31.36,5964.58,5469.4666,12046.88,-5.5236775095,0.305864,0.474412,36.4249,1.0695,0.4909,0.053974,0.58727,0.470144,198,0.181354,1822.8369,0.075082,0
736,31.4027,5743.1,5442.9467,11437.5,-5.7662208466,0.202795,0.458601,35.9391,1.1509,0.7316,0.056428,0.577256,-5.397569,170,0.173435,1901.4567,0.07728,0
737,31.4453,5572.35,5428.3112,11238.28,-6.1947944358,0.143069,0.429501,28.8865,1.1952,0.8972,0.061173,0.607639,-7.016224,159,0.181061,1723.1471,0.083018,0
738,31.488,5760.94,5481.0689,11554.69,-5.8382297108,0.170496,0.458721,34.8,1.1293,0.6852,0.056409,0.581581,1.48814,176,0.174126,1841.2436,0.080332,0
739,31.5307,5900.45,5572.4195,11859.38,-6.2660344039,0.318372,0.433463,25.0906,1.1558,0.7386,0.060508,0.658897,-4.301352,182,0.177689,1783.3089,0.077768,0
740,31.5733,5781.49,5528.4747,11636.72,-6.0459997877,0.236769,0.431882,28.6703,1.1646,0.796,0.060772,0.607313,-7.839367,165,0.190178,1802.7244,0.079111,0
741,31.616,5869.09,5513.3428,11800.78,-5.9117399497,0.117501,0.449419,29.2504,1.1188,0.6755,0.057891,0.610923,-1.798658,178,0.178607,1800.9126,0.081309,0
742,31.6587,5775.69,5480.5251,11742.19,-5.7414120032,0.287631,0.45282,35.4912,1.1622,0.7556,0.057346,0.602138,-2.055203,155,0.181914,1822.3978,0.073617,0
743,31.7013,6100.83,5564.4727,12093.75,-5.6398886333,0.265093,0.470223,31.3475,1.0726,0.5328,0.054616,0.623702,-3.515987,176,0.178317,1767.6592,0.07667,0
744,31.744,5674.55,5432.0861,11355.47,-5.6368895152,0.216579,0.467251,40.5041,1.1452,0.7789,0.055075,0.547938,-1.13457,166,0.184074,1937.0748,0.081309,0
745,31.7867,5844.71,5512.7551,11765.62,-5.907338653,0.138181,0.445006,32.1841,1.1506,0.7655,0.058606,0.623567,-6.064776,158,0.175836,1781.0365,0.07789,0
746,31.8293,6047.55,5588.4629,12175.78,-6.0797500853,0.176153,0.447262,25.9055,1.0754,0.5435,0.05824,0.656729,-2.622933,179,0.169424,1694.2654,0.075571,0
747,31.872,5746.15,5551.3402,11742.19,-5.684779509,0.264859,0.467103,37.2723,1.1459,0.6536,0.055098,0.590135,-5.283117,164,0.176262,1801.1875,0.072152,0
748,31.9147,5855.72,5522.3593,11871.09,-6.0983077073,0.339022,0.435113,27.1875,1.1411,0.7409,0.060233,0.635259,-2.824869,182,0.187635,1709.8256,0.071664,0
749,31.9573,5885.76,5569.1869,11964.84,-5.657651707,0.3226,0.457948,33.2198,1.0787,0.5542,0.056531,0.583247,-6.67605,179,0.178525,1956.94,0.070199,0
750,32.0,5775.25,5620.6723,11953.12,-6.4959683817,0.253353,0.411487,21.7212,1.1657,0.7537,0.064274,0.642761,-6.273088,159,0.184756,1821.3173,0.075815,0
751,32.0427,5824.18,5564.2928,11917.97,-6.5997334533,0.244105,0.404604,21.2443,1.1835,0.8579,0.065495,0.655597,-1.570693,195,0.171833,1849.9442,0.074106,0
752,32.0853,5548.26,5500.9015,11578.12,-5.9236633476,0.214556,0.444732,33.9027,1.1751,0.7402,0.05865,0.564044,-9.746243,146,0.184195,1837.9874,0.073739,0
753,32.128,6003.35,5536.4538,12058.59,-6.0914854222,0.200388,0.432212,26.3905,1.1142,0.6364,0.060717,0.651475,-0.484102,162,0.185604,1892.8278,0.081797,0
754,32.1707,5686.71,5470.1858,11601.56,-5.8587016999,0.455538,0.442375,31.721,1.1726,0.7766,0.059035,0.600084,-3.084891,170,0.18841,1750.3874,0.082774,0
755,32.2133,5786.43,5540.7538,11906.25,-6.6707318936,0.23914,0.398402,20.4904,1.185,0.8618,0.066613,0.655877,-4.360379,173,0.183431,1731.2199,0.075571,0
756,32.256,5919.08,5558.8827,12023.44,-5.907531336,0.418527,0.44438,28.7414,1.0994,0.6031,0.058708,0.618121,-4.351631,189,0.178541,1867.7501,0.075571,0
757,32.2987,5830.15,5552.3838,11882.81,-5.9438504213,0.44448,0.456919,31.4583,1.1092,0.5849,0.056694,0.613028,-8.295327,182,0.172163,1701.7166,0.080698,0
758,32.3413,5923.1,5543.7663,11882.81,-6.1992077244,0.238316,0.427043,23.1916,1.134,0.7056,0.061588,0.648556,-5.359264,160,0.189835,1808.0942,0.086192,0
759,32.384,6141.53,5591.9991,12164.06,-6.4043173981,0.279394,0.418965,20.2917,1.1374,0.7441,0.06297,0.686764,-6.015452,167,0.184024,1847.1697,0.087413,0
760,32.4267,5691.47,5525.189,11660.16,-6.5332240854,0.303284,0.404799,20.6806,1.208,0.9032,0.06546,0.656749,-7.883806,176,0.183858,1805.9762,0.08314,0
761,32.4693,5902.04,5529.1894,11753.91,-6.3746663254,0.327457,0.414039,22.9255,1.1878,0.889,0.063827,0.65964,-0.797053,190,0.180425,1901.1688,0.080332,0
762,32.512,5617.63,5478.2575,11566.41,-5.8413890143,0.245814,0.451169,33.8731,1.15,0.6899,0.05761,0.578255,-7.378734,163,0.187072,1817.1606,0.076181,0
763,32.5547,5819.82,5527.0282,11777.34,-5.7660266798,0.208455,0.462293,34.8233,1.1222,0.6592,0.055847,0.600642,-0.057495,177,0.171687,1788.8189,0.081675,0
764,32.5973,5956.71,5581.1028,12011.72,-6.2592301405,0.197973,0.420594,23.4569,1.1234,0.6723,0.062689,0.638797,-5.406304,178,0.184114,1853.5338,0.082652,0
765,32.64,5907.2,5477.7578,11800.78,-5.5879264028,0.203669,0.477578,39.5855,1.1116,0.6714,0.053493,0.585481,-0.21664,179,0.170816,1787.9391,0.071054,0
766,32.6827,5852.79,5405.0966,11765.62,-5.3780938217,0.232311,0.503962,46.0657,1.1086,0.6176,0.0496,0.551583,1.914126,185,0.172467,1866.8482,0.074716,0
767,32.7253,5785.64,5428.1073,11601.56,-5.7700663765,0.186425,0.463788,37.8132,1.1787,0.8661,0.055613,0.602129,0.714514,154,0.180429,1901.5407,0.073007,0
768,32.768,5834.34,5460.1081,11800.78,-5.4743129403,0.15958,0.476629,39.0122,1.1133,0.6689,0.053637,0.55453,-6.189597,158,0.17479,1883.1994,0.070199,0
769,32.8107,5744.23,5518.6714,11648.44,-5.7830165931,0.219075,0.447557,35.3127,1.1703,0.7754,0.058192,0.596562,0.544882,170,0.179242,1884.919,0.074716,0
770,32.8533,5731.42,5400.9086,11332.03,-6.1447362752,0.311607,0.434733,29.9832,1.152,0.8268,0.060296,0.632905,-3.760086,143,0.180273,1815.3295,0.078135,0
771,32.896,5772.55,5460.8928,11507.81,-5.6852206937,0.263928,0.464003,39.1361,1.1385,0.7312,0.05558,0.594699,-0.997913,157,0.177323,1813.8238,0.080454,0
772,32.9387,5793.03,5458.6685,11753.91,-5.4926154795,0.247122,0.474544,41.4718,1.0931,0.5765,0.053954,0.569671,1.035308,157,0.176804,1796.2984,0.07667,0
773,32.9813,5891.91,5527.8451,11742.19,-6.8472799206,0.248316,0.386314,18.534,1.2117,0.9882,0.068843,0.681508,-2.428533,185,0.181431,1970.8963,0.075937,0
774,33.024,5726.33,5468.4923,11355.47,-6.3775016828,0.152177,0.417384,23.7368,1.1974,0.9207,0.063244,0.641645,-4.056221,196,0.168851,1827.5483,0.078989,0
775,33.0667,5988.76,5472.7014,11753.91,-6.0781454966,0.294977,0.436174,27.874,1.1173,0.7579,0.060057,0.640033,-1.001688,191,0.178177,1831.851,0.083262,0
776,33.1093,5889.13,5441.4015,11554.69,-6.5820580534,0.156627,0.402633,20.4316,1.1634,0.9131,0.065848,0.673725,-3.76697,191,0.175777,1863.866,0.08375,0
777,33.152,5944.27,5554.6025,11859.38,-6.592851226,0.415432,0.411654,20.3702,1.1744,0.8481,0.064245,0.685752,-5.835492,183,0.182888,1803.6972,0.086436,0
778,33.1947,5894.18,5517.5182,11730.47,-6.3530856064,0.327715,0.421255,21.852,1.1728,0.8421,0.062576,0.664646,-7.230344,179,0.172481,1778.5308,0.080576,0
779,33.2373,5709.66,5393.0711,11390.62,-5.6686252602,0.254979,0.467313,38.9526,1.1706,0.8361,0.055065,0.584985,0.046045,152,0.181381,1793.1272,0.070321,0
780,33.28,5548.97,5423.3202,11519.53,-5.6190706739,0.332984,0.473093,42.8388,1.1922,0.8189,0.054176,0.552534,1.224445,151,0.169193,1838.303,0.071664,0
781,33.3227,6016.07,5593.1648,12105.47,-6.2693948099,0.197469,0.430347,24.2248,1.1308,0.6971,0.06103,0.667811,-5.472345,190,0.184121,1737.1416,0.081065,0
782,33.3653,6107.62,5492.6988,12070.31,-6.1440816117,0.154938,0.446232,27.8094,1.0959,0.6578,0.058407,0.673803,-5.722384,160,0.174571,1807.0302,0.088878,0
783,33.408,5869.65,5458.0923,11578.12,-6.09597191,0.206665,0.43734,27.0322,1.1619,0.8119,0.059863,0.621367,-7.24258,179,0.182454,1803.8211,0.083262,0
784,33.4507,5600.44,5445.8733,11507.81,-5.8030121095,0.229612,0.459165,37.7753,1.1983,0.8446,0.056339,0.576922,-6.292691,166,0.179895,1793.2269,0.073739,0
785,33.4933,5681.02,5467.9155,11718.75,-5.22947373,0.172623,0.498425,56.8567,1.1466,0.6721,0.0504,0.470543,3.579036,178,0.188314,1973.525,0.061653,0
786,33.536,5605.42,5495.3839,11824.22,-5.3813791477,0.187883,0.494688,52.5649,1.1323,0.5589,0.050945,0.502821,1.461216,152,0.179633,1815.7282,0.059578,0
787,33.5787,5730.28,5523.7782,11765.62,-6.1008175611,0.180581,0.434942,27.2535,1.142,0.6818,0.060261,0.614405,-7.831993,182,0.185092,1842.5865,0.07496,0
788,33.6213,5908.57,5482.116,11683.59,-6.7190409552,0.241981,0.395852,20.3281,1.1796,0.9442,0.067078,0.6686,-4.066489,178,0.182084,1854.793,0.087169,0
789,33.664,6018.29,5540.4343,11976.56,-6.0933016977,0.341465,0.437463,25.1807,1.1265,0.7167,0.059843,0.660185,-4.648401,188,0.172599,1874.9732,0.08839,0
790,33.7067,6018.61,5592.0866,12058.59,-5.8749721296,0.246054,0.45668,30.2221,1.0956,0.5635,0.056731,0.618538,-1.423065,187,0.166124,1745.9505,0.07496,0
791,33.7493,5668.18,5512.992,11742.19,-5.5057610456,0.204036,0.468897,40.1489,1.1019,0.5899,0.05482,0.505761,-8.537978,153,0.187412,1799.1692,0.076792,0
792,33.792,6173.28,5623.2539,12246.09,-6.0222607601,0.149359,0.45366,26.4014,1.0429,0.4762,0.057212,0.660746,-8.726256,180,0.175617,1780.0843,0.090099,0
793,33.8347,5594.52,5434.6925,11367.19,-5.5977590538,0.221481,0.462986,41.5642,1.1378,0.6907,0.055739,0.531777,1.737832,158,0.189031,1813.9129,0.081553,0
794,33.8773,6056.33,5596.0109,12093.75,-6.5188817081,0.201156,0.406199,19.6142,1.1365,0.784,0.06521,0.679517,-5.020437,168,0.198135,1833.9845,0.075204,0
795,33.92,5790.02,5450.3036,11835.94,-5.3608955969,0.169439,0.480372,44.9151,1.0785,0.5277,0.05307,0.504311,-7.779851,197,0.181883,1867.8917,0.073984,0
796,33.9627,5817.7,5433.2082,11742.19,-5.4223697635,0.223447,0.478672,40.3763,1.1083,0.6292,0.053327,0.538324,-7.732307,161,0.185602,1969.3745,0.069589,0
797,34.0053,5713.67,5422.8429,11250.0,-5.5327594609,0.307308,0.476053,39.8372,1.1868,0.8491,0.053724,0.557515,1.650537,173,0.178955,1810.4867,0.072885,0
798,34.048,5956.86,5536.6834,11894.53,-5.9332687291,0.323765,0.450264,28.4672,1.1151,0.6647,0.057755,0.639797,-1.977962,177,0.183763,1721.3185,0.086558,0
799,34.0907,6091.3,5536.0512,11941.41,-6.6289957143,0.163955,0.397552,19.4267,1.1457,0.8715,0.066768,0.691215,-5.488891,192,0.177768,1912.1506,0.088634,0
800,34.1333,5932.46,5544.6906,12000.0,-6.5679730024,0.286724,0.401852,19.9765,1.1487,0.785,0.065989,0.666505,-5.446637,173,0.174419,1858.9929,0.082652,0
801,34.176,5819.24,5442.9455,11402.34,-6.5238979185,0.312665,0.405645,21.7845,1.1891,0.9401,0.065309,0.670926,-2.076754,172,0.186392,1772.9163,0.082041,0
802,34.2187,5864.12,5468.8882,11859.38,-5.8598585542,0.258364,0.458731,31.405,1.1093,0.6083,0.056407,0.629379,-1.054702,157,0.178987,1805.3405,0.076547,0
803,34.2613,5966.55,5489.3035,11882.81,-5.5537078046,0.242138,0.485694,40.2765,1.083,0.5951,0.052273,0.590476,1.055251,175,0.178606,1780.3708,0.074472,0
804,34.304,5786.98,5506.4742,11906.25,-5.7027546504,0.246154,0.467707,33.3525,1.1188,0.6157,0.055004,0.598361,-4.114864,184,0.177871,1777.8828,0.075082,0
805,34.3467,5527.86,5376.8254,11367.19,-5.3902645838,0.269097,0.481135,47.2711,1.1733,0.757,0.052955,0.516049,1.869933,182,0.186394,1913.6741,0.073617,0
806,34.3893,5881.1,5525.2254,11894.53,-5.9428764555,0.244206,0.44765,29.2849,1.1466,0.7356,0.058177,0.633805,-5.063903,174,0.191732,1731.0223,0.074472,0
807,34.432,5657.0,5432.4748,11507.81,-6.2476454201,0.332044,0.420478,24.6327,1.1722,0.8446,0.062709,0.62783,-4.451803,165,0.18966,1784.8253,0.076547,0
808,34.4747,5748.86,5509.679,11812.5,-6.4264490896,0.29106,0.415166,24.4463,1.1613,0.8165,0.06363,0.629493,-1.81485,175,0.184301,1782.7413,0.081309,0
809,34.5173,5970.96,5578.8183,12011.72,-6.2810266449,0.219883,0.425917,24.2348,1.1441,0.7977,0.061779,0.642751,-3.837232,147,0.185181,1744.2197,0.080576,0
810,34.56,5504.58,5428.5546,11179.69,-5.7033731949,0.285283,0.450393,37.3422,1.2139,0.8917,0.057735,0.567042,-1.120709,174,0.199767,1931.3489,0.071664,0
811,34.6027,5794.68,5473.8268,11800.78,-5.5883895576,0.139049,0.476821,41.7991,1.1133,0.6224,0.053607,0.565815,1.408182,171,0.181869,1838.7347,0.07203,0
812,34.6453,5621.19,5407.6404,11472.66,-5.4061213989,0.324654,0.478026,44.3199,1.1506,0.6844,0.053425,0.537428,0.66527,209,0.18082,1845.0647,0.070199,0
813,34.688,5591.51,5476.5275,11730.47,-5.1857286188,0.183385,0.50001,56.1761,1.0951,0.5125,0.05017,0.466298,3.08199,154,0.1784,1856.1237,0.066048,0
814,34.7307,5411.87,5410.0586,11296.88,-5.4536003855,0.240647,0.471469,43.9568,1.1728,0.7235,0.054424,0.549684,-0.147447,179,0.187527,1766.8614,0.059333,0
815,34.7733,5793.56,5542.4424,11988.28,-5.2023175546,0.194052,0.498925,51.5001,1.0785,0.4738,0.050328,0.498484,1.858761,186,0.184689,1774.6455,0.064827,0
816,34.816,5785.57,5544.2373,11671.88,-6.1406934812,0.122615,0.435219,27.5484,1.1492,0.7327,0.060215,0.631981,-6.241578,183,0.183486,1766.2579,0.073373,0
817,34.8587,5645.92,5496.383,11660.16,-5.5482772567,0.185291,0.47484,43.5963,1.1445,0.6887,0.053909,0.505955,-6.576984,164,0.184072,1710.4471,0.068001,0
818,34.9013,5690.5,5448.4762,11402.34,-5.8662254833,0.151749,0.444655,33.1669,1.1773,0.8464,0.058663,0.607503,-3.293144,176,0.175045,1889.0831,0.063728,0
819,34.944,5547.87,5484.2063,11472.66,-5.5095749002,0.122064,0.47995,43.5374,1.1496,0.6638,0.053134,0.526182,1.055102,177,0.194004,1731.3126,0.07435,0
820,34.9867,5888.94,5544.6466,11835.94,-5.9465554806,0.208139,0.441347,30.2803,1.1335,0.6833,0.059203,0.628854,-0.295428,198,0.181975,1793.0732,0.081431,0
821,35.0293,5679.43,5558.7849,11765.62,-5.7633112797,0.173199,0.455114,35.9358,1.1505,0.6723,0.05698,0.58938,-0.635077,179,0.177882,1811.4902,0.0796,0
822,35.072,5748.53,5452.0343,11671.88,-5.1834177095,0.24811,0.493945,50.191,1.0772,0.494,0.051053,0.498268,3.044286,186,0.182495,1778.8255,0.07667,0
823,35.1147,5965.15,5516.5146,12058.59,-5.8374168307,0.169912,0.458017,28.1705,1.1017,0.6272,0.05652,0.638345,-6.424013,169,0.191341,1786.3025,0.071542,0
