frame,time,centroid,spread,rolloff,slope,obsir_std,flatness,crest,skewness,kurtosis,tonality,entropy,tpr,n_peaks,flux,irregularity,zcr,gated
0,0.0,0.0,0.0,0.0,0.0,0.0,0.0,0.0,0.0,0.0,0.0,0.0,0.0,0,0.0,0.0,0.0,1
1,0.0427,0.0,0.0,0.0,0.0,0.0,0.0,0.0,0.0,0.0,0.0,0.0,0.0,0,0.0,0.0,0.0,1
2,0.0853,0.0,0.0,0.0,0.0,0.0,0.0,0.0,0.0,0.0,0.0,0.0,0.0,0,0.0,0.0,0.0,1
3,0.128,0.0,0.0,0.0,0.0,0.0,0.0,0.0,0.0,0.0,0.0,0.0,0.0,0,0.0,0.0,0.0,1
4,0.1707,0.0,0.0,0.0,0.0,0.0,0.0,0.0,0.0,0.0,0.0,0.0,0.0,0,0.0,0.0,0.0,1
5,0.2133,0.0,0.0,0.0,0.0,0.0,0.0,0.0,0.0,0.0,0.0,0.0,0.0,0,0.0,0.0,0.0,1
6,0.256,0.0,0.0,0.0,0.0,0.0,0.0,0.0,0.0,0.0,0.0,0.0,0.0,0,0.0,0.0,0.0,1
7,0.2987,0.0,0.0,0.0,0.0,0.0,0.0,0.0,0.0,0.0,0.0,0.0,0.0,0,0.0,0.0,0.0,1
8,0.3413,0.0,0.0,0.0,0.0,0.0,0.0,0.0,0.0,0.0,0.0,0.0,0.0,0,0.0,0.0,0.0,1
9,0.384,0.0,0.0,0.0,0.0,0.0,0.0,0.0,0.0,0.0,0.0,0.0,0.0,0,0.0,0.0,0.0,1
10,0.4267,0.0,0.0,0.0,0.0,0.0,0.0,0.0,0.0,0.0,0.0,0.0,0.0,0,0.0,0.0,0.0,1
11,0.4693,0.0,0.0,0.0,0.0,0.0,0.0,0.0,0.0,0.0,0.0,0.0,0.0,0,0.0,0.0,0.0,1
12,0.512,0.0,0.0,0.0,0.0,0.0,0.0,0.0,0.0,0.0,0.0,0.0,0.0,0,0.0,0.0,0.0,1
13,0.5547,0.0,0.0,0.0,0.0,0.0,0.0,0.0,0.0,0.0,0.0,0.0,0.0,0,0.0,0.0,0.0,1
14,0.5973,0.0,0.0,0.0,0.0,0.0,0.0,0.0,0.0,0.0,0.0,0.0,0.0,0,0.0,0.0,0.0,1
15,0.64,0.0,0.0,0.0,0.0,0.0,0.0,0.0,0.0,0.0,0.0,0.0,0.0,0,0.0,0.0,0.0,1
16,0.6827,0.0,0.0,0.0,0.0,0.0,0.0,0.0,0.0,0.0,0.0,0.0,0.0,0,0.0,0.0,0.0,1
17,0.7253,0.0,0.0,0.0,0.0,0.0,0.0,0.0,0.0,0.0,0.0,0.0,0.0,0,0.0,0.0,0.0,1
18,0.768,0.0,0.0,0.0,0.0,0.0,0.0,0.0,0.0,0.0,0.0,0.0,0.0,0,0.0,0.0,0.0,1
19,0.8107,0.0,0.0,0.0,0.0,0.0,0.0,0.0,0.0,0.0,0.0,0.0,0.0,0,0.0,0.0,0.0,1
20,0.8533,0.0,0.0,0.0,0.0,0.0,0.0,0.0,0.0,0.0,0.0,0.0,0.0,0,0.0,0.0,0.0,1
21,0.896,0.0,0.0,0.0,0.0,0.0,0.0,0.0,0.0,0.0,0.0,0.0,0.0,0,0.0,0.0,0.0,1
22,0.9387,0.0,0.0,0.0,0.0,0.0,0.0,0.0,0.0,0.0,0.0,0.0,0.0,0,0.0,0.0,0.0,1
23,0.9813,0.0,0.0,0.0,0.0,0.0,0.0,0.0,0.0,0.0,0.0,0.0,0.0,0,0.0,0.0,0.0,1
24,1.024,0.0,0.0,0.0,0.0,0.0,0.0,0.0,0.0,0.0,0.0,0.0,0.0,0,0.0,0.0,0.0,1
25,1.0667,0.0,0.0,0.0,0.0,0.0,0.0,0.0,0.0,0.0,0.0,0.0,0.0,0,0.0,0.0,0.0,1
26,1.1093,0.0,0.0,0.0,0.0,0.0,0.0,0.0,0.0,0.0,0.0,0.0,0.0,0,0.0,0.0,0.0,1
27,1.152,0.0,0.0,0.0,0.0,0.0,0.0,0.0,0.0,0.0,0.0,0.0,0.0,0,0.0,0.0,0.0,1
28,1.1947,0.0,0.0,0.0,0.0,0.0,0.0,0.0,0.0,0.0,0.0,0.0,0.0,0,0.0,0.0,0.0,1
29,1.2373,0.0,0.0,0.0,0.0,0.0,0.0,0.0,0.0,0.0,0.0,0.0,0.0,0,0.0,0.0,0.0,1
30,1.28,0.0,0.0,0.0,0.0,0.0,0.0,0.0,0.0,0.0,0.0,0.0,0.0,0,0.0,0.0,0.0,1
31,1.3227,0.0,0.0,0.0,0.0,0.0,0.0,0.0,0.0,0.0,0.0,0.0,0.0,0,0.0,0.0,0.0,1
32,1.3653,0.0,0.0,0.0,0.0,0.0,0.0,0.0,0.0,0.0,0.0,0.0,0.0,0,0.0,0.0,0.0,1
33,1.408,0.0,0.0,0.0,0.0,0.0,0.0,0.0,0.0,0.0,0.0,0.0,0.0,0,0.0,0.0,0.0,1
34,1.4507,6936.17,6506.7642,14519.53,-7.4334413789,0.355546,0.333092,14.1997,1.0608,0.5385,0.079573,0.705842,-16.762246,77,0.0,1587.7922,0.048834,0
35,1.4933,6418.95,6015.083,13078.12,-6.2991377742,0.255278,0.422186,24.6256,1.1048,0.5421,0.062416,0.682139,-1.532412,194,0.177862,1970.3672,0.094494,0
36,1.536,6459.59,6003.7045,13066.41,-7.1471346162,0.180014,0.371792,16.6408,1.143,0.7833,0.071617,0.709994,-1.651912,178,0.165488,2217.7936,0.094006,0
37,1.5787,6156.89,5842.048,12515.62,-6.5145564791,0.195118,0.408313,23.1307,1.1872,0.8481,0.064835,0.665662,-1.30325,151,0.180918,2008.3888,0.089122,0
38,1.6213,5966.2,5822.8456,12433.59,-6.2227094862,0.197832,0.423052,25.5967,1.2095,0.8436,0.062268,0.643549,-0.051442,164,0.189381,2077.1683,0.078989,0
39,1.664,6117.61,5763.284,12351.56,-6.1956576642,0.418633,0.424696,24.6965,1.2116,0.868,0.061987,0.659868,-0.998118,192,0.200319,2066.8523,0.078257,0
40,1.7067,6108.31,5858.6414,12515.62,-6.830940038,0.381179,0.383609,19.9519,1.2494,1.0402,0.069352,0.681517,-3.456867,171,0.188068,2181.5348,0.076059,0
41,1.7493,5751.06,5744.8454,12011.72,-5.3514813584,0.435169,0.475318,46.7904,1.1946,0.7034,0.053836,0.529344,-1.090347,177,0.194715,1909.9236,0.064217,0
42,1.792,5678.38,5683.0638,12093.75,-5.0865556714,0.230736,0.501817,63.9731,1.136,0.5325,0.049909,0.434918,3.105251,182,0.193092,2159.7699,0.062141,0
43,1.8347,5800.15,5697.9704,12011.72,-5.6223277086,0.181784,0.470951,39.4402,1.1602,0.6677,0.054504,0.555021,-5.226085,157,0.199224,1902.1823,0.069589,0
44,1.8773,6105.91,5814.538,12644.53,-5.8217368874,0.352743,0.45592,32.5989,1.1567,0.663,0.056852,0.628633,0.211129,173,0.196133,1842.8696,0.078745,0
45,1.92,5973.32,5801.5856,12457.03,-5.9852301137,0.222236,0.44547,30.1618,1.1456,0.6268,0.05853,0.620215,-3.310767,183,0.201507,1909.0205,0.085826,0
46,1.9627,6383.31,5946.4026,12796.88,-6.7121062261,0.21894,0.402692,20.0273,1.1432,0.7288,0.065838,0.681511,-0.250966,125,0.184664,2060.9297,0.089244,0
47,2.0053,6076.78,5702.5468,12316.41,-5.9386321739,0.477087,0.444951,30.2657,1.1742,0.7603,0.058615,0.629914,-2.930951,162,0.189251,1975.1477,0.087047,0
48,2.048,6159.43,5852.4526,12761.72,-6.026697416,0.327119,0.449816,29.701,1.1359,0.5866,0.057828,0.643999,-5.043667,148,0.182188,1950.9159,0.083384,0
49,2.0907,6180.4,5838.088,12761.72,-6.1697717005,0.308583,0.434806,26.4874,1.1514,0.6868,0.060284,0.652116,-3.320138,176,0.177326,1956.1001,0.080454,0
50,2.1333,6131.67,5805.2888,12339.84,-7.3163267771,0.267151,0.35805,16.0424,1.2548,1.1325,0.074343,0.696556,-4.114851,173,0.188044,2165.6037,0.082163,0
51,2.176,6159.42,5821.6573,12609.38,-6.4738519206,0.378073,0.41799,23.6885,1.1976,0.8566,0.063139,0.673388,-2.377538,165,0.188711,1938.3335,0.083628,0
52,2.2187,5937.47,5783.8082,12375.0,-5.7855057804,0.401396,0.455373,35.2253,1.1581,0.67,0.056939,0.603934,0.128003,184,0.185148,2017.5656,0.076059,0
53,2.2613,6187.49,5822.3288,12796.88,-5.5475555553,0.525995,0.479611,38.6042,1.1047,0.5028,0.053185,0.607962,-0.753558,192,0.183207,1962.2741,0.082896,0
54,2.304,6245.06,5854.9219,12644.53,-6.8393052499,0.279017,0.391337,19.9245,1.1944,0.9025,0.067908,0.681137,-5.550901,164,0.189905,2107.5219,0.089,0
55,2.3467,6078.92,5837.4454,12316.41,-6.1289196981,0.203108,0.441787,26.9558,1.1932,0.8023,0.059131,0.645239,-6.097315,188,0.185388,1949.5483,0.082041,0
56,2.3893,6225.37,5877.8532,12445.31,-7.3722196356,0.350813,0.36222,15.915,1.2404,1.1205,0.073505,0.704226,-7.753954,170,0.193779,1975.1211,0.084239,0
57,2.432,6192.84,5883.8704,12761.72,-6.801213829,0.313269,0.392018,20.1409,1.226,0.9393,0.067782,0.700807,-3.752071,162,0.183318,2032.703,0.086803,0
58,2.4747,5947.45,5917.7986,12703.12,-6.4870236228,0.29567,0.404644,22.9203,1.2122,0.8041,0.065488,0.629812,-1.644005,176,0.191646,1972.2575,0.076181,0
59,2.5173,5864.98,5712.8454,12164.06,-5.5410152035,0.498751,0.465594,39.1235,1.1881,0.7423,0.055332,0.560595,1.857072,185,0.198593,1966.8656,0.072885,0
60,2.56,5912.17,5815.7358,12292.97,-6.1668645737,0.431556,0.429541,28.3826,1.1826,0.7642,0.061166,0.602657,-3.221625,162,0.195694,1961.5167,0.07435,0
61,2.6027,6095.93,5882.9448,12515.62,-6.7510787661,0.26361,0.398667,21.2489,1.2328,0.9701,0.066565,0.683603,-5.000571,178,0.189846,2128.0621,0.077524,0
62,2.6453,5979.13,5823.4697,12363.28,-6.4512518813,0.195846,0.409149,25.9602,1.2051,0.8851,0.064686,0.623929,-2.405779,178,0.185032,2009.4479,0.0796,0
63,2.688,5919.53,5769.8684,12257.81,-6.216789287,0.385306,0.424892,27.4273,1.1996,0.8257,0.061954,0.613598,-2.955116,173,0.183125,1974.0261,0.072519,0
64,2.7307,5848.71,5763.147,12339.84,-6.2749159629,0.321371,0.426643,27.6036,1.1973,0.7835,0.061656,0.63521,-2.628377,169,0.188846,1962.5283,0.078012,0
65,2.7733,6004.27,5810.1732,12503.91,-5.9952043759,0.349908,0.43885,28.9622,1.1871,0.7569,0.059614,0.628006,-8.444401,167,0.191765,1965.0495,0.08607,0
66,2.816,6138.33,5845.9614,12585.94,-6.4380648833,0.30663,0.417209,23.2086,1.1791,0.7827,0.063274,0.654654,-0.807771,171,0.183195,2010.1114,0.079966,0
67,2.8587,5983.62,5905.8825,12503.91,-6.5938158856,0.210453,0.402149,22.6199,1.1948,0.8191,0.065936,0.641491,-2.617039,175,0.185875,2050.6242,0.076914,0
68,2.9013,5985.59,5819.8763,12292.97,-6.8713517297,0.222788,0.388336,20.9759,1.2648,1.1115,0.068465,0.679604,-4.607737,153,0.182806,2157.6258,0.082408,0
69,2.944,6335.06,5926.8085,12925.78,-6.857321023,0.316451,0.385638,18.4538,1.183,0.8364,0.06897,0.703144,-2.589432,161,0.178165,2108.1608,0.089,0
70,2.9867,5867.38,5885.4467,12375.0,-6.3791604512,0.406737,0.410164,25.299,1.2055,0.8079,0.064507,0.611474,-4.155426,176,0.194337,1947.9134,0.082896,0
71,3.0293,6052.09,5781.1047,12714.84,-6.015514426,0.569607,0.450339,30.7835,1.2047,0.7948,0.057743,0.629499,0.141408,155,0.191206,1943.2366,0.073495,0
72,3.072,5730.47,5671.3285,11824.22,-5.6855579316,0.30639,0.465373,43.2974,1.2041,0.7961,0.055366,0.559914,0.969697,179,0.187907,1989.0071,0.074472,0
73,3.1147,6134.02,5837.5071,12539.06,-6.9147496971,0.326943,0.384064,18.6531,1.2055,0.9455,0.069266,0.679975,-4.641233,168,0.186266,2123.558,0.08314,0
74,3.1573,6024.64,5838.8676,12703.12,-6.0265537366,0.420196,0.44216,28.8221,1.1616,0.6714,0.05907,0.620614,-6.234434,152,0.191117,1897.9345,0.082896,0
75,3.2,6095.73,5886.0638,12773.44,-6.2026614323,0.233489,0.424826,25.2019,1.1535,0.6435,0.061965,0.637132,-3.645346,170,0.182788,2008.5573,0.080332,0
76,3.2427,5957.73,5874.123,12691.41,-6.6663362992,0.429355,0.398214,22.5448,1.2225,0.8626,0.066647,0.639382,-6.032919,189,0.185063,2029.4015,0.0796,0
77,3.2853,5680.3,5839.4699,12351.56,-6.3204868761,0.347355,0.410697,26.8233,1.2795,0.929,0.064413,0.60636,-6.740218,172,0.181976,2017.4337,0.074472,0
78,3.328,6208.79,5827.4363,12750.0,-6.5540533882,0.411213,0.403136,22.7139,1.1954,0.8607,0.065758,0.681107,-2.579387,163,0.203313,2047.1389,0.079844,0
79,3.3707,6008.29,5779.8943,12292.97,-6.0216150045,0.311758,0.444388,31.4866,1.1876,0.7969,0.058706,0.622366,-5.893811,173,0.193162,1884.0706,0.081065,0
80,3.4133,5925.19,5790.1385,12445.31,-5.8443440552,0.345063,0.452349,37.1376,1.1535,0.6441,0.057421,0.584427,-0.503229,168,0.181701,1850.6089,0.075937,0
81,3.456,5885.07,5773.4893,12375.0,-5.7552500288,0.231336,0.458827,37.9303,1.1799,0.6936,0.056392,0.589585,-8.857644,170,0.198572,1807.5366,0.066536,0
82,3.4987,5709.75,5735.5392,12058.59,-5.7586638759,0.239101,0.470613,42.3281,1.2094,0.7764,0.054556,0.54806,-7.255246,183,0.179871,1977.476,0.063851,0
83,3.5413,5774.14,5793.2589,12140.62,-5.9917427313,0.1906,0.432388,30.9361,1.2012,0.7799,0.060688,0.580298,-2.916232,180,0.188631,1876.1085,0.072274,0
84,3.584,6124.58,5842.8188,12574.22,-6.3918184532,0.399222,0.418186,25.513,1.1675,0.7692,0.063105,0.638477,-4.223426,197,0.193524,2029.3326,0.076914,0
85,3.6267,5955.08,5763.4002,12316.41,-6.0257388373,0.244099,0.446426,30.9653,1.1783,0.7576,0.058375,0.633155,-5.042906,169,0.188544,1935.6773,0.075693,0
86,3.6693,5880.49,5829.2089,12339.84,-6.3558569301,0.373335,0.421604,27.4645,1.2212,0.8634,0.062516,0.636712,-2.476309,169,0.195235,1998.1335,0.077524,0
87,3.712,6130.26,5817.2972,12515.62,-6.4761466744,0.374651,0.417068,23.0299,1.2004,0.8751,0.063299,0.666437,-5.172701,154,0.185807,1975.3263,0.084117,0
88,3.7547,6218.17,5900.6885,12773.44,-6.366675771,0.335894,0.419488,24.0222,1.1762,0.7537,0.06288,0.678079,-7.000264,159,0.187185,1959.7034,0.082774,0
89,3.7973,6224.65,5859.2351,12457.03,-6.8636867112,0.342655,0.383491,19.5661,1.19,0.9281,0.069374,0.684443,-3.464928,170,0.189647,2111.4955,0.088756,0
90,3.84,6039.22,5925.222,12433.59,-7.3090321675,0.314067,0.351541,16.5582,1.25,1.0923,0.075671,0.674768,-3.675758,171,0.185768,2182.554,0.090587,0
91,3.8827,5947.12,5847.2721,12304.69,-6.5315302824,0.35076,0.416462,24.3214,1.2156,0.885,0.063404,0.643421,-5.968318,169,0.176549,1992.3831,0.077402,0
92,3.9253,5851.55,5724.4854,12199.22,-5.3773977161,0.312849,0.487236,46.8161,1.1686,0.663,0.052043,0.545064,0.882186,173,0.199914,1855.9703,0.069222,0
93,3.968,6041.4,5799.655,12492.19,-5.8925515708,0.336923,0.452788,32.6106,1.1519,0.6523,0.057351,0.634133,-0.51316,160,0.19416,1954.9597,0.074594,0
94,4.0107,5980.63,5905.2632,12445.31,-6.7487006895,0.256397,0.394021,20.7566,1.2066,0.856,0.067413,0.647512,-1.999457,200,0.19504,2087.0159,0.079233,0
95,4.0533,5986.43,5809.9386,12363.28,-5.990116833,0.335969,0.449365,31.0206,1.1888,0.7652,0.0579,0.626913,0.058996,170,0.181349,1991.4199,0.078623,0
96,4.096,6123.58,5897.3357,12539.06,-6.7898147754,0.267281,0.394794,20.7394,1.2104,0.9414,0.067272,0.681576,-4.16875,170,0.188654,2099.9723,0.08607,0
97,4.1387,6237.18,5901.2072,12761.72,-6.5025651362,0.34776,0.415107,23.1007,1.1633,0.7608,0.06364,0.671782,-0.272864,172,0.186553,2063.3461,0.08839,0
98,4.1813,6137.43,5887.9974,12656.25,-6.3891412577,0.270496,0.41146,24.8927,1.1832,0.7786,0.064279,0.666333,-0.995629,184,0.191898,1986.8002,0.084849,0
99,4.224,6041.47,5773.6563,12410.16,-6.7664753674,0.243041,0.393692,22.3847,1.2355,1.0211,0.067474,0.673836,-2.751626,172,0.186808,2096.338,0.081187,0
100,4.2667,5926.05,5877.3694,12375.0,-6.3346259579,0.275355,0.419144,25.7324,1.2196,0.8449,0.062939,0.608637,-2.271307,183,0.187135,1960.726,0.079233,0
101,4.3093,5977.24,5817.7082,12292.97,-6.492768189,0.181835,0.404447,24.7816,1.1782,0.7961,0.065523,0.641239,-0.652153,190,0.18835,2068.4146,0.078867,0
102,4.352,6014.26,5852.8412,12445.31,-6.6793670563,0.183019,0.39624,20.7809,1.2061,0.8318,0.067007,0.661639,-2.935338,167,0.194497,2041.376,0.081431,0
103,4.3947,6188.81,5797.808,12574.22,-5.8008511174,0.20897,0.464548,32.9897,1.1124,0.5724,0.055495,0.640398,-1.041264,186,0.192244,1841.0597,0.081187,0
104,4.4373,5887.44,5734.3521,12339.84,-5.8641651133,0.297923,0.452724,34.784,1.2008,0.7466,0.057361,0.600381,-0.329604,176,0.184003,1895.7463,0.077646,0
105,4.48,6021.39,5938.4076,12714.84,-6.450746829,0.304289,0.409743,23.5514,1.1982,0.7493,0.064581,0.637677,-5.818477,183,0.192001,2023.9043,0.076425,0
106,4.5227,5919.44,5820.3649,12375.0,-6.6192808111,0.359099,0.408884,23.3958,1.2135,0.8761,0.064733,0.644284,-3.329007,168,0.190693,1953.3175,0.079966,0
107,4.5653,6067.88,5864.1849,12503.91,-6.8608878306,0.315092,0.386218,19.4848,1.2101,0.925,0.068861,0.667757,-4.115049,181,0.197398,2086.4342,0.085093,0
108,4.608,6218.77,5868.7658,12714.84,-7.2164529175,0.225102,0.359525,16.9469,1.2503,1.1313,0.074045,0.697355,-3.158205,184,0.191308,2140.4082,0.089244,0
109,4.6507,6149.21,5911.1131,12761.72,-6.2610848682,0.236414,0.428741,27.0289,1.1468,0.6758,0.061301,0.643324,-6.215814,187,0.182296,1992.6083,0.087901,0
110,4.6933,5959.15,5839.9945,12445.31,-6.5116748444,0.287586,0.405269,23.6363,1.1916,0.8181,0.065376,0.653637,-4.048156,155,0.191748,1961.8531,0.084971,0
111,4.736,6046.96,5835.8553,12457.03,-6.0900578203,0.299251,0.435442,29.376,1.1535,0.7055,0.060178,0.616507,-6.628439,181,0.194524,1993.6334,0.078745,0
112,4.7787,5984.61,5860.7936,12492.19,-5.987407265,0.287666,0.445197,29.7592,1.1672,0.6632,0.058575,0.628571,-5.018687,151,0.193027,1907.1153,0.074472,0
113,4.8213,6061.51,5848.6189,12492.19,-5.9782840681,0.292604,0.432494,29.7428,1.1884,0.7968,0.06067,0.630225,-5.334444,159,0.178871,2082.8594,0.085704,0
114,4.864,5838.27,5678.929,12046.88,-5.9294746153,0.377222,0.452937,35.2545,1.2111,0.8311,0.057327,0.631356,-2.114279,163,0.188155,1975.2545,0.079722,0
115,4.9067,5758.85,5688.2775,12105.47,-5.8555890652,0.316476,0.458276,39.4416,1.2013,0.7662,0.056479,0.573107,0.234109,157,0.18888,2048.6264,0.076425,0
116,4.9493,6244.85,5741.8549,12574.22,-5.7069141933,0.304197,0.472982,37.7288,1.1144,0.6246,0.054193,0.634823,-0.790185,170,0.184542,1954.4488,0.078623,0
117,4.992,5950.69,5853.164,12480.47,-6.1092110165,0.279746,0.442353,27.7193,1.2029,0.7489,0.059038,0.632066,-3.278851,172,0.176046,1830.7697,0.078867,0
118,5.0347,6116.97,5841.3688,12480.47,-6.1616082355,0.4128,0.436752,26.9827,1.1561,0.7005,0.059961,0.645577,-7.033746,171,0.190032,1963.2146,0.086192,0
119,5.0773,5980.04,5711.4423,12035.16,-6.430999672,0.271836,0.415725,26.053,1.2178,0.9904,0.063532,0.647195,-7.10174,179,0.186353,2040.3521,0.08375,0
120,5.12,6003.38,5879.8941,12363.28,-6.4459403319,0.432734,0.418621,24.5053,1.1969,0.8167,0.06303,0.63801,-5.823501,165,0.182829,2132.9806,0.083628,0
121,5.1627,5950.96,5800.4291,12175.78,-6.0819519467,0.210746,0.439439,29.4251,1.1867,0.764,0.059517,0.640272,-1.329542,192,0.190329,1953.4833,0.079844,0
122,5.2053,5826.82,5779.7998,12046.88,-6.447724229,0.248928,0.410769,24.4439,1.2409,0.9631,0.0644,0.637608,-6.000051,184,0.193835,1891.0545,0.071786,0
123,5.248,6127.87,5932.0536,12714.84,-6.7719979629,0.409428,0.383826,18.9062,1.1996,0.8522,0.069311,0.677617,-5.250722,150,0.189691,2004.5799,0.078501,0
124,5.2907,5946.05,5805.2806,12339.84,-6.3537762615,0.385226,0.416948,25.5975,1.199,0.8271,0.06332,0.64682,-6.059892,154,0.18496,2011.8936,0.083628,0
125,5.3333,5998.33,5785.2996,12433.59,-6.1245936732,0.235939,0.433468,28.3109,1.1672,0.7311,0.060507,0.650048,-6.179455,188,0.181607,2025.3285,0.079477,0
126,5.376,6029.41,5875.8891,12339.84,-6.7917811128,0.33317,0.386427,19.8118,1.2102,0.9087,0.068822,0.668274,-4.431007,191,0.187479,2100.5036,0.08607,0
127,5.4187,6177.31,5898.5266,12750.0,-6.177956952,0.255237,0.435187,27.4066,1.146,0.6618,0.060221,0.638805,-7.117016,161,0.187902,1994.1093,0.083262,0
128,5.4613,5919.32,5746.5209,12246.09,-6.0054801233,0.298457,0.451966,32.5397,1.1951,0.7696,0.057482,0.624621,-4.203408,186,0.190675,1920.3978,0.077646,0
129,5.504,6078.39,5861.2813,12410.16,-6.470466389,0.225328,0.41978,22.4769,1.1948,0.8332,0.06283,0.675055,-6.652463,175,0.183809,1949.2524,0.078623,0
130,5.5467,5974.78,5772.518,12351.56,-5.6568816096,0.429589,0.46524,37.4473,1.1678,0.6893,0.055387,0.596528,-0.469954,194,0.191737,2001.6054,0.073739,0
131,5.5893,5806.81,5767.0183,12281.25,-5.5978542107,0.334669,0.473319,43.5719,1.1745,0.6445,0.054141,0.5671,-0.558032,181,0.186317,1987.3949,0.069955,0
132,5.632,5929.97,5844.546,12480.47,-6.0785683853,0.302884,0.436505,29.315,1.2205,0.7992,0.060002,0.621698,-1.664465,189,0.183048,1888.1548,0.077158,0
133,5.6747,6121.77,5876.2044,12503.91,-6.4479680272,0.293181,0.409422,24.0099,1.1582,0.7559,0.064638,0.654344,-4.389128,183,0.185328,1953.5509,0.078135,0
134,5.7173,5904.42,5727.189,12117.19,-6.1785538575,0.29345,0.439495,30.6936,1.2341,0.9176,0.059508,0.642909,-7.487006,160,0.180811,1969.9512,0.077158,0
135,5.76,5969.21,5834.4745,12246.09,-6.6466357163,0.515322,0.394043,22.3947,1.2736,1.1021,0.067409,0.657123,-5.610231,175,0.194708,2083.434,0.083384,0
136,5.8027,6130.4,5911.7057,12750.0,-6.0005033978,0.483774,0.442204,28.0491,1.1495,0.6636,0.059063,0.638548,-6.029455,185,0.186504,2088.3129,0.08607,0
137,5.8453,6004.1,5833.8567,12316.41,-6.0195282089,0.201117,0.444557,30.5345,1.1925,0.7959,0.058679,0.628812,-4.906583,176,0.177593,1984.7015,0.084605,0
138,5.888,6035.96,5764.5881,12234.38,-5.8564778519,0.28347,0.458849,35.0058,1.183,0.7661,0.056388,0.626886,-0.626115,171,0.184268,1960.4673,0.080942,0
139,5.9307,5940.1,5728.4459,12093.75,-5.9452515085,0.254762,0.445529,31.4589,1.2035,0.8435,0.058521,0.619355,-2.96281,166,0.188274,2044.2923,0.075082,0
140,5.9733,5924.05,5821.6957,12316.41,-5.8190641897,0.315413,0.463771,36.7463,1.1793,0.6986,0.055616,0.590327,-0.169475,158,0.18075,1926.4047,0.069344,0
141,6.016,5957.75,5775.2896,12257.81,-5.5295612872,0.393442,0.474688,43.1547,1.1398,0.6172,0.053932,0.538584,1.731935,189,0.191105,1891.545,0.073373,0
142,6.0587,6120.16,5803.9366,12316.41,-6.712290981,0.311974,0.395841,20.0406,1.2317,0.9962,0.06708,0.685026,-1.92892,152,0.19092,1978.1249,0.078989,0
143,6.1013,5918.22,5817.1653,12339.84,-6.4627544383,0.328324,0.417401,24.1738,1.2198,0.847,0.063241,0.651272,-0.822198,176,0.189152,1960.7587,0.080332,0
144,6.144,6060.35,5915.9916,12621.09,-6.918157514,0.215857,0.384526,19.3509,1.23,0.9487,0.069179,0.679902,-4.695437,156,0.186917,2118.9289,0.078379,0
145,6.1867,5762.66,5734.6431,12117.19,-5.9838873239,0.399528,0.441226,33.1827,1.2447,0.906,0.059223,0.602677,-3.649195,171,0.198641,1931.7801,0.071054,0
146,6.2293,5978.5,5822.6801,12527.34,-5.5649256542,0.236912,0.482773,42.8874,1.155,0.6166,0.052709,0.58185,0.0948,176,0.187069,1963.7649,0.071664,0
147,6.272,6112.85,5864.8611,12515.62,-6.1001654255,0.20647,0.440359,28.8876,1.1731,0.7864,0.059365,0.625366,-2.154376,181,0.184721,1887.496,0.076303,0
148,6.3147,5825.52,5791.7697,12128.91,-6.5254135077,0.243528,0.399957,24.7202,1.243,0.9897,0.066331,0.617511,-2.703649,173,0.188952,2101.9977,0.070687,0
149,6.3573,5705.46,5773.8352,12164.06,-6.0087170375,0.165213,0.435374,33.5866,1.2263,0.8154,0.06019,0.594909,-3.584686,166,0.198958,1899.6881,0.06849,0
150,6.4,5802.06,5851.3875,12398.44,-6.0947260142,0.255096,0.441122,30.7678,1.1899,0.6741,0.05924,0.617849,-7.115573,175,0.185362,2052.8513,0.073251,0
151,6.4427,6123.87,5907.2775,12761.72,-6.6911239362,0.295034,0.399804,21.0211,1.2034,0.858,0.066359,0.672156,-5.146984,155,0.188139,2077.4954,0.079722,0
152,6.4853,5940.47,5794.6252,12281.25,-6.5581985337,0.394261,0.402781,23.8422,1.2251,0.939,0.065822,0.647893,-0.455731,163,0.181755,2110.4889,0.08021,0
153,6.528,5798.66,5685.5894,11765.62,-5.7821161733,0.404528,0.453542,37.4339,1.2024,0.821,0.05723,0.565976,1.45893,181,0.19028,1907.7683,0.07789,0
154,6.5707,5886.35,5825.5617,12199.22,-6.530836433,0.30295,0.407162,24.1166,1.2362,0.945,0.065039,0.633913,-1.905943,176,0.193269,2011.3543,0.082041,0
155,6.6133,6101.48,5850.5646,12445.31,-6.4411709269,0.48074,0.414909,23.5764,1.2026,0.8531,0.063674,0.675808,-6.150335,185,0.192749,2026.3426,0.084727,0
156,6.656,5798.92,5748.1851,12187.5,-5.7403932474,0.329047,0.46144,39.7411,1.2162,0.8281,0.055981,0.572307,0.109035,168,0.186578,1907.6272,0.076547,0
157,6.6987,5850.15,5692.1301,11894.53,-5.9955973317,0.236727,0.449877,34.5667,1.2272,0.9037,0.057818,0.610764,-5.258803,170,0.184046,1934.9209,0.070932,0
158,6.7413,5821.53,5785.2924,12281.25,-6.0327432893,0.365408,0.438742,30.7596,1.2273,0.8415,0.059632,0.609375,-4.188896,182,0.181842,1907.2654,0.073129,0
159,6.784,6168.44,5926.6134,12714.84,-6.955297979,0.379914,0.37915,19.2835,1.2152,0.9534,0.070198,0.681521,-7.016749,159,0.190374,2144.8438,0.083262,0
160,6.8267,6076.37,5860.2078,12585.94,-5.9163109344,0.253461,0.448181,31.4102,1.1709,0.7087,0.058091,0.63229,-1.234645,163,0.193487,1981.0312,0.07789,0
161,6.8693,5744.92,5707.448,12011.72,-5.4805598285,0.285303,0.472201,47.5728,1.2234,0.8362,0.054312,0.545313,-0.076803,167,0.186796,1871.1336,0.069466,0
162,6.912,6145.23,5872.9552,12691.41,-6.9129370376,0.228243,0.391349,20.1918,1.1891,0.912,0.067906,0.677797,-7.711801,158,0.193275,2077.2133,0.085826,0
163,6.9547,6172.44,5794.6745,12609.38,-5.9244711149,0.27547,0.452457,31.5662,1.1539,0.7001,0.057404,0.646627,-1.34436,169,0.181483,1992.6973,0.092419,0
164,6.9973,6141.28,5864.691,12503.91,-6.169051885,0.309435,0.435611,27.9923,1.203,0.8416,0.06015,0.655744,-2.420203,180,0.178969,1970.1204,0.087779,0
165,7.04,6042.91,5838.2708,12363.28,-6.8390627024,0.400653,0.383016,20.6529,1.2266,0.9845,0.069464,0.669193,-5.349056,155,0.185026,2099.3998,0.084117,0
166,7.0827,5850.36,5685.395,12058.59,-5.8463502532,0.455346,0.461187,38.2263,1.1873,0.7731,0.056021,0.598707,-1.767919,174,0.18556,1964.0047,0.075449,0
167,7.1253,6083.54,5749.1925,12398.44,-5.6435583994,0.250691,0.479442,36.9527,1.1446,0.6366,0.053211,0.614832,-0.444404,163,0.186409,1839.1626,0.073007,0
168,7.168,6063.37,5851.1037,12445.31,-6.1879914346,0.197187,0.429296,25.7426,1.1914,0.7937,0.061207,0.64994,-1.553393,184,0.196551,2050.4653,0.08253,0
169,7.2107,6296.99,5883.7027,12773.44,-6.421061024,0.279743,0.421152,25.4108,1.1687,0.7393,0.062594,0.680346,-0.039886,179,0.187694,1965.4269,0.085215,0
170,7.2533,6115.06,5929.8519,12632.81,-7.3052467843,0.311305,0.356713,16.4064,1.2645,1.0872,0.074614,0.689142,-7.348635,163,0.184133,2140.5158,0.08839,0
171,7.296,6300.61,5905.0959,12761.72,-7.0701002471,0.240328,0.377817,17.7716,1.2033,0.9794,0.070453,0.68573,-2.601261,183,0.183984,2150.9153,0.09132,0
172,7.3387,6068.89,5844.1408,12656.25,-5.9622252864,0.455827,0.440014,29.4141,1.1362,0.6324,0.059422,0.61572,-0.910637,178,0.185762,1990.4793,0.086314,0
173,7.3813,6039.78,5826.283,12328.12,-6.4834461822,0.270078,0.414197,24.8536,1.2075,0.8813,0.063799,0.660741,-2.542829,169,0.177955,2058.8131,0.080576,0
174,7.424,5811.1,5758.708,12164.06,-5.2227263079,0.300711,0.502154,52.2851,1.1365,0.5362,0.04986,0.504489,2.064655,172,0.201783,1943.6283,0.066781,0
175,7.4667,5648.86,5758.8622,12082.03,-5.3673296828,0.535875,0.482618,51.7194,1.182,0.6416,0.052733,0.501276,2.491013,175,0.1818,2013.1579,0.066414,0
176,7.5093,5973.27,5852.3722,12304.69,-6.7757091053,0.27953,0.391535,20.3179,1.2197,0.9085,0.067872,0.673216,-2.799167,171,0.207372,2045.4189,0.078257,0
177,7.552,6193.79,5831.7353,12527.34,-6.1898853415,0.251127,0.426373,25.4084,1.1527,0.7398,0.061702,0.66079,0.503825,186,0.174876,2067.4591,0.085704,0
178,7.5947,6223.3,5907.2771,12714.84,-7.2465276344,0.29367,0.361096,16.8414,1.1966,0.9146,0.07373,0.693878,-3.415754,176,0.185317,2090.3612,0.091076,0
179,7.6373,6083.6,5858.3842,12457.03,-6.8042434387,0.258104,0.384736,19.8583,1.2291,0.981,0.06914,0.673122,-5.091189,184,0.184087,2051.2437,0.090709,0
180,7.68,6054.26,5880.4822,12457.03,-6.7115816631,0.17093,0.397484,21.4435,1.2186,0.9235,0.06678,0.65109,-2.358233,166,0.182367,2008.0641,0.084727,0
181,7.7227,6045.64,5848.1282,12503.91,-6.3269771888,0.30497,0.425239,26.0603,1.1982,0.7825,0.061894,0.654199,-4.241032,179,0.189822,1959.2297,0.085704,0
182,7.7653,6220.62,5929.4553,12597.66,-7.1248899978,0.310506,0.374793,17.8473,1.2462,1.0532,0.071035,0.700894,-3.083383,169,0.178626,2091.616,0.087779,0
183,7.808,5984.89,5791.2109,12304.69,-6.695908995,0.321818,0.399645,22.6251,1.2599,1.1037,0.066388,0.674697,-4.237754,179,0.185879,2105.1212,0.084849,0
184,7.8507,5969.47,5896.3678,12480.47,-6.7332334185,0.305781,0.390695,20.6442,1.2267,0.9235,0.068027,0.648115,-6.950373,194,0.189902,2116.6418,0.078867,0
185,7.8933,5930.63,5843.3925,12292.97,-6.1707214212,0.199235,0.434902,28.7637,1.2134,0.8663,0.060268,0.603921,-6.065846,177,0.189483,1980.6762,0.081187,0
186,7.936,6070.5,5848.1266,12269.53,-7.4337908263,0.315138,0.351461,15.9431,1.2643,1.1936,0.075687,0.699299,-5.357306,149,0.196,2063.0759,0.08607,0
187,7.9787,6207.86,5915.2558,12644.53,-6.7295947331,0.254427,0.397064,21.434,1.1858,0.8674,0.066857,0.669137,-6.132593,181,0.187682,2048.6587,0.082041,0
188,8.0213,5999.9,5740.7229,12128.91,-5.8509845168,0.298837,0.447483,33.0979,1.1927,0.7933,0.058204,0.638234,-2.448248,176,0.180672,1986.8073,0.088878,0
189,8.064,6181.06,5899.0131,12750.0,-6.1661658815,0.224631,0.435281,27.0121,1.1442,0.6776,0.060205,0.64267,-3.15589,171,0.184075,1991.7829,0.085215,0
190,8.1067,6204.92,5925.4622,12468.75,-6.817384884,0.235604,0.389378,20.9386,1.1758,0.8182,0.068272,0.665373,-5.072728,167,0.184655,2204.8284,0.078745,0
191,8.1493,5976.41,5858.2586,12398.44,-6.4819063056,0.36363,0.414896,24.8253,1.2294,0.9095,0.063677,0.651836,-6.616365,179,0.187651,1962.6738,0.086558,0
192,8.192,6099.85,5881.1362,12691.41,-6.2819470579,0.184663,0.43179,28.0792,1.1856,0.7814,0.060788,0.661869,-4.577858,166,0.172564,1889.0499,0.083628,0
193,8.2347,6109.93,5924.8471,12714.84,-6.8565454382,0.228663,0.386405,21.1203,1.2016,0.8937,0.068826,0.665017,-4.628078,178,0.175518,2150.1905,0.084483,0
194,8.2773,5852.15,5775.0653,12140.62,-6.4497239308,0.252287,0.41288,25.2674,1.2501,0.9761,0.064029,0.657412,-1.682511,169,0.177105,1997.3713,0.079477,0
195,8.32,5772.5,5654.0105,12023.44,-5.6115389838,0.309283,0.472805,43.019,1.1914,0.7577,0.05422,0.570687,0.403059,168,0.192412,1918.4524,0.06849,0
196,8.3627,5915.34,5733.8067,12351.56,-5.2480734813,0.309615,0.497395,53.214,1.1272,0.5586,0.05055,0.475484,2.175409,153,0.187031,2044.0113,0.070321,0
197,8.4053,5866.43,5666.3874,12035.16,-5.2806167697,0.376424,0.49443,50.9023,1.1431,0.6323,0.050983,0.504602,2.137438,156,0.178067,2026.3978,0.070321,0
198,8.448,6177.7,5871.6859,12738.28,-5.6009057943,0.261339,0.47089,36.4125,1.1337,0.5915,0.054513,0.614296,-0.81206,171,0.193058,1885.244,0.079355,0
199,8.4907,6087.14,5790.2294,12468.75,-5.5055642615,0.348358,0.480938,40.7702,1.1333,0.5843,0.052985,0.574304,0.28205,165,0.186176,2000.4674,0.07667,0
200,8.5333,5914.93,5779.0917,12316.41,-5.0942163182,0.209069,0.507586,56.4753,1.1181,0.5265,0.049082,0.471568,2.368581,171,0.190352,1885.3687,0.066414,0
201,8.576,6027.37,5860.0584,12328.12,-6.3549584555,0.251692,0.423421,25.4437,1.2292,0.8915,0.062205,0.653367,0.322896,177,0.198395,1978.8025,0.073007,0
202,8.6187,5947.12,5739.1134,12457.03,-5.5146863127,0.326925,0.475292,40.3539,1.1624,0.6367,0.05384,0.571002,0.416217,179,0.187089,2011.3448,0.070321,0
203,8.6613,6030.65,5823.5245,12585.94,-5.1612563718,0.205456,0.489214,46.7274,1.1252,0.5244,0.05175,0.530402,2.338549,191,0.186412,1911.4979,0.072397,0
204,8.704,6140.74,5846.0249,12621.09,-6.1623828059,0.300699,0.438858,28.334,1.1577,0.7029,0.059613,0.638863,-5.246751,168,0.191299,1934.0274,0.084117,0
205,8.7467,6172.55,5897.2769,12609.38,-7.2784060619,0.188047,0.35572,16.3921,1.1985,0.9842,0.074815,0.679244,-6.925443,164,0.19121,2152.6265,0.085093,0
206,8.7893,6095.34,5889.2166,12480.47,-6.8260641083,0.345065,0.386233,20.1182,1.2192,0.9617,0.068858,0.673441,-3.534734,169,0.185437,2038.9444,0.087413,0
207,8.832,5988.57,5956.9011,12796.88,-6.3335516824,0.342634,0.41323,24.8887,1.1584,0.6642,0.063968,0.623404,-7.079745,156,0.189419,2121.5018,0.080576,0
208,8.8747,6038.1,5872.4948,12457.03,-6.1149358689,0.259468,0.434684,27.884,1.1913,0.7833,0.060304,0.630457,-4.889366,180,0.178167,1967.4821,0.074716,0
209,8.9173,6001.56,5815.1261,12410.16,-6.2524572414,0.328257,0.429886,27.4802,1.1785,0.7765,0.061108,0.633348,-3.603405,162,0.189449,1952.8602,0.078379,0
210,8.96,5782.06,5805.9091,12386.72,-5.5397697443,0.259458,0.468619,43.6111,1.1775,0.6322,0.054863,0.532326,1.89933,183,0.192493,1955.9914,0.067391,0
211,9.0027,5723.49,5712.0647,11976.56,-5.244966188,0.338796,0.483839,52.3185,1.2006,0.7164,0.05255,0.497438,-10.354808,161,0.199144,2091.6283,0.060676,0
212,9.0453,6202.21,5902.4432,12773.44,-6.03864159,0.283913,0.452582,29.279,1.1449,0.6312,0.057384,0.653738,-7.194395,173,0.195302,1913.443,0.077402,0
213,9.088,6227.84,5895.3728,12398.44,-7.0807696617,0.366758,0.371807,19.3795,1.2354,1.0549,0.071614,0.708449,-5.255302,177,0.180501,2159.7058,0.088512,0
214,9.1307,5838.24,5786.7003,12140.62,-6.2464986421,0.220581,0.428644,30.6653,1.2213,0.864,0.061317,0.628083,-0.7957,157,0.190917,2071.7035,0.084971,0
215,9.1733,6140.22,5850.481,12515.62,-5.9864036763,0.290053,0.447457,30.0001,1.1671,0.717,0.058208,0.642952,-2.602133,162,0.195444,1928.0286,0.07789,0
216,9.216,6000.64,5740.2599,12410.16,-5.6563380165,0.281636,0.467546,39.7176,1.1549,0.6923,0.055029,0.585458,-0.086913,158,0.179624,2046.0512,0.071542,0
217,9.2587,6058.93,5810.5215,12421.88,-6.1257911988,0.60605,0.426139,27.8269,1.2013,0.8229,0.061741,0.638438,-1.666548,158,0.186936,1963.4905,0.079111,0
218,9.3013,5763.15,5780.0427,12082.03,-6.4923682997,0.323059,0.39932,23.7412,1.2717,1.0507,0.066447,0.621557,-6.308134,173,0.201786,2025.6731,0.078135,0
219,9.344,5780.95,5832.6242,12175.78,-6.4448249017,0.231462,0.406745,26.1905,1.2656,1.0146,0.065113,0.62541,-4.623084,188,0.191154,2050.3191,0.074472,0
220,9.3867,6119.05,5863.8832,12632.81,-6.308503398,0.381736,0.431534,25.8122,1.2096,0.8234,0.060831,0.668445,-1.738045,178,0.194606,1970.2078,0.083262,0
221,9.4293,6195.91,5903.2748,12503.91,-7.1226609518,0.302757,0.374788,17.8953,1.2186,0.9908,0.071036,0.70235,-4.15874,167,0.177343,2121.3504,0.086558,0
222,9.472,5943.59,5918.1106,12339.84,-7.1543575841,0.349718,0.362094,18.8804,1.2665,1.1126,0.07353,0.662297,-2.71671,177,0.190648,2135.9712,0.085215,0
223,9.5147,5980.53,5774.0947,12375.0,-5.9921140548,0.293564,0.446763,33.9353,1.1668,0.7123,0.05832,0.630171,-2.694886,178,0.189683,1932.3033,0.078623,0
224,9.5573,5746.52,5746.5311,11929.69,-6.4770262795,0.343652,0.407129,25.036,1.2796,1.0392,0.065045,0.645165,-5.390757,173,0.197591,2033.3247,0.077646,0
225,9.6,6033.24,5838.6693,12410.16,-6.7065704605,0.390898,0.39632,21.2947,1.2355,0.9748,0.066992,0.652989,-4.577696,185,0.180734,2117.1418,0.084483,0
226,9.6427,6102.69,5880.2209,12515.62,-6.2083438416,0.284292,0.438943,27.1048,1.143,0.656,0.059599,0.648125,-7.125051,159,0.182296,2035.1891,0.079722,0
227,9.6853,6065.67,5791.2913,12503.91,-5.8616241932,0.355461,0.457061,34.3021,1.17,0.7236,0.056671,0.634584,0.245029,174,0.179655,1911.8361,0.079111,0
228,9.728,5908.03,5898.6587,12480.47,-7.1471957253,0.358194,0.369321,19.1582,1.2474,0.9967,0.072099,0.667329,-9.185033,180,0.182231,2018.2547,0.085826,0
229,9.7707,6250.18,5888.1235,12691.41,-6.0885825512,0.34726,0.438963,29.0948,1.149,0.7079,0.059595,0.650181,-2.159554,167,0.183257,1937.9714,0.084239,0
230,9.8133,6078.81,5874.1382,12503.91,-6.6317151767,0.2985,0.399287,21.67,1.2208,0.9328,0.066452,0.664106,-4.718869,183,0.18838,2111.166,0.081553,0
231,9.856,6124.18,5740.1403,12316.41,-6.8371455242,0.221964,0.394806,20.7223,1.2212,1.0335,0.067269,0.683913,-4.188421,184,0.18626,2008.7457,0.087047,0
232,9.8987,6150.23,5860.4313,12421.88,-7.1744162923,0.213525,0.360443,18.2,1.2358,1.0713,0.07386,0.696377,-2.647888,164,0.185559,2233.5385,0.092052,0
233,9.9413,6079.21,5943.337,12621.09,-6.5676433125,0.285413,0.396893,21.5762,1.2373,0.9048,0.066888,0.666609,-3.307056,198,0.183812,2064.9241,0.085948,0
234,9.984,6029.25,5903.933,12679.69,-6.7582245954,0.283428,0.38815,20.2869,1.2016,0.8739,0.0685,0.657492,-4.914653,178,0.188254,2161.7761,0.082652,0
235,10.0267,6172.41,5944.8947,12750.0,-6.7843695916,0.298743,0.391796,20.979,1.1934,0.8137,0.067823,0.684282,-6.573144,187,0.181195,2094.3858,0.08607,0
236,10.0693,6204.28,5856.2269,12726.56,-6.6477112281,0.161639,0.405482,22.4504,1.1895,0.8867,0.065338,0.677316,-1.744013,160,0.181228,2061.7326,0.093639,0
237,10.112,6179.21,5799.6104,12328.12,-6.4592282633,0.202488,0.417985,24.4148,1.2142,0.948,0.06314,0.678987,-3.187919,173,0.183262,2069.2242,0.090343,0
238,10.1547,5725.94,5698.0524,11742.19,-6.426910871,0.281177,0.408896,26.9571,1.2917,1.1216,0.064731,0.65219,-2.829444,170,0.195231,2008.5457,0.080332,0
239,10.1973,6218.2,5827.5175,12609.38,-6.0595596574,0.215905,0.446386,30.4044,1.1706,0.7707,0.058382,0.648803,0.297241,183,0.181957,1955.8284,0.088268,0
240,10.24,6241.68,5906.6017,12773.44,-6.313006234,0.394826,0.417781,25.1589,1.1553,0.6964,0.063175,0.656002,0.191873,166,0.179191,2146.043,0.085704,0
241,10.2827,5849.06,5725.1014,12082.03,-5.7906605826,0.348643,0.463531,38.3679,1.1999,0.7832,0.055654,0.595909,0.731066,181,0.184183,1899.1257,0.078501,0
242,10.3253,6122.61,5856.1179,12738.28,-6.0429645155,0.30266,0.448813,30.8092,1.1631,0.697,0.057989,0.643831,-2.042613,195,0.1803,1975.168,0.079355,0
243,10.368,6086.06,5882.0157,12363.28,-6.7992836869,0.263074,0.387359,20.4777,1.2511,1.0838,0.068648,0.651494,-4.438241,173,0.1837,2042.9857,0.075693,0
244,10.4107,5979.68,5736.7439,12269.53,-6.1121004602,0.243227,0.436027,28.2718,1.2006,0.8665,0.060081,0.607181,-6.963367,166,0.185049,1864.1012,0.082163,0
245,10.4533,6335.02,5920.9967,12738.28,-7.4074946697,0.337173,0.353335,15.5109,1.2194,1.0283,0.075302,0.711068,-5.939744,167,0.201094,2175.221,0.09132,0
246,10.496,5868.7,5744.3099,12175.78,-5.7842855762,0.23266,0.455911,37.8509,1.212,0.8356,0.056853,0.564823,-7.870134,156,0.204936,1926.8388,0.081919,0
247,10.5387,6210.83,5824.2712,12457.03,-5.5964530552,0.301731,0.468867,37.6988,1.121,0.6135,0.054825,0.605178,-1.248227,181,0.197213,1974.7016,0.076547,0
248,10.5813,5947.45,5818.2782,12292.97,-6.1372259177,0.173564,0.431147,29.1383,1.195,0.7992,0.060896,0.633934,-0.962539,164,0.185654,2009.3047,0.078257,0
249,10.624,5754.69,5686.113,11917.97,-5.870238181,0.313088,0.43899,37.1138,1.2457,0.9334,0.059591,0.611582,0.617742,182,0.190262,1925.4909,0.073251,0
250,10.6667,5962.16,5704.7304,12210.94,-6.1089914367,0.361574,0.439436,30.4999,1.1885,0.8153,0.059517,0.618908,-6.396705,158,0.203592,1967.5465,0.081797,0
251,10.7093,6148.36,5953.0459,12714.84,-6.8626219638,0.364156,0.387544,20.0723,1.2292,0.9688,0.068613,0.670911,-4.444009,160,0.189528,2047.2331,0.08607,0
252,10.752,5983.69,5759.7422,12257.81,-6.4406711684,0.418731,0.408328,24.3864,1.2534,1.0205,0.064832,0.660282,-2.209049,180,0.192589,2023.2681,0.082896,0
253,10.7947,6276.01,5900.9917,12808.59,-6.6566666755,0.272286,0.400233,20.9391,1.1691,0.808,0.066281,0.675076,-3.624541,160,0.177291,2087.6318,0.089733,0
254,10.8373,6122.78,5844.8115,12644.53,-6.1451115253,0.23301,0.429612,26.564,1.1689,0.7418,0.061154,0.630215,-4.193974,160,0.192273,1882.2083,0.085582,0
255,10.88,5842.65,5714.5248,12152.34,-5.755409585,0.251496,0.44816,34.7794,1.206,0.8116,0.058094,0.586867,-2.985785,184,0.194108,1975.3764,0.074228,0
256,10.9227,5920.8,5763.6502,12175.78,-6.1649451934,0.372815,0.435677,27.4437,1.2191,0.8722,0.060139,0.63521,-1.524926,191,0.192,1941.4756,0.074716,0
257,10.9653,6042.09,5795.1067,12386.72,-5.7652403958,0.493444,0.456821,31.4888,1.1512,0.6655,0.056709,0.594308,0.788851,183,0.180877,1932.043,0.076914,0
258,11.008,6004.46,5786.5201,12363.28,-6.481685021,0.414564,0.419058,24.1252,1.2292,0.9443,0.062954,0.662885,-5.362396,160,0.189995,1997.7758,0.08253,0
259,11.0507,6116.3,5791.8657,12375.0,-7.2987507724,0.300279,0.35821,17.3708,1.2699,1.251,0.07431,0.693706,-2.877191,164,0.187815,2185.4237,0.084239,0
260,11.0933,5778.94,5739.7333,12210.94,-5.7474548045,0.236491,0.454095,39.243,1.2125,0.7954,0.057142,0.580322,1.202369,174,0.192877,2194.2589,0.079355,0
261,11.136,5800.41,5796.2638,12152.34,-6.2588180064,0.217722,0.417031,28.0335,1.2481,0.977,0.063305,0.625544,-1.53657,172,0.186704,2070.1982,0.075693,0
262,11.1787,6015.04,5899.3449,12726.56,-6.2712495033,0.304184,0.419624,26.1107,1.1904,0.7366,0.062857,0.643006,-4.297659,159,0.187794,1971.08,0.074594,0
263,11.2213,6148.25,5891.476,12703.12,-6.7552382738,0.340112,0.390167,19.2959,1.1927,0.8609,0.068125,0.660385,-2.366142,162,0.186812,2086.3115,0.080942,0
264,11.264,5996.34,5807.9151,12281.25,-6.8529487501,0.273679,0.381358,20.018,1.2712,1.1298,0.069778,0.663595,-4.377937,179,0.193029,2111.2624,0.082774,0
265,11.3067,5919.77,5807.7488,12140.62,-6.520122997,0.285334,0.40562,23.4601,1.2486,0.9997,0.065313,0.644193,-0.687342,167,0.194994,2044.4784,0.082163,0
266,11.3493,6138.16,5862.824,12750.0,-6.5187408017,0.254447,0.410599,22.7969,1.21,0.8741,0.06443,0.676873,-1.420417,176,0.192311,2033.3261,0.087413,0
267,11.392,6235.13,5923.3136,12796.88,-5.8564156388,0.296749,0.463221,32.2704,1.1118,0.5513,0.055702,0.626201,-8.311283,156,0.192276,2057.3243,0.088146,0
268,11.4347,5768.49,5742.3176,11906.25,-6.2281620769,0.233177,0.424969,28.6935,1.2487,0.9504,0.06194,0.607415,-7.335703,168,0.183442,1965.3646,0.083506,0
269,11.4773,6119.46,5914.1188,12738.28,-6.7495618661,0.336312,0.388537,21.4368,1.217,0.9206,0.068428,0.668522,-4.338176,170,0.195377,2147.5391,0.078135,0
270,11.52,6106.91,5899.5693,12609.38,-6.3277292479,0.22948,0.422026,25.4745,1.1868,0.7875,0.062443,0.658023,-4.429456,176,0.187821,1969.1249,0.078135,0
271,11.5627,6016.4,5794.6473,12210.94,-6.7276899738,0.217818,0.398607,23.1287,1.2432,1.0246,0.066576,0.679147,-4.066036,180,0.181129,1963.7149,0.085948,0
272,11.6053,6054.02,5800.2624,12421.88,-6.5241316766,0.38418,0.412118,23.2358,1.212,0.9121,0.064163,0.663653,-1.24569,179,0.192159,1973.3603,0.085582,0
273,11.648,5897.1,5778.6445,12351.56,-5.8593439816,0.366919,0.454222,33.9808,1.1847,0.7148,0.057122,0.616471,-0.589474,178,0.180865,1892.8662,0.07496,0
274,11.6907,5962.84,5850.5953,12328.12,-6.7019789282,0.339182,0.39265,21.6569,1.2468,1.025,0.067666,0.646992,-4.427199,180,0.186876,2055.2296,0.07496,0
275,11.7333,6085.32,5872.6404,12644.53,-6.5188807075,0.335931,0.413875,24.3114,1.2062,0.8659,0.063855,0.669626,-2.661897,179,0.184939,2040.1915,0.088512,0
276,11.776,6125.12,5820.578,12480.47,-6.6222110609,0.233325,0.407961,21.9,1.1915,0.8568,0.064897,0.683605,-5.96086,168,0.192601,2076.9217,0.087413,0
277,11.8187,6134.87,5854.7896,12621.09,-6.3102263111,0.273553,0.423327,25.6688,1.1865,0.7894,0.062221,0.6575,-2.731439,165,0.191257,2005.2492,0.082041,0
278,11.8613,6078.23,5787.9814,12363.28,-6.0440865482,0.228779,0.447414,31.398,1.1832,0.8002,0.058215,0.637935,-5.351122,162,0.181517,2067.7029,0.08314,0
279,11.904,6418.43,5990.1211,13066.41,-6.9099850085,0.217879,0.381655,18.4644,1.1615,0.7788,0.069721,0.683156,-6.090574,171,0.189898,2051.3029,0.08375,0
280,11.9467,6111.65,5877.6616,12503.91,-6.8336044572,0.186557,0.389897,19.8629,1.1949,0.9153,0.068175,0.663002,-5.448399,150,0.180819,2058.3213,0.087413,0
281,11.9893,6154.2,5842.0297,12492.19,-6.9096069623,0.239611,0.394298,19.5387,1.196,0.9203,0.067363,0.685681,-3.533921,186,0.172723,2143.9519,0.08375,0
282,12.032,6047.52,5865.5671,12410.16,-6.2807202557,0.2309,0.419837,28.1322,1.1957,0.8219,0.06282,0.652628,-5.159569,167,0.193402,2088.104,0.084117,0
283,12.0747,6162.73,5927.6782,12539.06,-7.2216788008,0.264808,0.361933,17.2765,1.2593,1.1266,0.073562,0.691777,-5.936886,179,0.189898,2181.268,0.087169,0
284,12.1173,5913.38,5812.5609,12316.41,-6.6366265883,0.373166,0.400805,23.2916,1.2499,0.9913,0.066178,0.66328,-3.645009,169,0.186394,2005.987,0.079233,0
285,12.16,5965.83,5822.9422,12304.69,-6.4361931703,0.280175,0.411665,25.0767,1.2157,0.8899,0.064243,0.64058,-6.485196,138,0.198422,2026.7233,0.080332,0
286,12.2027,6160.75,5856.033,12703.12,-6.280367386,0.254506,0.4391,27.2235,1.1742,0.7114,0.059573,0.670677,-1.945548,196,0.18268,1960.7399,0.090953,0
287,12.2453,6334.39,5914.0637,12750.0,-7.2095296159,0.314476,0.369274,17.4429,1.2412,1.0431,0.072109,0.711019,-6.57571,174,0.189939,2125.9915,0.092541,0
288,12.288,6206.02,5892.5205,12738.28,-6.7467215873,0.222802,0.393952,21.8937,1.1791,0.8317,0.067426,0.686359,-3.142906,184,0.181198,2141.4942,0.090587,0
289,12.3307,5892.0,5787.4298,12246.09,-6.0238977847,0.265798,0.451758,33.7036,1.2083,0.8056,0.057516,0.605754,0.034094,181,0.187923,1935.319,0.080942,0
290,12.3733,5948.22,5861.1785,12433.59,-6.7988808405,0.251305,0.393234,21.6385,1.2466,0.9661,0.067558,0.657102,-4.492297,170,0.190373,2074.5331,0.07728,0
291,12.416,5971.79,5857.8591,12527.34,-6.1087309001,0.299903,0.4355,28.7352,1.1783,0.7166,0.060169,0.617598,-6.434758,166,0.188333,1902.0485,0.078989,0
292,12.4587,6018.53,5816.2107,12410.16,-5.7768976145,0.344999,0.457977,35.4868,1.2015,0.8103,0.056526,0.612481,-7.407861,175,0.188748,2012.4649,0.070932,0
293,12.5013,5863.25,5770.5742,12058.59,-6.5210990004,0.357046,0.404978,24.0257,1.2501,1.0162,0.065428,0.660848,-7.381418,164,0.195279,1983.5711,0.077158,0
294,12.544,6100.43,5867.4808,12445.31,-6.761729252,0.185685,0.395516,20.8931,1.198,0.9205,0.067139,0.660789,-5.123766,166,0.185296,2059.9693,0.087657,0
295,12.5867,6309.99,5931.8561,12773.44,-6.7676457525,0.253982,0.395375,20.1824,1.1635,0.8133,0.067165,0.685643,-4.54392,188,0.192372,2125.0972,0.093639,0
296,12.6293,6298.83,5976.8151,12773.44,-7.0692616701,0.384196,0.375261,18.4022,1.2128,0.9552,0.070944,0.698894,-4.309021,167,0.175162,2180.415,0.095104,0
297,12.672,6308.01,5893.5272,12714.84,-7.0969814971,0.267611,0.370054,17.8016,1.2257,1.0579,0.071956,0.70085,-4.53586,188,0.183714,2149.076,0.093273,0
298,12.7147,6226.03,5796.6076,12691.41,-6.6787881525,0.302518,0.399977,20.0731,1.2161,0.9839,0.066327,0.694836,-5.077136,163,0.182221,2045.2217,0.085338,0
299,12.7573,5992.33,5702.9045,12175.78,-5.9356429852,0.322873,0.449596,32.0602,1.2211,0.917,0.057863,0.621586,-0.775866,168,0.191547,1888.9102,0.082163,0
300,12.8,6051.09,5841.6532,12597.66,-6.2952903517,0.489397,0.422143,24.6087,1.2238,0.9036,0.062423,0.650564,-3.025607,181,0.193943,1988.6042,0.08607,0
301,12.8427,6135.91,5817.2231,12656.25,-5.6018069379,0.351348,0.46641,36.8459,1.13,0.6288,0.055205,0.598897,0.860666,171,0.19288,2039.3792,0.078135,0
302,12.8853,6040.42,5771.1432,12363.28,-6.1049379207,0.295239,0.43823,30.2366,1.1945,0.8079,0.059716,0.636548,-1.389153,169,0.191857,2037.7795,0.084361,0
303,12.928,6310.01,5922.8205,12855.47,-6.8100925047,0.303671,0.388772,19.9038,1.1847,0.8305,0.068384,0.701341,-3.511708,190,0.184098,2144.3146,0.090831,0
304,12.9707,6098.84,5890.118,12539.06,-6.6414256088,0.299674,0.396718,21.4902,1.2267,0.9134,0.06692,0.665086,-1.704146,201,0.195474,2021.8476,0.084483,0
305,13.0133,5927.36,5794.4748,12222.66,-6.0368434291,0.328549,0.443845,32.6232,1.2236,0.8839,0.058795,0.618942,-7.285207,156,0.195375,1973.5339,0.074106,0
306,13.056,5780.19,5712.8521,12210.94,-5.2915804978,0.211849,0.484908,54.4707,1.1372,0.5883,0.05239,0.497563,2.478251,177,0.199555,1954.8069,0.063851,0
307,13.0987,5942.39,5743.4912,12339.84,-5.9430751905,0.359322,0.456412,35.3895,1.1758,0.7328,0.056774,0.591948,-6.701418,166,0.194492,1928.7036,0.072763,0
308,13.1413,6097.46,5883.8355,12679.69,-6.486358441,0.305508,0.406103,22.9157,1.2069,0.8301,0.065227,0.667811,-3.997525,174,0.191389,1981.674,0.079966,0
309,13.184,5864.74,5764.5821,12187.5,-5.8414974553,0.331335,0.465121,38.1985,1.1873,0.7076,0.055406,0.604976,0.800978,187,0.190514,2014.8051,0.072274,0
310,13.2267,5929.9,5753.7982,12375.0,-5.7367181358,0.350205,0.470727,38.964,1.1714,0.6829,0.054538,0.601087,-0.883778,181,0.173436,1889.3419,0.072641,0
311,13.2693,6190.57,5857.4115,12691.41,-6.0116241169,0.207287,0.448157,30.9639,1.1431,0.6369,0.058095,0.62491,0.188646,183,0.182429,1910.318,0.084727,0
312,13.312,6359.25,5865.2264,12878.91,-6.217994447,0.202448,0.433319,25.7878,1.1388,0.7258,0.060532,0.667343,-6.615683,171,0.171491,2048.9872,0.084605,0
313,13.3547,6029.5,5775.1204,12468.75,-5.4689872978,0.228175,0.489358,45.2229,1.1465,0.6198,0.051729,0.562577,0.375996,173,0.183947,1969.76,0.07142,0
314,13.3973,5887.32,5726.759,12246.09,-5.4919062634,0.460003,0.480223,47.1327,1.2068,0.7824,0.053093,0.554674,1.487792,195,0.193545,2034.3652,0.069833,0
315,13.44,5995.46,5870.4905,12644.53,-5.3546197017,0.365909,0.481193,44.6463,1.1334,0.5548,0.052947,0.542367,0.710918,170,0.19332,2062.0593,0.076547,0
316,13.4827,6087.0,5813.2276,12292.97,-6.4534340512,0.380709,0.411448,24.8344,1.2417,1.0037,0.064281,0.667782,-4.1765,194,0.189477,1999.4205,0.081431,0
317,13.5253,5985.82,5857.2059,12468.75,-6.0400836806,0.169062,0.444025,31.3883,1.1732,0.7244,0.058765,0.618221,1.280887,165,0.186057,1952.2478,0.077768,0
318,13.568,6075.2,5806.0444,12445.31,-6.1361991216,0.170628,0.434094,28.6347,1.1887,0.8338,0.060403,0.630485,-3.041036,167,0.19564,1955.4666,0.074228,0
319,13.6107,6137.33,5903.0995,12609.38,-6.5504081664,0.222416,0.405277,21.3178,1.1659,0.7631,0.065375,0.650683,-1.393571,172,0.176972,1939.4716,0.07728,0
320,13.6533,5902.92,5816.764,12246.09,-6.6325039937,0.318472,0.400852,22.8862,1.2468,0.9734,0.066169,0.648468,-0.57226,178,0.195741,1950.4782,0.07789,0
321,13.696,5919.18,5798.8879,12246.09,-6.0452882132,0.211967,0.440724,32.3004,1.1987,0.7718,0.059306,0.623772,-7.066963,170,0.183209,1996.074,0.072519,0
322,13.7387,5999.06,5740.4975,12375.0,-5.515910636,0.279688,0.48789,42.3262,1.1392,0.6083,0.051946,0.58522,0.369915,187,0.182876,2062.1785,0.066048,0
323,13.7813,5970.95,5850.0624,12421.88,-5.9143480707,0.48911,0.45312,35.0196,1.1863,0.696,0.057298,0.620938,-1.518997,185,0.184251,1865.7298,0.0796,0
324,13.824,6286.16,5957.7097,12726.56,-6.5922677634,0.268505,0.40947,21.9553,1.1509,0.7339,0.06463,0.660635,-6.472581,145,0.186564,2023.4319,0.088268,0
325,13.8667,6165.32,5867.7268,12726.56,-6.2492521362,0.246596,0.434463,26.3531,1.166,0.7547,0.060341,0.666521,-4.724284,172,0.181468,1971.9407,0.084971,0
326,13.9093,6120.26,5916.002,12632.81,-6.594352211,0.216516,0.408888,23.7104,1.1938,0.8523,0.064733,0.662138,-1.66952,158,0.186769,1904.6558,0.084849,0
327,13.952,5951.71,5834.6868,12328.12,-6.6908038155,0.26335,0.404133,23.4233,1.2392,0.9983,0.065579,0.661626,-3.950717,164,0.182356,1996.9085,0.080454,0
328,13.9947,5921.37,5880.4825,12644.53,-5.9490536882,0.187057,0.443953,30.6,1.1745,0.6706,0.058777,0.605315,-5.747087,190,0.18231,2028.6866,0.078012,0
329,14.0373,6065.04,5894.7231,12585.94,-6.1852798102,0.245537,0.424012,28.0234,1.1673,0.7299,0.062104,0.64613,-2.442512,184,0.18447,2089.8365,0.083384,0
330,14.08,6297.54,5901.0714,12726.56,-6.5966767821,0.347779,0.406928,22.4468,1.163,0.7832,0.06508,0.678785,-6.332221,171,0.184489,2103.6477,0.091198,0
331,14.1227,6294.6,5892.8344,12761.72,-6.5970704131,0.331493,0.409713,21.0902,1.1707,0.8199,0.064587,0.681384,-2.103374,188,0.176577,2120.6704,0.089733,0
332,14.1653,6204.63,5895.0473,12609.38,-6.7943844226,0.291111,0.395134,19.985,1.1944,0.8678,0.067209,0.687638,-5.646824,187,0.167799,2125.5264,0.091686,0
333,14.208,6108.2,5863.3756,12703.12,-6.6331094519,0.346404,0.40289,23.4921,1.2082,0.848,0.065802,0.666591,-1.236112,185,0.186037,1969.288,0.091564,0
334,14.2507,6044.73,5880.663,12527.34,-6.5505355872,0.317129,0.40944,22.8078,1.225,0.9037,0.064635,0.657111,-4.342763,169,0.185707,1970.7427,0.085826,0
335,14.2933,6020.97,5852.62,12445.31,-6.2215045585,0.218219,0.428186,26.7043,1.1798,0.7554,0.061395,0.643303,-2.361865,184,0.178686,1986.1459,0.087291,0
336,14.336,6095.35,5807.8241,12339.84,-6.3657188815,0.221485,0.42162,25.0641,1.1704,0.7938,0.062513,0.659852,-0.638479,170,0.195299,1875.5322,0.090343,0
337,14.3787,6033.41,5873.2887,12480.47,-6.9112661577,0.285542,0.38266,20.3471,1.2441,0.9883,0.069531,0.669467,-6.065424,169,0.190566,2101.5558,0.086681,0
338,14.4213,6181.21,5840.1236,12503.91,-6.3999555531,0.256152,0.42493,24.8736,1.1699,0.7774,0.061947,0.667779,-8.340838,159,0.186433,1956.5975,0.089977,0
339,14.464,6182.92,5752.4486,12375.0,-6.0013071057,0.308686,0.439365,30.1771,1.1624,0.7634,0.059529,0.651633,-1.751857,167,0.172844,2164.9527,0.089488,0
340,14.5067,6020.81,5764.9016,12375.0,-6.0260889129,0.254408,0.438027,30.0431,1.2092,0.8524,0.05975,0.626729,-5.88897,178,0.185114,1996.2378,0.083506,0
341,14.5493,6300.67,5867.6027,12585.94,-7.8121810433,0.277967,0.329243,13.4566,1.2596,1.2575,0.080414,0.721618,-4.234426,156,0.189752,2296.1994,0.088023,0
342,14.592,5974.62,5771.1473,12199.22,-5.8683960024,0.273323,0.454325,35.1649,1.1708,0.7158,0.057105,0.609409,-0.564981,191,0.187534,2039.8691,0.082896,0
343,14.6347,6031.7,5830.2803,12257.81,-6.1103433786,0.333998,0.43524,29.4802,1.1857,0.7973,0.060212,0.628717,-2.016423,175,0.184492,1916.934,0.07789,0
344,14.6773,6308.77,5887.004,12808.59,-6.2283820421,0.34978,0.435273,26.3909,1.1548,0.7362,0.060206,0.676626,-3.158471,162,0.178286,2011.5872,0.080942,0
345,14.72,5691.41,5690.4973,12117.19,-5.3881207952,0.168048,0.487895,53.348,1.2082,0.7654,0.051946,0.492938,1.704023,170,0.200929,2025.6255,0.067757,0
346,14.7627,5613.48,5652.195,12011.72,-5.2201850698,0.259589,0.491561,59.9761,1.1728,0.6406,0.051404,0.469328,1.961566,171,0.183364,2069.2321,0.058723,0
347,14.8053,5940.91,5911.497,12503.91,-6.3577631841,0.235891,0.420601,26.0226,1.2068,0.804,0.062688,0.633414,-3.629834,170,0.198107,2031.5232,0.066048,0
348,14.848,5813.37,5759.9406,11859.38,-6.0099378667,0.294422,0.437528,32.9435,1.2327,0.9377,0.059832,0.609948,-4.523625,154,0.18331,1969.0693,0.07435,0
349,14.8907,5864.05,5762.7047,12082.03,-6.0204249585,0.280473,0.442918,33.0425,1.2148,0.8347,0.058946,0.617054,-3.488994,188,0.178475,2047.8074,0.076059,0
350,14.9333,6132.15,5840.4189,12445.31,-6.2825498854,0.348641,0.430923,26.3877,1.213,0.8816,0.060933,0.660493,-1.274277,180,0.18714,1926.4665,0.081675,0
351,14.976,6158.32,5834.3829,12574.22,-6.4659570801,0.211111,0.416477,24.136,1.175,0.8369,0.063402,0.650124,-0.463722,183,0.184446,2151.3489,0.084605,0
352,15.0187,6134.18,5809.4118,12421.88,-6.8253291369,0.301082,0.393947,19.8173,1.1957,0.944,0.067427,0.682967,-3.407086,178,0.19236,2029.1237,0.085215,0
353,15.0613,6145.13,5801.5228,12410.16,-6.8305264454,0.269918,0.393576,20.9543,1.2393,1.0357,0.067495,0.698597,-3.143691,168,0.184184,2001.5857,0.091808,0
354,15.104,6211.9,5878.1389,12714.84,-6.6574569054,0.392174,0.397941,20.9732,1.1985,0.8717,0.066697,0.670852,-2.529535,174,0.194652,2097.0964,0.091198,0
355,15.1467,6249.87,5943.3991,12679.69,-7.2484083579,0.395403,0.362286,17.633,1.25,1.094,0.073491,0.706081,-3.486052,158,0.189438,2228.2217,0.089977,0
356,15.1893,6271.47,5895.0668,12738.28,-6.5424643518,0.344801,0.411284,21.7348,1.1786,0.8136,0.06431,0.679946,-6.462533,178,0.174244,2047.8906,0.091076,0
357,15.232,6157.54,5917.2444,12562.5,-6.5690088973,0.19013,0.407327,22.7521,1.1813,0.8073,0.065009,0.668793,-4.908565,163,0.180613,2043.5908,0.083995,0
358,15.2747,6016.68,5867.5089,12199.22,-6.7782909645,0.170269,0.388716,20.1601,1.2325,0.995,0.068395,0.65465,-5.532161,170,0.185148,2139.1955,0.08082,0
359,15.3173,6148.87,5843.9772,12457.03,-6.4240772091,0.261199,0.417817,23.713,1.1834,0.8263,0.063169,0.657864,-4.823823,164,0.183092,2037.9492,0.082896,0
360,15.36,5889.93,5708.6784,12035.16,-5.976227605,0.322528,0.449469,32.2261,1.1977,0.8477,0.057883,0.626027,-1.518168,166,0.186398,1954.5248,0.07789,0
361,15.4027,6050.71,5905.3912,12609.38,-6.5960352772,0.227844,0.40874,22.3119,1.2081,0.8494,0.064759,0.662232,-4.461417,168,0.189389,2008.135,0.080576,0
362,15.4453,6116.78,5866.9285,12398.44,-7.1809177652,0.245204,0.364931,17.4594,1.2583,1.123,0.072965,0.68044,-4.511458,163,0.179566,2049.8118,0.084849,0
363,15.488,6020.84,5880.0296,12339.84,-6.2233406019,0.274774,0.431172,26.4658,1.1785,0.7499,0.060892,0.629522,-5.04615,167,0.195933,1987.2499,0.086681,0
364,15.5307,6216.27,5974.3001,12726.56,-7.3722880149,0.261148,0.357121,15.8149,1.2106,0.9787,0.074531,0.70148,-4.346298,162,0.185549,2107.9684,0.08546,0
365,15.5733,6029.19,5778.15,12433.59,-5.672511474,0.229732,0.470778,40.1894,1.1704,0.697,0.054531,0.597632,-1.203453,167,0.183415,1969.7337,0.078501,0
366,15.616,5940.09,5793.4978,12281.25,-5.9481741538,0.249882,0.452818,32.2828,1.1909,0.7618,0.057346,0.630171,-5.276384,161,0.18249,1931.162,0.078257,0
367,15.6587,5851.99,5759.7281,12234.38,-5.8053131148,0.257704,0.455757,35.6544,1.1907,0.7615,0.056878,0.584528,-4.589708,188,0.17769,2002.7699,0.077768,0
368,15.7013,5786.51,5749.7119,12199.22,-5.4084351245,0.24248,0.486978,46.6604,1.1659,0.654,0.052082,0.539749,1.275448,164,0.1869,2089.1354,0.070321,0
369,15.744,6023.38,5776.3351,12433.59,-5.7640227958,0.352574,0.464961,36.464,1.1837,0.7324,0.055431,0.625226,0.300776,182,0.193088,1915.3854,0.071664,0
370,15.7867,5872.54,5857.1059,12363.28,-6.3016460758,0.308927,0.41979,26.3853,1.2334,0.8817,0.062828,0.629289,-5.687935,167,0.20368,1960.3459,0.080576,0
371,15.8293,6076.33,5802.2734,12351.56,-6.7449585847,0.22522,0.390133,21.8281,1.2211,0.9791,0.068131,0.659354,-2.563741,173,0.185055,2110.5757,0.082285,0
372,15.872,5973.28,5773.4987,12269.53,-6.5824710386,0.297553,0.407986,22.7876,1.2373,0.9786,0.064892,0.679336,-7.097074,187,0.1847,1921.1788,0.080576,0
373,15.9147,6099.39,5763.0851,12492.19,-5.4597079447,0.310868,0.492615,43.6675,1.1191,0.5539,0.051249,0.567036,0.827708,174,0.194309,1889.9813,0.071908,0
374,15.9573,5811.65,5740.0553,12140.62,-5.3136039876,0.386611,0.493631,50.9956,1.1588,0.6162,0.0511,0.513482,0.655922,194,0.184932,2053.0143,0.066414,0
375,16.0,6006.51,5861.0232,12433.59,-6.4363413227,0.29256,0.409756,23.9166,1.2216,0.8807,0.064579,0.652039,-3.06903,175,0.184792,2031.1654,0.079233,0
376,16.0427,6118.82,5849.4497,12609.38,-6.4388730361,0.31537,0.416725,23.8793,1.193,0.8377,0.063358,0.65285,-0.751798,174,0.176394,1996.298,0.077646,0
377,16.0853,5430.57,5594.6187,11355.47,-5.9058397846,0.169477,0.450779,42.8646,1.2706,1.0094,0.057673,0.546822,-1.538229,165,0.199434,1979.724,0.069222,0
378,16.128,5871.71,5669.2987,12105.47,-5.6862511471,0.320318,0.466271,40.9377,1.168,0.7315,0.055227,0.577596,-0.029846,171,0.1909,1950.0316,0.070321,0
379,16.1707,5970.04,5870.7318,12433.59,-6.4636100417,0.240442,0.404986,24.6017,1.2181,0.8468,0.065427,0.619642,-1.70202,155,0.202536,1962.6648,0.076914,0
380,16.2133,6147.32,5746.6978,12457.03,-6.2812013925,0.256867,0.432556,27.8477,1.1791,0.8349,0.06066,0.668412,-1.698972,153,0.19151,1976.8474,0.079722,0
381,16.256,5838.65,5777.9362,12257.81,-5.8931940639,0.344179,0.451062,34.4398,1.2148,0.8112,0.057627,0.5936,-0.980791,154,0.184847,2024.3081,0.079722,0
382,16.2987,5965.93,5827.8515,12339.84,-6.704921508,0.241226,0.395159,21.581,1.2452,1.0075,0.067205,0.649246,-2.443167,168,0.18379,2008.8048,0.079722,0
383,16.3413,5946.35,5764.8171,12363.28,-5.8319976502,0.206263,0.457298,33.3477,1.1809,0.7074,0.056634,0.608593,-2.150985,162,0.19352,1853.0165,0.076181,0
384,16.384,6090.96,5817.5395,12339.84,-6.4264744996,0.523796,0.413587,23.7376,1.2033,0.8875,0.063906,0.660061,-4.336293,183,0.190022,2160.3459,0.080332,0
385,16.4267,5995.69,5859.1446,12410.16,-6.9110365733,0.572087,0.380108,19.8323,1.2387,0.9956,0.070016,0.65761,-4.342794,169,0.184266,2056.5067,0.088756,0
386,16.4693,6262.08,5894.0913,12855.47,-6.8527961957,0.323135,0.390196,19.0983,1.191,0.8492,0.068119,0.702623,-5.085543,152,0.185272,2131.4105,0.093273,0
387,16.512,6330.78,5889.4967,12832.03,-7.1330691133,0.277033,0.369446,17.341,1.1948,0.9292,0.072075,0.708603,-3.099643,186,0.183268,2197.1225,0.088634,0
388,16.5547,6143.79,5898.2386,12691.41,-6.5983269726,0.272711,0.409215,23.9131,1.2034,0.8751,0.064675,0.677334,-0.846094,180,0.185499,2127.5375,0.0796,0
389,16.5973,6099.54,5823.3036,12562.5,-5.9361664398,0.269677,0.453811,32.6392,1.155,0.6868,0.057187,0.615388,0.732815,190,0.186209,2027.0388,0.077402,0
390,16.64,6059.37,5836.6239,12621.09,-6.0552730475,0.336394,0.443142,28.589,1.1585,0.6788,0.05891,0.628643,-4.840262,180,0.176811,1974.2112,0.07789,0
391,16.6827,5825.68,5699.1381,12292.97,-5.432946934,0.2218,0.480912,45.274,1.1494,0.5986,0.052989,0.546473,0.479114,174,0.182327,1903.2002,0.070687,0
392,16.7253,5849.99,5709.4338,12246.09,-5.6943010327,0.300846,0.459655,38.8009,1.1954,0.7131,0.056261,0.596518,-0.186852,172,0.194228,2016.1856,0.069711,0
393,16.768,6249.14,5915.6493,12738.28,-7.3879445501,0.285927,0.349877,16.6326,1.2004,0.9796,0.076014,0.688472,-7.018643,155,0.189161,2159.4784,0.08021,0
394,16.8107,6094.78,5787.0646,12574.22,-5.8636635373,0.194966,0.452863,34.4535,1.1227,0.5959,0.057339,0.607528,-2.366358,191,0.19331,1942.0535,0.083873,0
395,16.8533,5986.01,5795.3719,12351.56,-5.7160655669,0.235228,0.470087,38.2186,1.1677,0.6807,0.054637,0.589795,1.230988,177,0.182412,1972.5273,0.082652,0
396,16.896,6257.72,5901.4315,12632.81,-6.4103729461,0.175363,0.415873,23.1448,1.171,0.806,0.063507,0.663862,-3.361349,158,0.181128,1963.75,0.078867,0
397,16.9387,5888.34,5771.3134,12410.16,-5.2709119848,0.251595,0.501183,49.7817,1.1545,0.6065,0.050001,0.533986,1.753139,200,0.183768,1958.1943,0.06556,0
398,16.9813,5848.21,5793.1035,12375.0,-5.4333073788,0.372823,0.477759,45.1654,1.1662,0.629,0.053465,0.556767,0.59284,169,0.183166,1940.1038,0.067513,0
399,17.024,6223.51,5879.7046,12656.25,-7.0206928651,0.31773,0.37619,17.7458,1.2178,0.9658,0.070766,0.683442,-2.447919,159,0.202887,2041.921,0.078745,0
400,17.0667,5968.85,5712.9529,12210.94,-6.3841711571,0.262937,0.416152,25.0062,1.2091,0.8983,0.063458,0.646741,-0.737314,186,0.193492,1933.7234,0.082163,0
401,17.1093,6212.97,5893.2173,12738.28,-6.9672711584,0.412916,0.382101,19.0205,1.2359,0.9959,0.069637,0.697724,-2.854445,162,0.185457,2170.1461,0.088146,0
402,17.152,6014.5,5785.1755,12316.41,-6.0897099901,0.218372,0.442897,29.2396,1.1936,0.8041,0.05895,0.637342,-1.454564,172,0.19256,1906.8812,0.085093,0
403,17.1947,5945.64,5781.7231,12257.81,-6.4699069631,0.327333,0.409731,23.8889,1.2346,0.9778,0.064584,0.640837,-4.062869,162,0.187609,1982.2435,0.08375,0
404,17.2373,6093.79,5818.4674,12656.25,-6.6544412508,0.364922,0.401212,21.5295,1.2159,0.923,0.066104,0.667346,-2.094286,201,0.190438,2048.1063,0.085826,0
405,17.28,5986.04,5765.6762,12175.78,-5.750877554,0.243579,0.459282,35.9745,1.1514,0.6669,0.05632,0.602966,0.633685,169,0.18744,1997.3607,0.081309,0
406,17.3227,6147.27,5790.0785,12257.81,-6.6825675769,0.329528,0.396793,21.2011,1.207,0.954,0.066906,0.666184,-5.0185,177,0.186577,2061.0621,0.08546,0
407,17.3653,6256.81,5864.3701,12820.31,-6.6655099238,0.284222,0.402521,21.7441,1.1817,0.8494,0.065868,0.682824,-1.728508,186,0.185232,1964.1355,0.091076,0
408,17.408,6150.92,5907.4134,12714.84,-7.0228767759,0.343942,0.369278,18.4348,1.2477,1.0773,0.072108,0.674884,-3.090638,177,0.189099,2180.5317,0.084971,0
409,17.4507,5940.02,5816.7006,12375.0,-6.4508710731,0.385369,0.41652,25.5387,1.2103,0.8645,0.063394,0.643834,-1.309159,193,0.180822,1989.7498,0.078745,0
410,17.4933,5964.21,5814.659,12246.09,-6.5018429004,0.306732,0.411238,25.8565,1.2178,0.9399,0.064318,0.651448,-7.060586,169,0.181345,2130.6668,0.080454,0
411,17.536,6142.19,5843.4456,12515.62,-6.4204950813,0.370232,0.414796,23.74,1.1832,0.8086,0.063694,0.671074,-2.256966,187,0.185355,1935.9995,0.081187,0
412,17.5787,6041.62,5804.8182,12515.62,-5.8777471804,0.253619,0.456253,33.8097,1.1635,0.7094,0.056799,0.61519,-7.046837,160,0.189198,2024.8973,0.081065,0
413,17.6213,6045.98,5938.5479,12703.12,-6.3708851409,0.254233,0.412731,23.5541,1.1637,0.6658,0.064055,0.640919,-4.089942,189,0.184934,2021.338,0.085093,0
414,17.664,6021.26,5805.059,12398.44,-5.5206592451,0.251351,0.475577,40.6732,1.1441,0.6177,0.053797,0.575416,1.787288,200,0.190786,1874.2165,0.079477,0
415,17.7067,5894.36,5749.0602,12339.84,-5.8655413504,0.183419,0.455208,35.0006,1.1561,0.6652,0.056965,0.608603,-7.209694,188,0.185391,2040.9205,0.075815,0
416,17.7493,5949.77,5742.9257,12117.19,-5.7505392232,0.337377,0.46297,35.8113,1.154,0.7175,0.055741,0.573237,-5.574902,167,0.190665,1891.8232,0.077158,0
417,17.792,5911.48,5788.619,12164.06,-5.6995997234,0.357617,0.472364,36.7943,1.1557,0.6227,0.054287,0.596282,-1.097602,171,0.193393,1858.5636,0.075693,0
418,17.8347,6013.44,5827.0565,12480.47,-6.1244266675,0.262062,0.442811,29.0532,1.2071,0.8227,0.058964,0.634501,-6.88275,161,0.186439,2058.3231,0.082041,0
419,17.8773,6017.43,5903.4342,12398.44,-6.5547323909,0.280636,0.403476,23.024,1.2248,0.8981,0.065697,0.661033,-6.160773,155,0.186671,2055.7666,0.082408,0
420,17.92,6051.27,5813.3315,12609.38,-5.6272819813,0.250342,0.479499,38.1895,1.1341,0.5817,0.053202,0.590911,-1.925469,172,0.197502,1868.8909,0.074106,0
421,17.9627,5942.15,5766.3764,12398.44,-6.0162495885,0.297445,0.439995,29.956,1.2264,0.8771,0.059425,0.615669,0.343012,176,0.196071,2024.7766,0.076181,0
422,18.0053,5909.96,5839.8546,12328.12,-5.6477351946,0.256677,0.471024,39.8424,1.1613,0.6419,0.054493,0.541303,-6.498628,167,0.183131,1928.2118,0.073739,0
423,18.048,6106.47,5820.9832,12515.62,-5.5921058252,0.289896,0.468909,39.2574,1.1288,0.586,0.054819,0.583005,2.032253,171,0.182069,2027.8305,0.073251,0
424,18.0907,6088.94,5792.0661,12457.03,-6.0115276456,0.296842,0.441049,28.7682,1.1413,0.6664,0.059252,0.633455,-2.960705,199,0.192727,1953.836,0.081065,0
425,18.1333,5943.75,5854.4496,12585.94,-5.9948807681,0.3274,0.451254,33.4483,1.2009,0.7436,0.057596,0.627249,-2.473813,173,0.188894,1848.1457,0.081431,0
426,18.176,6139.37,5883.8652,12644.53,-6.11628541,0.361374,0.436999,26.8591,1.1943,0.7847,0.05992,0.649377,-2.118143,173,0.175736,2029.3311,0.081919,0
427,18.2187,5971.53,5804.1928,12468.75,-5.9217808515,0.403179,0.454767,33.2395,1.1709,0.6807,0.057035,0.614631,-3.117942,181,0.185449,1941.1282,0.078501,0
428,18.2613,5930.4,5880.799,12503.91,-5.9572211851,0.366457,0.432138,32.0953,1.2033,0.7693,0.06073,0.591798,-7.948481,174,0.19022,1979.6052,0.070932,0
429,18.304,5744.72,5629.0798,11789.06,-5.8592341918,0.318452,0.451481,37.4444,1.2561,0.9966,0.05756,0.589482,-7.915255,162,0.19675,1992.0328,0.070565,0
430,18.3467,5802.63,5704.3812,11964.84,-5.7701467346,0.228171,0.469359,40.7335,1.1908,0.7476,0.054749,0.575478,0.365643,184,0.189266,1926.2735,0.075204,0
431,18.3893,6137.96,5828.9194,12421.88,-6.1797756963,0.276877,0.437985,25.5796,1.1436,0.6801,0.059757,0.649681,-7.209081,167,0.190479,1892.7633,0.08021,0
432,18.432,6099.35,5820.9313,12375.0,-6.6567746029,0.291379,0.406854,22.2338,1.1854,0.8446,0.065094,0.674977,-6.502955,168,0.17584,2026.9279,0.081309,0
433,18.4747,5651.53,5790.9492,12035.16,-5.7389138965,0.18842,0.454402,38.7055,1.2159,0.746,0.057093,0.548661,-2.454498,156,0.197013,1862.5839,0.074228,0
434,18.5173,5974.91,5714.2465,12070.31,-5.8291293228,0.27768,0.448061,33.4617,1.1758,0.795,0.05811,0.594348,-8.149337,180,0.196488,2102.1618,0.082774,0
435,18.56,5973.18,5784.3381,12292.97,-6.3572926265,0.348552,0.421681,25.5417,1.2442,0.9599,0.062503,0.645592,-3.423359,168,0.187153,2012.71,0.085948,0
436,18.6027,5807.01,5701.0462,12128.91,-5.3620736383,0.171877,0.477648,49.3331,1.1655,0.6642,0.053482,0.515861,1.321018,183,0.195636,1977.2818,0.076059,0
437,18.6453,6206.79,5883.8957,12785.16,-6.1505667307,0.272546,0.443877,27.1755,1.1372,0.6125,0.05879,0.676688,-2.81912,165,0.191093,2025.2233,0.081309,0
438,18.688,5983.3,5757.2693,12222.66,-5.8046589296,0.303862,0.462791,35.1134,1.2014,0.809,0.055769,0.61601,-0.662653,154,0.179087,1875.682,0.075571,0
439,18.7307,5681.53,5707.8881,11671.88,-5.7530220264,0.327527,0.457261,39.3432,1.2352,0.9013,0.056639,0.54981,-6.350865,159,0.192985,1846.0024,0.069711,0
440,18.7733,5870.17,5767.9134,12082.03,-6.1665296479,0.215287,0.437911,29.1342,1.242,0.9151,0.059769,0.629341,-1.23964,168,0.210831,1925.8436,0.077036,0
441,18.816,6025.08,5839.4046,12433.59,-5.8690286863,0.280531,0.446971,31.9832,1.1734,0.7199,0.058287,0.618889,-5.028109,198,0.191468,2013.5979,0.078867,0
442,18.8587,6209.93,5843.5467,12644.53,-6.5033416118,0.227068,0.415543,22.4965,1.1734,0.7878,0.063564,0.672341,-1.256392,160,0.190321,2018.1373,0.085826,0
443,18.9013,6051.59,5770.5331,12351.56,-6.3521964642,0.243133,0.42273,26.6185,1.1952,0.859,0.062323,0.654153,-2.447868,193,0.193846,2082.3832,0.08082,0
444,18.944,5763.61,5662.0447,11824.22,-5.8044253921,0.225633,0.456628,38.0771,1.2241,0.8705,0.05674,0.60158,0.207422,197,0.186097,1986.7885,0.073495,0
445,18.9867,5983.65,5707.5084,12152.34,-6.3353651322,0.32127,0.428405,26.839,1.222,0.9537,0.061358,0.651579,-1.026568,182,0.192207,1927.0174,0.078867,0
446,19.0293,6114.74,5729.3388,12363.28,-6.1512261016,0.317281,0.435468,27.4065,1.1897,0.852,0.060174,0.653086,-2.511328,153,0.179116,1959.4374,0.079355,0
447,19.072,5880.67,5727.274,12117.19,-5.934686735,0.30944,0.447942,33.3606,1.2193,0.8391,0.05813,0.621346,-1.797957,163,0.193171,1974.0083,0.072885,0
448,19.1147,5829.82,5745.9578,12000.0,-5.7513343659,0.228471,0.458539,37.3456,1.191,0.7389,0.056437,0.579796,-8.707463,170,0.196375,1949.1053,0.070565,0
449,19.1573,5900.6,5797.0396,12304.69,-5.8746839992,0.196399,0.45227,33.2466,1.201,0.7816,0.057434,0.60876,-7.164003,173,0.184231,2019.161,0.066903,0
450,19.2,5679.39,5611.3926,11765.62,-5.3089886864,0.265472,0.486118,56.9501,1.2244,0.8188,0.05221,0.498742,2.198381,171,0.189346,2034.921,0.05677,0
451,19.2427,5713.51,5697.9361,11824.22,-5.7919904418,0.372845,0.465271,42.0212,1.2614,0.9596,0.055382,0.570044,1.058324,184,0.185225,2000.2013,0.067147,0
452,19.2853,5843.29,5823.7925,12175.78,-6.2469882505,0.306553,0.429424,29.6373,1.2364,0.9038,0.061186,0.606461,-8.775141,178,0.192424,1950.6946,0.084361,0
453,19.328,6176.84,5827.6573,12468.75,-6.0601828506,0.26997,0.44072,28.9069,1.1661,0.7352,0.059306,0.661544,-1.225084,153,0.19093,2008.3356,0.086681,0
454,19.3707,5965.59,5744.3684,12199.22,-5.9423883565,0.406595,0.445615,31.7577,1.1808,0.7845,0.058507,0.613819,-7.361178,166,0.192832,1891.7982,0.080332,0
455,19.4133,5967.99,5769.492,12328.12,-5.1614582509,0.277339,0.500015,51.9874,1.1099,0.526,0.05017,0.514219,2.36696,176,0.193836,1958.5447,0.067147,0
456,19.456,5897.46,5709.8171,12164.06,-5.8875714222,0.286751,0.452722,37.0584,1.177,0.7694,0.057361,0.603752,-0.494263,179,0.18766,1969.2806,0.066292,0
457,19.4987,5931.04,5829.102,12386.72,-6.0097807518,0.240104,0.442877,29.8421,1.196,0.7389,0.058953,0.613656,-3.048546,179,0.18683,1912.0059,0.073007,0
458,19.5413,5942.3,5777.1464,12339.84,-5.5177987218,0.272151,0.476126,39.4696,1.1727,0.6672,0.053713,0.583382,0.974454,186,0.195211,1951.3755,0.072641,0
459,19.584,5933.44,5713.9534,12152.34,-5.6021228002,0.351387,0.472472,39.6053,1.1827,0.7589,0.054271,0.579555,0.202721,197,0.193772,1972.2315,0.077402,0
460,19.6267,5812.43,5710.6514,11894.53,-5.7014771677,0.258071,0.468783,42.1818,1.1946,0.7917,0.054838,0.574772,0.412834,170,0.183172,1958.1923,0.069833,0
461,19.6693,5857.26,5774.5729,12316.41,-5.2143844989,0.283871,0.498991,55.1912,1.144,0.5773,0.050318,0.497355,1.1264,164,0.18154,1929.3335,0.057502,0
462,19.712,5803.29,5773.1502,12386.72,-5.5532345206,0.270797,0.472449,42.0285,1.1897,0.6812,0.054274,0.558012,2.574085,166,0.188264,1892.6038,0.064461,0
463,19.7547,6043.53,5923.4611,12703.12,-6.5573258923,0.344978,0.408194,21.9058,1.1901,0.7843,0.064856,0.648668,-4.391498,168,0.186235,2088.2722,0.069344,0
464,19.7973,5772.46,5752.7433,12351.56,-5.3137736168,0.324606,0.492998,49.8711,1.1638,0.5888,0.051192,0.531411,1.987877,170,0.190089,1970.3146,0.06617,0
465,19.84,5791.49,5702.7716,12164.06,-5.5448593448,0.317137,0.469527,41.5234,1.2041,0.7717,0.054723,0.553757,-5.929633,193,0.184555,2045.6103,0.073739,0
466,19.8827,6109.2,5850.4595,12503.91,-6.4012715869,0.32606,0.407642,21.7315,1.1849,0.7778,0.064954,0.661234,-3.001285,177,0.204615,2023.1883,0.081187,0
467,19.9253,5976.16,5818.1326,12421.88,-5.9474223681,0.342728,0.447069,32.4672,1.2065,0.7539,0.058271,0.613857,-2.206046,145,0.194083,1853.6696,0.073984,0
468,19.968,5706.78,5694.6481,12011.72,-5.9033277135,0.404207,0.449555,34.0177,1.2539,0.9368,0.05787,0.60348,-6.651532,156,0.191008,1882.4476,0.073495,0
469,20.0107,5961.2,5791.1366,12398.44,-6.154245604,0.301761,0.425235,26.8955,1.1959,0.7714,0.061895,0.659579,-5.428323,175,0.188571,2018.8035,0.086558,0
470,20.0533,6218.44,5897.6986,12714.84,-6.1883523166,0.261104,0.429446,25.4477,1.1444,0.6734,0.061182,0.658201,-3.633333,182,0.191049,2040.3902,0.08607,0
471,20.096,6033.66,5792.3485,12480.47,-5.9774698807,0.262075,0.448536,32.6808,1.1772,0.7445,0.058034,0.605079,-4.472554,177,0.191243,2026.2849,0.08253,0
472,20.1387,5925.96,5813.6884,12328.12,-6.4869364763,0.32094,0.411838,25.0115,1.2505,0.9761,0.064212,0.659163,-7.568184,148,0.18593,1963.9034,0.081065,0
473,20.1813,5800.5,5752.5521,12128.91,-6.2322014804,0.427712,0.429161,28.7344,1.2596,1.0141,0.06123,0.63668,-6.800338,188,0.183248,1938.5227,0.074716,0
474,20.224,5717.74,5781.3661,12175.78,-6.255831043,0.396756,0.418849,27.2158,1.2657,0.9513,0.06299,0.609655,-8.408311,161,0.187373,1941.1542,0.079111,0
475,20.2667,5933.89,5774.9204,12210.94,-5.8289676375,0.335894,0.457801,34.3464,1.1978,0.7562,0.056554,0.61203,0.138247,187,0.19756,1947.3431,0.07435,0
476,20.3093,5926.13,5750.8942,12304.69,-5.6848623367,0.247574,0.465197,41.8466,1.1659,0.6677,0.055394,0.590372,0.412404,157,0.184675,2025.0804,0.075693,0
477,20.352,6194.98,5913.4843,12644.53,-7.3331438633,0.324195,0.352748,17.4829,1.2382,1.1281,0.075423,0.689154,-5.397212,194,0.191677,2264.2479,0.084849,0
478,20.3947,5978.07,5782.415,12316.41,-6.1272526167,0.283334,0.43542,30.798,1.206,0.8616,0.060182,0.627135,-7.055876,169,0.189067,2058.1744,0.083873,0
479,20.4373,5945.97,5792.6549,12433.59,-5.465603961,0.410446,0.472129,41.2387,1.1794,0.6728,0.054323,0.575311,0.774458,183,0.186653,2009.5279,0.077768,0
480,20.48,6185.03,5877.8918,12738.28,-6.0679043825,0.332128,0.437571,27.6724,1.1635,0.6991,0.059825,0.656562,-1.128199,177,0.190776,1975.9378,0.080698,0
481,20.5227,5926.14,5752.7209,12328.12,-6.0922197204,0.384134,0.441442,30.2778,1.2408,0.8936,0.059188,0.638323,-0.460348,169,0.186302,1886.1395,0.079722,0
482,20.5653,5977.05,5758.6502,12304.69,-6.109791966,0.361238,0.435413,31.4731,1.1964,0.8385,0.060183,0.629495,-4.581605,172,0.192783,1971.7386,0.07667,0
483,20.608,6028.97,5791.4307,12445.31,-5.6406671983,0.197167,0.478036,40.6329,1.144,0.6178,0.053423,0.599407,-0.613457,161,0.188835,1886.3496,0.07496,0
484,20.6507,6063.46,5808.1697,12574.22,-6.2510928226,0.206467,0.429781,26.7965,1.1972,0.8441,0.061126,0.637901,-2.245759,187,0.177249,2048.0042,0.075327,0
485,20.6933,6179.4,5890.5346,12585.94,-6.693813834,0.335469,0.398726,22.6196,1.1942,0.8413,0.066554,0.673082,-5.352832,170,0.181727,2088.7804,0.083384,0
486,20.736,6133.99,5770.071,12351.56,-6.590139184,0.261965,0.408833,23.531,1.2013,0.9433,0.064742,0.680706,-3.134925,152,0.186426,1984.3619,0.086681,0
487,20.7787,6225.17,5868.2205,12445.31,-6.3136486326,0.365291,0.425268,24.5293,1.1726,0.7818,0.06189,0.674051,-2.604003,172,0.182813,1961.0615,0.087291,0
488,20.8213,6172.95,5934.2119,12703.12,-6.3476688883,0.355166,0.423635,23.8258,1.1996,0.7933,0.062168,0.655064,-5.191201,191,0.178726,1968.4676,0.08082,0
489,20.864,6043.06,5768.4229,12351.56,-5.4239158915,0.330345,0.485226,43.4188,1.1315,0.5891,0.052343,0.572802,1.453055,174,0.176668,1946.9613,0.076547,0
490,20.9067,6088.28,5811.9823,12574.22,-5.9131751253,0.341079,0.45725,31.6073,1.1566,0.6542,0.056641,0.64168,-5.966263,175,0.181527,1838.4282,0.079233,0
491,20.9493,5918.1,5825.6275,12351.56,-6.4609814049,0.406801,0.410506,23.2092,1.2313,0.9106,0.064447,0.647204,-3.662267,170,0.190969,2084.4069,0.082408,0
492,20.992,6214.87,5898.8884,12597.66,-7.1755120668,0.206686,0.367798,17.5063,1.2315,1.0515,0.072398,0.696139,-2.582351,167,0.18699,2086.2959,0.088512,0
493,21.0347,6034.46,5821.5201,12328.12,-5.7445605266,0.290572,0.461344,35.0074,1.1615,0.6937,0.055996,0.618709,-1.078007,172,0.187913,1927.269,0.081431,0
494,21.0773,5975.66,5784.559,12433.59,-5.6391042263,0.309483,0.474262,39.0448,1.1443,0.6179,0.053997,0.582863,-0.267835,182,0.1818,1937.4443,0.071298,0
495,21.12,6004.3,5822.6574,12515.62,-5.5803652791,0.268585,0.472912,39.3297,1.1147,0.522,0.054203,0.585517,-0.820232,188,0.18419,1902.2041,0.070565,0
496,21.1627,5817.04,5808.0298,12433.59,-5.7552399077,0.27329,0.457177,35.155,1.1818,0.6761,0.056653,0.567848,-7.450388,185,0.18231,1830.9632,0.072885,0
497,21.2053,6217.1,5932.9247,12796.88,-6.5926091401,0.281851,0.409943,22.3624,1.1809,0.7806,0.064546,0.683913,-4.555701,189,0.188716,2111.0506,0.07789,0
498,21.248,5867.46,5677.1359,12023.44,-5.8447822583,0.341724,0.452965,35.3592,1.2357,0.9373,0.057323,0.613888,0.964694,171,0.191744,1985.1607,0.078989,0
499,21.2907,6033.19,5836.4999,12410.16,-6.7784053527,0.274709,0.387275,21.7017,1.2406,1.0118,0.068663,0.678612,-5.204132,185,0.189278,2053.4396,0.081675,0
500,21.3333,6030.49,5825.1109,12457.03,-5.5602224698,0.260555,0.483597,43.018,1.1206,0.5339,0.052586,0.568321,0.82479,163,0.198949,1922.7636,0.075693,0
501,21.376,5967.74,5899.4732,12691.41,-5.3087435861,0.303428,0.485729,47.7962,1.128,0.5141,0.052268,0.555298,-0.21228,169,0.179777,1996.3754,0.071664,0
502,21.4187,6072.45,5840.0174,12410.16,-6.0502745588,0.402416,0.441778,29.3189,1.1958,0.7984,0.059133,0.634628,-3.067732,185,0.187327,1916.9582,0.076914,0
503,21.4613,5872.69,5777.0187,12316.41,-6.2497525723,0.331038,0.422839,26.4908,1.2192,0.8434,0.062304,0.636903,-2.573512,155,0.182841,1920.0785,0.081187,0
504,21.504,6157.9,5862.005,12726.56,-6.2449496145,0.341405,0.424202,26.0578,1.1805,0.7907,0.062071,0.648521,-6.337805,157,0.192352,1892.775,0.081919,0
505,21.5467,5901.53,5830.7885,12140.62,-6.7477292031,0.237936,0.389381,21.5978,1.2669,1.0584,0.068271,0.642228,-3.466328,174,0.184983,1993.9384,0.081187,0
506,21.5893,5916.62,5876.2218,12246.09,-6.9818971124,0.23693,0.369121,19.0646,1.2576,1.0596,0.072139,0.652551,-3.694632,169,0.189071,2041.8502,0.083262,0
507,21.632,5928.76,5684.499,11976.56,-5.786670229,0.222595,0.46409,36.9542,1.2145,0.8824,0.055566,0.587324,0.373411,167,0.190289,1982.4954,0.076914,0
508,21.6747,6066.45,5790.9635,12410.16,-6.3750386019,0.298488,0.427811,25.3903,1.1919,0.8584,0.061458,0.65135,-4.904396,132,0.191778,1956.6664,0.075815,0
509,21.7173,6125.75,5839.8449,12515.62,-6.6843150637,0.146867,0.398229,21.293,1.1563,0.791,0.066645,0.661993,-3.296392,173,0.190661,1950.2787,0.08375,0
510,21.76,6175.93,5941.8658,12738.28,-6.9577067473,0.267501,0.378131,18.6231,1.1984,0.9251,0.070393,0.690956,-4.131307,153,0.179214,2055.3958,0.087047,0
511,21.8027,6114.82,5878.3197,12609.38,-6.5575751534,0.243255,0.401476,23.4284,1.2026,0.8867,0.066057,0.660855,-2.656336,174,0.186585,1960.5003,0.084605,0
512,21.8453,6012.45,5784.0422,12527.34,-5.9662034995,0.266059,0.445642,30.6854,1.1422,0.6376,0.058502,0.599143,-1.200251,201,0.175955,1941.2591,0.083384,0
513,21.888,6009.21,5830.3591,12410.16,-6.5889798188,0.369072,0.409217,23.1087,1.2319,0.9303,0.064674,0.669513,-8.873642,155,0.19704,1924.1698,0.089977,0
514,21.9307,6057.84,5793.841,12433.59,-6.4679944978,0.265875,0.43001,24.2665,1.2035,0.848,0.061087,0.676946,-5.688375,152,0.176614,1902.7308,0.085582,0
515,21.9733,5842.78,5857.798,12421.88,-6.0343426686,0.335787,0.433977,32.894,1.2229,0.7716,0.060422,0.602687,-6.284387,166,0.184144,1949.9115,0.075571,0
516,22.016,6166.23,5883.1614,12691.41,-6.7462378709,0.264894,0.392228,20.7311,1.2107,0.8834,0.067744,0.687157,-3.220618,170,0.201017,2051.4885,0.074716,0
517,22.0587,6012.24,5811.7174,12468.75,-6.4341692711,0.290764,0.421773,25.4919,1.224,0.8814,0.062487,0.656633,-4.057592,175,0.187245,1913.2628,0.081309,0
518,22.1013,5893.73,5853.3942,12386.72,-6.3520695629,0.293601,0.422336,28.6584,1.2172,0.8495,0.06239,0.625669,-5.159534,174,0.178934,2016.39,0.086558,0
519,22.144,6166.57,5907.4834,12761.72,-6.8164392894,0.379164,0.388967,19.4254,1.1663,0.7768,0.068348,0.682475,-4.542039,172,0.184152,2062.5537,0.081675,0
520,22.1867,5995.98,5846.9744,12386.72,-5.8427761766,0.250108,0.458615,33.1917,1.1519,0.6277,0.056425,0.616142,-7.765145,158,0.179943,1793.5752,0.07728,0
521,22.2293,5888.98,5694.6471,11953.12,-5.6366089346,0.385208,0.465834,37.794,1.1847,0.7734,0.055295,0.580489,-8.209777,179,0.181452,2006.3587,0.078501,0
522,22.272,6267.55,5983.8318,12761.72,-6.975961973,0.444221,0.377842,17.4191,1.2169,0.9278,0.070448,0.684329,-2.790075,176,0.187469,2106.1077,0.085338,0
523,22.3147,6100.61,5860.7648,12597.66,-6.8084011057,0.285152,0.383893,20.4332,1.2388,0.9985,0.069298,0.659136,-1.12506,166,0.181891,1992.1637,0.082408,0
524,22.3573,5853.48,5778.2925,12152.34,-6.2685521373,0.207883,0.426759,28.2461,1.2309,0.9245,0.061636,0.616427,-4.846674,176,0.194087,1961.5387,0.07667,0
525,22.4,6001.87,5782.253,12175.78,-6.6922263374,0.226548,0.397569,21.1872,1.2372,1.015,0.066765,0.666632,-3.714722,176,0.184671,2027.25,0.077402,0
526,22.4427,6019.58,5875.3385,12574.22,-6.3960271882,0.223067,0.410121,25.0026,1.2104,0.827,0.064515,0.644695,-4.059823,148,0.179338,2053.4174,0.082408,0
527,22.4853,6070.78,5823.2592,12492.19,-6.5468542265,0.457486,0.401052,24.1324,1.2268,0.9651,0.066133,0.657768,-3.458245,186,0.187847,1952.1937,0.084971,0
528,22.528,5995.96,5734.8214,12316.41,-5.9660111366,0.232694,0.448267,31.4636,1.176,0.7679,0.058077,0.633449,-2.689262,186,0.189541,2083.4281,0.078501,0
529,22.5707,6209.17,5930.9816,12796.88,-6.2119130776,0.193125,0.43401,27.8759,1.1239,0.5867,0.060417,0.649585,-2.157342,167,0.177776,1901.044,0.076914,0
530,22.6133,6034.01,5846.7407,12703.12,-5.8667423505,0.295353,0.455637,32.7917,1.1157,0.5218,0.056897,0.605671,0.063367,191,0.187214,1933.2298,0.078745,0
531,22.656,5725.73,5680.9655,11988.28,-5.7206340464,0.246032,0.468177,40.7286,1.2109,0.7908,0.054932,0.577618,-0.327366,148,0.181866,1834.0158,0.078867,0
532,22.6987,5995.19,5683.6743,12152.34,-5.2897015546,0.207393,0.488288,48.0401,1.1186,0.5978,0.051887,0.545103,2.074717,188,0.187333,1829.6507,0.076425,0
533,22.7413,5869.51,5723.261,12093.75,-5.9531761904,0.252769,0.452966,34.3858,1.2075,0.8392,0.057322,0.617677,-0.701549,189,0.184488,1912.4427,0.075327,0
534,22.784,6034.69,5751.8162,12187.5,-6.4038109987,0.334617,0.427059,26.1805,1.1982,0.8776,0.061585,0.662486,-4.899352,178,0.173434,1915.7634,0.078867,0
535,22.8267,6103.96,5752.8446,12468.75,-6.4782864605,0.352425,0.419483,25.1546,1.22,0.9422,0.062881,0.6834,-2.33548,174,0.190175,2028.451,0.081797,0
536,22.8693,6000.31,5776.9603,12433.59,-6.028218548,0.535836,0.435487,29.5818,1.2136,0.8221,0.060171,0.607133,-0.171644,162,0.187579,2033.371,0.081919,0
537,22.912,6138.77,5882.0784,12363.28,-7.079363108,0.312618,0.368915,18.9128,1.2371,1.0486,0.072179,0.685126,-3.605405,164,0.199164,2140.6285,0.086803,0
538,22.9547,5975.57,5801.1263,12421.88,-5.5606792787,0.423379,0.47831,42.1282,1.1727,0.6729,0.053382,0.579439,0.287803,173,0.194676,1964.294,0.079355,0
539,22.9973,5638.62,5775.7702,11964.84,-5.5667282249,0.229086,0.477579,49.5657,1.2413,0.7993,0.053492,0.526781,0.893556,185,0.188428,2055.0841,0.067635,0
540,23.04,5819.79,5746.1298,12269.53,-5.5050518256,0.360771,0.470645,42.1124,1.1925,0.703,0.054551,0.548801,-1.241373,161,0.185112,1897.1747,0.064949,0
541,23.0827,6029.15,5740.7633,12292.97,-5.5748138755,0.21658,0.474081,41.2545,1.142,0.6536,0.054025,0.588186,-1.249231,165,0.189239,1943.928,0.074594,0
542,23.1253,5845.44,5673.9604,12000.0,-6.0736567129,0.225432,0.43718,31.9764,1.2184,0.8894,0.05989,0.643185,-1.252696,185,0.188118,1874.1509,0.081553,0
543,23.168,5920.75,5730.1374,12152.34,-6.017704884,0.18726,0.44339,33.0951,1.207,0.8491,0.058869,0.610753,-8.980941,180,0.18896,1932.2661,0.0796,0
544,23.2107,5913.55,5788.9092,12316.41,-5.7343550722,0.217065,0.460368,36.914,1.1871,0.6795,0.056149,0.602409,-0.940213,173,0.188399,1827.5234,0.08082,0
545,23.2533,5920.9,5637.4659,11835.94,-6.2703918286,0.369466,0.425357,28.7877,1.2158,0.959,0.061874,0.647067,-5.760046,168,0.188951,1929.3685,0.080698,0
546,23.296,6170.62,5863.315,12703.12,-6.3337047569,0.407349,0.420721,23.8245,1.1612,0.7291,0.062668,0.662161,-6.648778,165,0.198707,1934.141,0.087657,0
547,23.3387,6059.71,5879.985,12386.72,-6.7954444298,0.30733,0.386479,19.4401,1.2099,0.9066,0.068812,0.660758,-2.741998,190,0.186587,2147.9368,0.089488,0
548,23.3813,6168.3,5880.5106,12703.12,-6.4107824064,0.24564,0.415974,24.5646,1.1735,0.7978,0.063489,0.646444,-4.332757,180,0.173993,2062.8294,0.078867,0
549,23.424,5966.79,5834.5605,12410.16,-6.0139426782,0.341239,0.441591,30.0796,1.1944,0.7225,0.059163,0.630437,-6.044844,155,0.182437,1883.9433,0.078623,0
550,23.4667,6032.9,5852.6111,12363.28,-5.5514590575,0.162759,0.474769,40.3653,1.108,0.4985,0.05392,0.563279,-7.853565,166,0.180037,1910.2676,0.075693,0
551,23.5093,5847.91,5767.9232,12339.84,-5.5753730646,0.388712,0.464417,40.1458,1.1818,0.6792,0.055515,0.551986,-11.265106,163,0.184313,1988.0418,0.071908,0
552,23.552,6163.53,5921.3517,12785.16,-6.0066538465,0.22023,0.445212,27.9659,1.1618,0.6802,0.058572,0.646953,-4.892123,190,0.188414,1947.248,0.079844,0
553,23.5947,6001.6,5865.4645,12656.25,-6.0998690575,0.152033,0.432541,28.0987,1.1747,0.6956,0.060662,0.616131,-3.450247,178,0.181901,1951.0353,0.079355,0
554,23.6373,5882.67,5762.5758,12269.53,-5.853556815,0.297436,0.452017,35.51,1.1964,0.7609,0.057474,0.600059,-6.644446,183,0.186541,1877.28,0.073617,0
555,23.68,5937.33,5839.9168,12187.5,-6.4940964073,0.227909,0.408638,23.7642,1.237,0.943,0.064777,0.637554,-6.518618,177,0.177429,1919.1088,0.076425,0
556,23.7227,5976.2,5868.2213,12410.16,-6.3197023911,0.186631,0.42006,28.0033,1.1876,0.7414,0.062781,0.63828,-6.138347,171,0.186986,1953.288,0.076425,0
557,23.7653,6102.93,5699.5663,12292.97,-6.0912381255,0.320847,0.443424,29.7295,1.1797,0.8416,0.058863,0.641135,-1.074568,188,0.190474,2034.2695,0.078135,0
558,23.808,6243.35,5828.8655,12750.0,-6.3654251727,0.246917,0.422559,23.0953,1.127,0.6965,0.062352,0.648361,-1.142621,169,0.185279,2059.6429,0.086925,0
559,23.8507,5993.16,5914.3014,12410.16,-6.74763547,0.240283,0.400975,21.8278,1.2228,0.8911,0.066147,0.658878,-5.60552,163,0.181897,2025.1449,0.09132,0
560,23.8933,6052.36,5755.2712,12339.84,-6.4543206775,0.261351,0.415082,25.3782,1.2041,0.8802,0.063644,0.662109,-3.762656,182,0.173211,2031.5946,0.087169,0
561,23.936,5953.7,5714.9095,12363.28,-5.5876414311,0.362484,0.478701,41.0399,1.1696,0.6785,0.053323,0.578357,-6.949403,188,0.192569,1800.95,0.074472,0
562,23.9787,5852.42,5736.7278,12093.75,-6.6423364171,0.277948,0.404142,22.7373,1.2672,1.0372,0.065578,0.664906,-3.64295,179,0.19486,2017.207,0.074472,0
563,24.0213,5923.61,5773.2581,12246.09,-5.9608050847,0.263938,0.443888,31.5475,1.2113,0.8174,0.058788,0.620856,0.926664,194,0.18914,1970.5884,0.078501,0
564,24.064,6072.12,5827.1389,12726.56,-5.9188190435,0.312146,0.454692,30.5307,1.1728,0.684,0.057047,0.642874,-6.986386,149,0.190939,1912.7509,0.081431,0
565,24.1067,6125.17,5845.4857,12703.12,-6.6563227639,0.265466,0.403147,22.3862,1.2089,0.9251,0.065756,0.669905,-5.199511,156,0.184916,2052.6398,0.087657,0
566,24.1493,6256.77,5842.4144,12726.56,-6.1799154542,0.279838,0.431775,26.7942,1.1407,0.657,0.06079,0.66403,-0.240924,197,0.186854,2011.9175,0.092419,0
567,24.192,6152.23,5853.5411,12621.09,-6.535717005,0.412793,0.401151,22.2446,1.2029,0.8866,0.066115,0.671453,-3.180506,164,0.188847,2078.2627,0.092785,0
568,24.2347,6089.88,5885.766,12386.72,-6.4536928814,0.234938,0.420031,26.4218,1.2218,0.9185,0.062786,0.662009,-1.431638,163,0.175509,1933.2184,0.084849,0
569,24.2773,5958.95,5795.9908,12210.94,-6.7093291365,0.403206,0.395526,20.9779,1.2602,1.0497,0.067137,0.669223,-5.252417,157,0.182971,1980.892,0.076303,0
570,24.32,5437.04,5576.8492,11367.19,-5.4488774115,0.396427,0.474875,55.0146,1.2478,0.8873,0.053903,0.487954,1.728336,184,0.200298,2051.4949,0.067025,0
571,24.3627,6038.02,5686.5751,12222.66,-5.3459007642,0.200181,0.497102,47.013,1.11,0.5745,0.050592,0.551241,1.528479,175,0.197518,1835.1086,0.071298,0
572,24.4053,6046.71,5895.1424,12410.16,-7.0872831709,0.405084,0.372773,18.6494,1.2681,1.0924,0.071426,0.678259,-3.722275,173,0.199808,2043.2249,0.081675,0
573,24.448,6049.36,5819.7107,12445.31,-5.8114661414,0.353258,0.448455,32.6911,1.151,0.6917,0.058047,0.566085,-9.326007,174,0.187689,1808.7384,0.083873,0
574,24.4907,5948.92,5796.6819,12292.97,-6.7654060272,0.326812,0.399065,22.6956,1.2475,1.035,0.066493,0.665965,-4.317081,170,0.187274,2064.2879,0.081187,0
575,24.5333,5924.28,5683.3211,12128.91,-5.8790781654,0.407628,0.443123,34.5373,1.1945,0.8748,0.058913,0.608281,-3.46639,185,0.184732,2055.4644,0.075082,0
576,24.576,5879.78,5692.693,12000.0,-5.7514130645,0.233383,0.462439,37.4124,1.2001,0.8442,0.055824,0.601957,-0.508525,182,0.190974,1888.723,0.075815,0
577,24.6187,6032.66,5758.6132,12292.97,-6.1192734988,0.305382,0.437059,29.3844,1.1925,0.8423,0.05991,0.645067,-2.498462,173,0.185767,2019.2387,0.080332,0
578,24.6613,6110.54,5799.8681,12410.16,-6.5152048339,0.200712,0.416661,24.5066,1.1724,0.8094,0.06337,0.673176,-7.652206,161,0.185188,2061.2505,0.0796,0
579,24.704,5903.98,5785.0976,12339.84,-5.9584480261,0.271478,0.449332,33.7029,1.1813,0.744,0.057906,0.60322,-3.971514,149,0.189074,2043.6604,0.072519,0
580,24.7467,5785.62,5670.7559,12000.0,-5.5726929964,0.306523,0.485058,46.729,1.1976,0.7692,0.052368,0.559967,-0.607324,163,0.18691,1880.5213,0.069344,0
581,24.7893,5821.19,5656.997,11964.84,-5.648529836,0.225944,0.470614,40.3877,1.2232,0.8728,0.054556,0.588194,-0.671555,162,0.189905,1919.913,0.075204,0
582,24.832,6158.89,5807.3441,12457.03,-6.3484053441,0.264452,0.421827,25.6097,1.1945,0.8654,0.062478,0.665657,-3.964019,166,0.196385,2039.361,0.079233,0
583,24.8747,5897.43,5865.5472,12246.09,-6.7977003935,0.284061,0.381677,21.7021,1.2515,1.0196,0.069717,0.646479,-4.69241,167,0.187027,2151.5281,0.077524,0
584,24.9173,5951.12,5808.7303,12246.09,-6.8273320691,0.301635,0.382297,20.5005,1.2636,1.1027,0.0696,0.66029,-2.889933,172,0.189305,2096.0826,0.075815,0
585,24.96,6237.92,5815.8556,12574.22,-6.15932804,0.319288,0.43469,28.0953,1.1557,0.7508,0.060303,0.656655,-1.585805,188,0.201649,1940.4763,0.083628,0
586,25.0027,6161.3,5855.9619,12750.0,-6.6295381821,0.373141,0.4009,21.6288,1.1848,0.8194,0.066161,0.678444,-3.07894,155,0.180389,2092.3031,0.084483,0
587,25.0453,6107.74,5766.0763,12363.28,-5.7764030949,0.314207,0.456427,33.1371,1.1609,0.7367,0.056771,0.614508,-0.873399,177,0.187255,1979.8202,0.076059,0
588,25.088,5984.55,5774.9379,12363.28,-5.4564658116,0.397489,0.480413,41.5293,1.1293,0.5648,0.053064,0.548972,1.199601,167,0.182945,1992.2271,0.073862,0
589,25.1307,6093.61,5790.3498,12386.72,-6.319439302,0.217295,0.421165,26.4462,1.17,0.7634,0.062591,0.643714,-5.945555,159,0.196496,1976.5716,0.078623,0
590,25.1733,6328.28,5935.3772,12820.31,-7.0833726537,0.311027,0.365735,17.5818,1.1797,0.8866,0.072806,0.69159,-5.060762,150,0.185035,2201.4828,0.089488,0
591,25.216,6310.46,5933.67,12843.75,-6.7311774242,0.265931,0.394045,20.5229,1.1693,0.8029,0.067409,0.692508,-5.551526,178,0.188232,2063.4359,0.095226,0
592,25.2587,6233.0,5858.6547,12750.0,-6.6377535437,0.344967,0.40047,21.5982,1.1554,0.7678,0.066238,0.680172,-4.038328,182,0.179694,2128.6695,0.087901,0
593,25.3013,5973.7,5830.8515,12457.03,-6.2145827797,0.408863,0.433508,28.169,1.1816,0.746,0.0605,0.64474,-0.909628,167,0.186831,2042.7031,0.079966,0
594,25.344,6025.38,5812.0544,12398.44,-6.1388152775,0.24561,0.438693,28.7065,1.1721,0.727,0.05964,0.629022,-3.559464,178,0.196764,1990.7388,0.078012,0
595,25.3867,5993.61,5841.7815,12410.16,-6.2149392044,0.237227,0.434508,28.4551,1.166,0.7048,0.060334,0.638813,-6.458913,162,0.187832,1974.1188,0.082041,0
596,25.4293,6229.64,5804.4632,12539.06,-6.5749855163,0.373666,0.403951,22.1238,1.2132,0.9666,0.065612,0.685067,-5.272306,181,0.184946,2054.43,0.088878,0
597,25.472,6152.32,5781.69,12433.59,-5.7116149201,0.302587,0.468299,35.2311,1.1151,0.5831,0.054913,0.616421,-0.554674,176,0.18922,1911.6053,0.078623,0
598,25.5147,5863.94,5825.2557,12210.94,-5.9097442904,0.220967,0.442916,33.1743,1.179,0.7237,0.058946,0.581268,-5.66585,166,0.195902,1937.6956,0.077768,0
599,25.5573,5934.74,5788.9574,12421.88,-5.9381412299,0.255937,0.4424,31.9725,1.1828,0.7111,0.059031,0.606789,-6.024607,181,0.198709,1954.9017,0.073862,0
600,25.6,5464.08,5590.6496,11414.06,-5.3299373211,0.233042,0.490227,58.8539,1.2508,0.8926,0.0516,0.463763,3.13702,178,0.192073,2108.0209,0.062996,0
601,25.6427,5911.79,5839.7905,12480.47,-5.7237210295,0.231887,0.462871,39.7571,1.1531,0.6119,0.055757,0.591715,-0.10583,185,0.183701,1956.7366,0.069222,0
602,25.6853,6119.0,5835.4863,12656.25,-5.8845502358,0.194622,0.453263,31.8561,1.1234,0.595,0.057275,0.60907,-0.935873,176,0.187141,1990.1706,0.076303,0
603,25.728,5865.08,5661.5206,12082.03,-5.5194929193,0.210158,0.467009,43.5877,1.1461,0.6593,0.055112,0.550523,1.20534,186,0.198183,2010.6691,0.081553,0
604,25.7707,5998.38,5747.7154,12199.22,-6.6246411509,0.298844,0.40154,22.8372,1.2313,1.0195,0.066045,0.649733,-3.496624,174,0.202139,2066.1866,0.084361,0
605,25.8133,6206.03,5792.3972,12351.56,-6.8409140102,0.232921,0.38263,19.6411,1.2239,1.057,0.069537,0.687754,-3.05419,173,0.187024,2111.9678,0.087047,0
606,25.856,6083.16,5829.6752,12457.03,-5.9882113713,0.210966,0.444758,31.5828,1.1546,0.711,0.058646,0.62786,-1.406217,181,0.185321,1946.725,0.087413,0
607,25.8987,6036.51,5897.9515,12679.69,-6.6124029029,0.325926,0.406868,22.4292,1.2071,0.824,0.065091,0.66346,-4.901239,155,0.185924,2077.8533,0.080332,0
608,25.9413,5973.73,5765.2529,12304.69,-5.5834333734,0.263661,0.473385,41.7038,1.1661,0.7078,0.054131,0.581736,0.158369,190,0.187704,1943.2458,0.081675,0
609,25.984,6032.61,5850.9153,12597.66,-5.9397841635,0.318746,0.446448,29.221,1.1845,0.7405,0.058372,0.635987,-2.110856,172,0.188149,2004.5516,0.082285,0
610,26.0267,5749.51,5718.247,11988.28,-5.8256201195,0.240805,0.452275,36.1944,1.2214,0.8411,0.057433,0.58876,-6.033864,171,0.181947,2025.4814,0.076181,0
611,26.0693,6118.24,5759.3271,12457.03,-5.7214611999,0.297267,0.458762,35.7679,1.1629,0.7019,0.056402,0.62006,-1.445569,177,0.187431,2074.4469,0.078745,0
612,26.112,6032.84,5905.8773,12421.88,-6.8220995321,0.281078,0.388013,20.0979,1.2297,0.9231,0.068526,0.65103,-5.017929,176,0.199117,2087.0108,0.085338,0
613,26.1547,6188.74,5936.5194,12632.81,-6.6281059813,0.329044,0.403715,21.7659,1.2118,0.8958,0.065654,0.682596,-1.058511,179,0.193827,2146.3636,0.086803,0
614,26.1973,5931.22,5812.5213,12269.53,-6.8785137872,0.409424,0.378061,20.2269,1.2778,1.1338,0.070406,0.662484,-3.542592,180,0.195657,2077.8758,0.083995,0
615,26.24,6039.79,5861.6108,12492.19,-6.7301413165,0.299065,0.400375,21.4701,1.2216,0.9093,0.066256,0.666812,-2.22302,195,0.183974,2121.6123,0.08021,0
616,26.2827,5881.53,5856.9247,12328.12,-6.5156073787,0.430456,0.404302,24.8596,1.2411,0.9242,0.065549,0.626463,-2.06876,193,0.183616,1999.3895,0.080942,0
617,26.3253,6042.88,5817.5641,12316.41,-6.3175500844,0.300725,0.417239,27.3852,1.2132,0.9311,0.063269,0.657061,-0.956907,176,0.187208,1958.2302,0.080698,0
618,26.368,5816.93,5821.2261,12351.56,-6.5062102455,0.367236,0.411565,24.028,1.2481,0.9237,0.06426,0.638661,-7.480064,181,0.190935,2002.6503,0.07728,0
619,26.4107,5915.67,5749.5854,12187.5,-6.2823534212,0.341216,0.423791,27.475,1.2317,0.9257,0.062141,0.653177,-3.617312,177,0.194692,1997.2362,0.078379,0
620,26.4533,5980.48,5878.9716,12398.44,-6.9608271451,0.28229,0.379592,20.072,1.268,1.0718,0.070114,0.666233,-4.022324,170,0.188285,2083.3741,0.082408,0
621,26.496,6003.71,5791.8623,12339.84,-6.3592975167,0.338597,0.421559,26.0937,1.2063,0.8547,0.062524,0.648664,-3.05276,184,0.174688,1859.395,0.083018,0
622,26.5387,6108.25,5893.103,12667.97,-6.9594217007,0.308842,0.387468,19.8667,1.2271,0.9842,0.068627,0.683656,-5.301546,185,0.188446,2129.113,0.078745,0
623,26.5813,6072.2,5965.5911,12796.88,-6.8116522094,0.305745,0.392492,21.3122,1.1879,0.7904,0.067695,0.659607,-6.664048,163,0.182815,2203.9678,0.074472,0
624,26.624,5798.92,5801.3082,12281.25,-5.8649701588,0.254646,0.448078,35.4144,1.1993,0.7552,0.058108,0.600532,0.10059,179,0.19571,2123.1416,0.074716,0
625,26.6667,6012.29,5836.0964,12421.88,-6.4607236649,0.316251,0.399372,23.531,1.2389,0.9725,0.066437,0.655881,-4.755419,176,0.19149,2079.8438,0.080088,0
626,26.7093,6135.02,5865.537,12621.09,-6.4173133602,0.243124,0.421084,23.5889,1.1479,0.7049,0.062605,0.654555,-2.920239,164,0.187268,1987.8961,0.077036,0
627,26.752,5952.77,5754.754,12257.81,-5.6097371094,0.175429,0.474057,39.4979,1.1498,0.6641,0.054028,0.58826,0.688702,169,0.186578,1933.0513,0.073617,0
628,26.7947,6054.0,5947.0676,12691.41,-6.0743787418,0.432025,0.442821,30.1081,1.1742,0.6693,0.058962,0.627198,-1.005059,200,0.187133,2018.7403,0.081309,0
629,26.8373,5968.7,5778.865,12199.22,-6.011900347,0.258384,0.441501,32.5255,1.203,0.8492,0.059178,0.622983,-0.559452,181,0.177201,1987.8393,0.080332,0
630,26.88,5782.92,5676.6247,11859.38,-5.7671923479,0.249489,0.458901,40.3691,1.2331,0.8991,0.05638,0.590357,-5.149668,159,0.192079,1842.2634,0.074472,0
631,26.9227,6162.21,5904.1393,12679.69,-6.0859690747,0.30155,0.441223,28.023,1.1474,0.6815,0.059224,0.641296,-1.51006,161,0.197305,1867.0851,0.07667,0
632,26.9653,5805.64,5783.5515,12316.41,-6.0289789743,0.241238,0.441049,32.3004,1.1887,0.7357,0.059252,0.594961,-4.154754,173,0.188477,1832.9781,0.073495,0
633,27.008,5783.83,5739.6791,12105.47,-6.1292183711,0.173516,0.428569,31.8343,1.2171,0.8457,0.06133,0.608277,1.090132,177,0.187893,1951.2069,0.075815,0
634,27.0507,6070.88,5848.7453,12445.31,-5.9723168565,0.221136,0.445376,30.0292,1.1548,0.7033,0.058546,0.615406,-4.297125,184,0.203584,2052.5676,0.081797,0
635,27.0933,5888.31,5721.513,12070.31,-6.1017308068,0.316259,0.435483,29.2415,1.2322,0.9111,0.060172,0.647553,-1.165905,173,0.193532,1958.6911,0.085582,0
636,27.136,6201.38,5937.6905,12750.0,-7.0461248436,0.433393,0.363483,16.9258,1.2151,0.9502,0.073253,0.683051,-2.871788,158,0.19847,2169.9164,0.09132,0
637,27.1787,6259.87,5862.6178,12714.84,-7.0262830658,0.264603,0.372132,17.3752,1.2163,1.0275,0.071551,0.686053,-2.236989,174,0.187356,2183.4331,0.089,0
638,27.2213,5802.75,5742.5068,12257.81,-6.1301821123,0.340366,0.431477,29.1526,1.227,0.8716,0.06084,0.615673,-6.403754,166,0.192822,1868.0926,0.080088,0
639,27.264,5904.58,5748.9702,12210.94,-5.4827967988,0.202509,0.477246,43.0157,1.1302,0.5872,0.053543,0.554842,-6.704207,160,0.18792,1936.5439,0.069222,0
640,27.3067,5934.04,5868.2552,12457.03,-5.9160641143,0.242223,0.448463,31.0872,1.1646,0.6513,0.058046,0.60019,-5.903012,181,0.194715,1824.5895,0.072763,0
641,27.3493,6005.65,5896.6085,12375.0,-6.5383888601,0.291465,0.407331,23.3724,1.1972,0.8557,0.065009,0.648664,-3.401585,158,0.191687,2042.7196,0.083506,0
642,27.392,6174.4,5866.8892,12691.41,-6.0282560363,0.321635,0.439355,29.8301,1.15,0.679,0.059531,0.623217,-4.970339,168,0.183977,1965.1571,0.08375,0
643,27.4347,5974.44,5743.3363,12199.22,-5.8087935939,0.21106,0.453859,35.3263,1.1809,0.7604,0.05718,0.600882,0.189963,187,0.175533,1946.5925,0.079477,0
644,27.4773,5923.7,5807.4254,12199.22,-5.6894704445,0.311559,0.468209,39.5225,1.1644,0.6807,0.054927,0.59617,-0.778837,179,0.188453,2017.4099,0.080698,0
645,27.52,6222.68,5903.9224,12726.56,-7.2359292876,0.298476,0.363886,17.3086,1.2393,1.0399,0.073172,0.695953,-4.371859,186,0.193599,2154.9149,0.087169,0
646,27.5627,6137.24,5892.8704,12609.38,-6.4368274675,0.216086,0.417968,23.3443,1.1651,0.7835,0.063143,0.647084,-0.255866,166,0.194522,2122.9509,0.086803,0
647,27.6053,6051.48,5806.6296,12304.69,-6.1849981877,0.340482,0.434531,27.9459,1.1915,0.8002,0.06033,0.657355,-7.56144,168,0.190701,1909.3682,0.08375,0
648,27.648,5974.99,5819.0128,12527.34,-5.9464717797,0.371702,0.447734,32.035,1.2,0.7412,0.058163,0.6305,-1.119493,175,0.187071,1975.9544,0.078989,0
649,27.6907,5933.22,5781.6913,12292.97,-6.2349313182,0.335563,0.427306,27.5134,1.209,0.8594,0.061543,0.622491,-4.284477,170,0.185408,1958.573,0.080454,0
650,27.7333,6012.81,5788.9297,12234.38,-6.7948194659,0.24277,0.394166,21.3468,1.2359,1.0138,0.067387,0.68918,-3.884359,161,0.191772,2098.3776,0.086681,0
651,27.776,6199.08,5927.1275,12726.56,-6.3306425009,0.280758,0.424924,26.7126,1.1776,0.7681,0.061948,0.662618,-4.542517,180,0.186945,1940.7258,0.084849,0
652,27.8187,5955.79,5866.142,12292.97,-6.2558196516,0.198684,0.433513,29.2555,1.1939,0.7718,0.0605,0.637047,-1.141295,179,0.183203,1890.7492,0.084605,0
653,27.8613,6202.46,5895.5262,12726.56,-6.6741136381,0.282528,0.392995,20.9034,1.1946,0.8802,0.067602,0.673106,-1.19508,174,0.193916,2139.4819,0.090221,0
654,27.904,6133.48,5808.4891,12609.38,-6.8100900307,0.386388,0.391663,19.923,1.2029,0.9408,0.067848,0.688796,-5.158823,186,0.186764,2062.171,0.090587,0
655,27.9467,6118.57,5986.1499,12726.56,-7.3645209479,0.240532,0.356671,16.1931,1.224,0.962,0.074622,0.692393,-5.951097,149,0.180374,2182.7171,0.084971,0
656,27.9893,6130.38,5848.2295,12667.97,-6.2164302326,0.144445,0.433278,25.8604,1.1755,0.7673,0.060539,0.654707,-0.516315,185,0.185455,2067.6781,0.08375,0
657,28.032,6207.86,5919.606,12820.31,-6.0924463899,0.353686,0.443401,28.1808,1.1532,0.6648,0.058867,0.651589,-5.851503,185,0.189565,1884.3703,0.088146,0
658,28.0747,5980.04,5772.7925,12281.25,-5.7083284614,0.3336,0.470682,38.8888,1.1838,0.7254,0.054545,0.590136,-0.28715,170,0.18127,1887.3697,0.078012,0
659,28.1173,5830.77,5683.2741,11941.41,-5.4323686494,0.261023,0.485057,50.1412,1.1918,0.7638,0.052368,0.515697,1.604745,188,0.189218,1930.3638,0.071176,0
660,28.16,5783.6,5802.7459,12046.88,-6.1323343036,0.270671,0.430317,30.1642,1.2558,0.9456,0.061035,0.595051,-1.82893,165,0.197686,1924.2442,0.077524,0
661,28.2027,6006.54,5751.5583,12246.09,-6.1044112601,0.240808,0.435314,30.2822,1.1764,0.7427,0.0602,0.642941,-0.508022,179,0.201664,1986.938,0.08314,0
662,28.2453,5873.72,5701.9311,12199.22,-5.7236940186,0.272223,0.470233,39.4912,1.1883,0.7413,0.054614,0.574054,-8.608447,164,0.193381,1953.0239,0.079111,0
663,28.288,5636.26,5746.2871,11835.94,-5.4061296178,0.408365,0.484822,52.3527,1.1936,0.703,0.052403,0.502153,0.757848,182,0.184904,2054.3847,0.067025,0
664,28.3307,5872.62,5839.3688,12339.84,-6.1951242078,0.386448,0.431371,30.2831,1.2242,0.8383,0.060858,0.63174,-2.13745,154,0.185217,1917.4668,0.077646,0
665,28.3733,6195.93,5923.8742,12726.56,-6.8421498817,0.269259,0.388749,19.9441,1.2022,0.8812,0.068388,0.679172,-3.566117,181,0.193252,2061.3036,0.089366,0
666,28.416,5964.64,5783.1687,12210.94,-5.9967435829,0.406513,0.448913,30.8456,1.1995,0.7818,0.057973,0.621974,0.227367,166,0.186114,1949.2944,0.085704,0
667,28.4587,6062.86,5765.8816,12363.28,-5.8453170689,0.350647,0.454415,33.0782,1.1746,0.744,0.057091,0.62924,-0.154557,182,0.189885,1842.7672,0.08021,0
668,28.5013,5812.35,5720.0843,12070.31,-5.6583057329,0.298926,0.465022,40.1657,1.2319,0.8341,0.055421,0.581066,3.569366,173,0.187254,1958.3376,0.07789,0
669,28.544,5882.05,5699.0708,12035.16,-5.8467959618,0.247711,0.461405,35.7507,1.2268,0.9029,0.055986,0.619781,-0.078587,200,0.186243,1927.3864,0.074838,0
670,28.5867,5828.49,5701.7925,11917.97,-5.8090913737,0.270059,0.466857,40.9088,1.2028,0.8072,0.055136,0.582675,-0.904244,170,0.186676,1918.8803,0.07142,0
671,28.6293,5924.82,5797.3536,12351.56,-5.7713162346,0.234202,0.456118,37.0022,1.1844,0.7248,0.056821,0.596785,0.421305,189,0.180035,2025.0227,0.079111,0
672,28.672,6235.16,5904.3866,12843.75,-5.7528098761,0.271237,0.459864,32.6043,1.1237,0.5693,0.056228,0.600185,0.606927,173,0.190599,1984.8373,0.08253,0
673,28.7147,5881.42,5713.4081,12152.34,-5.9310598244,0.427644,0.452559,33.3514,1.1907,0.7841,0.057388,0.622182,-2.774124,202,0.193227,2050.6609,0.077158,0
674,28.7573,5930.61,5695.521,12128.91,-5.6780564276,0.372367,0.469497,37.7421,1.1734,0.7358,0.054728,0.618426,-1.252176,186,0.182426,1964.062,0.078135,0
675,28.8,5891.12,5782.0534,12035.16,-6.1969513489,0.329236,0.433586,29.7061,1.2424,0.9503,0.060488,0.650318,-3.565713,167,0.196607,1816.5997,0.075204,0
676,28.8427,6097.93,5968.841,12644.53,-6.3428234647,0.254757,0.416889,25.4527,1.1596,0.6695,0.06333,0.640259,-7.720296,176,0.185566,2069.9725,0.075449,0
677,28.8853,6066.37,5828.5607,12621.09,-6.0694480548,0.343667,0.433594,29.894,1.1845,0.7775,0.060486,0.628911,-5.645019,171,0.186121,1985.5861,0.082163,0
678,28.928,6140.61,5898.0977,12703.12,-6.7308418353,0.310868,0.397266,22.2863,1.2142,0.9156,0.06682,0.667352,-1.68753,168,0.188367,2125.4532,0.082774,0
679,28.9707,5899.19,5772.2839,12117.19,-5.668743836,0.258172,0.469051,39.4274,1.1612,0.6738,0.054797,0.587203,-0.007522,168,0.19118,2001.6399,0.077036,0
680,29.0133,5883.99,5711.2323,12152.34,-5.806741495,0.471271,0.449739,34.2226,1.1956,0.8031,0.05784,0.594165,1.827778,193,0.192785,2047.3641,0.074472,0
681,29.056,5945.5,5861.5031,12433.59,-6.4342653361,0.346531,0.408107,25.0334,1.218,0.8511,0.064871,0.636289,-2.7508,183,0.197538,1958.0628,0.075937,0
682,29.0987,6217.93,5942.3529,12832.03,-6.0385567169,0.242041,0.441583,29.3965,1.1384,0.6081,0.059165,0.636114,-5.082237,177,0.193747,2030.088,0.084971,0
683,29.1413,6265.81,5925.7594,12785.16,-6.8096775091,0.448876,0.389331,19.9665,1.2036,0.8864,0.06828,0.6811,-6.47339,170,0.184369,2101.3373,0.088268,0
684,29.184,6054.75,5890.0133,12562.5,-6.5396351907,0.343926,0.403592,23.4975,1.2225,0.9102,0.065676,0.660108,-7.127488,176,0.184937,2109.0568,0.082896,0
685,29.2267,6266.22,5892.7087,12785.16,-6.2048290277,0.391296,0.433392,26.9226,1.1415,0.6845,0.06052,0.655096,-0.667387,183,0.178464,2024.1761,0.086803,0
686,29.2693,6236.1,5832.9185,12562.5,-6.1156998487,0.285463,0.442462,29.2215,1.1633,0.7303,0.059021,0.670414,-8.404061,174,0.180625,2005.1298,0.081309,0
687,29.312,5978.46,5823.9363,12316.41,-5.7130978516,0.164105,0.460124,34.6281,1.1742,0.6688,0.056188,0.594144,-5.923168,160,0.192352,1871.4999,0.073129,0
688,29.3547,5974.38,5830.1822,12164.06,-6.7341746029,0.271569,0.397227,22.7553,1.2381,0.9951,0.066827,0.670515,-3.262514,177,0.190767,2032.4368,0.076303,0
689,29.3973,5963.71,5859.4429,12445.31,-6.7133532484,0.312583,0.386519,21.2331,1.2402,0.9842,0.068805,0.645372,-5.720507,168,0.189469,2132.5828,0.078379,0
690,29.44,5950.83,5731.3862,12140.62,-6.3606213179,0.233696,0.418172,26.5094,1.2464,1.0238,0.063108,0.64993,-6.720454,162,0.180548,1979.4506,0.072885,0
691,29.4827,6047.32,5840.1246,12398.44,-5.8123755543,0.22207,0.463631,36.8889,1.1535,0.6691,0.055638,0.594555,-6.419447,176,0.182396,1968.9387,0.073129,0
692,29.5253,6096.83,5743.7778,12445.31,-5.7997650281,0.237563,0.465103,35.185,1.1235,0.6125,0.055409,0.619995,-8.129966,156,0.176485,1927.1229,0.081065,0
693,29.568,6106.97,5886.1953,12445.31,-6.6118493508,0.240078,0.413386,22.1039,1.2095,0.8646,0.063941,0.678233,-6.162446,187,0.188466,1939.8803,0.084117,0
694,29.6107,5936.76,5736.6992,12105.47,-5.68668961,0.29211,0.473881,38.9226,1.1794,0.7336,0.054055,0.590907,-0.646479,165,0.182481,1889.337,0.078745,0
695,29.6533,6133.23,5760.4999,12304.69,-5.6700353981,0.311418,0.472691,38.0198,1.1498,0.674,0.054237,0.603391,0.894342,168,0.185861,1925.1584,0.08082,0
696,29.696,6047.4,5799.5249,12480.47,-6.1527134699,0.450205,0.435385,27.2396,1.2052,0.8257,0.060188,0.631133,0.398854,182,0.194962,2030.8671,0.075449,0
697,29.7387,5649.75,5663.7569,12011.72,-5.1537985228,0.293871,0.492026,55.8599,1.1658,0.6115,0.051335,0.487646,2.4702,183,0.197269,2103.4229,0.060921,0
698,29.7813,5805.51,5749.1821,12199.22,-6.1583776405,0.250513,0.436632,29.4935,1.23,0.8629,0.059981,0.632385,-1.25472,152,0.195316,1985.515,0.074106,0
699,29.824,5942.36,5849.1492,12351.56,-6.0949317554,0.259905,0.439687,30.219,1.1962,0.7513,0.059476,0.628247,-5.914421,164,0.17843,1885.2703,0.076792,0
700,29.8667,5730.73,5694.6802,11730.47,-5.274502818,0.185632,0.489044,53.5138,1.1509,0.6349,0.051775,0.498985,0.984198,182,0.191583,1968.3052,0.071054,0
701,29.9093,6275.82,5987.4333,12785.16,-6.7335900087,0.234039,0.397472,19.6508,1.1633,0.7571,0.066782,0.671946,-6.532302,162,0.194384,2129.6426,0.082285,0
702,29.952,5837.0,5708.9036,12035.16,-5.6429258135,0.382169,0.467269,41.0034,1.2063,0.8217,0.055072,0.577809,0.972508,176,0.195747,1925.1559,0.078135,0
703,29.9947,5950.56,5744.9826,12410.16,-5.336693667,0.349111,0.48741,47.2064,1.1361,0.5693,0.052018,0.537221,0.97747,149,0.1856,1994.2446,0.069955,0
704,30.0373,6085.05,5856.1416,12515.62,-6.072327525,0.209587,0.436108,27.934,1.1756,0.7351,0.060068,0.638354,-0.802108,182,0.195581,2030.3269,0.076792,0
705,30.08,5863.06,5787.1229,12164.06,-5.5811783878,0.280829,0.466085,37.9697,1.1895,0.7117,0.055256,0.590392,1.013994,171,0.202338,1855.8875,0.078501,0
706,30.1227,6194.18,5802.9566,12515.62,-5.776204355,0.291006,0.463995,35.3888,1.1228,0.6155,0.055581,0.620756,-1.058455,161,0.188005,1872.8467,0.079966,0
707,30.1653,6123.7,5851.9559,12738.28,-5.4699801628,0.303534,0.479018,39.0192,1.1404,0.565,0.053275,0.583513,1.034401,171,0.189192,1892.076,0.082041,0
708,30.208,6066.42,5849.455,12421.88,-5.8992262462,0.183066,0.451205,30.935,1.1989,0.7648,0.057604,0.625014,0.354546,182,0.193177,1921.609,0.084117,0
709,30.2507,6501.02,5914.5448,12878.91,-6.5611031974,0.347347,0.410868,21.0037,1.1194,0.7107,0.064383,0.693222,-3.121036,156,0.189101,2087.5978,0.09193,0
710,30.2933,6130.9,5911.0117,12445.31,-6.1309217027,0.240062,0.43709,28.54,1.1674,0.7216,0.059905,0.644937,-3.179555,160,0.185047,1864.394,0.084971,0
711,30.336,5949.33,5805.7849,12281.25,-6.5604770317,0.307466,0.403638,23.4396,1.2547,1.0128,0.065668,0.644404,0.202904,174,0.194316,2025.6283,0.082285,0
712,30.3787,6145.57,5853.2769,12703.12,-6.2718586032,0.248513,0.430062,26.8979,1.1724,0.7364,0.061078,0.646656,0.055865,168,0.182475,1970.8394,0.084727,0
713,30.4213,5844.77,5784.6702,12175.78,-6.0324330716,0.387543,0.432027,31.376,1.2287,0.8751,0.060748,0.606344,-2.791518,198,0.193145,2038.9262,0.075693,0
714,30.464,6087.74,5899.0335,12527.34,-6.172476853,0.412195,0.429777,27.8495,1.1909,0.7864,0.061126,0.616749,-4.296581,169,0.200142,1965.227,0.072397,0
715,30.5067,5780.59,5696.8399,12164.06,-5.4109491702,0.233219,0.488318,49.3869,1.1868,0.6693,0.051883,0.545085,1.967437,191,0.186422,1958.0603,0.068612,0
716,30.5493,5910.57,5792.0876,12339.84,-5.1287567864,0.240254,0.500476,54.8293,1.1241,0.5079,0.050103,0.495902,2.349585,180,0.183186,1937.8403,0.066659,0
717,30.592,6022.56,5792.1127,12445.31,-5.4704346412,0.327461,0.486258,42.489,1.1527,0.6235,0.052189,0.566328,0.493936,168,0.191882,1879.7821,0.067757,0
718,30.6347,5845.53,5734.0699,12246.09,-5.2200602084,0.212241,0.494504,51.514,1.1175,0.5139,0.050972,0.509464,1.646129,170,0.189256,1998.3689,0.06556,0
719,30.6773,6096.05,5936.8285,12761.72,-5.4906143469,0.233598,0.476019,41.0921,1.1075,0.4997,0.053729,0.569338,1.151157,180,0.19804,1943.2725,0.071054,0
720,30.72,5790.41,5803.2663,12199.22,-6.143118455,0.38843,0.430274,29.8835,1.1923,0.7536,0.061043,0.60138,-7.690127,154,0.188977,1986.9006,0.073373,0
721,30.7627,6204.06,5917.2652,12562.5,-6.7213035386,0.335709,0.401343,20.3995,1.1814,0.8446,0.066081,0.673216,-4.533919,157,0.198393,1969.0303,0.077036,0
722,30.8053,6104.46,5829.7299,12398.44,-6.6990235866,0.204755,0.392214,21.0447,1.2499,1.0318,0.067746,0.67549,-1.909515,155,0.190066,2040.8187,0.085826,0
723,30.848,5983.35,5835.0381,12398.44,-6.1268779357,0.317304,0.4365,27.75,1.151,0.6565,0.060003,0.616417,-4.781305,192,0.200723,1955.1499,0.080332,0
724,30.8907,5986.9,5735.6989,12292.97,-5.5396548315,0.362527,0.468663,41.0428,1.1564,0.6602,0.054857,0.568741,0.886203,177,0.189405,1964.0388,0.068978,0
725,30.9333,5973.14,5873.6107,12375.0,-6.5297621639,0.253704,0.403267,22.5188,1.2458,0.9719,0.065735,0.642984,-0.575078,188,0.194499,2004.3905,0.077768,0
726,30.976,6120.93,5909.7681,12632.81,-7.0916161531,0.374203,0.36688,17.8685,1.2514,1.0459,0.072579,0.68291,-2.384259,166,0.186941,2177.4668,0.079966,0
727,31.0187,5860.61,5771.4963,12281.25,-5.6609333894,0.275219,0.462533,39.3413,1.2108,0.7732,0.05581,0.590391,1.41074,175,0.196514,1981.3387,0.075327,0
728,31.0613,6136.9,5867.8549,12726.56,-5.6360807834,0.310833,0.471207,34.2245,1.1297,0.5663,0.054465,0.617762,-5.325384,173,0.187246,1916.5623,0.080942,0
729,31.104,6202.61,5854.7994,12585.94,-7.1227770243,0.296662,0.371932,17.6939,1.2187,1.0202,0.071589,0.69249,-6.337059,149,0.196889,2186.1177,0.085215,0
730,31.1467,5940.12,5847.0528,12375.0,-6.2634613286,0.309674,0.419878,26.4373,1.2126,0.8454,0.062813,0.630481,-4.910403,201,0.188817,1894.7604,0.086314,0
731,31.1893,6098.92,5862.9229,12503.91,-6.0256914591,0.256517,0.446155,30.2599,1.1482,0.661,0.058419,0.629576,-2.681911,164,0.182989,1990.9011,0.081919,0
732,31.232,6068.12,5872.3586,12421.88,-6.1378250392,0.296295,0.432709,27.0459,1.1804,0.754,0.060634,0.642756,-2.220531,179,0.189084,1966.0091,0.079233,0
733,31.2747,5925.03,5826.5738,12328.12,-5.8259230953,0.335228,0.458289,34.8327,1.1712,0.6882,0.056477,0.589904,-6.81333,179,0.187181,1775.629,0.074838,0
734,31.3173,5913.96,5692.7384,12117.19,-5.5106926717,0.402913,0.481475,42.2174,1.1568,0.6813,0.052904,0.580632,0.744066,172,0.192364,2015.9782,0.070687,0
735,31.36,6079.1,5823.1215,12679.69,-5.9293917379,0.331913,0.448087,29.9059,1.1439,0.6142,0.058106,0.62429,0.664059,175,0.18655,1944.9988,0.076059,0
736,31.4027,5934.67,5759.0135,12363.28,-5.802150521,0.355433,0.464758,36.7565,1.2072,0.7652,0.055462,0.620419,0.564583,171,0.192506,1914.0604,0.081553,0
737,31.4453,5830.46,5781.8376,12117.19,-6.43518625,0.206239,0.418635,25.9379,1.2364,0.9474,0.063027,0.649181,-6.505841,175,0.191036,1965.1495,0.079844,0
738,31.488,6179.91,5881.2546,12679.69,-6.3489249293,0.234872,0.42637,24.5817,1.1556,0.7311,0.061702,0.655528,-0.500883,179,0.181588,2036.6355,0.078867,0
739,31.5307,6032.81,5946.6603,12667.97,-6.4939771742,0.402202,0.410262,23.7657,1.1915,0.7348,0.06449,0.653315,-1.567187,176,0.198498,1903.4783,0.078623,0
740,31.5733,5782.62,5754.3053,11894.53,-6.0742613171,0.356395,0.440703,34.8931,1.2691,0.9992,0.059309,0.61676,-0.979219,168,0.191209,1985.8417,0.074472,0
741,31.616,5986.58,5914.3595,12632.81,-6.2308472844,0.192814,0.424212,26.9411,1.1788,0.7108,0.06207,0.633922,-1.838116,190,0.173738,2018.7541,0.075571,0
742,31.6587,6112.82,5876.006,12433.59,-6.6797329907,0.233803,0.397436,21.3787,1.2418,1.0185,0.066789,0.673827,-0.98539,186,0.188329,2090.9426,0.085704,0
743,31.7013,6286.83,5903.1251,12820.31,-6.7372897658,0.295771,0.391947,21.2593,1.1826,0.8397,0.067795,0.685629,-1.675478,176,0.177835,2136.1741,0.088878,0
744,31.744,6222.85,5951.2313,12867.19,-6.2625004674,0.263789,0.427903,26.9972,1.1541,0.7063,0.061442,0.64243,-0.225468,178,0.192286,1969.2535,0.085338,0
745,31.7867,6259.07,5986.8044,12808.59,-6.7177166158,0.265768,0.396545,19.7594,1.197,0.8488,0.066951,0.683894,-5.242557,168,0.178186,1956.5759,0.08607,0
746,31.8293,6289.41,5932.3363,12925.78,-6.6630515358,0.435013,0.396791,19.8716,1.1694,0.7637,0.066906,0.674083,-5.053828,158,0.180644,2070.389,0.083628,0
747,31.872,5893.46,5828.6697,12281.25,-5.6577604818,0.28909,0.460477,38.6913,1.1616,0.6342,0.056132,0.585702,-0.168402,154,0.188514,2063.7484,0.073739,0
748,31.9147,5917.93,5809.8779,12269.53,-6.129822264,0.382904,0.434602,28.5333,1.2267,0.8771,0.060318,0.650056,-2.380325,191,0.194857,1950.6052,0.079111,0
749,31.9573,6067.9,5906.1197,12644.53,-6.5716729495,0.218296,0.399013,22.1719,1.1808,0.7892,0.066502,0.653918,-5.260514,174,0.190942,2043.4344,0.081919,0
750,32.0,5924.05,5865.6755,12398.44,-6.5284845077,0.265912,0.405839,22.8192,1.2473,0.9373,0.065274,0.6443,0.565984,163,0.189717,1909.594,0.075327,0
751,32.0427,5956.14,5827.0712,12316.41,-6.4004998972,0.21736,0.416708,25.8795,1.2019,0.8277,0.063361,0.617045,-1.179896,172,0.17593,1946.073,0.071908,0
752,32.0853,5880.21,5804.2644,12386.72,-5.8306273915,0.374062,0.441561,32.9137,1.2025,0.7617,0.059168,0.586696,1.417438,177,0.195062,1857.3303,0.070443,0
753,32.128,6167.62,5817.5497,12691.41,-6.162232249,0.201616,0.428792,26.156,1.1521,0.6904,0.061292,0.644257,-1.621283,177,0.198221,2020.8281,0.07667,0
754,32.1707,6072.59,5815.0773,12375.0,-5.6928603149,0.303051,0.464427,35.5506,1.1725,0.6853,0.055514,0.614678,0.568258,168,0.184097,1837.1534,0.077402,0
755,32.2133,6093.06,5820.2724,12703.12,-6.1017805879,0.268336,0.432078,28.4689,1.1579,0.6928,0.06074,0.633607,-0.815231,175,0.191589,2006.1525,0.076059,0
756,32.256,6034.5,5845.0118,12503.91,-5.776096253,0.327293,0.468616,38.4952,1.1293,0.5661,0.054864,0.585389,-7.00952,166,0.180712,1924.6815,0.074228,0
757,32.2987,5859.17,5759.6115,12257.81,-5.5559644141,0.448614,0.473336,39.0743,1.1637,0.6477,0.054138,0.564106,-6.920044,172,0.177983,1863.8163,0.067879,0
758,32.3413,5960.67,5853.9939,12457.03,-6.2886643788,0.342613,0.414159,24.544,1.203,0.8133,0.063806,0.612589,-1.115836,175,0.196227,1890.7011,0.075937,0
759,32.384,5948.07,5831.2796,12445.31,-6.1048754585,0.347754,0.434992,29.2242,1.2087,0.8106,0.060253,0.628787,-6.737662,164,0.193187,1798.0056,0.080698,0
760,32.4267,6003.76,5879.4825,12445.31,-6.874915377,0.351617,0.381207,19.4772,1.2625,1.0226,0.069807,0.671607,-4.574698,185,0.193525,2049.0416,0.0796,0
761,32.4693,5981.87,5826.544,12410.16,-6.1536219612,0.376812,0.425657,29.0533,1.2181,0.8343,0.061823,0.639537,0.293372,156,0.191718,1983.1866,0.078379,0
762,32.512,5788.31,5641.7018,11812.5,-5.6018134276,0.32102,0.47979,45.3496,1.19,0.7749,0.053158,0.550166,-0.86376,142,0.189875,1928.1943,0.072763,0
763,32.5547,5970.14,5781.6813,12281.25,-5.6962814795,0.243412,0.472177,40.17,1.1604,0.6689,0.054316,0.577798,0.351394,176,0.176721,1913.9987,0.080332,0
764,32.5973,6063.98,5827.9749,12503.91,-5.9937550337,0.374211,0.440607,30.5858,1.1624,0.7185,0.059325,0.621167,-5.104736,184,0.188092,2031.1665,0.078135,0
765,32.64,5959.9,5757.5943,12304.69,-5.1603994547,0.409637,0.497923,50.2934,1.1262,0.5538,0.050473,0.51795,2.363861,166,0.191985,2058.297,0.064339,0
766,32.6827,5821.15,5711.7178,12222.66,-5.4026566647,0.273874,0.488182,51.5492,1.1652,0.6404,0.051903,0.526042,2.287256,191,0.189933,1954.3041,0.062874,0
767,32.7253,5928.05,5795.451,12246.09,-5.7707427748,0.241985,0.463932,37.0256,1.2059,0.8095,0.055591,0.584604,-0.175865,167,0.191311,1877.8376,0.069344,0
768,32.768,6083.36,5797.6049,12351.56,-5.6809378522,0.190165,0.469063,39.0092,1.1624,0.6866,0.054795,0.600977,-4.592352,181,0.184796,1914.8183,0.073251,0
769,32.8107,6012.56,5808.5503,12281.25,-5.6320077141,0.243619,0.466767,38.6142,1.1711,0.7005,0.05515,0.604206,-0.478163,164,0.177045,1958.4664,0.075327,0
770,32.8533,5917.81,5716.3766,12000.0,-6.9279691008,0.465569,0.380732,21.6657,1.2485,1.1115,0.069897,0.661558,-3.461328,155,0.197756,2091.9073,0.079966,0
771,32.896,6183.32,5858.7941,12632.81,-5.9208718593,0.27675,0.442864,30.3435,1.1708,0.7654,0.058955,0.639301,-0.05586,175,0.194124,2072.0112,0.084361,0
772,32.9387,6063.07,5898.764,12738.28,-6.3726196948,0.270027,0.416468,25.2263,1.1613,0.7099,0.063403,0.63961,-6.631155,151,0.189059,2076.8649,0.085826,0
773,32.9813,6058.67,5886.3124,12468.75,-6.6297566452,0.405715,0.402015,21.7823,1.2222,0.9187,0.06596,0.665359,-0.810068,170,0.187508,2047.8965,0.082041,0
774,33.024,5967.16,5801.3508,12234.38,-6.3314776215,0.331349,0.417499,26.1661,1.1925,0.8437,0.063224,0.644137,-4.946456,186,0.182894,2024.5332,0.078257,0
775,33.0667,6021.84,5825.6052,12492.19,-5.8754113322,0.434067,0.438289,33.4526,1.1968,0.7852,0.059706,0.623872,-0.128848,170,0.189724,2042.2473,0.079111,0
776,33.1093,5953.54,5735.0915,12093.75,-6.1168960322,0.324209,0.43299,28.8123,1.2117,0.9199,0.060587,0.63002,-4.05586,183,0.18745,2023.3842,0.08546,0
777,33.152,6369.26,5950.8427,13019.53,-7.1902389717,0.378845,0.363122,15.778,1.2182,0.9473,0.073324,0.714475,-5.075909,184,0.198473,2135.0686,0.095104,0
778,33.1947,6272.66,5881.3887,12562.5,-6.616605256,0.441803,0.404686,21.6456,1.1419,0.7479,0.06548,0.673867,-4.671235,175,0.193349,1968.9945,0.085215,0
779,33.2373,5816.61,5709.4741,12164.06,-5.5125995112,0.440135,0.471932,47.0442,1.1892,0.739,0.054353,0.532563,1.947009,164,0.202914,1899.9862,0.071786,0
780,33.28,5787.19,5684.7699,11941.41,-5.4886662454,0.26245,0.478382,47.0678,1.2065,0.7971,0.053371,0.5456,0.025118,175,0.188953,2021.1569,0.076425,0
781,33.3227,6268.03,5928.2113,12785.16,-6.2959341635,0.203993,0.430205,23.2989,1.1755,0.7358,0.061054,0.671286,-2.560263,180,0.197968,2029.87,0.082652,0
782,33.3653,6278.19,5879.7257,12761.72,-6.8779894739,0.240322,0.387172,19.7465,1.1993,0.9167,0.068683,0.691254,-2.629473,176,0.177863,2090.8726,0.088512,0
783,33.408,5901.67,5772.1133,12023.44,-5.7884269012,0.323962,0.451515,33.7013,1.2074,0.8191,0.057555,0.587978,-1.28078,182,0.195342,1909.2619,0.08314,0
784,33.4507,5848.69,5742.4012,12199.22,-5.7009593944,0.258229,0.460693,38.4567,1.2078,0.7629,0.056098,0.599946,-1.181776,189,0.193894,1855.3268,0.071176,0
785,33.4933,5967.27,5838.7443,12515.62,-5.5372095806,0.338999,0.473363,39.8331,1.1678,0.6126,0.054134,0.582474,0.080644,153,0.196752,1911.7039,0.078257,0
786,33.536,5705.38,5814.8085,12281.25,-5.8580230622,0.263087,0.440338,35.2797,1.2452,0.8292,0.059369,0.591688,-5.528413,168,0.184406,1978.178,0.081431,0
787,33.5787,6029.28,5853.6996,12445.31,-6.4308078219,0.243105,0.414326,24.2244,1.1952,0.8114,0.063776,0.636557,-6.049123,188,0.20577,2028.4653,0.078135,0
788,33.6213,6023.97,5846.1348,12210.94,-6.3057289635,0.203559,0.419257,26.6642,1.1766,0.8034,0.06292,0.603246,-2.438025,200,0.191229,1959.4623,0.084117,0
789,33.664,6056.78,5854.9954,12468.75,-5.7512552866,0.381261,0.461034,35.198,1.1343,0.6122,0.056044,0.588936,-6.453023,189,0.183542,1912.5418,0.078989,0
790,33.7067,5843.42,5793.7993,12328.12,-5.5171002083,0.324331,0.487555,45.3004,1.1543,0.5896,0.051996,0.545547,-0.796893,159,0.172175,1844.0313,0.068246,0
791,33.7493,6019.71,5784.7671,12398.44,-5.3732067378,0.237728,0.488229,43.1096,1.0883,0.4876,0.051896,0.557009,-5.51854,182,0.180717,1814.4412,0.07203,0
792,33.792,6213.45,5856.2064,12703.12,-6.055158828,0.356198,0.441792,28.7943,1.1282,0.6065,0.05913,0.645574,-2.447752,184,0.201126,1929.1743,0.081431,0
793,33.8347,6049.94,5848.4651,12621.09,-5.8549230095,0.224539,0.454258,32.3866,1.134,0.5921,0.057116,0.593938,-5.132369,171,0.190583,1994.4806,0.08314,0
794,33.8773,6072.02,5903.1018,12632.81,-6.5575347557,0.312389,0.401264,21.4453,1.2053,0.8907,0.066095,0.662288,-4.375029,180,0.188307,2155.9506,0.084361,0
795,33.92,6082.71,5818.8475,12433.59,-6.3316131962,0.314706,0.419978,24.3104,1.1613,0.7255,0.062796,0.657756,-4.898011,179,0.191243,1928.6114,0.082774,0
796,33.9627,6050.4,5745.2939,12187.5,-5.8562144869,0.360515,0.449327,32.652,1.1839,0.7848,0.057906,0.605845,-3.160239,186,0.190493,1966.7557,0.08546,0
797,34.0053,6201.11,5823.8117,12480.47,-6.3844894602,0.500777,0.41955,24.0487,1.2253,0.918,0.062869,0.692032,-3.610937,143,0.190528,1895.1157,0.087047,0
798,34.048,6163.59,5821.6067,12562.5,-6.5133050246,0.264469,0.403979,21.5944,1.1965,0.8573,0.065607,0.666508,-2.160439,183,0.192966,2060.3411,0.082408,0
799,34.0907,6285.34,5929.9532,12761.72,-6.5935542508,0.264513,0.405984,22.4382,1.1648,0.7955,0.065249,0.67889,-3.913369,180,0.184011,2091.4761,0.084849,0
800,34.1333,6368.95,5922.8209,12925.78,-6.4399821277,0.336988,0.408628,21.8757,1.1385,0.7119,0.064779,0.675305,-6.385857,184,0.182206,2065.422,0.089855,0
801,34.176,6066.69,5811.1629,12398.44,-6.2062019313,0.258406,0.43959,28.8615,1.1838,0.777,0.059492,0.655125,-2.305422,178,0.180031,1886.1488,0.087779,0
802,34.2187,6034.13,5749.2625,12292.97,-5.8552390902,0.376549,0.45921,33.6861,1.1427,0.6563,0.056331,0.619404,-1.146583,168,0.176877,1893.8424,0.079722,0
803,34.2613,6233.51,5852.6083,12785.16,-5.3406352301,0.284348,0.492123,42.1675,1.0831,0.4524,0.051321,0.582057,-0.642435,170,0.195631,1916.1785,0.077402,0
804,34.304,6069.28,5800.0217,12375.0,-5.7677293942,0.318232,0.462778,34.256,1.159,0.6653,0.055771,0.633838,-2.279065,170,0.191895,2021.491,0.077524,0
805,34.3467,5939.51,5852.8559,12351.56,-6.0912634156,0.205779,0.44503,32.0166,1.1924,0.7329,0.058602,0.621263,-5.524298,178,0.191296,1883.7658,0.074594,0
806,34.3893,6019.72,5783.1181,12433.59,-5.9033438617,0.408743,0.459446,34.5091,1.1751,0.7474,0.056294,0.608261,-7.758579,175,0.178373,1919.0009,0.077158,0
807,34.432,5791.82,5814.1596,12234.38,-6.0776880576,0.344646,0.434473,31.2841,1.2292,0.8572,0.06034,0.593673,-8.768438,185,0.193822,1951.4534,0.075204,0
808,34.4747,5910.21,5811.143,12187.5,-6.6107770443,0.29762,0.404281,22.6738,1.2589,1.0075,0.065553,0.644464,-4.52314,169,0.205361,2006.0633,0.070809,0
809,34.5173,6074.66,5879.2199,12445.31,-6.4159740069,0.2994,0.414586,24.0414,1.2101,0.883,0.063731,0.647774,-0.615663,165,0.194726,2004.5162,0.076792,0
810,34.56,5820.23,5780.8158,12000.0,-5.8142965657,0.335157,0.460457,38.1827,1.2126,0.7957,0.056135,0.582064,-0.630243,171,0.201229,2112.0353,0.069222,0
811,34.6027,5754.69,5744.3259,12070.31,-5.6798961612,0.205514,0.462054,42.104,1.204,0.784,0.055885,0.57593,1.501797,180,0.181848,2116.2341,0.068734,0
812,34.6453,5921.14,5694.0181,12175.78,-5.3935035541,0.473122,0.481184,45.6041,1.1787,0.7174,0.052948,0.553627,2.08934,203,0.192014,1921.9613,0.07142,0
813,34.688,5508.01,5676.6561,11765.62,-5.4092440303,0.378136,0.485209,54.2541,1.2123,0.7315,0.052345,0.489595,1.078207,186,0.196331,1955.7207,0.064949,0
814,34.7307,5716.46,5741.915,12035.16,-5.493756766,0.327222,0.47625,46.3559,1.1863,0.6838,0.053694,0.546467,0.329972,187,0.187739,1916.618,0.068612,0
815,34.7733,5965.62,5802.8544,12445.31,-5.126101095,0.284478,0.498139,52.6469,1.1286,0.5356,0.050442,0.508981,2.172024,152,0.190503,1858.4665,0.069222,0
816,34.816,5929.35,5842.954,12140.62,-6.2754272549,0.218458,0.424217,26.9731,1.2236,0.8949,0.062069,0.625498,-2.847988,180,0.195265,2045.0365,0.071298,0
817,34.8587,5850.73,5761.7613,12246.09,-5.5403430011,0.400961,0.475564,41.402,1.1827,0.6912,0.053798,0.569128,-0.705192,173,0.185936,1963.8083,0.071664,0
818,34.9013,5817.24,5758.336,12152.34,-5.7496626822,0.215294,0.461033,41.6092,1.2207,0.8297,0.056045,0.583678,0.689801,171,0.177294,2005.4604,0.071542,0
819,34.944,6138.7,5835.4498,12386.72,-6.848043025,0.236925,0.390661,18.9001,1.2154,0.9908,0.068033,0.667421,-5.061773,150,0.19506,2049.9062,0.08375,0
820,34.9867,6101.09,5890.2581,12492.19,-6.4766887174,0.185969,0.411698,24.043,1.215,0.8899,0.064237,0.657243,-1.75185,196,0.179132,1958.6711,0.083628,0
821,35.0293,6033.98,5873.5223,12363.28,-6.2038071528,0.218735,0.432171,28.7337,1.1927,0.8017,0.060724,0.608448,-3.468711,186,0.191489,1990.0704,0.077036,0
822,35.072,6093.72,5881.9116,12492.19,-6.1452778253,0.408238,0.438301,27.8584,1.1203,0.5757,0.059705,0.623407,-5.135978,166,0.183458,1883.3836,0.08839,0
823,35.1147,6282.72,5944.6001,12750.0,-6.7511592535,0.290203,0.396416,20.7962,1.1904,0.8616,0.066975,0.673869,-4.796377,181,0.194187,2041.7306,0.085215,0
