frame,time,centroid,spread,rolloff,slope,obsir_std,flatness,crest,skewness,kurtosis,tonality,entropy,tpr,n_peaks,flux,irregularity,zcr,gated
0,0.0,0.0,0.0,0.0,0.0,0.0,0.0,0.0,0.0,0.0,0.0,0.0,0.0,0,0.0,0.0,0.0,1
1,0.0427,0.0,0.0,0.0,0.0,0.0,0.0,0.0,0.0,0.0,0.0,0.0,0.0,0,0.0,0.0,0.0,1
2,0.0853,0.0,0.0,0.0,0.0,0.0,0.0,0.0,0.0,0.0,0.0,0.0,0.0,0,0.0,0.0,0.0,1
3,0.128,0.0,0.0,0.0,0.0,0.0,0.0,0.0,0.0,0.0,0.0,0.0,0.0,0,0.0,0.0,0.0,1
4,0.1707,0.0,0.0,0.0,0.0,0.0,0.0,0.0,0.0,0.0,0.0,0.0,0.0,0,0.0,0.0,0.0,1
5,0.2133,0.0,0.0,0.0,0.0,0.0,0.0,0.0,0.0,0.0,0.0,0.0,0.0,0,0.0,0.0,0.0,1
6,0.256,0.0,0.0,0.0,0.0,0.0,0.0,0.0,0.0,0.0,0.0,0.0,0.0,0,0.0,0.0,0.0,1
7,0.2987,0.0,0.0,0.0,0.0,0.0,0.0,0.0,0.0,0.0,0.0,0.0,0.0,0,0.0,0.0,0.0,1
8,0.3413,0.0,0.0,0.0,0.0,0.0,0.0,0.0,0.0,0.0,0.0,0.0,0.0,0,0.0,0.0,0.0,1
9,0.384,0.0,0.0,0.0,0.0,0.0,0.0,0.0,0.0,0.0,0.0,0.0,0.0,0,0.0,0.0,0.0,1
10,0.4267,0.0,0.0,0.0,0.0,0.0,0.0,0.0,0.0,0.0,0.0,0.0,0.0,0,0.0,0.0,0.0,1
11,0.4693,0.0,0.0,0.0,0.0,0.0,0.0,0.0,0.0,0.0,0.0,0.0,0.0,0,0.0,0.0,0.0,1
12,0.512,0.0,0.0,0.0,0.0,0.0,0.0,0.0,0.0,0.0,0.0,0.0,0.0,0,0.0,0.0,0.0,1
13,0.5547,0.0,0.0,0.0,0.0,0.0,0.0,0.0,0.0,0.0,0.0,0.0,0.0,0,0.0,0.0,0.0,1
14,0.5973,0.0,0.0,0.0,0.0,0.0,0.0,0.0,0.0,0.0,0.0,0.0,0.0,0,0.0,0.0,0.0,1
15,0.64,0.0,0.0,0.0,0.0,0.0,0.0,0.0,0.0,0.0,0.0,0.0,0.0,0,0.0,0.0,0.0,1
16,0.6827,0.0,0.0,0.0,0.0,0.0,0.0,0.0,0.0,0.0,0.0,0.0,0.0,0,0.0,0.0,0.0,1
17,0.7253,0.0,0.0,0.0,0.0,0.0,0.0,0.0,0.0,0.0,0.0,0.0,0.0,0,0.0,0.0,0.0,1
18,0.768,0.0,0.0,0.0,0.0,0.0,0.0,0.0,0.0,0.0,0.0,0.0,0.0,0,0.0,0.0,0.0,1
19,0.8107,0.0,0.0,0.0,0.0,0.0,0.0,0.0,0.0,0.0,0.0,0.0,0.0,0,0.0,0.0,0.0,1
20,0.8533,0.0,0.0,0.0,0.0,0.0,0.0,0.0,0.0,0.0,0.0,0.0,0.0,0,0.0,0.0,0.0,1
21,0.896,0.0,0.0,0.0,0.0,0.0,0.0,0.0,0.0,0.0,0.0,0.0,0.0,0,0.0,0.0,0.0,1
22,0.9387,0.0,0.0,0.0,0.0,0.0,0.0,0.0,0.0,0.0,0.0,0.0,0.0,0,0.0,0.0,0.0,1
23,0.9813,0.0,0.0,0.0,0.0,0.0,0.0,0.0,0.0,0.0,0.0,0.0,0.0,0,0.0,0.0,0.0,1
24,1.024,0.0,0.0,0.0,0.0,0.0,0.0,0.0,0.0,0.0,0.0,0.0,0.0,0,0.0,0.0,0.0,1
25,1.0667,0.0,0.0,0.0,0.0,0.0,0.0,0.0,0.0,0.0,0.0,0.0,0.0,0,0.0,0.0,0.0,1
26,1.1093,0.0,0.0,0.0,0.0,0.0,0.0,0.0,0.0,0.0,0.0,0.0,0.0,0,0.0,0.0,0.0,1
27,1.152,0.0,0.0,0.0,0.0,0.0,0.0,0.0,0.0,0.0,0.0,0.0,0.0,0,0.0,0.0,0.0,1
28,1.1947,0.0,0.0,0.0,0.0,0.0,0.0,0.0,0.0,0.0,0.0,0.0,0.0,0,0.0,0.0,0.0,1
29,1.2373,0.0,0.0,0.0,0.0,0.0,0.0,0.0,0.0,0.0,0.0,0.0,0.0,0,0.0,0.0,0.0,1
30,1.28,0.0,0.0,0.0,0.0,0.0,0.0,0.0,0.0,0.0,0.0,0.0,0.0,0,0.0,0.0,0.0,1
31,1.3227,0.0,0.0,0.0,0.0,0.0,0.0,0.0,0.0,0.0,0.0,0.0,0.0,0,0.0,0.0,0.0,1
32,1.3653,0.0,0.0,0.0,0.0,0.0,0.0,0.0,0.0,0.0,0.0,0.0,0.0,0,0.0,0.0,0.0,1
33,1.408,9308.97,7871.8247,18562.5,-8.1499415085,0.217022,0.32476,10.4011,0.8146,0.1697,0.081406,0.787964,-17.258699,21,0.0,1128.3265,0.035161,0
34,1.4507,9084.39,7754.7251,18398.44,-6.800627013,0.187078,0.403563,17.9379,0.7802,-0.0516,0.065681,0.749016,-6.043711,145,0.990266,2297.2806,0.107801,0
35,1.4933,9327.59,7834.5994,18574.22,-7.0276373292,0.120435,0.385482,14.1437,0.7373,-0.1189,0.068999,0.759115,-6.170048,139,0.657109,2793.0978,0.155048,0
36,1.536,9138.07,7669.6436,18363.28,-6.4743289834,0.126221,0.422863,19.951,0.7551,-0.1103,0.0623,0.749403,-6.643,140,0.679253,2618.1441,0.150043,0
37,1.5787,9078.67,7730.716,18410.16,-6.1582340901,0.177961,0.441792,23.5251,0.7566,-0.1835,0.05913,0.719564,-0.618695,176,0.702989,2676.7327,0.138078,0
38,1.6213,8884.11,7758.7938,18363.28,-6.3400890548,0.28058,0.426202,19.697,0.7973,-0.1118,0.061731,0.720379,-4.453643,166,0.716011,2692.142,0.141741,0
39,1.664,9041.58,7815.6842,18539.06,-6.3476784091,0.204066,0.43005,21.7392,0.7553,-0.2045,0.06108,0.727649,-5.899835,160,0.715422,2820.0708,0.144549,0
40,1.7067,8831.91,7755.7184,18292.97,-6.7456287878,0.275486,0.403294,17.2594,0.8057,-0.0698,0.06573,0.724531,-5.996776,154,0.680955,2648.1182,0.139177,0
41,1.7493,8886.92,7701.1012,18292.97,-6.33064423,0.205742,0.439027,22.0018,0.796,-0.118,0.059585,0.730959,-4.336271,157,0.694937,2759.5685,0.137834,0
42,1.792,8896.98,7645.4568,17976.56,-6.6288007704,0.110537,0.413524,18.8626,0.7963,-0.0284,0.063917,0.727349,-5.623929,157,0.702433,2686.7844,0.131974,0
43,1.8347,8903.3,7702.1359,18257.81,-6.2037118032,0.196702,0.442434,23.1748,0.7898,-0.1044,0.059025,0.725222,-3.663476,171,0.711319,2732.0966,0.142473,0
44,1.8773,9267.99,7777.5395,18656.25,-6.3808370968,0.136656,0.428594,20.2209,0.7256,-0.2326,0.061326,0.750322,-6.325501,134,0.688435,2588.1802,0.153583,0
45,1.92,9186.17,7753.5625,18410.16,-6.9196896527,0.214081,0.392351,15.0558,0.7489,-0.1199,0.067721,0.763232,-6.705844,147,0.694975,2519.5061,0.147479,0
46,1.9627,9004.15,7739.6451,18363.28,-6.6496650058,0.152457,0.416232,17.7895,0.7959,-0.0817,0.063444,0.752049,-7.319773,133,0.696306,2688.7855,0.146502,0
47,2.0053,9089.28,7756.1844,18421.88,-6.4087185446,0.206973,0.434978,20.6769,0.7637,-0.1486,0.060255,0.741176,-5.339841,155,0.674036,2507.5962,0.150165,0
48,2.048,9261.12,7750.8456,18656.25,-6.8362140439,0.170736,0.399247,15.3781,0.7494,-0.1136,0.06646,0.760674,-7.572408,134,0.663336,2728.7531,0.154926,0
49,2.0907,9132.61,7758.3489,18550.78,-6.9410747661,0.199282,0.392308,15.0987,0.798,-0.0417,0.067729,0.764432,-4.284575,165,0.680136,2691.6114,0.151508,0
50,2.1333,9062.63,7711.6023,18269.53,-6.7939272169,0.207884,0.404168,17.1011,0.8141,0.0197,0.065573,0.765668,-4.111922,154,0.699845,2642.2319,0.142962,0
51,2.176,8742.22,7777.0114,18175.78,-6.8962192878,0.227784,0.394976,16.5829,0.8126,-0.1054,0.067238,0.727533,-6.745037,136,0.695521,2524.334,0.140886,0
52,2.2187,9025.01,7761.1979,18128.91,-7.0193776839,0.197125,0.385314,14.9617,0.7998,-0.0177,0.069031,0.7537,-7.631127,153,0.672404,2785.1804,0.137346,0
53,2.2613,9258.13,7728.701,18550.78,-6.6896700775,0.248635,0.406532,16.7244,0.7216,-0.2034,0.065151,0.755974,-4.846294,140,0.68085,2692.0525,0.139543,0
54,2.304,9075.84,7798.7016,18468.75,-6.875166222,0.182964,0.393723,15.595,0.7833,-0.0892,0.067468,0.73752,-5.264247,149,0.689618,2693.9081,0.137956,0
55,2.3467,8731.21,7690.2405,18128.91,-5.7551882845,0.244985,0.473132,29.0267,0.7907,-0.1722,0.05417,0.691395,-2.873592,143,0.701356,2773.6048,0.131852,0
56,2.3893,9080.28,7742.1158,18433.59,-6.6738669954,0.161434,0.410689,17.2963,0.7959,-0.0689,0.064414,0.752487,-4.645129,135,0.693319,2799.2625,0.136247,0
57,2.432,8913.89,7747.4735,18246.09,-6.2681213146,0.151524,0.43231,20.6827,0.7838,-0.1436,0.060701,0.719175,-3.017355,157,0.695392,2585.6712,0.138567,0
58,2.4747,8780.23,7721.2964,18222.66,-6.4470233828,0.185239,0.423038,20.0612,0.8053,-0.1042,0.06227,0.714367,-5.582017,139,0.713125,2744.2949,0.127579,0
59,2.5173,8642.63,7724.3572,18257.81,-5.419477181,0.262258,0.493551,36.2372,0.7605,-0.2791,0.051111,0.638043,-0.433234,190,0.723322,3033.3865,0.12294,0
60,2.56,9060.84,7724.057,18457.03,-6.7937538015,0.133411,0.408104,16.9737,0.7984,-0.0349,0.064872,0.756452,-7.202772,163,0.705712,2595.2962,0.141985,0
61,2.6027,9003.33,7785.968,18503.91,-6.2695043292,0.086597,0.443731,21.6728,0.7735,-0.1602,0.058813,0.727623,-6.351975,160,0.665096,2513.6963,0.149066,0
62,2.6453,8932.3,7730.3683,18304.69,-6.6932876643,0.245412,0.403222,17.3998,0.7935,-0.0565,0.065743,0.726111,-8.515036,133,0.685651,2748.5672,0.139177,0
63,2.688,8761.45,7756.0624,18257.81,-6.976768461,0.250367,0.38876,15.7061,0.8146,-0.0502,0.068386,0.732811,-5.171872,146,0.698419,2774.2403,0.13466,0
64,2.7307,8867.23,7792.1519,18246.09,-6.6154899161,0.198334,0.414487,18.4579,0.8025,-0.0729,0.063748,0.726052,-4.339245,120,0.690303,2624.2523,0.136125,0
65,2.7733,8967.19,7731.1022,18339.84,-6.897105901,0.175359,0.39917,15.799,0.8094,-0.0242,0.066474,0.744975,-6.044886,152,0.711193,2698.9985,0.142718,0
66,2.816,8807.93,7670.7364,17976.56,-6.4065716759,0.133326,0.426649,20.8573,0.8025,-0.0517,0.061655,0.727767,-5.093315,161,0.707198,2547.4713,0.138323,0
67,2.8587,8776.46,7763.605,18070.31,-6.8267507345,0.155214,0.400388,16.9255,0.8161,-0.0485,0.066253,0.738326,-10.238274,137,0.708001,2676.5732,0.134904,0
68,2.9013,9040.61,7764.8501,18269.53,-6.299286861,0.216541,0.433113,20.7195,0.7529,-0.1607,0.060566,0.712479,-5.664085,138,0.689611,2581.298,0.148211,0
69,2.944,9154.78,7769.1055,18468.75,-7.1952211268,0.211272,0.37086,14.051,0.7804,-0.0583,0.071798,0.761183,-5.485018,151,0.690698,2816.2303,0.153461,0
70,2.9867,8979.77,7833.7109,18480.47,-6.9086440093,0.191476,0.394669,15.5601,0.8064,-0.0735,0.067294,0.743424,-4.313963,168,0.699676,2753.3919,0.147113,0
71,3.0293,8952.58,7746.4963,18398.44,-6.7682374737,0.252488,0.401665,15.8783,0.8026,-0.0598,0.066023,0.744216,-5.533746,162,0.696036,2691.6045,0.144427,0
72,3.072,8991.55,7722.0408,18351.56,-6.611991014,0.150396,0.410339,18.7535,0.7958,-0.0547,0.064476,0.741275,-3.039725,160,0.701448,2462.1725,0.142351,0
73,3.1147,9065.95,7738.9311,18445.31,-6.7032464384,0.269283,0.407249,17.3874,0.7796,-0.0571,0.065023,0.740525,-4.548588,151,0.692319,2639.6795,0.138933,0
74,3.1573,8965.94,7728.503,18269.53,-6.1650162282,0.243813,0.445144,22.7907,0.7554,-0.2036,0.058583,0.722397,-3.573242,150,0.699947,2675.9202,0.134538,0
75,3.2,8864.25,7798.5379,18375.0,-6.9934788022,0.245262,0.383277,15.6334,0.813,-0.0371,0.069415,0.738177,-7.615576,142,0.689493,2645.4711,0.137956,0
76,3.2427,8907.49,7793.7291,18457.03,-6.4302634709,0.220025,0.424605,19.3616,0.7601,-0.2376,0.062002,0.718881,-9.617231,139,0.69061,2579.6708,0.141497,0
77,3.2853,9005.52,7691.3906,18292.97,-6.67213549,0.312761,0.409025,17.7997,0.7879,-0.0828,0.064708,0.7503,-7.089885,147,0.709973,2659.7099,0.13991,0
78,3.328,8996.77,7748.6179,18480.47,-6.8397649546,0.300535,0.400151,16.9813,0.8214,-0.0275,0.066296,0.750712,-6.643154,158,0.696433,2837.1815,0.144915,0
79,3.3707,9226.18,7781.6378,18609.38,-6.9766379118,0.120811,0.387294,14.7327,0.7531,-0.1281,0.06866,0.762161,-6.966475,159,0.70805,2744.8658,0.150653,0
80,3.4133,9180.65,7672.6362,18257.81,-7.170449766,0.162415,0.37917,14.2731,0.8051,0.0519,0.070194,0.775342,-5.709932,157,0.70404,2821.6404,0.145037,0
81,3.456,8971.36,7709.3055,18515.62,-6.2322211943,0.160449,0.449074,22.6061,0.7934,-0.1362,0.057947,0.739771,-5.05874,140,0.676821,2668.1478,0.134782,0
82,3.4987,8888.08,7828.6918,18386.72,-6.9335748239,0.131606,0.391376,15.698,0.8036,-0.0669,0.067901,0.734204,-7.029374,141,0.685892,2856.0302,0.136003,0
83,3.5413,9182.68,7686.524,18445.31,-6.7119399652,0.157622,0.404811,16.111,0.7594,-0.093,0.065458,0.756545,-4.849799,147,0.68634,2675.131,0.147479,0
84,3.584,8726.19,7749.668,18210.94,-6.1875357916,0.124957,0.445643,24.0552,0.7954,-0.1774,0.058502,0.702729,-4.131203,154,0.717342,2694.7122,0.138811,0
85,3.6267,8860.64,7689.0825,18210.94,-6.5831885822,0.234247,0.417049,18.9121,0.8068,-0.0614,0.063302,0.741279,-8.010509,152,0.71935,2619.7318,0.13527,0
86,3.6693,8877.76,7762.9241,18351.56,-6.3569373214,0.19179,0.437526,21.5505,0.7877,-0.1499,0.059833,0.72312,-7.035799,143,0.699179,2543.6967,0.144793,0
87,3.712,9175.48,7778.2595,18585.94,-6.7037872518,0.199581,0.403676,17.4975,0.7682,-0.107,0.065661,0.745401,-7.269203,163,0.679672,2888.2981,0.13991,0
88,3.7547,8861.56,7691.8618,18105.47,-6.4133188621,0.238722,0.423144,19.5925,0.7859,-0.1092,0.062252,0.712879,-4.24576,143,0.686447,2578.7184,0.142351,0
89,3.7973,9012.03,7810.8565,18433.59,-6.7929225431,0.229082,0.400983,16.7781,0.7938,-0.0837,0.066146,0.749308,-6.850139,154,0.738416,2762.6781,0.151996,0
90,3.84,9085.83,7643.006,18210.94,-6.611593956,0.17685,0.416024,18.2663,0.7795,-0.0609,0.06348,0.755365,-5.378698,152,0.699329,2582.0464,0.149676,0
91,3.8827,9054.44,7768.8407,18609.38,-7.0272245485,0.251467,0.387735,14.4999,0.7895,-0.0906,0.068578,0.759277,-7.021281,144,0.717442,2737.0989,0.141375,0
92,3.9253,8848.0,7708.0085,18210.94,-6.6192550974,0.260072,0.422134,18.4692,0.8075,-0.085,0.062425,0.743564,-4.337222,147,0.69091,2690.1334,0.136858,0
93,3.968,9134.84,7780.5265,18468.75,-6.783766802,0.184672,0.401838,15.8149,0.7395,-0.1723,0.065991,0.743015,-7.670789,122,0.679434,2618.6978,0.136735,0
94,4.0107,8969.24,7753.4827,18457.03,-6.4432067607,0.213624,0.426317,19.2513,0.7773,-0.1217,0.061711,0.727689,-6.441723,152,0.679581,2673.8422,0.14284,0
95,4.0533,9137.44,7802.932,18621.09,-6.8920611123,0.299295,0.390354,15.4131,0.7723,-0.104,0.06809,0.745317,-7.584321,146,0.695544,2796.0375,0.150653,0
96,4.096,9055.47,7738.473,18328.12,-6.2068351202,0.203194,0.439787,21.5241,0.7726,-0.1224,0.05946,0.737801,-3.579723,165,0.711148,2613.1865,0.143572,0
97,4.1387,9051.71,7741.9156,18445.31,-6.6008123245,0.17339,0.408685,18.5263,0.7717,-0.1258,0.064769,0.732069,-5.921018,158,0.722256,2777.4267,0.134172,0
98,4.1813,8832.09,7747.0796,18210.94,-6.6769158441,0.184601,0.40861,19.075,0.8025,-0.0774,0.064782,0.723884,-4.251561,143,0.696663,2644.9504,0.138933,0
99,4.224,9110.72,7716.8115,18398.44,-6.3017340258,0.147739,0.442202,20.0443,0.7688,-0.1099,0.059063,0.738359,-3.35292,162,0.700831,2537.5545,0.147357,0
100,4.2667,8910.09,7762.8239,18316.41,-6.7403789951,0.264855,0.401064,16.3557,0.802,-0.0591,0.066131,0.739754,-6.055201,149,0.691955,2686.8807,0.14931,0
101,4.3093,8887.99,7732.7009,18222.66,-6.839036078,0.173484,0.390994,16.292,0.7965,-0.0687,0.067972,0.73819,-6.573085,153,0.71328,2601.7284,0.143328,0
102,4.352,9043.65,7655.2131,18164.06,-6.581617429,0.213153,0.41551,18.8313,0.7662,-0.1099,0.06357,0.750109,-5.678596,158,0.71992,2586.3748,0.136613,0
103,4.3947,8951.86,7755.8089,18328.12,-6.4527020697,0.223747,0.426146,19.5613,0.7831,-0.1116,0.06174,0.735776,-4.980209,161,0.653946,2481.9741,0.139665,0
104,4.4373,8943.13,7756.2521,18234.38,-6.3913884773,0.266613,0.436011,20.4428,0.7722,-0.1601,0.060084,0.733994,-5.099636,151,0.66017,2581.2563,0.142107,0
105,4.48,8953.89,7806.4198,18351.56,-6.8407638301,0.159614,0.390728,15.9286,0.7855,-0.1079,0.068021,0.731074,-4.726555,160,0.711355,2645.4671,0.140886,0
106,4.5227,8898.58,7732.9039,18304.69,-6.7035933515,0.170228,0.404342,17.263,0.8002,-0.0777,0.065542,0.740519,-4.290013,137,0.731907,2787.5821,0.146869,0
107,4.5653,8919.46,7661.649,18128.91,-6.4814429411,0.108208,0.425269,20.1815,0.7846,-0.0734,0.061889,0.72464,-2.374992,160,0.70206,2725.5317,0.148089,0
108,4.608,9176.29,7832.7158,18503.91,-6.4410671597,0.135844,0.42791,18.7263,0.7518,-0.1692,0.061441,0.732318,-5.868762,155,0.693463,2545.9493,0.148089,0
109,4.6507,8885.88,7696.4184,18187.5,-5.9750074894,0.21709,0.461961,24.8878,0.758,-0.2067,0.055899,0.716675,-4.859113,141,0.703922,2757.3811,0.138933,0
110,4.6933,8930.33,7738.0951,18210.94,-6.3867097176,0.121052,0.429846,21.1124,0.7674,-0.1343,0.061114,0.712582,-4.941179,151,0.703734,2637.859,0.136003,0
111,4.736,9000.89,7829.1465,18480.47,-6.5781106552,0.126307,0.415071,19.6245,0.7529,-0.2126,0.063646,0.719388,-6.582099,133,0.675679,2622.5479,0.14284,0
112,4.7787,9021.85,7736.5777,18316.41,-6.0367963322,0.151436,0.454072,23.7404,0.7388,-0.2192,0.057146,0.711686,-3.171392,155,0.685991,2613.5825,0.138689,0
113,4.8213,8934.66,7778.5631,18433.59,-6.5361745421,0.209853,0.42199,18.7293,0.8037,-0.0925,0.06245,0.736658,-7.788799,161,0.709776,2615.4827,0.142962,0
114,4.864,8886.3,7714.8589,18222.66,-6.9141402432,0.141492,0.396076,15.3544,0.7965,-0.077,0.067037,0.750395,-8.073761,166,0.729705,2573.5274,0.143694,0
115,4.9067,9027.89,7693.1485,18187.5,-6.6032425075,0.086517,0.413184,18.8171,0.7916,-0.0256,0.063976,0.734315,-4.128406,145,0.681135,2528.1717,0.138811,0
116,4.9493,8960.7,7798.077,18433.59,-6.4989644668,0.112791,0.417826,19.202,0.7693,-0.148,0.063167,0.710276,-7.863013,142,0.690373,2691.5033,0.136247,0
117,4.992,9251.92,7783.7843,18691.41,-6.8603953623,0.297917,0.394383,15.2824,0.7504,-0.1282,0.067347,0.750978,-6.289613,142,0.700874,2609.3459,0.14052,0
118,5.0347,8924.83,7757.8229,18281.25,-6.5387007167,0.141332,0.422667,19.3432,0.7864,-0.1065,0.062334,0.722033,-5.776979,153,0.691047,2647.9841,0.145037,0
119,5.0773,8914.37,7727.2884,18257.81,-5.9280043953,0.231455,0.459071,26.2309,0.7702,-0.1998,0.056353,0.706694,-3.640035,160,0.702361,2813.3692,0.139788,0
120,5.12,8858.61,7794.9654,18410.16,-6.9201168833,0.205774,0.391053,15.8918,0.8123,-0.0612,0.067961,0.737245,-5.374997,149,0.702003,2639.587,0.134782,0
121,5.1627,8645.99,7702.2017,18117.19,-6.2631426267,0.195306,0.435671,22.5635,0.8214,-0.0931,0.06014,0.707101,-7.48404,143,0.746397,2546.6309,0.136613,0
122,5.2053,9062.17,7815.8779,18597.66,-7.5863572693,0.209665,0.3524,12.3686,0.7989,-0.0286,0.075494,0.756733,-4.899308,147,0.689799,2832.6148,0.145403,0
123,5.248,8956.1,7708.8715,18375.0,-6.2524224797,0.189566,0.441615,23.5152,0.7596,-0.1985,0.059159,0.725395,-6.095495,143,0.689487,2619.7112,0.143938,0
124,5.2907,9029.92,7775.7634,18281.25,-6.7156951675,0.182946,0.399847,16.4228,0.8017,-0.0021,0.066351,0.744032,-6.659256,139,0.708655,2649.852,0.142229,0
125,5.3333,8896.61,7654.5095,18316.41,-6.3941391265,0.233785,0.433904,20.4312,0.7919,-0.1187,0.060434,0.74192,-3.64131,140,0.695792,2607.367,0.1487,0
126,5.376,9270.84,7750.7268,18679.69,-7.0153391059,0.193874,0.387584,15.0691,0.7616,-0.0713,0.068606,0.762591,-5.90996,145,0.69691,2779.7445,0.149921,0
127,5.4187,9130.61,7772.3837,18574.22,-6.6069347843,0.18472,0.415298,18.1854,0.7495,-0.1674,0.063607,0.756744,-5.481908,170,0.690079,2769.0659,0.152729,0
128,5.4613,8889.7,7614.2399,18187.5,-6.4696486131,0.128349,0.425397,20.9836,0.7663,-0.1413,0.061868,0.730941,-7.005393,150,0.704166,2542.0167,0.155048,0
129,5.504,9267.52,7700.9039,18550.78,-6.7312156768,0.226218,0.40939,17.9414,0.7534,-0.1079,0.064644,0.768631,-6.700832,143,0.693848,2510.8222,0.147357,0
130,5.5467,9007.71,7723.7462,18550.78,-5.9167387225,0.2008,0.462365,26.2719,0.7567,-0.1957,0.055836,0.694565,-7.592876,143,0.672625,2764.3,0.137956,0
131,5.5893,8844.09,7804.7398,18304.69,-6.4918894231,0.175905,0.421275,21.1176,0.7911,-0.1396,0.062572,0.72007,-3.485229,156,0.675927,2603.6539,0.137468,0
132,5.632,8849.86,7673.1201,18152.34,-6.3914960151,0.14683,0.433136,21.881,0.7816,-0.1173,0.060563,0.730164,-2.556901,185,0.69771,2732.4506,0.136613,0
133,5.6747,8881.69,7767.6101,18304.69,-6.8628198404,0.24466,0.395544,16.133,0.8111,-0.0368,0.067134,0.724545,-6.063891,149,0.66956,2658.9838,0.138445,0
134,5.7173,8967.42,7799.4617,18468.75,-6.2749643712,0.269874,0.440583,21.049,0.7587,-0.2184,0.059329,0.718586,-6.651505,138,0.682604,2684.0394,0.146258,0
135,5.76,9237.45,7770.9952,18597.66,-6.468761266,0.305902,0.429701,19.1707,0.7659,-0.1261,0.061139,0.757989,-4.969165,128,0.668562,2633.8555,0.147113,0
136,5.8027,9202.05,7860.9481,18714.84,-6.8112841218,0.105356,0.403651,16.0332,0.7404,-0.194,0.065666,0.755011,-8.963445,123,0.655832,2639.4306,0.149432,0
137,5.8453,9234.27,7789.4319,18550.78,-6.5691353284,0.180565,0.418672,17.8176,0.7541,-0.1379,0.063021,0.755332,-7.002819,152,0.667434,2678.1851,0.145526,0
138,5.888,9078.23,7679.3621,18328.12,-6.4033691963,0.154884,0.434684,20.9011,0.7744,-0.092,0.060304,0.738589,-3.239017,161,0.696998,2723.6653,0.141008,0
139,5.9307,9002.02,7710.0959,18257.81,-6.1248168505,0.208329,0.454169,23.7062,0.7581,-0.1764,0.05713,0.699478,-5.4681,137,0.662225,2638.5938,0.140154,0
140,5.9733,8841.43,7702.9857,18164.06,-6.4530965079,0.281069,0.425788,20.1879,0.7869,-0.1162,0.061801,0.716911,-4.298678,142,0.717799,2601.3236,0.142718,0
141,6.016,8946.96,7736.8488,18257.81,-6.7108505448,0.303,0.407622,17.0723,0.8135,-0.0247,0.064957,0.743588,-4.079519,146,0.709552,2667.6354,0.143694,0
142,6.0587,8864.28,7718.8352,18222.66,-6.6392674699,0.24823,0.407583,18.6031,0.7895,-0.106,0.064964,0.737464,-4.95674,143,0.706088,2828.787,0.138567,0
143,6.1013,8982.97,7740.1861,18304.69,-6.561784571,0.288939,0.417408,18.6412,0.7737,-0.1089,0.06324,0.7358,-4.870132,143,0.670363,2779.4517,0.143694,0
144,6.144,9125.85,7809.3733,18703.12,-6.9130321143,0.215299,0.388988,15.355,0.7713,-0.1501,0.068344,0.756632,-5.916571,122,0.707885,2779.6956,0.141863,0
145,6.1867,8604.72,7771.7717,18152.34,-6.4662807512,0.263507,0.422825,20.835,0.8102,-0.1174,0.062307,0.699975,-5.068997,153,0.703347,2608.5867,0.132951,0
146,6.2293,9120.27,7765.3709,18433.59,-6.804902092,0.165397,0.397068,16.7921,0.7589,-0.1367,0.066856,0.745449,-6.882993,150,0.704255,2713.5086,0.140764,0
147,6.272,9007.37,7704.1224,18351.56,-6.6112995683,0.237953,0.421344,18.462,0.7929,-0.0625,0.062561,0.747693,-7.609464,168,0.679886,2607.7061,0.141131,0
148,6.3147,8737.93,7784.6781,18105.47,-6.2158649111,0.089866,0.438667,21.9846,0.7691,-0.2074,0.059644,0.684563,-10.680129,148,0.68918,2615.5398,0.131242,0
149,6.3573,8776.84,7778.6471,18292.97,-6.5316455527,0.168149,0.418358,20.2845,0.8085,-0.0987,0.063075,0.725345,-6.500971,157,0.685563,2613.2369,0.136247,0
150,6.4,9002.11,7760.3874,18304.69,-6.4007855417,0.21193,0.42812,20.4998,0.7744,-0.1174,0.061406,0.729812,-3.877599,126,0.694359,2623.4925,0.14345,0
151,6.4427,8712.87,7726.6142,18070.31,-6.4138997013,0.20213,0.432669,21.7236,0.8145,-0.084,0.060641,0.711384,-7.861385,147,0.690954,2505.5357,0.141619,0
152,6.4853,8861.13,7693.7535,17988.28,-6.5141838933,0.230888,0.416582,19.2714,0.8154,-0.0197,0.063383,0.720563,-5.885325,147,0.716257,2612.7888,0.13466,0
153,6.528,8963.91,7755.0209,18421.88,-6.2413833766,0.14976,0.437974,21.2987,0.7703,-0.1743,0.059759,0.730505,-7.679316,141,0.726463,2674.644,0.134538,0
154,6.5707,8989.69,7805.7884,18539.06,-6.1210170784,0.164937,0.454788,23.2625,0.7467,-0.243,0.057032,0.7124,-3.231729,132,0.708238,2662.8851,0.138811,0
155,6.6133,8784.19,7697.4212,18269.53,-7.0375392637,0.184288,0.390852,15.4233,0.8532,0.0675,0.067998,0.75162,-6.638157,135,0.695126,2753.468,0.138811,0
156,6.656,8800.57,7672.3343,18128.91,-6.7334374825,0.192848,0.407399,17.3859,0.8253,0.0087,0.064997,0.72195,-5.13528,160,0.698309,2570.3819,0.137224,0
157,6.6987,8882.63,7710.7553,18011.72,-6.8137018285,0.24628,0.404059,17.2839,0.7998,-0.0669,0.065592,0.740264,-5.502234,145,0.705026,2620.9726,0.132462,0
158,6.7413,8734.25,7793.8266,18328.12,-5.9013500415,0.28623,0.46639,27.4421,0.7793,-0.2383,0.055208,0.691125,-5.28086,148,0.728018,2672.9105,0.121841,0
159,6.784,8723.61,7657.8663,18093.75,-6.0268259545,0.244605,0.447945,24.8917,0.7898,-0.1378,0.058129,0.685037,-5.809524,143,0.691988,2723.9622,0.130265,0
160,6.8267,8834.54,7759.4187,18339.84,-6.7163465107,0.221155,0.409394,17.0565,0.8158,-0.081,0.064643,0.734611,-6.683589,130,0.715245,2521.2785,0.141741,0
161,6.8693,8739.99,7738.9798,18058.59,-6.4908021062,0.259207,0.418424,19.021,0.8192,-0.0449,0.063064,0.702319,-8.42602,153,0.69876,2718.0379,0.138078,0
162,6.912,8986.89,7765.5087,18375.0,-7.0101898942,0.284384,0.385912,15.6246,0.8055,-0.0227,0.068919,0.750467,-6.672194,141,0.709557,2724.1966,0.145037,0
163,6.9547,9163.08,7781.1328,18468.75,-6.5153280479,0.261947,0.421615,19.5123,0.7564,-0.127,0.062514,0.740512,-5.365237,143,0.645116,2665.0121,0.145892,0
164,6.9973,9060.95,7837.0067,18457.03,-6.923364583,0.272628,0.394752,16.3358,0.7972,-0.0501,0.067279,0.750479,-7.256478,155,0.664943,2782.7086,0.139299,0
165,7.04,8809.19,7698.9337,18140.62,-6.1874691955,0.249207,0.451189,23.1024,0.8084,-0.1016,0.057607,0.721301,-5.206931,143,0.669861,2597.6441,0.14052,0
166,7.0827,8809.19,7666.5463,18046.88,-6.3451255019,0.198764,0.435537,21.4937,0.7948,-0.0849,0.060163,0.706429,-7.675462,138,0.701001,2800.4533,0.143938,0
167,7.1253,8898.61,7735.5247,18363.28,-6.7141840315,0.117887,0.405718,17.4164,0.7836,-0.0833,0.065296,0.727321,-3.294013,150,0.714705,2800.4672,0.138078,0
168,7.168,9146.59,7784.4239,18410.16,-6.9575493797,0.176757,0.387166,14.9437,0.7773,-0.0821,0.068684,0.751053,-7.41409,161,0.682883,2831.0267,0.139055,0
169,7.2107,9030.93,7723.1945,18339.84,-7.3830872659,0.151924,0.362169,13.1669,0.8279,0.0676,0.073515,0.768499,-6.47487,139,0.682054,2880.9984,0.145648,0
170,7.2533,9078.99,7811.4402,18621.09,-6.8070679128,0.207923,0.401382,16.6029,0.7848,-0.1131,0.066074,0.743776,-8.383388,131,0.696381,2666.2907,0.147601,0
171,7.296,9203.43,7767.8618,18644.53,-6.5640679096,0.348512,0.415004,18.0217,0.7491,-0.1464,0.063658,0.752243,-6.515044,164,0.682332,2723.4353,0.150775,0
172,7.3387,8999.79,7693.8187,18375.0,-6.1314904241,0.227312,0.452167,22.5584,0.759,-0.1742,0.05745,0.733569,-3.258971,143,0.696188,2544.2229,0.147357,0
173,7.3813,8854.63,7703.2981,18128.91,-6.3127682223,0.2209,0.436766,21.0093,0.7769,-0.1222,0.059958,0.71656,-6.852738,168,0.694351,2801.6021,0.138445,0
174,7.424,8676.84,7708.457,18035.16,-6.113893153,0.185969,0.450676,25.7097,0.7657,-0.2116,0.057689,0.696706,-4.674295,144,0.700441,2590.2067,0.136369,0
175,7.4667,8757.13,7788.5836,18246.09,-7.0124631386,0.16973,0.383286,15.2344,0.8072,-0.0906,0.069413,0.729226,-5.431401,150,0.701857,2627.0233,0.137224,0
176,7.5093,8964.71,7743.4738,18375.0,-6.3625218365,0.217456,0.435623,20.9247,0.7591,-0.1764,0.060148,0.714905,-3.082749,155,0.720363,2554.0105,0.139177,0
177,7.552,8971.92,7735.7475,18257.81,-6.7114569751,0.117673,0.403331,16.9999,0.8034,-0.0607,0.065723,0.747841,-6.467041,144,0.715726,2675.1932,0.141497,0
178,7.5947,9022.21,7794.8492,18292.97,-6.5838497645,0.177149,0.417669,18.2884,0.769,-0.1243,0.063195,0.745785,-4.550046,140,0.708353,2632.2478,0.145648,0
179,7.6373,9071.5,7760.0335,18421.88,-7.211622814,0.107611,0.372392,13.7765,0.8081,0.0126,0.0715,0.76023,-7.03482,158,0.7067,2738.8019,0.142229,0
180,7.68,8928.85,7706.602,18281.25,-6.616797295,0.199526,0.411299,17.2721,0.7928,-0.0765,0.064307,0.740006,-8.375659,140,0.737084,2602.1154,0.14052,0
181,7.7227,9341.98,7788.2491,18703.12,-7.3560523627,0.135086,0.363818,12.5941,0.7549,-0.1118,0.073186,0.781807,-7.21908,129,0.705158,2770.013,0.150165,0
182,7.7653,9017.13,7801.8552,18527.34,-6.9056333789,0.250123,0.389162,15.9081,0.8004,-0.0496,0.068312,0.740311,-6.040907,153,0.695191,2785.4252,0.144549,0
183,7.808,8565.28,7673.7902,17976.56,-6.2927518584,0.214542,0.436826,22.5312,0.814,-0.0964,0.059949,0.686578,-10.285401,148,0.706056,2594.898,0.138811,0
184,7.8507,8993.86,7721.4342,18363.28,-6.2248218617,0.154131,0.436313,22.156,0.7587,-0.1784,0.060034,0.725634,-2.95888,178,0.703608,2724.2169,0.140642,0
185,7.8933,8906.38,7754.164,18468.75,-6.4068217122,0.199684,0.429516,21.039,0.7929,-0.0971,0.06117,0.709783,-6.292569,149,0.689603,2636.7094,0.140276,0
186,7.936,9143.9,7783.6198,18550.78,-6.7547621561,0.127392,0.407998,17.272,0.7836,-0.0591,0.06489,0.754863,-9.174591,149,0.690695,2794.3477,0.149432,0
187,7.9787,9090.3,7769.9024,18457.03,-6.8842396705,0.179077,0.396775,16.7808,0.7837,-0.0633,0.066909,0.755466,-5.68209,134,0.651839,2761.2668,0.152729,0
188,8.0213,9081.98,7730.9218,18304.69,-6.9118786918,0.14945,0.395714,15.5973,0.8106,0.0216,0.067103,0.757589,-4.351874,156,0.661278,2570.3486,0.146502,0
189,8.064,9036.64,7801.2888,18410.16,-6.8381372477,0.117501,0.391945,16.4176,0.7806,-0.0708,0.067796,0.743392,-7.763718,141,0.703935,2692.0818,0.145281,0
190,8.1067,8823.23,7787.6187,18281.25,-6.7161654712,0.169111,0.411087,17.496,0.8202,-0.0487,0.064344,0.74171,-5.248176,139,0.678403,2520.4793,0.144549,0
191,8.1493,9080.56,7736.3,18257.81,-6.3599959227,0.111489,0.428269,19.4567,0.7543,-0.1702,0.06138,0.737918,-4.698965,132,0.694966,2684.0305,0.144549,0
192,8.192,9063.76,7836.5021,18527.34,-6.7332282107,0.089679,0.404148,17.2401,0.772,-0.1341,0.065577,0.736691,-5.811596,132,0.698304,2733.6172,0.146869,0
193,8.2347,9050.48,7814.054,18503.91,-6.8814005439,0.165317,0.395812,15.8291,0.7749,-0.1196,0.067085,0.754343,-7.942351,138,0.688313,2807.0356,0.143694,0
194,8.2773,8800.84,7700.1354,18234.38,-6.4458554722,0.212468,0.423648,21.4473,0.8265,-0.0213,0.062166,0.727258,-4.344317,135,0.714904,2728.4109,0.137468,0
195,8.32,9009.82,7726.6576,18269.53,-6.6574540983,0.209023,0.411547,17.5274,0.79,-0.0526,0.064263,0.738225,-2.474392,142,0.684409,2615.9313,0.136369,0
196,8.3627,9018.42,7743.6461,18492.19,-6.2101051026,0.256352,0.43506,20.7027,0.7667,-0.1807,0.060242,0.729871,-3.379618,147,0.698493,2643.02,0.142229,0
197,8.4053,9025.19,7700.9006,18375.0,-6.1544930103,0.167245,0.45002,22.5601,0.7511,-0.2,0.057795,0.722631,-2.125436,153,0.703128,2630.031,0.147113,0
198,8.448,9338.53,7789.8806,18679.69,-6.3627033317,0.134635,0.427848,19.692,0.718,-0.237,0.061452,0.753758,-3.713377,144,0.700895,2724.2499,0.147479,0
199,8.4907,9022.24,7755.5994,18386.72,-6.335317919,0.258435,0.43144,20.8116,0.7899,-0.0595,0.060847,0.725962,-3.818085,158,0.68742,2636.7695,0.14577,0
200,8.5333,9187.69,7805.2039,18562.5,-6.8488346672,0.199544,0.397127,16.0876,0.7548,-0.1321,0.066845,0.750814,-5.177924,160,0.684427,2806.6201,0.145403,0
201,8.576,9201.69,7792.6394,18667.97,-6.5026914507,0.247534,0.425566,18.3964,0.762,-0.1358,0.061839,0.736899,-4.107484,131,0.684485,2615.8147,0.1487,0
202,8.6187,8849.25,7744.5247,18281.25,-6.4728381704,0.146415,0.423456,20.4228,0.7889,-0.1295,0.062199,0.720085,-4.791204,129,0.673283,2672.9355,0.143206,0
203,8.6613,9176.58,7781.8961,18597.66,-6.6453118448,0.167245,0.40829,16.9096,0.7361,-0.1924,0.064839,0.74293,-6.714845,154,0.695579,2644.195,0.146502,0
204,8.704,9082.43,7733.3808,18386.72,-6.9487904181,0.191009,0.390164,15.7418,0.8038,0.0142,0.068126,0.753915,-3.605925,145,0.708083,2736.2803,0.146869,0
205,8.7467,8854.9,7720.4187,18210.94,-6.4028060888,0.113209,0.431381,21.3741,0.772,-0.1565,0.060856,0.723523,-5.219511,120,0.682461,2556.6764,0.137346,0
206,8.7893,9145.73,7791.6873,18316.41,-6.4759599488,0.214766,0.425569,17.9478,0.7443,-0.1594,0.061838,0.746007,-8.480858,141,0.694753,2621.3466,0.1382,0
207,8.832,8918.54,7793.2806,18468.75,-6.4739909367,0.226354,0.427786,19.9271,0.7649,-0.1961,0.061462,0.716996,-6.056448,148,0.677955,2519.6461,0.148822,0
208,8.8747,9070.25,7729.6147,18281.25,-6.9824484916,0.194213,0.386475,14.6868,0.7747,-0.0601,0.068813,0.752633,-7.083369,134,0.687465,2715.5143,0.144183,0
209,8.9173,8874.31,7839.6991,18421.88,-6.795654054,0.236071,0.39434,17.2462,0.7857,-0.1338,0.067355,0.71364,-6.17984,150,0.714015,2828.5455,0.139299,0
210,8.96,8828.24,7750.8798,18316.41,-6.1998551634,0.178403,0.44671,23.7063,0.773,-0.1908,0.058329,0.706456,-7.7626,142,0.717074,2648.3,0.146502,0
211,9.0027,8922.37,7786.2871,18410.16,-6.8245196795,0.193621,0.404702,17.1655,0.7968,-0.1227,0.065477,0.745038,-6.78934,136,0.703259,2752.3472,0.142351,0
212,9.0453,8731.37,7715.9556,18210.94,-6.6018275183,0.228469,0.409222,20.0355,0.8059,-0.1004,0.064673,0.715386,-6.872043,137,0.687401,2838.3707,0.14052,0
213,9.088,8858.5,7795.0955,18457.03,-6.3195702432,0.149689,0.430339,20.8203,0.7978,-0.1334,0.061031,0.714415,-4.463841,142,0.72437,2623.7541,0.137956,0
214,9.1307,9062.7,7730.3984,18562.5,-6.6166538385,0.168849,0.41422,18.9784,0.7716,-0.1029,0.063795,0.745196,-7.925828,132,0.688301,2668.6466,0.13698,0
215,9.1733,8984.39,7713.3708,18187.5,-7.1470253566,0.279054,0.379981,14.6471,0.8378,0.0733,0.07004,0.762374,-6.807371,160,0.683172,2744.0015,0.148822,0
216,9.216,9097.11,7716.3861,18339.84,-6.3031591432,0.335541,0.431921,20.5517,0.7542,-0.132,0.060766,0.73691,-4.656574,141,0.685837,2548.5407,0.154438,0
217,9.2587,9103.07,7745.151,18480.47,-6.8239242488,0.251827,0.399692,15.7998,0.7885,-0.0958,0.066379,0.762975,-6.115683,150,0.696733,2722.8666,0.140154,0
218,9.3013,8640.55,7784.5282,18175.78,-6.3568200117,0.134941,0.428054,21.8891,0.8263,-0.1115,0.061417,0.691812,-6.016233,146,0.695282,2602.6784,0.132096,0
219,9.344,8924.29,7775.1056,18351.56,-6.7864997947,0.23889,0.397879,17.2132,0.8077,-0.0527,0.066708,0.74188,-8.208246,133,0.716784,2674.5918,0.134904,0
220,9.3867,9035.47,7734.277,18304.69,-6.526516956,0.311221,0.416752,18.5906,0.7869,-0.0909,0.063354,0.742484,-4.644127,159,0.69467,2654.0739,0.136247,0
221,9.4293,8838.84,7738.7088,18269.53,-6.6180339703,0.282115,0.407942,18.4065,0.7872,-0.137,0.0649,0.72935,-4.793224,151,0.709832,2487.851,0.133683,0
222,9.472,8904.73,7807.9869,18398.44,-6.7016829547,0.212356,0.402882,16.8541,0.8062,-0.0686,0.065804,0.724605,-6.591433,154,0.710242,2648.3183,0.130509,0
223,9.5147,8723.99,7659.5928,18082.03,-6.0539117733,0.213716,0.456871,24.1344,0.7822,-0.1773,0.056701,0.689158,-10.066925,150,0.71559,2814.5814,0.13173,0
224,9.5573,8734.88,7734.9249,18117.19,-6.1634077872,0.243506,0.441498,22.4636,0.7831,-0.1686,0.059179,0.692736,-7.336649,138,0.697903,2440.9854,0.138445,0
225,9.6,8962.12,7798.0669,18410.16,-6.815611826,0.204717,0.398484,15.6251,0.7801,-0.1106,0.066598,0.742335,-6.547247,140,0.727043,2745.6322,0.148578,0
226,9.6427,9181.08,7775.9147,18550.78,-6.476399716,0.210333,0.423867,19.0909,0.7633,-0.1279,0.062128,0.747873,-5.887989,171,0.713219,2658.2011,0.147845,0
227,9.6853,9004.51,7767.1427,18269.53,-6.9739288758,0.188719,0.383199,15.6655,0.8096,0.0034,0.069429,0.753395,-8.344998,155,0.661432,2770.7421,0.140642,0
228,9.728,8709.17,7686.1137,18035.16,-6.2419960447,0.14662,0.437673,23.9368,0.8042,-0.1024,0.059808,0.708252,-4.157537,145,0.686125,2713.0506,0.133927,0
229,9.7707,9130.14,7760.5143,18656.25,-6.0040136667,0.151971,0.450579,22.4919,0.7448,-0.2275,0.057705,0.725512,-7.405772,153,0.706673,2692.079,0.131974,0
230,9.8133,8776.59,7654.4856,18210.94,-6.3356611262,0.133375,0.430813,20.8692,0.8349,-0.0241,0.060952,0.725944,-4.867514,128,0.695221,2600.8141,0.138567,0
231,9.856,8899.8,7737.18,18199.22,-7.2553628076,0.139005,0.373857,13.339,0.8293,0.0438,0.071216,0.755252,-7.2589,143,0.665285,2619.3605,0.140276,0
232,9.8987,9029.35,7742.0237,18328.12,-6.7098194009,0.073058,0.406034,16.8887,0.7771,-0.0901,0.06524,0.748936,-4.987509,151,0.688291,2709.3081,0.145037,0
233,9.9413,8881.08,7755.0703,18292.97,-6.7558602942,0.203784,0.398674,17.1501,0.8031,-0.0995,0.066564,0.737134,-4.958667,145,0.705182,2549.084,0.142473,0
234,9.984,9057.24,7768.8804,18351.56,-7.2412888271,0.194005,0.371511,14.3369,0.7965,0.0141,0.071671,0.756534,-4.917101,154,0.691623,2723.8283,0.14345,0
235,10.0267,9142.43,7707.7083,18515.62,-6.7725153018,0.123046,0.406323,16.2521,0.7891,-0.039,0.065188,0.770957,-5.434597,143,0.662988,2785.1436,0.155414,0
236,10.0693,8871.76,7662.3976,18000.0,-6.2674574853,0.106556,0.437311,20.92,0.8082,-0.0472,0.059868,0.728545,-4.463155,162,0.72089,2599.6977,0.141375,0
237,10.112,8751.86,7705.3106,18199.22,-6.2940290084,0.09778,0.439608,22.8432,0.8249,-0.0919,0.059489,0.717278,-6.53368,149,0.688915,2397.1782,0.125626,0
238,10.1547,8812.91,7677.5686,18140.62,-5.699453553,0.20081,0.484906,31.9971,0.7668,-0.2142,0.05239,0.680257,-8.089337,130,0.72179,2834.2836,0.138445,0
239,10.1973,9410.97,7660.7501,18621.09,-6.121376791,0.156319,0.448453,22.3786,0.7181,-0.1836,0.058047,0.761264,-4.109925,144,0.692664,2781.162,0.151996,0
240,10.24,9111.87,7844.7322,18585.94,-7.2931946089,0.138571,0.367816,13.4252,0.7976,-0.0365,0.072395,0.757852,-7.699477,124,0.68902,2841.1059,0.141253,0
241,10.2827,9042.19,7709.717,18351.56,-6.3677947281,0.182153,0.436202,20.5835,0.7688,-0.123,0.060052,0.734659,-7.113307,149,0.679845,2556.6891,0.141253,0
242,10.3253,9176.41,7800.6559,18585.94,-6.1462758613,0.173925,0.446339,21.1195,0.7441,-0.2025,0.058389,0.724745,-7.815552,152,0.686471,2408.6889,0.146136,0
243,10.368,8675.28,7706.6939,18105.47,-6.6745656829,0.184502,0.417781,18.2529,0.8393,-0.0265,0.063175,0.723963,-6.239669,156,0.691276,2598.1973,0.140032,0
244,10.4107,8943.1,7690.4216,18210.94,-6.4328839078,0.177039,0.431838,20.1357,0.7947,-0.0733,0.06078,0.73895,-6.739838,149,0.704995,2536.0374,0.146991,0
245,10.4533,9028.81,7717.9832,18351.56,-7.2275969064,0.163026,0.382403,14.3818,0.7968,-0.0452,0.06958,0.775264,-6.349645,141,0.679131,2663.1655,0.146502,0
246,10.496,9093.01,7770.4931,18585.94,-6.9483761021,0.154323,0.38482,15.2081,0.7993,-0.0285,0.069124,0.748969,-4.213922,150,0.690757,2766.9374,0.147723,0
247,10.5387,9193.67,7799.809,18621.09,-6.9640785376,0.124051,0.390495,14.773,0.7654,-0.0677,0.068064,0.753445,-7.113116,139,0.695532,2839.9822,0.149554,0
248,10.5813,8778.68,7740.4582,18105.47,-6.6874293784,0.135496,0.408158,18.6359,0.8006,-0.0708,0.064862,0.728396,-5.319467,153,0.681032,2728.2108,0.146502,0
249,10.624,9123.51,7716.0127,18210.94,-6.7840482079,0.312123,0.408047,17.3472,0.794,-0.0064,0.064882,0.757225,-6.600836,163,0.677344,2562.3339,0.147845,0
250,10.6667,9167.27,7799.5359,18550.78,-6.7141865288,0.213051,0.400783,17.0065,0.7491,-0.1334,0.066182,0.737752,-3.986077,160,0.68364,2726.0303,0.142229,0
251,10.7093,8983.81,7766.6109,18269.53,-7.2163569469,0.279063,0.369794,13.2738,0.8337,0.0585,0.072007,0.75931,-5.16358,129,0.693948,2799.833,0.141985,0
252,10.752,9126.67,7708.3437,18421.88,-6.791402672,0.226615,0.407899,16.2273,0.7716,-0.0816,0.064908,0.752501,-3.043623,144,0.673572,2696.6644,0.148334,0
253,10.7947,9191.85,7752.7773,18562.5,-6.546590034,0.215391,0.418215,18.4231,0.7118,-0.2428,0.0631,0.746508,-4.268883,129,0.701992,2580.3647,0.147235,0
254,10.8373,8884.15,7768.9044,18363.28,-6.8351801165,0.159334,0.396039,15.9825,0.823,-0.033,0.067044,0.741796,-5.535449,145,0.683885,2789.938,0.145037,0
255,10.88,8952.49,7752.7159,18421.88,-6.7257139443,0.144427,0.401004,16.7572,0.7998,-0.044,0.066142,0.739345,-7.572323,129,0.691814,2635.7707,0.141619,0
256,10.9227,8797.85,7750.3587,18304.69,-6.7330611456,0.1263,0.410066,17.2339,0.7947,-0.1003,0.064524,0.715145,-5.292993,139,0.688256,2636.6055,0.145037,0
257,10.9653,9100.29,7761.6594,18445.31,-6.9604794862,0.166385,0.386422,14.5679,0.7884,-0.0429,0.068823,0.753575,-6.977144,128,0.721561,2745.6715,0.150165,0
258,11.008,8839.95,7731.8308,17988.28,-7.2840087972,0.166742,0.373714,14.1228,0.8579,0.1102,0.071243,0.760259,-7.442347,138,0.671199,2785.4536,0.145159,0
259,11.0507,8886.83,7683.8499,18105.47,-6.4498058943,0.170647,0.426187,20.0458,0.7963,-0.0976,0.061733,0.730946,-2.293912,147,0.684628,2658.2492,0.13991,0
260,11.0933,8802.87,7717.7154,18046.88,-6.8982071181,0.162153,0.399874,16.322,0.8342,0.023,0.066346,0.735287,-6.930446,146,0.674751,2730.6511,0.140276,0
261,11.136,9134.38,7833.2037,18597.66,-6.7476586978,0.217419,0.404044,16.3297,0.7588,-0.136,0.065595,0.745784,-4.852687,134,0.675614,2578.2946,0.14345,0
262,11.1787,8917.49,7682.2136,18246.09,-6.8307699339,0.195065,0.400685,17.0959,0.79,-0.0732,0.066199,0.749757,-5.797289,159,0.684605,2870.8599,0.141253,0
263,11.2213,8936.59,7695.9546,18199.22,-7.0632406339,0.1776,0.386296,13.8679,0.8208,0.0143,0.068847,0.759474,-7.464396,151,0.689317,2850.9531,0.138811,0
264,11.264,8849.96,7771.3994,18316.41,-6.2183451479,0.172825,0.442201,22.4897,0.7654,-0.2136,0.059063,0.711049,-2.506657,148,0.688355,2620.0335,0.136735,0
265,11.3067,9083.63,7776.8314,18304.69,-7.1772425521,0.218429,0.375177,14.2536,0.7927,-0.0212,0.070961,0.750256,-5.823637,137,0.686546,2855.0596,0.143938,0
266,11.3493,8990.2,7782.4357,18257.81,-6.1587352178,0.247903,0.439367,20.8532,0.7763,-0.126,0.059529,0.719193,-7.483528,138,0.707368,2626.5434,0.145159,0
267,11.392,9196.36,7781.8165,18609.38,-6.6460358442,0.115566,0.409682,17.7985,0.7529,-0.1431,0.064592,0.741669,-7.017875,134,0.699068,2681.8948,0.136003,0
268,11.4347,8775.49,7791.5116,18339.84,-6.1761981008,0.206357,0.445667,24.1637,0.7921,-0.1583,0.058498,0.71128,-6.158185,145,0.710313,2654.8967,0.137346,0
269,11.4773,8860.84,7777.0805,18281.25,-6.7532120139,0.280666,0.407025,18.0596,0.845,0.0233,0.065063,0.74074,-4.843558,163,0.699099,2678.1765,0.147113,0
270,11.52,8934.1,7720.0161,18363.28,-7.0452547464,0.165325,0.386357,14.6004,0.8018,-0.0432,0.068835,0.755919,-6.174901,153,0.685935,2598.2442,0.146746,0
271,11.5627,9041.14,7704.1626,18105.47,-6.6504964504,0.187261,0.413698,17.2712,0.8057,0.0017,0.063886,0.757964,-5.10778,173,0.707801,2718.9696,0.145892,0
272,11.6053,9160.09,7747.1598,18363.28,-6.5913175814,0.151666,0.414111,17.0934,0.7533,-0.132,0.063814,0.749913,-6.908118,153,0.68967,2681.8362,0.147601,0
273,11.648,8795.25,7636.2119,18175.78,-6.512682403,0.269229,0.427852,20.0475,0.8224,-0.0361,0.061451,0.731527,-2.401486,135,0.71582,2589.1299,0.134782,0
274,11.6907,8889.4,7806.8844,18398.44,-6.4144140089,0.077703,0.423899,20.3188,0.775,-0.1698,0.062123,0.713906,-5.465471,140,0.693111,2644.3589,0.135148,0
275,11.7333,9136.98,7756.6214,18585.94,-6.6167330403,0.180926,0.415783,18.0155,0.7551,-0.1588,0.063522,0.741814,-5.992619,151,0.677397,2667.743,0.136247,0
276,11.776,8931.46,7689.4876,18386.72,-6.2597923564,0.160066,0.435073,21.4031,0.7709,-0.1711,0.06024,0.734018,-4.09105,154,0.699905,2645.1886,0.146746,0
277,11.8187,9145.44,7751.1139,18457.03,-6.547913087,0.188793,0.416924,18.2049,0.7661,-0.1118,0.063324,0.752315,-3.651234,153,0.697512,2780.961,0.158589,0
278,11.8613,9239.5,7746.0355,18585.94,-6.6684071149,0.147361,0.415778,16.9706,0.767,-0.0784,0.063523,0.757497,-5.863157,125,0.660356,2627.5294,0.153217,0
279,11.904,9191.12,7785.8117,18468.75,-6.8743249869,0.198904,0.391469,15.4156,0.7671,-0.0788,0.067884,0.753646,-7.935478,136,0.665967,2639.2455,0.150043,0
280,11.9467,9103.67,7772.4617,18550.78,-7.3701073795,0.146933,0.361494,12.5817,0.8138,0.0345,0.07365,0.764621,-5.077885,168,0.698198,2946.6714,0.13991,0
281,11.9893,8817.26,7673.9825,18269.53,-6.4821874356,0.244134,0.424831,19.0497,0.816,-0.0617,0.061964,0.7183,-5.524376,161,0.6971,2588.8939,0.138811,0
282,12.032,9040.09,7813.5608,18539.06,-6.990067568,0.242023,0.384258,14.9622,0.7901,-0.086,0.06923,0.744016,-6.561689,146,0.701649,2764.597,0.144671,0
283,12.0747,8978.25,7781.1613,18363.28,-6.9661272088,0.288343,0.389002,15.6423,0.8132,-0.0125,0.068341,0.750815,-7.652916,140,0.692858,2787.4864,0.142473,0
284,12.1173,8692.77,7667.2251,18199.22,-5.607041393,0.17745,0.487239,33.351,0.7848,-0.1947,0.052043,0.672861,-3.807387,135,0.708765,2735.7626,0.128556,0
285,12.16,8853.39,7710.365,18152.34,-6.3518477854,0.235404,0.435177,22.0062,0.7805,-0.1625,0.060222,0.718453,-4.802411,143,0.688817,2706.3966,0.133805,0
286,12.2027,9112.44,7727.4205,18457.03,-6.7471957193,0.15522,0.409646,17.0972,0.7666,-0.1319,0.064599,0.756255,-5.180365,146,0.699144,2598.3696,0.147479,0
287,12.2453,8922.48,7766.5799,18339.84,-6.5144774039,0.133955,0.420559,19.114,0.7873,-0.1368,0.062696,0.738537,-6.712397,137,0.689121,2639.3125,0.147723,0
288,12.288,9051.05,7699.5096,18187.5,-6.583684439,0.205532,0.419559,19.9729,0.7881,-0.025,0.062868,0.743007,-8.866067,154,0.675697,2667.3613,0.141131,0
289,12.3307,9045.23,7691.308,18257.81,-6.7750051387,0.124629,0.403264,16.6705,0.7879,-0.0716,0.065735,0.76289,-5.116244,135,0.702124,2673.3253,0.139177,0
290,12.3733,8792.62,7655.3431,18117.19,-6.0504100797,0.09568,0.460329,25.0614,0.7792,-0.1632,0.056155,0.721508,-3.129699,171,0.715806,2694.6511,0.142107,0
291,12.416,9310.73,7757.6938,18714.84,-6.6816979397,0.278592,0.412259,16.8978,0.7559,-0.1248,0.064138,0.762847,-4.387046,147,0.704016,2628.0614,0.141863,0
292,12.4587,8647.33,7731.0811,18152.34,-6.8181696913,0.219618,0.400703,16.9273,0.8606,0.0108,0.066196,0.731471,-7.90974,148,0.724186,2718.8618,0.136858,0
293,12.5013,8899.35,7725.0867,18304.69,-6.5343057555,0.100795,0.422786,19.2222,0.7864,-0.1209,0.062313,0.736497,-4.832775,145,0.700666,2801.1972,0.13112,0
294,12.544,8896.37,7690.9667,18164.06,-6.3325591839,0.181622,0.431573,20.1951,0.7611,-0.1733,0.060824,0.730351,-4.894358,144,0.705965,2656.1507,0.139665,0
295,12.5867,9080.63,7685.9271,18398.44,-6.4975932774,0.257806,0.422294,18.5069,0.7611,-0.1434,0.062398,0.73869,-5.516572,153,0.711564,2551.9902,0.148456,0
296,12.6293,9093.36,7803.748,18550.78,-6.6361285126,0.210479,0.413929,17.3222,0.7755,-0.093,0.063846,0.746481,-5.413764,153,0.692081,2735.2747,0.14577,0
297,12.672,9304.11,7737.886,18550.78,-7.3641722319,0.191805,0.36322,12.9901,0.7947,0.0257,0.073305,0.776058,-6.649969,150,0.671656,2855.6984,0.148822,0
298,12.7147,8970.27,7679.8106,18164.06,-6.7801516461,0.116044,0.404909,16.9149,0.8032,-0.0328,0.06544,0.759158,-6.432871,159,0.704697,2662.9586,0.150653,0
299,12.7573,8929.33,7760.5067,18550.78,-6.4160083847,0.229163,0.429785,19.3281,0.7931,-0.1418,0.061125,0.72859,-5.202274,132,0.714396,2629.1185,0.143938,0
300,12.8,9010.13,7764.0117,18492.19,-6.4277079616,0.151506,0.429943,19.7996,0.7743,-0.1548,0.061098,0.739384,-5.955379,133,0.684592,2568.3075,0.15163,0
301,12.8427,8928.56,7734.9136,18222.66,-6.770463844,0.23059,0.402342,17.4912,0.7958,-0.0662,0.065901,0.741196,-7.074386,147,0.695633,2669.4714,0.147235,0
302,12.8853,9082.41,7714.3989,18210.94,-6.7252626106,0.249485,0.407717,17.2299,0.7755,-0.0821,0.06494,0.748229,-4.949298,158,0.691966,2717.206,0.146258,0
303,12.928,9029.7,7746.7509,18375.0,-6.9631264467,0.228374,0.390675,14.749,0.7728,-0.1257,0.068031,0.75483,-5.090614,135,0.675384,2798.9651,0.156635,0
304,12.9707,9045.2,7803.4453,18445.31,-7.0634708383,0.205836,0.382382,14.449,0.7948,-0.069,0.069584,0.754069,-6.2282,133,0.684469,2685.4266,0.145526,0
305,13.0133,8789.7,7749.1387,18152.34,-6.6378343248,0.138802,0.414719,17.7689,0.8211,-0.0485,0.063708,0.720461,-7.321526,145,0.710303,2612.442,0.133073,0
306,13.056,9056.6,7763.7292,18339.84,-6.695049726,0.178317,0.407413,16.6203,0.7822,-0.075,0.064994,0.738943,-6.244116,150,0.710217,2596.426,0.13527,0
307,13.0987,8843.21,7685.2309,18035.16,-6.9311813886,0.210936,0.391587,15.7633,0.8051,-0.0181,0.067862,0.738814,-6.636111,142,0.724248,2615.9254,0.141985,0
308,13.1413,9038.56,7830.2835,18644.53,-6.7315389725,0.139109,0.405239,17.4871,0.7672,-0.1869,0.065381,0.732665,-5.885003,137,0.703231,2546.9722,0.143816,0
309,13.184,8925.98,7736.5364,18199.22,-6.6684775875,0.29101,0.405477,17.3658,0.7937,-0.0544,0.065339,0.737605,-8.142814,158,0.697361,2760.6739,0.147479,0
310,13.2267,8930.74,7699.7626,18222.66,-6.4844589583,0.133981,0.431324,20.7171,0.7938,-0.1151,0.060866,0.746515,-4.472442,144,0.676348,2701.7641,0.148089,0
311,13.2693,9247.23,7756.2498,18492.19,-6.8854330331,0.178931,0.392687,15.1901,0.7695,-0.0703,0.067659,0.765949,-6.201002,173,0.684372,2805.4364,0.145403,0
312,13.312,9044.83,7747.6927,18363.28,-6.2470303535,0.174528,0.443013,22.2211,0.763,-0.1675,0.058931,0.725481,-6.58073,167,0.691483,2617.5357,0.140764,0
313,13.3547,8971.08,7801.5463,18398.44,-6.4580562934,0.17166,0.427331,20.2406,0.7969,-0.0964,0.061539,0.728253,-6.475753,148,0.695097,2578.0023,0.139055,0
314,13.3973,9013.3,7803.2973,18375.0,-6.5708909298,0.187801,0.416442,17.8542,0.7738,-0.1408,0.063408,0.737804,-6.307177,145,0.684695,2470.4185,0.147357,0
315,13.44,9047.37,7794.5267,18433.59,-6.8563272505,0.250413,0.402395,16.1632,0.816,-0.0122,0.065891,0.763092,-5.795145,153,0.683534,2638.1964,0.147235,0
316,13.4827,9105.68,7739.4452,18527.34,-6.6457331222,0.134828,0.4134,18.2147,0.766,-0.1238,0.063938,0.7494,-7.813185,163,0.708557,2677.691,0.13759,0
317,13.5253,8897.38,7693.9806,18082.03,-6.344682199,0.116244,0.437873,21.9423,0.781,-0.116,0.059775,0.727845,-6.792365,148,0.689159,2571.068,0.135637,0
318,13.568,9024.22,7731.9217,18281.25,-6.5758605988,0.185626,0.413293,18.4633,0.7609,-0.1254,0.063957,0.726638,-6.406203,151,0.713695,2612.9956,0.13466,0
319,13.6107,8785.41,7718.8742,18070.31,-6.6764275613,0.200152,0.41535,19.0272,0.8197,-0.0546,0.063598,0.745697,-4.812905,149,0.712409,2622.8856,0.141741,0
320,13.6533,8983.95,7742.8253,18269.53,-6.641160506,0.185326,0.41396,18.7473,0.7783,-0.1184,0.06384,0.748925,-5.720928,152,0.690705,2604.1833,0.143328,0
321,13.696,8796.55,7749.3293,18128.91,-6.6958481317,0.240122,0.414065,19.0551,0.8301,-0.0312,0.063822,0.734075,-5.90762,143,0.674973,2559.5989,0.137956,0
322,13.7387,9025.68,7706.8635,18246.09,-6.4567239721,0.247188,0.422424,19.8015,0.7582,-0.1604,0.062375,0.735372,-4.851324,158,0.68283,2811.9061,0.140764,0
323,13.7813,9115.19,7835.914,18609.38,-6.5248460715,0.22129,0.415633,17.4145,0.7772,-0.1263,0.063548,0.744669,-6.872051,144,0.694972,2637.1927,0.145037,0
324,13.824,9105.66,7736.9848,18410.16,-6.6456240632,0.146709,0.414701,17.6784,0.7614,-0.1402,0.063711,0.743182,-2.666472,140,0.710294,2543.8244,0.144305,0
325,13.8667,8931.17,7744.6488,18281.25,-6.4046796359,0.113601,0.424808,18.7357,0.7965,-0.0698,0.061968,0.725262,-5.31869,147,0.721172,2636.648,0.139055,0
326,13.9093,8970.33,7773.4026,18421.88,-6.7156871626,0.278884,0.408876,17.5337,0.7916,-0.1032,0.064735,0.744223,-9.309391,134,0.688483,2587.6725,0.139665,0
327,13.952,8934.05,7833.5487,18457.03,-6.4125089761,0.175408,0.422535,20.5133,0.78,-0.1729,0.062356,0.728933,-7.398456,156,0.717817,2641.2002,0.133195,0
328,13.9947,8938.21,7789.0971,18468.75,-5.8819052102,0.17885,0.46228,27.2766,0.7332,-0.2692,0.055849,0.67025,-1.310072,161,0.698114,2871.6814,0.130021,0
329,14.0373,9001.08,7710.7271,18445.31,-6.3130728548,0.200911,0.440259,20.9228,0.7865,-0.0952,0.059382,0.736358,-2.799551,154,0.687723,2470.9209,0.134782,0
330,14.08,8987.04,7690.9666,18234.38,-6.3915633247,0.173047,0.431832,18.8567,0.7887,-0.0792,0.060781,0.737535,-3.121898,151,0.699267,2465.2542,0.137346,0
331,14.1227,8847.54,7639.1096,18234.38,-6.0060260827,0.214292,0.458974,25.9778,0.7733,-0.1385,0.056369,0.708661,-2.785118,153,0.687519,2816.1393,0.135026,0
332,14.1653,9084.05,7706.6043,18433.59,-6.4543267766,0.23058,0.426395,19.9753,0.7692,-0.1084,0.061698,0.737971,-4.371363,148,0.710373,2571.8168,0.1382,0
333,14.208,8930.18,7710.6506,18117.19,-6.6146459532,0.273714,0.407633,16.8433,0.7793,-0.1188,0.064955,0.729346,-6.568776,171,0.727324,2796.1969,0.146014,0
334,14.2507,9156.05,7725.5268,18445.31,-6.4904583681,0.245271,0.418099,18.2718,0.7635,-0.1314,0.06312,0.736576,-5.40866,171,0.701792,2700.5433,0.147113,0
335,14.2933,9098.35,7669.5977,18269.53,-6.5194944724,0.125556,0.4232,19.3799,0.77,-0.0675,0.062242,0.745483,-4.323475,146,0.682418,2715.4449,0.148822,0
336,14.336,8905.46,7786.5547,18304.69,-6.8154525798,0.211736,0.395828,15.7674,0.8172,-0.029,0.067082,0.745999,-6.101542,150,0.712725,2664.9867,0.146258,0
337,14.3787,8861.83,7646.1117,18164.06,-6.5880442357,0.248392,0.416531,19.2093,0.8067,-0.0381,0.063392,0.736083,-3.172496,147,0.707075,2632.422,0.141497,0
338,14.4213,8990.57,7665.5792,18398.44,-6.4185773268,0.171052,0.428751,20.3408,0.7938,-0.0852,0.061299,0.749081,-7.147667,145,0.689142,2666.5882,0.147723,0
339,14.464,8974.19,7690.6986,18093.75,-6.7081082686,0.146564,0.410987,17.4609,0.7972,-0.0462,0.064362,0.749422,-7.369998,162,0.684565,2540.4315,0.148089,0
340,14.5067,9032.46,7771.7766,18410.16,-7.0365733156,0.227095,0.385055,15.0742,0.8071,-0.0099,0.06908,0.744755,-5.756605,136,0.704819,2646.9421,0.142107,0
341,14.5493,8983.99,7709.7869,18210.94,-6.9450819847,0.22256,0.39286,15.4429,0.8081,0.0043,0.067627,0.759831,-8.313408,144,0.69181,2671.4724,0.143816,0
342,14.592,8911.49,7735.3197,18398.44,-6.3590470115,0.112694,0.427982,21.251,0.7762,-0.1578,0.061429,0.734753,-4.80946,138,0.689319,2520.6632,0.144671,0
343,14.6347,9210.85,7823.8987,18644.53,-6.5279627763,0.155989,0.417146,18.1014,0.7486,-0.1673,0.063285,0.745153,-6.310857,133,0.7078,2573.9804,0.144549,0
344,14.6773,8742.15,7743.2559,18046.88,-6.9799817466,0.078409,0.392172,16.9151,0.8387,0.0302,0.067754,0.726183,-6.354959,146,0.691954,2664.9052,0.13991,0
345,14.72,8896.73,7789.4318,18445.31,-6.3781481794,0.247974,0.434088,20.9196,0.777,-0.1804,0.060404,0.715864,-7.006338,122,0.674368,2697.2966,0.135393,0
346,14.7627,8801.88,7775.8058,18316.41,-6.7115790733,0.214566,0.411131,17.9744,0.8055,-0.0985,0.064337,0.736883,-5.137849,139,0.693421,2540.7839,0.141985,0
347,14.8053,8930.98,7727.9415,18351.56,-6.5686724939,0.275014,0.418812,18.2634,0.7941,-0.0684,0.062997,0.733649,-6.776609,150,0.703035,2658.6576,0.138567,0
348,14.848,8700.69,7702.1882,18187.5,-6.3159852675,0.227992,0.435889,22.4739,0.8256,-0.0706,0.060104,0.715027,-6.717385,147,0.697538,2462.5998,0.134782,0
349,14.8907,8734.81,7732.024,18234.38,-6.1831548492,0.207483,0.447839,23.3927,0.8256,-0.1258,0.058146,0.71092,-0.956544,169,0.69919,2834.6652,0.136003,0
350,14.9333,8861.7,7687.4062,18210.94,-6.523212475,0.092649,0.424922,18.7517,0.781,-0.1447,0.061948,0.738852,-5.925947,148,0.708477,2596.3975,0.131486,0
351,14.976,8968.88,7772.6623,18187.5,-7.0585739487,0.140138,0.38182,15.1991,0.8197,0.0484,0.06969,0.743906,-7.97683,143,0.708089,2677.2672,0.137468,0
352,15.0187,8921.85,7750.5586,18128.91,-6.7981086693,0.221417,0.398685,17.2777,0.8074,-0.038,0.066562,0.747653,-7.592812,153,0.683823,2680.5524,0.140276,0
353,15.0613,9004.34,7778.4816,18457.03,-6.3095668339,0.205924,0.436835,20.0476,0.7723,-0.1815,0.059947,0.738626,-6.927769,142,0.66625,2634.4687,0.134172,0
354,15.104,9045.11,7713.894,18175.78,-6.4425077891,0.1694,0.425929,21.2419,0.7826,-0.0862,0.061777,0.742176,-9.342865,145,0.677921,2539.5254,0.145037,0
355,15.1467,9239.14,7737.3136,18515.62,-6.8497647957,0.269862,0.393508,15.4401,0.7762,-0.0704,0.067508,0.760707,-6.147613,148,0.682892,2805.4623,0.153339,0
356,15.1893,9039.9,7711.8865,18363.28,-6.6379002816,0.247131,0.412457,17.2409,0.7689,-0.1223,0.064103,0.754958,-7.205291,134,0.685951,2610.4877,0.143816,0
357,15.232,8655.42,7683.5949,18070.31,-6.4985484755,0.168322,0.42208,19.7228,0.8565,0.0021,0.062434,0.733419,-4.497348,166,0.692246,2715.7782,0.136613,0
358,15.2747,8955.48,7768.7364,18351.56,-7.0494315306,0.101152,0.384951,14.4439,0.8307,0.0288,0.069099,0.756556,-5.135315,158,0.69114,2794.0472,0.139055,0
359,15.3173,9068.49,7647.023,18093.75,-6.8721291288,0.31006,0.389207,15.7211,0.8185,0.0745,0.068303,0.75969,-4.519116,182,0.709577,2761.9549,0.142107,0
360,15.36,8768.42,7771.3519,18386.72,-6.5186220861,0.09547,0.418719,18.5609,0.7995,-0.1333,0.063013,0.719853,-3.79192,144,0.720975,2522.0302,0.139055,0
361,15.4027,9011.79,7730.578,18480.47,-6.768585984,0.243303,0.400794,15.3159,0.7973,-0.0695,0.06618,0.753545,-4.587377,141,0.727846,2695.2542,0.14577,0
362,15.4453,8959.59,7748.8529,18363.28,-6.5864660591,0.119715,0.420387,17.6244,0.7768,-0.1473,0.062725,0.729881,-7.918167,135,0.706875,2547.1649,0.149676,0
363,15.488,9063.86,7705.9732,18375.0,-6.504675749,0.275571,0.421531,19.8984,0.7856,-0.0943,0.062528,0.748615,-5.752942,145,0.692469,2699.9754,0.13991,0
364,15.5307,8738.22,7697.7389,17976.56,-6.5410681597,0.120701,0.417683,19.7681,0.8232,-0.0529,0.063192,0.731247,-7.950277,175,0.69453,2594.99,0.133195,0
365,15.5733,8860.86,7726.2598,18070.31,-6.8207437097,0.18146,0.404348,16.9522,0.8331,0.0104,0.065541,0.751983,-5.834438,144,0.695587,2608.7446,0.141131,0
366,15.616,9119.66,7733.1898,18363.28,-6.9875240617,0.281958,0.385147,14.8569,0.7925,0.0107,0.069062,0.74705,-8.854288,147,0.68828,2800.8967,0.144671,0
367,15.6587,8830.0,7763.7932,18281.25,-6.1804958325,0.115273,0.440609,23.0837,0.7867,-0.1464,0.059324,0.706277,-5.795022,145,0.694349,2618.275,0.139665,0
368,15.7013,8972.65,7703.6959,18363.28,-6.8251811435,0.2844,0.401173,16.1343,0.7956,-0.0721,0.066111,0.746247,-5.949561,148,0.724536,2583.7006,0.141131,0
369,15.744,9021.96,7787.9837,18480.47,-6.3774859843,0.117645,0.433263,18.7587,0.7622,-0.1814,0.060541,0.733769,-7.568287,134,0.706014,2555.7855,0.140886,0
370,15.7867,8933.55,7729.7249,18210.94,-6.6510390757,0.180624,0.408986,17.8406,0.7934,-0.091,0.064715,0.738522,-7.26984,149,0.701863,2645.6944,0.144305,0
371,15.8293,8994.73,7716.6695,18457.03,-6.4936685134,0.161494,0.421632,19.7848,0.7857,-0.1338,0.062511,0.742391,-4.971325,146,0.70681,2650.8509,0.146014,0
372,15.872,8994.74,7786.9277,18421.88,-6.4402583812,0.133169,0.430035,19.7089,0.7906,-0.1067,0.061083,0.736698,-3.296531,158,0.70297,2643.4896,0.140398,0
373,15.9147,8976.4,7737.3627,18328.12,-6.322263528,0.210868,0.435606,21.8335,0.7701,-0.1417,0.060151,0.715928,-6.649174,146,0.678177,2592.8727,0.138811,0
374,15.9573,8928.14,7712.7374,18292.97,-6.5393678252,0.231312,0.414871,18.3173,0.7867,-0.1023,0.063681,0.731658,-4.778491,174,0.679041,2647.2957,0.132218,0
375,16.0,8871.39,7785.0144,18398.44,-6.4170231159,0.15622,0.430209,20.3875,0.7733,-0.208,0.061053,0.723347,-4.834016,133,0.709289,2496.6218,0.132829,0
376,16.0427,8747.12,7682.3937,18046.88,-6.5852518011,0.146885,0.414771,18.3465,0.8112,-0.0748,0.063699,0.724391,-3.251676,146,0.691773,2546.9892,0.139177,0
377,16.0853,8544.95,7635.4173,17660.16,-6.6477379787,0.208597,0.41384,20.0925,0.8922,0.1682,0.063861,0.719129,-8.545658,145,0.701864,2653.9053,0.13466,0
378,16.128,8934.78,7795.2235,18421.88,-6.3029586451,0.242826,0.426817,20.0497,0.7775,-0.1479,0.061626,0.716182,-9.069344,137,0.716635,2676.3956,0.130875,0
379,16.1707,8935.22,7686.5848,18246.09,-6.6269559173,0.185139,0.42221,19.4938,0.8171,-0.01,0.062412,0.738914,-3.509105,146,0.694821,2647.0191,0.136491,0
380,16.2133,8841.91,7753.4842,18140.62,-6.7911517832,0.279151,0.399808,17.1569,0.8281,0.0254,0.066358,0.725226,-4.234019,151,0.672082,2626.3123,0.141497,0
381,16.256,8888.03,7700.6058,18164.06,-6.6896911599,0.115265,0.406219,16.5291,0.8242,0.0191,0.065207,0.73428,-2.790393,157,0.682425,2618.4538,0.133195,0
382,16.2987,8897.47,7760.3811,18445.31,-6.4549563058,0.151869,0.426061,20.5421,0.7654,-0.1987,0.061755,0.726926,-9.664151,147,0.673147,2495.6514,0.145037,0
383,16.3413,9207.22,7743.814,18527.34,-6.6183569638,0.101532,0.41486,17.2139,0.7449,-0.1372,0.063683,0.749272,-6.579635,124,0.695565,2588.6643,0.146258,0
384,16.384,8779.96,7746.2624,18046.88,-6.8104222914,0.150649,0.402573,17.0844,0.8336,0.0185,0.065859,0.723876,-4.908698,131,0.667733,2432.9445,0.131486,0
385,16.4267,9151.09,7716.702,18515.62,-6.5629959362,0.209743,0.412968,17.5646,0.7395,-0.1445,0.064014,0.7433,-5.999577,145,0.696877,2661.6973,0.148456,0
386,16.4693,9148.36,7733.5479,18457.03,-6.7510013144,0.138596,0.404374,16.9357,0.778,-0.0752,0.065536,0.75667,-6.491294,153,0.691315,2649.6264,0.153461,0
387,16.512,8817.93,7762.7178,18375.0,-6.3657836332,0.140575,0.431143,21.0641,0.7808,-0.1894,0.060897,0.719565,-7.373472,139,0.701797,2615.6664,0.147967,0
388,16.5547,9227.74,7809.5258,18445.31,-6.9198000033,0.297553,0.393028,16.1986,0.7822,-0.0503,0.067596,0.761543,-7.344222,153,0.71126,2742.508,0.147113,0
389,16.5973,8926.75,7726.4884,18164.06,-6.3294765853,0.115222,0.438508,21.6702,0.7617,-0.1754,0.05967,0.721741,-5.068969,148,0.650701,2538.493,0.146869,0
390,16.64,8925.89,7659.7944,18070.31,-6.8906780429,0.143482,0.394395,16.8428,0.8011,0.0022,0.067345,0.751053,-6.828838,165,0.670389,2852.0124,0.146746,0
391,16.6827,8866.99,7609.6429,17929.69,-6.4816459455,0.143645,0.426896,20.4773,0.8026,-0.014,0.061613,0.736831,-7.311897,140,0.693338,2548.2307,0.144671,0
392,16.7253,9247.03,7784.97,18503.91,-6.7633622443,0.181432,0.402936,15.8398,0.7707,-0.0547,0.065794,0.760266,-4.471076,173,0.669044,2712.2757,0.151264,0
393,16.768,9216.71,7740.8946,18574.22,-6.8857714335,0.262778,0.393315,15.8765,0.7535,-0.1018,0.067543,0.750391,-7.797629,136,0.666289,2656.2614,0.151996,0
394,16.8107,9009.23,7720.6915,18187.5,-6.9138794794,0.154671,0.390405,15.9399,0.8038,0.0106,0.068081,0.746487,-6.975263,150,0.649937,2827.2827,0.149188,0
395,16.8533,9252.59,7781.3217,18550.78,-6.9764709942,0.139565,0.390162,14.8549,0.7637,-0.0718,0.068126,0.763785,-3.798329,146,0.708761,2749.7942,0.150165,0
396,16.896,9195.7,7816.6502,18679.69,-6.7027524935,0.206996,0.407667,16.3773,0.7823,-0.1056,0.064949,0.758382,-4.136756,137,0.683412,2644.7453,0.145037,0
397,16.9387,8775.36,7740.4873,18199.22,-6.6952051157,0.176988,0.412526,18.8953,0.7934,-0.1171,0.064091,0.724546,-8.071597,158,0.667275,2660.6552,0.142596,0
398,16.9813,8956.67,7733.7725,18351.56,-6.9912201023,0.173026,0.386728,15.9065,0.7892,-0.0815,0.068766,0.750048,-4.463422,166,0.694924,2744.3948,0.141741,0
399,17.024,9050.77,7744.188,18410.16,-7.0378902517,0.191161,0.384297,15.0178,0.8051,-0.0153,0.069222,0.749244,-4.680698,148,0.685108,2715.8769,0.144915,0
400,17.0667,9236.7,7794.7642,18550.78,-6.6178728246,0.168696,0.412459,16.553,0.7462,-0.1563,0.064103,0.762481,-5.752266,138,0.697634,2606.2455,0.148822,0
401,17.1093,9023.0,7656.0474,18269.53,-6.0443774805,0.224817,0.456308,24.6887,0.7582,-0.1781,0.05679,0.729453,-4.497524,143,0.698542,2618.2473,0.142107,0
402,17.152,8783.22,7758.5863,18339.84,-6.664516576,0.220376,0.408242,17.8323,0.8121,-0.087,0.064847,0.722978,-6.523777,152,0.71663,2662.345,0.14284,0
403,17.1947,8947.56,7710.5841,18281.25,-6.517172772,0.200541,0.426532,18.8387,0.8049,-0.0703,0.061675,0.748965,-6.863734,149,0.714005,2569.8683,0.140642,0
404,17.2373,9076.17,7719.7272,18375.0,-7.2371077808,0.258444,0.3727,13.953,0.7874,-0.0358,0.07144,0.758414,-5.586017,161,0.690087,2744.3306,0.140764,0
405,17.28,9001.53,7632.0052,18222.66,-6.9261592129,0.131575,0.39109,15.7026,0.8068,0.0341,0.067954,0.756501,-4.004726,164,0.682602,2806.1815,0.14638,0
406,17.3227,9100.87,7743.4253,18328.12,-6.9914970172,0.188577,0.388438,14.9696,0.7648,-0.0957,0.068446,0.755661,-5.985463,146,0.666488,2748.3043,0.148456,0
407,17.3653,9159.23,7770.1386,18457.03,-7.0764858145,0.238459,0.384332,13.9835,0.7986,0.0023,0.069216,0.768406,-6.117522,165,0.691855,2775.1184,0.14577,0
408,17.408,8977.43,7835.0335,18445.31,-6.7452717298,0.252602,0.409538,16.9743,0.791,-0.1113,0.064618,0.738874,-6.149261,158,0.662482,2733.6768,0.141863,0
409,17.4507,8901.72,7733.8749,18140.62,-6.3638812575,0.166185,0.432633,20.5379,0.7829,-0.1192,0.060647,0.720875,-3.6579,144,0.68309,2590.7013,0.14284,0
410,17.4933,8819.29,7733.3257,18375.0,-6.8884239824,0.231229,0.391981,17.1177,0.8157,-0.0424,0.067789,0.733675,-6.16559,139,0.685145,2520.2445,0.142596,0
411,17.536,8896.69,7736.387,18328.12,-6.873894378,0.219648,0.394132,16.0989,0.824,-0.0027,0.067393,0.735687,-4.86649,154,0.690398,2773.8268,0.143084,0
412,17.5787,8896.75,7712.5776,18222.66,-6.6643887357,0.207241,0.406888,17.7828,0.7837,-0.0984,0.065088,0.729273,-7.37558,149,0.711771,2852.0602,0.136613,0
413,17.6213,9052.36,7814.9483,18457.03,-6.8098040962,0.099861,0.399863,16.2754,0.7629,-0.1539,0.066348,0.74144,-6.821818,142,0.702718,2678.0975,0.142229,0
414,17.664,9003.24,7791.3723,18468.75,-6.9494606146,0.149745,0.390604,15.6848,0.787,-0.1085,0.068044,0.744718,-5.630554,144,0.668063,2805.9255,0.146624,0
415,17.7067,8897.78,7693.9928,18164.06,-6.3654121149,0.220315,0.434095,21.0571,0.8007,-0.063,0.060403,0.72653,-5.101101,150,0.692606,2645.5665,0.135881,0
416,17.7493,8789.05,7713.7405,18093.75,-6.8584645145,0.257091,0.395294,16.8268,0.8136,-0.0307,0.06718,0.730234,-6.747648,153,0.703609,2684.1921,0.136369,0
417,17.792,8804.85,7703.2246,18304.69,-6.499812772,0.23419,0.423722,20.7428,0.7839,-0.1691,0.062153,0.72393,-4.160687,129,0.706612,2698.494,0.150287,0
418,17.8347,9036.96,7810.2161,18515.62,-6.986720055,0.146841,0.390542,14.9131,0.7872,-0.0878,0.068055,0.743446,-8.410385,142,0.711367,2723.8543,0.149921,0
419,17.8773,8980.9,7728.5539,18375.0,-6.320156652,0.215726,0.439004,20.8119,0.7968,-0.1049,0.059589,0.737868,-9.60507,123,0.680114,2519.7563,0.139665,0
420,17.92,8856.17,7758.6749,18351.56,-6.7242872374,0.173089,0.406554,17.8675,0.7902,-0.131,0.065147,0.717163,-6.284772,134,0.694269,2565.2637,0.140276,0
421,17.9627,9189.76,7766.2687,18503.91,-6.2010438573,0.128981,0.441706,20.4737,0.7545,-0.1592,0.059144,0.739093,-4.353956,154,0.694618,2650.5241,0.146136,0
422,18.0053,8973.56,7704.5129,18328.12,-6.5880165926,0.151364,0.41513,19.7141,0.795,-0.0711,0.063636,0.738013,-6.214565,175,0.694262,2681.5094,0.153827,0
423,18.048,9221.15,7645.4758,18210.94,-6.1807858224,0.154918,0.452429,22.1346,0.7384,-0.131,0.057408,0.742675,-4.983319,149,0.682175,2589.6863,0.151508,0
424,18.0907,8793.45,7655.6094,18152.34,-6.3797175065,0.209473,0.435106,21.7709,0.795,-0.1336,0.060234,0.72549,-4.121698,166,0.694021,2668.7527,0.141741,0
425,18.1333,8963.35,7800.5359,18609.38,-6.0125920522,0.170514,0.455469,24.6184,0.7517,-0.256,0.056924,0.686439,-6.163811,155,0.679279,2727.5399,0.143206,0
426,18.176,9187.88,7763.3635,18492.19,-6.5985149104,0.28325,0.420456,16.7186,0.778,-0.1024,0.062713,0.763974,-5.574784,163,0.698194,2637.0955,0.152118,0
427,18.2187,9032.65,7776.2314,18433.59,-6.790019017,0.146709,0.400077,16.3686,0.7643,-0.1202,0.066309,0.735895,-7.291975,151,0.686662,2641.5532,0.147601,0
428,18.2613,8953.41,7793.2979,18398.44,-6.4589751455,0.209638,0.424492,19.6081,0.7954,-0.1023,0.062022,0.738994,-3.690005,167,0.668449,2787.5816,0.136369,0
429,18.304,8836.32,7711.9393,18105.47,-6.930897827,0.222607,0.389927,17.0172,0.8431,0.0433,0.068169,0.749564,-9.349335,141,0.703049,2646.225,0.139665,0
430,18.3467,9087.84,7761.395,18410.16,-6.5356281468,0.183649,0.420295,18.0204,0.7364,-0.2058,0.062741,0.731912,-7.26022,153,0.713147,2716.466,0.137834,0
431,18.3893,8912.09,7736.7678,18328.12,-6.66246905,0.283605,0.411278,18.4064,0.802,-0.0612,0.064311,0.737831,-9.38706,147,0.690647,2683.0661,0.139543,0
432,18.432,8950.4,7770.6364,18421.88,-6.6135284141,0.098084,0.414162,17.7023,0.7583,-0.1704,0.063805,0.726675,-5.487251,141,0.695436,2587.6473,0.140764,0
433,18.4747,8777.81,7724.5574,18281.25,-6.318212443,0.198847,0.4392,21.4389,0.7911,-0.1467,0.059556,0.710376,-8.734084,163,0.712741,2744.7768,0.140276,0
434,18.5173,9003.09,7700.2816,18246.09,-6.8905633248,0.175956,0.398361,15.848,0.8244,0.0392,0.06662,0.761752,-5.570061,141,0.687249,2691.2159,0.144183,0
435,18.56,8999.54,7745.3093,18351.56,-6.6981589887,0.150241,0.409238,17.1928,0.8153,-0.019,0.064671,0.75642,-5.356173,146,0.695797,2703.8014,0.139665,0
436,18.6027,9071.02,7770.7248,18386.72,-6.2757211335,0.096248,0.442222,22.1123,0.7373,-0.2142,0.05906,0.723947,-7.494782,153,0.6619,2563.6057,0.142229,0
437,18.6453,9060.05,7782.6735,18421.88,-6.3140659384,0.203783,0.433702,20.532,0.7376,-0.2364,0.060468,0.729194,-4.434555,136,0.692709,2716.8874,0.141253,0
438,18.688,8807.78,7723.3036,18234.38,-6.3936037203,0.24678,0.434065,21.3147,0.811,-0.0864,0.060408,0.723694,-6.168646,152,0.692925,2588.3869,0.134538,0
439,18.7307,8919.87,7810.2895,18574.22,-6.5370798425,0.171065,0.421095,19.6648,0.7817,-0.1635,0.062603,0.725368,-2.734968,139,0.698376,2533.9348,0.137102,0
440,18.7733,8997.07,7673.6088,18328.12,-6.552627115,0.129055,0.420849,17.8649,0.7753,-0.1276,0.062646,0.742858,-4.223381,166,0.716811,2624.9537,0.141619,0
441,18.816,8971.33,7703.1055,18304.69,-6.8667292834,0.151197,0.396425,16.1388,0.7998,-0.0398,0.066973,0.738361,-3.740796,149,0.723516,2745.8559,0.138445,0
442,18.8587,8884.0,7762.8233,18363.28,-6.7982664589,0.114389,0.405235,16.5124,0.8102,-0.0487,0.065382,0.74211,-7.078992,135,0.689973,2550.7326,0.135637,0
443,18.9013,8832.18,7740.7493,18269.53,-6.6155001912,0.122178,0.415427,17.7491,0.8111,-0.078,0.063584,0.735306,-3.65608,153,0.692276,2392.1048,0.136735,0
444,18.944,8738.55,7621.0024,17929.69,-6.6152762893,0.223763,0.413862,18.5366,0.8475,0.0444,0.063857,0.736596,-5.753085,157,0.708042,2735.9189,0.142351,0
445,18.9867,8942.57,7703.7408,18210.94,-6.8280367072,0.170594,0.399489,16.4662,0.8196,0.0249,0.066416,0.74686,-6.213094,143,0.684865,2731.0013,0.143694,0
446,19.0293,8923.81,7634.1347,18269.53,-6.2059005345,0.232853,0.445667,21.7359,0.7585,-0.172,0.058498,0.729705,-3.224413,146,0.706963,2596.5964,0.135148,0
447,19.072,8729.66,7674.1101,18105.47,-6.7003956901,0.126352,0.409852,17.6268,0.8384,-0.0093,0.064562,0.742375,-6.328431,159,0.716755,2604.3579,0.143084,0
448,19.1147,9071.15,7723.011,18539.06,-6.6006792582,0.159345,0.4158,17.4273,0.7777,-0.1226,0.063519,0.753494,-4.448803,149,0.713043,2601.2549,0.149188,0
449,19.1573,8722.69,7743.6715,18281.25,-6.4263103574,0.098751,0.428601,21.3671,0.82,-0.0881,0.061324,0.723358,-5.85957,158,0.708295,2588.8331,0.136003,0
450,19.2,8989.18,7771.0636,18316.41,-7.1980953385,0.242656,0.371941,14.1791,0.8159,-0.0014,0.071588,0.747719,-7.403931,133,0.725273,2761.2605,0.136613,0
451,19.2427,9043.1,7796.1261,18527.34,-6.5256603587,0.172163,0.427008,18.922,0.7838,-0.1293,0.061594,0.746134,-7.642718,141,0.680607,2603.0607,0.138078,0
452,19.2853,9056.27,7809.5139,18527.34,-7.2280561947,0.133855,0.377826,14.3341,0.8024,-0.0212,0.070451,0.759226,-6.597477,152,0.655311,2836.5606,0.146136,0
453,19.328,8926.09,7756.7756,18316.41,-6.9539030326,0.219295,0.382596,15.3469,0.8127,-0.0329,0.069543,0.744958,-6.911402,160,0.712302,2894.6904,0.148089,0
454,19.3707,9227.23,7748.8007,18480.47,-6.9416282691,0.173928,0.39338,15.9335,0.7386,-0.1337,0.067531,0.756339,-8.80468,153,0.696854,2610.4144,0.146502,0
455,19.4133,8965.3,7727.0232,18269.53,-6.7537606339,0.141616,0.409221,17.5774,0.8047,-0.0309,0.064674,0.736791,-7.607815,151,0.69539,2729.2271,0.144305,0
456,19.456,9128.22,7770.3316,18480.47,-6.8333900959,0.246258,0.396837,16.3884,0.7866,-0.0819,0.066898,0.753281,-6.560152,130,0.665158,2690.422,0.13698,0
457,19.4987,8960.46,7748.9451,18375.0,-6.6681048482,0.233278,0.411426,18.3669,0.8037,-0.0672,0.064285,0.738258,-3.952062,157,0.689476,2475.5171,0.138078,0
458,19.5413,9126.57,7768.6637,18468.75,-6.9494547398,0.214965,0.391906,14.7966,0.7661,-0.102,0.067803,0.75641,-7.927296,130,0.669745,2574.4776,0.136369,0
459,19.584,8741.72,7646.8461,18164.06,-6.1823661603,0.271024,0.444448,24.2192,0.8199,-0.0781,0.058697,0.714038,-6.156029,153,0.70025,2642.1796,0.137956,0
460,19.6267,8845.15,7820.5777,18316.41,-6.7784041143,0.241381,0.400098,16.7133,0.8138,-0.0495,0.066306,0.726605,-6.967273,133,0.704194,2754.7824,0.139421,0
461,19.6693,8699.55,7700.9375,18058.59,-6.1660684328,0.206185,0.44453,24.518,0.8047,-0.1088,0.058683,0.694374,-5.955112,134,0.710112,2791.3552,0.137102,0
462,19.712,9004.25,7798.2945,18562.5,-6.0677240867,0.175297,0.453583,23.3122,0.7398,-0.2587,0.057224,0.722037,-3.299786,156,0.717773,2644.0983,0.138811,0
463,19.7547,8898.16,7784.9999,18152.34,-6.6042630959,0.199547,0.416046,17.5877,0.7962,-0.0981,0.063476,0.736192,-5.900393,156,0.720373,2577.4076,0.140642,0
464,19.7973,9201.85,7721.2953,18421.88,-6.4913983625,0.213278,0.419235,19.097,0.7776,-0.0707,0.062924,0.750335,-3.032429,172,0.720086,2712.8089,0.142107,0
465,19.84,8867.65,7722.3696,18234.38,-6.5444477084,0.224985,0.416584,18.8728,0.7845,-0.142,0.063383,0.727335,-5.608504,170,0.735201,2544.9761,0.147967,0
466,19.8827,8853.68,7746.4798,18363.28,-6.7193765885,0.167632,0.408008,18.5549,0.8021,-0.1315,0.064889,0.736688,-3.423556,157,0.700737,2667.9555,0.14284,0
467,19.9253,8758.37,7752.3499,18246.09,-6.0745548515,0.208788,0.450519,25.738,0.7865,-0.1751,0.057715,0.695134,-10.09245,140,0.700513,2679.7122,0.13112,0
468,19.968,8896.05,7727.0298,18281.25,-6.6266115459,0.301531,0.409496,18.1325,0.7832,-0.1174,0.064625,0.725723,-4.507088,158,0.689465,2660.2952,0.141253,0
469,20.0107,9180.05,7715.449,18398.44,-6.5163752193,0.165322,0.412982,18.7636,0.7198,-0.1886,0.064012,0.735365,-7.534306,147,0.700247,2647.5678,0.147479,0
470,20.0533,9173.58,7772.9031,18539.06,-6.7926214767,0.135082,0.406333,17.1339,0.7908,-0.0276,0.065186,0.76351,-4.636297,156,0.707354,2673.6311,0.142962,0
471,20.096,9023.36,7750.0768,18433.59,-6.6321525749,0.15598,0.413302,17.6481,0.7682,-0.1558,0.063955,0.750245,-4.540001,162,0.686877,2714.1293,0.141619,0
472,20.1387,8701.89,7727.1509,18035.16,-6.906229994,0.255312,0.401896,16.599,0.8448,-0.0101,0.065981,0.738208,-9.253434,143,0.698887,2571.1222,0.135393,0
473,20.1813,8646.11,7805.2141,18257.81,-6.7894542949,0.294927,0.398902,16.5653,0.8657,0.0002,0.066522,0.723784,-7.123709,142,0.669081,2649.6328,0.13234,0
474,20.224,8910.96,7774.8227,18304.69,-6.4915860199,0.278586,0.423754,18.6743,0.7711,-0.1538,0.062148,0.728937,-3.256977,153,0.69708,2722.6722,0.135515,0
475,20.2667,8998.58,7770.8984,18398.44,-6.4725469839,0.221575,0.421045,19.1561,0.7693,-0.146,0.062612,0.733855,-8.717315,128,0.692331,2507.5716,0.147113,0
476,20.3093,9102.64,7758.9936,18351.56,-6.8129415159,0.196343,0.401912,15.5973,0.7894,-0.0538,0.065978,0.757954,-6.670011,156,0.683003,2733.0683,0.147845,0
477,20.352,8984.99,7743.8155,18316.41,-6.4292578967,0.239026,0.421209,20.5796,0.7741,-0.1015,0.062584,0.715301,-6.521291,159,0.692118,2687.2376,0.148822,0
478,20.3947,9036.72,7748.9792,18410.16,-6.9085937163,0.228989,0.393141,15.3835,0.7952,-0.0534,0.067575,0.756844,-7.392977,133,0.706542,2644.363,0.154072,0
479,20.4373,9182.03,7827.6736,18773.44,-7.2425939626,0.17492,0.371634,13.2139,0.785,-0.069,0.071647,0.759799,-6.725527,137,0.701943,2629.5879,0.153705,0
480,20.48,9105.21,7742.3804,18714.84,-6.2808596967,0.216554,0.443824,21.4933,0.7678,-0.1809,0.058798,0.7509,-4.619471,148,0.691796,2605.9039,0.140032,0
481,20.5227,8787.52,7778.7774,18351.56,-6.5815885802,0.186936,0.411878,18.8011,0.8217,-0.0525,0.064205,0.729682,-5.664706,172,0.676139,2669.1545,0.132096,0
482,20.5653,8874.63,7723.7865,18199.22,-6.4995835027,0.096432,0.41794,19.2231,0.8049,-0.0595,0.063148,0.711759,-8.569046,148,0.69064,2711.4409,0.143572,0
483,20.608,9250.86,7805.0928,18597.66,-6.8788704289,0.198568,0.389649,15.2913,0.7566,-0.0987,0.068221,0.75537,-6.588606,163,0.71616,2778.5076,0.145159,0
484,20.6507,8834.16,7721.8045,18199.22,-6.5073249848,0.289715,0.425551,19.8105,0.8186,-0.0504,0.061841,0.716085,-4.411067,159,0.676189,2736.9787,0.143694,0
485,20.6933,9016.68,7749.5193,18304.69,-7.2444892654,0.172426,0.37173,14.037,0.8311,0.0872,0.071629,0.754362,-7.071006,140,0.709685,2872.2911,0.1487,0
486,20.736,9188.97,7730.8573,18562.5,-7.0794241692,0.177872,0.383136,14.4448,0.7873,-0.0139,0.069441,0.766832,-5.018846,158,0.666186,2779.9992,0.145037,0
487,20.7787,8907.44,7828.6207,18457.03,-6.674710489,0.194019,0.408236,16.7572,0.7843,-0.1443,0.064848,0.735187,-6.814047,140,0.698414,2691.2981,0.141741,0
488,20.8213,9015.63,7696.2677,18269.53,-6.6330837879,0.181532,0.410251,17.7214,0.7853,-0.0704,0.064492,0.742038,-7.324186,149,0.694415,2650.5931,0.148456,0
489,20.864,8878.59,7725.8531,18175.78,-6.3836728611,0.146229,0.437179,20.4475,0.7795,-0.1473,0.05989,0.724007,-4.615819,150,0.690867,2584.7202,0.144549,0
490,20.9067,8808.83,7746.2346,18257.81,-6.6700925631,0.293222,0.411112,17.8006,0.7989,-0.1027,0.06434,0.726863,-6.332763,160,0.689253,2608.6641,0.140398,0
491,20.9493,8912.99,7716.3902,18281.25,-6.3971699135,0.160841,0.430636,19.7375,0.7992,-0.0709,0.060982,0.731806,-4.473434,159,0.710295,2593.64,0.142229,0
492,20.992,8937.54,7786.216,18375.0,-6.1164677763,0.172251,0.456164,23.4645,0.7821,-0.1518,0.056813,0.730831,-4.553219,142,0.694926,2568.8407,0.140032,0
493,21.0347,8953.48,7743.4322,18316.41,-6.3036728874,0.167663,0.438499,20.9878,0.7636,-0.1726,0.059672,0.715538,-8.758165,155,0.691725,2538.6031,0.138567,0
494,21.0773,8778.28,7684.4802,18070.31,-6.1833005735,0.243795,0.44596,24.1922,0.7969,-0.1266,0.058451,0.705441,-2.835198,146,0.700811,2637.2879,0.135637,0
495,21.12,8912.24,7742.1959,18281.25,-6.4174323591,0.163219,0.432858,21.3503,0.7774,-0.1294,0.060609,0.722067,-8.947183,146,0.682659,2579.238,0.138811,0
496,21.1627,8968.18,7822.2547,18503.91,-6.6096927993,0.219732,0.411407,17.7289,0.7714,-0.1775,0.064288,0.727209,-5.32133,142,0.697822,2694.7423,0.143816,0
497,21.2053,9062.9,7686.0787,18398.44,-6.5063484155,0.206475,0.42381,18.843,0.772,-0.1207,0.062138,0.748238,-5.278234,150,0.721817,2802.7021,0.135515,0
498,21.248,8884.78,7678.533,18328.12,-6.1434612257,0.20775,0.451986,24.617,0.7959,-0.1146,0.057479,0.732337,-3.456665,126,0.681373,2633.5464,0.134416,0
499,21.2907,8829.56,7792.8804,18316.41,-6.5851141331,0.168004,0.414112,18.3462,0.7908,-0.1305,0.063814,0.715589,-4.884322,164,0.688221,2594.3291,0.139788,0
500,21.3333,8976.7,7818.5901,18398.44,-6.44021031,0.247882,0.424628,19.5555,0.7626,-0.1773,0.061999,0.721506,-8.712041,142,0.680409,2587.9409,0.145648,0
501,21.376,9006.5,7863.2873,18515.62,-7.2578112843,0.233541,0.370012,13.9169,0.8159,-0.003,0.071964,0.753658,-6.671849,145,0.684883,2826.7813,0.144427,0
502,21.4187,9119.12,7822.9724,18656.25,-6.6999708954,0.215964,0.402691,16.3254,0.7813,-0.0997,0.065838,0.74276,-4.223176,137,0.664792,2736.3152,0.141741,0
503,21.4613,9154.7,7759.0431,18515.62,-6.6938762404,0.178323,0.408495,16.5037,0.7574,-0.1707,0.064802,0.754935,-5.43434,135,0.695188,2630.3646,0.139665,0
504,21.504,8755.8,7760.4195,18316.41,-6.4274325719,0.174671,0.425887,20.358,0.8196,-0.1003,0.061784,0.721499,-7.792746,132,0.660385,2741.3332,0.139055,0
505,21.5467,8889.18,7735.908,18199.22,-6.8669117106,0.283353,0.395499,16.0886,0.8231,-0.0028,0.067143,0.738015,-4.985333,136,0.684342,2605.7196,0.141985,0
506,21.5893,8825.48,7640.0864,18117.19,-6.3442706589,0.137272,0.438891,20.9343,0.8112,-0.048,0.059607,0.726484,-4.06541,138,0.670059,2626.225,0.147601,0
507,21.632,9205.39,7748.0448,18585.94,-7.1032676024,0.220031,0.3738,14.4406,0.7811,-0.0257,0.071227,0.765556,-4.602882,163,0.711791,2870.581,0.146991,0
508,21.6747,8871.61,7730.4029,18175.78,-6.2363572414,0.027135,0.440017,22.1888,0.7849,-0.1235,0.059422,0.715624,-2.989594,150,0.707762,2474.2503,0.1382,0
509,21.7173,9007.49,7748.2968,18363.28,-6.6079229781,0.256533,0.409293,17.5893,0.8075,-0.0102,0.064661,0.72772,-7.21632,137,0.718918,2663.5641,0.13527,0
510,21.76,8792.52,7819.2166,18210.94,-6.7461823529,0.253526,0.403568,16.6983,0.807,-0.0902,0.065681,0.719025,-8.627623,145,0.695611,2637.2718,0.137102,0
511,21.8027,9274.19,7716.7468,18457.03,-6.250274394,0.227609,0.434903,20.1806,0.7365,-0.1743,0.060268,0.756391,-4.179469,155,0.697254,2677.5291,0.145892,0
512,21.8453,9002.9,7691.6277,18082.03,-6.978422448,0.171556,0.387494,15.8836,0.7865,-0.0211,0.068622,0.749794,-6.607533,171,0.669307,2743.4479,0.148944,0
513,21.888,9153.55,7779.2571,18574.22,-6.4030010935,0.171393,0.429965,19.6727,0.7482,-0.1867,0.061094,0.751659,-7.340561,138,0.681791,2639.7037,0.14284,0
514,21.9307,8688.79,7800.6397,18363.28,-6.3098903168,0.256477,0.435179,21.7639,0.7963,-0.1929,0.060222,0.719005,-4.364712,151,0.706281,2557.8669,0.140276,0
515,21.9733,9068.91,7764.3402,18304.69,-6.9278248615,0.171923,0.392922,15.4469,0.7638,-0.1236,0.067616,0.751063,-6.314156,134,0.715856,2737.2365,0.140764,0
516,22.016,8872.1,7754.8388,18292.97,-6.7367331297,0.21609,0.407593,17.4465,0.8169,-0.0489,0.064962,0.741019,-5.075647,178,0.696569,2605.2794,0.142107,0
517,22.0587,8994.3,7780.9253,18292.97,-6.8651402858,0.121186,0.40059,17.0417,0.7934,-0.0609,0.066217,0.754051,-7.785065,129,0.703492,2564.9959,0.143328,0
518,22.1013,9047.61,7726.2822,18328.12,-6.5941872086,0.173884,0.418934,17.9822,0.7658,-0.1015,0.062976,0.744832,-6.150724,141,0.67433,2601.0704,0.145037,0
519,22.144,9005.49,7762.8916,18433.59,-6.9275743908,0.280934,0.39687,15.6642,0.7895,-0.054,0.066892,0.74842,-7.033181,134,0.663642,2625.2454,0.147235,0
520,22.1867,9233.61,7792.5802,18726.56,-6.3449572621,0.157321,0.434361,19.3612,0.7365,-0.2086,0.060358,0.748117,-7.697725,141,0.70067,2721.3758,0.149799,0
521,22.2293,8972.43,7747.5751,18281.25,-6.8286441837,0.240502,0.399381,17.1155,0.7922,-0.0784,0.066435,0.737052,-5.199647,126,0.699663,2727.4063,0.153827,0
522,22.272,8915.81,7792.4913,18468.75,-6.3621377326,0.142454,0.434288,21.8003,0.7962,-0.1305,0.06037,0.734892,-4.673317,149,0.700224,2612.8978,0.150531,0
523,22.3147,9013.94,7695.9316,18386.72,-6.1225982131,0.21992,0.446649,23.0441,0.7573,-0.1757,0.058339,0.723451,-2.942172,155,0.703064,2688.8125,0.141863,0
524,22.3573,8832.35,7716.3664,18257.81,-6.6750364415,0.188237,0.405879,18.4215,0.7993,-0.0742,0.065267,0.713282,-1.738013,182,0.701415,2706.5722,0.129654,0
525,22.4,8975.72,7745.9288,18304.69,-7.0807118771,0.195608,0.374817,13.8391,0.8158,-0.0028,0.07103,0.751159,-7.134291,149,0.722687,2800.7615,0.138933,0
526,22.4427,9082.37,7756.644,18433.59,-6.429415725,0.173977,0.430695,19.9285,0.7538,-0.1876,0.060972,0.741271,-6.587784,144,0.69996,2549.5048,0.150897,0
527,22.4853,8989.78,7748.1681,18281.25,-6.7083038218,0.280693,0.413471,18.0989,0.7911,-0.0896,0.063926,0.749105,-5.908826,147,0.663792,2654.9202,0.146502,0
528,22.528,9020.06,7709.7486,18093.75,-7.0641956683,0.125183,0.388347,15.9354,0.8234,0.0994,0.068463,0.763481,-5.864212,148,0.658131,2681.7333,0.144549,0
529,22.5707,9085.92,7682.2084,18304.69,-5.7427214084,0.171998,0.475576,28.1482,0.6923,-0.3094,0.053797,0.699481,-2.067628,142,0.693024,2777.5522,0.144915,0
530,22.6133,9252.86,7800.9374,18585.94,-6.7358991572,0.094008,0.398956,15.7598,0.7447,-0.1364,0.066512,0.753071,-6.18052,145,0.698287,2770.9523,0.146258,0
531,22.656,8998.62,7729.2968,18492.19,-6.6274366024,0.273227,0.40533,17.298,0.803,-0.0191,0.065365,0.730698,-4.99921,166,0.694681,2566.8696,0.143816,0
532,22.6987,8747.39,7669.1345,18058.59,-6.7167530292,0.105911,0.411131,18.0528,0.8352,0.0444,0.064337,0.722338,-5.441243,143,0.6798,2472.1178,0.139665,0
533,22.7413,8782.75,7696.3861,18246.09,-6.8097224916,0.146556,0.403043,17.7876,0.8115,-0.0611,0.065775,0.715104,-5.979348,156,0.70173,2762.2597,0.139421,0
534,22.784,9054.37,7713.9672,18351.56,-6.6823617336,0.25031,0.405003,17.3801,0.794,-0.0942,0.065424,0.764336,-8.242907,148,0.705287,2653.7195,0.142351,0
535,22.8267,8777.71,7619.8845,17929.69,-6.531707453,0.28594,0.423506,20.236,0.8454,0.0632,0.06219,0.737622,-4.222524,149,0.695611,2662.8845,0.143816,0
536,22.8693,9040.84,7840.7999,18585.94,-6.6836054058,0.202475,0.407957,16.8209,0.768,-0.1789,0.064898,0.741471,-4.911278,162,0.705279,2630.3883,0.135026,0
537,22.912,9089.14,7774.1966,18621.09,-5.9514330072,0.248458,0.456877,24.6708,0.7443,-0.2333,0.0567,0.718295,-4.116938,143,0.704417,2659.401,0.136613,0
538,22.9547,8852.99,7729.8207,18222.66,-6.9477841969,0.183182,0.394345,16.4908,0.8312,0.021,0.067354,0.744402,-6.413343,123,0.717223,2630.3738,0.149432,0
539,22.9973,9017.4,7707.4645,18539.06,-6.3369217193,0.184116,0.443967,20.7774,0.7646,-0.1938,0.058775,0.746025,-7.061375,140,0.668796,2517.0169,0.141863,0
540,23.04,8850.2,7710.6094,18269.53,-6.3480301983,0.251107,0.432965,19.5964,0.7968,-0.1109,0.060591,0.732581,-5.059866,147,0.688875,2618.6749,0.132462,0
541,23.0827,8861.9,7769.4992,18281.25,-7.0390482291,0.16897,0.380917,15.6166,0.8138,-0.0261,0.069862,0.742695,-7.141796,147,0.705114,2838.0648,0.133561,0
542,23.1253,8761.82,7766.7722,18222.66,-6.8597462539,0.141384,0.39788,16.3576,0.8504,0.0128,0.066708,0.737457,-7.648487,143,0.724743,2639.3641,0.141253,0
543,23.168,9136.42,7765.4833,18386.72,-7.7322075498,0.156396,0.34039,10.9189,0.819,0.0989,0.078004,0.776879,-5.463151,159,0.688525,2850.7821,0.154316,0
544,23.2107,8945.36,7808.8055,18398.44,-6.9524945093,0.180973,0.38977,15.1161,0.8002,-0.0733,0.068199,0.746477,-9.180102,147,0.657525,2731.4502,0.146624,0
545,23.2533,8737.86,7698.5514,18046.88,-6.6711917465,0.221836,0.41095,17.9841,0.8424,0.0222,0.064368,0.735453,-5.622633,144,0.707894,2779.0431,0.136735,0
546,23.296,8869.41,7712.6981,18199.22,-6.1199866828,0.277581,0.451742,22.3541,0.7595,-0.2109,0.057518,0.715035,-6.511533,147,0.695637,2626.51,0.138567,0
547,23.3387,9235.54,7833.4725,18703.12,-6.8433352158,0.238616,0.392977,15.3992,0.7451,-0.1663,0.067605,0.753484,-6.182051,156,0.677197,2715.9629,0.14345,0
548,23.3813,9039.94,7807.3308,18503.91,-6.7301097176,0.196411,0.40319,17.4528,0.772,-0.1306,0.065748,0.746022,-4.707477,143,0.682771,2639.3509,0.147601,0
549,23.424,9284.79,7797.0874,18503.91,-6.9575769868,0.181919,0.383942,14.9875,0.7617,-0.0621,0.069289,0.757513,-3.830722,153,0.683531,2788.5312,0.147723,0
550,23.4667,9167.22,7784.9371,18457.03,-6.7388595145,0.187569,0.399953,16.5592,0.7585,-0.1111,0.066332,0.755317,-8.165787,123,0.671733,2731.3218,0.146869,0
551,23.5093,9028.45,7800.7432,18386.72,-6.7446439315,0.190484,0.408106,16.8755,0.7829,-0.1074,0.064871,0.744341,-6.412338,147,0.695882,2640.3777,0.140886,0
552,23.552,8993.04,7863.2092,18539.06,-6.2050948404,0.163674,0.438266,20.8796,0.7583,-0.1894,0.05971,0.692549,-0.944944,154,0.696027,2721.5042,0.136491,0
553,23.5947,8901.94,7736.2019,18210.94,-6.2384386537,0.239365,0.43502,22.4006,0.7835,-0.0959,0.060248,0.693198,-4.347884,145,0.705367,2806.9129,0.136125,0
554,23.6373,8680.72,7730.4309,18105.47,-6.9596402837,0.143188,0.394582,16.329,0.8608,0.0522,0.06731,0.732833,-2.857622,150,0.701262,2629.8752,0.135148,0
555,23.68,8867.35,7803.9796,18386.72,-6.5567709051,0.058517,0.416034,19.5752,0.8034,-0.112,0.063479,0.732547,-3.412956,146,0.70161,2658.9816,0.133805,0
556,23.7227,8951.18,7703.4919,18410.16,-6.0705235535,0.266459,0.456655,24.4822,0.7723,-0.1474,0.056735,0.687439,-8.063963,142,0.727358,2559.6667,0.127335,0
557,23.7653,8900.67,7659.5218,18035.16,-6.3477368112,0.203808,0.435975,20.7177,0.798,-0.0629,0.06009,0.714416,-5.835269,155,0.685329,2591.7103,0.13759,0
558,23.808,8952.47,7773.5936,18292.97,-7.030085682,0.160718,0.377286,14.1115,0.81,0.0047,0.070555,0.739297,-5.61775,158,0.730527,2731.86,0.151996,0
559,23.8507,9113.03,7778.7344,18550.78,-6.4703018037,0.242272,0.42307,17.8674,0.7683,-0.1178,0.062265,0.741621,-5.90841,146,0.715289,2554.5588,0.146258,0
560,23.8933,8964.54,7656.5312,18070.31,-6.5271067554,0.231871,0.420485,18.6163,0.7905,-0.0673,0.062708,0.745485,-5.078879,169,0.706738,2801.6936,0.14284,0
561,23.936,8582.17,7670.942,17917.97,-6.3180748245,0.213398,0.431892,22.3513,0.8017,-0.1523,0.060771,0.708319,-6.742535,160,0.737163,2710.3851,0.134416,0
562,23.9787,8869.4,7707.0198,18257.81,-6.2655367378,0.290696,0.440703,21.3836,0.8018,-0.1226,0.059309,0.724384,-9.756823,149,0.730138,2639.2817,0.142107,0
563,24.0213,9129.3,7852.445,18574.22,-6.9270968459,0.188595,0.395138,15.4389,0.7728,-0.121,0.067208,0.75399,-7.552091,120,0.687027,2756.6775,0.149676,0
564,24.064,8969.98,7757.6388,18398.44,-6.6882537535,0.212822,0.410696,18.2327,0.782,-0.1197,0.064413,0.735274,-5.356206,157,0.663766,2717.766,0.14284,0
565,24.1067,9006.18,7725.8987,18421.88,-6.7295732729,0.2108,0.403233,17.0876,0.7986,-0.0538,0.065741,0.744345,-8.446318,143,0.670983,2792.2108,0.143694,0
566,24.1493,9179.78,7708.484,18386.72,-6.5832116978,0.164511,0.413745,17.2551,0.7585,-0.133,0.063878,0.760087,-4.386907,153,0.679777,2641.9775,0.145526,0
567,24.192,8996.03,7787.5393,18562.5,-6.7356476924,0.202286,0.397593,16.5435,0.8061,-0.0611,0.06676,0.739135,-4.573355,160,0.672468,2672.7181,0.147967,0
568,24.2347,9007.73,7753.2042,18457.03,-7.2044078791,0.217142,0.370628,13.2227,0.8229,0.0177,0.071844,0.763197,-6.599493,145,0.681169,2821.3069,0.147357,0
569,24.2773,8736.18,7687.9088,18152.34,-5.9354886471,0.1742,0.464146,26.3767,0.7894,-0.1793,0.055558,0.703779,-3.14665,143,0.720829,2658.1087,0.138323,0
570,24.32,8891.28,7731.652,18199.22,-6.5396398512,0.154348,0.421381,19.4015,0.8033,-0.0639,0.062554,0.727058,-6.575198,155,0.706079,2544.8967,0.139177,0
571,24.3627,9013.84,7741.684,18433.59,-7.0303204363,0.183876,0.389983,15.2808,0.7846,-0.0773,0.068159,0.757737,-7.979631,140,0.690939,2754.1414,0.143938,0
572,24.4053,8905.44,7809.6665,18304.69,-6.5205060308,0.316886,0.41277,18.2902,0.8137,-0.0579,0.064049,0.719441,-6.006992,142,0.709873,2616.0446,0.142107,0
573,24.448,8992.44,7758.3116,18410.16,-6.6140370666,0.206818,0.414151,18.4773,0.7846,-0.1116,0.063807,0.743362,-4.039591,162,0.689766,2573.1806,0.141863,0
574,24.4907,9089.68,7750.4874,18492.19,-7.2817397732,0.212137,0.37008,13.5912,0.8199,0.0709,0.071951,0.763138,-5.591873,138,0.686022,2864.145,0.136003,0
575,24.5333,8836.22,7771.651,18375.0,-6.8235486667,0.181962,0.395117,16.3012,0.83,-0.01,0.067212,0.728854,-4.968071,159,0.70441,2662.9486,0.133927,0
576,24.576,8901.5,7720.5309,18246.09,-6.9735398475,0.178402,0.390427,15.3808,0.819,0.0194,0.068077,0.736853,-4.088569,174,0.720713,2744.2826,0.146502,0
577,24.6187,9175.54,7765.3178,18386.72,-7.099307741,0.185129,0.37717,14.2511,0.7888,0.024,0.070577,0.759859,-5.516956,157,0.700098,2731.2204,0.1487,0
578,24.6613,8814.42,7754.7548,18269.53,-6.694722352,0.110145,0.406002,18.0813,0.8393,0.0076,0.065245,0.737472,-5.221049,152,0.699666,2607.6036,0.140642,0
579,24.704,9028.08,7737.5748,18328.12,-6.4759987104,0.214988,0.420925,19.1336,0.7726,-0.1161,0.062633,0.73869,-3.390426,172,0.699028,2769.6841,0.141985,0
580,24.7467,8867.39,7738.5262,18257.81,-6.7018031356,0.143085,0.407605,18.5731,0.8138,-0.0432,0.06496,0.732096,-7.824398,142,0.697612,2556.3392,0.135759,0
581,24.7893,9063.03,7721.3455,18492.19,-6.2998848876,0.297501,0.438292,20.4995,0.7849,-0.1142,0.059706,0.732167,-4.879429,123,0.698764,2490.5983,0.132829,0
582,24.832,8999.32,7805.5967,18468.75,-6.6462277396,0.232019,0.41185,17.8995,0.7623,-0.1822,0.06421,0.72942,-6.596927,158,0.705432,2694.1664,0.143328,0
583,24.8747,8883.81,7782.8844,18304.69,-6.7516483361,0.29844,0.400753,17.2395,0.8194,-0.0552,0.066187,0.738224,-4.279135,157,0.694186,2656.5184,0.144427,0
584,24.9173,9093.52,7744.7675,18492.19,-6.1534028574,0.142695,0.449844,23.3562,0.7507,-0.1863,0.057823,0.730308,-7.570476,134,0.710721,2653.1332,0.145159,0
585,24.96,9124.95,7755.9732,18515.62,-6.9855376673,0.130996,0.395875,15.8883,0.7788,-0.0675,0.067074,0.760658,-3.701766,154,0.667411,2745.1092,0.149432,0
586,25.0027,9075.91,7720.3093,18339.84,-7.1777925445,0.210181,0.383475,15.2005,0.7989,0.0214,0.069377,0.758357,-6.819602,160,0.66006,2709.9005,0.142962,0
587,25.0453,9046.15,7751.4035,18375.0,-6.7918883482,0.203138,0.40837,17.5736,0.7789,-0.0922,0.064824,0.749876,-5.960407,153,0.668691,2666.4876,0.140764,0
588,25.088,8945.02,7725.9703,18234.38,-6.7138447764,0.227622,0.409544,17.7649,0.7983,-0.0527,0.064617,0.735621,-6.542613,142,0.668985,2632.8594,0.148089,0
589,25.1307,9214.53,7675.6827,18210.94,-6.8228234168,0.180268,0.403501,16.502,0.7535,-0.0893,0.065693,0.771272,-4.851725,152,0.673243,2697.2302,0.149554,0
590,25.1733,9142.84,7733.0991,18527.34,-6.5490735576,0.196831,0.418252,18.5842,0.7575,-0.1374,0.063094,0.750098,-4.80263,146,0.68747,2699.553,0.155537,0
591,25.216,9288.79,7811.5028,18527.34,-6.8347916981,0.2128,0.39581,15.7705,0.743,-0.1194,0.067086,0.751012,-4.828127,128,0.657255,2731.0284,0.157368,0
592,25.2587,8839.95,7727.5641,18199.22,-6.6333566093,0.218696,0.408255,17.6636,0.789,-0.1044,0.064845,0.732172,-4.217671,149,0.706208,2465.9127,0.145892,0
593,25.3013,8979.62,7758.6017,18398.44,-5.9462081093,0.132398,0.457017,24.5007,0.7507,-0.2093,0.056678,0.68445,-5.016874,147,0.728281,2681.3819,0.141253,0
594,25.344,9059.05,7710.2255,18550.78,-6.3424469228,0.328037,0.428971,20.3734,0.7638,-0.1569,0.061262,0.727196,-4.258839,145,0.701972,2682.3043,0.151386,0
595,25.3867,9022.9,7808.8985,18421.88,-6.5017755195,0.175389,0.41997,19.0869,0.7709,-0.1271,0.062797,0.735321,-4.953527,152,0.694063,2668.0722,0.159077,0
596,25.4293,9091.95,7709.3252,18316.41,-6.3760378175,0.259808,0.429082,20.2051,0.7516,-0.1584,0.061243,0.729592,-3.052572,167,0.701212,2676.5989,0.148456,0
597,25.472,8777.46,7756.2537,18152.34,-6.281819671,0.130242,0.435507,22.604,0.8037,-0.1203,0.060168,0.707699,-8.944901,144,0.723048,2710.4445,0.133683,0
598,25.5147,8918.48,7698.8233,18234.38,-6.1882459022,0.170908,0.445207,24.4787,0.7798,-0.1362,0.058573,0.722569,-3.223678,166,0.712416,2692.262,0.13527,0
599,25.5573,8829.71,7723.576,18246.09,-6.1820595369,0.168372,0.454537,24.4438,0.8073,-0.0871,0.057072,0.721585,-2.124728,142,0.699189,2454.6552,0.14577,0
600,25.6,8747.04,7770.261,18199.22,-6.5901138965,0.238625,0.413431,18.181,0.8309,-0.0286,0.063933,0.717593,-3.51445,147,0.667964,2619.3527,0.144671,0
601,25.6427,9165.99,7774.3665,18468.75,-6.789905079,0.134376,0.39628,16.3168,0.7499,-0.137,0.067,0.751751,-6.278193,131,0.721095,2577.4113,0.144915,0
602,25.6853,9073.78,7665.1134,18152.34,-6.5050485682,0.240772,0.422606,18.8543,0.802,-0.0112,0.062344,0.753002,-6.892166,155,0.693322,2687.6425,0.148334,0
603,25.728,8907.66,7718.1511,18222.66,-6.6289490786,0.162367,0.415102,18.4056,0.8147,-0.0058,0.063641,0.729889,-7.474122,153,0.706563,2636.067,0.142718,0
604,25.7707,8838.26,7763.5771,18328.12,-6.8351060339,0.220294,0.40027,17.2733,0.8343,0.0178,0.066274,0.732008,-3.806821,141,0.698334,2645.7243,0.140398,0
605,25.8133,8878.65,7726.2604,18246.09,-6.2523640064,0.177503,0.434219,22.1485,0.79,-0.1204,0.060382,0.726543,-4.753267,180,0.689382,2816.2446,0.139788,0
606,25.856,9097.17,7776.7247,18445.31,-6.6637666592,0.157254,0.408993,17.3583,0.7565,-0.1305,0.064714,0.7412,-5.058488,153,0.703568,2625.7454,0.137102,0
607,25.8987,8992.41,7710.3406,18292.97,-6.0033218767,0.243778,0.453605,25.4511,0.7367,-0.2297,0.05722,0.70993,-3.228806,146,0.678055,2768.517,0.139665,0
608,25.9413,8793.33,7775.5154,18316.41,-6.3229424974,0.251956,0.438072,23.3725,0.8044,-0.1124,0.059742,0.714684,-5.605988,153,0.686415,2603.3927,0.138933,0
609,25.984,8875.95,7720.8533,18222.66,-6.4435789836,0.237357,0.428445,19.9335,0.8043,-0.105,0.061351,0.733328,-3.914369,155,0.698062,2587.5081,0.136491,0
610,26.0267,9021.69,7715.8834,18398.44,-6.8533437665,0.17065,0.400843,16.605,0.808,-0.028,0.066171,0.759416,-7.793144,142,0.687136,2728.5137,0.145526,0
611,26.0693,8963.22,7726.4111,18292.97,-7.0040218297,0.134062,0.386339,15.3713,0.7959,-0.0562,0.068838,0.74753,-4.067357,164,0.665019,2686.5793,0.148211,0
612,26.112,9070.93,7742.7858,18328.12,-6.7285485938,0.132544,0.401997,17.0003,0.7793,-0.0848,0.065963,0.748946,-7.046542,145,0.705026,2675.6689,0.146136,0
613,26.1547,8992.18,7832.2722,18574.22,-6.3628703916,0.228683,0.430441,19.6979,0.7619,-0.2276,0.061014,0.721975,-4.674781,161,0.720722,2637.4628,0.138811,0
614,26.1973,8964.66,7789.6235,18304.69,-6.4044320059,0.386545,0.429548,19.3283,0.7795,-0.1352,0.061165,0.721891,-9.533762,139,0.657312,2559.6132,0.135515,0
615,26.24,8990.98,7767.6354,18398.44,-6.5247847701,0.138818,0.413634,18.6601,0.7938,-0.072,0.063897,0.736782,-4.939457,148,0.705195,2599.4206,0.143206,0
616,26.2827,8792.83,7806.6812,18421.88,-6.7984829643,0.257912,0.396974,16.7275,0.8193,-0.0485,0.066873,0.71846,-9.499678,157,0.705597,2790.3292,0.140642,0
617,26.3253,8624.15,7702.0462,18035.16,-6.2968230583,0.274637,0.441843,22.7024,0.8191,-0.089,0.059122,0.70887,-9.795864,148,0.7073,2674.9382,0.129777,0
618,26.368,8793.28,7739.9414,18281.25,-6.6570581878,0.201315,0.409622,18.7004,0.8166,-0.0451,0.064603,0.732249,-7.002134,136,0.680353,2642.3919,0.131242,0
619,26.4107,9001.51,7755.5717,18316.41,-6.9476638435,0.140851,0.389843,15.292,0.8109,-0.0091,0.068185,0.751979,-3.713312,154,0.70114,2814.4876,0.146869,0
620,26.4533,8997.75,7737.7405,18492.19,-6.4540420826,0.117893,0.420419,19.1746,0.7931,-0.0997,0.06272,0.733731,-6.594113,162,0.712234,2554.9391,0.141008,0
621,26.496,8729.84,7691.6343,18093.75,-6.5704443195,0.161685,0.415514,18.5308,0.8255,-0.0275,0.063569,0.726492,-6.127963,165,0.680224,2629.334,0.130753,0
622,26.5387,8968.54,7773.5201,18515.62,-6.3240323794,0.193525,0.441416,23.0559,0.7592,-0.2097,0.059192,0.73304,-4.376744,132,0.669592,2523.4647,0.139543,0
623,26.5813,9118.1,7805.3093,18292.97,-6.3551801076,0.237686,0.427489,19.7026,0.7433,-0.1812,0.061513,0.732971,-3.316901,162,0.660466,2562.9429,0.14345,0
624,26.624,9085.86,7791.3553,18550.78,-6.3256183423,0.163538,0.434871,19.5933,0.7553,-0.2114,0.060273,0.742554,-6.974071,153,0.683153,2603.1392,0.136735,0
625,26.6667,8973.92,7757.262,18375.0,-6.5491546222,0.173007,0.413907,18.741,0.7602,-0.1689,0.06385,0.72825,-6.192791,151,0.71115,2587.6084,0.140398,0
626,26.7093,9051.05,7651.1639,18140.62,-6.6598698382,0.165077,0.411065,17.4637,0.7624,-0.0985,0.064348,0.747329,-6.094686,142,0.700268,2636.0701,0.151386,0
627,26.752,9160.54,7844.0346,18703.12,-6.7255707817,0.200005,0.403695,16.8118,0.7424,-0.217,0.065658,0.737607,-4.131963,142,0.695607,2795.626,0.154072,0
628,26.7947,9178.73,7838.1046,18679.69,-6.3177920367,0.191464,0.427801,20.2568,0.7235,-0.2749,0.06146,0.720045,-6.496568,161,0.698116,2557.8679,0.147723,0
629,26.8373,8601.51,7670.1982,17917.97,-6.4767024957,0.177755,0.420658,21.3867,0.855,0.0162,0.062678,0.720139,-5.979726,161,0.710248,2858.3378,0.13759,0
630,26.88,8921.2,7745.2895,18328.12,-6.4050962019,0.235458,0.424205,20.1225,0.7886,-0.0961,0.062071,0.727947,-7.565216,139,0.722793,2760.6701,0.128556,0
631,26.9227,8844.04,7675.1519,18210.94,-6.0826380756,0.114347,0.4537,25.1345,0.7747,-0.1538,0.057205,0.717349,-4.031889,158,0.687631,2592.2459,0.133927,0
632,26.9653,8724.6,7778.6986,18187.5,-6.5440844716,0.204541,0.4177,18.6061,0.8029,-0.1112,0.063189,0.706184,-7.755982,153,0.71022,2664.1883,0.134904,0
633,27.008,8951.33,7667.4317,18187.5,-6.8570736141,0.180418,0.40392,16.7828,0.8164,0.0627,0.065617,0.749064,-8.078195,147,0.689063,2661.8109,0.140398,0
634,27.0507,9053.98,7722.4579,18480.47,-6.815617136,0.201824,0.395934,15.3114,0.787,-0.071,0.067063,0.748018,-4.530011,149,0.691538,2642.3664,0.145648,0
635,27.0933,8988.02,7701.376,18351.56,-6.6243567623,0.147348,0.416747,18.157,0.7842,-0.0931,0.063355,0.752887,-4.773,135,0.693726,2763.4299,0.144427,0
636,27.136,9004.2,7681.9201,18292.97,-6.7859551156,0.173882,0.403964,16.376,0.7899,-0.0656,0.06561,0.754952,-6.477836,148,0.695055,2742.1799,0.144793,0
637,27.1787,8769.94,7775.6732,18316.41,-6.4466933555,0.224558,0.424851,19.5967,0.7952,-0.1657,0.061961,0.724606,-4.726987,138,0.713761,2596.9019,0.139665,0
638,27.2213,8914.58,7710.7856,18140.62,-6.3862254688,0.139698,0.42903,20.8873,0.7948,-0.0592,0.061252,0.72606,-5.756572,137,0.694414,2481.3358,0.139299,0
639,27.264,8896.22,7697.9162,18175.78,-6.9794869909,0.179353,0.391041,15.5621,0.8078,-0.0073,0.067963,0.74166,-6.78529,136,0.697344,2776.9886,0.138811,0
640,27.3067,8987.66,7738.7749,18445.31,-6.2910031929,0.211464,0.434637,22.1055,0.7559,-0.168,0.060312,0.719181,-5.756636,157,0.700736,2547.7675,0.143816,0
641,27.3493,9320.02,7706.074,18574.22,-6.5292800452,0.212153,0.424907,17.7197,0.7492,-0.1191,0.061951,0.7662,-6.417251,155,0.683034,2677.8567,0.149554,0
642,27.392,9225.87,7746.0675,18445.31,-7.150446242,0.18493,0.378054,13.4306,0.7873,-0.005,0.070408,0.768963,-4.741047,167,0.665497,2728.323,0.15163,0
643,27.4347,8984.53,7784.6894,18445.31,-7.2153593853,0.176532,0.374088,13.4651,0.8209,0.0112,0.071171,0.750954,-7.279576,142,0.680656,2735.1909,0.151141,0
644,27.4773,9024.93,7720.5269,18304.69,-6.4870497359,0.218553,0.419546,19.1754,0.7661,-0.1474,0.06287,0.737382,-4.00875,145,0.717793,2575.3825,0.145892,0
645,27.52,8934.76,7699.3222,18234.38,-6.6680495764,0.171851,0.413917,18.4063,0.7908,-0.0531,0.063848,0.729664,-6.111928,155,0.720054,2661.3297,0.143572,0
646,27.5627,8988.43,7708.208,18316.41,-6.7231628305,0.16875,0.407695,16.7312,0.7838,-0.0724,0.064944,0.741014,-4.961826,134,0.687562,2700.5547,0.137224,0
647,27.6053,8839.04,7697.2477,18234.38,-6.8002877819,0.218193,0.397236,16.9695,0.8389,0.0169,0.066825,0.739615,-6.177993,149,0.728537,2628.5771,0.141497,0
648,27.648,8831.99,7737.1168,18117.19,-6.5159834313,0.212876,0.416311,18.4788,0.7883,-0.1357,0.06343,0.730287,-7.20637,145,0.728396,2686.5153,0.142351,0
649,27.6907,8727.66,7686.6958,18011.72,-6.8096062346,0.256175,0.398948,17.1716,0.8605,0.0685,0.066514,0.739789,-6.459268,178,0.715116,2626.5365,0.133439,0
650,27.7333,9088.69,7763.5038,18562.5,-7.2472732588,0.171761,0.372127,13.7755,0.8239,0.0331,0.071551,0.760584,-7.439593,160,0.705841,2835.8148,0.143206,0
651,27.776,9168.77,7777.3346,18480.47,-6.5781644388,0.140728,0.415254,17.713,0.7583,-0.1129,0.063614,0.738156,-6.104367,135,0.699181,2604.4089,0.145159,0
652,27.8187,9014.3,7723.7799,18410.16,-6.4832963089,0.150237,0.421295,18.0496,0.7788,-0.1356,0.062569,0.745441,-5.419748,151,0.702284,2632.4953,0.142351,0
653,27.8613,9136.42,7755.489,18480.47,-7.1227550786,0.166574,0.378097,14.5868,0.783,-0.0656,0.070399,0.763753,-5.074553,158,0.722411,2726.3921,0.144671,0
654,27.904,9049.73,7716.652,18246.09,-6.6414161371,0.210185,0.407363,17.655,0.7704,-0.0845,0.065003,0.743434,-3.625573,149,0.70143,2592.5802,0.140764,0
655,27.9467,9063.57,7736.307,18351.56,-6.5919231555,0.154397,0.418363,18.5842,0.7741,-0.1219,0.063075,0.748094,-3.112397,150,0.689635,2708.9626,0.143938,0
656,27.9893,8988.13,7806.3221,18480.47,-7.0790710614,0.215979,0.380552,14.7861,0.8032,-0.0578,0.069931,0.753143,-5.547392,147,0.688487,2714.0585,0.145648,0
657,28.032,9152.07,7826.8183,18492.19,-6.466956665,0.189149,0.420727,17.8872,0.7402,-0.1918,0.062667,0.730852,-7.487604,141,0.691826,2573.6415,0.148334,0
658,28.0747,9092.92,7738.0914,18445.31,-6.5617297983,0.151163,0.417152,17.967,0.7741,-0.112,0.063284,0.751474,-2.481424,156,0.704976,2589.3138,0.147479,0
659,28.1173,8826.59,7798.2806,18527.34,-6.35034849,0.093685,0.428322,20.7787,0.785,-0.2108,0.061372,0.71625,-2.16227,167,0.70994,2708.8699,0.130875,0
660,28.16,8684.97,7667.8645,18199.22,-6.3753316349,0.269154,0.43249,21.4592,0.8127,-0.1014,0.060671,0.705816,-4.863354,148,0.737979,2680.336,0.129166,0
661,28.2027,8827.94,7731.2159,18152.34,-6.6836670924,0.187952,0.412875,17.4404,0.8119,-0.0544,0.06403,0.728026,-2.835153,170,0.701895,2600.5128,0.137224,0
662,28.2453,8919.69,7788.1873,18398.44,-6.6474178415,0.136935,0.414042,18.6509,0.7788,-0.1303,0.063826,0.734381,-5.238812,145,0.716542,2420.8366,0.130143,0
663,28.288,8772.36,7851.2521,18433.59,-6.6643717746,0.163522,0.408727,18.8368,0.8172,-0.0803,0.064761,0.712572,-5.375705,163,0.673943,2637.9254,0.131486,0
664,28.3307,8899.28,7763.0766,18457.03,-6.4616833489,0.252866,0.424187,19.5405,0.8013,-0.1223,0.062074,0.728351,-9.419881,149,0.698759,2644.8388,0.138567,0
665,28.3733,8951.35,7739.1671,18457.03,-6.4809485471,0.313622,0.426509,18.4368,0.7798,-0.1337,0.061679,0.739001,-7.093903,154,0.689725,2651.9625,0.14345,0
666,28.416,9197.88,7773.3063,18562.5,-6.9247493804,0.153531,0.39343,15.9079,0.798,-0.018,0.067522,0.768859,-5.561313,150,0.682564,2647.808,0.146502,0
667,28.4587,8926.49,7687.3122,18304.69,-6.3452549845,0.281449,0.434636,19.9286,0.7965,-0.1304,0.060312,0.738559,-6.165769,151,0.659212,2707.9304,0.14345,0
668,28.5013,8901.33,7761.1057,18375.0,-6.8585735921,0.099196,0.401308,16.0821,0.7968,-0.0936,0.066087,0.744627,-6.142198,135,0.682052,2791.5058,0.141131,0
669,28.544,8828.82,7748.2572,18339.84,-6.7072177458,0.223498,0.410485,16.4595,0.8294,-0.0207,0.06445,0.736934,-8.422892,146,0.67721,2633.1561,0.139421,0
670,28.5867,8826.79,7807.1263,18421.88,-6.7123173282,0.198405,0.407254,17.7229,0.8189,-0.0751,0.065022,0.722257,-7.931202,140,0.686903,2805.0491,0.138811,0
671,28.6293,8995.0,7765.6855,18457.03,-6.488178189,0.128296,0.424575,19.2641,0.7735,-0.1394,0.062008,0.737281,-6.598667,145,0.668927,2675.3828,0.143084,0
672,28.672,9023.15,7688.974,18281.25,-7.0910549842,0.275839,0.37025,14.0655,0.7906,-0.029,0.071917,0.749424,-5.300435,150,0.716036,2932.687,0.138811,0
673,28.7147,8867.45,7758.6255,18222.66,-6.381099984,0.171903,0.429757,20.8052,0.7912,-0.1049,0.06113,0.715366,-3.584715,148,0.708052,2524.7581,0.135026,0
674,28.7573,8878.09,7710.6274,18234.38,-7.108279903,0.240279,0.381634,14.9808,0.8531,0.0543,0.069725,0.759627,-5.652684,148,0.718149,2725.2639,0.142107,0
675,28.8,8947.25,7747.8038,18304.69,-6.2638864543,0.250932,0.437443,23.2382,0.7735,-0.1405,0.059846,0.721454,-6.35217,141,0.709808,2856.6871,0.139665,0
676,28.8427,8962.78,7688.173,18246.09,-6.5476006339,0.170736,0.421309,18.791,0.7927,-0.1044,0.062567,0.748496,-4.267169,128,0.674155,2713.8936,0.144305,0
677,28.8853,9055.13,7768.2782,18527.34,-6.7094267027,0.155491,0.407431,17.4375,0.7804,-0.1231,0.064991,0.7487,-4.347319,149,0.692481,2800.5382,0.1487,0
678,28.928,8841.07,7747.3066,18257.81,-6.5758613419,0.239514,0.419749,18.8943,0.7942,-0.1214,0.062835,0.724682,-5.963789,157,0.698286,2666.9757,0.143572,0
679,28.9707,9007.15,7766.0093,18292.97,-6.9554463645,0.216216,0.389453,15.194,0.8134,-0.0109,0.068258,0.752554,-4.906378,144,0.697402,2576.5661,0.133439,0
680,29.0133,8670.79,7713.4305,18082.03,-6.5909727187,0.249273,0.413037,19.2465,0.8162,-0.0691,0.064002,0.722473,-7.356313,148,0.705714,2730.1845,0.133683,0
681,29.056,9184.49,7834.4787,18480.47,-7.1338194961,0.213747,0.376007,13.769,0.7795,-0.0541,0.070801,0.759314,-6.494593,138,0.699442,2909.191,0.146869,0
682,29.0987,9233.56,7787.8982,18421.88,-6.9897635663,0.26407,0.380935,14.6728,0.7726,-0.0468,0.069858,0.755068,-3.776798,157,0.680123,2756.9814,0.148822,0
683,29.1413,8992.45,7744.8269,18363.28,-6.3865008583,0.245714,0.427854,20.558,0.7913,-0.1135,0.061451,0.738479,-5.684716,140,0.730598,2525.6167,0.149921,0
684,29.184,9254.93,7806.0034,18585.94,-6.8192299793,0.275293,0.398264,16.2736,0.7537,-0.1083,0.066638,0.759398,-7.363991,135,0.674139,2727.8897,0.155659,0
685,29.2267,9256.84,7755.6247,18574.22,-7.3670732741,0.166655,0.365709,13.2834,0.7845,0.0097,0.072811,0.779085,-7.529104,148,0.676316,2786.2995,0.154438,0
686,29.2693,8977.23,7689.1195,18468.75,-6.5495816842,0.142478,0.422201,20.3334,0.7964,-0.0967,0.062413,0.740218,-4.243527,150,0.679416,2633.9131,0.141619,0
687,29.312,8789.07,7684.5017,18187.5,-6.4290343224,0.270518,0.425909,20.4536,0.8001,-0.1083,0.061781,0.723349,-6.130664,160,0.693262,2625.4404,0.133683,0
688,29.3547,8848.35,7694.3797,18128.91,-6.1806368304,0.203596,0.446096,22.825,0.7931,-0.1132,0.058429,0.713493,-4.437749,170,0.698825,2667.2243,0.132218,0
689,29.3973,8732.27,7716.4109,18175.78,-6.2527799335,0.204316,0.442172,23.0357,0.827,-0.0659,0.059068,0.708138,-7.489761,132,0.676482,2645.5304,0.136735,0
690,29.44,8963.69,7701.5607,18234.38,-6.3280188779,0.181147,0.432079,20.5851,0.7588,-0.1656,0.06074,0.715181,-4.373505,156,0.719586,2718.8901,0.136491,0
691,29.4827,8886.36,7668.6584,18128.91,-6.6105537793,0.206163,0.414393,18.8584,0.8106,-0.0391,0.063765,0.74223,-6.03418,137,0.683797,2756.2549,0.132585,0
692,29.5253,8759.32,7710.0674,18269.53,-5.7205119083,0.216716,0.479742,29.2349,0.7795,-0.2041,0.053165,0.681482,-2.139593,163,0.698085,2773.0742,0.133805,0
693,29.568,8841.51,7723.2856,18292.97,-6.639237995,0.379814,0.414992,18.6792,0.7963,-0.115,0.06366,0.727936,-7.141768,142,0.695702,2592.6868,0.135148,0
694,29.6107,9184.47,7733.2936,18597.66,-6.9792377181,0.156408,0.390804,15.06,0.7841,-0.0605,0.068007,0.763319,-7.024054,147,0.690365,2811.7075,0.146624,0
695,29.6533,9181.15,7789.5426,18562.5,-6.7142623001,0.2049,0.405629,16.5481,0.7499,-0.1848,0.065312,0.760506,-7.196341,160,0.671816,2801.8716,0.152362,0
696,29.696,8815.94,7796.1326,18175.78,-6.889298106,0.232196,0.391952,15.9425,0.8067,-0.0608,0.067795,0.725426,-5.216592,151,0.677013,2820.5789,0.146869,0
697,29.7387,9112.37,7826.763,18421.88,-6.9166027173,0.080172,0.390835,15.461,0.778,-0.0654,0.068001,0.743282,-6.374793,147,0.685821,2756.0191,0.140276,0
698,29.7813,8638.6,7695.2821,18117.19,-6.5293702127,0.166771,0.424147,19.8098,0.8578,0.0116,0.062081,0.728153,-6.666459,154,0.706701,2709.0201,0.141741,0
699,29.824,8821.23,7710.8398,18292.97,-6.4505730379,0.200219,0.423354,20.1867,0.7838,-0.1247,0.062216,0.707781,-4.858384,143,0.712985,2500.6334,0.138078,0
700,29.8667,8850.21,7752.6364,18292.97,-6.5427337799,0.155198,0.414429,19.2324,0.7976,-0.0728,0.063758,0.718173,-4.163352,150,0.696911,2558.7651,0.1382,0
701,29.9093,8994.67,7774.7194,18527.34,-6.1483921249,0.203263,0.445578,22.4316,0.7641,-0.1978,0.058513,0.713108,-7.337419,161,0.706865,2641.9544,0.144061,0
702,29.952,9009.2,7678.0903,18152.34,-6.7946590162,0.231562,0.406088,16.1048,0.822,0.0339,0.06523,0.743651,-3.600278,132,0.710997,2601.7152,0.141253,0
703,29.9947,8782.6,7748.2982,18070.31,-6.4275568704,0.116868,0.425328,20.0597,0.7893,-0.1046,0.061879,0.693416,-6.269819,140,0.689984,2614.9361,0.138323,0
704,30.0373,9220.59,7750.0038,18597.66,-6.8653744632,0.202337,0.396175,15.5061,0.7708,-0.0975,0.067019,0.76055,-4.068223,139,0.697326,2707.0577,0.142351,0
705,30.08,8933.28,7779.942,18386.72,-6.5026775177,0.192599,0.417744,19.2424,0.769,-0.1435,0.063182,0.718257,-5.373462,165,0.709694,2694.3179,0.148089,0
706,30.1227,9266.45,7813.2162,18480.47,-6.859092727,0.176074,0.393668,15.2012,0.7495,-0.1281,0.067478,0.760125,-3.556677,152,0.698917,2744.332,0.147479,0
707,30.1653,9063.84,7731.7335,18457.03,-7.2260883595,0.113052,0.368534,13.9858,0.8011,-0.0448,0.072254,0.763522,-6.145489,134,0.688284,2760.0398,0.152851,0
708,30.208,9408.54,7776.3917,18867.19,-6.2752611532,0.291803,0.433098,19.3256,0.6823,-0.2897,0.060569,0.748814,-5.046399,129,0.695157,2794.4181,0.154438,0
709,30.2507,9013.46,7702.3252,18445.31,-6.8861532589,0.102612,0.394049,14.6444,0.7939,-0.0739,0.067408,0.749428,-7.294162,146,0.701923,2616.8847,0.149066,0
710,30.2933,9028.93,7776.3662,18492.19,-6.6058436772,0.241138,0.415369,18.1638,0.7972,-0.0876,0.063594,0.751447,-6.489102,139,0.705801,2693.3346,0.13991,0
711,30.336,8816.07,7780.4212,18375.0,-6.75401843,0.165337,0.404964,16.9368,0.8145,-0.0755,0.065431,0.729357,-7.909323,158,0.689281,2573.4344,0.141741,0
712,30.3787,9054.16,7717.3585,18515.62,-6.7087066874,0.180934,0.405244,16.6413,0.7833,-0.0785,0.065381,0.757865,-3.982333,171,0.711365,2750.6039,0.141008,0
713,30.4213,8935.33,7795.8816,18527.34,-6.3711484423,0.19657,0.429278,19.9271,0.7769,-0.1558,0.06121,0.713745,-4.198448,142,0.673316,2715.5921,0.139543,0
714,30.464,8943.75,7790.3355,18468.75,-6.3128181739,0.181436,0.4362,21.0663,0.7803,-0.1381,0.060052,0.727739,-4.9352,126,0.716277,2566.4327,0.140398,0
715,30.5067,8820.53,7767.6804,18281.25,-6.7436029236,0.215643,0.403891,17.8094,0.7977,-0.1095,0.065623,0.726311,-5.28102,134,0.681404,2701.7992,0.139421,0
716,30.5493,9058.45,7703.2565,18363.28,-6.6322706731,0.197487,0.413309,18.3051,0.7686,-0.0937,0.063954,0.734798,-8.242086,148,0.698522,2666.5121,0.141741,0
717,30.592,9177.66,7744.6355,18515.62,-6.963135818,0.11869,0.389065,15.4642,0.7718,-0.0728,0.06833,0.757155,-6.469852,133,0.697006,2654.2492,0.142229,0
718,30.6347,9081.91,7771.3065,18445.31,-6.3884125777,0.153751,0.424625,19.2966,0.7545,-0.1675,0.061999,0.730293,-3.977351,167,0.698714,2727.9038,0.140154,0
719,30.6773,8969.61,7720.8267,18351.56,-6.3521906133,0.194899,0.431458,20.733,0.7293,-0.2204,0.060844,0.719834,-7.045153,136,0.674196,2609.3038,0.138689,0
720,30.72,8873.07,7646.413,18164.06,-6.8056261978,0.283573,0.396966,16.9337,0.8345,0.0656,0.066874,0.741706,-9.948407,141,0.691223,2802.6474,0.142229,0
721,30.7627,8909.12,7734.3187,18257.81,-6.6408761549,0.153479,0.415054,16.9181,0.8021,-0.063,0.063649,0.733113,-5.305821,146,0.683247,2740.3262,0.147723,0
722,30.8053,9052.12,7746.2423,18398.44,-6.903228179,0.10947,0.394884,15.1119,0.7876,-0.0621,0.067255,0.752187,-8.604678,147,0.692716,2720.4646,0.15517,0
723,30.848,9145.9,7725.6727,18539.06,-6.545821194,0.219054,0.414697,18.2733,0.7402,-0.1609,0.063711,0.738864,-5.740136,141,0.689374,2623.6345,0.149066,0
724,30.8907,8994.57,7737.5454,18304.69,-6.5952266331,0.166632,0.416673,17.7597,0.7849,-0.0935,0.063367,0.732918,-5.481679,142,0.682768,2671.7961,0.139177,0
725,30.9333,9078.8,7789.1531,18597.66,-6.8134539545,0.173487,0.401728,16.3621,0.7974,-0.0839,0.066011,0.759585,-4.656817,159,0.716969,2677.4549,0.145648,0
726,30.976,8824.13,7752.598,18140.62,-6.9401920203,0.195427,0.390106,15.6466,0.8252,-0.0208,0.068136,0.726815,-4.477384,143,0.707983,2672.7705,0.148822,0
727,31.0187,9249.27,7815.8898,18574.22,-6.7844856097,0.283397,0.404652,16.4344,0.7594,-0.1163,0.065486,0.757087,-5.937044,136,0.719904,2653.0921,0.148578,0
728,31.0613,8995.05,7813.084,18410.16,-7.0083471778,0.163478,0.387551,15.4028,0.8094,-0.0208,0.068612,0.740231,-5.543335,160,0.67118,2629.0486,0.151508,0
729,31.104,8720.68,7736.5953,18269.53,-6.4560731195,0.201876,0.421138,19.5957,0.8063,-0.1242,0.062596,0.7052,-4.185942,164,0.675251,2804.2172,0.143206,0
730,31.1467,8912.52,7755.3315,18164.06,-6.5471976908,0.202554,0.414118,18.9267,0.7863,-0.1175,0.063813,0.729659,-8.01873,146,0.687071,2715.4974,0.132585,0
731,31.1893,9081.14,7762.4725,18421.88,-6.5392394431,0.128841,0.419656,18.4955,0.7512,-0.1657,0.062851,0.727502,-5.178563,141,0.692254,2710.6776,0.142718,0
732,31.232,9101.44,7738.3836,18468.75,-6.8785984669,0.23211,0.392452,16.529,0.7827,-0.0552,0.067702,0.747802,-5.164898,155,0.720548,2665.2464,0.150287,0
733,31.2747,8989.37,7773.325,18457.03,-6.8085026992,0.250667,0.39727,15.7175,0.7833,-0.0877,0.066819,0.742608,-6.529471,155,0.670109,2861.8934,0.141497,0
734,31.3173,8700.05,7587.8075,17847.66,-6.2494677919,0.214294,0.443142,24.0817,0.8413,0.0065,0.05891,0.714001,-3.049951,164,0.679683,2815.3005,0.145892,0
735,31.36,9195.16,7826.1643,18398.44,-7.6094324755,0.203905,0.345438,12.0473,0.7901,0.0109,0.076938,0.772224,-8.163839,147,0.696925,2837.4348,0.148578,0
736,31.4027,8644.37,7763.0295,18105.47,-6.7276748293,0.160293,0.403303,18.9457,0.8304,-0.0429,0.065728,0.718195,-8.579385,158,0.715798,2795.6155,0.136491,0
737,31.4453,8981.36,7731.0948,18410.16,-6.1277076974,0.241613,0.44852,22.6519,0.7533,-0.1904,0.058036,0.720954,-4.7766,139,0.681888,2477.908,0.129654,0
738,31.488,9002.5,7794.8939,18585.94,-6.2511273424,0.233607,0.4364,21.3297,0.761,-0.2008,0.060019,0.718428,-3.700025,135,0.676761,2566.8897,0.141253,0
739,31.5307,8810.08,7789.8143,18339.84,-6.7850364859,0.163254,0.405977,17.11,0.8045,-0.1099,0.06525,0.727855,-7.245274,149,0.6775,2688.4994,0.140032,0
740,31.5733,8969.61,7771.4768,18468.75,-6.4727703926,0.135986,0.422817,18.5327,0.761,-0.196,0.062308,0.730689,-7.501559,157,0.661571,2548.2108,0.141131,0
741,31.616,9179.57,7828.8962,18750.0,-6.962897444,0.118285,0.386771,14.3246,0.7607,-0.1281,0.068758,0.756814,-6.06341,156,0.6752,2675.1056,0.147601,0
742,31.6587,9114.85,7746.1141,18503.91,-6.017211283,0.132137,0.452563,23.1454,0.7377,-0.2272,0.057387,0.715479,-3.686943,136,0.688024,2588.973,0.148578,0
743,31.7013,9209.63,7738.8943,18480.47,-6.309165541,0.104942,0.435798,20.1447,0.7497,-0.132,0.060119,0.730855,-6.237753,153,0.674903,2674.2228,0.151752,0
744,31.744,8965.62,7699.6138,18363.28,-6.1535889166,0.142375,0.449599,23.273,0.7917,-0.1188,0.057862,0.730248,-3.415004,147,0.688129,2544.5011,0.149676,0
745,31.7867,9295.86,7862.9165,18761.72,-6.8808713793,0.279936,0.395563,15.0058,0.7341,-0.2117,0.067131,0.764778,-6.584152,130,0.658838,2635.5291,0.145892,0
746,31.8293,8835.65,7774.2159,18234.38,-5.8801307041,0.292425,0.459988,25.9863,0.7461,-0.2658,0.056209,0.680557,-2.876398,147,0.693728,2507.8768,0.137102,0
747,31.872,8802.13,7710.8344,18222.66,-6.0121491414,0.240813,0.4554,25.1954,0.7772,-0.2005,0.056934,0.699191,-2.921265,143,0.695365,2712.2521,0.136369,0
748,31.9147,9050.42,7754.3851,18328.12,-6.4415389681,0.176282,0.425066,18.9251,0.772,-0.1162,0.061924,0.723035,-6.433169,151,0.707245,2534.8611,0.138811,0
749,31.9573,9046.44,7800.8919,18480.47,-6.333591819,0.164952,0.428903,20.8172,0.7407,-0.2221,0.061273,0.727279,-3.47876,152,0.708398,2659.2394,0.13698,0
750,32.0,9131.07,7855.0871,18656.25,-6.5374081087,0.157872,0.41927,18.3434,0.7651,-0.1682,0.062918,0.739317,-4.516119,168,0.683222,2611.1387,0.142718,0
751,32.0427,8942.1,7666.7589,18093.75,-6.1461429226,0.162214,0.453564,24.3643,0.7844,-0.0949,0.057227,0.723396,-3.786097,147,0.67359,2471.5293,0.144061,0
752,32.0853,9028.55,7726.6296,18304.69,-6.5628178947,0.195258,0.416303,18.7508,0.7849,-0.087,0.063432,0.737147,-4.575511,135,0.66833,2728.1352,0.149921,0
753,32.128,9016.57,7708.0823,18351.56,-6.3915088083,0.157312,0.428315,19.429,0.7794,-0.1192,0.061373,0.739746,-6.34079,153,0.693447,2486.4742,0.140032,0
754,32.1707,8885.45,7708.6026,18328.12,-7.0061029167,0.180994,0.385945,15.266,0.8224,-0.0178,0.068912,0.751633,-4.466851,146,0.685404,2761.8667,0.132707,0
755,32.2133,8965.06,7702.8472,18164.06,-6.582624765,0.290796,0.415215,18.1505,0.7851,-0.0758,0.063621,0.736718,-6.965254,139,0.679089,2780.6467,0.146014,0
756,32.256,9196.82,7837.9238,18574.22,-6.5596673603,0.318472,0.414078,18.493,0.7344,-0.1885,0.06382,0.729144,-2.911494,149,0.688592,2500.3715,0.145037,0
757,32.2987,8740.34,7743.2961,18058.59,-6.6430199582,0.160319,0.403877,18.795,0.8028,-0.0777,0.065625,0.706393,-7.072263,153,0.7183,2752.7598,0.137346,0
758,32.3413,9065.98,7739.3496,18351.56,-6.6768967047,0.186329,0.413452,18.245,0.7703,-0.1034,0.063929,0.748337,-7.612758,126,0.696276,2551.8009,0.142596,0
759,32.384,8801.65,7756.844,18222.66,-6.72241285,0.265441,0.407629,18.6743,0.8017,-0.0831,0.064956,0.727076,-3.494344,142,0.699819,2640.9595,0.149188,0
760,32.4267,8959.66,7765.3789,18386.72,-6.4834167974,0.172077,0.417816,19.2936,0.7829,-0.1773,0.063169,0.737216,-6.134039,154,0.70899,2537.7829,0.145403,0
761,32.4693,8995.84,7752.6541,18375.0,-6.7860499763,0.21557,0.406495,17.3165,0.7805,-0.1067,0.065157,0.746498,-7.770091,137,0.715876,2503.9598,0.136369,0
762,32.512,8639.25,7663.4239,18082.03,-6.415861316,0.106766,0.432974,20.8324,0.828,-0.0628,0.06059,0.705217,-4.402163,143,0.691872,2612.7273,0.134416,0
763,32.5547,9181.31,7763.2241,18644.53,-6.7351841859,0.30292,0.400656,16.7778,0.7528,-0.1528,0.066205,0.742317,-6.722798,149,0.703957,2673.0504,0.138689,0
764,32.5973,8918.62,7685.4586,18187.5,-6.4188636675,0.253002,0.422861,20.855,0.7819,-0.0803,0.0623,0.708735,-7.269213,149,0.679755,2590.8321,0.139788,0
765,32.64,8981.06,7704.8139,18433.59,-6.4558689516,0.122654,0.429109,20.7526,0.782,-0.1169,0.061239,0.736887,-2.509132,150,0.715299,2654.4562,0.145281,0
766,32.6827,9074.5,7738.9039,18480.47,-6.3028631972,0.181419,0.432668,20.0725,0.7549,-0.182,0.060641,0.73089,-4.809942,169,0.719214,2763.9388,0.144427,0
767,32.7253,9242.46,7790.4017,18691.41,-6.6631476762,0.142045,0.409306,16.5828,0.7833,-0.1123,0.064659,0.764868,-4.983044,161,0.690788,2549.2,0.146869,0
768,32.768,9191.44,7861.1398,18550.78,-7.1194226665,0.133289,0.376331,14.112,0.7761,-0.066,0.070738,0.757058,-4.445402,159,0.691953,2767.0265,0.144183,0
769,32.8107,8719.1,7700.5895,18246.09,-6.8820287851,0.211995,0.402187,16.7332,0.8438,0.0005,0.065929,0.741148,-7.231396,152,0.680213,2577.5244,0.138933,0
770,32.8533,8838.8,7724.8586,18093.75,-6.6401282682,0.224601,0.410172,17.7243,0.816,-0.0492,0.064506,0.73054,-8.422498,155,0.70391,2534.9789,0.141375,0
771,32.896,8971.17,7784.1936,18527.34,-6.1680804547,0.262994,0.43895,21.9952,0.7477,-0.2247,0.059597,0.713381,-8.004581,144,0.724369,2642.4088,0.14284,0
772,32.9387,9057.41,7756.304,18398.44,-6.3459750454,0.256971,0.435959,20.627,0.747,-0.1959,0.060092,0.72979,-5.775117,168,0.696053,2634.77,0.140886,0
773,32.9813,8973.72,7703.8857,18386.72,-6.3649291621,0.198431,0.428668,20.0285,0.7942,-0.0914,0.061313,0.72089,-1.136245,170,0.684124,2808.8824,0.136003,0
774,33.024,8699.53,7745.7447,18140.62,-6.806182232,0.166051,0.400585,17.0639,0.8509,0.0331,0.066218,0.734932,-3.794288,146,0.70329,2674.6969,0.13991,0
775,33.0667,8963.67,7721.6732,18304.69,-6.5131165993,0.211988,0.425817,18.5876,0.8187,-0.0256,0.061796,0.736233,-5.920505,158,0.676185,2541.9773,0.142229,0
776,33.1093,8909.65,7707.1068,18398.44,-6.2966368529,0.304191,0.439118,21.6124,0.797,-0.1211,0.05957,0.730099,-5.531978,150,0.682536,2518.6972,0.149432,0
777,33.152,9242.71,7689.6339,18457.03,-6.9492155411,0.240113,0.392343,14.9298,0.7692,-0.0493,0.067722,0.769704,-5.364263,176,0.691,2788.8757,0.154682,0
778,33.1947,8985.38,7677.3775,18128.91,-6.9588239241,0.251875,0.39355,16.2703,0.8154,0.0257,0.0675,0.752463,-5.01158,148,0.692174,2650.1802,0.140886,0
779,33.2373,8860.9,7796.3078,18351.56,-6.5880304067,0.119243,0.416763,18.926,0.7962,-0.117,0.063352,0.725661,-5.988022,141,0.706241,2620.5753,0.140276,0
780,33.28,8984.94,7775.5233,18445.31,-7.0314892001,0.191636,0.382069,14.1043,0.8156,-0.0184,0.069643,0.75477,-8.171016,140,0.692708,2758.8071,0.149676,0
781,33.3227,9115.7,7758.7549,18363.28,-6.8788951828,0.130324,0.40177,15.3235,0.7573,-0.1403,0.066004,0.755238,-3.674718,155,0.696178,2724.3579,0.150653,0
782,33.3653,9046.61,7713.0318,18292.97,-6.7860786811,0.181817,0.404774,17.0952,0.7693,-0.1367,0.065465,0.746558,-4.092019,133,0.679288,2623.6809,0.144671,0
783,33.408,8592.35,7741.8714,18199.22,-6.4278604511,0.23806,0.430697,21.4385,0.8336,-0.107,0.060971,0.709415,-8.607526,145,0.704996,2587.8156,0.140276,0
784,33.4507,9176.61,7869.7327,18574.22,-7.1620710343,0.194762,0.37567,14.4452,0.784,-0.037,0.070866,0.756909,-7.050744,154,0.676568,2798.469,0.150409,0
785,33.4933,8911.58,7824.6367,18550.78,-6.2830048301,0.185965,0.435792,22.538,0.7528,-0.2693,0.06012,0.711665,-6.964631,131,0.68154,2695.0305,0.147113,0
786,33.536,8708.92,7680.818,18093.75,-6.5105593088,0.12734,0.42469,19.7864,0.8087,-0.0858,0.061988,0.721136,-6.810168,166,0.715184,2699.6673,0.136247,0
787,33.5787,8848.27,7801.976,18386.72,-6.455416384,0.138767,0.420632,21.1513,0.7689,-0.1839,0.062683,0.704814,-5.00384,159,0.710168,2615.4198,0.141863,0
788,33.6213,9117.26,7774.8777,18410.16,-6.6895654106,0.266022,0.415407,17.325,0.7757,-0.1019,0.063588,0.75337,-7.775173,127,0.693795,2636.4346,0.145648,0
789,33.664,9021.01,7763.4743,18398.44,-6.5891373881,0.233863,0.418037,18.0062,0.7798,-0.1107,0.063131,0.738479,-5.870004,146,0.667469,2659.9048,0.135881,0
790,33.7067,8835.87,7702.057,18234.38,-6.1173445292,0.089568,0.450042,23.6095,0.7483,-0.2225,0.057791,0.680677,-5.749026,141,0.712775,2656.5369,0.126358,0
791,33.7493,8968.18,7747.4523,18187.5,-6.3799408465,0.155313,0.428313,21.3555,0.7313,-0.2125,0.061373,0.720673,-5.784542,158,0.69369,2540.0143,0.132462,0
792,33.792,8794.27,7652.0726,18117.19,-6.3448255905,0.179143,0.433209,21.6078,0.7901,-0.1267,0.06055,0.714638,-9.417333,140,0.696401,2684.4153,0.142351,0
793,33.8347,8984.98,7736.8001,18328.12,-6.4875335598,0.207523,0.422538,19.3013,0.7617,-0.1456,0.062356,0.72724,-7.13176,128,0.698492,2463.5314,0.146991,0
794,33.8773,9271.51,7721.8289,18574.22,-6.6303829752,0.15072,0.40635,17.6057,0.7581,-0.0844,0.065183,0.749032,-5.100537,146,0.701164,2702.9593,0.14345,0
795,33.92,8901.85,7652.8814,18058.59,-6.5708005961,0.138004,0.417358,18.3674,0.81,-0.0066,0.063249,0.735305,-5.462307,148,0.682545,2731.3696,0.136125,0
796,33.9627,8840.43,7742.8055,18386.72,-5.9033298566,0.188522,0.465761,27.7601,0.7697,-0.2201,0.055306,0.689297,-3.742767,147,0.69087,2646.4105,0.133683,0
797,34.0053,8896.28,7733.7936,18410.16,-6.3875257035,0.239653,0.428366,20.119,0.8078,-0.0952,0.061364,0.720263,-3.253794,144,0.705238,2515.9591,0.139665,0
798,34.048,9113.13,7711.046,18410.16,-6.0837711364,0.075216,0.447397,23.7871,0.7392,-0.204,0.058218,0.725214,-5.722968,164,0.697735,2668.8244,0.141863,0
799,34.0907,8961.42,7723.7853,18316.41,-6.5422822826,0.193263,0.42136,18.1881,0.7982,-0.091,0.062558,0.745624,-6.856151,154,0.672656,2634.2827,0.143572,0
800,34.1333,8999.43,7705.5971,18292.97,-6.5342352986,0.233207,0.414404,18.8462,0.8066,-0.0149,0.063763,0.746153,-5.172459,163,0.708491,2579.2119,0.146502,0
801,34.176,8854.06,7679.8556,18210.94,-6.5858074016,0.232319,0.422362,18.0215,0.825,-0.0215,0.062386,0.748299,-3.749608,142,0.692385,2573.3005,0.14931,0
802,34.2187,9198.18,7688.0933,18351.56,-6.5113285242,0.175585,0.419785,17.9365,0.7461,-0.1141,0.062829,0.754626,-8.230738,150,0.696102,2539.0479,0.150409,0
803,34.2613,9018.68,7710.5699,18386.72,-6.4985119991,0.165204,0.424303,18.3134,0.7727,-0.126,0.062054,0.745247,-4.892675,158,0.682228,2635.5209,0.149432,0
804,34.304,8997.0,7718.3445,18503.91,-6.4400511049,0.194718,0.430944,19.9138,0.7609,-0.1895,0.06093,0.739345,-1.655363,153,0.696424,2751.3432,0.147479,0
805,34.3467,8820.84,7791.7708,18386.72,-6.8111883977,0.151875,0.393214,15.7428,0.8182,-0.0564,0.067562,0.721751,-5.794888,173,0.702261,2807.3836,0.140398,0
806,34.3893,8960.53,7728.2215,18234.38,-6.5937436926,0.123242,0.42119,18.4725,0.7809,-0.0975,0.062587,0.743668,-6.787441,137,0.695385,2700.787,0.140764,0
807,34.432,8866.55,7706.4073,18175.78,-6.7644850418,0.218881,0.406529,16.6267,0.8392,0.0316,0.065151,0.74897,-6.42086,167,0.699279,2699.1453,0.136247,0
808,34.4747,8909.26,7799.1387,18585.94,-6.2333005541,0.167571,0.44214,22.3308,0.7634,-0.2316,0.059073,0.707185,-7.744539,162,0.686895,2682.3668,0.135759,0
809,34.5173,8901.16,7741.9102,18363.28,-6.5468537313,0.224459,0.422985,18.6865,0.8279,-0.0215,0.062279,0.742279,-7.813175,144,0.69656,2474.3315,0.133561,0
810,34.56,8727.86,7780.0335,18433.59,-6.5979132502,0.163383,0.415917,17.5561,0.816,-0.1318,0.063499,0.723765,-8.75082,162,0.690511,2604.7475,0.130265,0
811,34.6027,9038.38,7716.1979,18328.12,-6.6390125947,0.203307,0.415764,17.9816,0.7977,-0.0674,0.063526,0.755811,-6.538747,159,0.679236,2622.6171,0.144427,0
812,34.6453,9016.86,7731.738,18351.56,-6.707885815,0.289154,0.405465,16.4225,0.7776,-0.085,0.065341,0.745268,-4.730429,154,0.670986,2783.0973,0.151996,0
813,34.688,8961.98,7736.5053,18199.22,-6.7754383819,0.172131,0.398728,17.0704,0.7803,-0.0901,0.066554,0.743929,-6.189077,152,0.683582,2691.7933,0.146869,0
814,34.7307,9180.76,7818.3272,18656.25,-6.4859009709,0.18878,0.423827,19.2174,0.7387,-0.1923,0.062135,0.741184,-5.7038,151,0.675292,2644.7047,0.151019,0
815,34.7733,8977.48,7770.1125,18410.16,-7.0173689887,0.135233,0.387483,15.2871,0.8024,-0.0535,0.068625,0.749978,-6.632308,137,0.691581,2768.143,0.151386,0
816,34.816,8960.45,7777.6538,18410.16,-6.3665549759,0.305593,0.425928,20.0791,0.7706,-0.1555,0.061777,0.712105,-5.091281,139,0.718004,2705.0322,0.139055,0
817,34.8587,8966.13,7741.1714,18363.28,-6.3641040094,0.194516,0.436299,20.032,0.7831,-0.1283,0.060036,0.733963,-5.349288,126,0.680634,2594.4829,0.135393,0
818,34.9013,9009.71,7812.9922,18539.06,-6.9209170915,0.17123,0.395735,16.5055,0.7855,-0.1081,0.067099,0.744812,-6.708927,144,0.66685,2559.1267,0.141619,0
819,34.944,8933.39,7730.87,18363.28,-6.4239467302,0.220512,0.43211,19.9171,0.7693,-0.1478,0.060734,0.726646,-2.841291,152,0.661305,2568.9664,0.140032,0
820,34.9867,9089.65,7784.817,18562.5,-6.6849976033,0.170981,0.407222,16.5961,0.7604,-0.1315,0.065028,0.736948,-5.693218,158,0.669063,2712.0134,0.139421,0
821,35.0293,8919.98,7703.4687,18140.62,-6.1769682316,0.193871,0.441698,21.1673,0.7635,-0.1401,0.059146,0.695868,-8.140234,149,0.696316,2620.0551,0.144549,0
822,35.072,9217.32,7768.1614,18539.06,-6.4831952085,0.238023,0.422879,19.3614,0.7292,-0.2121,0.062297,0.745275,-3.27216,164,0.677959,2554.5851,0.150897,0
823,35.1147,8922.33,7811.8369,18539.06,-6.8689841043,0.22947,0.393576,16.0044,0.7997,-0.0989,0.067495,0.734391,-9.852777,130,0.687085,2700.7446,0.146624,0
