frame,time,centroid,spread,rolloff,slope,obsir_std,flatness,crest,skewness,kurtosis,tonality,entropy,tpr,n_peaks,flux,irregularity,zcr,gated
0,0.0,0.0,0.0,0.0,0.0,0.0,0.0,0.0,0.0,0.0,0.0,0.0,0.0,0,0.0,0.0,0.0,1
1,0.0427,0.0,0.0,0.0,0.0,0.0,0.0,0.0,0.0,0.0,0.0,0.0,0.0,0,0.0,0.0,0.0,1
2,0.0853,0.0,0.0,0.0,0.0,0.0,0.0,0.0,0.0,0.0,0.0,0.0,0.0,0,0.0,0.0,0.0,1
3,0.128,0.0,0.0,0.0,0.0,0.0,0.0,0.0,0.0,0.0,0.0,0.0,0.0,0,0.0,0.0,0.0,1
4,0.1707,0.0,0.0,0.0,0.0,0.0,0.0,0.0,0.0,0.0,0.0,0.0,0.0,0,0.0,0.0,0.0,1
5,0.2133,0.0,0.0,0.0,0.0,0.0,0.0,0.0,0.0,0.0,0.0,0.0,0.0,0,0.0,0.0,0.0,1
6,0.256,0.0,0.0,0.0,0.0,0.0,0.0,0.0,0.0,0.0,0.0,0.0,0.0,0,0.0,0.0,0.0,1
7,0.2987,0.0,0.0,0.0,0.0,0.0,0.0,0.0,0.0,0.0,0.0,0.0,0.0,0,0.0,0.0,0.0,1
8,0.3413,0.0,0.0,0.0,0.0,0.0,0.0,0.0,0.0,0.0,0.0,0.0,0.0,0,0.0,0.0,0.0,1
9,0.384,0.0,0.0,0.0,0.0,0.0,0.0,0.0,0.0,0.0,0.0,0.0,0.0,0,0.0,0.0,0.0,1
10,0.4267,0.0,0.0,0.0,0.0,0.0,0.0,0.0,0.0,0.0,0.0,0.0,0.0,0,0.0,0.0,0.0,1
11,0.4693,0.0,0.0,0.0,0.0,0.0,0.0,0.0,0.0,0.0,0.0,0.0,0.0,0,0.0,0.0,0.0,1
12,0.512,0.0,0.0,0.0,0.0,0.0,0.0,0.0,0.0,0.0,0.0,0.0,0.0,0,0.0,0.0,0.0,1
13,0.5547,0.0,0.0,0.0,0.0,0.0,0.0,0.0,0.0,0.0,0.0,0.0,0.0,0,0.0,0.0,0.0,1
14,0.5973,0.0,0.0,0.0,0.0,0.0,0.0,0.0,0.0,0.0,0.0,0.0,0.0,0,0.0,0.0,0.0,1
15,0.64,0.0,0.0,0.0,0.0,0.0,0.0,0.0,0.0,0.0,0.0,0.0,0.0,0,0.0,0.0,0.0,1
16,0.6827,0.0,0.0,0.0,0.0,0.0,0.0,0.0,0.0,0.0,0.0,0.0,0.0,0,0.0,0.0,0.0,1
17,0.7253,0.0,0.0,0.0,0.0,0.0,0.0,0.0,0.0,0.0,0.0,0.0,0.0,0,0.0,0.0,0.0,1
18,0.768,0.0,0.0,0.0,0.0,0.0,0.0,0.0,0.0,0.0,0.0,0.0,0.0,0,0.0,0.0,0.0,1
19,0.8107,190.76,574.1147,117.19,-4.5010974329,0.246692,0.153468,63.3908,4.5639,23.6943,0.135664,0.130993,13.545601,144,0.0,371.1455,0.004517,0
20,0.8533,156.15,519.2607,70.31,-4.8195011281,0.279785,0.131164,56.4364,5.2395,31.7105,0.147031,0.135623,16.440208,156,0.001195,357.5981,0.003174,0
21,0.896,0.0,0.0,0.0,0.0,0.0,0.0,0.0,0.0,0.0,0.0,0.0,0.0,0,0.0,0.0,0.0,1
22,0.9387,0.0,0.0,0.0,0.0,0.0,0.0,0.0,0.0,0.0,0.0,0.0,0.0,0,0.0,0.0,0.0,1
23,0.9813,0.0,0.0,0.0,0.0,0.0,0.0,0.0,0.0,0.0,0.0,0.0,0.0,0,0.0,0.0,0.0,1
24,1.024,0.0,0.0,0.0,0.0,0.0,0.0,0.0,0.0,0.0,0.0,0.0,0.0,0,0.0,0.0,0.0,1
25,1.0667,0.0,0.0,0.0,0.0,0.0,0.0,0.0,0.0,0.0,0.0,0.0,0.0,0,0.0,0.0,0.0,1
26,1.1093,0.0,0.0,0.0,0.0,0.0,0.0,0.0,0.0,0.0,0.0,0.0,0.0,0,0.0,0.0,0.0,1
27,1.152,0.0,0.0,0.0,0.0,0.0,0.0,0.0,0.0,0.0,0.0,0.0,0.0,0,0.0,0.0,0.0,1
28,1.1947,0.0,0.0,0.0,0.0,0.0,0.0,0.0,0.0,0.0,0.0,0.0,0.0,0,0.0,0.0,0.0,1
29,1.2373,0.0,0.0,0.0,0.0,0.0,0.0,0.0,0.0,0.0,0.0,0.0,0.0,0,0.0,0.0,0.0,1
30,1.28,0.0,0.0,0.0,0.0,0.0,0.0,0.0,0.0,0.0,0.0,0.0,0.0,0,0.0,0.0,0.0,1
31,1.3227,0.0,0.0,0.0,0.0,0.0,0.0,0.0,0.0,0.0,0.0,0.0,0.0,0,0.0,0.0,0.0,1
32,1.3653,0.0,0.0,0.0,0.0,0.0,0.0,0.0,0.0,0.0,0.0,0.0,0.0,0,0.0,0.0,0.0,1
33,1.408,4955.52,6188.6238,12960.94,-2.6919737125,0.250915,0.558336,239.1968,1.1135,-0.0057,0.042184,0.113574,13.999334,68,0.004793,824.062,0.013185,0
34,1.4507,7507.23,6812.372,15515.62,-6.9439477954,0.131921,0.365495,17.2837,1.0155,0.5087,0.072853,0.710689,-5.288897,132,0.288292,1981.5482,0.067025,0
35,1.4933,7127.25,6526.3026,14613.28,-6.24624579,0.174506,0.419176,24.2675,1.0526,0.5244,0.062934,0.675668,-3.261166,169,0.220568,2376.7275,0.104749,0
36,1.536,7169.39,6484.1195,14648.44,-7.2413078251,0.181966,0.360215,16.3108,1.0876,0.7387,0.073906,0.705785,-5.705865,162,0.233056,2399.629,0.095715,0
37,1.5787,6862.97,6440.601,14226.56,-7.0070533271,0.105627,0.374037,19.0897,1.16,0.8554,0.071181,0.690217,-7.023351,149,0.240563,2363.4644,0.093761,0
38,1.6213,6584.95,6377.1229,13792.97,-6.1925685177,0.177209,0.422767,26.4829,1.1321,0.6495,0.062317,0.65855,-2.998086,177,0.24718,2282.5886,0.099499,0
39,1.664,6868.8,6477.6029,14554.69,-6.3300178927,0.165117,0.424993,25.3484,1.0891,0.5584,0.061936,0.664162,-2.517682,159,0.241803,2301.1101,0.095349,0
40,1.7067,6610.65,6438.9295,13980.47,-6.3001028563,0.295652,0.414096,25.9144,1.1351,0.6706,0.063817,0.63663,-2.286476,148,0.251297,2415.1044,0.089977,0
41,1.7493,6634.67,6454.2143,14015.62,-6.6551778147,0.282067,0.400379,22.3299,1.1442,0.7235,0.066255,0.641961,-7.310199,157,0.247815,2346.0851,0.092785,0
42,1.792,6930.94,6438.2825,14074.22,-6.8792451293,0.13677,0.383222,19.8942,1.1008,0.7341,0.069425,0.686242,-5.757023,179,0.258252,2425.2689,0.097058,0
43,1.8347,6677.75,6390.1985,13898.44,-6.4886320393,0.112398,0.410386,24.7065,1.1124,0.6879,0.064468,0.662626,-7.581072,159,0.250743,2401.5444,0.095593,0
44,1.8773,7049.96,6540.1524,14578.12,-6.9074110943,0.159841,0.387395,20.051,1.0827,0.6249,0.068641,0.692573,-2.458927,153,0.236911,2344.663,0.093029,0
45,1.92,6826.56,6440.0709,14332.03,-6.3119423685,0.18218,0.42706,25.5734,1.0657,0.4836,0.061585,0.666941,-1.421671,169,0.242697,2279.0422,0.096569,0
46,1.9627,6807.45,6480.7241,14179.69,-7.1640968894,0.153279,0.368694,18.5085,1.1642,0.8649,0.072222,0.69525,-1.958409,162,0.261223,2356.045,0.099622,0
47,2.0053,6816.77,6269.9489,14003.91,-5.4139042431,0.171428,0.48844,39.0204,1.0402,0.3857,0.051865,0.600892,-0.122152,148,0.259621,2105.4616,0.096081,0
48,2.048,7013.44,6476.9879,14308.59,-7.0171171357,0.196644,0.377918,18.9217,1.1253,0.764,0.070434,0.704149,-3.273311,142,0.257878,2409.0743,0.098767,0
49,2.0907,6989.84,6457.5163,14378.91,-6.9715854203,0.218023,0.373539,18.6796,1.1487,0.8323,0.071277,0.708406,-2.81143,175,0.258422,2345.4453,0.099011,0
50,2.1333,6876.78,6338.4433,14050.78,-6.5109527966,0.347642,0.40717,23.3434,1.1394,0.8223,0.065037,0.673533,-1.280548,163,0.264356,2376.7261,0.096203,0
51,2.176,6631.36,6437.1103,13992.19,-6.5557345914,0.149061,0.396192,22.1216,1.1439,0.7436,0.067016,0.64605,-4.412475,174,0.25785,2293.6591,0.095471,0
52,2.2187,6595.53,6405.2645,13699.22,-6.9642578587,0.146555,0.37606,19.8527,1.155,0.8462,0.07079,0.66336,-5.262356,165,0.24511,2334.5795,0.092541,0
53,2.2613,7124.69,6519.7317,14859.38,-6.7976133408,0.217492,0.38733,19.3623,1.0617,0.5473,0.068653,0.695407,-2.832397,162,0.25453,2414.6278,0.095959,0
54,2.304,6755.52,6458.8756,14285.16,-6.4230058861,0.170618,0.412732,25.2404,1.1178,0.6838,0.064055,0.647539,-3.10649,158,0.259304,2313.0796,0.099255,0
55,2.3467,6669.02,6426.5834,14015.62,-6.1299358877,0.173567,0.427917,27.2854,1.1057,0.5802,0.06144,0.630344,-4.376916,162,0.267371,2252.486,0.096814,0
56,2.3893,6939.19,6491.5739,14167.97,-7.1201406267,0.216715,0.371389,18.5743,1.1479,0.866,0.071695,0.697134,-4.559354,163,0.269883,2327.3162,0.092907,0
57,2.432,6710.83,6430.455,14121.09,-6.9246035051,0.155398,0.380467,21.2512,1.1709,0.8601,0.069947,0.688715,-6.9648,164,0.246775,2376.7504,0.093884,0
58,2.4747,6718.47,6397.7991,14144.53,-6.2822188942,0.188141,0.432682,26.1301,1.0948,0.5367,0.060639,0.654051,-3.433978,170,0.258647,2251.2907,0.090709,0
59,2.5173,6754.66,6388.4101,14109.38,-6.1557752942,0.089927,0.440805,28.7387,1.0725,0.5032,0.059292,0.637554,-0.175868,181,0.249119,2123.618,0.09132,0
60,2.56,6602.97,6382.4581,14062.5,-6.3270311754,0.171691,0.418052,26.7366,1.1283,0.6297,0.063128,0.642222,-6.718395,162,0.264622,2426.3371,0.092419,0
61,2.6027,6899.45,6431.1756,14226.56,-6.4292382896,0.161944,0.416,24.9376,1.0985,0.6665,0.063484,0.669095,-3.724714,184,0.24889,2387.7034,0.095593,0
62,2.6453,6862.39,6392.2535,14203.12,-6.2692463675,0.154378,0.430186,27.3497,1.0863,0.6004,0.061057,0.654235,-6.182776,161,0.242296,2273.326,0.095349,0
63,2.688,6843.25,6495.2501,14542.97,-6.3561699824,0.222121,0.417024,25.4651,1.0789,0.5143,0.063307,0.652485,-0.429619,172,0.248795,2344.3299,0.089488,0
64,2.7307,6754.82,6456.9615,14132.81,-6.724120217,0.174077,0.387966,21.7556,1.1162,0.7217,0.068534,0.666694,-6.00164,146,0.258204,2444.6813,0.092663,0
65,2.7733,6744.95,6396.2948,14097.66,-6.2807523299,0.162607,0.4273,26.2087,1.1093,0.6379,0.061545,0.665877,-6.912917,163,0.256674,2301.2911,0.096203,0
66,2.816,6762.54,6324.6066,14191.41,-6.3600653801,0.224699,0.42436,26.7356,1.1174,0.668,0.062044,0.664103,-2.12996,158,0.255204,2316.6734,0.100964,0
67,2.8587,6869.0,6463.6416,14496.09,-6.4707751106,0.161493,0.417376,24.6233,1.0905,0.5822,0.063245,0.690904,-2.232516,176,0.25501,2357.3094,0.098767,0
68,2.9013,6552.59,6419.6232,13851.56,-6.8952163321,0.171395,0.386009,21.589,1.1923,0.8947,0.068901,0.664178,-3.147249,161,0.249825,2417.0548,0.092907,0
69,2.944,6718.52,6403.492,14472.66,-5.7532845958,0.213904,0.465956,31.7441,1.0755,0.3946,0.055276,0.620735,-0.515108,154,0.250283,2147.4334,0.092541,0
70,2.9867,6821.32,6462.9579,14203.12,-6.8268633442,0.234691,0.398809,20.1708,1.1456,0.7708,0.066539,0.680745,-3.018317,169,0.247016,2320.4015,0.094006,0
71,3.0293,6843.91,6509.6949,14484.38,-7.2177944023,0.250083,0.365792,18.1671,1.156,0.8258,0.072794,0.688404,-4.037409,167,0.250236,2398.0686,0.092785,0
72,3.072,6577.56,6336.6911,13710.94,-6.1271972897,0.17146,0.432123,29.5937,1.1491,0.7115,0.060732,0.647805,-3.685293,168,0.254219,2271.0097,0.099377,0
73,3.1147,6852.34,6437.0237,14109.38,-6.8281722596,0.188815,0.391649,21.0435,1.1189,0.7469,0.067851,0.700478,-3.156672,172,0.260219,2357.6181,0.09718,0
74,3.1573,6751.91,6415.8241,14355.47,-5.9726287423,0.214724,0.454519,29.3047,1.0491,0.376,0.057075,0.646185,-4.115164,172,0.250983,2189.1907,0.084971,0
75,3.2,6844.36,6402.1889,14250.0,-5.8582009274,0.158877,0.462646,32.1733,1.0556,0.4321,0.055792,0.647602,-1.024224,146,0.255723,2185.1375,0.090953,0
76,3.2427,6814.99,6525.0571,14531.25,-6.205529276,0.201614,0.428421,26.0433,1.0617,0.4394,0.061355,0.641254,-6.852365,143,0.246161,2169.9176,0.091686,0
77,3.2853,6593.43,6438.9153,14027.34,-6.4534500209,0.265068,0.405127,24.0258,1.1427,0.6574,0.065401,0.657406,-2.190701,171,0.255479,2409.5662,0.088512,0
78,3.328,6564.72,6343.9937,13851.56,-6.0464672829,0.301628,0.443138,30.8717,1.1442,0.6532,0.05891,0.63676,0.367945,182,0.254805,2127.2785,0.087169,0
79,3.3707,6821.79,6386.9422,14226.56,-5.6116786925,0.228952,0.475305,34.1454,1.0553,0.3692,0.053838,0.625251,0.150789,163,0.245812,2157.0759,0.085093,0
80,3.4133,6643.3,6311.6356,13804.69,-5.9389864051,0.195738,0.454653,32.0528,1.0842,0.5414,0.057053,0.630975,-7.243545,162,0.244037,2260.0055,0.089366,0
81,3.456,6702.03,6426.2887,14203.12,-6.2309528651,0.175002,0.429878,25.4238,1.1277,0.6333,0.061109,0.635752,-8.018342,165,0.250859,2141.2168,0.087657,0
82,3.4987,6414.07,6405.8981,13699.22,-6.4945617079,0.121375,0.403567,24.5421,1.1878,0.8246,0.065681,0.634905,-1.851631,158,0.257924,2293.5965,0.088268,0
83,3.5413,6707.92,6484.9148,14203.12,-6.4817502994,0.118589,0.410595,24.0595,1.1095,0.6287,0.064431,0.653181,-5.794742,159,0.263151,2399.6796,0.094738,0
84,3.584,6844.67,6442.3147,14472.66,-6.4334186396,0.216219,0.41431,24.2568,1.0941,0.6281,0.063779,0.661746,-4.182246,180,0.252253,2334.0297,0.090343,0
85,3.6267,6513.78,6380.7163,13781.25,-6.5922439769,0.288881,0.395605,22.7977,1.1654,0.7978,0.067123,0.639725,-4.153451,180,0.259908,2312.2136,0.089244,0
86,3.6693,6744.04,6515.5784,14132.81,-6.9788429243,0.134959,0.38511,19.7963,1.1416,0.7629,0.069069,0.681938,-2.521463,164,0.268924,2295.6096,0.099622,0
87,3.712,6920.97,6427.6074,14179.69,-6.6134828589,0.137364,0.40114,23.2086,1.1039,0.7079,0.066117,0.678433,-8.618516,174,0.244189,2384.4078,0.101575,0
88,3.7547,6674.15,6402.264,14109.38,-5.655966761,0.201607,0.465488,33.9196,1.0559,0.4053,0.055349,0.603413,-1.549679,158,0.2531,2144.6694,0.093639,0
89,3.7973,6864.42,6491.4861,14179.69,-6.8292612044,0.274474,0.39152,20.0176,1.1293,0.7631,0.067874,0.683862,-5.910274,142,0.250692,2361.132,0.089366,0
90,3.84,6891.92,6501.6609,14449.22,-6.7080479387,0.174666,0.391957,21.4702,1.1222,0.6995,0.067794,0.687515,-3.87854,155,0.245319,2451.9781,0.09486,0
91,3.8827,6967.71,6506.7411,14460.94,-6.860565425,0.113823,0.389748,19.7307,1.1142,0.7195,0.068203,0.690143,-6.584915,167,0.250413,2353.2053,0.101331,0
92,3.9253,6794.04,6442.6064,14027.34,-6.866760222,0.232712,0.394848,20.9085,1.1493,0.7891,0.067262,0.689976,-4.104743,159,0.252362,2359.6178,0.095837,0
93,3.968,6736.27,6492.3921,14167.97,-6.7352395754,0.119341,0.398808,22.341,1.1366,0.6918,0.066539,0.672582,-3.913441,152,0.256841,2310.9873,0.092419,0
94,4.0107,6861.67,6485.8209,14250.0,-6.7009535088,0.161445,0.401155,21.6586,1.1117,0.7043,0.066115,0.676777,-2.268874,179,0.261242,2404.2386,0.089733,0
95,4.0533,6837.49,6447.9566,14238.28,-6.0376897384,0.160202,0.438301,27.0648,1.0653,0.4693,0.059705,0.627864,-5.523314,177,0.253246,2295.4696,0.087291,0
96,4.096,6660.24,6426.5456,13980.47,-6.6771144864,0.210773,0.399746,22.9604,1.1641,0.8211,0.066369,0.669541,-4.246481,179,0.25961,2458.1712,0.092174,0
97,4.1387,6871.12,6492.0916,14238.28,-6.5386264687,0.215781,0.405161,21.6811,1.0891,0.6015,0.065395,0.654888,-7.091752,173,0.24826,2392.6703,0.094128,0
98,4.1813,6971.07,6497.6067,14320.31,-6.7217972,0.203945,0.39348,21.6001,1.0893,0.6243,0.067513,0.687303,-2.22847,177,0.251081,2343.4515,0.096569,0
99,4.224,6897.47,6491.5223,14343.75,-7.6143010454,0.193391,0.337259,14.7086,1.1905,1.0192,0.078673,0.714594,-5.561042,149,0.244248,2270.7489,0.098279,0
100,4.2667,6863.71,6458.4495,14484.38,-6.2119263723,0.147894,0.42985,25.3244,1.0701,0.5316,0.061114,0.658527,-4.733893,168,0.253563,2228.0592,0.095104,0
101,4.3093,6741.13,6402.4081,14167.97,-6.2736544305,0.129322,0.426626,26.3819,1.093,0.5744,0.061659,0.661707,-1.382219,149,0.250567,2221.8921,0.091808,0
102,4.352,6894.71,6370.777,14496.09,-6.2658585346,0.204257,0.428671,25.2794,1.0735,0.5288,0.061313,0.684949,-4.957595,174,0.252105,2404.8454,0.097058,0
103,4.3947,6852.06,6483.2449,14308.59,-6.766115422,0.290626,0.387409,22.0203,1.1258,0.7308,0.068638,0.676916,-3.793381,182,0.261294,2530.3668,0.096814,0
104,4.4373,6851.06,6499.0305,14390.62,-6.738630082,0.357189,0.392511,21.6057,1.1323,0.7314,0.067691,0.689087,-6.938356,188,0.252312,2382.3225,0.096814,0
105,4.48,6864.62,6537.708,14601.56,-6.7337037406,0.113786,0.404382,21.553,1.1058,0.6025,0.065535,0.695248,-7.904601,153,0.244278,2228.7059,0.100964,0
106,4.5227,6706.45,6378.9187,13898.44,-6.6575934375,0.155872,0.402732,22.961,1.1443,0.7627,0.065831,0.683364,-5.291203,153,0.248764,2354.6352,0.091198,0
107,4.5653,6859.52,6406.9021,14132.81,-6.8176273431,0.136585,0.39008,20.2053,1.1131,0.7194,0.068141,0.679257,-2.379755,165,0.252218,2489.9095,0.094494,0
108,4.608,6733.96,6431.3228,14179.69,-6.1250697571,0.139208,0.439963,28.5717,1.105,0.5715,0.059431,0.654265,-0.49255,167,0.25326,2140.2862,0.097058,0
109,4.6507,6763.85,6450.5927,14460.94,-6.1786228458,0.159695,0.438281,26.4016,1.0725,0.4748,0.059708,0.65045,-2.177215,156,0.247697,2196.6792,0.085215,0
110,4.6933,6552.83,6443.6338,14167.97,-6.1425380646,0.216276,0.437293,28.7226,1.0805,0.43,0.059871,0.643104,-10.437027,157,0.239612,2125.5408,0.084239,0
111,4.736,6664.16,6483.9096,14203.12,-6.2003747218,0.221676,0.425374,27.0309,1.1131,0.5738,0.061872,0.636418,-3.36474,159,0.25314,2269.1765,0.089977,0
112,4.7787,7032.76,6487.9977,14589.84,-6.6579082635,0.227852,0.409465,22.3822,1.0856,0.6165,0.06463,0.698508,-5.629669,156,0.254378,2336.7938,0.088512,0
113,4.8213,6697.5,6443.0426,14156.25,-5.9033374303,0.251767,0.452506,30.311,1.0849,0.5036,0.057396,0.61673,-4.993121,165,0.254704,2149.357,0.082652,0
114,4.864,6693.12,6401.1818,13980.47,-6.6608141181,0.34336,0.399675,22.0375,1.1295,0.7152,0.066382,0.649797,-0.419371,168,0.259331,2338.7285,0.08314,0
115,4.9067,6622.54,6335.9607,13921.88,-6.2642846372,0.089114,0.428168,27.3676,1.1181,0.6607,0.061398,0.634802,-2.577113,163,0.258645,2313.5652,0.089488,0
116,4.9493,6644.9,6432.8234,14015.62,-6.5454334123,0.224165,0.409187,23.6691,1.1383,0.7278,0.06468,0.652596,-4.934357,170,0.251896,2257.2622,0.091076,0
117,4.992,6698.98,6424.8265,14121.09,-5.6290853299,0.27234,0.471607,34.258,1.0502,0.3735,0.054403,0.583094,-9.147803,164,0.270059,2114.5984,0.091076,0
118,5.0347,6730.02,6446.4276,14144.53,-6.2967571549,0.194712,0.433974,25.5655,1.103,0.5838,0.060423,0.662053,-6.536353,148,0.259328,2325.9447,0.090465,0
119,5.0773,6703.97,6475.6378,14214.84,-6.54687878,0.131325,0.406624,24.4093,1.145,0.7336,0.065134,0.663767,-4.539602,180,0.252873,2413.276,0.087901,0
120,5.12,6610.1,6319.3136,13839.84,-6.0310398936,0.266032,0.433137,30.0046,1.1357,0.6655,0.060562,0.623252,0.03671,180,0.254077,2251.4248,0.086803,0
121,5.1627,6487.6,6362.4772,13804.69,-6.3934179397,0.231324,0.412438,25.5282,1.1628,0.7495,0.064107,0.641255,-4.77184,201,0.275063,2241.0008,0.087779,0
122,5.2053,6780.43,6512.1159,14167.97,-6.7548191299,0.281028,0.384264,20.0146,1.1364,0.7061,0.069228,0.66432,-4.255283,172,0.267625,2507.2661,0.09425,0
123,5.248,6732.81,6402.2349,14167.97,-6.3393521293,0.193231,0.424612,26.7504,1.091,0.5521,0.062001,0.664842,-4.721673,171,0.251677,2219.9151,0.094372,0
124,5.2907,6775.08,6457.0759,14109.38,-7.0740537242,0.318509,0.376678,21.1458,1.1419,0.8414,0.070672,0.679092,-9.289345,133,0.241992,2323.2703,0.096081,0
125,5.3333,6806.55,6427.6409,14214.84,-6.5104260327,0.188078,0.416302,24.3316,1.1182,0.6507,0.063432,0.691467,-5.375986,149,0.240078,2315.1621,0.099499,0
126,5.376,7115.47,6536.8967,14542.97,-7.2824608277,0.150437,0.357436,15.93,1.1051,0.7536,0.074467,0.717969,-4.65351,173,0.244106,2379.9744,0.099499,0
127,5.4187,6959.02,6555.4184,14578.12,-6.6775317724,0.192839,0.400346,22.2141,1.0889,0.6096,0.066261,0.67571,-8.96548,148,0.251874,2388.7488,0.099622,0
128,5.4613,6781.35,6475.0721,14121.09,-6.9086466593,0.166825,0.37686,19.6109,1.1197,0.7307,0.070637,0.680536,-4.296252,181,0.263586,2469.4325,0.099377,0
129,5.504,6904.17,6489.435,14484.38,-6.7062704142,0.122718,0.387262,20.0331,1.0979,0.6411,0.068666,0.686222,-4.460234,159,0.2546,2334.4817,0.100354,0
130,5.5467,6664.48,6442.4782,14003.91,-6.3770494901,0.152128,0.413328,25.6796,1.1163,0.6557,0.063951,0.642806,-6.06911,180,0.246872,2472.6198,0.098279,0
131,5.5893,6794.8,6551.9991,14378.91,-6.9632749876,0.169324,0.375455,21.0358,1.132,0.7185,0.070907,0.67499,-8.079675,164,0.240832,2473.6716,0.090831,0
132,5.632,6680.74,6465.8167,14226.56,-6.4131842482,0.170248,0.414914,23.7651,1.1147,0.628,0.063674,0.646195,-3.623719,171,0.243919,2328.3574,0.088756,0
133,5.6747,6827.97,6478.4689,14191.41,-6.8176321302,0.282215,0.381554,20.2657,1.121,0.7395,0.069741,0.662617,-6.400236,155,0.247995,2368.4089,0.100354,0
134,5.7173,6816.13,6454.2367,14320.31,-6.6223040457,0.212396,0.400946,23.6899,1.1222,0.6925,0.066152,0.671729,-3.231901,183,0.250362,2412.9485,0.098279,0
135,5.76,6750.74,6456.2944,14132.81,-6.2666685789,0.159515,0.421594,26.3447,1.1378,0.703,0.062518,0.660628,-3.221007,149,0.251938,2272.3353,0.094128,0
136,5.8027,6717.49,6470.1701,14378.91,-5.7492174652,0.128977,0.467112,31.5042,1.0712,0.4172,0.055096,0.635899,-2.846394,170,0.263907,2186.1646,0.095959,0
137,5.8453,6928.48,6487.4874,14367.19,-6.4194645602,0.144034,0.416419,23.9631,1.08,0.6221,0.063412,0.671892,-3.104122,169,0.250891,2406.3525,0.099133,0
138,5.888,6892.97,6384.1096,14121.09,-6.4041170049,0.263854,0.418198,22.5711,1.1051,0.6723,0.063103,0.682833,-4.318439,161,0.249614,2301.891,0.101575,0
139,5.9307,6905.19,6519.1054,14355.47,-7.0265911702,0.164173,0.375832,18.4354,1.1215,0.7374,0.070834,0.690057,-6.527699,178,0.245204,2384.0037,0.094128,0
140,5.9733,6942.15,6460.8748,14308.59,-6.2744209828,0.189104,0.424394,24.9579,1.0683,0.5837,0.062038,0.674603,-1.955047,159,0.245319,2280.0183,0.096203,0
141,6.016,6858.81,6478.6652,14285.16,-6.9811477407,0.171757,0.374778,18.9221,1.1466,0.8161,0.071038,0.698744,-5.25479,162,0.258204,2384.8892,0.105237,0
142,6.0587,7050.47,6435.1192,14507.81,-6.7640466122,0.191059,0.398397,20.6342,1.0859,0.6386,0.066614,0.705472,-4.039102,166,0.234355,2446.4655,0.103284,0
143,6.1013,6805.81,6524.4797,14367.19,-6.6126921129,0.120911,0.402982,22.171,1.1019,0.6074,0.065786,0.672392,-1.35712,158,0.248384,2421.3017,0.09425,0
144,6.144,6905.45,6567.3343,14507.81,-6.7833936638,0.154697,0.382729,20.1268,1.1005,0.6098,0.069518,0.673289,-2.329575,176,0.240473,2418.2029,0.092541,0
145,6.1867,6324.76,6352.7656,13640.62,-6.3829103118,0.151747,0.413288,26.1871,1.1785,0.7774,0.063958,0.62682,-5.35083,162,0.258465,2192.2321,0.090099,0
146,6.2293,6740.51,6507.912,14226.56,-6.2760520433,0.081834,0.426539,25.0508,1.0985,0.5281,0.061674,0.652756,-1.75707,166,0.252871,2266.2461,0.091198,0
147,6.272,6896.03,6427.9684,14132.81,-6.3351661289,0.176767,0.431711,25.5952,1.0979,0.6435,0.060801,0.676947,-4.923156,171,0.255666,2242.6165,0.093884,0
148,6.3147,6720.47,6414.2015,14156.25,-6.0830112138,0.193947,0.434709,29.473,1.0891,0.5173,0.0603,0.651057,-5.518872,161,0.254426,2274.4273,0.094494,0
149,6.3573,6753.76,6438.896,14097.66,-6.6613304391,0.097277,0.396215,22.0074,1.1371,0.7276,0.067011,0.67884,-1.613493,166,0.258204,2336.9951,0.090221,0
150,6.4,6550.23,6418.5307,14097.66,-6.0375798043,0.116111,0.438876,31.1483,1.0959,0.4967,0.05961,0.616215,-5.889996,145,0.256366,2228.5878,0.093151,0
151,6.4427,6751.48,6443.4976,14191.41,-6.5593817812,0.185716,0.406173,23.0489,1.118,0.6693,0.065215,0.660493,-8.999001,146,0.258368,2348.0001,0.09718,0
152,6.4853,6756.73,6438.8207,14273.44,-7.206029498,0.171687,0.367243,18.6233,1.1812,0.9157,0.072508,0.700975,-5.466949,150,0.267537,2334.6695,0.096936,0
153,6.528,6652.07,6345.8242,13804.69,-6.4868098165,0.145091,0.41259,25.0728,1.1399,0.7376,0.06408,0.662262,-6.235714,162,0.250326,2278.2876,0.096325,0
154,6.5707,6913.19,6507.9748,14472.66,-7.1116337753,0.194676,0.372935,18.6203,1.132,0.7653,0.071394,0.701002,-6.695131,161,0.258967,2388.4121,0.096691,0
155,6.6133,6719.46,6461.3181,14050.78,-6.7333238532,0.145337,0.393137,22.1685,1.1336,0.7402,0.067576,0.653864,-5.382383,159,0.255845,2337.6696,0.093517,0
156,6.656,6589.99,6333.4569,13746.09,-6.5801388913,0.117505,0.401024,23.7715,1.1514,0.8072,0.066138,0.669592,-2.676732,156,0.24854,2345.0604,0.084849,0
157,6.6987,6695.68,6409.6008,14085.94,-6.8184230378,0.165316,0.392352,21.1659,1.1624,0.8,0.067721,0.682049,-5.737588,156,0.250798,2369.06,0.093639,0
158,6.7413,6591.42,6511.763,14144.53,-6.8652811603,0.203496,0.38513,20.5617,1.1825,0.7911,0.069065,0.662393,-5.188005,169,0.250996,2406.7,0.093884,0
159,6.784,6663.87,6474.6116,14144.53,-6.7364604219,0.206097,0.39406,21.7229,1.1493,0.7472,0.067406,0.655753,-6.143183,175,0.247271,2307.6783,0.08839,0
160,6.8267,6545.41,6410.1451,14003.91,-6.4243145693,0.236568,0.408823,24.8512,1.1593,0.7272,0.064744,0.648846,-2.333656,144,0.260168,2272.8399,0.095837,0
161,6.8693,6846.85,6465.5696,14050.78,-6.9053345042,0.230359,0.37779,20.0733,1.1352,0.8044,0.070458,0.671226,-3.822883,155,0.25924,2400.8289,0.096936,0
162,6.912,6702.31,6489.4123,14167.97,-6.1964379973,0.200396,0.434258,27.1727,1.0988,0.5868,0.060375,0.637455,-5.152399,144,0.251158,2302.0244,0.089733,0
163,6.9547,6952.02,6453.7204,14250.0,-6.5909929336,0.137729,0.406128,22.3531,1.0808,0.637,0.065223,0.682528,-3.744332,157,0.248475,2370.1384,0.095959,0
164,6.9973,6950.94,6498.1357,14414.06,-6.3261828579,0.149126,0.419545,25.795,1.0964,0.6473,0.06287,0.674542,-0.995952,148,0.240054,2348.6854,0.094738,0
165,7.04,6585.51,6472.9686,13933.59,-7.0186711782,0.219646,0.379987,19.4825,1.1845,0.8912,0.070038,0.670929,-8.584408,146,0.238024,2394.5248,0.087901,0
166,7.0827,6716.6,6440.7618,14121.09,-6.8898948303,0.232829,0.385542,20.6671,1.1338,0.7522,0.068988,0.664996,-3.916501,145,0.244513,2337.5779,0.089244,0
167,7.1253,6838.34,6504.3042,14214.84,-6.7139304905,0.160135,0.400363,21.2352,1.1262,0.6975,0.066258,0.673801,-2.612478,159,0.266119,2313.1344,0.092663,0
168,7.168,6823.21,6492.946,14414.06,-6.8389188132,0.150369,0.385815,20.0744,1.1225,0.7139,0.068937,0.678515,-3.089816,162,0.258266,2297.2701,0.099499,0
169,7.2107,6956.72,6496.3023,14554.69,-6.7154299277,0.108538,0.394005,21.866,1.1088,0.677,0.067416,0.675907,-6.776522,154,0.255278,2411.4067,0.100354,0
170,7.2533,6926.45,6526.6584,14542.97,-6.9772905396,0.172548,0.381559,20.3951,1.1175,0.689,0.06974,0.691184,-6.10883,154,0.245464,2344.8815,0.101575,0
171,7.296,6948.34,6460.2668,14332.03,-6.9410083337,0.316079,0.387031,19.3762,1.1239,0.7585,0.068709,0.705036,-7.165745,162,0.239785,2394.341,0.09779,0
172,7.3387,6864.66,6457.3602,14226.56,-6.4391158134,0.180531,0.42224,23.7612,1.0942,0.6265,0.062407,0.675835,-7.514384,136,0.244586,2355.7786,0.098157,0
173,7.3813,6618.65,6450.975,13980.47,-6.7997445004,0.170091,0.387266,20.3342,1.1424,0.7476,0.068665,0.655841,-4.167368,163,0.248901,2362.2837,0.092663,0
174,7.424,6550.97,6390.9105,14050.78,-5.6180429311,0.077698,0.469099,33.5111,1.045,0.3328,0.054789,0.568665,1.298195,159,0.27304,2166.6509,0.084727,0
175,7.4667,6763.58,6487.2929,14074.22,-6.8861480211,0.132819,0.379806,19.6489,1.1229,0.7251,0.070073,0.669332,-4.355819,151,0.26129,2367.4838,0.095837,0
176,7.5093,6841.43,6472.1596,14507.81,-6.4883690454,0.2075,0.409099,23.9042,1.0836,0.5719,0.064695,0.658058,-6.463168,156,0.247937,2286.704,0.091442,0
177,7.552,6687.71,6371.9982,14039.06,-5.9946274449,0.148804,0.439721,29.3739,1.0985,0.5427,0.05947,0.631256,-5.122413,148,0.249954,2172.0826,0.087657,0
178,7.5947,6791.41,6481.513,14308.59,-7.1805634998,0.137963,0.365896,18.2197,1.1435,0.8079,0.072774,0.678884,-5.376438,155,0.257631,2468.7446,0.096936,0
179,7.6373,6921.65,6477.7871,14367.19,-7.0370042728,0.13091,0.375742,18.6035,1.1428,0.8223,0.070852,0.698039,-2.579948,162,0.25575,2414.082,0.101331,0
180,7.68,6654.12,6391.6267,14003.91,-6.1759901412,0.113752,0.433536,25.7762,1.1133,0.5943,0.060496,0.651348,-6.800586,142,0.245754,2155.8228,0.097058,0
181,7.7227,6911.29,6511.1967,14554.69,-6.9825254382,0.11239,0.388224,19.12,1.098,0.632,0.068486,0.688655,-7.69565,150,0.252527,2234.8994,0.099377,0
182,7.7653,6922.04,6488.7022,14332.03,-6.7854513114,0.197707,0.393498,21.3453,1.1175,0.7171,0.06751,0.693384,-2.182698,156,0.230563,2389.2095,0.102552,0
183,7.808,6543.08,6366.0404,13734.38,-6.2319887038,0.177482,0.42628,27.1785,1.1202,0.6424,0.061717,0.639433,-3.976077,171,0.243187,2279.3842,0.085704,0
184,7.8507,6632.04,6380.6705,14015.62,-5.9096121272,0.177808,0.442743,30.3783,1.099,0.5531,0.058975,0.623085,-0.707207,173,0.252216,2181.4213,0.081919,0
185,7.8933,6928.41,6552.2058,14214.84,-6.8673613923,0.112115,0.382594,19.7566,1.1355,0.7941,0.069544,0.666757,-5.333219,161,0.252761,2445.7133,0.089,0
186,7.936,6747.3,6525.3751,13992.19,-6.7005854262,0.166585,0.399903,22.4838,1.1303,0.7376,0.066341,0.65622,-9.970321,114,0.242926,2286.0275,0.093761,0
187,7.9787,6751.5,6445.8856,14074.22,-6.6860615963,0.147662,0.396511,22.5048,1.1262,0.7157,0.066958,0.674155,-7.19456,149,0.251547,2309.6149,0.098401,0
188,8.0213,6875.44,6442.1643,14367.19,-7.0759928211,0.112936,0.371081,19.8708,1.1365,0.8231,0.071755,0.69055,-5.309394,182,0.23805,2378.5548,0.099377,0
189,8.064,6866.11,6465.3237,14390.62,-6.7009950018,0.102394,0.398264,21.8404,1.0918,0.6407,0.066638,0.685846,-2.529273,162,0.244381,2294.879,0.092907,0
190,8.1067,6625.66,6397.1686,14085.94,-6.1713154716,0.176147,0.43526,28.8697,1.1045,0.5825,0.060209,0.625788,-2.477108,154,0.249303,2103.8399,0.087779,0
191,8.1493,6721.54,6471.0123,14121.09,-6.5715540514,0.164486,0.406626,22.5881,1.1271,0.6826,0.065134,0.663092,-4.358303,161,0.261176,2283.3033,0.090587,0
192,8.192,6709.89,6515.701,14308.59,-5.7754692743,0.120469,0.466769,34.1734,1.0488,0.3315,0.05515,0.623723,-7.483981,166,0.252407,2190.1522,0.087901,0
193,8.2347,6885.77,6513.7784,14542.97,-6.1832721654,0.323722,0.430216,27.485,1.0846,0.5263,0.061052,0.656473,-1.624464,176,0.246532,2312.1366,0.091198,0
194,8.2773,6850.98,6520.97,14179.69,-7.5301383132,0.197291,0.33285,15.5607,1.195,1.0121,0.079625,0.693509,-6.96867,170,0.25793,2527.3374,0.098157,0
195,8.32,6817.61,6402.2033,14191.41,-6.5273526297,0.190689,0.414065,23.9529,1.097,0.6403,0.063822,0.674292,-3.607519,163,0.244177,2452.1477,0.097424,0
196,8.3627,6725.1,6435.8533,14203.12,-5.469612962,0.163651,0.47863,37.1179,1.028,0.2891,0.053333,0.585313,-6.182928,171,0.265863,1961.9964,0.089122,0
197,8.4053,6573.47,6348.4732,13968.75,-5.7752199037,0.129991,0.453282,31.4068,1.0666,0.4117,0.057272,0.588135,0.038956,176,0.260044,2165.6073,0.084605,0
198,8.448,6977.5,6467.9728,14589.84,-5.9360164399,0.130427,0.453516,28.7674,1.0596,0.4661,0.057235,0.651272,-1.943822,165,0.259247,2183.2921,0.089244,0
199,8.4907,6860.27,6407.1448,14378.91,-5.7412519223,0.150804,0.465644,32.0099,1.0532,0.4419,0.055324,0.624869,-2.276414,176,0.249148,2105.8031,0.090099,0
200,8.5333,6937.26,6508.0585,14554.69,-6.5503554951,0.153615,0.415466,23.2815,1.0963,0.6085,0.063577,0.67691,-3.220468,167,0.246987,2445.5088,0.093151,0
201,8.576,6803.66,6432.3578,14203.12,-6.0436895129,0.181409,0.442508,28.41,1.0902,0.5456,0.059013,0.655667,-7.062569,157,0.244327,2246.2301,0.094982,0
202,8.6187,6849.69,6497.5287,14367.19,-6.4233420608,0.115028,0.415758,24.1254,1.0852,0.5588,0.063527,0.663715,-3.352245,137,0.244003,2290.3455,0.089855,0
203,8.6613,6831.13,6508.0293,14484.38,-6.02037646,0.11407,0.438708,28.655,1.0637,0.4211,0.059637,0.627092,-7.745542,158,0.249126,2306.2559,0.094006,0
204,8.704,7017.49,6494.1458,14273.44,-6.6482880126,0.220738,0.396282,22.1106,1.0864,0.6599,0.066999,0.67782,-2.404856,169,0.260743,2506.6367,0.095349,0
205,8.7467,6880.46,6411.6316,14191.41,-6.6516606284,0.262439,0.398638,22.4926,1.0914,0.632,0.06657,0.680281,-4.991639,158,0.250884,2424.1398,0.091198,0
206,8.7893,6752.0,6476.9099,14296.88,-6.2466626271,0.207137,0.429853,27.1911,1.0996,0.5759,0.061113,0.652495,-6.897383,154,0.245867,2210.5764,0.094982,0
207,8.832,6971.57,6583.9367,14613.28,-6.6436767464,0.090795,0.397805,22.1566,1.0788,0.56,0.066722,0.679436,-4.980195,171,0.252,2396.3658,0.100232,0
208,8.8747,6922.58,6476.7468,14460.94,-6.5953835249,0.170441,0.410162,22.9529,1.0718,0.5452,0.064507,0.677803,-3.158707,162,0.252921,2342.3092,0.092785,0
209,8.9173,6524.04,6397.3325,14085.94,-5.7990303188,0.237197,0.4632,32.8501,1.0848,0.413,0.055705,0.603624,-4.034178,148,0.2638,2247.8966,0.079111,0
210,8.96,6675.86,6485.6651,14156.25,-6.1537500824,0.152664,0.435088,27.9547,1.0917,0.5077,0.060237,0.633251,-3.027681,180,0.246942,2300.2656,0.085582,0
211,9.0027,6956.91,6517.2248,14554.69,-6.6019645113,0.115838,0.409416,23.0945,1.0991,0.5998,0.064639,0.689337,-2.401232,160,0.25344,2325.7441,0.090587,0
212,9.0453,6597.16,6362.9952,14097.66,-5.9642132385,0.182096,0.452482,30.2437,1.1211,0.5614,0.0574,0.639016,-1.204757,178,0.260834,2127.6961,0.085215,0
213,9.088,6500.97,6317.7921,13746.09,-5.7727902202,0.158111,0.462272,35.9645,1.1346,0.5936,0.05585,0.615345,-1.304972,160,0.239765,2132.2032,0.083384,0
214,9.1307,6731.78,6468.132,14132.81,-6.3735285886,0.152952,0.424673,26.9855,1.1121,0.6385,0.061991,0.651037,-5.887652,140,0.255242,2179.9449,0.090099,0
215,9.1733,7053.37,6512.3284,14589.84,-6.5013573816,0.135285,0.418933,22.3005,1.0591,0.5514,0.062976,0.679746,-2.695086,149,0.240461,2308.9563,0.098034,0
216,9.216,6947.4,6461.5457,14156.25,-7.1904409006,0.123889,0.368483,18.0201,1.1392,0.8651,0.072264,0.69622,-3.360844,173,0.242426,2302.3186,0.094006,0
217,9.2587,6930.81,6439.5588,14484.38,-5.7853123047,0.288159,0.462033,30.168,1.049,0.4099,0.055888,0.634159,-0.114809,170,0.240233,2150.0805,0.092663,0
218,9.3013,6433.47,6473.0051,13769.53,-6.4790862196,0.118148,0.406914,24.9635,1.1703,0.7424,0.065083,0.618576,-4.195101,167,0.251984,2306.5653,0.094494,0
219,9.344,6791.79,6505.9756,14226.56,-6.853557971,0.24831,0.386717,21.2601,1.1821,0.8804,0.068768,0.676781,-2.547866,172,0.268205,2445.3895,0.092663,0
220,9.3867,6824.39,6436.2808,14226.56,-6.2801327399,0.382005,0.417062,24.3688,1.1143,0.6738,0.0633,0.643744,-2.747414,161,0.269115,2339.8346,0.092907,0
221,9.4293,6728.58,6458.6549,14132.81,-6.6356436842,0.157042,0.405798,23.6253,1.1001,0.5777,0.065282,0.66876,-4.741984,163,0.254852,2284.2834,0.095715,0
222,9.472,6737.16,6566.3031,14214.84,-7.066074357,0.125886,0.372808,19.6628,1.1593,0.8194,0.071419,0.660576,-3.447928,150,0.248859,2344.5867,0.093639,0
223,9.5147,6946.89,6392.0046,14332.03,-5.8675721208,0.18174,0.456937,30.2217,1.0226,0.3766,0.056691,0.656473,-1.796118,167,0.23891,2127.0998,0.090953,0
224,9.5573,6540.7,6316.8131,13746.09,-6.0672238641,0.247823,0.437239,28.1545,1.127,0.6401,0.05988,0.60536,-2.932408,164,0.260001,2115.7063,0.087901,0
225,9.6,6548.37,6397.7523,13851.56,-6.1300834519,0.208912,0.440435,28.4909,1.1152,0.5643,0.059353,0.631646,-4.580938,134,0.246528,2274.1715,0.089977,0
226,9.6427,6936.07,6447.1463,14343.75,-6.3544695529,0.129039,0.43242,24.6555,1.0677,0.5815,0.060682,0.668194,-3.623224,173,0.253973,2383.488,0.09486,0
227,9.6853,6813.46,6537.6415,14367.19,-6.7891386908,0.173377,0.39096,21.8866,1.1304,0.7142,0.067978,0.678246,-2.204397,166,0.245147,2375.534,0.103284,0
228,9.728,6693.31,6438.3545,14074.22,-6.6824365351,0.16245,0.400492,23.155,1.1346,0.7133,0.066234,0.66598,-2.905695,155,0.238995,2280.2967,0.09718,0
229,9.7707,6834.36,6536.5522,14156.25,-6.7596702846,0.154505,0.395523,21.5114,1.1264,0.7208,0.067138,0.673413,-2.654955,179,0.247963,2330.5505,0.092419,0
230,9.8133,6567.89,6342.9243,13816.41,-6.5378255345,0.16172,0.395562,22.3061,1.1944,0.8995,0.067131,0.647424,-3.215224,154,0.255962,2395.448,0.096447,0
231,9.856,6665.32,6358.7833,13992.19,-6.412654028,0.159695,0.42139,26.2844,1.1313,0.6857,0.062553,0.66118,-7.538456,156,0.249995,2300.1494,0.087413,0
232,9.8987,6857.7,6481.7997,14355.47,-6.9918536134,0.1267,0.376285,20.2701,1.1431,0.8081,0.070747,0.689717,-4.529567,170,0.256185,2457.0643,0.099866,0
233,9.9413,6804.87,6424.9871,14203.12,-6.2382599747,0.180231,0.437448,26.1875,1.1212,0.6121,0.059846,0.669957,-3.824439,139,0.247688,2175.2908,0.10365,0
234,9.984,6872.19,6424.6881,14214.84,-6.3764038336,0.173118,0.421509,25.7148,1.0818,0.5809,0.062532,0.669695,-3.591955,160,0.242642,2275.9986,0.093029,0
235,10.0267,6858.9,6508.6901,14296.88,-6.7553127733,0.180304,0.381274,20.8884,1.1192,0.7088,0.069794,0.669794,-2.854517,169,0.242174,2396.7026,0.095715,0
236,10.0693,6991.97,6451.5042,14191.41,-7.1119085049,0.120616,0.368482,18.277,1.1482,0.9211,0.072264,0.702025,-4.54588,167,0.264416,2354.4171,0.09779,0
237,10.112,6647.24,6382.8435,13992.19,-5.8194540596,0.126714,0.449602,31.7544,1.1052,0.552,0.057862,0.61441,1.316475,162,0.259271,2144.497,0.093884,0
238,10.1547,6514.19,6320.7886,13828.12,-5.9884115651,0.191522,0.442459,31.5537,1.1244,0.586,0.059021,0.640625,-2.601135,159,0.263226,2369.8255,0.078501,0
239,10.1973,6774.24,6386.4247,14121.09,-5.8043344792,0.160429,0.464405,33.994,1.0866,0.4842,0.055517,0.641595,-0.473611,164,0.248105,2130.0227,0.084239,0
240,10.24,6856.01,6543.0306,14367.19,-6.6777823705,0.181007,0.402123,21.6932,1.1143,0.6611,0.06594,0.677059,-5.734784,164,0.240354,2344.4978,0.099133,0
241,10.2827,6892.11,6408.2868,14320.31,-5.9935761219,0.208901,0.446086,28.1891,1.0849,0.5354,0.05843,0.661835,-1.765029,136,0.242397,2123.2357,0.095715,0
242,10.3253,6986.34,6446.674,14589.84,-5.7807081281,0.14605,0.463063,31.8891,1.0208,0.379,0.055727,0.631012,-3.389591,170,0.240607,2331.8732,0.09132,0
243,10.368,6665.46,6434.8307,14015.62,-6.7842922026,0.165344,0.39729,22.1676,1.1881,0.8778,0.066815,0.680389,-2.939194,148,0.254572,2367.9079,0.092419,0
244,10.4107,6636.53,6271.8953,13816.41,-5.9706101958,0.133663,0.454329,33.0852,1.0852,0.5462,0.057105,0.629309,-0.709681,181,0.25696,2134.2111,0.089244,0
245,10.4533,6675.72,6405.4791,14144.53,-6.4595585705,0.201345,0.414798,24.5877,1.1351,0.6587,0.063694,0.659304,-2.576584,169,0.254786,2272.68,0.088756,0
246,10.496,6656.34,6374.445,13746.09,-6.0999667586,0.139824,0.433414,28.5545,1.1426,0.7099,0.060516,0.654615,-5.506021,155,0.264753,2196.0974,0.094616,0
247,10.5387,6844.42,6457.6195,14238.28,-6.600724659,0.254053,0.399928,21.8852,1.1033,0.6767,0.066336,0.664535,-4.431788,163,0.255392,2443.6487,0.091686,0
248,10.5813,6740.53,6432.9634,14109.38,-6.4044438436,0.104134,0.411903,25.1389,1.096,0.6024,0.064201,0.662168,-4.900526,166,0.250855,2307.6599,0.088634,0
249,10.624,6931.59,6469.4542,14132.81,-6.7392420049,0.236583,0.40621,21.4291,1.1076,0.7254,0.065208,0.691916,-5.787794,170,0.241933,2418.0495,0.091198,0
250,10.6667,6740.53,6378.2091,14085.94,-6.3273140921,0.116413,0.426495,27.364,1.0886,0.5977,0.061681,0.654256,-6.325305,158,0.241636,2289.1528,0.101087,0
251,10.7093,7025.88,6595.4023,14613.28,-7.2971451177,0.185625,0.354593,16.4436,1.1383,0.8139,0.075045,0.706978,-4.468533,146,0.258028,2340.6437,0.100598,0
252,10.752,6807.74,6431.331,14132.81,-6.9574138354,0.172932,0.387314,20.1044,1.1688,0.8876,0.068656,0.697993,-4.500008,161,0.243241,2340.3703,0.099377,0
253,10.7947,6932.95,6459.9977,14425.78,-6.6588974258,0.166263,0.406078,21.5919,1.0823,0.6031,0.065232,0.685115,-7.000638,147,0.252266,2249.9876,0.090221,0
254,10.8373,6736.81,6416.2934,14132.81,-6.3826860234,0.214691,0.411255,23.5302,1.123,0.6625,0.064315,0.661451,-7.012276,143,0.262684,2430.2095,0.085338,0
255,10.88,6773.52,6359.4525,13992.19,-6.3320586562,0.153238,0.428504,26.2743,1.1223,0.6986,0.061341,0.671881,-1.979303,186,0.263389,2343.7805,0.094372,0
256,10.9227,6760.59,6423.2483,14214.84,-6.0510439253,0.207415,0.445093,31.1516,1.0822,0.4975,0.058592,0.656727,-3.314481,165,0.255986,2223.3555,0.094982,0
257,10.9653,6898.57,6507.7794,14320.31,-6.834958906,0.151493,0.386104,19.1193,1.1385,0.7913,0.068883,0.685455,-7.725337,157,0.258675,2289.3565,0.096936,0
258,11.008,6847.09,6435.6689,14273.44,-7.0402797134,0.206614,0.374133,19.1997,1.1728,0.9098,0.071162,0.692704,-3.854619,166,0.252772,2287.3586,0.096569,0
259,11.0507,6667.29,6376.3345,14027.34,-6.4897399975,0.23382,0.413108,25.9302,1.1692,0.8632,0.063989,0.671884,-3.645579,159,0.255165,2380.4771,0.097912,0
260,11.0933,6979.96,6373.7258,14460.94,-6.6353306183,0.182412,0.407296,22.437,1.1254,0.7826,0.065015,0.715142,-5.535882,165,0.245763,2406.0446,0.102552,0
261,11.136,6833.21,6553.3809,14484.38,-7.1060985328,0.157852,0.371614,18.2644,1.147,0.7849,0.071651,0.692611,-4.329661,144,0.256137,2394.8525,0.092296,0
262,11.1787,6636.66,6445.3529,13980.47,-6.2901728005,0.143305,0.426505,25.8581,1.0879,0.541,0.061679,0.63977,-5.439658,152,0.252642,2225.7579,0.085704,0
263,11.2213,6784.4,6372.583,14027.34,-6.4543519289,0.136374,0.421334,23.9825,1.1258,0.7143,0.062562,0.684446,-2.807969,178,0.246659,2315.0508,0.094372,0
264,11.264,6696.24,6395.1177,14074.22,-6.220719845,0.130177,0.429259,27.1007,1.1078,0.5925,0.061213,0.651856,-0.36387,169,0.262955,2221.0787,0.095837,0
265,11.3067,6832.43,6469.277,14484.38,-6.6853872299,0.25674,0.396151,22.4155,1.1221,0.6855,0.067023,0.679552,-2.0296,179,0.255101,2506.5737,0.096569,0
266,11.3493,6915.06,6490.6676,14378.91,-6.9749273148,0.14283,0.381786,20.2417,1.1218,0.746,0.069697,0.6909,-4.0838,164,0.25866,2395.9329,0.097058,0
267,11.392,6791.44,6492.7016,14367.19,-6.2061533547,0.150589,0.423917,26.8787,1.0798,0.5415,0.06212,0.650331,-1.128994,176,0.256922,2298.0914,0.093761,0
268,11.4347,6575.46,6407.8329,13957.03,-6.6022402378,0.171842,0.402557,24.4609,1.1742,0.8134,0.065862,0.660114,-4.297432,167,0.257232,2322.3785,0.089122,0
269,11.4773,6502.74,6386.9725,13757.81,-6.0954194503,0.283976,0.430523,30.4693,1.1453,0.7092,0.061001,0.615924,-3.205903,188,0.252139,2294.0425,0.087657,0
270,11.52,7059.58,6546.62,14625.0,-7.1371283872,0.187484,0.370979,17.7933,1.0971,0.6869,0.071775,0.705733,-4.380748,163,0.260484,2403.6497,0.092663,0
271,11.5627,6695.79,6373.918,14003.91,-6.0134786525,0.252396,0.444577,29.7186,1.1088,0.6527,0.058675,0.64111,-8.222491,165,0.245173,2257.6497,0.099377,0
272,11.6053,7049.09,6517.8479,14507.81,-7.2855282367,0.143357,0.356651,16.0931,1.117,0.786,0.074626,0.70671,-4.44294,179,0.254828,2412.2891,0.107313,0
273,11.648,7048.59,6513.4716,14507.81,-7.3401245257,0.178972,0.358829,16.4193,1.1228,0.7914,0.074185,0.721154,-4.166365,154,0.261267,2331.1641,0.100842,0
274,11.6907,6695.87,6463.7763,14121.09,-6.6394241368,0.17864,0.397831,22.2658,1.1374,0.7153,0.066717,0.658486,-7.04379,147,0.254545,2348.5619,0.091686,0
275,11.7333,6756.01,6490.7065,14144.53,-6.8415316933,0.127225,0.380984,20.0549,1.1383,0.7259,0.069849,0.671399,-4.303509,155,0.257996,2424.7898,0.092907,0
276,11.776,6857.22,6482.3297,14226.56,-6.5779801855,0.055161,0.404299,22.5729,1.0796,0.5806,0.06555,0.668449,-5.374556,153,0.251224,2380.7103,0.097912,0
277,11.8187,6908.7,6489.7461,14261.72,-6.7614590946,0.143605,0.397892,21.9504,1.1169,0.7072,0.066706,0.696939,-7.290374,164,0.240755,2270.7029,0.101453,0
278,11.8613,6895.54,6533.5416,14496.09,-6.2893980179,0.196068,0.42916,27.0137,1.0921,0.5743,0.06123,0.646362,-2.340052,149,0.241174,2391.564,0.09486,0
279,11.904,7004.12,6518.146,14660.16,-6.7113725011,0.194048,0.389617,20.3898,1.0833,0.6106,0.068227,0.675153,-5.931932,160,0.258097,2417.1604,0.091198,0
280,11.9467,6883.58,6413.2735,14156.25,-6.2756795356,0.111253,0.421134,26.3475,1.1001,0.6494,0.062597,0.657102,-1.377687,173,0.264358,2375.5304,0.097302,0
281,11.9893,6875.75,6474.6229,14203.12,-6.66865399,0.161525,0.403741,21.7711,1.1057,0.6797,0.065649,0.692326,-3.656868,162,0.254799,2481.3425,0.095959,0
282,12.032,6798.22,6432.5075,14156.25,-6.3009704951,0.14431,0.424173,25.9693,1.1083,0.6284,0.062076,0.648995,-3.812421,177,0.25582,2351.2476,0.091808,0
283,12.0747,6792.47,6495.2338,14191.41,-6.9774016614,0.197126,0.379771,19.5701,1.1643,0.8545,0.07008,0.687,-4.658888,172,0.25569,2369.2165,0.095593,0
284,12.1173,6705.96,6446.3154,14085.94,-6.7642015042,0.169951,0.392407,22.2232,1.1448,0.7833,0.067711,0.660711,-8.175618,151,0.259282,2298.0869,0.090709,0
285,12.16,6745.89,6399.6587,14203.12,-6.1085700301,0.150201,0.439691,28.7319,1.077,0.4841,0.059475,0.654391,-1.927717,160,0.252901,2242.6114,0.090831,0
286,12.2027,6746.64,6458.1783,14156.25,-6.6696631204,0.187035,0.400584,21.5253,1.1176,0.6376,0.066218,0.674217,-3.586707,175,0.254535,2307.6351,0.09193,0
287,12.2453,6571.37,6367.0056,14085.94,-6.1174913337,0.172153,0.431329,27.8783,1.1614,0.6989,0.060865,0.640773,-1.788801,156,0.250724,2250.3415,0.084971,0
288,12.288,6674.87,6323.3099,13957.03,-6.2612950164,0.181885,0.427192,26.2389,1.116,0.6543,0.061563,0.662107,-1.29806,176,0.260741,2438.186,0.093395,0
289,12.3307,6771.98,6423.1758,14203.12,-6.844300215,0.204295,0.384201,21.3588,1.1337,0.7449,0.06924,0.680641,-3.862541,145,0.255203,2473.8772,0.098767,0
290,12.3733,6676.06,6449.2582,14109.38,-6.7033120959,0.221828,0.395788,22.281,1.1252,0.6964,0.067089,0.656099,-4.045549,146,0.256974,2272.4122,0.090709,0
291,12.416,6706.73,6482.3417,14226.56,-6.4017206518,0.257346,0.411884,25.6078,1.1129,0.6059,0.064204,0.652558,-7.44861,168,0.255722,2340.8586,0.090099,0
292,12.4587,6779.48,6541.2087,14320.31,-7.2096636285,0.169152,0.36211,17.6957,1.1851,0.8755,0.073527,0.68969,-5.130822,146,0.265636,2537.3093,0.093029,0
293,12.5013,6701.88,6381.4556,14074.22,-6.4892000309,0.155424,0.40941,23.3781,1.1555,0.7768,0.06464,0.656141,-3.346911,174,0.262396,2247.9696,0.090343,0
294,12.544,6770.94,6425.4994,14085.94,-6.7348244649,0.140112,0.397372,21.6251,1.1182,0.7172,0.066801,0.670949,-5.715866,151,0.24625,2305.2445,0.094372,0
295,12.5867,6983.64,6409.0127,14367.19,-6.5568167005,0.227512,0.410955,22.6512,1.0798,0.6112,0.064368,0.687594,-3.839976,161,0.256781,2385.3673,0.099011,0
296,12.6293,6831.17,6431.8712,14109.38,-6.6205217992,0.179613,0.403806,23.222,1.1291,0.7509,0.065638,0.662231,-5.169116,157,0.24618,2369.1341,0.095593,0
297,12.672,6757.87,6382.1479,14039.06,-6.338226819,0.147858,0.434591,26.9796,1.1104,0.626,0.06032,0.670025,-2.368996,172,0.246937,2253.3833,0.094372,0
298,12.7147,6664.13,6409.1297,14085.94,-6.981915152,0.143085,0.374973,18.9874,1.1835,0.8895,0.071,0.679178,-4.511771,161,0.264369,2454.6717,0.094616,0
299,12.7573,6856.83,6414.3912,14085.94,-6.6054832903,0.202093,0.405075,22.8177,1.1459,0.7739,0.065411,0.685493,-7.237083,137,0.253872,2329.105,0.093761,0
300,12.8,6820.6,6507.2645,14472.66,-6.6260520496,0.207648,0.402874,21.9949,1.1181,0.6538,0.065805,0.662067,-3.79684,148,0.254558,2345.9166,0.093639,0
301,12.8427,7002.06,6419.3586,14261.72,-6.3560681162,0.211581,0.429202,26.2827,1.0758,0.59,0.061223,0.679542,-4.98512,162,0.247241,2411.4717,0.089,0
302,12.8853,6789.69,6448.9745,14132.81,-6.3258847339,0.189922,0.418981,26.5261,1.0992,0.6414,0.062968,0.652107,-4.078685,153,0.23797,2149.7079,0.09486,0
303,12.928,6875.24,6424.6584,14554.69,-5.5791290681,0.179832,0.478059,32.7085,1.0233,0.2786,0.05342,0.631229,-1.525524,166,0.253921,2048.5898,0.100842,0
304,12.9707,6964.55,6531.5029,14613.28,-6.5056194021,0.185147,0.408456,22.3739,1.0814,0.5866,0.064809,0.665309,-2.215164,162,0.262029,2362.4514,0.092296,0
305,13.0133,6622.72,6449.403,13980.47,-6.4342080371,0.11016,0.419827,26.0671,1.1471,0.7484,0.062822,0.660345,-5.993857,153,0.253946,2292.5378,0.089122,0
306,13.056,6755.94,6450.3865,14015.62,-7.2096350214,0.217286,0.372773,19.8774,1.1612,0.8832,0.071426,0.689904,-3.902492,174,0.255241,2336.9817,0.098401,0
307,13.0987,6633.08,6353.2248,14085.94,-6.332304051,0.304721,0.425105,26.983,1.1181,0.6172,0.061917,0.661914,-3.654839,159,0.241937,2277.8248,0.09779,0
308,13.1413,6752.32,6435.9896,14179.69,-6.0813668003,0.201161,0.440956,27.7833,1.0778,0.4607,0.059267,0.638902,-3.530802,146,0.250377,2173.4126,0.091442,0
309,13.184,6768.08,6457.5574,14390.62,-6.3694952475,0.253781,0.419874,25.6541,1.0887,0.5521,0.062813,0.654285,-2.095867,176,0.266533,2390.2442,0.092785,0
310,13.2267,6756.68,6410.5745,14062.5,-6.3409997124,0.190198,0.41973,25.5172,1.1334,0.7188,0.062838,0.664449,-3.005016,174,0.244589,2399.2288,0.092541,0
311,13.2693,6755.8,6416.7704,14273.44,-6.1596930065,0.144846,0.432441,28.8809,1.0981,0.5606,0.060679,0.627252,0.123786,174,0.249103,2245.8104,0.098279,0
312,13.312,6801.84,6434.7745,14144.53,-6.66723139,0.16948,0.393852,21.8085,1.1361,0.7726,0.067444,0.680002,-3.112422,191,0.258678,2403.9003,0.096081,0
313,13.3547,6609.94,6484.7581,14109.38,-6.6586822249,0.211049,0.396868,23.7708,1.1685,0.7878,0.066892,0.644525,-9.176997,158,0.260191,2401.2832,0.095593,0
314,13.3973,7070.44,6532.955,14460.94,-7.0775926146,0.207213,0.373006,17.7388,1.1171,0.7727,0.071381,0.704165,-5.436159,137,0.252123,2406.4067,0.100964,0
315,13.44,7036.53,6585.4359,14519.53,-6.5883277834,0.128896,0.408941,22.8248,1.1024,0.6843,0.064723,0.673134,-3.468146,174,0.246472,2355.2782,0.099133,0
316,13.4827,6667.78,6479.77,14121.09,-6.6328454229,0.161062,0.405623,23.6103,1.1367,0.6906,0.065313,0.657462,-3.365,181,0.245529,2294.046,0.098279,0
317,13.5253,6574.67,6442.2398,14097.66,-6.2064866911,0.150616,0.434158,28.4985,1.0951,0.5256,0.060392,0.637072,-2.158629,150,0.252778,2036.39,0.089488,0
318,13.568,6838.28,6456.46,14167.97,-6.4524299813,0.173643,0.418132,23.8612,1.0876,0.627,0.063115,0.656666,-2.807834,153,0.250957,2392.4571,0.086681,0
319,13.6107,6755.12,6442.7217,14191.41,-6.712028948,0.149096,0.399586,22.1835,1.1099,0.638,0.066398,0.68422,-3.774243,141,0.24671,2314.8263,0.094738,0
320,13.6533,6987.35,6477.0614,14320.31,-7.3552546325,0.090546,0.354499,16.278,1.1368,0.8648,0.075064,0.708274,-3.466943,161,0.248916,2359.1348,0.098401,0
321,13.696,6738.3,6445.4574,14027.34,-6.6518053566,0.205543,0.399734,23.3985,1.1533,0.7919,0.066371,0.672777,-7.239103,153,0.261023,2460.3559,0.09193,0
322,13.7387,6874.17,6424.2705,14179.69,-6.4542929974,0.215079,0.414177,23.5753,1.096,0.6281,0.063802,0.667032,-2.536682,169,0.25181,2272.5037,0.083995,0
323,13.7813,6862.01,6504.2928,14238.28,-6.4454808255,0.378177,0.418846,25.1459,1.1035,0.6696,0.062991,0.650878,-2.219756,161,0.255452,2280.7685,0.088268,0
324,13.824,6953.43,6486.6501,14507.81,-6.8151061717,0.195746,0.39192,20.0511,1.1204,0.7399,0.0678,0.674285,-6.743425,160,0.249113,2438.2897,0.091808,0
325,13.8667,6646.4,6392.3779,13968.75,-5.926792205,0.222136,0.449139,30.9712,1.0939,0.5477,0.057936,0.59992,-1.190837,160,0.253655,2232.6135,0.089977,0
326,13.9093,6829.97,6541.0805,14425.78,-6.882795344,0.154121,0.388159,19.2321,1.1321,0.7472,0.068498,0.672796,-4.443019,161,0.254359,2409.6451,0.089,0
327,13.952,6678.72,6495.5912,14121.09,-6.7134908142,0.145732,0.395242,22.5284,1.1505,0.7583,0.067189,0.659792,-3.125457,184,0.251664,2441.9276,0.087169,0
328,13.9947,6626.57,6439.5838,14132.81,-6.0181195675,0.199485,0.441045,29.7713,1.0858,0.4839,0.059253,0.608766,-3.167792,180,0.251934,2290.6212,0.08839,0
329,14.0373,6857.02,6448.0489,14085.94,-6.2420912525,0.180279,0.425629,28.0974,1.0845,0.6031,0.061828,0.653701,-2.262383,167,0.257301,2257.9729,0.09425,0
330,14.08,6792.19,6409.6016,14074.22,-6.4160501685,0.162304,0.410753,23.2541,1.1317,0.7383,0.064403,0.67726,-4.003113,155,0.258091,2379.8222,0.097546,0
331,14.1227,6824.75,6462.8818,14109.38,-7.1350967622,0.220328,0.373367,18.7861,1.1429,0.835,0.071311,0.691014,-5.906872,178,0.248868,2392.2838,0.092541,0
332,14.1653,6774.92,6394.652,14097.66,-6.4453703377,0.154261,0.410482,24.8417,1.1132,0.681,0.064451,0.659072,-9.096149,166,0.243515,2453.2778,0.090099,0
333,14.208,6887.62,6374.1486,14214.84,-6.5551335526,0.160943,0.398542,22.4651,1.1184,0.7367,0.066588,0.689382,-2.35746,170,0.263185,2407.2888,0.096203,0
334,14.2507,6900.37,6419.903,14191.41,-6.3009707726,0.216235,0.428203,24.9656,1.1063,0.6393,0.061392,0.68707,-2.674868,150,0.261516,2284.7939,0.094738,0
335,14.2933,6832.06,6387.6452,14144.53,-5.6573431218,0.17305,0.469652,35.2746,1.0232,0.3327,0.054704,0.615322,0.820407,153,0.250305,2196.0009,0.088756,0
336,14.336,6714.33,6431.5335,13863.28,-6.7684865066,0.202732,0.395044,22.3079,1.1439,0.7932,0.067226,0.665907,-2.592463,149,0.257924,2335.9235,0.095715,0
337,14.3787,7051.2,6501.1801,14625.0,-6.8915193898,0.173566,0.390437,21.6478,1.0982,0.69,0.068075,0.694854,-0.767602,159,0.250182,2336.012,0.105848,0
338,14.4213,6806.6,6273.6211,13769.53,-6.1210942367,0.158848,0.436828,29.2245,1.092,0.6376,0.059948,0.670412,-0.782115,170,0.264313,2251.0903,0.107435,0
339,14.464,6861.76,6422.437,14226.56,-6.7692465292,0.127212,0.396798,21.2422,1.119,0.7298,0.066905,0.693066,-4.84234,151,0.244874,2323.9642,0.104383,0
340,14.5067,7002.51,6501.078,14507.81,-7.2858403281,0.165055,0.359095,17.1207,1.1397,0.8528,0.074132,0.700821,-5.157341,161,0.255699,2445.2962,0.10011,0
341,14.5493,6782.69,6341.5501,13968.75,-6.57633887,0.149186,0.401631,22.3562,1.1502,0.8562,0.066029,0.686413,-2.028522,173,0.262477,2331.1351,0.10304,0
342,14.592,7073.94,6568.11,14554.69,-7.3378356453,0.123393,0.359295,16.9438,1.0916,0.6938,0.074091,0.705778,-6.726728,138,0.250492,2398.6507,0.100964,0
343,14.6347,6810.61,6551.1896,14449.22,-6.8274098967,0.160141,0.379695,21.149,1.154,0.7883,0.070094,0.660831,-5.586928,156,0.250899,2383.4356,0.096691,0
344,14.6773,6710.82,6417.4716,13957.03,-6.3330198332,0.100666,0.424425,25.6366,1.1003,0.6134,0.062033,0.646995,-3.864014,157,0.251323,2338.7343,0.090099,0
345,14.72,6842.21,6484.6598,14437.5,-6.7455960269,0.224563,0.398773,21.8593,1.1447,0.7562,0.066546,0.685777,-3.289312,144,0.252098,2337.1246,0.094616,0
346,14.7627,6809.9,6521.9151,14144.53,-7.1964583774,0.196971,0.366422,18.5431,1.1499,0.8069,0.07267,0.684949,-4.494126,146,0.256371,2431.0142,0.09779,0
347,14.8053,6713.43,6374.0491,14179.69,-5.7459976407,0.202612,0.468396,33.818,1.066,0.4226,0.054898,0.645185,-1.819701,164,0.254114,2179.323,0.093029,0
348,14.848,6770.45,6456.6242,14003.91,-6.8355561608,0.150399,0.390271,21.2461,1.1743,0.8854,0.068106,0.69341,-4.426918,148,0.254412,2520.0768,0.097546,0
349,14.8907,6536.09,6396.3719,13910.16,-6.4297022257,0.202483,0.411222,25.2325,1.1791,0.7901,0.064321,0.645638,-1.620003,175,0.257248,2280.0762,0.092052,0
350,14.9333,6571.33,6380.5008,13781.25,-6.1930766596,0.15122,0.427944,27.0606,1.1405,0.6734,0.061436,0.633675,-2.274758,156,0.257426,2245.2942,0.09193,0
351,14.976,6770.97,6465.694,14179.69,-7.1911142606,0.156774,0.368742,18.116,1.1755,0.9092,0.072213,0.693639,-3.931988,156,0.269775,2452.519,0.099011,0
352,15.0187,6913.07,6454.2202,14214.84,-7.3082508646,0.129203,0.353885,17.5444,1.1429,0.8914,0.07519,0.695931,-6.324491,166,0.262902,2507.6544,0.094006,0
353,15.0613,6844.5,6506.1266,14507.81,-7.0291091871,0.197999,0.378459,19.9513,1.1529,0.7739,0.07033,0.696487,-1.595016,165,0.248172,2301.3823,0.093517,0
354,15.104,6775.97,6416.3059,14144.53,-6.8255494029,0.161107,0.386122,21.7104,1.1459,0.809,0.068879,0.676349,-3.470853,160,0.266182,2388.9303,0.099377,0
355,15.1467,6966.54,6430.2225,14472.66,-6.3442174924,0.208119,0.421985,25.6345,1.1198,0.7279,0.06245,0.687248,-4.147171,124,0.266112,2320.6166,0.10072,0
356,15.1893,6814.43,6419.4025,14296.88,-6.3890763345,0.203319,0.421456,23.7356,1.1138,0.6414,0.062541,0.685289,-3.303479,161,0.253003,2372.1379,0.103772,0
357,15.232,6702.71,6407.3635,14074.22,-6.5636726125,0.178637,0.403361,23.1116,1.1577,0.7802,0.065718,0.686908,-3.039694,150,0.255677,2385.3867,0.097546,0
358,15.2747,6823.31,6469.8272,14156.25,-6.9543071471,0.186891,0.380777,20.8582,1.1601,0.8439,0.069888,0.706015,-5.324824,156,0.249556,2450.3686,0.094372,0
359,15.3173,6730.58,6358.8019,13921.88,-6.2957776744,0.179683,0.426546,26.4705,1.1225,0.6984,0.061672,0.651002,-7.050188,148,0.262251,2304.6283,0.098157,0
360,15.36,6832.14,6392.3957,13945.31,-6.7483230892,0.179819,0.394101,21.3653,1.1343,0.808,0.067399,0.694217,-5.160353,167,0.255219,2303.538,0.096691,0
361,15.4027,6753.54,6483.1472,14191.41,-6.3236299231,0.179203,0.417757,24.4199,1.1056,0.6061,0.063179,0.656167,-7.12613,162,0.266979,2247.4336,0.092785,0
362,15.4453,6838.45,6459.1068,14531.25,-6.4648802984,0.226051,0.410759,23.3594,1.1149,0.6581,0.064402,0.666895,-2.230711,159,0.244969,2398.0956,0.090587,0
363,15.488,6733.56,6443.0231,14003.91,-6.6545755856,0.213919,0.396556,22.4169,1.1487,0.7578,0.066949,0.665575,-2.218116,174,0.245724,2405.285,0.091442,0
364,15.5307,6640.43,6499.7409,14097.66,-6.8787391986,0.133995,0.385638,20.8051,1.1617,0.7986,0.06897,0.663082,-3.834272,173,0.25135,2324.2922,0.094982,0
365,15.5733,7036.63,6481.7636,14542.97,-6.5657005595,0.287531,0.400984,22.3499,1.1079,0.749,0.066145,0.681294,-4.905332,154,0.250471,2425.0979,0.09779,0
366,15.616,6899.94,6459.9428,14156.25,-6.8834463086,0.196195,0.389605,20.611,1.1308,0.7769,0.068229,0.696509,-5.068413,173,0.261823,2380.8344,0.096325,0
367,15.6587,6608.16,6403.2694,13968.75,-6.0845331566,0.139824,0.435233,29.7186,1.117,0.6208,0.060213,0.633985,-1.151944,169,0.264693,2307.6303,0.098523,0
368,15.7013,6840.06,6453.0545,14261.72,-6.5143540278,0.216864,0.41284,23.5399,1.092,0.5964,0.064036,0.688185,-4.020057,171,0.253842,2382.4392,0.10072,0
369,15.744,6627.82,6428.1219,13804.69,-6.7756506038,0.177623,0.385976,21.4949,1.1742,0.8491,0.068907,0.665595,-2.508034,149,0.239819,2420.5766,0.100598,0
370,15.7867,6838.74,6496.9258,14156.25,-6.9132455976,0.275098,0.377909,19.3798,1.1439,0.7927,0.070435,0.675729,-5.651615,182,0.266892,2513.6105,0.092296,0
371,15.8293,6766.63,6473.919,14121.09,-6.8102940899,0.176103,0.385887,20.6781,1.1519,0.7994,0.068923,0.679505,-4.828625,157,0.263195,2485.2283,0.092052,0
372,15.872,6451.26,6417.5694,13734.38,-6.4147290485,0.105166,0.405707,26.2702,1.1463,0.7161,0.065298,0.621314,-2.528768,164,0.262041,2291.1229,0.091686,0
373,15.9147,6725.57,6527.6965,14085.94,-6.9018184354,0.089376,0.379621,19.9205,1.1343,0.7496,0.070108,0.663977,-2.280294,165,0.2561,2500.4688,0.089611,0
374,15.9573,6760.21,6432.9386,14003.91,-6.7452104783,0.182198,0.385057,20.8935,1.1392,0.7893,0.069079,0.662267,-2.399199,175,0.254916,2427.3613,0.096081,0
375,16.0,6777.61,6468.079,14203.12,-6.5517006883,0.128092,0.415146,23.3823,1.1057,0.6106,0.063633,0.67758,-3.49027,160,0.252619,2310.4467,0.095959,0
376,16.0427,6659.65,6413.0772,14074.22,-6.3594868158,0.093692,0.413673,24.7997,1.0925,0.5564,0.06389,0.638689,-3.760634,143,0.253119,2274.0737,0.091198,0
377,16.0853,6563.31,6267.8212,13511.72,-6.591740248,0.180407,0.400371,24.4429,1.1836,0.9752,0.066256,0.650108,-2.054622,149,0.268795,2262.8833,0.087169,0
378,16.128,6869.8,6339.9997,14273.44,-5.5734691805,0.200628,0.475722,36.8168,1.0134,0.3152,0.053774,0.614852,-1.429442,178,0.262561,2046.5367,0.084605,0
379,16.1707,6508.05,6464.6498,13816.41,-6.8290572554,0.166522,0.388544,20.3787,1.1669,0.7876,0.068427,0.656183,-4.508891,140,0.256776,2384.6366,0.087657,0
380,16.2133,6687.42,6334.3491,13664.06,-6.7641541699,0.22489,0.393654,22.7234,1.1661,0.9286,0.067481,0.679844,-2.455734,138,0.249556,2247.8922,0.094982,0
381,16.256,6609.85,6320.4096,13839.84,-5.6727126003,0.16723,0.460466,35.9589,1.0812,0.4882,0.056134,0.613423,-0.075131,178,0.246908,2164.5813,0.089855,0
382,16.2987,6552.71,6399.9089,13769.53,-6.5139117586,0.13236,0.409428,24.0234,1.1579,0.7315,0.064637,0.658094,-3.882582,149,0.248349,2256.0,0.089122,0
383,16.3413,6924.46,6456.0071,14531.25,-6.1336909599,0.176502,0.43703,28.1485,1.0645,0.4915,0.059915,0.666103,-7.325695,141,0.257493,2346.0646,0.101209,0
384,16.384,6910.27,6490.2816,14285.16,-6.2874532475,0.257605,0.424048,26.0626,1.062,0.5672,0.062098,0.636721,-2.989561,165,0.255311,2322.6533,0.096081,0
385,16.4267,6655.2,6410.2759,14109.38,-6.6905821717,0.167526,0.400425,23.4072,1.1358,0.7099,0.066246,0.65242,-4.163095,143,0.25661,2345.878,0.09132,0
386,16.4693,7058.85,6488.933,14660.16,-6.7190626177,0.156319,0.404492,21.8265,1.0929,0.6691,0.065515,0.707189,-3.916223,164,0.254936,2466.2472,0.103406,0
387,16.512,6929.88,6475.1195,14425.78,-6.5711583608,0.213012,0.416169,23.3813,1.1034,0.6289,0.063455,0.69755,-3.446923,191,0.241235,2366.2048,0.104871,0
388,16.5547,6975.75,6545.3949,14531.25,-7.197186742,0.307796,0.359593,17.391,1.1306,0.7846,0.074031,0.686135,-3.55545,167,0.261016,2444.9771,0.099988,0
389,16.5973,6915.21,6472.3233,14484.38,-6.4235122989,0.20941,0.41854,24.479,1.093,0.6162,0.063044,0.6745,-6.578374,162,0.248547,2328.9449,0.093273,0
390,16.64,6756.47,6463.9331,14214.84,-6.8707904171,0.125716,0.387706,20.5992,1.1076,0.6713,0.068583,0.680977,-6.249569,161,0.240109,2544.7619,0.092663,0
391,16.6827,6900.03,6415.3756,14203.12,-6.9162108315,0.214499,0.385133,20.8381,1.1113,0.76,0.069065,0.681998,-7.208814,143,0.255115,2388.1916,0.095349,0
392,16.7253,6891.99,6446.5273,14332.03,-6.6032308884,0.111728,0.404367,23.3392,1.1001,0.6658,0.065537,0.684241,-2.542645,169,0.253055,2516.5086,0.095959,0
393,16.768,6791.39,6434.8732,14062.5,-6.3648683125,0.103465,0.421066,25.3557,1.0995,0.6321,0.062608,0.657577,-3.129326,138,0.240391,2223.7677,0.098034,0
394,16.8107,6893.13,6455.3363,14214.84,-6.8680414833,0.110085,0.381344,20.0569,1.1151,0.755,0.069781,0.681985,-4.356786,164,0.249892,2376.0059,0.100476,0
395,16.8533,6981.16,6591.4784,14753.91,-6.5972570314,0.083962,0.399555,22.9551,1.0598,0.5238,0.066404,0.664095,-1.876358,162,0.244495,2376.5016,0.095104,0
396,16.896,6906.89,6470.8225,14449.22,-6.0332103509,0.128828,0.436179,30.4318,1.0901,0.577,0.060056,0.650023,-3.19838,160,0.243241,2368.0258,0.096814,0
397,16.9387,6858.1,6448.901,14472.66,-6.4533117637,0.244556,0.41971,24.7597,1.1,0.5995,0.062842,0.668935,-4.858981,144,0.244643,2281.8009,0.096203,0
398,16.9813,6732.06,6478.1909,14156.25,-6.6450414483,0.167391,0.393839,21.7999,1.1154,0.6603,0.067447,0.661875,-6.434953,182,0.260828,2353.516,0.090709,0
399,17.024,6861.37,6402.807,14320.31,-6.4102948297,0.194588,0.417706,23.9895,1.1185,0.6481,0.063188,0.67941,-2.399432,166,0.260134,2340.4208,0.094982,0
400,17.0667,6744.9,6472.5537,14425.78,-6.6256087689,0.148789,0.401144,22.1979,1.0965,0.5906,0.066117,0.648849,-0.880469,160,0.246929,2342.8918,0.094982,0
401,17.1093,6965.52,6450.722,14625.0,-6.2216572601,0.154718,0.435846,26.7912,1.0657,0.5038,0.060111,0.67415,-1.194854,161,0.251574,2300.4185,0.098645,0
402,17.152,6693.05,6383.321,13933.59,-6.4434823332,0.209274,0.412443,25.5133,1.1563,0.7405,0.064106,0.670661,-5.869113,177,0.240493,2360.7866,0.093884,0
403,17.1947,6708.36,6484.7093,14039.06,-6.4283735769,0.179877,0.413711,24.8676,1.1152,0.673,0.063884,0.645042,-6.329366,174,0.247068,2362.701,0.089122,0
404,17.2373,6908.13,6458.362,14296.88,-6.8913583898,0.158695,0.381285,19.9723,1.0929,0.6789,0.069792,0.68139,-3.434302,164,0.25774,2232.2598,0.096936,0
405,17.28,6966.83,6400.279,14179.69,-7.0222345048,0.170822,0.37428,19.2434,1.1153,0.8063,0.071134,0.697088,-3.339756,166,0.261559,2284.6628,0.103772,0
406,17.3227,7030.3,6492.5155,14472.66,-6.6772388928,0.282823,0.400995,20.6416,1.0764,0.6133,0.066144,0.692487,-7.121574,170,0.244047,2353.3589,0.10072,0
407,17.3653,6898.57,6488.613,14261.72,-7.2592561372,0.164154,0.362104,16.8503,1.1619,0.9056,0.073528,0.694753,-6.669091,166,0.24435,2433.4881,0.095715,0
408,17.408,6621.31,6459.5623,13957.03,-6.7402869512,0.305087,0.389787,21.5772,1.1894,0.8254,0.068195,0.668491,-6.846101,184,0.247174,2398.4964,0.094738,0
409,17.4507,6764.16,6473.1027,14203.12,-6.0326837851,0.165845,0.441345,30.5193,1.0786,0.5086,0.059204,0.639051,-1.343278,161,0.263661,2275.3655,0.090587,0
410,17.4933,6465.78,6315.7087,13570.31,-6.2403454062,0.179137,0.421899,27.4812,1.1494,0.7164,0.062465,0.642127,-3.661748,154,0.262234,2226.4274,0.086925,0
411,17.536,6779.71,6415.4322,14097.66,-6.3653948665,0.186707,0.410414,25.2132,1.1163,0.6679,0.064463,0.661627,-3.847993,153,0.258421,2279.1591,0.088146,0
412,17.5787,6669.8,6423.3325,14109.38,-6.5357549278,0.113152,0.411361,23.8646,1.1441,0.7206,0.064296,0.681905,-7.101503,147,0.24224,2329.1952,0.086314,0
413,17.6213,6503.5,6422.4902,13992.19,-6.0642322809,0.065105,0.439913,30.7344,1.1107,0.5133,0.059439,0.614309,-2.826871,169,0.253354,2281.2411,0.086192,0
414,17.664,6779.14,6469.2947,14132.81,-6.9459426119,0.160962,0.382045,19.9399,1.1414,0.7491,0.069648,0.694514,-8.58045,146,0.260703,2468.7013,0.096447,0
415,17.7067,6705.4,6399.4991,13980.47,-6.4604561566,0.146268,0.413148,23.8725,1.1213,0.6995,0.063982,0.662785,-5.347998,149,0.263128,2250.7634,0.090709,0
416,17.7493,6557.18,6352.0063,13687.5,-5.8575512,0.166317,0.444375,30.992,1.0901,0.5363,0.058708,0.59714,-3.649146,173,0.266291,2090.3744,0.077768,0
417,17.792,6810.04,6515.1133,14425.78,-6.723614067,0.249564,0.393407,20.5404,1.1033,0.6334,0.067526,0.664427,-5.479212,155,0.27116,2373.9334,0.086803,0
418,17.8347,6914.82,6532.4462,14484.38,-6.9416492158,0.16487,0.38245,19.1168,1.1144,0.6813,0.069571,0.688262,-4.87834,149,0.253479,2232.0512,0.094616,0
419,17.8773,6689.68,6468.8432,14214.84,-6.1174011296,0.166816,0.440473,28.6899,1.0928,0.5131,0.059347,0.628641,-5.539921,168,0.245725,2269.7431,0.088146,0
420,17.92,6803.47,6434.0644,14238.28,-6.7407092462,0.156343,0.39639,22.1754,1.109,0.6433,0.066979,0.671156,-5.656332,154,0.256628,2258.3956,0.086558,0
421,17.9627,6606.37,6396.2638,13792.97,-6.2323275655,0.142328,0.427037,28.7849,1.1338,0.7245,0.061589,0.622046,-3.530705,170,0.257778,2264.5636,0.088756,0
422,18.0053,6671.21,6359.9742,14062.5,-5.8024749555,0.196467,0.470091,34.0255,1.0777,0.463,0.054636,0.596331,-6.810592,161,0.245502,2115.2595,0.086925,0
423,18.048,6930.5,6401.9639,14296.88,-6.3244968333,0.130981,0.423321,24.8168,1.0818,0.618,0.062222,0.674435,-1.700232,153,0.246819,2319.4136,0.09193,0
424,18.0907,6951.6,6375.7983,14296.88,-6.2454705299,0.125377,0.432605,26.1496,1.072,0.5641,0.060651,0.679903,-1.526714,168,0.2435,2267.817,0.097668,0
425,18.1333,6943.23,6528.3937,14542.97,-6.0940038666,0.332397,0.444784,27.6816,1.0809,0.5089,0.058642,0.6506,-3.786251,152,0.254124,2141.6152,0.093761,0
426,18.176,6639.37,6456.3288,14226.56,-6.0968444461,0.192936,0.438585,28.8892,1.1285,0.5885,0.059658,0.64116,-1.315899,172,0.253215,2315.1024,0.088756,0
427,18.2187,6709.25,6442.6273,14214.84,-6.1548582544,0.052696,0.436436,28.3475,1.0591,0.456,0.060013,0.643505,-2.872569,170,0.249902,2255.9749,0.081309,0
428,18.2613,6734.77,6338.5511,14074.22,-5.7245510674,0.178892,0.462822,35.6282,1.1021,0.564,0.055764,0.634506,-4.337302,182,0.251577,2230.1012,0.080332,0
429,18.304,6503.69,6367.3963,13699.22,-6.5582341902,0.190985,0.400999,24.616,1.1765,0.8482,0.066143,0.657838,-4.604951,152,0.266502,2309.6602,0.089122,0
430,18.3467,6783.96,6469.959,14320.31,-6.5674944942,0.185741,0.395673,22.6188,1.1092,0.6326,0.067111,0.672632,-4.714539,155,0.278664,2326.3857,0.089855,0
431,18.3893,6573.76,6299.2129,13722.66,-5.5574015006,0.172653,0.480532,37.8903,1.0628,0.3874,0.053046,0.591523,1.522423,167,0.266009,1986.4544,0.089977,0
432,18.432,6787.02,6482.6272,14109.38,-6.8709140084,0.12417,0.382389,20.62,1.1214,0.7274,0.069582,0.672688,-7.062666,177,0.253823,2436.1044,0.090465,0
433,18.4747,6843.25,6515.814,14214.84,-6.526360354,0.175959,0.410713,22.8382,1.0722,0.5467,0.06441,0.66349,-4.029584,167,0.244295,2323.1926,0.085338,0
434,18.5173,6587.4,6306.036,13734.38,-5.7709629387,0.112638,0.456708,36.3288,1.1099,0.5914,0.056727,0.593466,-0.295307,166,0.263426,2266.9178,0.083995,0
435,18.56,6694.12,6441.4179,14144.53,-6.775532653,0.149118,0.39527,23.2854,1.1701,0.824,0.067184,0.685397,-5.765363,160,0.253508,2306.5186,0.092052,0
436,18.6027,6784.97,6397.5889,14109.38,-5.9341033245,0.145155,0.452811,30.4216,1.0762,0.5104,0.057347,0.647753,-2.324049,173,0.250973,2276.4519,0.096203,0
437,18.6453,6886.17,6519.2052,14496.09,-6.8466487985,0.276306,0.383028,19.1885,1.1093,0.6404,0.069461,0.686899,-7.751382,155,0.260192,2350.8026,0.086314,0
438,18.688,6636.37,6449.2398,14085.94,-6.4893888273,0.187714,0.406423,25.0191,1.1315,0.6945,0.06517,0.640371,-4.827591,153,0.250375,2232.5533,0.089,0
439,18.7307,6776.6,6412.485,14097.66,-6.1910337944,0.163803,0.427575,27.1847,1.107,0.6522,0.061498,0.65337,0.813724,169,0.256345,2313.7194,0.089855,0
440,18.7733,6620.2,6413.1143,14050.78,-6.6194512395,0.144254,0.405539,23.568,1.1487,0.7188,0.065328,0.652435,-4.533622,148,0.245879,2178.5757,0.081553,0
441,18.816,6765.67,6419.8224,14121.09,-6.5038806842,0.164465,0.411476,24.0773,1.1227,0.6961,0.064276,0.659222,-3.551777,178,0.252272,2253.3874,0.087169,0
442,18.8587,6724.75,6266.7581,13933.59,-5.847667834,0.128748,0.457453,32.0184,1.1077,0.6029,0.056609,0.652745,-1.313311,166,0.255218,2094.2377,0.098401,0
443,18.9013,6660.3,6435.7453,14085.94,-6.2374410564,0.126504,0.428989,27.7664,1.1083,0.5766,0.061259,0.6447,-5.263567,169,0.257322,2361.6575,0.093884,0
444,18.944,6675.98,6283.2725,13617.19,-6.1541960149,0.257885,0.42557,27.1524,1.1308,0.7295,0.061838,0.640405,0.586412,167,0.266348,2385.1691,0.088512,0
445,18.9867,6735.69,6426.0089,13851.56,-7.6120615732,0.187243,0.334071,15.0559,1.2292,1.122,0.07936,0.701933,-2.383849,183,0.260268,2425.4606,0.099133,0
446,19.0293,6744.01,6429.6842,14191.41,-7.1384059517,0.161165,0.365435,18.0613,1.1506,0.8134,0.072865,0.691529,-4.047971,152,0.256697,2535.7559,0.10072,0
447,19.072,6631.61,6389.1548,13851.56,-6.8569821894,0.152835,0.383167,20.6803,1.1796,0.8793,0.069435,0.67677,-5.027932,177,0.251312,2478.1334,0.093761,0
448,19.1147,6816.8,6381.661,14144.53,-5.9316484055,0.142802,0.449788,30.4629,1.0653,0.4944,0.057832,0.643604,-1.310098,176,0.257657,2305.8205,0.088512,0
449,19.1573,6567.63,6322.2662,13757.81,-5.9491333435,0.184857,0.448235,30.1804,1.1162,0.5816,0.058082,0.611021,-5.077145,146,0.250992,2173.938,0.079844,0
450,19.2,6614.21,6375.5095,13687.5,-6.7413343676,0.271211,0.39603,23.4206,1.1871,0.8903,0.067045,0.668131,-3.936139,153,0.253619,2236.2837,0.090831,0
451,19.2427,6853.71,6451.9854,14132.81,-6.6637767442,0.202137,0.396636,22.9021,1.169,0.8415,0.066935,0.689647,-4.397585,180,0.248589,2426.2602,0.099255,0
452,19.2853,6612.71,6483.4849,14097.66,-6.2465117135,0.152382,0.427251,26.981,1.1305,0.5995,0.061553,0.634661,-6.771974,157,0.256578,2291.4948,0.091076,0
453,19.328,6804.5,6380.1969,14109.38,-6.4139155579,0.227917,0.422019,25.561,1.1335,0.7252,0.062445,0.683916,-5.245167,174,0.256486,2351.7055,0.087169,0
454,19.3707,6682.23,6322.2831,13968.75,-5.8307162875,0.183161,0.451007,31.4613,1.0734,0.4856,0.057636,0.624241,-1.663604,163,0.257284,2176.5903,0.09132,0
455,19.4133,6953.14,6487.7891,14238.28,-6.9581771903,0.214759,0.380016,18.9043,1.1267,0.8098,0.070033,0.690474,-3.158648,167,0.257477,2432.7533,0.098279,0
456,19.456,6683.56,6349.5383,13945.31,-5.8942322047,0.186929,0.453511,31.0755,1.0917,0.5496,0.057235,0.618743,-5.088608,157,0.24581,2053.152,0.093884,0
457,19.4987,6962.08,6460.2195,14496.09,-6.5712200948,0.28777,0.406829,22.2323,1.1249,0.7207,0.065098,0.688747,-6.552617,160,0.254721,2367.9591,0.097668,0
458,19.5413,6826.53,6374.33,14179.69,-6.1544750917,0.218192,0.433038,26.6635,1.0952,0.5881,0.060579,0.663809,-3.618099,160,0.264202,2339.4115,0.096936,0
459,19.584,6574.21,6433.373,13875.0,-6.6741899174,0.192243,0.391234,22.8194,1.1729,0.8342,0.067927,0.643221,-4.911285,169,0.255704,2387.7791,0.092541,0
460,19.6267,6617.78,6418.9726,13781.25,-6.4676370534,0.215595,0.407346,24.7245,1.1422,0.7409,0.065006,0.651444,-6.880311,175,0.259954,2407.1057,0.090099,0
461,19.6693,6548.01,6443.7804,14039.06,-6.370605183,0.183515,0.419648,25.9411,1.1332,0.6429,0.062853,0.637747,-5.821956,157,0.260359,2180.8397,0.083018,0
462,19.712,6746.7,6464.4157,14062.5,-6.4845543286,0.145295,0.416953,24.7451,1.1144,0.6655,0.063319,0.669894,-2.518799,166,0.255329,2346.5615,0.09132,0
463,19.7547,6676.44,6476.4128,14285.16,-5.7122257327,0.153817,0.466309,35.5145,1.0642,0.365,0.055221,0.61964,-6.903486,152,0.242781,2141.8491,0.096203,0
464,19.7973,6828.14,6440.6825,14132.81,-6.7688330072,0.227676,0.397858,22.2967,1.1302,0.7672,0.066712,0.678279,-3.179927,171,0.256651,2370.0543,0.093151,0
465,19.84,6722.5,6453.6183,14179.69,-6.4908420088,0.164097,0.412875,24.162,1.1274,0.679,0.06403,0.643617,-4.280421,166,0.258261,2406.8518,0.08546,0
466,19.8827,6548.49,6361.1657,13898.44,-6.0093783825,0.186118,0.434697,30.1214,1.1157,0.5331,0.060302,0.624118,0.839401,166,0.257583,2253.364,0.084117,0
467,19.9253,6707.46,6406.4588,14074.22,-5.9375349276,0.111706,0.446373,29.7526,1.1086,0.5677,0.058384,0.621891,-0.315981,135,0.249165,2310.5151,0.094738,0
468,19.968,6702.28,6378.2465,13980.47,-6.6301044948,0.20144,0.408513,23.4617,1.1479,0.7514,0.064799,0.687097,-3.700462,143,0.253269,2410.2863,0.091564,0
469,20.0107,6732.64,6418.6872,14332.03,-6.1772555671,0.172199,0.434631,26.6003,1.0687,0.4607,0.060313,0.660331,-5.120933,160,0.240671,2325.8055,0.094982,0
470,20.0533,6926.65,6376.9668,14355.47,-5.8402551879,0.208593,0.466837,33.3339,1.0478,0.4342,0.055139,0.661602,-2.179042,159,0.242542,2103.6068,0.096691,0
471,20.096,6709.99,6414.9357,14191.41,-5.8940858437,0.160709,0.452509,29.989,1.0997,0.5208,0.057395,0.642137,-2.332752,156,0.244941,2104.7585,0.090709,0
472,20.1387,6641.54,6403.4583,13992.19,-6.7805173153,0.197879,0.395105,21.5893,1.1852,0.8872,0.067215,0.673813,-6.492994,150,0.255036,2347.4499,0.088756,0
473,20.1813,6497.92,6355.4584,13734.38,-6.4506393707,0.203122,0.416075,27.2298,1.1951,0.8719,0.063471,0.662718,-3.50841,140,0.243691,2331.6332,0.085948,0
474,20.224,6633.71,6443.4714,14214.84,-5.9164515642,0.269856,0.44426,30.3504,1.0968,0.4733,0.058727,0.64395,-1.349677,165,0.262053,2259.699,0.087779,0
475,20.2667,6893.23,6500.9782,14402.34,-6.9094782962,0.169074,0.382975,19.8624,1.1321,0.7343,0.069472,0.696188,-6.26255,158,0.261949,2389.3188,0.098523,0
476,20.3093,6902.88,6395.7819,14085.94,-6.0084531143,0.184588,0.448772,29.5616,1.0749,0.5526,0.057996,0.661006,-0.592589,164,0.249892,2343.5148,0.103895,0
477,20.352,6741.26,6422.3452,14156.25,-6.5126328449,0.199193,0.411659,25.2766,1.1338,0.7326,0.064244,0.671149,-3.64405,156,0.241354,2372.1608,0.094372,0
478,20.3947,6678.46,6311.6221,13980.47,-5.7620212276,0.146369,0.453299,33.8431,1.0884,0.5219,0.057269,0.61876,-0.297478,164,0.257317,2153.7748,0.092419,0
479,20.4373,7019.07,6550.1272,14554.69,-7.1987506565,0.203487,0.361526,17.0551,1.1591,0.8532,0.073643,0.698143,-5.892114,152,0.264987,2396.5428,0.101331,0
480,20.48,6747.8,6470.8092,14109.38,-6.647671756,0.214519,0.405692,22.6622,1.1467,0.7113,0.065301,0.696281,-3.677074,154,0.245725,2262.938,0.098889,0
481,20.5227,6654.15,6378.2103,13957.03,-6.4392938689,0.249484,0.419655,25.8557,1.1655,0.7578,0.062851,0.663929,-3.766872,171,0.254135,2286.6325,0.088268,0
482,20.5653,6734.56,6510.2662,14109.38,-6.3542436037,0.166034,0.414752,25.6377,1.0875,0.5762,0.063702,0.63102,-6.830567,154,0.265217,2344.9267,0.091808,0
483,20.608,6843.41,6458.7495,14320.31,-6.9084032904,0.209813,0.377264,18.704,1.1579,0.8363,0.070559,0.694664,-4.847864,169,0.259002,2483.037,0.09486,0
484,20.6507,6786.8,6323.4928,14285.16,-5.5986509767,0.250393,0.473005,35.7388,1.0753,0.4781,0.054189,0.60011,-6.386417,168,0.254035,2300.7397,0.090831,0
485,20.6933,6523.52,6373.5295,13792.97,-6.3324058136,0.112426,0.423846,27.4155,1.1469,0.6783,0.062132,0.628821,-3.888507,170,0.261144,2215.7279,0.088878,0
486,20.736,6788.88,6440.564,13957.03,-7.310632192,0.148497,0.35597,18.1071,1.2068,1.0411,0.074765,0.696197,-5.192199,147,0.263836,2413.6763,0.094738,0
487,20.7787,6639.27,6441.0047,14132.81,-5.9596189196,0.079259,0.446571,30.4658,1.1088,0.5586,0.058352,0.616423,-3.552619,162,0.257008,2196.551,0.097546,0
488,20.8213,6828.3,6440.3089,14226.56,-6.2003748403,0.123002,0.434252,26.111,1.0678,0.5112,0.060376,0.650526,-7.160326,171,0.243726,2213.1523,0.091076,0
489,20.864,6810.81,6440.4552,14296.88,-5.8168351953,0.296575,0.461072,30.418,1.0727,0.4725,0.056039,0.644066,-0.524307,161,0.255174,2242.8751,0.085826,0
490,20.9067,6865.99,6486.981,14179.69,-6.3625220247,0.18492,0.420408,24.6907,1.0753,0.5509,0.062721,0.648036,-8.067278,148,0.242877,2346.8877,0.090343,0
491,20.9493,6630.72,6361.3066,13769.53,-6.779586511,0.177268,0.389888,22.2331,1.168,0.881,0.068177,0.67631,-4.646371,163,0.260421,2405.4989,0.095104,0
492,20.992,6760.35,6508.0835,14027.34,-6.6094848625,0.12403,0.404004,23.2534,1.1467,0.779,0.065602,0.673262,-2.361865,153,0.24541,2375.0026,0.093761,0
493,21.0347,6746.95,6423.2277,14097.66,-6.1456981801,0.153653,0.438141,28.702,1.0716,0.486,0.059731,0.649215,-6.036989,159,0.243002,2253.9112,0.088756,0
494,21.0773,6478.06,6372.8315,13757.81,-6.2249189683,0.324584,0.41661,26.8364,1.1248,0.635,0.063378,0.602079,0.788454,158,0.268358,2262.4618,0.081065,0
495,21.12,6791.24,6467.3458,14179.69,-6.6427543283,0.171982,0.401136,24.782,1.1194,0.7344,0.066118,0.656691,-1.87467,159,0.262401,2229.1928,0.085704,0
496,21.1627,6736.32,6474.869,14226.56,-6.2311763833,0.178343,0.43237,27.5439,1.0997,0.5157,0.060691,0.647517,-1.735185,152,0.24734,2197.4067,0.089,0
497,21.2053,6744.6,6414.1488,14156.25,-6.2637225626,0.227837,0.427765,25.7363,1.102,0.5667,0.061466,0.659153,-1.262861,162,0.24471,2113.5979,0.092296,0
498,21.248,6709.65,6409.5506,13804.69,-6.4229385819,0.153821,0.410524,24.4041,1.1316,0.7014,0.064444,0.666571,0.0217,188,0.257572,2392.3631,0.094616,0
499,21.2907,6541.74,6292.8553,13746.09,-5.9207682875,0.152915,0.452473,32.5686,1.1123,0.5529,0.057401,0.617766,0.997737,163,0.273243,2108.0877,0.091686,0
500,21.3333,6838.61,6473.1275,14367.19,-6.2340034737,0.103982,0.433839,26.5034,1.0761,0.5423,0.060445,0.660542,-1.975528,170,0.261153,2365.5185,0.091442,0
501,21.376,6758.32,6549.8006,14226.56,-6.8333427213,0.185322,0.38295,20.2806,1.1491,0.7651,0.069476,0.672053,-5.723696,166,0.258634,2471.2282,0.088512,0
502,21.4187,6804.03,6496.7602,14097.66,-6.9095933097,0.194058,0.382022,19.5921,1.164,0.8488,0.069652,0.681553,-4.763964,161,0.241326,2326.9929,0.092296,0
503,21.4613,6851.7,6469.7818,14308.59,-6.5760916628,0.21597,0.400364,22.5892,1.1193,0.6646,0.066258,0.675836,-1.303697,159,0.245834,2382.377,0.098157,0
504,21.504,6837.2,6422.1263,14414.06,-5.9820945488,0.214508,0.453842,29.8359,1.0947,0.5258,0.057183,0.655356,-4.617039,149,0.251246,2258.501,0.09486,0
505,21.5467,6702.81,6431.9995,14003.91,-7.1350752409,0.231356,0.365442,18.9555,1.1914,0.974,0.072864,0.688828,-2.575752,161,0.258005,2459.8375,0.095959,0
506,21.5893,6708.07,6319.4811,13804.69,-6.6511601221,0.116885,0.402054,22.5026,1.156,0.8632,0.065953,0.673062,-0.520564,157,0.262145,2309.4545,0.095715,0
507,21.632,7012.3,6489.9751,14542.97,-6.5911491847,0.375814,0.404829,22.5043,1.0807,0.6202,0.065455,0.666717,-6.180177,172,0.255747,2245.9411,0.096936,0
508,21.6747,7033.63,6435.3029,14460.94,-6.4142746524,0.122945,0.418816,25.9225,1.0741,0.6169,0.062996,0.676954,-2.853046,159,0.254111,2356.514,0.099866,0
509,21.7173,6794.48,6343.5965,13769.53,-5.8528508887,0.175473,0.458835,31.0678,1.0686,0.5044,0.056391,0.656838,-0.12547,155,0.248433,1967.8674,0.098401,0
510,21.76,6938.04,6440.4627,14167.97,-5.9278614103,0.36327,0.460434,31.2408,1.0539,0.4599,0.056139,0.654143,-3.11909,169,0.250452,2189.0847,0.099744,0
511,21.8027,7026.34,6481.1587,14378.91,-6.6732269087,0.156759,0.411442,22.4607,1.0905,0.6662,0.064282,0.70766,-4.382475,165,0.244822,2333.536,0.104017,0
512,21.8453,6880.48,6395.2088,14308.59,-6.2563268779,0.189676,0.426644,27.0337,1.0628,0.5517,0.061656,0.658343,-1.910686,177,0.251838,2359.9896,0.098523,0
513,21.888,6871.87,6558.5423,14472.66,-6.8799106617,0.113282,0.389659,20.3242,1.1208,0.7162,0.068219,0.672578,-4.984731,157,0.253348,2342.0972,0.093151,0
514,21.9307,6738.18,6434.0436,14015.62,-6.7508067821,0.245476,0.39248,20.9595,1.1266,0.7211,0.067697,0.676345,-3.781512,171,0.250449,2418.696,0.100354,0
515,21.9733,6780.9,6490.4451,14226.56,-7.0008037258,0.128989,0.374711,19.624,1.14,0.7455,0.071051,0.685742,-5.661362,165,0.244099,2367.4061,0.099622,0
516,22.016,6746.58,6449.8882,14144.53,-6.7346172375,0.176753,0.396819,21.3362,1.138,0.7431,0.066901,0.68149,-4.240313,148,0.258304,2338.3637,0.095104,0
517,22.0587,6979.44,6484.5925,14308.59,-6.8041546882,0.20022,0.389107,20.5052,1.1072,0.7176,0.068322,0.680493,-5.012245,171,0.245803,2348.0216,0.096203,0
518,22.1013,6803.93,6523.6868,14226.56,-6.9657716734,0.089165,0.382394,20.175,1.1231,0.7116,0.069582,0.688295,-6.877973,146,0.247457,2311.4321,0.103895,0
519,22.144,7013.98,6479.3911,14496.09,-6.7021858726,0.245195,0.390134,20.5495,1.087,0.6797,0.068131,0.680167,-7.150653,157,0.263514,2364.6629,0.096691,0
520,22.1867,6786.64,6503.2651,14484.38,-5.8016979158,0.199063,0.463414,33.5169,1.0682,0.4194,0.055672,0.617488,-1.430366,150,0.266373,2100.8278,0.089366,0
521,22.2293,6786.13,6428.0492,14121.09,-6.4000124912,0.370626,0.420959,25.3502,1.1121,0.6427,0.062627,0.651406,-6.858576,151,0.24153,2146.387,0.099255,0
522,22.272,6998.5,6578.2233,14636.72,-7.1043873946,0.238147,0.37,18.3114,1.1395,0.7622,0.071966,0.705957,-4.638227,170,0.246817,2504.6122,0.108656,0
523,22.3147,6905.4,6485.5451,14425.78,-6.6032287717,0.202762,0.402518,22.7822,1.1048,0.6391,0.065869,0.680377,-3.504357,145,0.253787,2323.9006,0.102429,0
524,22.3573,6689.87,6447.405,14097.66,-6.4197845495,0.174717,0.416769,24.5551,1.1084,0.6114,0.063351,0.65703,-4.216108,146,0.256599,2293.8594,0.093151,0
525,22.4,6627.16,6396.3353,14062.5,-6.5601829399,0.129959,0.410372,23.6421,1.1501,0.7455,0.06447,0.670157,-3.165268,168,0.242324,2378.2909,0.093151,0
526,22.4427,6904.29,6520.0044,14519.53,-6.526788026,0.146771,0.410482,23.0569,1.0908,0.5702,0.064451,0.679469,-2.642408,164,0.246978,2395.3055,0.095349,0
527,22.4853,6671.33,6444.1601,14097.66,-6.4387389138,0.247028,0.415917,24.8482,1.1198,0.6266,0.063499,0.644253,-4.835048,164,0.24781,2250.5431,0.097302,0
528,22.528,6964.1,6461.7047,14250.0,-7.541529892,0.229763,0.343449,15.535,1.1638,0.9823,0.077356,0.714903,-4.534973,183,0.268092,2478.972,0.101575,0
529,22.5707,6887.0,6518.3311,14554.69,-6.212015023,0.097901,0.423664,25.3678,1.0461,0.4092,0.062163,0.643485,-4.395922,160,0.264048,2189.1269,0.103284,0
530,22.6133,7005.92,6547.7608,14566.41,-6.7174543771,0.082232,0.401625,21.9525,1.0585,0.5555,0.06603,0.674832,-5.529586,152,0.254534,2314.6174,0.095593,0
531,22.656,6604.34,6389.4617,13792.97,-6.4805993997,0.239985,0.409561,24.6305,1.1463,0.7281,0.064614,0.652912,-4.983238,148,0.26149,2333.6523,0.092296,0
532,22.6987,6673.92,6410.7184,13828.12,-6.6168195512,0.240412,0.397667,23.5534,1.1252,0.7612,0.066747,0.652186,-7.336937,171,0.244541,2398.78,0.087901,0
533,22.7413,6705.11,6440.2887,14039.06,-6.7351403338,0.165993,0.400242,21.2631,1.1373,0.7129,0.06628,0.665539,-6.136511,151,0.252107,2273.1981,0.08082,0
534,22.784,6770.29,6471.7708,14144.53,-6.8678647685,0.223564,0.389141,19.358,1.1412,0.7547,0.068315,0.670769,-5.740497,177,0.245833,2324.0382,0.089733,0
535,22.8267,6627.68,6317.2755,13968.75,-6.1153542797,0.15286,0.430214,28.1379,1.1341,0.7287,0.061053,0.629189,-7.273246,170,0.246365,2320.2049,0.096325,0
536,22.8693,6839.76,6440.5198,14273.44,-6.480724212,0.143942,0.415806,24.0931,1.0937,0.6041,0.063518,0.666229,-0.780513,169,0.256919,2229.9071,0.091442,0
537,22.912,6749.27,6491.7665,14121.09,-6.4860413894,0.243548,0.409137,24.3329,1.1256,0.6595,0.064688,0.663453,-1.521115,166,0.257819,2290.7821,0.08839,0
538,22.9547,6872.08,6520.5338,14519.53,-6.4812421519,0.154637,0.415745,25.214,1.0919,0.5898,0.063529,0.657552,-2.395977,155,0.246041,2277.4312,0.095104,0
539,22.9973,6762.12,6515.7393,14226.56,-6.8639311016,0.203473,0.387284,19.5161,1.1367,0.7145,0.068662,0.681679,-4.278961,159,0.247444,2263.7463,0.093273,0
540,23.04,6486.15,6423.4308,14039.06,-6.0550963335,0.161182,0.434483,29.3534,1.1366,0.5964,0.060338,0.61025,0.593027,157,0.269618,2280.0277,0.08253,0
541,23.0827,6832.36,6438.6576,14425.78,-6.4806279158,0.124242,0.411998,23.2118,1.0913,0.6046,0.064184,0.666558,-1.699794,153,0.267701,2411.1429,0.085338,0
542,23.1253,6503.44,6361.1066,13769.53,-6.7329706203,0.204103,0.390892,21.7426,1.196,0.8967,0.06799,0.649617,-3.099619,167,0.261457,2375.5569,0.089244,0
543,23.168,6673.57,6286.316,13839.84,-6.0401123834,0.212866,0.44444,30.6061,1.1028,0.5978,0.058698,0.634944,-5.555807,158,0.266389,2230.7324,0.094128,0
544,23.2107,6880.74,6472.4226,14355.47,-6.3789336738,0.168152,0.426795,25.2756,1.0963,0.586,0.06163,0.683801,-2.866904,177,0.246542,2244.3829,0.093639,0
545,23.2533,6528.2,6336.9441,13582.03,-6.7414634694,0.10533,0.389966,22.9913,1.1914,0.9443,0.068162,0.667994,-6.631204,153,0.245014,2262.6767,0.090465,0
546,23.296,6541.73,6432.7144,13921.88,-6.8779704063,0.113989,0.391541,21.3284,1.1636,0.7555,0.06787,0.668608,-6.43341,165,0.254439,2281.0928,0.096325,0
547,23.3387,6991.08,6519.1404,14601.56,-6.2312400687,0.298115,0.430932,25.4152,1.0798,0.5175,0.060932,0.681717,-3.54823,161,0.253308,2224.5417,0.104383,0
548,23.3813,6803.96,6457.2501,14355.47,-6.2343792302,0.184732,0.434564,26.7524,1.0909,0.5647,0.060324,0.665902,-3.80089,151,0.250441,2206.4514,0.088023,0
549,23.424,6779.93,6491.2516,14496.09,-5.8533279775,0.180453,0.456924,31.8919,1.0469,0.371,0.056693,0.631606,-7.474289,148,0.251387,2110.9127,0.087657,0
550,23.4667,6930.1,6515.9062,14578.12,-6.0004925527,0.169135,0.449691,30.2881,1.0437,0.4127,0.057848,0.631342,-9.520631,149,0.250284,2329.543,0.094982,0
551,23.5093,6680.91,6448.0978,14203.12,-5.7344328407,0.320712,0.456516,31.1831,1.0845,0.4716,0.056757,0.616264,-7.7646,165,0.240613,2102.2031,0.092052,0
552,23.552,6733.44,6506.3584,14250.0,-6.1473488578,0.129196,0.437357,29.5949,1.0813,0.5116,0.059861,0.634011,-4.276101,151,0.255597,2164.5403,0.089733,0
553,23.5947,6754.45,6386.688,14203.12,-5.9881009755,0.14573,0.444132,31.439,1.0808,0.5445,0.058748,0.62398,-0.467959,160,0.245157,2313.519,0.08607,0
554,23.6373,6693.89,6447.7772,14085.94,-6.6601732015,0.192712,0.396618,22.6244,1.1468,0.7625,0.066938,0.658334,-2.331127,182,0.254042,2302.9666,0.087169,0
555,23.68,6640.21,6513.1635,14144.53,-6.5684450575,0.111813,0.397929,23.3784,1.1585,0.7125,0.066699,0.660851,-2.403086,160,0.261136,2397.688,0.080088,0
556,23.7227,6655.27,6407.3887,14191.41,-5.587027308,0.099805,0.474372,34.9945,1.0651,0.375,0.05398,0.617188,-2.249421,146,0.267251,2218.804,0.082041,0
557,23.7653,6618.32,6304.1113,13722.66,-6.4320138754,0.162819,0.423115,26.2344,1.1392,0.7547,0.062257,0.658102,-3.23292,181,0.253894,2319.377,0.09193,0
558,23.808,6742.59,6428.8004,14320.31,-6.3519329572,0.139824,0.420195,26.0699,1.099,0.5916,0.062758,0.648393,-1.019431,154,0.259343,2308.9869,0.086925,0
559,23.8507,6632.56,6456.6752,14050.78,-6.8535077533,0.260358,0.388709,21.3458,1.1622,0.8038,0.068396,0.653231,-1.730785,158,0.25878,2265.3799,0.090099,0
560,23.8933,6654.52,6386.4751,14027.34,-6.7371091094,0.223411,0.398674,21.9033,1.1493,0.7938,0.066564,0.671397,-4.524998,182,0.247146,2352.7471,0.096936,0
561,23.936,6887.72,6454.3595,14531.25,-6.9466129199,0.187917,0.379541,19.5731,1.1278,0.7388,0.070124,0.684837,-1.46491,171,0.259201,2393.6,0.092663,0
562,23.9787,6450.94,6411.6243,13710.94,-6.905613063,0.130758,0.379309,21.3374,1.2053,0.9098,0.070168,0.663147,-4.688016,178,0.272098,2405.8752,0.087413,0
563,24.0213,6802.99,6515.2607,14554.69,-6.3648306667,0.20353,0.41942,24.0998,1.1184,0.6264,0.062892,0.659266,-2.462895,157,0.261282,2358.8778,0.087291,0
564,24.064,6942.21,6548.7921,14566.41,-6.6282656603,0.178999,0.408157,23.3146,1.0817,0.5719,0.064862,0.677553,-7.084413,156,0.266369,2316.3321,0.097424,0
565,24.1067,6904.41,6485.8729,14367.19,-6.8517118618,0.182632,0.388134,20.206,1.121,0.74,0.068503,0.686694,-3.509232,140,0.253971,2290.9723,0.097912,0
566,24.1493,6980.43,6443.1748,14226.56,-6.7699999617,0.214671,0.391633,19.9914,1.1375,0.7981,0.067853,0.695711,-4.545635,149,0.24519,2335.5454,0.100232,0
567,24.192,6769.66,6486.0447,14121.09,-7.1647495568,0.303593,0.362202,17.2107,1.1746,0.8655,0.073508,0.693536,-3.849721,165,0.24799,2424.2106,0.106092,0
568,24.2347,6970.65,6535.0798,14542.97,-7.1579516286,0.14531,0.369987,17.925,1.1467,0.8248,0.071969,0.703012,-5.629188,146,0.255274,2387.995,0.104139,0
569,24.2773,6743.58,6373.5917,14109.38,-5.9478802623,0.257399,0.443411,28.4835,1.0985,0.579,0.058866,0.645245,-2.662767,161,0.258806,2281.7336,0.088634,0
570,24.32,6606.7,6296.0219,13722.66,-6.3328774214,0.148829,0.426635,26.4692,1.1666,0.7988,0.061657,0.665742,-3.857519,153,0.25915,2319.3535,0.08839,0
571,24.3627,7042.4,6519.9113,14531.25,-6.9401016391,0.174952,0.381149,19.8802,1.1009,0.7259,0.069818,0.694998,-5.590476,145,0.258526,2427.532,0.098157,0
572,24.4053,6642.06,6428.2592,13968.75,-6.3884947573,0.272941,0.419026,25.3049,1.1367,0.7151,0.06296,0.64385,-5.519961,152,0.24848,2269.1611,0.089611,0
573,24.448,6648.65,6437.6474,14027.34,-6.0593842392,0.176615,0.446143,30.0641,1.1087,0.5562,0.058421,0.653246,-2.45671,165,0.257946,2214.2821,0.090465,0
574,24.4907,6837.42,6455.6857,14003.91,-7.0130299825,0.17404,0.380252,19.9418,1.1522,0.8626,0.069988,0.683901,-4.718489,156,0.240215,2428.5097,0.087169,0
575,24.5333,6741.49,6431.9938,14097.66,-6.3632473069,0.188642,0.414241,25.2622,1.103,0.6351,0.063791,0.63423,-1.75665,173,0.254843,2296.5334,0.087413,0
576,24.576,6557.27,6300.7434,13746.09,-6.1346934417,0.198104,0.436057,27.9387,1.1264,0.6529,0.060076,0.639529,-2.329823,167,0.26569,2204.2251,0.095349,0
577,24.6187,6844.93,6402.3867,14132.81,-6.6688568562,0.231528,0.395848,22.5576,1.1189,0.7481,0.067079,0.682601,-5.00504,177,0.259384,2506.3081,0.099622,0
578,24.6613,6913.43,6492.7149,14507.81,-6.6785780378,0.174575,0.403363,23.0084,1.1074,0.7135,0.065717,0.684316,-3.492035,179,0.254517,2308.5066,0.096447,0
579,24.704,6763.69,6422.5709,14203.12,-6.4093908187,0.150773,0.408647,24.6336,1.1166,0.6989,0.064775,0.64719,-5.709991,162,0.24329,2386.2268,0.092052,0
580,24.7467,6804.66,6427.7881,14167.97,-6.9249043679,0.157159,0.382678,19.6933,1.1564,0.8251,0.069528,0.694743,-3.589759,165,0.256836,2439.2345,0.095104,0
581,24.7893,6714.48,6428.3984,14144.53,-6.517461207,0.167753,0.405334,23.1715,1.1648,0.8225,0.065365,0.671053,-2.532391,164,0.26042,2319.0571,0.093151,0
582,24.832,6741.8,6535.8656,14214.84,-6.5126356366,0.17475,0.399986,22.3931,1.0975,0.5793,0.066326,0.639378,-10.777109,149,0.267253,2294.1821,0.096447,0
583,24.8747,6740.97,6397.4067,14132.81,-5.9267924592,0.167668,0.447135,29.8716,1.0948,0.5535,0.05826,0.648887,-2.859551,184,0.255058,2162.7099,0.097058,0
584,24.9173,6866.23,6394.7381,14214.84,-6.7839647742,0.219522,0.393935,22.676,1.1607,0.8458,0.067429,0.690851,-4.760398,155,0.271178,2394.9153,0.095349,0
585,24.96,6834.24,6565.6829,14460.94,-7.0543935149,0.078407,0.371489,18.5676,1.1215,0.7161,0.071676,0.672207,-3.773231,158,0.257748,2393.5222,0.094738,0
586,25.0027,6728.79,6429.2272,13921.88,-6.6770734896,0.204532,0.400784,22.8267,1.1206,0.7062,0.066182,0.671605,-4.22013,166,0.260225,2346.3369,0.094738,0
587,25.0453,6877.99,6470.7315,14378.91,-6.5239329845,0.211904,0.408358,22.7315,1.0899,0.5932,0.064826,0.669085,-3.686528,172,0.24828,2366.8078,0.096081,0
588,25.088,6982.13,6473.824,14507.81,-6.6537343004,0.20188,0.399278,21.845,1.107,0.6986,0.066454,0.687588,-4.139071,159,0.244996,2383.7854,0.099499,0
589,25.1307,7068.67,6454.9637,14507.81,-6.584607624,0.209957,0.405393,23.1336,1.0518,0.5748,0.065354,0.689317,-6.02649,152,0.249896,2317.6039,0.097058,0
590,25.1733,6898.8,6521.7235,14472.66,-7.0444229976,0.177155,0.3727,19.3275,1.11,0.6959,0.07144,0.686696,-4.552058,189,0.259786,2400.4672,0.09718,0
591,25.216,7161.69,6613.6093,14812.5,-7.0994057057,0.119855,0.370847,18.3263,1.0621,0.591,0.071801,0.698788,-2.641923,159,0.249537,2435.5464,0.109022,0
592,25.2587,6908.65,6445.1818,14343.75,-6.6269971056,0.220389,0.400069,22.6297,1.079,0.5902,0.066311,0.674046,-10.276261,145,0.251019,2464.1157,0.105482,0
593,25.3013,6924.87,6538.97,14566.41,-6.7832218694,0.216765,0.393639,20.4145,1.1279,0.7076,0.067484,0.688587,-4.670106,168,0.256642,2358.7448,0.089977,0
594,25.344,6761.38,6466.0554,14273.44,-6.302651135,0.160548,0.433967,25.6601,1.0729,0.4754,0.060424,0.64948,-3.352489,186,0.247037,2309.8782,0.089977,0
595,25.3867,6877.86,6433.0595,14226.56,-6.6027050263,0.143518,0.408511,23.2551,1.1482,0.8008,0.064799,0.693514,-3.010862,184,0.247753,2367.9042,0.100476,0
596,25.4293,6849.15,6434.1147,14308.59,-5.8788496726,0.188911,0.458263,30.1697,1.0709,0.4952,0.056481,0.641887,-0.00085,179,0.250442,2140.6503,0.094372,0
597,25.472,6751.24,6466.1686,14179.69,-6.5261260626,0.20123,0.40834,24.4013,1.1019,0.6187,0.06483,0.641339,-6.734909,147,0.254155,2389.5369,0.081187,0
598,25.5147,6573.95,6326.269,13886.72,-5.4848451419,0.188714,0.477833,37.9087,1.0612,0.3834,0.053454,0.58458,-1.722273,178,0.246946,2111.3463,0.082285,0
599,25.5573,6541.13,6290.6773,13746.09,-5.3239851609,0.18964,0.484388,42.0723,1.0711,0.3806,0.052468,0.56151,1.316127,164,0.267583,2054.6568,0.092907,0
600,25.6,6874.8,6501.2149,14144.53,-7.0064271572,0.18818,0.384171,20.2206,1.1614,0.8821,0.069246,0.703312,-7.163057,156,0.258641,2456.003,0.094738,0
601,25.6427,6833.16,6531.5136,14601.56,-6.9184816854,0.204232,0.386726,19.3742,1.1253,0.6716,0.068766,0.68739,-5.20392,153,0.245688,2323.8714,0.089,0
602,25.6853,6701.0,6347.524,13968.75,-5.9210981358,0.25221,0.445853,30.547,1.0819,0.5646,0.058468,0.616395,-8.311877,159,0.253053,2253.4504,0.095226,0
603,25.728,6632.92,6387.6068,13980.47,-6.1502003115,0.185925,0.427643,28.121,1.1404,0.7013,0.061486,0.640345,-5.685836,163,0.26747,2274.7697,0.099011,0
604,25.7707,6594.46,6378.1858,13769.53,-6.4633127551,0.158096,0.405783,25.3507,1.1325,0.749,0.065284,0.649317,-6.077103,157,0.26,2411.1869,0.097058,0
605,25.8133,6979.54,6512.6765,14261.72,-7.3270224295,0.181963,0.355951,16.253,1.164,0.9069,0.074768,0.712485,-4.628553,170,0.25334,2466.0867,0.098157,0
606,25.856,6917.18,6536.5142,14531.25,-6.4887109879,0.136458,0.418091,24.3853,1.0914,0.5982,0.063122,0.676501,-3.691994,151,0.238331,2389.7337,0.094982,0
607,25.8987,6921.02,6448.9255,14589.84,-5.7999574779,0.221442,0.469892,33.3126,1.0286,0.3304,0.054667,0.640471,-0.841474,165,0.234154,2277.2916,0.096081,0
608,25.9413,6630.86,6344.1713,13757.81,-6.2064774163,0.231625,0.436362,29.7317,1.1247,0.6629,0.060026,0.642397,-1.80314,149,0.237841,2244.7122,0.092419,0
609,25.984,6640.79,6390.1097,14109.38,-5.9450052409,0.129215,0.44764,30.4789,1.0959,0.5336,0.058179,0.632961,-2.301932,187,0.25388,2274.908,0.079355,0
610,26.0267,6367.1,6270.2967,13769.53,-5.7098194531,0.123579,0.466195,36.6682,1.1314,0.5561,0.055239,0.606597,-1.892819,151,0.255028,2140.6685,0.089122,0
611,26.0693,6957.14,6425.1969,14308.59,-6.3930872166,0.211751,0.41418,22.8521,1.0735,0.557,0.063802,0.679422,-3.228626,162,0.277295,2303.4765,0.098157,0
612,26.112,6755.15,6389.2846,14355.47,-5.7636797655,0.16696,0.453147,31.182,1.0844,0.4831,0.057294,0.627019,-6.511023,154,0.258979,2201.6259,0.091564,0
613,26.1547,6787.21,6485.5173,14437.5,-6.6887053925,0.11574,0.399549,21.9968,1.1372,0.6914,0.066405,0.674506,-6.742276,154,0.242838,2367.6082,0.089,0
614,26.1973,6921.66,6514.8183,14496.09,-6.9835951158,0.202157,0.373926,18.6264,1.1613,0.866,0.071202,0.689184,-1.919774,190,0.256466,2395.6721,0.091076,0
615,26.24,6740.28,6494.8475,14191.41,-7.1522054656,0.137427,0.363534,18.9955,1.153,0.8302,0.073243,0.673686,-5.074161,162,0.261499,2389.1345,0.091564,0
616,26.2827,6580.73,6448.2287,13886.72,-6.5060113208,0.148135,0.411564,24.5243,1.157,0.7676,0.06426,0.64383,-4.910315,164,0.252336,2305.7966,0.094616,0
617,26.3253,6822.77,6462.6308,14121.09,-6.8263256692,0.178059,0.390176,20.7019,1.1224,0.7387,0.068123,0.685392,-3.776117,152,0.244016,2382.1457,0.101087,0
618,26.368,6634.28,6467.1613,14179.69,-6.2440661058,0.220493,0.425759,26.2651,1.1103,0.6055,0.061806,0.638471,-2.182016,168,0.244033,2310.0004,0.095471,0
619,26.4107,6913.6,6489.76,14214.84,-6.4307001591,0.141055,0.425185,24.6112,1.0902,0.592,0.061904,0.684036,-2.528179,161,0.253742,2384.9564,0.093395,0
620,26.4533,6840.04,6501.5824,14261.72,-6.7756186783,0.283966,0.394374,21.7087,1.1356,0.7626,0.067349,0.659871,-3.365527,170,0.248898,2388.6123,0.093761,0
621,26.496,6777.34,6426.9066,14097.66,-6.6869986279,0.108694,0.40007,22.9455,1.1081,0.6847,0.066311,0.672121,-9.384103,141,0.24422,2306.0904,0.093273,0
622,26.5387,6739.91,6498.8433,14226.56,-6.6646393634,0.152128,0.399213,23.2374,1.1544,0.7342,0.066466,0.667156,-5.064132,169,0.242525,2444.3767,0.092296,0
623,26.5813,6656.66,6442.6663,14179.69,-5.6283145445,0.184273,0.469954,36.3611,1.0214,0.2644,0.054657,0.58467,-5.373268,159,0.26544,2174.3341,0.085826,0
624,26.624,6835.57,6530.698,14531.25,-6.3913208777,0.191162,0.414589,24.0239,1.117,0.6044,0.06373,0.659475,-3.308983,157,0.268141,2402.7909,0.08546,0
625,26.6667,6827.91,6486.416,14320.31,-6.3609586421,0.192361,0.422536,24.9714,1.0976,0.5663,0.062356,0.651464,-4.490644,176,0.249401,2342.362,0.09132,0
626,26.7093,6848.25,6423.6457,14132.81,-6.2625955141,0.122733,0.422707,25.3023,1.068,0.5401,0.062327,0.63645,-2.841895,170,0.264599,2304.0733,0.093639,0
627,26.752,7087.94,6549.3551,14625.0,-7.0029972583,0.165378,0.37681,17.9153,1.1026,0.7048,0.070646,0.704248,-5.914047,183,0.26536,2415.3452,0.098401,0
628,26.7947,6977.57,6627.1724,14753.91,-6.1430007064,0.169559,0.430896,26.3039,1.0411,0.3924,0.060938,0.635028,-5.610777,163,0.262695,2302.6097,0.10365,0
629,26.8373,6581.87,6348.2749,13816.41,-5.9446983096,0.211873,0.442928,30.5164,1.1303,0.6296,0.058945,0.623728,-6.14507,167,0.241313,2227.9824,0.093639,0
630,26.88,6673.12,6359.3719,13992.19,-5.9611751632,0.177747,0.448777,30.9882,1.1013,0.6029,0.057995,0.648001,-3.35214,167,0.256766,2187.8667,0.088512,0
631,26.9227,6753.01,6441.5074,14167.97,-6.6818081753,0.182623,0.401444,21.7138,1.1198,0.7053,0.066063,0.674205,-5.020088,156,0.256713,2346.5452,0.090831,0
632,26.9653,6857.32,6435.2671,14238.28,-6.6318764826,0.195332,0.40743,22.2793,1.1157,0.6946,0.064991,0.681901,-5.357559,166,0.244643,2216.4725,0.088023,0
633,27.008,6653.44,6359.8005,13734.38,-6.6272978085,0.148635,0.403068,24.6561,1.1554,0.8491,0.06577,0.664103,-3.915711,160,0.2481,2406.9072,0.091198,0
634,27.0507,7003.44,6490.3975,14449.22,-6.6575746398,0.156757,0.395031,21.47,1.0857,0.6687,0.067228,0.674962,-3.00036,179,0.259271,2432.7023,0.097668,0
635,27.0933,6621.57,6367.2213,13828.12,-6.3287963326,0.119178,0.415214,25.5276,1.1299,0.6792,0.063621,0.654147,-1.363581,170,0.250298,2271.4646,0.097546,0
636,27.136,6899.92,6396.2666,14144.53,-6.2397179553,0.214463,0.429757,24.9333,1.0804,0.5536,0.061129,0.664817,-5.403656,180,0.276514,2306.5781,0.091808,0
637,27.1787,6713.83,6439.9406,14214.84,-6.2110105348,0.213565,0.428338,28.2239,1.0944,0.5258,0.061369,0.643061,-7.634054,171,0.259286,2302.352,0.091564,0
638,27.2213,6768.22,6424.5238,14179.69,-6.6663132953,0.167143,0.405511,23.1703,1.1408,0.7517,0.065333,0.688609,-6.315463,151,0.248392,2388.2073,0.090343,0
639,27.264,6564.67,6292.892,13710.94,-5.9337413404,0.223212,0.453902,33.4264,1.1082,0.5813,0.057173,0.629683,-1.599411,158,0.246867,2118.9824,0.08314,0
640,27.3067,6862.17,6428.9308,14437.5,-5.4760177867,0.132332,0.487839,35.5043,1.0156,0.2727,0.051954,0.606915,-7.269895,155,0.252861,2145.0525,0.08839,0
641,27.3493,6892.63,6534.6883,14519.53,-6.3951768705,0.199039,0.412765,25.0261,1.0789,0.5617,0.064049,0.658107,-4.374957,158,0.256848,2288.9174,0.098523,0
642,27.392,6924.03,6504.1043,14425.78,-7.146501433,0.178421,0.373584,18.5147,1.1353,0.8254,0.071269,0.688933,-3.08174,188,0.258087,2427.1174,0.100842,0
643,27.4347,6877.32,6453.6624,14167.97,-6.9713180854,0.146585,0.377061,18.8998,1.1493,0.8356,0.070598,0.691681,-3.948942,159,0.25079,2367.5233,0.099499,0
644,27.4773,6899.31,6507.7698,14519.53,-7.1840231939,0.207585,0.360791,17.6989,1.14,0.8064,0.073791,0.703955,-4.351777,159,0.254723,2378.6066,0.093029,0
645,27.52,6721.53,6410.78,14027.34,-6.2368029427,0.17749,0.433749,27.5679,1.0807,0.5532,0.06046,0.655302,-2.515367,157,0.241089,2173.967,0.09486,0
646,27.5627,7017.59,6502.9498,14566.41,-6.4899146085,0.157615,0.410099,22.8241,1.0602,0.5732,0.064519,0.667521,-2.144162,159,0.256825,2343.9088,0.094494,0
647,27.6053,6481.67,6354.7721,13769.53,-6.9207461201,0.160614,0.382718,21.0393,1.2255,0.9634,0.06952,0.666526,-1.618439,169,0.271608,2359.0332,0.094738,0
648,27.648,6633.35,6405.1867,14039.06,-6.7139282309,0.249065,0.392222,21.3918,1.1596,0.7987,0.067745,0.677757,-3.653364,159,0.25315,2368.5199,0.095471,0
649,27.6907,6614.25,6243.3222,13769.53,-5.6180996037,0.254102,0.468348,37.0844,1.0852,0.4842,0.054905,0.622461,-2.307579,160,0.269817,2013.3896,0.088268,0
650,27.7333,6770.1,6479.0754,14132.81,-6.8009165317,0.118459,0.388944,20.8835,1.1669,0.8371,0.068352,0.67588,-4.1871,161,0.272597,2437.4725,0.090099,0
651,27.776,6924.63,6535.7737,14613.28,-6.3481227145,0.122029,0.425937,25.3991,1.0679,0.4896,0.061776,0.667086,-5.350864,154,0.251724,2349.2027,0.098401,0
652,27.8187,6837.19,6468.1543,14191.41,-6.8121144695,0.110839,0.394279,20.8509,1.1289,0.7469,0.067366,0.693521,-4.207116,164,0.247356,2270.2308,0.101941,0
653,27.8613,6854.08,6435.5043,14437.5,-6.6289062518,0.212645,0.401067,21.5844,1.1174,0.7005,0.06613,0.661668,-3.208863,173,0.260599,2246.3042,0.095471,0
654,27.904,6941.38,6398.4424,14191.41,-6.5576537893,0.205952,0.408781,23.4332,1.1,0.6832,0.064752,0.684916,-4.588644,169,0.249187,2385.1226,0.091442,0
655,27.9467,6461.12,6354.119,13687.5,-6.4076128617,0.218928,0.422712,26.3606,1.1554,0.7136,0.062326,0.645063,-3.746731,170,0.252094,2296.7176,0.089611,0
656,27.9893,6833.69,6466.4966,14109.38,-7.0799113488,0.189671,0.370712,18.7313,1.1605,0.8604,0.071827,0.688765,-3.620002,177,0.261039,2440.1954,0.092419,0
657,28.032,6703.21,6505.036,14378.91,-6.0729066307,0.194898,0.436415,29.0732,1.0885,0.4986,0.060017,0.622249,-1.669392,170,0.269905,2270.7172,0.094006,0
658,28.0747,6880.43,6422.5696,14261.72,-6.6882056339,0.124023,0.406083,22.612,1.1154,0.7,0.065231,0.68962,-0.35735,180,0.253998,2347.7183,0.094616,0
659,28.1173,6689.3,6446.3776,13792.97,-7.3043134715,0.121401,0.36171,17.4464,1.1958,0.9645,0.073607,0.689975,-3.913289,160,0.254871,2348.1352,0.092296,0
660,28.16,6716.07,6484.7393,14039.06,-6.3426632586,0.179563,0.425045,25.6878,1.1246,0.6578,0.061928,0.656306,-6.787245,146,0.244804,2364.6073,0.092419,0
661,28.2027,6553.21,6381.3959,13734.38,-6.8118765475,0.124443,0.390752,22.0149,1.1754,0.8593,0.068016,0.664471,-4.275228,158,0.254384,2198.5969,0.090221,0
662,28.2453,6752.28,6481.7277,14121.09,-6.8313678602,0.14899,0.390994,20.9872,1.1229,0.7258,0.067972,0.665319,-0.807464,180,0.254723,2387.1584,0.084605,0
663,28.288,6442.73,6409.9731,13687.5,-5.8119616632,0.243843,0.448054,36.4009,1.1365,0.6029,0.058112,0.583609,-0.743876,177,0.260667,2226.6946,0.082285,0
664,28.3307,6670.82,6477.0569,14109.38,-6.3940247495,0.166037,0.420979,25.3181,1.1494,0.7113,0.062623,0.6425,-1.847575,171,0.259841,2204.5988,0.085826,0
665,28.3733,6894.96,6456.7141,14191.41,-7.0253511278,0.201652,0.374996,19.5846,1.1499,0.8654,0.070995,0.685687,-2.731246,174,0.250024,2505.8905,0.092541,0
666,28.416,6769.23,6445.3266,14027.34,-7.1344821473,0.231843,0.37359,19.4413,1.2031,0.9873,0.071267,0.699871,-5.131785,147,0.252344,2344.8694,0.095715,0
667,28.4587,6921.52,6446.3067,14332.03,-7.0587899775,0.155011,0.377634,18.9113,1.1481,0.8252,0.070488,0.709371,-3.679251,141,0.240993,2324.7681,0.101819,0
668,28.5013,6875.12,6507.4051,14484.38,-6.7864869451,0.310504,0.392714,20.3571,1.1211,0.6921,0.067654,0.685042,-3.496834,150,0.241567,2411.6057,0.09425,0
669,28.544,6655.09,6397.0559,13839.84,-6.3812008671,0.119837,0.417111,24.837,1.1642,0.7935,0.063291,0.666772,-0.635799,168,0.253395,2228.3801,0.087413,0
670,28.5867,6629.12,6516.997,13980.47,-6.9321107406,0.20186,0.379404,20.115,1.1948,0.8845,0.07015,0.665457,-5.254927,165,0.247531,2435.3192,0.086803,0
671,28.6293,6635.72,6426.6476,13875.0,-6.3423705091,0.080169,0.41159,24.8098,1.1331,0.7055,0.064256,0.639884,-4.768315,150,0.260313,2280.4296,0.094982,0
672,28.672,6732.66,6415.3228,14132.81,-6.4949303362,0.105764,0.408668,23.2128,1.1163,0.6124,0.064772,0.656106,-1.46328,157,0.269348,2292.2915,0.095837,0
673,28.7147,6507.84,6390.2162,13816.41,-5.7827221709,0.131397,0.455699,32.3937,1.0986,0.5169,0.056887,0.588995,-6.453489,157,0.26115,2127.2267,0.082285,0
674,28.7573,6795.22,6436.6187,13992.19,-7.0177751118,0.2083,0.381542,19.881,1.1672,0.8596,0.069743,0.681239,-3.427884,173,0.259453,2231.3873,0.088634,0
675,28.8,6678.28,6334.8417,14039.06,-5.7725349328,0.247955,0.471203,35.3711,1.0747,0.4267,0.054465,0.626523,-1.127539,159,0.250751,2083.448,0.091442,0
676,28.8427,6707.92,6340.5158,14167.97,-5.5844979744,0.168997,0.485475,39.151,1.0536,0.3287,0.052306,0.620212,-0.449874,145,0.252812,2081.2418,0.086192,0
677,28.8853,6703.89,6365.1692,14097.66,-5.6992398435,0.124584,0.474619,34.9331,1.0697,0.4209,0.053942,0.629604,-0.993177,157,0.247922,2215.3789,0.09132,0
678,28.928,6642.03,6467.3531,14167.97,-6.2046279801,0.260005,0.431332,27.0184,1.1191,0.5913,0.060865,0.620267,-7.97701,148,0.259596,2118.1853,0.094982,0
679,28.9707,6823.99,6451.0359,14296.88,-6.5070228742,0.17275,0.415226,24.0521,1.1255,0.698,0.063619,0.666374,-2.953498,169,0.255094,2298.9337,0.09193,0
680,29.0133,6671.09,6346.9619,13992.19,-6.3096954331,0.329797,0.423056,27.9855,1.1182,0.6706,0.062267,0.654436,-2.248133,173,0.256505,2428.8547,0.089488,0
681,29.056,6799.45,6508.4417,14238.28,-6.4395040651,0.153632,0.420018,25.0433,1.103,0.6005,0.062789,0.663215,-1.386887,160,0.253267,2273.25,0.098645,0
682,29.0987,6925.63,6514.5999,14519.53,-6.755437378,0.115902,0.396871,20.4125,1.1063,0.683,0.066892,0.694522,-6.346538,161,0.243762,2373.5844,0.099377,0
683,29.1413,6868.95,6449.8851,14484.38,-5.9104728104,0.23123,0.452823,31.2492,1.0658,0.4197,0.057345,0.651427,-1.151231,162,0.247715,2090.5891,0.092663,0
684,29.184,6909.47,6404.8835,14308.59,-5.7169273248,0.162151,0.464647,35.1799,1.0542,0.4272,0.05548,0.6394,-0.142257,173,0.228236,2217.6179,0.097668,0
685,29.2267,6972.11,6551.3216,14671.88,-6.7213723473,0.183917,0.397916,21.4884,1.0852,0.5783,0.066701,0.68118,-5.097213,155,0.258657,2276.8637,0.103528,0
686,29.2693,6967.91,6415.7556,14085.94,-6.6957305576,0.245217,0.394919,21.6641,1.1424,0.8148,0.067249,0.681335,-3.082672,165,0.256357,2375.7045,0.097058,0
687,29.312,6782.0,6381.7159,14003.91,-6.2257925465,0.258988,0.432987,26.832,1.1068,0.6352,0.060588,0.641035,-3.946254,179,0.242516,2250.9911,0.094616,0
688,29.3547,6718.98,6446.6242,14003.91,-6.7983751324,0.301983,0.39506,21.933,1.1394,0.7537,0.067223,0.678958,-3.750891,157,0.240624,2253.3852,0.095959,0
689,29.3973,6575.91,6301.9667,13816.41,-5.8358902445,0.230295,0.454206,33.8612,1.1287,0.6134,0.057124,0.620659,-1.429933,157,0.258808,2153.1368,0.088023,0
690,29.44,6565.82,6428.9779,13910.16,-6.5505725995,0.111824,0.399784,22.889,1.1444,0.7176,0.066362,0.645125,-5.958784,161,0.264942,2258.1499,0.079844,0
691,29.4827,6645.0,6391.4938,13992.19,-5.7910173651,0.213509,0.458862,33.343,1.0841,0.495,0.056386,0.626687,-4.271542,152,0.262179,2139.3901,0.089855,0
692,29.5253,6960.96,6523.7223,14507.81,-6.7038785057,0.240301,0.391196,22.7949,1.0925,0.663,0.067934,0.675539,-4.028511,177,0.25798,2418.3624,0.097912,0
693,29.568,6440.9,6408.9507,13816.41,-6.1682672677,0.150974,0.434266,28.7987,1.1288,0.594,0.060374,0.607594,-9.150852,159,0.266772,2137.6421,0.090221,0
694,29.6107,6697.31,6397.265,13945.31,-6.9692335356,0.187969,0.37719,19.3863,1.1834,0.8893,0.070573,0.68749,-3.339347,162,0.24957,2279.2946,0.100232,0
695,29.6533,7002.17,6439.058,14496.09,-6.4952942958,0.16041,0.41089,22.3598,1.0715,0.5737,0.064379,0.693484,-4.380719,151,0.242136,2400.0613,0.102429,0
696,29.696,6730.29,6424.5705,14191.41,-6.266989725,0.191398,0.425262,27.2288,1.1076,0.6018,0.061891,0.658139,-2.944309,176,0.247177,2277.7367,0.092907,0
697,29.7387,6882.82,6548.4004,14472.66,-6.9988075862,0.193631,0.373545,20.6351,1.1165,0.7449,0.071276,0.680444,-2.017495,162,0.243489,2429.5787,0.098523,0
698,29.7813,6689.85,6473.2696,14015.62,-7.0598283013,0.174711,0.376142,19.9277,1.1796,0.8886,0.070775,0.678119,-4.756022,168,0.241736,2440.1839,0.094616,0
699,29.824,6504.24,6353.4744,13851.56,-5.3637539705,0.11159,0.492497,44.9862,1.0358,0.2714,0.051266,0.532857,0.893547,147,0.258284,2033.8511,0.08253,0
700,29.8667,6621.6,6458.8166,13839.84,-6.5761976706,0.087749,0.401942,23.5217,1.1299,0.7297,0.065973,0.644787,-0.710088,174,0.268521,2352.3467,0.084971,0
701,29.9093,6798.42,6508.6071,14414.06,-6.1878559205,0.144085,0.430627,25.818,1.0679,0.4752,0.060983,0.635568,-3.185201,158,0.2487,2251.1875,0.086558,0
702,29.952,6810.16,6384.3828,14109.38,-5.678881826,0.13332,0.467759,31.4223,1.0671,0.484,0.054996,0.628347,-0.816241,152,0.248964,2255.7439,0.08546,0
703,29.9947,6713.31,6415.8949,14203.12,-5.9402530218,0.180455,0.450254,29.7895,1.082,0.4958,0.057757,0.651316,-2.594789,165,0.253849,2201.4013,0.091564,0
704,30.0373,6758.96,6401.984,14109.38,-6.0357233163,0.169687,0.450079,29.0957,1.0909,0.5328,0.057785,0.650963,-6.03943,164,0.246377,2252.396,0.095226,0
705,30.08,6920.19,6538.7516,14390.62,-6.8339507148,0.200686,0.391449,19.4963,1.0915,0.6449,0.067887,0.675733,-6.11765,173,0.257718,2347.5775,0.09425,0
706,30.1227,6775.97,6487.5701,14308.59,-6.5842873926,0.107681,0.402242,22.9459,1.1153,0.6741,0.065919,0.654381,-3.28437,157,0.244409,2298.9607,0.090587,0
707,30.1653,6796.85,6393.3373,14226.56,-6.2296805656,0.174685,0.437898,27.8,1.1136,0.5804,0.059771,0.661218,-1.659049,148,0.259604,2184.1401,0.094006,0
708,30.208,7167.25,6549.6984,14660.16,-6.6108798846,0.118177,0.405944,21.2489,1.061,0.5364,0.065256,0.690795,-2.53232,161,0.251697,2359.8673,0.103895,0
709,30.2507,6995.77,6457.0625,14355.47,-6.4790223142,0.180486,0.411062,22.186,1.0713,0.6159,0.064349,0.673645,-3.021951,152,0.257204,2316.6326,0.106458,0
710,30.2933,6900.91,6498.1165,14367.19,-6.6976967506,0.213726,0.396129,21.2011,1.1357,0.7371,0.067027,0.686273,-4.583883,142,0.252574,2354.2397,0.096203,0
711,30.336,6686.58,6416.689,13921.88,-6.4930732753,0.197696,0.414437,25.0853,1.1347,0.69,0.063757,0.663591,-2.757213,148,0.244751,2315.6577,0.088756,0
712,30.3787,6948.04,6438.2589,14167.97,-6.759486041,0.137145,0.396741,21.772,1.0948,0.6672,0.066915,0.694946,-3.851855,165,0.240504,2327.9666,0.095837,0
713,30.4213,6810.96,6463.6682,14062.5,-6.9522591443,0.201376,0.373296,19.101,1.1571,0.8452,0.071324,0.686639,-4.683407,174,0.259485,2554.7264,0.098279,0
714,30.464,6799.98,6392.336,14085.94,-5.9015982144,0.09143,0.459504,31.6292,1.0758,0.4924,0.056285,0.643092,-1.309268,163,0.281411,2118.2914,0.09779,0
715,30.5067,6598.11,6392.9014,14027.34,-6.2511310825,0.111308,0.42384,27.0449,1.1252,0.6207,0.062133,0.638628,-3.555408,168,0.26504,2424.5226,0.096325,0
716,30.5493,6867.18,6479.0205,14296.88,-5.9872150927,0.234879,0.445556,28.8135,1.0459,0.4474,0.058516,0.624775,-2.875006,177,0.264394,2284.0132,0.087901,0
717,30.592,6778.37,6430.8337,14214.84,-5.7929558882,0.089084,0.469164,35.2168,1.0687,0.4349,0.054779,0.632698,-4.994772,141,0.252124,2143.5204,0.089611,0
718,30.6347,6861.53,6444.4212,14191.41,-6.3284115234,0.184415,0.426518,26.2171,1.0866,0.5684,0.061677,0.661148,-2.305253,170,0.233801,2329.3228,0.092541,0
719,30.6773,6918.32,6501.4213,14601.56,-6.3559930108,0.276542,0.425779,23.9464,1.048,0.4511,0.061803,0.66583,-5.117485,152,0.244639,2268.6357,0.094738,0
720,30.72,6611.54,6349.4003,13804.69,-6.2288809436,0.148183,0.42737,28.3973,1.1121,0.6438,0.061533,0.627677,-4.517206,166,0.258819,2381.1163,0.090587,0
721,30.7627,6826.78,6439.3515,14167.97,-6.2947006548,0.270838,0.430126,26.2608,1.0899,0.5699,0.061067,0.653305,-4.853359,158,0.249826,2220.9015,0.090709,0
722,30.8053,6849.4,6474.9869,14250.0,-6.4910823412,0.193094,0.411741,24.027,1.098,0.6111,0.064229,0.670117,-3.309412,171,0.249654,2327.691,0.098889,0
723,30.848,6834.42,6445.9353,14320.31,-6.6692460019,0.313513,0.399187,21.4843,1.1234,0.7026,0.066471,0.660702,-6.656559,162,0.253631,2325.7478,0.092296,0
724,30.8907,6779.36,6346.237,14027.34,-5.9889239425,0.245611,0.448689,29.3384,1.0959,0.5702,0.058009,0.644954,-1.123963,156,0.249366,2218.9058,0.086681,0
725,30.9333,6847.95,6474.7278,14472.66,-5.5907328746,0.124872,0.472294,35.4011,1.0348,0.3228,0.054298,0.626428,-1.03193,154,0.262947,2160.7914,0.090343,0
726,30.976,6886.03,6400.2905,14449.22,-6.4263142435,0.188409,0.419832,24.7326,1.1117,0.6887,0.062821,0.675191,-3.373099,151,0.266011,2400.4941,0.099377,0
727,31.0187,7152.3,6548.4746,14695.31,-6.8379938189,0.278899,0.38951,19.8302,1.0931,0.6826,0.068247,0.694581,-3.661203,154,0.236288,2470.2379,0.10658,0
728,31.0613,6883.32,6455.435,14402.34,-6.1532393874,0.188304,0.439638,27.8264,1.079,0.5265,0.059484,0.65836,-2.289874,159,0.246741,2207.3818,0.094494,0
729,31.104,6639.3,6343.2199,13968.75,-5.7850902263,0.239288,0.458721,33.8846,1.0839,0.4977,0.056409,0.612166,-3.004316,159,0.245801,2161.2504,0.079111,0
730,31.1467,6789.64,6536.9377,14460.94,-6.3826182907,0.212975,0.418806,25.1128,1.0908,0.5243,0.062998,0.642983,-0.478901,167,0.247774,2286.4967,0.085704,0
731,31.1893,6860.19,6561.988,14261.72,-6.4829650924,0.136231,0.409607,24.4809,1.0636,0.5084,0.064605,0.645294,-6.763168,151,0.245436,2197.2872,0.097424,0
732,31.232,6977.78,6533.6295,14425.78,-6.7278728795,0.132068,0.403192,21.5129,1.0958,0.6451,0.065748,0.68853,-5.085161,157,0.25702,2261.4554,0.099988,0
733,31.2747,6662.57,6428.3374,13980.47,-6.336740819,0.22656,0.421661,25.6041,1.1281,0.6564,0.062506,0.658546,-5.863495,179,0.253035,2215.9224,0.096691,0
734,31.3173,6649.53,6414.9701,13792.97,-6.9896807644,0.244003,0.37593,20.1016,1.163,0.873,0.070816,0.672878,-5.429083,165,0.247909,2331.0513,0.091686,0
735,31.36,6826.75,6384.3441,14238.28,-5.9926040078,0.14601,0.452561,29.5416,1.0639,0.4672,0.057387,0.659268,-0.623083,181,0.254764,2319.595,0.087291,0
736,31.4027,6621.96,6482.94,14273.44,-6.7086994484,0.222215,0.390984,21.525,1.1658,0.7799,0.067974,0.665066,-6.766763,178,0.258396,2362.9319,0.083628,0
737,31.4453,6519.37,6340.2413,13734.38,-6.4667286978,0.197484,0.413835,25.2334,1.1709,0.8021,0.063862,0.651773,-3.948631,157,0.243122,2285.2958,0.081553,0
738,31.488,6567.48,6475.89,13957.03,-6.2535459154,0.172023,0.421481,26.7496,1.1127,0.5768,0.062537,0.622035,-6.365966,147,0.249698,2109.5777,0.07789,0
739,31.5307,6521.81,6467.5675,14121.09,-5.946037004,0.186851,0.44086,30.1975,1.1134,0.4974,0.059283,0.603579,-0.653843,171,0.2572,2179.2559,0.072152,0
740,31.5733,6724.2,6494.4828,14109.38,-6.188604466,0.182967,0.424005,26.7512,1.0848,0.5196,0.062105,0.647968,-4.440289,176,0.258129,2223.2629,0.08314,0
741,31.616,6876.54,6523.7631,14355.47,-6.6178427156,0.200948,0.399276,22.0944,1.1061,0.6502,0.066455,0.661939,-3.158314,169,0.249999,2256.0033,0.096203,0
742,31.6587,6825.26,6410.5606,14308.59,-5.8005078639,0.14419,0.461597,32.0403,1.0636,0.4497,0.055956,0.635333,-1.970686,149,0.254303,2045.3414,0.098157,0
743,31.7013,7129.59,6474.9018,14589.84,-6.1482018487,0.055391,0.428395,26.8847,1.0413,0.5106,0.061359,0.679339,-3.066122,158,0.257324,2358.7105,0.100598,0
744,31.744,6754.85,6458.065,14179.69,-6.4081923826,0.13821,0.423149,25.8109,1.1171,0.6403,0.062251,0.65052,-7.688556,157,0.25631,2296.0976,0.096569,0
745,31.7867,6914.67,6578.7412,14613.28,-6.1475163032,0.168248,0.435058,26.1379,1.0785,0.5044,0.060242,0.649813,-0.907376,164,0.244599,2213.9304,0.097058,0
746,31.8293,6703.07,6507.4603,14203.12,-6.2985177066,0.155913,0.420343,25.3622,1.0865,0.5361,0.062733,0.649696,-3.430608,152,0.251764,2209.0519,0.09486,0
747,31.872,6834.79,6596.6789,14648.44,-6.7699502971,0.262125,0.381971,20.0105,1.1226,0.6462,0.069662,0.673458,-4.649314,165,0.253348,2488.4301,0.093151,0
748,31.9147,6940.77,6529.7102,14531.25,-6.7909276171,0.189365,0.384766,19.8074,1.1052,0.7057,0.069134,0.68473,-5.011336,175,0.244034,2429.0977,0.094006,0
749,31.9573,6577.4,6411.4523,13816.41,-6.43036261,0.222466,0.405791,24.0387,1.1453,0.7394,0.065283,0.653257,-8.147333,164,0.255328,2329.2581,0.092663,0
750,32.0,6816.25,6589.191,14472.66,-6.9892207031,0.200081,0.380322,19.3074,1.1498,0.7373,0.069975,0.688849,-1.098047,165,0.252848,2347.3937,0.097058,0
751,32.0427,6825.2,6425.0834,14109.38,-6.7892314905,0.122041,0.395748,21.9411,1.1227,0.7713,0.067097,0.682929,-7.861938,159,0.23996,2255.6521,0.097424,0
752,32.0853,6938.06,6544.2063,14496.09,-6.9692465352,0.098785,0.380895,19.2732,1.0945,0.67,0.069866,0.680732,-4.563989,160,0.251838,2397.2156,0.097424,0
753,32.128,6904.64,6439.2,14203.12,-6.7434991506,0.170071,0.387299,20.9554,1.1074,0.6987,0.068659,0.689541,-4.93751,159,0.253225,2447.5904,0.092419,0
754,32.1707,6699.45,6382.9651,14027.34,-6.5749638608,0.208489,0.413958,22.8381,1.1415,0.7109,0.063841,0.685065,-3.773327,160,0.24346,2319.7761,0.088512,0
755,32.2133,6817.91,6437.8531,14062.5,-6.5443244906,0.139377,0.404464,23.1361,1.091,0.6413,0.06552,0.657771,-3.204759,170,0.252148,2359.149,0.090465,0
756,32.256,6830.36,6486.5181,14484.38,-6.4485906748,0.257845,0.411665,23.8618,1.0813,0.5515,0.064243,0.649756,-2.630906,168,0.262278,2328.9852,0.095104,0
757,32.2987,6710.47,6404.8019,14097.66,-6.256661663,0.140472,0.425382,26.266,1.0978,0.5969,0.06187,0.650448,-7.211904,173,0.275865,2337.3697,0.094494,0
758,32.3413,6920.01,6407.3617,14273.44,-6.2560245992,0.2629,0.428006,27.5475,1.0934,0.6285,0.061425,0.661499,-2.050869,149,0.254529,2259.9275,0.095593,0
759,32.384,6741.27,6431.2762,14109.38,-6.428439272,0.235147,0.411496,22.8936,1.1234,0.6937,0.064272,0.655568,-3.612536,142,0.25811,2314.9623,0.09193,0
760,32.4267,6474.67,6478.4137,14015.62,-6.702832879,0.150434,0.395537,21.8436,1.1811,0.7487,0.067135,0.653723,-1.489766,161,0.249876,2297.0595,0.084239,0
761,32.4693,6789.12,6453.459,14167.97,-6.8723208169,0.150744,0.390604,20.5585,1.1469,0.7702,0.068044,0.677171,-3.321526,165,0.252322,2320.8157,0.093884,0
762,32.512,6563.05,6302.224,13769.53,-6.0753900257,0.216974,0.435347,30.186,1.1337,0.6777,0.060194,0.64163,-3.939506,170,0.265439,2250.6433,0.090831,0
763,32.5547,6898.59,6525.1971,14179.69,-6.9558235768,0.092543,0.378417,18.1699,1.1219,0.7233,0.070338,0.680097,-3.908204,165,0.272129,2390.4699,0.088268,0
764,32.5973,6912.46,6439.7277,14179.69,-6.6407759556,0.176773,0.395904,22.0298,1.1097,0.7447,0.067068,0.682415,-5.117845,174,0.2574,2364.0781,0.10072,0
765,32.64,6984.35,6453.1918,14449.22,-6.8138296862,0.131559,0.388431,20.3849,1.1211,0.7566,0.068448,0.704468,-4.785408,138,0.251623,2407.6376,0.104017,0
766,32.6827,6851.28,6490.8483,14460.94,-6.8065563379,0.227825,0.39294,20.464,1.1264,0.6953,0.067612,0.686057,-4.265086,172,0.24365,2352.0526,0.096081,0
767,32.7253,6995.49,6447.0072,14390.62,-6.0799233472,0.160039,0.437717,26.7475,1.1178,0.6479,0.059801,0.669546,-4.218225,154,0.261241,2142.8595,0.090953,0
768,32.768,6821.31,6378.186,14320.31,-5.8489972181,0.170048,0.466994,32.4808,1.0767,0.4798,0.055115,0.644403,-4.950349,175,0.258776,2098.7417,0.094128,0
769,32.8107,6484.19,6417.0913,13687.5,-6.7907002342,0.238124,0.383704,22.0023,1.1917,0.8807,0.069334,0.655412,-4.122994,185,0.265874,2313.2193,0.094616,0
770,32.8533,6668.52,6337.398,13816.41,-6.6599328914,0.188756,0.402039,23.3439,1.1656,0.8558,0.065955,0.68141,-4.716423,170,0.259277,2364.7727,0.091076,0
771,32.896,6662.97,6364.1659,14109.38,-5.4909548564,0.170909,0.476426,37.5791,1.0657,0.3864,0.053667,0.610077,0.146316,162,0.260624,1935.8298,0.087291,0
772,32.9387,6762.14,6408.7762,14320.31,-6.1524155881,0.249907,0.439387,27.6226,1.0624,0.472,0.059525,0.635105,0.701142,150,0.254028,2170.4286,0.090465,0
773,32.9813,6838.32,6460.8645,14273.44,-6.9191561619,0.179736,0.389397,21.1418,1.1283,0.7304,0.068268,0.684941,-4.208018,160,0.252024,2495.8921,0.094006,0
774,33.024,6495.86,6328.0629,13699.22,-6.247225203,0.177481,0.43483,28.3075,1.1537,0.7295,0.06028,0.654867,-1.841996,172,0.256263,2179.4709,0.097424,0
775,33.0667,7040.39,6519.5284,14496.09,-7.0166072967,0.106439,0.371903,18.953,1.1358,0.8238,0.071595,0.699897,-2.176094,170,0.256935,2425.5103,0.098523,0
776,33.1093,6653.73,6349.6874,13640.62,-6.9501550306,0.277367,0.377518,20.3793,1.2076,1.0185,0.07051,0.672804,-5.677886,162,0.270097,2433.1642,0.089366,0
777,33.152,6873.48,6470.8111,14554.69,-6.3016133168,0.305833,0.423916,24.7389,1.0541,0.4434,0.06212,0.659904,-4.312695,173,0.248529,2328.3015,0.087535,0
778,33.1947,6792.24,6422.2231,14226.56,-6.7293611721,0.235344,0.39952,20.7974,1.1194,0.7106,0.06641,0.674877,-4.406837,142,0.25233,2417.4684,0.092541,0
779,33.2373,6776.92,6510.4561,14179.69,-7.0750409039,0.18044,0.373836,18.9746,1.1487,0.812,0.07122,0.68415,-6.335268,112,0.246902,2274.3697,0.098401,0
780,33.28,6686.84,6365.1004,13769.53,-6.2061397669,0.21474,0.428932,27.5389,1.1229,0.6588,0.061269,0.660549,-3.444022,149,0.255191,2344.6804,0.100842,0
781,33.3227,6899.36,6527.499,14648.44,-6.789083804,0.230388,0.396584,20.961,1.122,0.6535,0.066944,0.689564,-7.444081,140,0.263304,2236.3905,0.099499,0
782,33.3653,6933.65,6460.1579,14589.84,-6.4789074012,0.197412,0.415686,22.1466,1.0756,0.5381,0.063539,0.678581,-7.138159,144,0.244336,2303.2721,0.097058,0
783,33.408,6821.26,6450.7194,14226.56,-7.0305121257,0.152669,0.37705,19.1612,1.1865,0.8908,0.0706,0.699122,-1.487652,161,0.257461,2455.0484,0.097912,0
784,33.4507,6808.39,6538.9316,14332.03,-7.1374682468,0.179199,0.371021,18.9022,1.1551,0.8092,0.071767,0.696725,-6.006687,168,0.254208,2444.6707,0.091198,0
785,33.4933,6667.08,6380.092,14156.25,-5.1423020755,0.265789,0.502194,43.6846,1.0283,0.2088,0.049855,0.5453,0.520249,155,0.267562,2071.5288,0.086192,0
786,33.536,6487.22,6299.4676,14003.91,-5.4024395764,0.152301,0.501114,45.5259,1.0748,0.3493,0.050011,0.569033,-0.147397,173,0.260211,2126.753,0.08375,0
787,33.5787,6599.91,6449.5709,13980.47,-6.5093107038,0.148508,0.409928,23.1182,1.1169,0.6053,0.064549,0.651414,-7.495011,159,0.255153,2202.7457,0.086803,0
788,33.6213,6895.34,6440.6534,14460.94,-6.0558662461,0.201705,0.44913,28.6425,1.0813,0.5327,0.057938,0.663616,-1.916211,139,0.247941,2197.5274,0.091442,0
789,33.664,6731.84,6495.172,14191.41,-6.8706525578,0.175545,0.38652,21.0737,1.1338,0.7591,0.068805,0.660251,-5.751839,148,0.259316,2413.13,0.092663,0
790,33.7067,6871.07,6478.771,14566.41,-6.1375287778,0.137395,0.43391,26.5571,1.0395,0.3943,0.060433,0.638171,-4.359596,146,0.255843,2164.3902,0.09779,0
791,33.7493,6922.41,6374.7422,14226.56,-5.6023874258,0.2351,0.469931,32.9051,1.0075,0.332,0.054661,0.637782,-1.984217,164,0.23979,2132.6972,0.092785,0
792,33.792,6663.95,6394.7472,14085.94,-5.8610331319,0.252469,0.45045,31.2442,1.0663,0.4413,0.057726,0.605232,-7.366513,160,0.250745,2179.8814,0.092907,0
793,33.8347,6904.4,6388.2607,14507.81,-5.4783590501,0.188349,0.484493,34.4611,1.0108,0.2673,0.052452,0.62951,-1.392579,141,0.258348,2189.662,0.095959,0
794,33.8773,6727.37,6448.6101,14027.34,-6.5084903813,0.134711,0.410705,24.8884,1.1115,0.6524,0.064412,0.645443,-5.649134,131,0.256164,2483.0514,0.092907,0
795,33.92,6694.6,6299.0434,13851.56,-5.782605641,0.160541,0.46039,33.4984,1.0655,0.49,0.056146,0.621464,-1.42613,165,0.231439,2145.6779,0.093151,0
796,33.9627,6627.42,6370.7518,13992.19,-6.1659157605,0.138642,0.42961,27.3449,1.1252,0.6297,0.061154,0.640503,-1.918051,166,0.255011,2146.1543,0.091808,0
797,34.0053,6833.6,6404.4817,14214.84,-6.0594098679,0.162114,0.440571,29.2433,1.1083,0.5911,0.059331,0.65206,-1.054581,154,0.253457,2205.1971,0.089244,0
798,34.048,6802.11,6488.3187,14496.09,-6.2455297406,0.240636,0.426764,25.6736,1.0769,0.5152,0.061635,0.6445,-2.346415,167,0.25879,2348.1083,0.093273,0
799,34.0907,6813.84,6546.8233,14378.91,-6.7525453316,0.120579,0.398898,20.9119,1.1193,0.7037,0.066523,0.660933,-3.489166,167,0.236926,2240.1982,0.092541,0
800,34.1333,6852.91,6461.735,14062.5,-7.1222129696,0.332266,0.369563,18.1743,1.1417,0.8133,0.072052,0.695076,-6.782998,162,0.246347,2356.8304,0.094982,0
801,34.176,7019.94,6499.4916,14414.06,-7.3087992739,0.244092,0.361587,16.5762,1.1558,0.8936,0.073631,0.720189,-4.668998,170,0.245536,2381.504,0.104871,0
802,34.2187,6910.72,6496.4781,14308.59,-6.6945439546,0.17248,0.393304,20.8961,1.0778,0.6024,0.067545,0.674201,-5.28718,142,0.254178,2448.9699,0.10597,0
803,34.2613,6837.64,6510.7658,14367.19,-6.6841661042,0.101942,0.3971,21.2508,1.1079,0.6564,0.06685,0.68031,-3.69721,160,0.254126,2440.7722,0.096081,0
804,34.304,6791.87,6463.9339,14203.12,-6.7267717918,0.265616,0.400532,20.5358,1.1136,0.6392,0.066227,0.679085,-4.379833,161,0.25928,2325.1657,0.089733,0
805,34.3467,6315.41,6348.9815,13582.03,-5.9537399428,0.186096,0.434163,32.5543,1.1748,0.7037,0.060391,0.595056,-2.738027,172,0.262921,2274.8548,0.080576,0
806,34.3893,6601.17,6406.971,13921.88,-6.3644877446,0.320182,0.407928,24.2964,1.1435,0.7458,0.064903,0.624199,-7.253439,173,0.272585,2318.6475,0.081919,0
807,34.432,6652.03,6417.7905,13968.75,-6.2266960532,0.270167,0.424175,27.6059,1.1163,0.674,0.062076,0.623768,-6.472113,163,0.259484,2214.2691,0.089488,0
808,34.4747,6891.16,6554.5254,14554.69,-6.7154030292,0.195753,0.391151,20.1597,1.1182,0.6704,0.067943,0.677671,-3.34398,181,0.267897,2382.0074,0.083506,0
809,34.5173,6678.61,6460.1785,13898.44,-6.4820055496,0.15596,0.408064,24.0869,1.1593,0.8018,0.064879,0.6452,-6.320221,156,0.258661,2339.7236,0.08546,0
810,34.56,6524.95,6437.1106,13980.47,-6.4296845644,0.312323,0.410746,24.9834,1.1642,0.7401,0.064404,0.643131,-7.975248,149,0.260491,2288.2707,0.092663,0
811,34.6027,6628.7,6430.2802,13769.53,-7.3144055885,0.159019,0.359328,16.8099,1.2275,1.0718,0.074085,0.700032,-6.943041,141,0.265647,2425.0609,0.093273,0
812,34.6453,6653.34,6392.0749,14109.38,-5.5097635457,0.301066,0.470168,37.2907,1.045,0.3357,0.054624,0.583399,-1.825805,180,0.260013,2144.2257,0.089244,0
813,34.688,6772.94,6519.3658,14332.03,-6.4988699,0.216849,0.412297,23.6739,1.0945,0.6032,0.064132,0.643574,-2.0731,156,0.260047,2251.9775,0.086681,0
814,34.7307,6582.31,6442.1582,14003.91,-5.9161852614,0.167051,0.446159,30.2987,1.0813,0.4368,0.058418,0.610334,-1.590611,160,0.250549,2215.4399,0.086681,0
815,34.7733,6824.99,6506.1145,14472.66,-6.9522404109,0.211488,0.377814,20.5102,1.1362,0.7247,0.070454,0.676297,-6.783957,168,0.271449,2447.5395,0.090221,0
816,34.816,6722.8,6410.8805,14085.94,-6.26603784,0.141961,0.425075,26.7312,1.0884,0.5459,0.061922,0.659049,-3.935528,181,0.252829,2308.677,0.090587,0
817,34.8587,6645.4,6391.9047,14015.62,-6.2914529099,0.106866,0.417986,26.2659,1.1309,0.6935,0.06314,0.638827,-0.009516,172,0.251994,2385.4811,0.087779,0
818,34.9013,6723.38,6427.1757,14074.22,-6.03993739,0.160626,0.440799,29.8445,1.0957,0.5467,0.059293,0.615891,-2.307441,166,0.255198,2102.2829,0.08375,0
819,34.944,6596.25,6302.4491,13933.59,-5.9070129793,0.140578,0.454887,32.5494,1.0949,0.5182,0.057016,0.633695,-0.3294,171,0.242099,2153.2881,0.090831,0
820,34.9867,6789.6,6473.2547,14109.38,-6.6330177301,0.120604,0.398449,21.7442,1.1295,0.7177,0.066604,0.660206,-2.896519,171,0.2507,2383.5615,0.101819,0
821,35.0293,6832.92,6522.0135,14308.59,-6.6284536081,0.239692,0.404616,23.6892,1.1061,0.6475,0.065493,0.661159,-6.242961,161,0.248374,2322.2137,0.093029,0
822,35.072,6856.13,6359.647,14167.97,-5.5064222683,0.241211,0.488007,36.5614,1.0162,0.314,0.051929,0.594706,-1.94123,145,0.240511,2113.8629,0.096203,0
823,35.1147,6956.33,6514.5663,14519.53,-6.8002863695,0.175299,0.393556,20.7221,1.1302,0.7251,0.067499,0.699803,-4.550531,172,0.255427,2360.3397,0.100842,0
