frame,time,centroid,spread,rolloff,slope,obsir_std,flatness,crest,skewness,kurtosis,tonality,entropy,tpr,n_peaks,flux,irregularity,zcr,gated
0,0.0,0.0,0.0,0.0,0.0,0.0,0.0,0.0,0.0,0.0,0.0,0.0,0.0,0,0.0,0.0,0.0,1
1,0.0427,0.0,0.0,0.0,0.0,0.0,0.0,0.0,0.0,0.0,0.0,0.0,0.0,0,0.0,0.0,0.0,1
2,0.0853,0.0,0.0,0.0,0.0,0.0,0.0,0.0,0.0,0.0,0.0,0.0,0.0,0,0.0,0.0,0.0,1
3,0.128,0.0,0.0,0.0,0.0,0.0,0.0,0.0,0.0,0.0,0.0,0.0,0.0,0,0.0,0.0,0.0,1
4,0.1707,0.0,0.0,0.0,0.0,0.0,0.0,0.0,0.0,0.0,0.0,0.0,0.0,0,0.0,0.0,0.0,1
5,0.2133,0.0,0.0,0.0,0.0,0.0,0.0,0.0,0.0,0.0,0.0,0.0,0.0,0,0.0,0.0,0.0,1
6,0.256,0.0,0.0,0.0,0.0,0.0,0.0,0.0,0.0,0.0,0.0,0.0,0.0,0,0.0,0.0,0.0,1
7,0.2987,0.0,0.0,0.0,0.0,0.0,0.0,0.0,0.0,0.0,0.0,0.0,0.0,0,0.0,0.0,0.0,1
8,0.3413,0.0,0.0,0.0,0.0,0.0,0.0,0.0,0.0,0.0,0.0,0.0,0.0,0,0.0,0.0,0.0,1
9,0.384,0.0,0.0,0.0,0.0,0.0,0.0,0.0,0.0,0.0,0.0,0.0,0.0,0,0.0,0.0,0.0,1
10,0.4267,0.0,0.0,0.0,0.0,0.0,0.0,0.0,0.0,0.0,0.0,0.0,0.0,0,0.0,0.0,0.0,1
11,0.4693,0.0,0.0,0.0,0.0,0.0,0.0,0.0,0.0,0.0,0.0,0.0,0.0,0,0.0,0.0,0.0,1
12,0.512,0.0,0.0,0.0,0.0,0.0,0.0,0.0,0.0,0.0,0.0,0.0,0.0,0,0.0,0.0,0.0,1
13,0.5547,0.0,0.0,0.0,0.0,0.0,0.0,0.0,0.0,0.0,0.0,0.0,0.0,0,0.0,0.0,0.0,1
14,0.5973,0.0,0.0,0.0,0.0,0.0,0.0,0.0,0.0,0.0,0.0,0.0,0.0,0,0.0,0.0,0.0,1
15,0.64,0.0,0.0,0.0,0.0,0.0,0.0,0.0,0.0,0.0,0.0,0.0,0.0,0,0.0,0.0,0.0,1
16,0.6827,0.0,0.0,0.0,0.0,0.0,0.0,0.0,0.0,0.0,0.0,0.0,0.0,0,0.0,0.0,0.0,1
17,0.7253,0.0,0.0,0.0,0.0,0.0,0.0,0.0,0.0,0.0,0.0,0.0,0.0,0,0.0,0.0,0.0,1
18,0.768,0.0,0.0,0.0,0.0,0.0,0.0,0.0,0.0,0.0,0.0,0.0,0.0,0,0.0,0.0,0.0,1
19,0.8107,0.0,0.0,0.0,0.0,0.0,0.0,0.0,0.0,0.0,0.0,0.0,0.0,0,0.0,0.0,0.0,1
20,0.8533,0.0,0.0,0.0,0.0,0.0,0.0,0.0,0.0,0.0,0.0,0.0,0.0,0,0.0,0.0,0.0,1
21,0.896,0.0,0.0,0.0,0.0,0.0,0.0,0.0,0.0,0.0,0.0,0.0,0.0,0,0.0,0.0,0.0,1
22,0.9387,0.0,0.0,0.0,0.0,0.0,0.0,0.0,0.0,0.0,0.0,0.0,0.0,0,0.0,0.0,0.0,1
23,0.9813,0.0,0.0,0.0,0.0,0.0,0.0,0.0,0.0,0.0,0.0,0.0,0.0,0,0.0,0.0,0.0,1
24,1.024,0.0,0.0,0.0,0.0,0.0,0.0,0.0,0.0,0.0,0.0,0.0,0.0,0,0.0,0.0,0.0,1
25,1.0667,0.0,0.0,0.0,0.0,0.0,0.0,0.0,0.0,0.0,0.0,0.0,0.0,0,0.0,0.0,0.0,1
26,1.1093,0.0,0.0,0.0,0.0,0.0,0.0,0.0,0.0,0.0,0.0,0.0,0.0,0,0.0,0.0,0.0,1
27,1.152,0.0,0.0,0.0,0.0,0.0,0.0,0.0,0.0,0.0,0.0,0.0,0.0,0,0.0,0.0,0.0,1
28,1.1947,0.0,0.0,0.0,0.0,0.0,0.0,0.0,0.0,0.0,0.0,0.0,0.0,0,0.0,0.0,0.0,1
29,1.2373,0.0,0.0,0.0,0.0,0.0,0.0,0.0,0.0,0.0,0.0,0.0,0.0,0,0.0,0.0,0.0,1
30,1.28,0.0,0.0,0.0,0.0,0.0,0.0,0.0,0.0,0.0,0.0,0.0,0.0,0,0.0,0.0,0.0,1
31,1.3227,0.0,0.0,0.0,0.0,0.0,0.0,0.0,0.0,0.0,0.0,0.0,0.0,0,0.0,0.0,0.0,1
32,1.3653,0.0,0.0,0.0,0.0,0.0,0.0,0.0,0.0,0.0,0.0,0.0,0.0,0,0.0,0.0,0.0,1
33,1.408,7706.38,7149.4379,16863.28,-3.4047689346,0.242085,0.66034,112.5484,0.6888,-0.6673,0.030039,0.227224,7.649618,46,0.0,527.7762,0.018923,0
34,1.4507,8011.95,7214.5767,16558.59,-7.5525952645,0.164977,0.334375,14.3058,0.9786,0.4286,0.079294,0.727976,-6.303306,133,0.381293,2181.0499,0.07667,0
35,1.4933,7638.16,6965.5401,16125.0,-6.1427938586,0.26107,0.43391,25.6742,0.9787,0.2215,0.060433,0.684812,-0.634721,174,0.267519,2538.4477,0.115981,0
36,1.536,7638.89,6885.9151,16031.25,-6.9448760659,0.257239,0.381118,18.55,1.0284,0.4546,0.069823,0.719915,-5.546939,166,0.297518,2604.7684,0.11244,0
37,1.5787,7527.09,6907.9837,15972.66,-7.4194828754,0.180675,0.353112,15.6496,1.0833,0.6155,0.075348,0.721305,-6.512674,157,0.28706,2563.1137,0.115981,0
38,1.6213,7337.05,6886.5734,15656.25,-6.8003677523,0.289196,0.389699,20.5543,1.082,0.5449,0.068212,0.692223,-2.830495,174,0.303883,2492.9044,0.112563,0
39,1.664,7207.31,6833.4761,15679.69,-5.7907493219,0.243539,0.463708,32.0773,1.0355,0.2618,0.055626,0.650479,-0.658069,171,0.308057,2394.5089,0.102796,0
40,1.7067,7285.5,6840.0506,15468.75,-6.5581161289,0.271626,0.401101,23.1268,1.0876,0.5262,0.066124,0.695319,-6.273959,167,0.30927,2584.481,0.094982,0
41,1.7493,7113.71,6759.2525,15433.59,-5.8495528848,0.289205,0.459564,31.6255,1.0597,0.3479,0.056276,0.657704,-3.044579,152,0.294423,2387.225,0.093761,0
42,1.792,7209.7,6677.3378,15187.5,-5.966401628,0.180414,0.456549,29.3055,1.038,0.3833,0.056752,0.66463,-1.130076,171,0.307221,2514.8587,0.101209,0
43,1.8347,7240.72,6805.6389,15339.84,-6.392786529,0.143385,0.432604,26.2217,1.0496,0.4235,0.060652,0.678838,-5.096392,166,0.313239,2452.1656,0.105726,0
44,1.8773,7532.9,6962.1119,16007.81,-7.1299951139,0.193982,0.375863,17.7459,1.0509,0.4442,0.070828,0.720497,-4.971207,148,0.285419,2503.9066,0.10597,0
45,1.92,7446.41,6927.2945,15996.09,-6.6796161502,0.220011,0.39614,21.4102,1.0208,0.3536,0.067025,0.684141,-4.790118,167,0.292629,2492.2265,0.107313,0
46,1.9627,7486.64,6918.5382,15902.34,-6.7106892371,0.215373,0.404458,21.5215,1.0443,0.4274,0.065521,0.708531,-6.025831,149,0.297674,2359.7361,0.107801,0
47,2.0053,7197.64,6666.4144,15445.31,-5.0915058839,0.27121,0.517508,39.9719,0.9969,0.1257,0.04768,0.607768,0.898887,166,0.302411,2091.6763,0.101575,0
48,2.048,7488.58,6846.6996,15937.5,-5.9939411046,0.227588,0.450643,29.2041,1.0019,0.2536,0.057695,0.676102,-4.762822,144,0.295564,2484.6032,0.099255,0
49,2.0907,7448.48,6898.3049,15878.91,-6.4868496426,0.207863,0.414731,22.6465,1.0475,0.3911,0.063706,0.708442,-6.030231,152,0.298651,2590.1701,0.105604,0
50,2.1333,7287.24,6736.8191,15269.53,-6.3870311403,0.187541,0.421041,25.2653,1.0877,0.574,0.062613,0.70272,-1.025915,161,0.30981,2477.9302,0.107313,0
51,2.176,6962.85,6796.0626,15316.41,-6.1672231277,0.243852,0.432449,27.2589,1.0838,0.4194,0.060677,0.655552,-2.196483,170,0.314707,2501.0645,0.099377,0
52,2.2187,7212.9,6822.7402,15363.28,-6.5873995338,0.282094,0.398632,20.5392,1.0822,0.5238,0.066571,0.672742,-4.292329,168,0.318037,2590.3339,0.098889,0
53,2.2613,7525.36,6907.3748,16089.84,-6.2213818289,0.178559,0.435612,25.6302,0.9721,0.1706,0.06015,0.689242,-5.799262,181,0.306812,2475.3596,0.101331,0
54,2.304,7202.89,6826.5076,15609.38,-6.3301460926,0.143876,0.423413,25.3448,1.0654,0.448,0.062206,0.66345,-8.033969,154,0.28146,2511.6055,0.100842,0
55,2.3467,7306.18,6890.5083,15726.56,-6.6431312244,0.197265,0.403759,21.7718,1.063,0.4528,0.065646,0.688955,-2.993584,160,0.302127,2565.3907,0.104261,0
56,2.3893,7320.0,6845.471,15562.5,-6.492127214,0.190174,0.409147,23.8756,1.0864,0.5327,0.064687,0.685991,-2.607939,169,0.308378,2445.6751,0.105726,0
57,2.432,7427.94,6938.5677,16019.53,-7.0485951701,0.184811,0.374685,18.1118,1.0724,0.5185,0.071056,0.710474,-2.507944,149,0.304659,2485.067,0.107191,0
58,2.4747,7263.82,6858.2348,15550.78,-6.6863333224,0.176325,0.403254,21.9545,1.0798,0.4967,0.065737,0.686719,-3.185617,156,0.29573,2630.2286,0.106702,0
59,2.5173,7112.95,6843.2789,15503.91,-6.3006940444,0.193866,0.420457,26.1721,1.0551,0.3878,0.062713,0.639958,-0.490909,185,0.29538,2504.4103,0.097424,0
60,2.56,7320.0,6864.9247,15679.69,-6.219926719,0.194046,0.438075,26.7998,1.0408,0.3378,0.059742,0.683376,-3.312757,155,0.299929,2615.6318,0.098401,0
61,2.6027,7498.67,6936.9256,15937.5,-6.8071668854,0.152702,0.387415,19.6067,1.0522,0.4962,0.068637,0.698053,-4.817824,178,0.304703,2523.7438,0.102429,0
62,2.6453,7186.81,6815.9803,15410.16,-6.6700659613,0.233159,0.398042,22.5519,1.0908,0.5546,0.066678,0.667256,-2.48274,141,0.309028,2465.0959,0.094738,0
63,2.688,7119.15,6869.9778,15515.62,-6.4676392427,0.197782,0.416329,24.7075,1.0561,0.3736,0.063427,0.671636,-9.325506,162,0.30066,2431.7093,0.097546,0
64,2.7307,7214.46,6932.1694,15679.69,-7.0898346811,0.239201,0.368606,18.9213,1.1044,0.5876,0.07224,0.688803,-7.311545,138,0.303789,2480.0247,0.103895,0
65,2.7733,7420.11,6876.1778,15832.03,-6.276538957,0.172026,0.431635,25.9926,1.0371,0.3642,0.060814,0.680343,-7.008628,159,0.325396,2486.75,0.104749,0
66,2.816,7196.35,6687.9819,15433.59,-5.7777357465,0.328729,0.457893,30.2143,1.0333,0.3431,0.056539,0.650986,-0.915977,169,0.31166,2529.8932,0.102552,0
67,2.8587,7261.33,6884.7342,15632.81,-6.7453482319,0.186122,0.398182,21.4198,1.0687,0.4721,0.066653,0.697803,-4.069645,149,0.31238,2440.0377,0.099622,0
68,2.9013,7141.86,6802.4492,15398.44,-6.2447119424,0.302874,0.432627,27.5101,1.0675,0.43,0.060648,0.667761,-10.326251,151,0.294778,2642.9801,0.097302,0
69,2.944,7381.96,6916.3193,16078.12,-5.9723254529,0.29997,0.454448,28.9569,0.9997,0.1739,0.057086,0.661157,-7.062931,151,0.301842,2420.883,0.104383,0
70,2.9867,7273.23,6867.2956,15667.97,-6.0078076025,0.16602,0.44655,27.6444,1.0369,0.3218,0.058355,0.669231,-5.795236,169,0.289442,2374.9507,0.107923,0
71,3.0293,7264.28,6837.4188,15539.06,-6.6290863324,0.224364,0.409071,23.5174,1.0801,0.5013,0.0647,0.69285,-6.144145,163,0.303176,2619.2167,0.098401,0
72,3.072,7163.73,6785.1361,15363.28,-6.2170223066,0.254895,0.435662,27.6497,1.0573,0.424,0.060142,0.647521,-0.44049,161,0.303589,2554.3881,0.101575,0
73,3.1147,7563.26,6960.342,15972.66,-7.5722044695,0.230928,0.345647,15.0955,1.0835,0.6339,0.076894,0.730063,-5.859385,158,0.302512,2481.7199,0.109144,0
74,3.1573,7343.91,6813.4903,15691.41,-5.8811595507,0.226769,0.465666,30.6806,1.0067,0.2555,0.055321,0.664332,-2.190496,163,0.285442,2388.7576,0.102918,0
75,3.2,7302.26,6819.1304,15785.16,-5.3362638328,0.123658,0.506332,37.8488,0.9596,0.0622,0.049261,0.602696,-0.982406,133,0.292077,2346.2616,0.095471,0
76,3.2427,7185.89,6884.945,15632.81,-5.8889185993,0.229705,0.454861,30.1885,1.0161,0.2047,0.05702,0.64312,-1.598947,144,0.299527,2379.4008,0.095959,0
77,3.2853,7256.19,6891.7424,15726.56,-6.5189127265,0.165441,0.412594,24.4602,1.0526,0.3743,0.06408,0.674212,-2.206544,168,0.307218,2665.9931,0.097302,0
78,3.328,7170.93,6708.0346,15398.44,-5.2116040063,0.288002,0.502469,40.4879,1.0209,0.1992,0.049815,0.601957,1.777014,174,0.312123,2190.3078,0.086192,0
79,3.3707,7066.59,6692.1389,15386.72,-5.0269880799,0.240229,0.521083,42.7537,0.9814,0.0298,0.047182,0.573783,0.078365,164,0.30654,2250.9941,0.086558,0
80,3.4133,7154.97,6741.8719,15339.84,-5.5226044012,0.195353,0.488951,35.4862,1.0055,0.2019,0.051789,0.610324,-0.052542,173,0.301775,2351.0428,0.10365,0
81,3.456,7259.0,6862.9328,15714.84,-5.8380826082,0.133046,0.469565,30.5072,1.0293,0.2656,0.054717,0.64426,-7.655476,152,0.305374,2316.9336,0.10011,0
82,3.4987,7121.72,6906.669,15480.47,-6.6205103388,0.189481,0.411032,23.8152,1.0835,0.4844,0.064354,0.662932,-9.198115,150,0.302266,2374.8483,0.092541,0
83,3.5413,7253.06,6853.3952,15679.69,-6.2484473399,0.214014,0.43867,27.6743,1.0377,0.3382,0.059644,0.67293,-3.178774,152,0.304344,2454.9439,0.100598,0
84,3.584,7170.32,6936.8572,15644.53,-6.7217113761,0.135625,0.395443,21.3485,1.0796,0.4642,0.067153,0.670599,-6.750685,160,0.29754,2556.7122,0.099866,0
85,3.6267,7099.42,6817.9093,15351.56,-6.6225555706,0.297518,0.398226,22.319,1.093,0.5387,0.066645,0.660285,-7.772045,164,0.303811,2566.4428,0.099866,0
86,3.6693,7208.53,6906.7871,15550.78,-6.8364004565,0.161685,0.388201,20.18,1.0925,0.5273,0.068491,0.677913,-5.634766,171,0.328424,2539.4183,0.101819,0
87,3.712,7409.04,6917.4419,15867.19,-7.0637842341,0.214381,0.377181,18.6339,1.0689,0.5202,0.070575,0.694199,-5.692662,155,0.302089,2535.8183,0.099255,0
88,3.7547,7257.26,6872.4248,15667.97,-6.0839660274,0.217126,0.444066,28.6428,1.0242,0.2682,0.058759,0.650125,-0.865546,155,0.304893,2478.9565,0.100842,0
89,3.7973,7368.19,6886.5892,15703.12,-6.9495359436,0.221175,0.374824,18.7932,1.0905,0.5659,0.071029,0.696162,-3.651852,141,0.312694,2461.2377,0.100598,0
90,3.84,7327.36,6862.7927,15515.62,-6.6614341743,0.145864,0.402753,21.6474,1.0413,0.4278,0.065827,0.678332,-5.394879,174,0.322919,2614.1527,0.105482,0
91,3.8827,7575.72,6960.8236,16171.88,-6.5569824916,0.174665,0.411033,22.9748,1.0152,0.3252,0.064354,0.711671,-4.492233,165,0.318381,2533.1932,0.108656,0
92,3.9253,7215.99,6755.9941,15457.03,-6.1440016688,0.285552,0.445557,26.4419,1.0831,0.4528,0.058516,0.689485,-10.471719,143,0.298789,2367.8154,0.099622,0
93,3.968,7458.27,6969.7361,16007.81,-6.4373777018,0.222853,0.421535,23.7697,1.0113,0.2785,0.062528,0.696936,-6.26234,141,0.294472,2513.8177,0.096936,0
94,4.0107,7155.82,6873.1737,15503.91,-6.6147826029,0.247309,0.407067,23.3462,1.0788,0.4755,0.065056,0.677859,-5.686056,152,0.304579,2479.7938,0.095715,0
95,4.0533,7325.61,6917.9919,15820.31,-6.5925875386,0.219977,0.408058,23.0566,1.0526,0.3955,0.06488,0.67336,-5.950947,162,0.296826,2638.21,0.095104,0
96,4.096,7378.07,6939.5425,15750.0,-7.0283727019,0.311269,0.371375,18.8547,1.0821,0.551,0.071698,0.701058,-3.847657,176,0.314995,2630.5618,0.106214,0
97,4.1387,7553.53,6964.169,16101.56,-6.7600831962,0.223037,0.395271,19.0123,1.0238,0.3848,0.067184,0.696919,-3.833462,174,0.306258,2467.2635,0.107069,0
98,4.1813,7172.4,6878.4745,15492.19,-6.6986625066,0.30615,0.397515,21.8998,1.0919,0.4992,0.066774,0.669577,-2.648467,165,0.309019,2638.8812,0.109633,0
99,4.224,7571.82,6917.4127,15867.19,-7.2249874365,0.373338,0.362057,16.1,1.0819,0.6264,0.073537,0.719182,-5.872914,135,0.311249,2408.7742,0.11415,0
100,4.2667,7442.29,6887.2805,15785.16,-6.4163159795,0.235195,0.417795,23.9373,1.0245,0.3853,0.063173,0.685663,-5.130074,154,0.305678,2557.0051,0.104383,0
101,4.3093,7146.05,6796.9853,15527.34,-5.8383655347,0.172875,0.461129,30.4499,1.0326,0.2819,0.05603,0.640378,-0.635013,163,0.30855,2473.8656,0.09779,0
102,4.352,7453.03,6814.3717,15925.78,-6.4374103069,0.235794,0.422373,23.0577,1.029,0.366,0.062384,0.707547,-3.127056,156,0.3189,2612.5726,0.101453,0
103,4.3947,7355.24,6863.7583,15773.44,-6.2212178629,0.288865,0.434272,26.645,1.0273,0.338,0.060373,0.65246,0.13268,184,0.312951,2552.2918,0.103284,0
104,4.4373,7297.29,6837.1438,15644.53,-6.1223689164,0.344111,0.445731,29.5414,1.0292,0.3121,0.058488,0.661951,-0.064,169,0.291594,2541.6339,0.098401,0
105,4.48,7332.95,6917.3856,15808.59,-6.347887964,0.156163,0.421803,24.7654,1.0266,0.3131,0.062482,0.66159,-1.208182,167,0.308155,2455.3843,0.095226,0
106,4.5227,7237.37,6832.9759,15492.19,-7.0949252374,0.305589,0.370665,17.1829,1.1312,0.6767,0.071836,0.699669,-3.01829,157,0.323214,2429.538,0.103895,0
107,4.5653,7293.16,6799.6724,15351.56,-6.8163837896,0.155155,0.394543,19.6155,1.0873,0.5739,0.067318,0.701539,-4.41862,161,0.31982,2700.9463,0.110609,0
108,4.608,7396.72,6896.8597,15902.34,-6.4845191669,0.244918,0.4114,23.8258,1.0738,0.5028,0.064289,0.676507,-2.013435,162,0.306455,2489.4948,0.108412,0
109,4.6507,7407.46,6926.6701,15832.03,-6.5875831059,0.205457,0.402396,21.2404,1.0355,0.3978,0.065891,0.674849,-3.394734,162,0.307064,2510.5384,0.102674,0
110,4.6933,7305.16,6862.7027,15550.78,-6.8783988377,0.232154,0.387247,21.2469,1.0613,0.5297,0.068669,0.689311,-5.002694,155,0.287194,2557.5404,0.099988,0
111,4.736,7047.04,6891.9709,15609.38,-6.1502388122,0.209633,0.435488,28.4141,1.0613,0.3255,0.060171,0.645803,-0.602458,136,0.29563,2454.6613,0.102185,0
112,4.7787,7465.22,6904.6476,15925.78,-6.6724199578,0.189191,0.401144,20.8289,1.0247,0.3712,0.066117,0.689742,-5.126457,170,0.310497,2589.6118,0.099744,0
113,4.8213,7304.48,6891.4063,15761.72,-6.2885406616,0.18085,0.429184,25.5833,1.0611,0.4184,0.061226,0.663103,-6.380423,164,0.307508,2543.0983,0.09779,0
114,4.864,7066.73,6796.218,15257.81,-6.077457459,0.147053,0.444627,28.459,1.0531,0.3429,0.058667,0.650998,-4.218853,162,0.320975,2356.2061,0.096325,0
115,4.9067,7290.35,6854.7782,15550.78,-6.2234560538,0.203819,0.432834,27.1916,1.0427,0.3843,0.060613,0.663005,-2.998822,168,0.302128,2406.9695,0.093517,0
116,4.9493,7243.26,6813.7194,15539.06,-5.5982404681,0.184798,0.479228,33.7491,0.9878,0.1654,0.053243,0.619381,-5.785616,140,0.307199,2182.9465,0.086681,0
117,4.992,7362.49,6869.4342,15820.31,-5.9429454802,0.273413,0.456031,30.1334,1.0052,0.2534,0.056834,0.639158,-4.596762,177,0.309017,2599.2323,0.091442,0
118,5.0347,7135.82,6736.2348,15421.88,-5.4489851164,0.207236,0.493254,37.5342,1.0159,0.2072,0.051155,0.622891,-0.351548,163,0.328477,2359.3695,0.096447,0
119,5.0773,7286.2,6896.5608,15703.12,-6.4052910373,0.220966,0.420684,24.8197,1.0608,0.4253,0.062674,0.657276,-2.080232,181,0.329156,2516.0073,0.095715,0
120,5.12,7310.57,6901.9827,15773.44,-6.7508908196,0.282424,0.389717,21.3334,1.0623,0.4556,0.068208,0.690478,-4.642191,193,0.309168,2567.6996,0.098767,0
121,5.1627,6952.5,6811.088,15105.47,-6.6966559203,0.275127,0.401833,23.6035,1.1458,0.6371,0.065992,0.678256,-3.271805,161,0.315551,2593.874,0.099744,0
122,5.2053,7292.47,6878.331,16007.81,-6.3468889498,0.172223,0.429027,24.2262,1.0497,0.3461,0.061253,0.696056,-4.149323,147,0.318922,2510.858,0.09779,0
123,5.248,7277.68,6818.6446,15656.25,-6.3399699895,0.21109,0.430657,25.6499,1.04,0.3385,0.060978,0.696214,-3.875287,147,0.312314,2470.1634,0.09425,0
124,5.2907,7144.69,6851.2262,15304.69,-6.5804957475,0.196334,0.404285,24.4405,1.0982,0.5558,0.065552,0.681848,-4.191268,151,0.318866,2514.4294,0.095837,0
125,5.3333,7358.27,6840.6696,15585.94,-6.405916995,0.190808,0.417976,23.1231,1.0587,0.4475,0.063141,0.681258,-1.009199,149,0.30839,2503.7333,0.102429,0
126,5.376,7561.98,6861.8564,15761.72,-6.6820025591,0.276988,0.396252,21.0437,1.0301,0.436,0.067005,0.709432,-2.477719,191,0.306866,2573.2362,0.10951,0
127,5.4187,7544.47,6961.335,16136.72,-6.3732782462,0.165351,0.427152,23.8787,0.9932,0.2549,0.06157,0.688852,-7.025559,143,0.305027,2468.5762,0.107191,0
128,5.4613,7328.89,6892.6413,15644.53,-6.9210436407,0.158084,0.378004,18.8128,1.0598,0.4959,0.070417,0.68791,-3.499962,173,0.307974,2493.4973,0.104627,0
129,5.504,7367.04,6861.6766,15761.72,-6.8896159976,0.187489,0.389365,19.8547,1.0629,0.4628,0.068274,0.710614,-4.399743,147,0.310335,2499.4372,0.10072,0
130,5.5467,7397.99,6880.8285,15539.06,-6.6670539325,0.188594,0.402229,21.6725,1.0651,0.5053,0.065921,0.688617,-4.771097,161,0.293328,2651.8543,0.105848,0
131,5.5893,7164.96,6852.2749,15480.47,-6.1018987152,0.195755,0.442595,28.5335,1.0362,0.3232,0.058999,0.643727,-6.593447,171,0.303879,2532.6848,0.108656,0
132,5.632,7495.14,6990.1874,16054.69,-7.1787697792,0.2374,0.36528,17.5194,1.0411,0.4378,0.072896,0.709905,-7.301529,169,0.30924,2609.6761,0.106702,0
133,5.6747,7301.42,6852.2742,15785.16,-5.9257920996,0.198363,0.456729,30.6872,1.0207,0.2729,0.056724,0.654338,-1.65959,155,0.302047,2351.7262,0.110853,0
134,5.7173,7516.79,6984.8106,16125.0,-7.0904597371,0.263064,0.374066,17.9158,1.0581,0.4879,0.071175,0.699194,-4.667959,162,0.310004,2602.2352,0.104261,0
135,5.76,7295.1,6923.8682,15656.25,-6.4371786354,0.288181,0.417444,24.9369,1.0732,0.4658,0.063234,0.685831,-6.013725,164,0.298004,2445.5634,0.100476,0
136,5.8027,7438.05,6908.832,16078.12,-5.4339341917,0.103699,0.504693,36.3546,0.9519,0.0397,0.049495,0.639484,-1.21371,152,0.303679,2332.003,0.095715,0
137,5.8453,7271.01,6889.6923,15808.59,-5.8169724921,0.227437,0.45907,30.9927,1.0219,0.2768,0.056354,0.636491,-0.073489,173,0.298346,2529.4043,0.101209,0
138,5.888,7630.31,6873.2181,16007.81,-6.6006875672,0.246729,0.41389,21.8093,1.0212,0.4067,0.063852,0.719425,-3.89946,171,0.305233,2532.1003,0.11244,0
139,5.9307,7380.19,6908.6891,15750.0,-6.8468075326,0.227969,0.390441,19.3835,1.0709,0.4948,0.068074,0.705745,-7.00567,184,0.299213,2622.4003,0.107679,0
140,5.9733,7254.04,6846.0338,15644.53,-6.6120804672,0.182128,0.410987,22.1922,1.0686,0.4706,0.064362,0.688429,-7.184495,139,0.305214,2417.9281,0.104017,0
141,6.016,7331.77,6884.8238,15527.34,-7.3312197601,0.235913,0.353614,16.014,1.1241,0.7088,0.075245,0.711954,-7.197885,154,0.302996,2569.93,0.10829,0
142,6.0587,7444.73,6887.5571,15726.56,-7.2659487107,0.213233,0.359934,16.899,1.0643,0.5449,0.073963,0.710543,-4.1128,169,0.305922,2648.5349,0.113661,0
143,6.1013,7446.47,6922.9825,15750.0,-7.1213145742,0.14156,0.380455,17.8385,1.0515,0.4787,0.069949,0.715101,-3.305137,156,0.301615,2686.5018,0.111098,0
144,6.144,7375.62,6924.9245,15785.16,-6.8033912693,0.165204,0.389057,20.0967,1.0501,0.3933,0.068331,0.696553,-3.727215,159,0.313013,2476.0345,0.105726,0
145,6.1867,6879.77,6821.9149,15105.47,-5.8123570549,0.189585,0.454648,31.9791,1.0617,0.3278,0.057054,0.605981,-1.898866,153,0.320101,2424.6812,0.099255,0
146,6.2293,7465.36,6939.6333,16042.97,-6.1426138596,0.34386,0.439543,24.8069,0.9852,0.201,0.0595,0.657336,-7.889149,140,0.29553,2452.3946,0.09779,0
147,6.272,7296.37,6791.187,15480.47,-6.1546230504,0.237168,0.446918,26.6982,1.0453,0.3819,0.058295,0.682642,-1.953548,186,0.301698,2375.1062,0.09779,0
148,6.3147,7204.31,6925.3945,15773.44,-6.5034801913,0.165579,0.415319,23.7111,1.0507,0.3766,0.063603,0.665912,-3.633042,169,0.306709,2493.8776,0.094006,0
149,6.3573,6928.82,6830.22,15246.09,-6.2885564669,0.182801,0.41875,26.0139,1.1057,0.486,0.063008,0.63427,-3.346986,128,0.309728,2424.1897,0.093639,0
150,6.4,7328.92,6826.105,15843.75,-5.9277774519,0.242359,0.456509,30.5171,1.0063,0.2538,0.056758,0.654901,-2.473964,161,0.323352,2480.4603,0.101453,0
151,6.4427,7188.53,6851.6201,15492.19,-6.7344329297,0.167868,0.396625,21.9584,1.0863,0.5193,0.066937,0.681741,-7.144692,157,0.298531,2508.7834,0.10072,0
152,6.4853,7295.66,6897.0418,15679.69,-6.675625157,0.190142,0.399121,22.9275,1.0595,0.4828,0.066483,0.67405,-4.768683,168,0.313972,2575.9061,0.100964,0
153,6.528,7334.96,6888.1748,15656.25,-6.5266886824,0.137703,0.410558,22.6773,1.0605,0.4636,0.064438,0.677023,-0.813689,174,0.308095,2594.9861,0.103406,0
154,6.5707,7222.46,6920.6317,15703.12,-6.5809545681,0.1828,0.408086,23.0137,1.0548,0.382,0.064875,0.682632,-5.526032,155,0.306555,2539.8351,0.10597,0
155,6.6133,7334.47,6870.3012,15492.19,-6.6558559728,0.233834,0.407283,22.4428,1.0622,0.4706,0.065017,0.673973,-7.331508,141,0.306425,2443.5391,0.104993,0
156,6.656,7085.18,6732.5012,15128.91,-6.1047353427,0.264231,0.441278,28.2236,1.0793,0.4571,0.059215,0.657931,-5.622401,154,0.288516,2481.6462,0.094738,0
157,6.6987,7271.86,6845.7497,15609.38,-6.4367320935,0.235174,0.415746,23.1958,1.0616,0.4068,0.063529,0.687093,-1.612999,170,0.314593,2592.2135,0.101453,0
158,6.7413,7391.82,7004.7835,15960.94,-7.3816658875,0.284256,0.351325,16.0812,1.094,0.5537,0.075715,0.709572,-7.064816,156,0.302937,2562.09,0.109877,0
159,6.784,7443.62,6896.9161,15750.0,-7.1807123555,0.148282,0.368167,17.1109,1.0512,0.524,0.072326,0.705805,-6.509968,156,0.296266,2476.8599,0.110975,0
160,6.8267,7329.21,6869.6317,15609.38,-6.3311042484,0.205649,0.426376,25.7351,1.0486,0.3966,0.061701,0.681017,-2.766375,146,0.307343,2417.022,0.10597,0
161,6.8693,7204.35,6838.4788,15363.28,-6.1113401825,0.25444,0.44138,28.7173,1.0511,0.3851,0.059198,0.664636,-9.514959,150,0.301893,2531.7449,0.102918,0
162,6.912,7256.61,6871.2356,15527.34,-6.7306159587,0.235994,0.395399,21.3351,1.0802,0.5271,0.067161,0.677602,-5.358288,157,0.302257,2491.0257,0.10304,0
163,6.9547,7328.03,6841.188,15503.91,-5.9636379864,0.142341,0.449693,29.0153,1.0052,0.2976,0.057847,0.661168,-4.249186,174,0.291667,2553.5852,0.10011,0
164,6.9973,7408.2,6897.5115,15949.22,-6.969775876,0.172773,0.378627,19.5163,1.0954,0.5969,0.070298,0.700163,-3.074314,154,0.306253,2575.257,0.106214,0
165,7.04,7186.68,6861.2041,15316.41,-7.142082919,0.229605,0.367662,17.4236,1.1361,0.6968,0.072425,0.695373,-5.22772,162,0.298975,2454.0329,0.105115,0
166,7.0827,7199.9,6798.4825,15410.16,-6.4971810374,0.268785,0.415134,24.3887,1.0643,0.4483,0.063635,0.683754,-3.070982,147,0.295724,2439.5304,0.096814,0
167,7.1253,7398.07,6913.6085,15667.97,-7.262050376,0.211711,0.359982,16.2994,1.0774,0.5718,0.073953,0.708481,-5.607348,151,0.320429,2587.2394,0.102796,0
168,7.168,7496.66,7000.5815,15996.09,-7.0840234306,0.186197,0.37167,18.2317,1.0304,0.4055,0.07164,0.710765,-5.006144,172,0.306942,2634.2902,0.106947,0
169,7.2107,7393.41,6876.8927,15726.56,-6.8291958946,0.187201,0.389064,19.9771,1.0568,0.4769,0.06833,0.706288,-3.789949,144,0.31103,2553.2684,0.11183,0
170,7.2533,7474.8,6984.1305,15972.66,-6.7942083075,0.200472,0.382511,18.9619,1.0417,0.3937,0.069559,0.690004,-2.998083,155,0.306538,2591.9278,0.113051,0
171,7.296,7659.05,6989.8397,16160.16,-7.29605223,0.264676,0.356226,15.3171,1.0514,0.5142,0.074712,0.724129,-5.318911,173,0.296499,2517.3485,0.107069,0
172,7.3387,7496.25,6963.1057,15878.91,-6.8104151398,0.251909,0.398703,20.3843,1.003,0.3465,0.066558,0.70082,-5.526493,133,0.292535,2544.327,0.108656,0
173,7.3813,7274.0,6820.2373,15492.19,-6.5446305664,0.155878,0.416552,22.699,1.0593,0.459,0.063388,0.687146,-6.342515,161,0.306777,2417.4849,0.101331,0
174,7.424,7031.56,6834.3838,15527.34,-5.3695318419,0.180764,0.490192,37.5088,0.9809,0.0758,0.051606,0.573844,-6.362189,174,0.330582,2346.4956,0.094738,0
175,7.4667,6827.03,6829.1472,15304.69,-5.9749687417,0.165416,0.450197,28.0976,1.0931,0.3772,0.057766,0.636602,-6.224151,162,0.317622,2361.2041,0.099622,0
176,7.5093,7222.89,6911.183,15750.0,-6.6114101104,0.183995,0.403572,22.1292,1.0559,0.3889,0.06568,0.671769,-1.298888,157,0.309442,2470.8841,0.102063,0
177,7.552,7216.9,6859.6784,15738.28,-6.5953421072,0.096213,0.397898,22.525,1.0803,0.4819,0.066705,0.664348,-2.236346,156,0.307078,2518.8451,0.101819,0
178,7.5947,7618.41,6976.6124,16078.12,-7.166463869,0.157169,0.366948,17.4447,1.036,0.4674,0.072566,0.718752,-3.80398,152,0.32343,2459.0051,0.106825,0
179,7.6373,7547.23,6867.5174,15773.44,-6.7326456774,0.101633,0.393216,20.0928,1.0542,0.5027,0.067561,0.711018,-4.798872,176,0.302238,2582.0767,0.105604,0
180,7.68,7090.56,6796.7877,15328.12,-6.1886871978,0.167792,0.430516,26.3475,1.0706,0.4242,0.061002,0.665194,-7.996612,138,0.326094,2583.1547,0.098401,0
181,7.7227,7404.91,6915.4141,15808.59,-7.5480506483,0.231681,0.340017,14.5129,1.0872,0.5453,0.078083,0.722018,-6.829669,152,0.314475,2477.8451,0.101087,0
182,7.7653,7268.4,6946.9286,15667.97,-6.780897024,0.214648,0.394169,21.4694,1.0763,0.4727,0.067386,0.694031,-6.490802,153,0.298878,2440.5242,0.108656,0
183,7.808,7213.03,6944.669,15503.91,-7.0919309888,0.251058,0.376822,18.0907,1.0801,0.5012,0.070644,0.686745,-6.783393,170,0.289668,2534.0531,0.099988,0
184,7.8507,6964.77,6769.0347,15386.72,-5.6417943378,0.199858,0.467261,32.8341,1.046,0.2522,0.055073,0.62942,-2.544799,168,0.31041,2361.9393,0.091564,0
185,7.8933,7299.2,6877.7218,15468.75,-6.7400925402,0.245428,0.396642,21.1541,1.072,0.5105,0.066934,0.690924,-3.65316,155,0.318846,2588.6147,0.098523,0
186,7.936,7405.69,6931.3374,15796.88,-6.3930295158,0.193435,0.424842,23.556,1.0385,0.3839,0.061962,0.690682,-3.026798,158,0.298261,2530.9579,0.107923,0
187,7.9787,7325.07,6808.2211,15539.06,-6.3130488784,0.189661,0.430436,25.984,1.0384,0.3737,0.061015,0.68742,-1.288316,154,0.30133,2571.6782,0.113295,0
188,8.0213,7389.75,6874.1214,15855.47,-6.8087622091,0.21624,0.400726,21.4153,1.0743,0.5287,0.066192,0.703961,-3.218988,166,0.298449,2571.3426,0.103895,0
189,8.064,7234.98,6932.3025,15703.12,-6.6053482819,0.135999,0.406245,23.3349,1.0543,0.4006,0.065202,0.676365,-5.461584,159,0.309666,2508.6415,0.100354,0
190,8.1067,7456.76,6925.84,15949.22,-6.8090561063,0.218597,0.399574,21.4754,1.0475,0.4612,0.0664,0.692809,-3.586519,144,0.298131,2347.685,0.108656,0
191,8.1493,7361.3,6962.9998,15984.38,-6.4321704761,0.190812,0.418053,23.0508,1.0305,0.3279,0.063128,0.676741,-2.460448,156,0.304627,2470.6864,0.104261,0
192,8.192,7087.8,6852.3722,15445.31,-5.9590752793,0.15792,0.447255,30.041,1.05,0.304,0.058241,0.641781,-0.990589,167,0.302649,2422.7275,0.098645,0
193,8.2347,7463.08,6923.1711,16007.81,-6.0846285547,0.184462,0.433925,26.7442,1.0115,0.2771,0.060431,0.668213,-1.823387,151,0.313257,2492.9175,0.101941,0
194,8.2773,7267.17,6869.923,15421.88,-6.9652472636,0.187475,0.379475,19.882,1.1014,0.6118,0.070136,0.69219,-4.703191,156,0.314934,2491.1903,0.094982,0
195,8.32,7114.21,6789.9443,15339.84,-6.1557365239,0.235629,0.437639,27.7832,1.0623,0.4139,0.059814,0.662626,-3.962471,166,0.32032,2632.2748,0.088878,0
196,8.3627,7142.62,6807.4534,15667.97,-5.3093048713,0.26575,0.492198,38.3485,1.0046,0.1419,0.05131,0.571423,-5.55012,168,0.311755,2165.2078,0.086314,0
197,8.4053,6929.68,6730.1756,15339.84,-4.9655506143,0.245691,0.511774,46.0567,0.9806,0.0109,0.048487,0.53145,2.572141,171,0.305852,2116.0769,0.088268,0
198,8.448,7600.78,6966.5595,16253.91,-5.9813326972,0.137958,0.454229,27.3204,0.9697,0.1753,0.057121,0.688461,-2.603739,167,0.317686,2507.1768,0.09193,0
199,8.4907,7331.7,6788.2858,15621.09,-5.2859719381,0.23569,0.498766,37.9344,0.9803,0.1484,0.050351,0.596289,-0.302255,160,0.307634,2396.7249,0.09425,0
200,8.5333,7247.95,6868.5392,15949.22,-5.5138284982,0.192777,0.486378,34.9503,0.9916,0.1345,0.052171,0.605171,-0.856003,160,0.290653,2350.2365,0.098523,0
201,8.576,7280.11,6843.9335,15632.81,-6.1653128921,0.275296,0.435439,25.9474,1.053,0.4016,0.060179,0.674474,-3.385857,142,0.309194,2524.5616,0.098401,0
202,8.6187,7445.11,6888.033,15843.75,-6.1165898549,0.203234,0.440702,27.4384,1.0007,0.2642,0.059309,0.679118,-4.455122,162,0.300742,2669.5343,0.099255,0
203,8.6613,7424.52,6868.7609,16019.53,-6.2798680991,0.305841,0.43196,25.3682,1.0247,0.3121,0.060759,0.671518,-2.758307,167,0.292674,2597.5726,0.108412,0
204,8.704,7571.36,6913.4255,15890.62,-7.0115884348,0.293785,0.377061,18.82,1.0517,0.5257,0.070598,0.70676,-1.559806,163,0.313491,2564.7209,0.107191,0
205,8.7467,7277.05,6894.8478,15597.66,-6.4765017632,0.165528,0.412264,22.9857,1.0409,0.3742,0.064137,0.666459,-3.234447,182,0.307814,2464.2817,0.095593,0
206,8.7893,7293.08,6880.0997,15632.81,-6.751458843,0.280368,0.399803,21.7222,1.0713,0.4856,0.066359,0.691576,-6.172712,155,0.306863,2510.6022,0.108045,0
207,8.832,7295.68,6908.2053,15621.09,-6.5551717461,0.182948,0.41147,24.137,1.0283,0.3441,0.064277,0.677725,-6.129485,163,0.302906,2608.4735,0.111952,0
208,8.8747,7459.33,6907.0531,15820.31,-6.9317900984,0.205096,0.384497,19.2171,1.0395,0.4369,0.069185,0.70858,-3.873882,150,0.30038,2546.2213,0.102185,0
209,8.9173,7131.18,6877.691,15632.81,-6.3235510242,0.247917,0.430827,27.5089,1.0613,0.3648,0.060949,0.663632,-5.172753,163,0.311908,2635.4943,0.100598,0
210,8.96,7208.48,6771.1389,15515.62,-5.3924569179,0.197386,0.491901,36.6017,0.9919,0.1325,0.051354,0.617044,-4.709304,151,0.310601,2349.193,0.095593,0
211,9.0027,7283.84,6897.7124,15714.84,-6.5165696226,0.224912,0.411337,23.3814,1.0651,0.4077,0.0643,0.675856,-6.295247,150,0.310245,2542.0099,0.100354,0
212,9.0453,7131.76,6824.2667,15667.97,-5.9809582351,0.247126,0.446834,29.1912,1.0482,0.3169,0.058309,0.644679,-1.216709,160,0.30418,2533.0244,0.104505,0
213,9.088,7263.04,6820.2951,15550.78,-6.1541450127,0.156453,0.44299,28.4169,1.0609,0.3955,0.058934,0.682022,-1.45323,171,0.312537,2451.2701,0.101453,0
214,9.1307,7273.59,6855.941,15503.91,-6.2825813976,0.218593,0.423083,24.8788,1.0613,0.4239,0.062262,0.6835,-3.871302,169,0.314185,2490.9553,0.106947,0
215,9.1733,7314.39,6890.7728,15515.62,-6.8038382648,0.225976,0.386409,20.7519,1.0714,0.5023,0.068826,0.69262,-5.736458,160,0.309671,2470.3218,0.104139,0
216,9.216,7412.79,6818.1132,15632.81,-6.2113277932,0.198575,0.430013,25.5726,1.021,0.3607,0.061086,0.691833,-2.884079,163,0.300911,2632.2135,0.095349,0
217,9.2587,7302.65,6769.3801,15621.09,-5.5956889812,0.220881,0.482015,32.4687,1.0135,0.2147,0.052823,0.646328,-1.681125,178,0.302084,2364.5098,0.103772,0
218,9.3013,7142.98,6960.7812,15445.31,-7.1916621573,0.186391,0.361394,17.32,1.1321,0.6436,0.07367,0.695165,-7.736795,149,0.310026,2586.0567,0.1089,0
219,9.344,7343.2,6986.3418,15785.16,-7.222582175,0.261762,0.363725,17.1186,1.0807,0.5268,0.073204,0.705821,-4.44465,150,0.311568,2507.3369,0.105726,0
220,9.3867,7474.52,6921.172,15902.34,-6.8530472406,0.294555,0.389848,19.8715,1.0463,0.4636,0.068184,0.697754,-5.212235,147,0.301348,2474.8895,0.1089,0
221,9.4293,7177.05,6855.3036,15679.69,-6.6218675781,0.238529,0.404403,23.4373,1.0656,0.4103,0.065531,0.673634,-3.92015,142,0.32246,2464.1548,0.10072,0
222,9.472,7198.3,6972.1547,15890.62,-6.5184483199,0.223601,0.409781,24.9831,1.0812,0.4442,0.064575,0.659851,-2.63279,174,0.318426,2586.0291,0.094982,0
223,9.5147,7301.78,6869.4085,15773.44,-6.6264611853,0.194646,0.40297,21.7547,1.042,0.3956,0.065788,0.68169,-3.547844,171,0.296121,2486.9412,0.09779,0
224,9.5573,7058.68,6776.137,15363.28,-5.9060865267,0.298127,0.452201,29.6227,1.0618,0.3621,0.057445,0.646213,-1.685894,164,0.319521,2335.1973,0.093151,0
225,9.6,7036.88,6763.3799,15386.72,-5.3725698478,0.13774,0.496403,38.1847,1.01,0.1454,0.050694,0.596136,-1.040912,137,0.330472,2249.3271,0.093273,0
226,9.6427,7478.56,6823.5026,15714.84,-6.0403776598,0.229407,0.45295,28.37,1.0032,0.3037,0.057325,0.681783,-6.512929,165,0.313441,2672.328,0.099499,0
227,9.6853,7209.69,6865.1317,15398.44,-6.8921019878,0.328571,0.384525,20.5735,1.1007,0.5705,0.069179,0.686919,-2.608587,169,0.319641,2452.8631,0.102918,0
228,9.728,7086.98,6805.1703,15292.97,-7.0246019732,0.173864,0.375288,18.7794,1.1121,0.6342,0.070939,0.686701,-4.286518,158,0.306558,2478.4621,0.105237,0
229,9.7707,7588.81,6928.1354,15890.62,-6.6475641954,0.142383,0.401433,19.9644,1.0312,0.4003,0.066064,0.71444,-5.470706,153,0.295751,2548.0566,0.10597,0
230,9.8133,7227.91,6802.8325,15351.56,-6.3567452921,0.184019,0.424206,25.5866,1.0911,0.5014,0.06207,0.68217,-6.587903,148,0.309231,2504.1017,0.103284,0
231,9.856,7255.43,6754.4075,15398.44,-6.1604897571,0.220322,0.44292,27.3494,1.0642,0.4616,0.058946,0.68204,-3.300915,147,0.304465,2432.4067,0.101209,0
232,9.8987,7205.67,6895.3705,15597.66,-6.9577541919,0.207591,0.385915,20.5243,1.095,0.5417,0.068918,0.700468,-6.410625,163,0.306163,2630.3394,0.10072,0
233,9.9413,7285.69,6818.4169,15621.09,-5.7520690033,0.179153,0.468295,30.9207,1.0161,0.2374,0.054913,0.656482,-2.073152,159,0.313743,2397.405,0.092907,0
234,9.984,7217.03,6806.5479,15480.47,-5.7958312538,0.131988,0.466661,30.9762,1.0099,0.2378,0.055166,0.645695,-2.721936,155,0.298893,2485.7395,0.096569,0
235,10.0267,7370.01,6918.9878,15714.84,-6.7795287516,0.186478,0.394316,19.9902,1.0622,0.4706,0.067359,0.705991,-4.259287,162,0.302917,2464.546,0.10536,0
236,10.0693,7427.06,6863.1027,15691.41,-7.0829427075,0.167087,0.374173,18.5702,1.0835,0.6193,0.071155,0.711225,-5.582491,164,0.301225,2508.649,0.104505,0
237,10.112,7332.04,6837.2523,15691.41,-6.3044510802,0.162693,0.424685,25.5689,1.0669,0.4392,0.061989,0.672575,-3.337398,150,0.32141,2523.8223,0.107923,0
238,10.1547,7107.43,6779.2833,15328.12,-5.7580025804,0.154839,0.462266,32.4781,1.0477,0.3273,0.055851,0.637352,-1.65769,182,0.317073,2518.3972,0.10597,0
239,10.1973,7461.88,6818.4534,15703.12,-5.7484627535,0.18954,0.476793,30.2162,0.9901,0.2107,0.053612,0.67716,-1.319942,163,0.298324,2507.0379,0.105482,0
240,10.24,7187.65,6890.8346,15621.09,-6.2462175375,0.218566,0.430684,25.9806,1.0517,0.343,0.060974,0.662959,-4.567653,144,0.294441,2442.0294,0.102185,0
241,10.2827,7416.9,6903.3816,15796.88,-6.8614347975,0.170368,0.39359,20.0187,1.0586,0.4835,0.067493,0.692276,-4.910128,167,0.29758,2453.5737,0.098767,0
242,10.3253,7370.63,6852.1343,15808.59,-5.4963639768,0.179072,0.481801,34.2488,0.9874,0.1802,0.052855,0.624569,-1.792595,177,0.305156,2416.8039,0.099499,0
243,10.368,7212.68,6808.5409,15433.59,-6.6744871245,0.281851,0.397885,21.9419,1.1209,0.6356,0.066707,0.692149,-5.13183,166,0.321085,2515.3479,0.10658,0
244,10.4107,7373.8,6816.5682,15703.12,-6.201887583,0.170395,0.431304,26.5672,1.0355,0.3851,0.060869,0.675938,-1.103199,174,0.313346,2478.2297,0.113295,0
245,10.4533,7332.51,6819.5419,15750.0,-6.4589772185,0.187266,0.418161,24.5316,1.043,0.3664,0.063109,0.684408,-1.561363,160,0.31335,2480.6809,0.10829,0
246,10.496,7188.89,6817.6652,15398.44,-5.7092084457,0.213697,0.468704,31.8349,1.0324,0.277,0.05485,0.623644,-6.212709,168,0.328235,2423.1698,0.101697,0
247,10.5387,7408.02,6930.3133,15832.03,-7.1637791808,0.173698,0.36752,16.9573,1.0907,0.5932,0.072453,0.7087,-4.145711,176,0.325091,2474.9661,0.102307,0
248,10.5813,7039.67,6820.7931,15269.53,-5.8001040084,0.119528,0.454586,32.8023,1.0248,0.2777,0.057064,0.629029,-6.004511,166,0.318054,2440.5069,0.099866,0
249,10.624,7292.68,6759.0375,15480.47,-5.8977528376,0.26599,0.462302,29.6779,1.0443,0.3732,0.055846,0.675111,-0.963857,170,0.321309,2434.598,0.092419,0
250,10.6667,7172.26,6823.7502,15375.0,-6.4160661976,0.229148,0.415304,24.2449,1.0669,0.4674,0.063606,0.657757,-3.632822,161,0.307885,2489.4283,0.101941,0
251,10.7093,7501.14,6929.226,15808.59,-7.0305107502,0.217431,0.377437,18.3119,1.0668,0.5302,0.070526,0.718352,-6.406523,149,0.31267,2459.2877,0.112563,0
252,10.752,7386.46,6846.4813,15843.75,-6.6613505196,0.240553,0.402486,21.1975,1.0722,0.4902,0.065875,0.707301,-6.806895,183,0.303303,2534.5059,0.115737,0
253,10.7947,7465.64,6944.8135,15855.47,-6.9464589625,0.30256,0.38072,18.8574,1.0312,0.3801,0.069899,0.697571,-3.274848,155,0.303021,2500.3457,0.110243,0
254,10.8373,7226.96,6891.1419,15656.25,-7.2812201787,0.184621,0.353692,16.8212,1.1262,0.6645,0.075229,0.699295,-3.854227,154,0.304553,2524.9874,0.103162,0
255,10.88,7093.17,6786.4398,15128.91,-6.0337390197,0.156577,0.444466,29.3464,1.0598,0.4054,0.058694,0.648559,-1.488639,150,0.315622,2493.2574,0.097424,0
256,10.9227,7282.7,6838.9306,15738.28,-6.4703970507,0.137723,0.415811,24.1547,1.0631,0.4637,0.063517,0.662584,-3.422849,173,0.310746,2583.8386,0.098279,0
257,10.9653,7483.21,6882.1819,15714.84,-7.1834311917,0.165679,0.371004,16.6163,1.0761,0.5847,0.07177,0.712836,-6.123851,128,0.303682,2511.443,0.10829,0
258,11.008,7319.64,6789.8875,15351.56,-7.164710697,0.273785,0.374661,18.3572,1.1203,0.6914,0.07106,0.720145,-7.305634,158,0.291254,2595.2675,0.108534,0
259,11.0507,7400.51,6882.4155,15761.72,-6.8801875337,0.21853,0.391073,19.8598,1.0721,0.5375,0.067957,0.707222,-5.704506,163,0.303192,2466.0269,0.107313,0
260,11.0933,7278.0,6815.1696,15375.0,-6.8521632561,0.25379,0.391596,20.3814,1.098,0.6109,0.06786,0.701543,-5.82774,183,0.28543,2500.4943,0.108656,0
261,11.136,7520.83,6934.698,16042.97,-6.9198394193,0.17319,0.39014,19.153,1.0488,0.4613,0.06813,0.703977,-5.974963,147,0.287569,2427.4231,0.104383,0
262,11.1787,7247.19,6832.1966,15375.0,-6.895591025,0.156879,0.391045,19.7241,1.0633,0.4824,0.067962,0.699856,-4.593985,160,0.298514,2500.0605,0.104749,0
263,11.2213,7370.42,6746.0421,15550.78,-6.0321140378,0.227451,0.445494,26.6781,1.0361,0.3843,0.058526,0.678762,-5.313542,170,0.313934,2472.155,0.1089,0
264,11.264,7240.71,6870.9319,15644.53,-6.7367285442,0.271546,0.395479,21.1653,1.0817,0.5022,0.067146,0.693924,-1.745755,177,0.315724,2532.6026,0.10597,0
265,11.3067,7426.15,6860.7609,15820.31,-6.8255848713,0.229274,0.38933,19.8474,1.0644,0.5042,0.06828,0.695152,-3.109807,152,0.312521,2598.2433,0.106336,0
266,11.3493,7401.0,6958.762,15855.47,-7.1007137611,0.178265,0.376102,18.6175,1.0755,0.5371,0.070782,0.707229,-3.163967,151,0.308798,2492.0518,0.110121,0
267,11.392,7530.66,6958.2567,16054.69,-6.4200144226,0.105916,0.424347,25.1139,0.9858,0.2721,0.062047,0.690257,-3.760966,155,0.295126,2556.4474,0.1089,0
268,11.4347,7219.56,6825.4035,15515.62,-5.9013190074,0.164039,0.458684,30.7565,1.0334,0.3173,0.056414,0.65212,-2.176146,145,0.303553,2441.7326,0.109999,0
269,11.4773,7312.74,6870.563,15492.19,-7.0969095841,0.350926,0.374452,18.1269,1.1306,0.7212,0.071101,0.710217,-4.273721,179,0.30634,2548.6101,0.11122,0
270,11.52,7482.7,6888.1836,15832.03,-6.9870922906,0.231435,0.383106,18.8529,1.0483,0.485,0.069447,0.705167,-2.773293,170,0.312051,2563.5673,0.107435,0
271,11.5627,7428.7,6864.7961,15527.34,-7.0512484524,0.197714,0.38067,18.9392,1.0713,0.5962,0.069908,0.713109,-8.0099,158,0.308942,2479.8398,0.108412,0
272,11.6053,7338.29,6827.0048,15726.56,-6.0978815529,0.09267,0.444195,27.4519,1.0312,0.3305,0.058738,0.67656,-2.26945,174,0.295275,2501.6673,0.104139,0
273,11.648,7353.59,6836.1056,15574.22,-6.7512123353,0.22783,0.393451,20.9906,1.0668,0.5125,0.067518,0.697146,-4.62908,159,0.316473,2463.6206,0.100964,0
274,11.6907,7489.37,6931.8305,15820.31,-6.8906263131,0.164905,0.386257,19.7894,1.0402,0.4303,0.068854,0.707135,-5.527822,178,0.306495,2646.8903,0.105726,0
275,11.7333,7519.82,6987.5616,16089.84,-6.8841018271,0.189288,0.387441,19.7795,1.035,0.3696,0.068632,0.712867,-4.490806,147,0.29663,2628.4693,0.104993,0
276,11.776,7323.88,6802.835,15796.88,-6.0102472123,0.188333,0.451565,28.6043,1.0138,0.2767,0.057547,0.679306,-3.472932,158,0.307325,2351.2308,0.10597,0
277,11.8187,7450.09,6902.4218,15867.19,-6.7496770952,0.215796,0.392592,20.7574,1.0514,0.4586,0.067676,0.686377,-6.027202,162,0.314522,2645.0474,0.10658,0
278,11.8613,7393.96,6874.7675,15539.06,-6.7794270825,0.173431,0.392039,20.5285,1.0735,0.5319,0.067778,0.693941,-3.085045,140,0.28849,2463.0019,0.104749,0
279,11.904,7312.77,6958.5566,15855.47,-6.8112875168,0.148406,0.38443,20.3191,1.0619,0.4507,0.069197,0.670023,-5.225762,145,0.292551,2615.3215,0.102674,0
280,11.9467,7467.95,6908.9307,15750.0,-6.896961723,0.191008,0.386143,19.7801,1.0719,0.5209,0.068875,0.71107,-3.796659,162,0.309079,2527.8255,0.104871,0
281,11.9893,7310.74,6826.8906,15457.03,-6.5860892151,0.239206,0.405916,20.7688,1.0797,0.5454,0.065261,0.695936,-4.667596,158,0.294203,2503.9304,0.111464,0
282,12.032,7382.6,6976.8396,15890.62,-7.1540221415,0.228984,0.36668,17.6905,1.0762,0.527,0.072619,0.692482,-4.211552,155,0.306586,2520.0947,0.10536,0
283,12.0747,7175.98,6909.2437,15480.47,-7.110336175,0.300328,0.374911,18.893,1.1246,0.6401,0.071012,0.698414,-5.310386,175,0.292674,2643.1716,0.101331,0
284,12.1173,7263.62,6907.5033,15515.62,-6.698477075,0.138517,0.398446,22.9692,1.0561,0.4588,0.066605,0.670139,-6.638069,148,0.303679,2499.6103,0.099866,0
285,12.16,7196.41,6839.0917,15761.72,-6.0466084151,0.215205,0.442975,29.4721,1.0281,0.2779,0.058937,0.655002,-2.186955,151,0.302126,2462.4738,0.097546,0
286,12.2027,7358.49,6861.1917,15820.31,-6.4749636064,0.198812,0.42035,23.2232,1.0395,0.3477,0.062731,0.695059,-3.350364,166,0.309202,2592.6069,0.10536,0
287,12.2453,7394.68,6925.2624,15785.16,-7.2890421823,0.249255,0.360021,16.5113,1.0892,0.5663,0.073945,0.703252,-7.094357,148,0.302437,2539.1737,0.098279,0
288,12.288,7416.31,6852.9011,15621.09,-7.2598439154,0.244819,0.357929,17.3038,1.0889,0.6698,0.074367,0.698649,-4.931624,149,0.30735,2608.0793,0.101941,0
289,12.3307,7356.06,6869.9539,15820.31,-6.6349243075,0.217401,0.410095,23.3674,1.0526,0.4204,0.064519,0.697721,-7.965757,151,0.306497,2622.5111,0.110487,0
290,12.3733,7191.99,6822.4063,15375.0,-6.8271114168,0.179724,0.393299,21.5846,1.0795,0.5445,0.067546,0.679375,-2.585278,152,0.306804,2570.8856,0.101697,0
291,12.416,7233.5,6832.3409,15527.34,-6.324778161,0.238775,0.429246,25.3465,1.064,0.416,0.061216,0.682384,-4.106055,165,0.304109,2531.4656,0.100842,0
292,12.4587,7392.63,6859.3291,15714.84,-6.605717936,0.156058,0.405181,22.7664,1.0794,0.5069,0.065392,0.705591,-2.421689,168,0.307397,2702.7469,0.096691,0
293,12.5013,7006.7,6854.1671,15328.12,-6.7767742033,0.179876,0.387148,21.0868,1.1211,0.5555,0.068687,0.678538,-6.062655,165,0.322331,2500.3403,0.097912,0
294,12.544,7463.03,6820.7642,15644.53,-6.8912706134,0.213486,0.388676,19.4063,1.0501,0.4918,0.068402,0.711542,-3.862635,170,0.308484,2422.403,0.105482,0
295,12.5867,7530.48,6907.1148,15960.94,-7.0843909226,0.205576,0.377526,17.5181,1.0392,0.4379,0.070509,0.713131,-1.281963,185,0.292889,2528.1889,0.109877,0
296,12.6293,7489.92,6968.3806,15984.38,-6.923049901,0.206468,0.387449,19.4321,1.0476,0.4536,0.068631,0.692937,-2.582439,156,0.283233,2475.9055,0.109388,0
297,12.672,7567.01,6786.1074,15820.31,-5.8209856623,0.198674,0.473162,30.3225,0.9885,0.2224,0.054165,0.674446,-1.575981,175,0.288569,2407.9505,0.108412,0
298,12.7147,7259.56,6735.9249,15339.84,-6.6764785316,0.239148,0.409515,21.7625,1.0968,0.5942,0.064622,0.709442,-5.482926,161,0.300008,2570.8323,0.103772,0
299,12.7573,7210.37,6844.8617,15398.44,-6.8137000461,0.18177,0.388173,19.922,1.116,0.5908,0.068496,0.688035,-4.880715,152,0.316108,2559.8792,0.095715,0
300,12.8,7166.12,6832.5688,15527.34,-5.9650252812,0.272584,0.450115,28.6272,1.0587,0.3378,0.057779,0.65436,-1.3476,163,0.319774,2371.8351,0.101209,0
301,12.8427,7480.94,6800.4756,15738.28,-6.315819325,0.236053,0.434504,24.9853,1.0212,0.3671,0.060334,0.694224,-5.637241,165,0.307331,2470.8962,0.106947,0
302,12.8853,7610.08,6928.3715,16101.56,-6.8655557307,0.189062,0.39192,20.4855,1.0383,0.4658,0.0678,0.704268,-4.30043,145,0.29838,2527.2082,0.106825,0
303,12.928,7528.36,6958.3805,16148.44,-6.043375027,0.27083,0.452153,26.7582,0.9633,0.1127,0.057452,0.677516,-0.879265,163,0.288292,2393.5885,0.105604,0
304,12.9707,7529.32,6940.2087,16078.12,-6.5606051155,0.254495,0.410201,22.3221,1.0237,0.369,0.064501,0.70466,-6.4634,142,0.30538,2382.8661,0.096691,0
305,13.0133,7028.04,6825.647,15398.44,-6.0599997986,0.175115,0.454103,29.4921,1.0915,0.4485,0.057141,0.644647,-1.516232,153,0.312381,2344.61,0.090099,0
306,13.056,7285.26,6802.083,15539.06,-5.9571055409,0.211825,0.460354,30.6288,1.0268,0.3249,0.056151,0.680119,-1.898662,166,0.292267,2495.2589,0.102918,0
307,13.0987,7310.61,6853.0146,15703.12,-6.0109696076,0.209495,0.449902,29.7364,0.9961,0.232,0.057814,0.67071,-3.843548,168,0.307026,2520.0862,0.104749,0
308,13.1413,7319.09,6909.225,15808.59,-6.3561519865,0.262281,0.420444,23.7959,1.0379,0.3122,0.062715,0.668257,-4.50501,167,0.313424,2363.599,0.102796,0
309,13.184,7458.11,6849.8352,15714.84,-6.5714136974,0.160687,0.409283,23.4249,1.0267,0.4293,0.064663,0.691853,-5.881855,165,0.313773,2594.5193,0.102307,0
310,13.2267,7123.46,6740.425,15339.84,-5.8198116148,0.248281,0.468032,31.7554,1.0581,0.3376,0.054954,0.659681,-6.685015,162,0.301181,2398.413,0.097302,0
311,13.2693,7329.93,6853.4323,15667.97,-6.6231565282,0.223466,0.403826,22.6474,1.0826,0.5236,0.065634,0.695601,-7.879318,164,0.31226,2513.8232,0.104139,0
312,13.312,7341.6,6838.5378,15644.53,-6.2024766392,0.276223,0.435306,26.9352,1.0503,0.4185,0.060201,0.674092,-3.304328,172,0.294517,2517.9842,0.101941,0
313,13.3547,7121.01,6864.1779,15492.19,-6.0334382621,0.266755,0.445922,30.6213,1.0711,0.402,0.058457,0.634778,-4.614653,172,0.315355,2510.2461,0.098523,0
314,13.3973,7245.66,6781.1434,15421.88,-5.7874896367,0.28204,0.468045,31.7955,1.039,0.3121,0.054952,0.660033,-1.630814,146,0.310118,2423.7053,0.099133,0
315,13.44,7347.39,6916.6885,15738.28,-6.1633747268,0.312886,0.436736,27.4444,1.063,0.4214,0.059964,0.666257,-3.187005,168,0.310675,2619.3514,0.102674,0
316,13.4827,7200.67,6851.8363,15457.03,-6.6224391175,0.232348,0.407851,22.6907,1.0656,0.4599,0.064916,0.681888,-6.277461,165,0.307576,2531.31,0.106947,0
317,13.5253,7165.49,6894.1984,15632.81,-6.2898391413,0.114846,0.420228,25.7499,1.0491,0.3594,0.062753,0.658985,-1.609656,169,0.309862,2441.5102,0.099988,0
318,13.568,7463.79,6864.8318,15855.47,-6.2262624749,0.201663,0.43381,26.3995,1.0045,0.3058,0.06045,0.678163,-3.739976,144,0.316372,2645.9146,0.095959,0
319,13.6107,7256.96,6856.781,15503.91,-6.7451825318,0.114791,0.398333,20.6482,1.0736,0.4889,0.066626,0.681821,-2.19684,167,0.321397,2495.4622,0.10072,0
320,13.6533,7053.12,6760.5644,15257.81,-6.0778610051,0.130441,0.440903,27.0914,1.0659,0.3897,0.059276,0.664169,-1.807687,153,0.310377,2375.9325,0.098889,0
321,13.696,6878.52,6826.7267,15082.03,-6.4804511324,0.144498,0.406814,25.664,1.1368,0.5768,0.065101,0.651388,-2.692073,156,0.314214,2602.6604,0.096203,0
322,13.7387,7392.14,6843.251,15832.03,-6.6989457506,0.228411,0.406902,21.5106,1.0439,0.4253,0.065085,0.699807,-5.586663,160,0.304635,2536.8122,0.101331,0
323,13.7813,7250.75,6926.4687,15667.97,-6.4698274633,0.194765,0.413212,24.5145,1.0803,0.489,0.063971,0.676131,-1.508332,160,0.298404,2584.9405,0.105237,0
324,13.824,7503.23,6952.9985,16007.81,-6.9200718656,0.235432,0.387178,18.7176,1.0458,0.453,0.068682,0.715951,-3.986285,174,0.305953,2633.7554,0.104139,0
325,13.8667,7245.03,6822.2101,15398.44,-5.964336702,0.176704,0.449028,30.5315,1.0516,0.4135,0.057954,0.654436,-2.652133,149,0.308635,2428.6915,0.109266,0
326,13.9093,7417.91,6940.6,15808.59,-7.1391797736,0.28221,0.368654,16.7613,1.0846,0.5673,0.07223,0.701192,-4.438841,168,0.298258,2601.3012,0.112196,0
327,13.952,7195.59,6865.462,15515.62,-6.7145444735,0.167486,0.389399,21.8511,1.1153,0.5889,0.068267,0.681997,-1.853442,163,0.310465,2570.5633,0.099377,0
328,13.9947,7329.76,6918.123,15714.84,-6.7307189359,0.204522,0.391971,21.6284,1.058,0.4526,0.067791,0.67618,-3.817153,160,0.301568,2714.3481,0.092052,0
329,14.0373,7274.06,6848.5591,15492.19,-6.4660391034,0.23122,0.416551,25.0104,1.0705,0.4902,0.063389,0.684031,-3.896076,153,0.304134,2493.7054,0.095226,0
330,14.08,7289.11,6820.5727,15609.38,-6.2745609145,0.199425,0.431682,25.2587,1.0503,0.4205,0.060806,0.658302,-0.210843,165,0.301761,2418.8715,0.104871,0
331,14.1227,7591.1,6912.2381,15890.62,-7.0928449053,0.214938,0.380259,18.4458,1.0312,0.4643,0.069987,0.717653,-1.603718,176,0.305069,2585.5025,0.109388,0
332,14.1653,7225.83,6839.7442,15562.5,-6.5007738829,0.235748,0.408332,24.0379,1.0631,0.4665,0.064831,0.66646,-1.626025,174,0.298606,2616.6234,0.105482,0
333,14.208,7432.79,6863.258,15773.44,-6.8469318457,0.186423,0.388689,20.0554,1.0495,0.4606,0.0684,0.701295,-7.300368,180,0.312124,2701.6528,0.106947,0
334,14.2507,7487.88,6841.5815,15796.88,-6.286780765,0.219495,0.428685,24.2866,1.0302,0.3564,0.06131,0.701995,-1.970601,165,0.298479,2537.2415,0.108412,0
335,14.2933,7340.93,6725.6485,15562.5,-5.4101103457,0.152683,0.493593,35.5721,0.9514,0.0908,0.051105,0.633779,-0.491133,167,0.307538,2301.5792,0.106092,0
336,14.336,7415.66,6910.192,15785.16,-7.2302902222,0.197889,0.362942,17.1153,1.0951,0.6262,0.07336,0.718382,-6.073286,162,0.313266,2494.7941,0.106336,0
337,14.3787,7342.63,6808.216,15468.75,-6.7109645708,0.150605,0.402083,22.0965,1.0659,0.5275,0.065947,0.696119,-0.396419,148,0.296351,2488.1786,0.110975,0
338,14.4213,7584.57,6913.8829,15878.91,-7.5768233846,0.19774,0.341898,14.9964,1.092,0.6562,0.077684,0.735389,-4.369198,150,0.310054,2501.0598,0.111708,0
339,14.464,7233.06,6770.2719,15480.47,-6.3689131467,0.139041,0.421804,24.9057,1.0701,0.4972,0.062482,0.680706,-5.985113,165,0.302733,2555.8204,0.106947,0
340,14.5067,7498.59,6869.6964,15714.84,-7.2951956913,0.210789,0.361464,17.037,1.0955,0.6383,0.073656,0.72696,-4.927973,161,0.30507,2445.7686,0.106702,0
341,14.5493,7371.23,6831.0005,15539.06,-6.8321031442,0.167561,0.380736,20.4109,1.0762,0.5902,0.069896,0.706012,-4.450501,152,0.305437,2690.7187,0.108778,0
342,14.592,7519.82,6919.5564,15843.75,-7.158293123,0.172473,0.36565,17.9589,1.0592,0.5323,0.072822,0.716213,-4.033279,159,0.312496,2587.7284,0.109266,0
343,14.6347,7282.44,6919.545,15667.97,-6.5012383657,0.198769,0.412574,24.1192,1.0635,0.4507,0.064083,0.667758,-4.148794,158,0.304197,2580.9935,0.111464,0
344,14.6773,7299.14,6890.3987,15492.19,-6.9585606249,0.150316,0.385035,19.3684,1.068,0.5312,0.069083,0.687586,-8.298656,163,0.291599,2566.2187,0.104993,0
345,14.72,7367.42,6894.136,15808.59,-6.3826520498,0.179302,0.425747,24.405,1.0562,0.4099,0.061808,0.692372,-3.835263,160,0.30046,2545.6726,0.095226,0
346,14.7627,7045.86,6775.3158,15339.84,-5.7355422704,0.251164,0.467624,33.5653,1.044,0.2682,0.055017,0.619911,-7.877217,156,0.311594,2391.5613,0.090221,0
347,14.8053,7048.74,6789.7375,15386.72,-6.0063234584,0.234827,0.446049,28.8831,1.0635,0.3636,0.058436,0.657941,-4.2415,162,0.316714,2505.3668,0.091198,0
348,14.848,7314.07,6856.6326,15621.09,-6.6124934509,0.199213,0.405088,22.1666,1.0946,0.5793,0.065408,0.692484,-4.54432,162,0.308734,2630.8185,0.099255,0
349,14.8907,7270.3,6854.131,15691.41,-6.306136938,0.20283,0.421203,25.2257,1.067,0.4173,0.062585,0.671006,-0.297927,176,0.29935,2654.8486,0.101819,0
350,14.9333,7229.15,6835.0872,15480.47,-6.8340248899,0.18506,0.390557,20.0018,1.0757,0.4868,0.068053,0.690038,-5.074264,156,0.319614,2632.9969,0.100842,0
351,14.976,7300.29,6894.8377,15503.91,-7.1184417088,0.194581,0.374151,18.6274,1.0953,0.6252,0.071159,0.700555,-5.965663,152,0.31024,2544.7142,0.104993,0
352,15.0187,7506.3,6890.9749,15914.06,-7.2465717214,0.197687,0.364057,16.8528,1.0783,0.6127,0.073138,0.71755,-4.265247,161,0.303328,2551.5653,0.112563,0
353,15.0613,7435.35,6933.9622,15914.06,-6.9604273275,0.249267,0.38269,18.6456,1.0764,0.502,0.069526,0.705578,-3.899324,162,0.294577,2420.9433,0.105726,0
354,15.104,7224.11,6769.3198,15492.19,-6.3562306198,0.301774,0.425957,25.9787,1.0844,0.5061,0.061772,0.677777,-4.65757,167,0.312518,2650.6516,0.104017,0
355,15.1467,7356.74,6904.8089,15820.31,-7.0582440199,0.198616,0.374402,17.9961,1.119,0.6192,0.07111,0.718495,-4.297548,160,0.31089,2511.3358,0.104505,0
356,15.1893,7272.77,6844.0751,15703.12,-5.8167217845,0.104797,0.462482,29.7838,1.0107,0.2331,0.055818,0.64149,0.456184,170,0.312955,2478.0545,0.096081,0
357,15.232,7027.38,6788.1467,15410.16,-5.7638675384,0.146776,0.458546,32.4298,1.0628,0.3434,0.056436,0.627806,-0.07436,161,0.311696,2445.1948,0.091198,0
358,15.2747,7256.94,6851.1819,15515.62,-6.9386371592,0.168138,0.383697,20.7117,1.1093,0.6056,0.069335,0.700398,-2.984126,187,0.312252,2549.2021,0.093029,0
359,15.3173,7470.26,6838.4834,15632.81,-6.9687397899,0.239078,0.379654,19.4958,1.0672,0.5689,0.070102,0.708496,-5.408148,164,0.304904,2601.9666,0.105482,0
360,15.36,7110.13,6761.9026,15046.88,-6.295918162,0.167344,0.429475,25.556,1.0761,0.4948,0.061177,0.656541,-1.137417,154,0.316583,2397.7432,0.104261,0
361,15.4027,7365.29,6915.6251,15960.94,-6.2545646785,0.157902,0.42522,24.3475,1.0258,0.3024,0.061898,0.657217,-3.650129,150,0.305898,2470.2753,0.099988,0
362,15.4453,7360.84,6859.1649,15738.28,-6.2728308731,0.338159,0.429659,24.4621,1.0308,0.3634,0.061146,0.674524,-6.423294,154,0.310401,2556.196,0.106947,0
363,15.488,7496.91,6887.2232,15703.12,-7.1446286219,0.234335,0.373797,18.2061,1.0684,0.562,0.071227,0.715865,-2.647739,170,0.293015,2639.856,0.106702,0
364,15.5307,7001.87,6795.3984,15164.06,-6.3678721193,0.268874,0.412574,23.3004,1.1213,0.5633,0.064083,0.671838,-4.278518,175,0.299701,2493.4207,0.098645,0
365,15.5733,7299.54,6823.1642,15550.78,-6.4150352588,0.312862,0.420275,24.8323,1.0794,0.5087,0.062744,0.685096,-3.171137,143,0.313829,2555.5981,0.096936,0
366,15.616,7276.81,6808.9212,15445.31,-6.1184096436,0.233138,0.440121,28.5053,1.0356,0.3559,0.059405,0.680106,-4.943294,167,0.316426,2439.6809,0.095837,0
367,15.6587,7070.89,6745.6564,15117.19,-5.9013006845,0.210138,0.45685,32.4931,1.0589,0.3884,0.056704,0.623056,0.555473,156,0.312986,2452.65,0.099377,0
368,15.7013,7350.26,6815.9526,15621.09,-5.7605255535,0.196593,0.470472,32.494,0.9786,0.1711,0.054578,0.642116,-2.318656,163,0.308488,2462.7457,0.096447,0
369,15.744,7270.07,6875.1879,15386.72,-6.7692456065,0.223833,0.393965,20.4847,1.0823,0.5056,0.067424,0.696228,-6.156771,146,0.304905,2472.7008,0.099011,0
370,15.7867,7090.04,6764.7875,15351.56,-5.8222905868,0.218529,0.458382,31.8761,1.0467,0.3169,0.056462,0.640701,-1.386097,177,0.324623,2410.6188,0.096936,0
371,15.8293,7313.85,6795.5029,15492.19,-6.111929303,0.243793,0.442779,27.421,1.0294,0.342,0.058969,0.665383,-3.405496,172,0.31542,2514.8381,0.097912,0
372,15.872,7051.68,6758.9307,15246.09,-5.9846692769,0.16113,0.450536,30.6107,1.0696,0.4215,0.057712,0.643308,-6.667968,181,0.309132,2495.8726,0.101209,0
373,15.9147,7115.43,6879.2281,15480.47,-6.523618298,0.198871,0.407773,23.4094,1.0898,0.5121,0.06493,0.649383,-3.951446,147,0.320525,2552.8253,0.093395,0
374,15.9573,7352.5,6831.0278,15667.97,-6.2022156432,0.197531,0.430099,25.8951,1.0274,0.3595,0.061072,0.672592,-5.953547,160,0.310368,2616.0544,0.104749,0
375,16.0,7450.58,6925.7329,15855.47,-7.3349816574,0.286712,0.359266,16.3752,1.0713,0.5385,0.074097,0.717071,-7.868774,155,0.307906,2579.7239,0.110853,0
376,16.0427,7423.44,6904.4997,15761.72,-7.0549652464,0.207291,0.373489,18.0403,1.0534,0.4939,0.071287,0.696534,-5.876718,158,0.305749,2553.512,0.098889,0
377,16.0853,7121.46,6721.2546,14882.81,-6.8981301321,0.206627,0.390878,21.9676,1.1452,0.7896,0.067993,0.693852,-3.882571,150,0.311122,2458.5763,0.092296,0
378,16.128,7140.15,6785.0826,15550.78,-5.295737576,0.196555,0.499171,40.2676,0.9974,0.1512,0.050292,0.589589,0.270034,157,0.313929,2263.9911,0.098645,0
379,16.1707,7367.04,6873.5242,15527.34,-7.0469024543,0.200651,0.377052,18.7552,1.0917,0.6055,0.0706,0.710979,-5.263719,148,0.311518,2515.8539,0.099011,0
380,16.2133,7234.52,6809.7575,15292.97,-6.5309511898,0.185247,0.407184,24.481,1.0794,0.5629,0.065035,0.671441,-1.996668,150,0.296569,2624.7141,0.095104,0
381,16.256,7409.62,6942.4561,15796.88,-6.6934508891,0.191808,0.389815,21.0019,1.0618,0.5168,0.06819,0.682362,-2.321871,162,0.295687,2666.5543,0.101941,0
382,16.2987,7243.9,6886.0283,15761.72,-7.0088111322,0.251833,0.37664,19.2468,1.0901,0.521,0.070679,0.692561,-4.264278,168,0.295397,2555.0162,0.106214,0
383,16.3413,7380.36,6877.3342,15773.44,-6.6091165215,0.213261,0.401064,22.7797,1.0396,0.4151,0.066131,0.682704,-9.220115,125,0.297301,2524.8883,0.106092,0
384,16.384,7260.83,6888.2314,15515.62,-6.7418795419,0.242814,0.397276,22.1611,1.0724,0.5208,0.066818,0.664419,-2.232228,141,0.291814,2418.4443,0.103895,0
385,16.4267,7259.65,6876.5915,15667.97,-6.7533232798,0.239925,0.400463,21.109,1.0669,0.4523,0.06624,0.688392,-4.095847,147,0.292345,2472.4537,0.104993,0
386,16.4693,7786.31,7006.2147,16148.44,-7.6705673671,0.257323,0.334538,13.3128,1.0551,0.5937,0.079259,0.739919,-4.811642,170,0.304143,2475.8288,0.115981,0
387,16.512,7346.48,6906.0203,15667.97,-7.071074687,0.174302,0.376745,17.9544,1.0667,0.4976,0.070659,0.700572,-5.477901,169,0.301095,2506.1209,0.11476,0
388,16.5547,7347.11,6913.6165,15714.84,-7.1157952805,0.270203,0.369414,18.0108,1.1091,0.6138,0.072081,0.710822,-3.985822,181,0.309165,2555.6045,0.106825,0
389,16.5973,7342.08,6863.8863,15773.44,-6.2063250301,0.234523,0.433697,26.8483,1.0315,0.3487,0.060469,0.66989,-7.704732,159,0.292624,2496.2466,0.104017,0
390,16.64,7068.39,6722.7453,15281.25,-5.870149321,0.163245,0.459587,31.3924,1.0305,0.2951,0.056272,0.632266,-6.810061,163,0.299414,2518.5953,0.096691,0
391,16.6827,7230.49,6746.6186,15257.81,-6.2324588282,0.103557,0.430026,27.0164,1.0392,0.4308,0.061084,0.673671,-2.9042,158,0.303756,2507.3504,0.09779,0
392,16.7253,7408.2,6922.9285,15796.88,-6.823738081,0.226913,0.390883,20.6672,1.0781,0.5403,0.067992,0.704208,-4.449852,152,0.304671,2484.7349,0.10829,0
393,16.768,7548.98,6904.9571,15878.91,-6.7608477769,0.242456,0.401026,21.3432,1.0133,0.3844,0.066138,0.703646,-3.729111,159,0.291355,2453.1801,0.110731,0
394,16.8107,7384.16,6811.6895,15515.62,-6.7940280912,0.16141,0.393267,20.3596,1.0583,0.5221,0.067552,0.704115,-9.140349,141,0.285523,2471.0701,0.114516,0
395,16.8533,7582.13,6968.3238,16148.44,-6.7386792139,0.234137,0.393317,21.6178,1.024,0.3798,0.067543,0.701301,-4.259968,162,0.292654,2514.924,0.117202,0
396,16.896,7433.86,6956.942,15902.34,-6.2829810518,0.151218,0.429812,26.9068,1.0348,0.3591,0.06112,0.680667,-1.001804,159,0.295455,2578.8324,0.110853,0
397,16.9387,7346.83,6757.3238,15515.62,-5.5870257819,0.205336,0.487463,33.5309,1.0006,0.2064,0.05201,0.645626,-1.165434,162,0.291364,2368.4278,0.104505,0
398,16.9813,7346.65,6940.6308,15808.59,-6.7436214978,0.132632,0.392817,21.1912,1.0341,0.373,0.067635,0.695829,-5.933308,184,0.302715,2519.7855,0.104383,0
399,17.024,7583.28,6908.0,16007.81,-6.9146163285,0.266868,0.381032,18.7256,1.0593,0.5079,0.06984,0.710262,-5.602001,184,0.28817,2574.4979,0.107679,0
400,17.0667,7528.16,6928.3143,16007.81,-7.0328026393,0.181594,0.379174,18.3972,1.0441,0.4754,0.070193,0.709669,-3.217318,157,0.288665,2457.2161,0.114638,0
401,17.1093,7375.77,6865.3961,15832.03,-7.2935273211,0.181849,0.366031,17.1574,1.0805,0.5636,0.072747,0.724018,-5.621921,158,0.283094,2576.0605,0.111952,0
402,17.152,7232.2,6879.6666,15480.47,-6.4971848416,0.386667,0.410684,23.899,1.0744,0.4267,0.064415,0.671621,-2.520345,162,0.308647,2521.2766,0.109388,0
403,17.1947,7640.79,6948.5398,15914.06,-7.3517542267,0.284232,0.355025,14.9805,1.073,0.6054,0.074957,0.728328,-5.147841,162,0.321326,2387.8346,0.112074,0
404,17.2373,7284.0,6823.047,15527.34,-6.2623095926,0.245147,0.433397,25.5838,1.033,0.3272,0.060519,0.67785,-0.830991,165,0.305495,2547.459,0.106336,0
405,17.28,7220.56,6807.5677,15445.31,-6.8776512902,0.256907,0.382846,20.4523,1.089,0.5727,0.069496,0.698081,-4.517809,165,0.300034,2556.9442,0.106825,0
406,17.3227,7419.93,6877.038,15750.0,-6.7150513362,0.230175,0.387194,19.6298,1.0591,0.4616,0.068679,0.691556,-1.850193,175,0.310355,2507.833,0.110365,0
407,17.3653,7501.65,6882.4085,15714.84,-6.6055456011,0.200096,0.407933,22.2568,1.0596,0.4784,0.064902,0.707589,-2.185163,174,0.30077,2567.2901,0.111464,0
408,17.408,7559.54,7013.3773,16078.12,-7.073909458,0.196233,0.378416,17.4368,1.0416,0.4533,0.070338,0.717107,-4.736019,181,0.293941,2574.8193,0.11415,0
409,17.4507,7314.84,6914.5375,15714.84,-6.604229042,0.146316,0.401174,22.5,1.0543,0.4429,0.066111,0.679774,-3.009173,161,0.308103,2610.6742,0.102918,0
410,17.4933,7120.95,6787.1627,15316.41,-6.1569953993,0.157206,0.436429,27.8297,1.0602,0.3947,0.060014,0.663196,-6.854,164,0.311807,2543.3036,0.089611,0
411,17.536,7217.88,6973.0028,15644.53,-6.6765676865,0.21487,0.400193,22.1227,1.0701,0.4338,0.066288,0.667431,-3.189854,174,0.304456,2492.2335,0.09132,0
412,17.5787,7208.24,6859.2116,15539.06,-6.6445297134,0.17266,0.401838,21.8798,1.0736,0.4508,0.065991,0.682596,-4.912547,161,0.301602,2604.8439,0.099011,0
413,17.6213,7326.32,6979.6517,15949.22,-6.8322992536,0.112453,0.389962,20.4348,1.0546,0.413,0.068163,0.68829,-7.2061,161,0.296621,2569.2105,0.108534,0
414,17.664,7183.09,6910.5458,15808.59,-6.7021912976,0.163192,0.40315,21.5523,1.0844,0.4706,0.065756,0.683059,-7.820476,140,0.297128,2592.1769,0.100232,0
415,17.7067,7245.17,6879.3033,15527.34,-6.4689554182,0.147155,0.416391,23.8839,1.0355,0.4073,0.063416,0.661643,-6.384535,156,0.29283,2482.8216,0.094738,0
416,17.7493,7276.28,6858.3771,15527.34,-6.3401587756,0.20912,0.426307,24.687,1.0221,0.347,0.061713,0.661639,-3.640865,165,0.303345,2552.4226,0.098889,0
417,17.792,7168.72,6741.7592,15457.03,-5.8002233773,0.21262,0.466388,30.2437,1.0184,0.2466,0.055209,0.640512,0.742979,171,0.31007,2380.2153,0.101697,0
418,17.8347,7784.05,7010.0781,16265.62,-7.0317984801,0.200156,0.372816,16.5577,1.012,0.3997,0.071418,0.716859,-3.929992,154,0.320939,2471.6126,0.108168,0
419,17.8773,7311.38,6849.5237,15644.53,-6.652379228,0.256584,0.399442,21.7264,1.0887,0.5292,0.066424,0.685355,-5.40996,159,0.310394,2590.5365,0.108168,0
420,17.92,7492.64,6890.7775,16007.81,-6.3995141051,0.149047,0.418385,23.2533,1.0101,0.3126,0.063071,0.690744,-4.690907,153,0.30155,2442.9366,0.105115,0
421,17.9627,7239.96,6830.652,15421.88,-5.9679693626,0.203913,0.447187,29.8272,1.0545,0.4001,0.058252,0.646974,0.119055,147,0.302338,2434.5275,0.098767,0
422,18.0053,7520.28,6872.0193,16078.12,-5.7958269774,0.21257,0.468313,29.8433,0.9741,0.1823,0.054911,0.640392,-8.176134,176,0.306024,2367.0385,0.101697,0
423,18.048,7287.54,6792.7738,15527.34,-5.908849917,0.16577,0.459355,29.7176,1.0118,0.2888,0.056309,0.640929,-6.204556,148,0.283769,2432.2587,0.102796,0
424,18.0907,7411.19,6793.6085,15609.38,-5.9000470936,0.170976,0.464041,28.6503,0.9979,0.2477,0.055574,0.661002,-7.633708,175,0.297271,2500.2574,0.100842,0
425,18.1333,7457.4,6933.4681,16042.97,-6.321456409,0.226864,0.420376,24.2275,1.0324,0.3432,0.062727,0.680173,-3.187268,162,0.303914,2468.3191,0.100598,0
426,18.176,7248.74,6831.3471,15855.47,-5.6895599027,0.248206,0.469996,33.5522,1.0369,0.2829,0.054651,0.627606,1.086839,191,0.310176,2439.4678,0.095593,0
427,18.2187,7112.4,6815.0431,15539.06,-5.2390937753,0.177646,0.502037,40.5389,0.9703,0.0415,0.049877,0.572486,-8.958202,158,0.31216,2262.8543,0.085338,0
428,18.2613,7060.8,6795.5067,15433.59,-5.7149963344,0.165958,0.466772,36.4258,1.0636,0.3478,0.055149,0.631572,-3.980588,174,0.303347,2464.6669,0.082652,0
429,18.304,7010.53,6649.1418,14988.28,-5.8135123423,0.230748,0.465907,31.7351,1.0797,0.4296,0.055283,0.657314,-2.580813,152,0.328483,2370.1056,0.097302,0
430,18.3467,7437.03,6939.8371,16019.53,-6.8401739036,0.193994,0.389874,19.8415,1.0318,0.3814,0.068179,0.698778,-3.829921,173,0.324761,2642.8857,0.104383,0
431,18.3893,7147.75,6775.2736,15351.56,-5.7059918697,0.278616,0.467772,31.5976,1.0321,0.2932,0.054994,0.62277,-8.155978,157,0.307411,2291.2466,0.102674,0
432,18.432,7296.04,6897.0107,15726.56,-6.8777338186,0.238062,0.38513,19.6467,1.0609,0.4728,0.069065,0.691288,-4.635505,169,0.308718,2532.342,0.098645,0
433,18.4747,7075.11,6835.8192,15480.47,-6.3347642307,0.14271,0.42422,25.4406,1.0857,0.4412,0.062068,0.67777,-7.37202,160,0.30623,2486.8731,0.097546,0
434,18.5173,7189.99,6748.3961,15503.91,-5.4425726316,0.177458,0.493313,37.8443,1.0141,0.2322,0.051146,0.627513,-4.264788,167,0.317913,2313.5656,0.099744,0
435,18.56,7257.73,6813.3296,15621.09,-6.1648472416,0.222284,0.434844,27.2818,1.0831,0.485,0.060278,0.670745,-4.75811,147,0.306603,2502.7363,0.096936,0
436,18.6027,7385.77,6929.9445,15867.19,-6.0022178764,0.155422,0.44786,28.5882,0.9954,0.2192,0.058143,0.65538,-3.735144,177,0.301448,2457.7602,0.099866,0
437,18.6453,7367.93,6869.6934,15925.78,-5.903349033,0.231652,0.459388,29.6174,0.9867,0.1755,0.056303,0.65771,-0.700873,155,0.299507,2482.6222,0.094982,0
438,18.688,7239.15,6841.8736,15562.5,-6.0020278101,0.200007,0.444326,29.724,1.0447,0.3504,0.058716,0.650455,-4.577389,180,0.297682,2468.4228,0.088512,0
439,18.7307,6958.89,6731.0099,15246.09,-5.6113339692,0.176789,0.477314,34.8857,1.0677,0.3164,0.053533,0.609361,-7.445244,150,0.310885,2322.242,0.095593,0
440,18.7733,7229.46,6829.1885,15738.28,-6.0310802771,0.362092,0.443003,28.3438,1.0291,0.2818,0.058932,0.654651,-0.908129,170,0.308684,2476.2189,0.102918,0
441,18.816,7335.66,6848.0257,15773.44,-6.5776029008,0.094651,0.409883,22.9372,1.0559,0.4427,0.064557,0.691876,-3.751508,160,0.308519,2472.1954,0.105482,0
442,18.8587,7215.25,6838.6407,15492.19,-6.4810431103,0.194372,0.413437,24.4877,1.0944,0.5324,0.063932,0.675736,-0.36912,136,0.294285,2514.815,0.101941,0
443,18.9013,7070.58,6748.7671,15363.28,-5.9241535512,0.200941,0.450446,31.5861,1.0609,0.3618,0.057726,0.647928,-5.711087,155,0.310408,2404.4462,0.093761,0
444,18.944,7108.34,6724.5233,15046.88,-6.4218246941,0.207332,0.418525,25.0093,1.0966,0.5535,0.063046,0.6679,-4.431937,149,0.302765,2565.4157,0.097668,0
445,18.9867,7265.18,6753.248,15398.44,-6.3749485898,0.237744,0.420981,25.4696,1.0842,0.5197,0.062623,0.690087,-5.753485,165,0.305909,2553.8702,0.110365,0
446,19.0293,7286.02,6814.5107,15480.47,-6.8571327437,0.23851,0.391055,20.3537,1.075,0.5263,0.06796,0.697205,-5.492004,157,0.306418,2537.1656,0.108045,0
447,19.072,7081.33,6746.4893,15152.34,-6.5567529302,0.19205,0.407337,23.0334,1.1157,0.5852,0.065008,0.689051,-4.110948,164,0.31915,2609.9247,0.100598,0
448,19.1147,7108.4,6838.3728,15503.91,-6.1016907273,0.160357,0.442282,27.9578,1.0569,0.3403,0.05905,0.646106,-0.249962,149,0.318598,2418.6793,0.09718,0
449,19.1573,6908.1,6705.0214,15082.03,-5.1678299958,0.174,0.512624,43.3454,1.0158,0.1402,0.048367,0.553501,2.374371,162,0.301659,2165.1409,0.089733,0
450,19.2,7266.45,6775.4492,15550.78,-5.7823841846,0.18464,0.471667,31.5069,1.046,0.3329,0.054394,0.669619,-8.058918,162,0.320973,2327.8146,0.083384,0
451,19.2427,7138.19,6732.1005,15515.62,-5.2322850627,0.141254,0.508437,40.2799,1.0218,0.1976,0.04896,0.587974,1.568625,157,0.303685,2349.7136,0.092541,0
452,19.2853,7238.68,6936.2324,15574.22,-6.7280543986,0.263138,0.394825,21.7802,1.0744,0.4603,0.067266,0.676909,-5.587756,155,0.304803,2547.3574,0.108045,0
453,19.328,7437.16,6925.9305,15960.94,-6.8762994715,0.161443,0.387682,19.4156,1.0542,0.4595,0.068587,0.694673,-5.28944,150,0.303783,2612.2555,0.10365,0
454,19.3707,7454.52,6798.2331,15855.47,-5.8007116978,0.191452,0.466902,30.6746,0.9767,0.2116,0.055129,0.657816,-0.960623,162,0.318859,2421.0279,0.100354,0
455,19.4133,7446.78,6760.8446,15550.78,-5.6228740508,0.230463,0.481669,34.344,0.9859,0.2144,0.052875,0.657354,-0.669759,172,0.299103,2441.9441,0.098279,0
456,19.456,7194.13,6738.4852,15398.44,-5.7081893771,0.204534,0.466556,31.6119,1.0464,0.348,0.055183,0.636856,0.713211,174,0.300527,2390.3199,0.098034,0
457,19.4987,7464.71,6857.4962,15796.88,-6.4755440162,0.171813,0.413005,23.6815,1.0464,0.419,0.064007,0.702352,-1.990732,163,0.315155,2514.9137,0.106214,0
458,19.5413,7480.84,6922.6873,16031.25,-6.2812030246,0.275109,0.428508,25.7597,1.0089,0.305,0.06134,0.685848,-4.2194,150,0.306924,2502.1772,0.105726,0
459,19.584,7124.21,6787.3506,15246.09,-5.9506391573,0.205904,0.45057,29.2291,1.0449,0.3447,0.057706,0.650391,-7.637572,162,0.307807,2380.0944,0.097424,0
460,19.6267,7032.88,6776.2292,15234.38,-5.6263600076,0.221723,0.468858,35.1685,1.0584,0.3203,0.054826,0.615236,-4.999082,169,0.302374,2424.2253,0.090221,0
461,19.6693,6970.47,6822.6987,15269.53,-5.94160031,0.197107,0.442637,29.5606,1.0453,0.2995,0.058992,0.61748,-7.292352,177,0.310857,2456.9319,0.091198,0
462,19.712,7303.8,6869.5449,15796.88,-6.3741465957,0.154901,0.425904,24.6534,1.0546,0.4053,0.061781,0.681006,-0.396798,183,0.305302,2512.7372,0.09486,0
463,19.7547,7052.02,6901.5047,15433.59,-5.7536914467,0.263264,0.458742,32.1507,1.0328,0.2339,0.056405,0.602217,-4.703425,153,0.307997,2402.6428,0.087901,0
464,19.7973,7290.71,6823.8177,15597.66,-6.0067340913,0.205872,0.440983,29.3857,1.0458,0.3537,0.059263,0.660459,-5.998473,176,0.315334,2430.3151,0.085948,0
465,19.84,7165.32,6790.0395,15421.88,-6.0894664845,0.230673,0.441775,27.5211,1.0532,0.3803,0.059133,0.651788,-2.344231,171,0.323666,2422.1835,0.100232,0
466,19.8827,7118.06,6835.4782,15585.94,-6.4438316385,0.256076,0.412517,24.0953,1.0774,0.4174,0.064093,0.674233,-2.876122,176,0.32223,2533.3881,0.10072,0
467,19.9253,7132.11,6772.4911,15410.16,-5.5711418796,0.249604,0.47902,35.3727,1.0189,0.2137,0.053274,0.632529,-3.502769,161,0.311302,2461.2007,0.092541,0
468,19.968,7023.69,6768.9334,15257.81,-5.9594758764,0.264795,0.447977,29.2064,1.0663,0.3855,0.058124,0.633035,-3.975089,142,0.30482,2474.1728,0.092785,0
469,20.0107,7347.35,6825.6339,15750.0,-6.0870491313,0.143163,0.441707,26.5883,0.9712,0.1691,0.059144,0.673125,-7.669038,151,0.30755,2591.6571,0.098645,0
470,20.0533,7345.71,6779.4201,15726.56,-5.4491576348,0.172275,0.496632,38.3561,0.9851,0.162,0.050661,0.63982,-0.389785,150,0.303879,2333.2575,0.098523,0
471,20.096,7502.1,6908.4952,16007.81,-6.2393455446,0.208725,0.431954,24.4238,1.0047,0.2779,0.06076,0.693004,-5.097042,157,0.307059,2514.8565,0.10658,0
472,20.1387,7314.9,6849.5482,15644.53,-6.543514729,0.348523,0.409506,23.219,1.0782,0.4979,0.064623,0.687802,-3.475995,168,0.297444,2587.6942,0.111098,0
473,20.1813,6974.36,6832.7409,15351.56,-6.5850802972,0.311826,0.400207,23.6144,1.1548,0.676,0.066286,0.66228,-4.189053,154,0.303698,2565.4129,0.093517,0
474,20.224,7087.89,6761.7529,15421.88,-5.7614207658,0.287173,0.465924,32.4129,1.0475,0.2977,0.055281,0.644652,-0.178156,171,0.319325,2287.8905,0.096325,0
475,20.2667,7490.27,6964.2608,16078.12,-6.871385105,0.172298,0.388319,20.3813,1.0348,0.4011,0.068469,0.697598,-5.258504,159,0.30119,2460.5517,0.109266,0
476,20.3093,7483.2,6863.9912,15632.81,-6.5256308294,0.138115,0.415432,22.6281,1.0443,0.4593,0.063583,0.696476,-2.071411,172,0.293293,2489.4037,0.113417,0
477,20.352,7492.54,6899.3228,15867.19,-6.3470067153,0.282213,0.420436,25.2931,1.0137,0.3603,0.062717,0.68328,-5.73099,160,0.296599,2642.4899,0.10304,0
478,20.3947,7088.45,6745.5474,15246.09,-5.5951710852,0.263179,0.469884,34.731,1.0346,0.2644,0.054668,0.6164,-1.430177,153,0.316353,2369.5337,0.088023,0
479,20.4373,7198.02,6841.9048,15457.03,-6.3469246209,0.16429,0.417488,25.1852,1.0925,0.4822,0.063226,0.659947,-0.477946,157,0.329575,2542.6972,0.094616,0
480,20.48,7493.48,6858.1155,15773.44,-6.3735966666,0.23769,0.424361,23.7408,1.045,0.4156,0.062044,0.706759,-1.629102,154,0.309668,2445.2967,0.099988,0
481,20.5227,7086.49,6853.9392,15445.31,-6.3141960135,0.220776,0.424491,26.7058,1.0964,0.4765,0.062022,0.653696,-4.141947,164,0.313767,2517.9722,0.103895,0
482,20.5653,7063.04,6829.9657,15316.41,-6.2967696201,0.185717,0.42346,26.3695,1.0846,0.4682,0.062198,0.665153,-5.556659,169,0.309993,2429.1274,0.101331,0
483,20.608,7142.17,6778.5143,15363.28,-6.1661057017,0.233228,0.436426,26.1143,1.0693,0.4182,0.060015,0.681224,-3.405008,170,0.311786,2544.7112,0.100842,0
484,20.6507,7300.17,6802.7219,15480.47,-6.2444519876,0.20582,0.434215,27.9658,1.0578,0.4313,0.060383,0.688765,-2.302587,172,0.304534,2552.3497,0.106458,0
485,20.6933,7247.44,6776.369,15480.47,-5.7880293631,0.294335,0.467385,33.1161,1.0174,0.3016,0.055054,0.628634,-6.105666,161,0.297149,2307.734,0.107069,0
486,20.736,7444.79,6886.0123,15621.09,-7.3063617108,0.194793,0.35732,16.2713,1.101,0.6547,0.07449,0.726592,-5.36894,143,0.312066,2560.6762,0.104261,0
487,20.7787,7095.58,6867.0085,15445.31,-6.7413216763,0.194416,0.393402,21.2853,1.1132,0.5683,0.067527,0.670478,-3.429625,149,0.302666,2385.0107,0.100232,0
488,20.8213,7467.0,6900.3259,15761.72,-6.3271824594,0.243888,0.424135,23.4922,1.0027,0.307,0.062083,0.662839,-6.021995,141,0.307605,2478.801,0.102307,0
489,20.864,7376.29,6851.9064,15867.19,-5.823281256,0.265482,0.468743,30.1129,0.998,0.2232,0.054844,0.638665,-4.434421,170,0.29289,2510.8486,0.095471,0
490,20.9067,7189.99,6832.2472,15457.03,-6.405062063,0.152199,0.410675,23.9598,1.0595,0.4184,0.064417,0.666765,-2.45468,168,0.293722,2540.2517,0.089733,0
491,20.9493,7138.53,6848.2852,15386.72,-7.0186567365,0.112411,0.374489,19.2357,1.1132,0.6425,0.071093,0.689138,-8.472517,156,0.314385,2522.1495,0.101087,0
492,20.992,7449.45,6943.5356,15820.31,-7.1188194764,0.135932,0.373541,17.4698,1.0842,0.5975,0.071277,0.703955,-3.961139,149,0.302676,2484.7353,0.10304,0
493,21.0347,7355.93,6913.9268,15679.69,-6.8806845457,0.229716,0.38677,20.4183,1.0664,0.4795,0.068758,0.691017,-3.133112,172,0.288103,2457.8248,0.099988,0
494,21.0773,7307.95,6801.2846,15492.19,-5.7944707631,0.140785,0.459586,30.5421,1.0024,0.2308,0.056272,0.652211,-1.539128,160,0.301389,2337.6765,0.098523,0
495,21.12,7073.3,6813.2037,15398.44,-6.0235702138,0.139699,0.449902,29.9417,1.049,0.331,0.057814,0.655709,-0.400786,180,0.306175,2564.0772,0.090099,0
496,21.1627,7192.59,6902.5079,15808.59,-6.1727238465,0.240704,0.434526,27.2548,1.0559,0.3245,0.060331,0.659856,-5.673464,159,0.320184,2547.2088,0.093761,0
497,21.2053,7348.17,6824.6659,15550.78,-6.5354494561,0.196229,0.408911,22.7629,1.0513,0.4228,0.064728,0.700177,-3.433912,163,0.308536,2484.9512,0.101941,0
498,21.248,7205.7,6875.9419,15527.34,-6.8623953162,0.215645,0.385755,20.1924,1.0959,0.5408,0.068948,0.690763,-3.500654,153,0.300154,2641.189,0.10365,0
499,21.2907,7424.96,6897.6848,15750.0,-6.8686835864,0.137979,0.390883,20.8267,1.0634,0.5079,0.067992,0.714665,-2.892047,173,0.309785,2526.1453,0.105848,0
500,21.3333,7138.28,6829.2519,15421.88,-5.9125331205,0.187486,0.463125,30.4164,1.0426,0.3083,0.055717,0.64289,-0.492388,160,0.300066,2402.1001,0.099744,0
501,21.376,7197.39,6881.3132,15492.19,-6.1011930281,0.143393,0.448657,28.2507,1.0558,0.3466,0.058014,0.665635,-6.360491,157,0.302497,2544.0641,0.094372,0
502,21.4187,7366.53,6914.602,15750.0,-6.2106152668,0.180408,0.431293,26.8384,1.0439,0.3858,0.060871,0.671424,-4.627184,159,0.292636,2504.8242,0.103162,0
503,21.4613,7311.46,6804.3107,15667.97,-5.7913091971,0.213641,0.462936,30.7003,1.0142,0.2365,0.055747,0.663393,-1.457153,147,0.30102,2330.0796,0.102185,0
504,21.504,7104.75,6787.2619,15375.0,-5.7825716975,0.259027,0.457317,32.0576,1.0597,0.3342,0.05663,0.639671,0.342155,144,0.309529,2410.2992,0.097058,0
505,21.5467,7265.85,6824.9564,15714.84,-6.3852062514,0.247132,0.419239,25.3673,1.0782,0.4578,0.062923,0.684002,-1.327265,154,0.303566,2460.3483,0.100232,0
506,21.5893,7248.69,6785.5107,15328.12,-6.4422066519,0.191916,0.417354,25.0298,1.0851,0.5536,0.063249,0.677183,-1.499074,156,0.310915,2472.5461,0.102796,0
507,21.632,7453.64,6801.0178,15761.72,-5.9650258544,0.196178,0.454625,28.8478,1.0014,0.2837,0.057058,0.6618,-3.96015,166,0.304642,2482.6842,0.099133,0
508,21.6747,7166.66,6811.8887,15445.31,-6.0380058785,0.115979,0.451192,30.6251,1.0591,0.3927,0.057607,0.653525,-6.661761,145,0.298335,2367.487,0.092052,0
509,21.7173,7295.82,6771.1448,15246.09,-5.5978815218,0.170291,0.482481,33.9201,0.9825,0.2218,0.052753,0.64356,-1.301994,139,0.298468,2312.4104,0.099988,0
510,21.76,7435.68,6901.6686,15667.97,-6.3537908888,0.182729,0.429451,25.2518,1.024,0.3513,0.061181,0.695099,-2.33082,151,0.302367,2495.0199,0.110609,0
511,21.8027,7775.08,6986.1544,16324.22,-7.4324823514,0.237955,0.356555,14.8745,1.0414,0.5274,0.074646,0.736499,-5.015746,180,0.297033,2604.1308,0.112196,0
512,21.8453,7285.63,6751.4276,15445.31,-6.2623574294,0.189048,0.439738,26.2939,0.9978,0.322,0.059468,0.67361,-2.641743,160,0.307251,2504.9934,0.108778,0
513,21.888,7478.05,6949.1977,16101.56,-6.9542750957,0.238673,0.386781,19.1471,1.0632,0.4754,0.068756,0.716253,-6.076501,143,0.289431,2505.1458,0.105604,0
514,21.9307,7057.16,6760.3896,15386.72,-6.071718469,0.226811,0.441415,27.5716,1.0658,0.3835,0.059192,0.665253,-3.897407,176,0.307915,2367.081,0.104139,0
515,21.9733,7321.62,6936.5154,16066.41,-6.2787338807,0.188774,0.419014,24.2949,1.0303,0.2973,0.062962,0.670627,-2.636789,158,0.30683,2538.4112,0.102918,0
516,22.016,7347.62,6964.8149,15855.47,-7.4636973084,0.23326,0.348529,15.629,1.1052,0.636,0.076294,0.706725,-5.90501,169,0.306088,2582.5859,0.10597,0
517,22.0587,7443.78,6928.8782,16007.81,-6.986747791,0.149136,0.384949,18.9144,1.0529,0.4752,0.0691,0.709721,-6.369743,164,0.306486,2473.7429,0.10951,0
518,22.1013,7486.55,6954.7642,15972.66,-7.0989244198,0.22765,0.375361,17.2391,1.0501,0.4944,0.070925,0.708781,-5.066654,172,0.300477,2551.3011,0.109633,0
519,22.144,7291.25,6838.6443,15468.75,-6.5807544829,0.341849,0.404791,22.4682,1.0659,0.4838,0.065462,0.678048,-4.417916,147,0.305665,2556.1178,0.101697,0
520,22.1867,7441.05,6931.5077,16089.84,-6.0260853114,0.151292,0.446756,29.8623,1.0152,0.2571,0.058322,0.678055,-2.876426,138,0.305757,2347.8079,0.094006,0
521,22.2293,7236.78,6808.545,15609.38,-5.8916821451,0.295325,0.460172,29.6702,1.022,0.2762,0.05618,0.637538,-7.32466,155,0.307264,2398.3232,0.102307,0
522,22.272,7469.3,6986.0473,16101.56,-7.1917572116,0.157971,0.369435,17.9994,1.0706,0.5076,0.072077,0.708367,-5.227899,161,0.31004,2516.1365,0.107191,0
523,22.3147,7548.75,6881.8185,15984.38,-6.313275705,0.325109,0.423458,24.6752,1.0146,0.3543,0.062198,0.677479,-1.62505,156,0.304687,2520.2828,0.099133,0
524,22.3573,7356.64,6886.7327,15644.53,-6.672141051,0.210802,0.399751,21.5592,1.0559,0.441,0.066368,0.69252,-5.339806,175,0.310019,2689.7002,0.096325,0
525,22.4,7294.15,6827.9098,15632.81,-6.5470441137,0.184388,0.41105,22.9951,1.0722,0.4686,0.064351,0.703981,-5.047553,153,0.308644,2613.7919,0.099744,0
526,22.4427,7457.31,6973.6611,16019.53,-7.0692406594,0.189307,0.375163,17.8022,1.0438,0.4136,0.070963,0.70502,-3.672659,145,0.298025,2507.8045,0.105115,0
527,22.4853,7237.96,6776.4694,15375.0,-6.2943432052,0.300893,0.431102,25.6592,1.0563,0.4002,0.060903,0.67786,-2.095368,152,0.294473,2405.5787,0.102552,0
528,22.528,7416.11,6868.5091,15667.97,-7.2459951731,0.213523,0.361903,18.5528,1.0831,0.6598,0.073568,0.706722,-8.808423,144,0.306128,2581.8649,0.100842,0
529,22.5707,7391.23,6974.991,15984.38,-6.4110443763,0.157861,0.415272,24.1432,0.9874,0.2181,0.063611,0.662832,-4.414996,152,0.312028,2620.0438,0.103284,0
530,22.6133,7336.68,6835.8904,15656.25,-6.1331392963,0.2242,0.44803,27.7334,1.0015,0.2649,0.058115,0.662508,-3.188916,144,0.296211,2439.4692,0.106214,0
531,22.656,7251.93,6743.5941,15468.75,-5.8035849627,0.193337,0.464955,31.8927,1.0358,0.3329,0.055431,0.656231,-1.619178,163,0.299825,2433.0776,0.10597,0
532,22.6987,6896.43,6662.2753,14718.75,-5.839242884,0.27229,0.453966,33.3374,1.0852,0.468,0.057163,0.615704,-7.244567,149,0.30567,2424.5588,0.098645,0
533,22.7413,7129.03,6777.2205,15316.41,-5.9003506452,0.154739,0.462032,28.8918,1.0196,0.2433,0.055888,0.654079,-5.781134,150,0.305244,2410.0829,0.093761,0
534,22.784,7318.24,6832.5536,15726.56,-6.63489646,0.247925,0.406588,22.2124,1.0652,0.4488,0.065141,0.701113,-5.985396,168,0.308355,2488.951,0.101087,0
535,22.8267,7230.79,6738.5506,15339.84,-6.3222058042,0.273356,0.422748,25.697,1.073,0.5253,0.06232,0.666266,-7.205538,170,0.302206,2615.1072,0.107191,0
536,22.8693,7446.16,6931.1943,15996.09,-6.937918064,0.16459,0.381838,18.6343,1.0504,0.4344,0.069687,0.709093,-5.84418,179,0.305331,2549.9542,0.10011,0
537,22.912,7374.46,6849.6655,15539.06,-6.5538172303,0.245509,0.406052,22.6239,1.0707,0.4736,0.065236,0.703451,-2.227927,159,0.323948,2547.5424,0.098523,0
538,22.9547,7300.25,6860.2285,15703.12,-6.2090632126,0.142224,0.440634,28.0283,1.0314,0.34,0.05932,0.685214,-4.747841,170,0.312794,2510.4014,0.098889,0
539,22.9973,7266.38,6852.0966,15644.53,-5.5773008975,0.178275,0.487454,34.0369,0.9925,0.132,0.052011,0.652671,-1.92444,158,0.290962,2240.0215,0.090587,0
540,23.04,6981.06,6765.0008,15351.56,-5.4875079985,0.244159,0.481073,35.3806,1.0479,0.2499,0.052965,0.610402,0.990357,159,0.303089,2346.7658,0.087413,0
541,23.0827,7027.35,6788.5502,15375.0,-6.0501917343,0.274174,0.446153,29.2956,1.0653,0.3439,0.058419,0.659803,-1.360806,169,0.316842,2458.7637,0.091442,0
542,23.1253,6979.85,6744.5362,15070.31,-6.4335982976,0.155718,0.419115,25.2438,1.1295,0.604,0.062944,0.67267,-2.370658,165,0.318424,2488.067,0.094372,0
543,23.168,7178.05,6729.8996,15363.28,-5.7975286193,0.179295,0.460161,32.8041,1.0521,0.3775,0.056182,0.635948,-8.365334,162,0.320307,2531.7321,0.101087,0
544,23.2107,7317.78,6871.3047,15820.31,-5.8854453047,0.256084,0.462403,31.1271,1.0069,0.2251,0.05583,0.66498,-2.506488,158,0.30584,2452.2906,0.099255,0
545,23.2533,6967.63,6801.4186,15117.19,-6.8250473279,0.240961,0.386135,22.1702,1.1506,0.6953,0.068877,0.682027,-5.808796,162,0.318242,2533.3443,0.08839,0
546,23.296,7306.65,6890.9023,15796.88,-6.266171204,0.204145,0.437065,26.6473,1.0142,0.2748,0.059909,0.679259,-3.148675,167,0.30341,2455.8133,0.088634,0
547,23.3387,7306.59,7043.6159,16078.12,-6.7150486167,0.227506,0.399297,21.7155,1.043,0.3262,0.066451,0.669941,-4.264973,161,0.298422,2437.7922,0.101819,0
548,23.3813,7416.02,6950.0369,15925.78,-6.7349657812,0.156066,0.39951,21.884,1.026,0.3721,0.066412,0.682969,-7.084374,135,0.296644,2515.97,0.102307,0
549,23.424,7372.43,6879.1941,15867.19,-5.9236033384,0.195328,0.457185,29.7739,0.9963,0.2269,0.056651,0.668977,-4.568845,163,0.298921,2446.3917,0.096203,0
550,23.4667,7433.11,6925.4789,16171.88,-5.9169813887,0.185267,0.45526,30.6966,0.9823,0.1747,0.056957,0.645169,-7.555959,152,0.296375,2584.4284,0.101819,0
551,23.5093,7275.47,6821.1457,15597.66,-5.6661809841,0.247251,0.478995,33.454,1.0076,0.2291,0.053278,0.624265,0.528699,159,0.286482,2412.468,0.100842,0
552,23.552,7220.51,6950.8052,15597.66,-6.2059891743,0.287101,0.427916,26.7308,1.049,0.3702,0.06144,0.626315,-2.184051,158,0.302665,2483.7558,0.093029,0
553,23.5947,7301.41,6841.0946,15726.56,-6.3493782563,0.19032,0.421335,26.6933,1.0359,0.4123,0.062562,0.654948,-3.632577,153,0.297917,2677.5161,0.088146,0
554,23.6373,7036.34,6844.466,15292.97,-6.7534468686,0.226241,0.390866,21.879,1.1231,0.6076,0.067995,0.668782,-7.979256,162,0.308269,2548.6983,0.091564,0
555,23.68,7290.28,6943.9674,15878.91,-6.7607188172,0.128744,0.392025,21.2771,1.0656,0.422,0.067781,0.686482,-4.378778,162,0.302832,2556.4953,0.101941,0
556,23.7227,7457.71,6888.2729,15902.34,-6.6567080154,0.19571,0.401064,22.6302,1.053,0.4653,0.066131,0.688145,-5.091084,160,0.313342,2516.4717,0.106947,0
557,23.7653,7281.45,6726.0465,15281.25,-6.3671409083,0.150164,0.429216,26.796,1.0634,0.5096,0.061221,0.681158,-2.140934,176,0.303952,2477.6732,0.106702,0
558,23.808,7615.66,6885.5105,16007.81,-6.6088100975,0.22377,0.408812,22.6581,1.0052,0.3734,0.064746,0.714156,-3.598894,162,0.304727,2570.2737,0.10365,0
559,23.8507,7379.29,6865.9315,15808.59,-5.7573064604,0.279794,0.465925,31.512,1.0139,0.2419,0.055281,0.647145,-3.926609,160,0.310364,2434.0729,0.099988,0
560,23.8933,7134.21,6659.8941,15257.81,-5.6342779791,0.19819,0.488794,34.8254,1.0258,0.2701,0.051812,0.647066,-1.126815,172,0.31048,2392.9816,0.100598,0
561,23.936,7398.13,6849.1881,15750.0,-6.7150523652,0.28974,0.39454,20.8365,1.0618,0.4354,0.067318,0.703758,-4.243055,152,0.313653,2494.1951,0.101209,0
562,23.9787,7018.32,6843.7233,15316.41,-6.6889080072,0.289554,0.398952,22.5924,1.1152,0.5471,0.066513,0.673474,-7.254486,164,0.307976,2479.544,0.10304,0
563,24.0213,7478.24,6925.7925,16007.81,-6.5309488191,0.18188,0.413989,22.5371,1.0555,0.41,0.063835,0.703533,-3.886526,144,0.292497,2545.8208,0.101087,0
564,24.064,7373.8,6890.9713,15808.59,-6.8232385514,0.22928,0.393129,19.9302,1.0778,0.4809,0.067578,0.703064,-4.082058,166,0.304268,2497.4777,0.103406,0
565,24.1067,7169.51,6886.0544,15492.19,-6.5948255224,0.243259,0.402212,21.9803,1.0853,0.4597,0.065924,0.670038,-2.444676,153,0.304758,2499.743,0.110609,0
566,24.1493,7638.87,6881.5464,16019.53,-7.325541786,0.212532,0.355952,15.6953,1.0765,0.6066,0.074768,0.729883,-5.440013,164,0.313178,2565.3161,0.109144,0
567,24.192,7119.15,6846.0942,15410.16,-6.5278454431,0.124177,0.405745,24.1472,1.1017,0.4872,0.065291,0.676952,-2.822722,162,0.303503,2609.0279,0.109388,0
568,24.2347,7495.18,6889.7049,15902.34,-6.4599876524,0.172988,0.419068,23.6903,1.0414,0.4005,0.062953,0.69434,-1.836156,157,0.31035,2527.0745,0.107313,0
569,24.2773,7389.45,6865.0153,15738.28,-6.6280898144,0.179562,0.405395,21.6903,1.053,0.4333,0.065354,0.694862,-3.970708,151,0.315185,2578.6438,0.103895,0
570,24.32,7159.41,6757.4933,15421.88,-5.7339730978,0.168556,0.468723,32.7636,1.0433,0.3113,0.054847,0.641293,-0.553589,169,0.305566,2530.3251,0.101331,0
571,24.3627,7250.31,6849.7203,15585.94,-6.0327967296,0.18233,0.453488,28.6858,1.0255,0.2881,0.057239,0.665535,-2.005302,160,0.299274,2397.7156,0.093884,0
572,24.4053,7186.71,6862.6705,15503.91,-6.5952945514,0.185207,0.404668,23.6701,1.0973,0.5384,0.065484,0.680842,-6.375037,144,0.297946,2534.229,0.089244,0
573,24.448,7283.05,6842.3437,15679.69,-5.8862091848,0.133481,0.458078,30.4782,1.0216,0.2826,0.05651,0.641944,-4.67245,157,0.314937,2542.7041,0.094982,0
574,24.4907,7254.6,6878.2129,15644.53,-6.6107372047,0.186321,0.40557,23.042,1.079,0.4969,0.065322,0.697084,-2.93601,181,0.300278,2687.1121,0.104993,0
575,24.5333,7528.3,6912.8118,15890.62,-6.7519757774,0.19207,0.396121,20.5325,1.0496,0.4942,0.067029,0.69724,-2.42876,168,0.314214,2506.737,0.105237,0
576,24.576,6976.75,6707.4709,15082.03,-5.9623131639,0.187948,0.447629,29.3474,1.071,0.4232,0.05818,0.645301,-2.865921,162,0.331761,2379.3808,0.102185,0
577,24.6187,7219.17,6813.7727,15527.34,-6.3656579148,0.217478,0.424727,26.5867,1.0505,0.4143,0.061982,0.671442,-5.759495,173,0.315583,2545.7293,0.104139,0
578,24.6613,7144.0,6815.5648,15492.19,-6.3566289912,0.157441,0.425504,27.3186,1.0799,0.4781,0.061849,0.681231,-6.940265,189,0.307578,2424.1011,0.099133,0
579,24.704,7142.7,6819.5559,15457.03,-5.9896363049,0.214794,0.441556,29.0702,1.044,0.3368,0.059169,0.643866,-6.29013,166,0.302586,2651.6586,0.093395,0
580,24.7467,7138.23,6775.4223,15421.88,-6.0339170587,0.23964,0.448794,30.0391,1.0588,0.4,0.057992,0.669605,-7.275829,160,0.309872,2512.0927,0.093517,0
581,24.7893,7248.36,6810.0932,15433.59,-6.4382191727,0.224036,0.420211,24.9764,1.0728,0.4979,0.062756,0.67156,-2.268366,144,0.309895,2442.7501,0.093395,0
582,24.832,7363.29,6984.9616,16031.25,-6.7796110105,0.218153,0.389007,19.7327,1.0345,0.353,0.06834,0.677815,-6.400499,154,0.315644,2540.3791,0.097302,0
583,24.8747,7315.06,6853.7959,15656.25,-6.1453752836,0.170276,0.444144,27.5287,1.0512,0.3745,0.058746,0.689541,-3.711127,179,0.303516,2543.442,0.10011,0
584,24.9173,7546.82,6979.1405,16054.69,-7.1840045698,0.212412,0.371266,17.6755,1.0669,0.5267,0.071719,0.723334,-7.216988,145,0.29713,2485.1567,0.108778,0
585,24.96,7507.71,6885.1864,15773.44,-6.6685642756,0.191211,0.403171,21.0716,1.0233,0.3838,0.065752,0.697362,-2.785163,166,0.306059,2595.3077,0.111586,0
586,25.0027,7441.4,6859.7209,15621.09,-6.6076021846,0.168396,0.404912,22.2082,1.0305,0.4252,0.06544,0.699349,-1.810346,178,0.313811,2519.322,0.107923,0
587,25.0453,7529.91,6852.4405,15738.28,-6.7012280853,0.234236,0.399349,19.9302,1.0351,0.4524,0.066441,0.712529,-2.25627,169,0.306473,2544.7372,0.112563,0
588,25.088,7681.02,6899.9532,16031.25,-6.5813868917,0.186687,0.407549,21.1395,1.0106,0.3948,0.06497,0.713315,-6.259888,159,0.290357,2522.6296,0.110853,0
589,25.1307,7621.97,6857.4998,15949.22,-6.6045581048,0.265589,0.409106,22.3765,1.0057,0.3452,0.064694,0.719799,-3.212373,156,0.297054,2541.5192,0.109999,0
590,25.1733,7399.95,6872.6097,15820.31,-6.5116718507,0.294031,0.414509,24.1626,1.0467,0.415,0.063744,0.687211,-3.792081,151,0.318351,2499.1687,0.111952,0
591,25.216,7757.12,7011.4434,16253.91,-6.9752842239,0.354631,0.378841,18.0332,0.9927,0.3439,0.070257,0.710909,-6.21334,167,0.296036,2600.5239,0.120864,0
592,25.2587,7460.71,6896.3675,15855.47,-7.1608871361,0.214295,0.369926,17.9668,1.0583,0.4848,0.071981,0.719274,-4.083674,152,0.311173,2517.756,0.116958,0
593,25.3013,7216.91,6961.1124,15796.88,-6.7799476215,0.205205,0.393319,21.3543,1.076,0.4603,0.067543,0.688221,-6.741275,153,0.301654,2545.0209,0.098645,0
594,25.344,7368.06,6901.3105,15996.09,-6.2185544768,0.315467,0.425001,24.8942,1.0228,0.2919,0.061935,0.655117,-4.332327,162,0.309753,2523.1039,0.096447,0
595,25.3867,7296.03,6883.7308,15714.84,-7.046185754,0.122371,0.376969,19.149,1.0903,0.5766,0.070616,0.702413,-5.330757,154,0.310061,2621.8192,0.103284,0
596,25.4293,7404.86,6841.5266,15867.19,-5.5596233112,0.242311,0.484758,32.6158,0.9823,0.1607,0.052412,0.653637,-0.952309,170,0.317418,2403.4703,0.10658,0
597,25.472,7285.71,6857.3744,15457.03,-6.6873236238,0.153331,0.406616,22.8258,1.0621,0.4869,0.065136,0.686502,-7.309934,152,0.305161,2678.1387,0.106947,0
598,25.5147,7386.89,6830.3129,15667.97,-6.4286058983,0.242486,0.416408,24.9326,1.055,0.4446,0.063413,0.697153,-2.229926,170,0.301135,2596.6693,0.102063,0
599,25.5573,7219.1,6800.2363,15410.16,-6.0261787188,0.197931,0.446687,30.3158,1.0646,0.4384,0.058333,0.654534,-0.989485,180,0.310482,2463.2383,0.102307,0
600,25.6,7127.92,6787.8869,15246.09,-6.1262380622,0.255464,0.43912,29.2204,1.0718,0.4499,0.059569,0.6646,-2.367161,165,0.304195,2553.3346,0.101819,0
601,25.6427,7264.6,6919.4489,15890.62,-6.0514560953,0.195067,0.437664,26.8885,1.0101,0.2208,0.05981,0.654937,-4.93098,170,0.318553,2477.3191,0.093151,0
602,25.6853,7315.72,6698.2123,15433.59,-5.7324492509,0.186795,0.471198,31.9848,1.0183,0.3419,0.054466,0.63678,-7.745823,147,0.300038,2483.4802,0.096447,0
603,25.728,6955.44,6748.4468,14917.97,-6.4373155855,0.209272,0.415165,25.6649,1.1362,0.6582,0.06363,0.648922,-5.061165,164,0.307231,2607.7511,0.100354,0
604,25.7707,7191.53,6875.4025,15515.62,-6.7746199176,0.199664,0.385768,20.7358,1.104,0.6144,0.068946,0.667007,-3.793027,159,0.308943,2649.7908,0.09779,0
605,25.8133,7200.43,6797.8222,15257.81,-6.5250793744,0.128686,0.409924,23.2901,1.0875,0.5338,0.064549,0.683267,-2.291109,178,0.303651,2551.662,0.100598,0
606,25.856,7471.67,6911.425,16007.81,-6.0318130971,0.173894,0.446305,28.3723,0.9758,0.2186,0.058395,0.657057,-2.281098,175,0.302304,2559.4581,0.10658,0
607,25.8987,7535.8,6878.1288,15972.66,-6.6876483798,0.289274,0.398603,21.4888,1.0221,0.3773,0.066577,0.702251,-3.44776,155,0.285288,2665.0542,0.106214,0
608,25.9413,7092.26,6791.5572,15257.81,-6.0734198639,0.24789,0.438328,29.8445,1.0859,0.477,0.0597,0.64609,-3.272652,141,0.307171,2497.6583,0.099499,0
609,25.984,7151.93,6878.1717,15644.53,-6.265749573,0.245894,0.425404,25.3964,1.0882,0.4419,0.061866,0.671734,-2.058926,179,0.318823,2602.7432,0.091686,0
610,26.0267,7144.49,6785.2196,15339.84,-6.2697008603,0.201191,0.427912,26.3608,1.0838,0.4784,0.061441,0.675619,-3.132604,156,0.299707,2361.7068,0.103162,0
611,26.0693,7530.86,6840.0273,15750.0,-6.6788097892,0.300884,0.407104,21.4465,1.0369,0.4345,0.065049,0.709777,-5.708797,173,0.295729,2458.9676,0.107679,0
612,26.112,7360.82,6887.729,15761.72,-6.7324417066,0.207628,0.39325,20.1673,1.0585,0.4718,0.067555,0.691219,-7.090307,149,0.318033,2576.2217,0.104749,0
613,26.1547,7634.31,6993.4691,16265.62,-6.5424512128,0.181189,0.41315,22.1008,1.0097,0.2898,0.063982,0.707953,-2.666524,162,0.310915,2463.9497,0.110121,0
614,26.1973,7386.9,6922.3198,15679.69,-6.9221407087,0.302494,0.386832,20.0181,1.0772,0.5183,0.068746,0.705635,-4.025283,167,0.296763,2533.9694,0.104261,0
615,26.24,7209.38,6931.7859,15585.94,-6.893418577,0.181413,0.386613,21.6189,1.0976,0.5567,0.068787,0.684323,-4.012872,172,0.303534,2557.9971,0.098645,0
616,26.2827,7100.04,6838.9227,15375.0,-6.5143437188,0.246144,0.409942,24.9774,1.1004,0.5334,0.064546,0.674638,-4.772531,158,0.302,2522.8327,0.102552,0
617,26.3253,7292.83,6881.4801,15480.47,-6.7554607962,0.251054,0.391469,21.6089,1.0723,0.5042,0.067884,0.68825,-2.54419,150,0.307998,2601.8885,0.103406,0
618,26.368,7044.52,6815.611,15316.41,-5.8325713626,0.224683,0.456466,31.612,1.0506,0.3231,0.056765,0.632338,0.017456,146,0.322231,2363.0666,0.09718,0
619,26.4107,7049.85,6786.1028,15375.0,-5.8677549598,0.239459,0.456746,31.6325,1.073,0.3782,0.056721,0.654799,-7.321909,151,0.304178,2515.7953,0.095837,0
620,26.4533,7333.75,6904.9011,15832.03,-6.7038373753,0.206391,0.395625,21.69,1.086,0.5067,0.067119,0.690253,-1.926797,181,0.325358,2565.6858,0.098889,0
621,26.496,7120.5,6807.6789,15199.22,-6.8579961136,0.154187,0.388737,20.5848,1.1097,0.5914,0.068391,0.688579,-6.00325,149,0.309432,2468.6821,0.095837,0
622,26.5387,7215.19,6913.4609,15562.5,-6.609876294,0.212177,0.406126,23.4919,1.0853,0.4668,0.065223,0.682711,-3.865347,170,0.299436,2467.6778,0.096691,0
623,26.5813,7199.75,6787.1171,15621.09,-5.0610605714,0.230926,0.515992,43.3925,0.9496,0.0011,0.047893,0.560355,1.633239,177,0.306501,2391.6328,0.093761,0
624,26.624,7374.09,7017.9161,15949.22,-7.1175871898,0.150573,0.371564,17.6638,1.0658,0.4563,0.071661,0.697179,-4.533994,160,0.32955,2627.6197,0.098523,0
625,26.6667,7376.76,6921.8022,15820.31,-6.9151631263,0.216981,0.382649,19.2715,1.0771,0.4816,0.069533,0.703764,-2.477631,179,0.315209,2515.0404,0.11122,0
626,26.7093,7610.13,6909.2342,15937.5,-7.3884140585,0.18889,0.356043,14.976,1.0407,0.5189,0.07475,0.727567,-3.240852,149,0.301502,2579.0007,0.110975,0
627,26.752,7428.28,6902.5232,15820.31,-6.5524389343,0.184054,0.40798,21.8629,1.0527,0.4177,0.064894,0.688963,-2.931236,171,0.308078,2459.7875,0.103528,0
628,26.7947,7490.66,7044.2741,16230.47,-6.3818581118,0.239012,0.413845,23.2624,0.9986,0.2276,0.06386,0.654016,-5.17267,147,0.304729,2574.7558,0.100476,0
629,26.8373,7138.11,6731.6187,15503.91,-5.4155474075,0.203407,0.492703,39.3903,1.0296,0.244,0.051236,0.602041,0.252551,177,0.303562,2445.8388,0.10072,0
630,26.88,7169.68,6716.8269,15375.0,-5.4437998013,0.316376,0.487601,36.0987,1.0139,0.2404,0.051989,0.628321,0.456823,170,0.325964,2415.6452,0.096691,0
631,26.9227,7153.25,6825.8235,15445.31,-6.1867342965,0.242304,0.426399,26.3144,1.041,0.3689,0.061697,0.65109,-7.295795,170,0.323769,2657.4064,0.103772,0
632,26.9653,7266.5,6916.3418,15761.72,-6.4554592253,0.197892,0.412428,23.5568,1.0537,0.3919,0.064109,0.678462,-4.159822,160,0.310142,2508.9859,0.107557,0
633,27.008,7373.03,6841.7268,15351.56,-6.9266598441,0.245777,0.38036,20.3796,1.072,0.6323,0.069968,0.691919,-6.181509,170,0.30318,2530.83,0.106825,0
634,27.0507,7654.96,6938.6185,15960.94,-7.250466657,0.211897,0.364108,16.3072,1.0527,0.5583,0.073128,0.727031,-5.176039,163,0.30447,2557.8125,0.11415,0
635,27.0933,7289.36,6892.228,15691.41,-7.1939301003,0.219389,0.365532,17.3654,1.1084,0.621,0.072846,0.705709,-7.589105,136,0.309175,2564.5287,0.116713,0
636,27.136,7427.49,6799.6873,15585.94,-6.1942418057,0.177761,0.4332,25.1932,1.0252,0.3453,0.060552,0.679753,-3.483882,145,0.309082,2513.4514,0.103772,0
637,27.1787,7105.39,6885.661,15597.66,-6.2105801251,0.20965,0.422692,25.3584,1.0769,0.3834,0.062329,0.646281,-0.470303,159,0.318925,2549.028,0.09486,0
638,27.2213,7040.93,6766.1956,15281.25,-5.981225284,0.141323,0.446879,31.0254,1.0691,0.3847,0.058302,0.64108,-4.950771,153,0.32091,2398.8093,0.099866,0
639,27.264,7037.11,6638.7336,14917.97,-5.288913827,0.195854,0.501328,40.0957,1.0082,0.1964,0.04998,0.592369,-0.421286,149,0.305215,2206.5931,0.093395,0
640,27.3067,7213.75,6786.1259,15539.06,-5.2812914885,0.269672,0.504002,38.5948,0.9709,0.0663,0.049595,0.62115,-1.115912,163,0.309257,2247.9556,0.08253,0
641,27.3493,7097.41,6815.9552,15445.31,-5.7367750232,0.228935,0.473028,33.4546,1.0285,0.2444,0.054185,0.626182,-1.478771,152,0.295004,2302.2073,0.095593,0
642,27.392,7456.17,6855.7168,15808.59,-6.4638352986,0.182581,0.417104,24.4987,1.0299,0.4076,0.063293,0.691106,-1.115691,181,0.302376,2555.9037,0.104993,0
643,27.4347,7170.91,6839.9299,15527.34,-6.2938237848,0.231763,0.426174,26.0364,1.0684,0.424,0.061735,0.672839,-4.979095,172,0.305886,2420.3193,0.104627,0
644,27.4773,7283.19,6906.7727,15785.16,-6.4904713933,0.281089,0.41052,24.5449,1.0565,0.4023,0.064444,0.666685,-0.387686,156,0.310497,2434.2631,0.100598,0
645,27.52,7399.37,6904.4207,15644.53,-7.1530909957,0.156658,0.371665,17.9845,1.0651,0.5389,0.071641,0.708164,-7.279145,171,0.307075,2585.475,0.093639,0
646,27.5627,7462.44,6883.7939,15843.75,-6.7626073781,0.16193,0.399477,20.6144,1.0509,0.4573,0.066418,0.705,-1.693445,184,0.296991,2548.1964,0.098523,0
647,27.6053,7363.34,6834.3731,15820.31,-6.4815187242,0.255621,0.419396,25.3877,1.0677,0.4585,0.062896,0.694449,-1.907454,167,0.313388,2518.5517,0.110731,0
648,27.648,7314.85,6863.0781,15691.41,-6.4307694902,0.30092,0.421089,23.2881,1.0376,0.3623,0.062604,0.682978,-2.19381,157,0.322004,2576.3363,0.106214,0
649,27.6907,6987.72,6609.3527,15000.0,-5.5651560365,0.23516,0.48741,38.3208,1.0462,0.3302,0.052018,0.617649,-1.896443,162,0.311589,2304.9186,0.094006,0
650,27.7333,7012.3,6753.8638,15058.59,-6.0734790547,0.198992,0.442125,28.52,1.0939,0.4674,0.059076,0.658223,-6.19096,159,0.308997,2433.0154,0.096814,0
651,27.776,7746.86,6978.554,16265.62,-6.8214079958,0.177564,0.39092,19.6123,0.9965,0.3707,0.067985,0.70404,-4.214987,152,0.315449,2492.0544,0.104505,0
652,27.8187,7283.49,6926.7598,15703.12,-6.7199724787,0.147258,0.399839,20.931,1.063,0.4415,0.066352,0.68358,-6.252274,171,0.301844,2482.2549,0.104749,0
653,27.8613,7470.1,6885.3759,15632.81,-6.714537648,0.250059,0.401879,20.5492,1.0338,0.4117,0.065984,0.705996,-3.342078,169,0.309234,2497.1958,0.103406,0
654,27.904,7531.56,6832.1286,15785.16,-6.5834765353,0.263648,0.398374,21.575,1.0491,0.4844,0.066618,0.693927,-3.277446,166,0.307725,2672.2699,0.106092,0
655,27.9467,7224.8,6845.0635,15410.16,-6.6546161751,0.202693,0.404463,22.2341,1.0798,0.5081,0.06552,0.683773,-3.558896,152,0.306817,2477.4255,0.103772,0
656,27.9893,7431.69,6890.3033,15785.16,-6.7706210062,0.18135,0.390294,20.8644,1.0729,0.5002,0.068101,0.70713,-3.456991,161,0.300341,2565.5574,0.108778,0
657,28.032,7604.29,7017.7263,16242.19,-6.5495964441,0.198121,0.40275,21.9699,1.0054,0.306,0.065827,0.693162,-3.975259,163,0.311673,2550.6333,0.11122,0
658,28.0747,7609.02,6904.1298,16042.97,-6.6900267003,0.203207,0.401547,20.8517,1.0276,0.417,0.066044,0.715452,-2.546144,171,0.299409,2540.0608,0.109022,0
659,28.1173,7364.49,6951.1348,15750.0,-7.101093337,0.159947,0.374553,17.7912,1.0935,0.558,0.071081,0.701052,-4.794525,167,0.306234,2577.3918,0.104261,0
660,28.16,7247.94,6838.7695,15457.03,-6.6379729574,0.201841,0.401181,21.3945,1.0792,0.4992,0.06611,0.689801,-4.196097,167,0.314587,2441.0342,0.102307,0
661,28.2027,7180.65,6831.3244,15421.88,-7.0116100279,0.216229,0.374444,18.084,1.1104,0.6192,0.071102,0.702931,-3.645198,172,0.31818,2522.01,0.104383,0
662,28.2453,7217.24,6901.2772,15726.56,-6.8713434127,0.326602,0.385666,20.089,1.0877,0.5172,0.068965,0.698622,-6.982845,167,0.316945,2533.673,0.098523,0
663,28.288,6818.43,6794.8449,15117.19,-5.9994280181,0.209718,0.444297,31.569,1.1191,0.4678,0.058721,0.621738,-7.333002,167,0.305209,2359.5725,0.09132,0
664,28.3307,7343.36,6975.977,15878.91,-6.5956820545,0.368594,0.408767,23.2601,1.0667,0.4388,0.064754,0.67239,-5.201343,154,0.317633,2466.0073,0.091076,0
665,28.3733,7396.31,6866.9341,15750.0,-7.0252472467,0.268974,0.372795,18.6016,1.0702,0.5311,0.071422,0.707684,-4.634089,166,0.298168,2579.868,0.104871,0
666,28.416,7414.52,6895.2662,15832.03,-6.3765665771,0.278427,0.425561,24.9036,1.058,0.422,0.06184,0.692698,-2.255367,151,0.304466,2449.7488,0.11122,0
667,28.4587,7611.11,6854.0312,15996.09,-6.2532124303,0.181651,0.438646,25.4423,1.0017,0.2905,0.059648,0.708153,-2.058597,149,0.286242,2450.1961,0.112318,0
668,28.5013,7216.45,6847.7913,15550.78,-5.9243916455,0.205959,0.457897,29.6307,1.0334,0.2884,0.056539,0.655226,-3.066643,154,0.297271,2511.6937,0.103528,0
669,28.544,7151.63,6818.3093,15363.28,-5.8318326926,0.178766,0.463184,32.0455,1.0581,0.3706,0.055708,0.646204,-1.968245,164,0.297572,2360.9962,0.094372,0
670,28.5867,7139.99,6795.3019,15328.12,-6.390825334,0.378596,0.418658,24.7467,1.1031,0.5314,0.063023,0.675657,-7.173746,161,0.304637,2601.9922,0.096814,0
671,28.6293,7117.83,6778.1849,15328.12,-5.7950749436,0.192742,0.459606,31.6523,1.0448,0.3296,0.056269,0.631788,-0.812873,163,0.31458,2426.8987,0.093395,0
672,28.672,7349.95,6818.3876,15832.03,-6.3438474998,0.207821,0.416102,23.0265,1.0369,0.3437,0.063467,0.688717,-5.553955,148,0.314933,2606.8576,0.101575,0
673,28.7147,7144.15,6749.0844,15351.56,-5.7038932873,0.186117,0.466949,32.9016,1.0329,0.3304,0.055122,0.607877,-0.398103,165,0.318141,2371.5419,0.107069,0
674,28.7573,7390.83,6869.8331,15632.81,-6.7460682715,0.232615,0.39815,21.1148,1.0719,0.519,0.066659,0.707862,-4.604797,175,0.308489,2520.7035,0.103406,0
675,28.8,7281.08,6795.987,15562.5,-6.1242121652,0.196196,0.448805,28.7634,1.0558,0.3929,0.05799,0.680364,-1.517616,158,0.291483,2497.8913,0.100354,0
676,28.8427,7281.94,6805.9707,15808.59,-5.9369872354,0.227888,0.46607,30.7124,1.0306,0.2599,0.055258,0.670825,0.116281,143,0.293908,2475.8458,0.097912,0
677,28.8853,7412.53,6868.0898,15667.97,-6.347078369,0.119595,0.423906,24.3499,1.0265,0.3615,0.062122,0.665747,-4.147314,160,0.29634,2651.5514,0.105726,0
678,28.928,7429.9,6904.4653,15843.75,-6.6364911735,0.189652,0.402299,21.4808,1.0351,0.3995,0.065908,0.694421,-5.742401,172,0.312434,2518.2726,0.10072,0
679,28.9707,7222.76,6857.4191,15421.88,-6.8859993336,0.217797,0.381454,20.2676,1.0997,0.5755,0.06976,0.681012,-4.566959,162,0.313081,2494.551,0.098645,0
680,29.0133,7034.78,6759.1717,15164.06,-6.2175847423,0.200067,0.435853,27.7596,1.0688,0.4313,0.06011,0.649197,-9.233811,164,0.319343,2525.0594,0.096814,0
681,29.056,7227.31,6847.5615,15527.34,-5.9000486416,0.29808,0.458146,30.9466,1.0515,0.3409,0.056499,0.658637,-1.814462,167,0.307447,2425.7681,0.095715,0
682,29.0987,7611.82,6934.3338,16160.16,-6.1701917721,0.210319,0.43867,25.7015,0.9738,0.2476,0.059644,0.675143,-1.362784,155,0.300584,2611.8511,0.108168,0
683,29.1413,7216.48,6854.2562,15585.94,-6.2064430703,0.251639,0.434671,26.9371,1.0552,0.3682,0.060307,0.667572,-6.535278,155,0.304532,2438.122,0.104261,0
684,29.184,7425.89,6803.2523,15808.59,-6.009103524,0.182647,0.448505,29.946,1.0335,0.37,0.058039,0.669256,-2.627875,129,0.292084,2434.2382,0.100476,0
685,29.2267,7650.42,6954.1496,16277.34,-6.1499281094,0.146231,0.452757,27.5388,0.9523,0.1541,0.057356,0.691803,-2.578739,148,0.293019,2385.6913,0.106702,0
686,29.2693,7410.96,6815.348,15550.78,-6.5101744549,0.241808,0.417889,23.5869,1.0743,0.4933,0.063156,0.709504,-5.296069,161,0.300912,2476.5195,0.10658,0
687,29.312,7352.16,6888.7619,15750.0,-6.2872281851,0.190141,0.426058,24.216,1.0249,0.3221,0.061755,0.680504,-5.197945,177,0.303036,2448.7437,0.105848,0
688,29.3547,7279.18,6826.1069,15492.19,-6.0790944391,0.1896,0.448845,28.7687,1.0381,0.3648,0.057984,0.667678,-1.678879,174,0.301005,2491.3012,0.101575,0
689,29.3973,7067.54,6719.3418,15351.56,-5.5339951657,0.17747,0.479224,35.9599,1.043,0.2963,0.053244,0.624087,-1.172159,150,0.303151,2389.971,0.098279,0
690,29.44,7426.62,6859.4917,15714.84,-6.2071720302,0.299836,0.425967,25.4394,1.0283,0.3563,0.061771,0.65731,-3.493912,179,0.326703,2556.7316,0.09779,0
691,29.4827,6968.1,6729.5233,15222.66,-5.54709688,0.211917,0.472177,34.7798,1.0451,0.2768,0.054316,0.620885,-7.566852,157,0.314175,2370.9658,0.102674,0
692,29.5253,7297.29,6851.349,15515.62,-6.7025542592,0.234158,0.395988,22.9407,1.0663,0.5022,0.067053,0.674815,-3.158371,182,0.306537,2471.9263,0.102552,0
693,29.568,7230.85,6930.6884,15738.28,-7.0634757413,0.213799,0.371357,19.0272,1.0719,0.4697,0.071701,0.678129,-5.93408,174,0.308882,2545.4331,0.098889,0
694,29.6107,7437.25,6804.2469,15714.84,-6.4319765368,0.267674,0.418916,25.1397,1.0527,0.4299,0.062979,0.696154,-5.03595,175,0.310484,2589.3922,0.107557,0
695,29.6533,7330.06,6862.2523,15796.88,-6.2415499548,0.200323,0.432758,25.2724,1.0425,0.3236,0.060626,0.692371,-4.782057,159,0.30263,2690.6094,0.104505,0
696,29.696,7290.31,6771.9791,15714.84,-5.4590410535,0.241247,0.483741,35.4527,1.0159,0.2352,0.052564,0.623932,-1.378836,163,0.309026,2395.6725,0.099622,0
697,29.7387,7246.21,6870.8924,15656.25,-6.197481299,0.157726,0.437606,28.534,1.0525,0.4125,0.059819,0.673746,-2.586889,173,0.308452,2592.2455,0.10011,0
698,29.7813,7160.51,6893.5324,15503.91,-6.581735272,0.215335,0.409131,24.9816,1.1072,0.5276,0.06469,0.693486,-4.470436,177,0.300104,2639.2903,0.095104,0
699,29.824,7015.8,6735.626,15386.72,-5.1704150309,0.1673,0.51314,42.58,0.9855,0.0561,0.048294,0.56706,-0.120351,160,0.317235,2101.6602,0.091198,0
700,29.8667,7171.97,6819.2755,15281.25,-6.6660134958,0.090252,0.404472,22.7122,1.0738,0.4956,0.065519,0.682174,-1.484516,174,0.319121,2580.4665,0.096447,0
701,29.9093,7471.5,6911.2432,16089.84,-5.8770887104,0.140669,0.460966,29.7957,0.9859,0.192,0.056055,0.654773,-1.150918,161,0.305332,2512.6096,0.100476,0
702,29.952,7268.19,6789.4764,15421.88,-5.7363953916,0.245897,0.468344,31.4412,1.0218,0.2711,0.054906,0.659734,-0.272294,157,0.299637,2345.4626,0.100232,0
703,29.9947,7283.37,6835.0281,15503.91,-6.2250502461,0.180244,0.435362,26.1393,1.0401,0.3971,0.060192,0.668918,-0.630754,159,0.292901,2457.28,0.103528,0
704,30.0373,7293.81,6834.2662,15679.69,-5.8245681466,0.291065,0.460378,29.8021,1.0381,0.3119,0.056148,0.633398,-0.42616,161,0.30642,2356.4089,0.105482,0
705,30.08,7293.14,6851.7526,15667.97,-6.1977732585,0.281994,0.439098,26.6856,1.0257,0.3194,0.059573,0.681348,-7.155105,160,0.307334,2445.1745,0.100598,0
706,30.1227,7425.12,6872.2856,15808.59,-6.1060260898,0.201236,0.442732,26.9363,1.0189,0.306,0.058977,0.683712,-2.404054,172,0.307998,2470.4336,0.102307,0
707,30.1653,7252.41,6791.8462,15562.5,-5.9073876905,0.19862,0.453794,29.4394,1.0295,0.261,0.05719,0.668174,-2.902401,154,0.309392,2501.457,0.10597,0
708,30.208,7721.94,6929.3266,16253.91,-6.1712927586,0.233899,0.432457,24.1735,0.9647,0.1739,0.060676,0.699623,-3.8443,148,0.308996,2613.7246,0.109999,0
709,30.2507,7567.17,6906.3617,15808.59,-6.9151111889,0.228523,0.388522,17.9191,1.0241,0.4098,0.068431,0.7029,-4.84059,161,0.318912,2443.1532,0.110609,0
710,30.2933,7383.54,6981.1946,15820.31,-6.8142573893,0.123346,0.3885,20.2628,1.0673,0.4584,0.068435,0.690485,-5.708984,152,0.303863,2505.1904,0.104505,0
711,30.336,7163.51,6820.9425,15445.31,-6.6169908973,0.119952,0.408168,23.1386,1.1032,0.5391,0.06486,0.684877,-3.290606,136,0.304879,2484.967,0.102918,0
712,30.3787,7384.89,6903.4918,15656.25,-6.9016898083,0.144484,0.388343,20.149,1.049,0.4575,0.068464,0.678543,-4.335661,174,0.307599,2451.8795,0.102552,0
713,30.4213,7324.72,6852.8083,15550.78,-6.3647542321,0.138436,0.42651,24.3119,1.0488,0.4102,0.061678,0.682424,-0.939341,185,0.303272,2540.9288,0.106825,0
714,30.464,7224.84,6824.5471,15457.03,-6.0047441292,0.158924,0.439452,28.2752,1.0487,0.3681,0.059515,0.673912,-4.591183,142,0.321652,2493.9385,0.101941,0
715,30.5067,7186.54,6778.396,15550.78,-5.7021397764,0.230436,0.478154,32.7136,1.0065,0.1734,0.053405,0.662744,-0.913182,166,0.305367,2429.9,0.095471,0
716,30.5493,7353.63,6754.27,15714.84,-5.1393098124,0.272409,0.518646,40.0125,0.9479,0.0403,0.047522,0.598474,0.079086,161,0.290803,2190.5271,0.092419,0
717,30.592,7075.1,6733.5014,15386.72,-5.4096463018,0.159619,0.496932,36.4443,1.0218,0.1994,0.050617,0.639275,-8.267607,138,0.304401,2198.4079,0.084483,0
718,30.6347,7211.46,6771.3559,15433.59,-5.4976122603,0.128891,0.486885,36.3295,0.9892,0.157,0.052096,0.624896,-4.852152,189,0.295725,2273.2775,0.094494,0
719,30.6773,7203.03,6806.7504,15574.22,-5.6348541223,0.171438,0.474339,32.6546,0.9811,0.1429,0.053985,0.631637,-1.8087,153,0.300396,2365.3712,0.104017,0
720,30.72,7405.7,6823.6053,15574.22,-6.3898957221,0.218618,0.427474,25.9743,1.0302,0.4017,0.061515,0.68027,-4.439254,172,0.30565,2575.739,0.102552,0
721,30.7627,7305.35,6847.9889,15562.5,-6.1791500981,0.167489,0.438578,27.4735,1.0384,0.3517,0.059659,0.680056,-1.922967,185,0.293425,2643.4703,0.101087,0
722,30.8053,7368.83,6824.8103,15585.94,-6.4511374661,0.147832,0.418645,23.9794,1.0463,0.4138,0.063026,0.695289,-2.573084,142,0.296407,2454.3969,0.102552,0
723,30.848,7562.69,6859.7585,15914.06,-6.3419425366,0.178876,0.431602,24.8482,0.9889,0.2777,0.060819,0.704493,-2.041083,159,0.310128,2457.1413,0.105482,0
724,30.8907,7143.92,6749.7054,15281.25,-6.3488595043,0.259918,0.424892,24.9569,1.1084,0.5518,0.061954,0.680321,-1.299772,163,0.312796,2432.9148,0.099744,0
725,30.9333,7396.81,6877.327,15726.56,-6.3164389515,0.208023,0.421579,24.9551,1.0621,0.416,0.06252,0.693656,-5.878399,168,0.315545,2473.036,0.106092,0
726,30.976,7413.35,6873.4331,15738.28,-7.3222619889,0.19877,0.358005,16.5155,1.1139,0.671,0.074352,0.723213,-2.567373,148,0.305366,2554.5929,0.111586,0
727,31.0187,7369.73,6885.1262,15761.72,-6.5450083604,0.152043,0.412022,22.9046,1.0662,0.461,0.06418,0.687992,-1.138676,169,0.29761,2474.952,0.10658,0
728,31.0613,7324.41,6930.4002,15832.03,-6.4633274694,0.213805,0.411454,24.9515,1.0433,0.3667,0.06428,0.674309,-4.119254,151,0.308593,2532.523,0.100598,0
729,31.104,7257.41,6818.4904,15539.06,-6.4874248101,0.238347,0.418613,24.55,1.0777,0.4653,0.063031,0.694144,-1.64628,169,0.296766,2557.2599,0.09486,0
730,31.1467,7394.31,6832.0259,15738.28,-5.7416749205,0.215145,0.464908,30.7852,0.9914,0.2137,0.055439,0.644883,-1.157503,185,0.300676,2532.8509,0.099133,0
731,31.1893,7503.77,6966.0057,16019.53,-6.67167772,0.159386,0.401925,20.4169,1.0112,0.3387,0.065976,0.682067,-5.175884,151,0.305974,2546.7236,0.103406,0
732,31.232,7162.45,6797.252,15468.75,-5.7891858744,0.247276,0.466978,32.2257,1.0288,0.244,0.055117,0.63495,-4.982501,172,0.322031,2408.496,0.095959,0
733,31.2747,7164.56,6796.1943,15257.81,-6.1577282971,0.20819,0.435017,27.1253,1.0588,0.4089,0.060249,0.653884,-4.940545,183,0.300342,2428.2702,0.095104,0
734,31.3173,7089.91,6714.2987,15035.16,-6.1350665714,0.182246,0.440713,28.4306,1.067,0.4567,0.059307,0.661613,-5.600771,146,0.294726,2446.6934,0.096447,0
735,31.36,7339.4,6826.4835,15597.66,-6.0292043599,0.223978,0.451518,28.2029,1.0106,0.2909,0.057554,0.660146,-1.161956,173,0.296898,2535.1457,0.097668,0
736,31.4027,7092.76,6818.6131,15527.34,-6.3110508808,0.218455,0.428907,26.5529,1.0839,0.4371,0.061273,0.673455,-5.766346,165,0.29637,2479.2725,0.095837,0
737,31.4453,7036.72,6791.2673,15281.25,-6.1179066007,0.255793,0.439286,27.9291,1.0696,0.4005,0.059542,0.657909,-7.110514,154,0.303068,2439.0532,0.091808,0
738,31.488,7372.61,6931.5141,15808.59,-6.6937485442,0.248409,0.395567,21.8397,1.0452,0.414,0.06713,0.675985,-4.199775,159,0.315903,2481.9735,0.104261,0
739,31.5307,7160.67,6844.0599,15691.41,-5.8900014856,0.147411,0.457718,30.8886,1.0361,0.274,0.056567,0.65207,-0.285486,165,0.319701,2366.6595,0.104627,0
740,31.5733,7250.5,6953.9313,15750.0,-6.2089859362,0.1269,0.43432,26.5188,1.0166,0.2615,0.060365,0.668909,-6.373437,165,0.301348,2447.4959,0.094616,0
741,31.616,7440.03,6950.8995,15832.03,-7.0781154169,0.177942,0.369288,18.0594,1.064,0.4925,0.072106,0.710928,-3.511422,178,0.301661,2481.7721,0.096203,0
742,31.6587,7283.29,6849.6934,15761.72,-5.9018184427,0.206749,0.459838,30.3105,1.01,0.2335,0.056233,0.640448,-1.242065,155,0.305216,2361.0205,0.099255,0
743,31.7013,7558.89,6929.5081,15984.38,-7.0970283231,0.156192,0.370547,17.8697,1.0583,0.5349,0.071859,0.708388,-3.218832,154,0.310042,2410.5179,0.100354,0
744,31.744,7351.16,6843.878,15527.34,-6.9911135781,0.194664,0.387054,20.1157,1.0986,0.6058,0.068705,0.710811,-7.722973,152,0.300925,2520.617,0.104383,0
745,31.7867,7522.2,7024.8294,16183.59,-6.3905930782,0.229618,0.422258,22.7461,1.0133,0.2623,0.062404,0.689252,-6.347199,144,0.292442,2375.4573,0.110609,0
746,31.8293,7378.54,6968.1315,15855.47,-6.9413493808,0.26624,0.376093,18.1542,1.0439,0.4103,0.070784,0.693677,-5.064122,150,0.299824,2535.0126,0.107557,0
747,31.872,7234.44,6839.3621,15562.5,-6.1280817859,0.262011,0.426727,26.3158,1.0407,0.3369,0.061642,0.646777,-0.697563,147,0.327192,2552.7242,0.105237,0
748,31.9147,7352.19,6887.1089,15691.41,-6.3169068432,0.228267,0.422936,24.0569,1.0239,0.3588,0.062288,0.672047,-6.573204,177,0.305444,2601.8012,0.106092,0
749,31.9573,7393.93,6943.634,15820.31,-6.705626705,0.175171,0.402305,21.4557,1.036,0.383,0.065907,0.692736,-4.486206,172,0.315655,2558.0529,0.102063,0
750,32.0,7315.1,6948.5083,15750.0,-6.9438902044,0.206096,0.385255,20.0001,1.0776,0.4929,0.069042,0.69406,-5.37896,174,0.298436,2569.3855,0.110853,0
751,32.0427,7233.96,6811.6446,15527.34,-6.2321745684,0.168626,0.426701,26.8893,1.0435,0.4109,0.061646,0.662887,-6.041481,180,0.297879,2554.4894,0.110243,0
752,32.0853,7256.91,6880.4545,15750.0,-6.7761724763,0.216374,0.395681,21.4468,1.0844,0.4827,0.067109,0.697151,-5.237207,146,0.301409,2494.4675,0.103162,0
753,32.128,7303.02,6819.5019,15773.44,-6.1735229877,0.179412,0.437391,27.0839,1.0252,0.3354,0.059855,0.667698,-2.325964,170,0.310784,2538.0424,0.102429,0
754,32.1707,7083.78,6847.2616,15457.03,-6.4278376672,0.209936,0.417945,23.898,1.0758,0.4213,0.063147,0.672623,-4.364153,146,0.291894,2468.4656,0.099133,0
755,32.2133,7253.77,6736.7296,15363.28,-6.2453838379,0.338576,0.433769,25.657,1.056,0.4027,0.060457,0.681746,-1.464303,157,0.310558,2376.3886,0.099011,0
756,32.256,7382.31,6899.3322,15761.72,-6.1990684042,0.35067,0.431494,26.9595,1.0128,0.2879,0.060838,0.670964,-3.963828,159,0.309059,2465.0456,0.102063,0
757,32.2987,7036.92,6838.3149,15351.56,-6.7147848542,0.150808,0.400618,22.2166,1.0897,0.4838,0.066212,0.687313,-4.631962,173,0.305992,2557.4114,0.100476,0
758,32.3413,7526.1,6866.2928,15832.03,-6.4406522993,0.310517,0.417732,23.9857,1.0309,0.4076,0.063184,0.697583,-1.763304,150,0.307506,2523.3922,0.100964,0
759,32.384,7080.75,6792.6675,15246.09,-6.7466398905,0.199289,0.384999,20.6012,1.111,0.5948,0.06909,0.672098,-2.831669,139,0.301224,2498.4758,0.10072,0
760,32.4267,7258.02,6955.5074,15972.66,-6.6395591291,0.288066,0.404882,21.9339,1.0635,0.3598,0.065445,0.689118,-3.451949,173,0.320051,2459.5497,0.099744,0
761,32.4693,7349.42,6841.238,15750.0,-6.4474350418,0.232638,0.418326,24.3883,1.0573,0.4145,0.063081,0.698563,-2.944248,156,0.305636,2440.1567,0.104871,0
762,32.512,7179.17,6761.6651,15222.66,-6.3359264835,0.160203,0.421848,24.7078,1.0802,0.5059,0.062474,0.682473,-7.012925,146,0.316093,2460.6084,0.099988,0
763,32.5547,7516.12,6969.2093,15984.38,-6.923840365,0.30965,0.389334,19.3515,1.0414,0.4074,0.06828,0.71289,-5.004712,148,0.310365,2611.0318,0.104627,0
764,32.5973,7667.11,6944.1107,16007.81,-7.5576698841,0.223297,0.340054,14.7996,1.0475,0.5854,0.078075,0.730859,-3.441147,167,0.299427,2536.3762,0.114516,0
765,32.64,7318.91,6782.3664,15468.75,-6.2833185245,0.21291,0.433209,25.5546,1.0598,0.4338,0.06055,0.696491,-1.166795,145,0.30183,2513.3579,0.10658,0
766,32.6827,7089.74,6738.4143,15292.97,-5.6800721614,0.156596,0.468769,33.0165,1.0273,0.2489,0.05484,0.638088,-0.198627,168,0.310349,2304.9407,0.09486,0
767,32.7253,7310.52,6817.931,15597.66,-5.8571269133,0.174788,0.459109,30.8593,1.0627,0.3643,0.056347,0.660287,-0.713987,153,0.30117,2317.0666,0.092541,0
768,32.768,7392.09,6849.1776,15820.31,-5.8067002654,0.145736,0.465312,31.0015,0.997,0.2473,0.055376,0.643812,-5.264079,168,0.297898,2543.6376,0.090953,0
769,32.8107,6978.44,6781.0904,15093.75,-6.4253876304,0.18984,0.417746,25.8039,1.1109,0.5296,0.063181,0.672089,-3.541665,179,0.311056,2506.632,0.091198,0
770,32.8533,7391.86,6746.92,15480.47,-6.3823546212,0.320891,0.4221,24.3586,1.0711,0.521,0.062431,0.695063,-5.88981,167,0.32544,2410.3197,0.097058,0
771,32.896,7196.61,6735.9866,15386.72,-5.1485752302,0.303188,0.501834,40.1247,0.9858,0.1082,0.049907,0.598679,-0.044528,153,0.30903,2184.8525,0.093517,0
772,32.9387,7301.06,6836.9197,15679.69,-6.0258796442,0.220476,0.447466,28.301,1.007,0.2578,0.058207,0.661413,-0.459297,156,0.306858,2546.1206,0.095837,0
773,32.9813,7329.98,6873.5334,15621.09,-6.6236353077,0.194641,0.401423,21.8836,1.0795,0.4984,0.066066,0.692838,-5.059903,172,0.319673,2611.4355,0.107191,0
774,33.024,7188.91,6879.1805,15445.31,-7.4209234583,0.161869,0.353306,16.681,1.1436,0.7486,0.075308,0.715197,-7.304039,155,0.308161,2566.6641,0.109877,0
775,33.0667,7440.63,6902.2422,15796.88,-6.9410910051,0.232775,0.376924,18.7645,1.0879,0.6013,0.070624,0.706046,-3.690438,157,0.298721,2586.7054,0.108656,0
776,33.1093,7383.38,6795.7736,15375.0,-7.3658823115,0.251225,0.359294,16.6633,1.1388,0.7955,0.074092,0.72701,-3.075317,154,0.298515,2497.4377,0.112196,0
777,33.152,7677.89,6903.2388,16066.41,-7.4117684615,0.249602,0.352336,15.1753,1.0523,0.5509,0.075507,0.737409,-3.57556,183,0.297059,2568.8956,0.113051,0
778,33.1947,7493.7,6785.7203,15796.88,-6.6676125078,0.267165,0.405434,21.921,1.0502,0.4879,0.065347,0.704461,-1.360298,177,0.30132,2450.14,0.106825,0
779,33.2373,7213.17,6841.8731,15421.88,-6.5484036914,0.144821,0.411206,23.2291,1.089,0.5076,0.064323,0.678697,-1.884755,146,0.294136,2412.3705,0.102796,0
780,33.28,7211.55,6814.5932,15398.44,-6.1468564124,0.188118,0.437726,28.1773,1.0598,0.4113,0.0598,0.666568,-2.472139,184,0.305575,2592.2933,0.10829,0
781,33.3227,7507.18,6943.6339,16019.53,-7.2450001838,0.252796,0.364901,15.6293,1.0643,0.486,0.072971,0.723789,-5.226993,166,0.314042,2488.3027,0.119888,0
782,33.3653,7675.61,6886.4395,16042.97,-7.4738156241,0.214309,0.34011,14.3807,1.0638,0.5884,0.078063,0.730517,-2.569856,175,0.306135,2648.8167,0.113539,0
783,33.408,7291.7,6896.481,15738.28,-7.2043829355,0.246213,0.365718,17.255,1.1244,0.6341,0.072809,0.716554,-3.795587,138,0.306208,2516.5705,0.103406,0
784,33.4507,7264.5,6877.2077,15761.72,-6.3435344171,0.167766,0.422401,25.716,1.0636,0.4224,0.062379,0.678552,-6.800118,155,0.296607,2593.2675,0.097058,0
785,33.4933,7124.5,6778.9751,15750.0,-5.1535918499,0.29038,0.514132,41.8989,0.9983,0.05,0.048154,0.599962,-2.016264,151,0.299465,2216.1954,0.086314,0
786,33.536,7033.69,6687.3166,15246.09,-4.9469545968,0.13018,0.526636,48.307,0.9675,0.0293,0.046415,0.53164,1.273964,173,0.3058,2217.1866,0.091076,0
787,33.5787,7330.54,6940.8821,15914.06,-6.3304894855,0.17895,0.428716,25.9025,1.0067,0.2424,0.061305,0.677055,-5.126178,158,0.315921,2536.1078,0.09779,0
788,33.6213,7274.85,6877.6008,15667.97,-6.1310250745,0.205377,0.448772,29.2815,1.0357,0.3336,0.057996,0.663955,-2.116723,132,0.300502,2365.0161,0.098401,0
789,33.664,7295.2,6864.5907,15539.06,-6.8426845427,0.139965,0.389672,20.3785,1.0865,0.5538,0.068217,0.698048,-2.954997,150,0.312162,2449.0469,0.105726,0
790,33.7067,7272.31,6812.2465,15667.97,-6.3437142393,0.140195,0.420349,23.5619,1.0191,0.3174,0.062732,0.653561,-2.053311,168,0.307182,2469.0948,0.102185,0
791,33.7493,7433.91,6794.4715,15691.41,-5.470022261,0.133481,0.486098,33.5728,0.9224,0.0677,0.052213,0.62832,-5.162589,172,0.304151,2346.9009,0.093273,0
792,33.792,7276.84,6743.8395,15433.59,-5.6746516594,0.257212,0.467516,31.1439,1.0026,0.257,0.055034,0.650945,-5.124727,159,0.309113,2428.8152,0.094494,0
793,33.8347,7393.26,6858.0148,15808.59,-6.3522215304,0.243341,0.419978,25.1541,1.0122,0.301,0.062796,0.673361,-2.437061,149,0.298183,2484.2696,0.102918,0
794,33.8773,7408.08,6883.4412,15609.38,-6.6651495103,0.196711,0.399371,21.1448,1.0562,0.4482,0.066437,0.685908,-6.910256,139,0.313504,2799.3502,0.106336,0
795,33.92,7158.25,6715.3978,15246.09,-5.7513435243,0.142637,0.463423,31.6531,1.0298,0.3367,0.05567,0.631164,-4.44947,178,0.310205,2490.8227,0.09779,0
796,33.9627,7195.36,6850.452,15597.66,-6.3581022035,0.180985,0.420287,24.9528,1.0631,0.4048,0.062742,0.669115,-6.075108,164,0.298467,2594.8849,0.093884,0
797,34.0053,7421.05,6834.5958,15562.5,-6.2771869045,0.184708,0.433139,26.9734,1.0426,0.395,0.060562,0.674638,-6.192648,146,0.313744,2411.2847,0.10304,0
798,34.048,7510.6,6901.7542,15960.94,-6.5251944425,0.13248,0.415181,23.0931,1.006,0.3251,0.063627,0.694303,-4.56174,160,0.293778,2584.053,0.106214,0
799,34.0907,7285.72,6864.595,15667.97,-6.6492700612,0.148559,0.401019,21.4382,1.0903,0.5258,0.066139,0.695839,-2.674307,183,0.296817,2514.3354,0.10304,0
800,34.1333,7447.73,6862.5488,15410.16,-6.9502234126,0.197088,0.380853,18.8931,1.0683,0.5663,0.069874,0.714472,-4.611693,166,0.305971,2513.3982,0.10951,0
801,34.176,7452.63,6905.3116,15761.72,-7.4168586552,0.188254,0.352816,16.1566,1.1062,0.6821,0.075409,0.72797,-4.733604,141,0.290206,2551.724,0.11122,0
802,34.2187,7515.49,6829.7126,15843.75,-6.0743884686,0.185797,0.446239,28.6338,1.001,0.3076,0.058405,0.670811,-5.202791,159,0.315118,2462.2294,0.106214,0
803,34.2613,7449.28,6876.6258,15714.84,-6.1785158197,0.149295,0.436508,26.0543,0.9976,0.2683,0.060001,0.676377,-4.906128,164,0.299264,2503.6172,0.102796,0
804,34.304,7233.55,6866.7145,15656.25,-6.0967935803,0.22494,0.442811,26.285,1.0194,0.2633,0.058964,0.646369,-6.718257,145,0.311451,2468.2936,0.09718,0
805,34.3467,7072.12,6869.1051,15363.28,-6.3504733367,0.163764,0.421305,26.3737,1.0767,0.4362,0.062567,0.651737,-3.136167,182,0.337247,2486.0553,0.095837,0
806,34.3893,7027.44,6769.4363,15328.12,-5.6749304925,0.222874,0.466474,32.3438,1.0499,0.3185,0.055195,0.618305,-5.70759,143,0.310519,2424.5342,0.092419,0
807,34.432,7119.63,6818.5229,15246.09,-6.754462726,0.224749,0.391278,22.2214,1.1216,0.6676,0.067919,0.677283,-4.965914,156,0.323687,2612.8167,0.093395,0
808,34.4747,7239.73,6875.4364,15644.53,-6.4656839798,0.199263,0.421425,23.7156,1.0607,0.4017,0.062547,0.686085,-6.388089,158,0.32052,2526.6558,0.105726,0
809,34.5173,7554.37,6908.7459,15820.31,-6.7652382827,0.248492,0.395365,20.5536,1.0721,0.5345,0.067167,0.719145,-7.021057,156,0.316392,2489.9079,0.102307,0
810,34.56,7081.55,6809.6786,15550.78,-6.0388627769,0.157811,0.449525,29.272,1.0658,0.3533,0.057874,0.662209,-0.832726,187,0.309446,2363.302,0.098279,0
811,34.6027,7213.65,6796.0194,15421.88,-6.1366676879,0.260529,0.446738,29.1069,1.0669,0.4371,0.058325,0.680096,-6.878506,163,0.304068,2485.3203,0.101575,0
812,34.6453,7252.02,6681.972,15375.0,-5.0082445445,0.174932,0.52214,43.1136,0.958,0.0513,0.047036,0.566548,1.677218,164,0.304256,2237.8329,0.094494,0
813,34.688,7237.85,6770.6001,15515.62,-5.5864111263,0.099574,0.484947,34.8777,0.982,0.1414,0.052384,0.645514,-0.687834,163,0.304756,2237.4367,0.092052,0
814,34.7307,7087.5,6844.3536,15632.81,-5.2052058328,0.137288,0.50935,41.6135,0.9711,0.003,0.048831,0.584426,0.450853,162,0.291118,2150.8971,0.093639,0
815,34.7733,7185.59,6822.0076,15515.62,-5.8785594702,0.199716,0.46422,31.3982,1.0161,0.2291,0.055546,0.645805,-0.944018,164,0.299982,2346.4872,0.095471,0
816,34.816,7181.51,6861.2455,15703.12,-5.8673414227,0.120253,0.457018,32.1432,1.0241,0.2502,0.056678,0.631311,-6.352427,165,0.296544,2462.6971,0.092419,0
817,34.8587,7208.5,6838.9991,15433.59,-6.5395164009,0.199239,0.403524,24.158,1.0964,0.5381,0.065688,0.661652,-1.680013,136,0.309689,2443.0239,0.089855,0
818,34.9013,7132.58,6789.1861,15468.75,-5.4106515008,0.209845,0.48431,36.4918,1.0277,0.205,0.052479,0.605116,0.849496,164,0.313896,2303.6853,0.099133,0
819,34.944,7288.75,6834.7764,15738.28,-5.8407278611,0.215794,0.46547,32.6531,0.996,0.2198,0.055351,0.649231,-2.627158,143,0.313268,2443.3964,0.099255,0
820,34.9867,7508.96,6896.2604,15761.72,-6.8528729393,0.156182,0.392071,18.909,1.0525,0.4867,0.067773,0.712062,-5.026474,173,0.289276,2633.0056,0.106458,0
821,35.0293,7636.68,6975.0172,16089.84,-7.4560970619,0.2531,0.346873,14.4716,1.0651,0.5993,0.076638,0.722599,-4.553669,177,0.300523,2590.8419,0.112196,0
822,35.072,7523.2,6849.921,15843.75,-6.2373760397,0.199954,0.438721,26.2986,0.9981,0.2822,0.059635,0.689401,-2.52999,148,0.283583,2394.45,0.107313,0
823,35.1147,7374.2,6921.3329,15703.12,-6.7249148152,0.294455,0.390117,19.6899,1.0793,0.5043,0.068134,0.696116,-1.675595,163,0.305706,2655.8143,0.102674,0
