frame,time,centroid,spread,rolloff,slope,obsir_std,flatness,crest,skewness,kurtosis,tonality,entropy,tpr,n_peaks,flux,irregularity,zcr,gated
0,0.0,0.0,0.0,0.0,0.0,0.0,0.0,0.0,0.0,0.0,0.0,0.0,0.0,0,0.0,0.0,0.0,1
1,0.0427,0.0,0.0,0.0,0.0,0.0,0.0,0.0,0.0,0.0,0.0,0.0,0.0,0,0.0,0.0,0.0,1
2,0.0853,0.0,0.0,0.0,0.0,0.0,0.0,0.0,0.0,0.0,0.0,0.0,0.0,0,0.0,0.0,0.0,1
3,0.128,0.0,0.0,0.0,0.0,0.0,0.0,0.0,0.0,0.0,0.0,0.0,0.0,0,0.0,0.0,0.0,1
4,0.1707,0.0,0.0,0.0,0.0,0.0,0.0,0.0,0.0,0.0,0.0,0.0,0.0,0,0.0,0.0,0.0,1
5,0.2133,500.03,1227.7098,925.78,-4.8642516947,0.134655,0.232079,90.2938,3.7212,16.0645,0.105727,0.173495,-16.113574,25,0.0,172.8339,0.005494,0
6,0.256,944.44,1283.5401,1417.97,-8.8733350461,0.445419,0.183739,19.1268,3.1641,11.7522,0.122633,0.582085,-5.08957,8,0.003179,203.7329,0.00818,0
7,0.2987,0.0,0.0,0.0,0.0,0.0,0.0,0.0,0.0,0.0,0.0,0.0,0.0,0,0.0,0.0,0.0,1
8,0.3413,272.59,298.2987,503.91,-7.5622309884,0.813427,0.202695,31.1364,2.7621,12.5885,0.115526,0.227698,12.834959,28,0.003061,125.603,0.00354,0
9,0.384,148.37,154.6731,222.66,-5.9102448325,0.380203,0.170166,28.8315,3.4922,14.5593,0.128188,0.146056,21.682255,36,0.00197,106.735,0.001953,0
10,0.4267,123.87,116.7519,117.19,-7.1628529269,0.266965,0.12491,32.1087,4.7062,25.6707,0.150567,0.143595,20.660973,2,0.004139,105.5532,0.001953,0
11,0.4693,244.83,420.5714,316.41,-6.5629547767,0.066243,0.200363,69.5105,3.3562,11.3524,0.116364,0.143062,16.845841,1,0.0071,47.5828,0.002075,0
12,0.512,97.0,24.1445,105.47,-4.4792090978,0.594015,0.090134,11.1262,4.0101,40.7839,0.174186,0.134054,24.195385,30,0.013249,53.8174,0.002075,0
13,0.5547,96.91,17.859,105.47,-1.0045853997,0.334758,0.086893,8.9942,3.4364,38.9109,0.176836,0.131656,23.784715,46,0.010152,55.0658,0.001953,0
14,0.5973,98.64,26.8147,105.47,-3.861867902,0.364606,0.084758,11.1925,6.5061,71.3567,0.178637,0.129246,24.43042,36,0.005778,70.2209,0.001953,0
15,0.64,100.46,32.1686,105.47,-1.7903440153,0.390265,0.090684,11.9272,5.9127,50.2649,0.173744,0.129045,23.936833,36,0.003692,52.4132,0.001953,0
16,0.6827,101.93,35.4351,105.47,-1.4987931981,0.43497,0.086319,11.8951,5.7728,42.6172,0.177316,0.129133,23.931685,40,0.003118,75.2358,0.002075,0
17,0.7253,102.55,37.5224,105.47,-0.7814667586,0.432911,0.087556,11.8359,5.5142,38.3661,0.176286,0.12926,23.762532,80,0.002349,74.54,0.001953,0
18,0.768,102.98,38.7066,105.47,-0.7905691222,0.435587,0.087876,11.7978,5.531,37.9865,0.176022,0.129142,23.634052,72,0.001804,64.8105,0.001953,0
19,0.8107,103.44,39.3465,105.47,-5.4316314625,0.450431,0.088562,10.91,5.65,38.6753,0.175459,0.129302,23.315727,73,0.001821,64.1919,0.002075,0
20,0.8533,103.4,38.2759,105.47,-2.144132653,0.481495,0.094341,10.4519,5.5622,37.5625,0.170883,0.129234,23.195746,74,0.001529,57.5742,0.002075,0
21,0.896,102.94,37.3018,105.47,0.3497672562,0.514947,0.099636,10.0068,5.6534,39.3765,0.166931,0.129155,23.026173,82,0.00131,58.9007,0.001953,0
22,0.9387,102.49,35.804,105.47,-0.4861854939,0.536254,0.085379,10.4728,5.8268,41.7075,0.178108,0.129027,22.953294,94,0.001157,78.7951,0.002075,0
23,0.9813,101.87,33.3738,105.47,-0.918913072,0.56776,0.096344,9.6098,5.9137,44.2947,0.169362,0.128877,22.852458,91,0.001039,73.5351,0.002075,0
24,1.024,101.87,33.7045,105.47,-2.8924925918,0.568015,0.092466,10.0296,5.9619,44.7554,0.172336,0.128857,22.721075,85,0.000785,85.0999,0.001953,0
25,1.0667,102.02,34.2005,105.47,-0.6012016192,0.526654,0.087381,10.4576,6.0695,46.0763,0.17643,0.12884,22.693182,91,0.00056,68.7192,0.001953,0
26,1.1093,102.41,34.9942,105.47,-3.9308043947,0.503514,0.096991,9.5818,6.0965,45.7455,0.168878,0.12885,22.631702,100,0.000522,78.9796,0.002075,0
27,1.152,102.54,35.9203,105.47,-2.3325954934,0.487776,0.090144,10.4256,5.9454,43.7191,0.174177,0.128908,22.59631,93,0.000412,74.1574,0.002075,0
28,1.1947,102.53,36.0307,105.47,-0.2589912855,0.487158,0.086413,10.8496,5.8456,42.4264,0.177236,0.12896,22.597399,93,0.000262,63.6135,0.001953,0
29,1.2373,102.5,35.1945,105.47,-5.2291708883,0.52716,0.102494,9.1436,5.9492,43.1978,0.164883,0.128899,22.637938,103,0.000307,79.5696,0.002075,0
30,1.28,102.22,34.3174,105.47,-1.7495498829,0.579445,0.095738,9.582,5.8961,42.9091,0.16982,0.128873,22.670011,97,0.000238,90.832,0.002075,0
31,1.3227,102.2,34.3798,105.47,-3.7682005025,0.638339,0.082733,10.8709,5.798,41.4516,0.180387,0.128892,22.617931,96,0.000341,73.7271,0.001953,0
32,1.3653,102.12,33.6447,105.47,-2.8377163906,0.639819,0.089479,10.017,5.8958,42.8238,0.174713,0.128851,22.607639,88,0.000164,67.5784,0.002075,0
33,1.408,102.22,34.017,105.47,-2.5944880008,0.596116,0.090217,10.0142,5.921,43.2077,0.174119,0.128837,22.612808,94,6.7e-05,67.8365,0.002075,0
34,1.4507,102.38,35.2753,105.47,-1.2916582411,0.564083,0.085555,10.8625,5.8634,42.2804,0.177959,0.128902,22.609826,96,0.000174,68.8952,0.001953,0
35,1.4933,102.29,34.8649,105.47,-2.4140230683,0.55171,0.092091,10.0086,5.8982,43.0879,0.172631,0.128887,22.65013,90,0.000277,85.0866,0.002075,0
36,1.536,102.55,35.4388,105.47,-6.0048319112,0.541945,0.097232,9.5791,5.9304,42.6449,0.168699,0.12887,22.646621,87,0.00021,79.6346,0.002075,0
37,1.5787,102.25,34.8284,105.47,-0.248392938,0.560181,0.091189,10.0126,5.8919,42.9303,0.173343,0.128897,22.6948,96,0.000324,80.1462,0.001953,0
38,1.6213,102.33,34.6959,105.47,-2.7057946605,0.566982,0.092897,10.0148,5.8972,42.7957,0.172,0.12888,22.711073,92,0.000276,68.0929,0.001953,0
39,1.664,102.28,34.3972,105.47,-5.0733139594,0.568427,0.100295,9.1603,5.9858,43.7818,0.166453,0.128881,22.689835,92,0.000141,68.0216,0.002075,0
40,1.7067,102.17,34.4957,105.47,-2.9221914598,0.569268,0.088919,10.4477,5.8724,42.9867,0.175167,0.12888,22.693862,99,0.000174,73.372,0.002075,0
41,1.7493,102.33,35.2028,105.47,-1.0812221026,0.567509,0.087795,10.4459,5.8717,42.3004,0.176088,0.128897,22.687852,97,0.000226,79.7691,0.001953,0
42,1.792,102.28,34.5677,105.47,-2.3378593661,0.572437,0.094711,9.5936,5.942,43.3657,0.1706,0.128873,22.739098,92,0.00019,79.3185,0.002075,0
43,1.8347,102.31,34.6661,105.47,-2.3409055107,0.567893,0.095636,9.5892,5.9294,43.1639,0.169897,0.1289,22.721255,98,7.3e-05,79.3842,0.002075,0
44,1.8773,102.24,34.8121,105.47,-2.8881716011,0.566083,0.088988,10.446,5.8586,42.6669,0.175112,0.128902,22.709694,97,0.000198,73.9683,0.001953,0
45,1.92,102.31,34.6645,105.47,-1.6487856759,0.561406,0.091419,10.0253,5.9124,43.0733,0.173161,0.128872,22.751529,96,0.000237,78.8533,0.002075,0
46,1.9627,102.32,34.5945,105.47,-2.5208510256,0.56094,0.090885,10.0248,5.9271,43.2035,0.173584,0.128886,22.733343,95,0.00013,67.7333,0.002075,0
47,2.0053,102.22,34.6955,105.47,-0.6633337784,0.553414,0.088435,10.4484,5.8781,42.8593,0.175563,0.128963,22.701507,96,0.000204,68.5362,0.001953,0
48,2.048,102.17,34.6533,105.47,-2.6818732754,0.571349,0.090919,10.0332,5.8932,43.0869,0.173558,0.128946,22.807497,86,0.000548,84.5112,0.002075,0
49,2.0907,102.33,34.8057,105.47,-5.1511413363,0.581674,0.100045,9.1842,5.9636,43.4937,0.166634,0.128918,22.939052,97,0.000666,79.0159,0.002075,0
50,2.1333,102.24,35.2265,105.47,-2.5389144022,0.603441,0.092262,10.0562,5.8834,42.8624,0.172497,0.128897,23.070322,86,0.000637,84.4377,0.001953,0
51,2.176,102.21,35.2874,105.47,-0.3659962532,0.636719,0.082208,10.9299,5.8648,42.7356,0.180848,0.12894,23.097813,90,0.000479,62.6026,0.001953,0
52,2.2187,102.16,34.6266,105.47,-1.1242747323,0.603078,0.10113,9.204,6.0094,44.7024,0.165853,0.128926,23.150652,92,0.000458,56.2764,0.002075,0
53,2.2613,102.24,34.9114,105.47,-1.690156241,0.567777,0.098136,9.6343,5.9676,44.2059,0.168029,0.128894,23.169979,95,0.000416,56.7055,0.002075,0
54,2.304,102.14,35.0339,105.47,-0.9908049817,0.55719,0.105205,9.1985,5.9783,44.4872,0.162994,0.128935,23.163597,90,0.000345,79.7946,0.001953,0
55,2.3467,102.19,35.0082,105.47,-1.3335334958,0.543079,0.100174,9.2105,6.015,44.6984,0.166541,0.128942,23.216898,97,0.000323,67.8184,0.002075,0
56,2.3893,102.26,35.1913,105.47,-1.0741571742,0.526266,0.100829,9.2099,6.0138,44.6537,0.166069,0.128937,23.223865,96,0.00021,68.0474,0.002075,0
57,2.432,102.14,35.3417,105.47,-1.6616381599,0.508081,0.098749,9.6408,5.9511,44.2842,0.167578,0.128977,23.242444,94,0.000271,73.8349,0.001953,0
58,2.4747,102.28,35.3853,105.47,-1.5443919478,0.505017,0.095105,9.6483,6.009,44.5707,0.1703,0.12898,23.272087,95,0.000281,56.9969,0.002075,0
59,2.5173,102.34,35.4625,105.47,-3.4681633828,0.485747,0.107395,8.7821,6.0641,45.097,0.161502,0.12895,23.286088,96,0.000252,56.6349,0.002075,0
60,2.56,102.27,35.6658,105.47,-1.6062564208,0.475269,0.092203,10.0801,5.9634,44.2371,0.172542,0.128988,23.27614,98,0.000229,62.2621,0.001953,0
61,2.6027,102.25,35.6851,105.47,0.2172262703,0.478756,0.092963,10.0798,5.9591,44.1521,0.171948,0.129018,23.305481,98,0.000219,57.3449,0.001953,0
62,2.6453,102.34,35.6472,105.47,-0.9965352933,0.473119,0.100965,9.2188,6.0183,44.5883,0.165971,0.129002,23.324043,96,0.000226,68.1211,0.002075,0
63,2.688,102.4,35.9853,105.47,-1.1517660612,0.460612,0.102873,9.2156,5.9984,44.2498,0.164616,0.128986,23.33234,94,0.000201,68.161,0.002075,0
64,2.7307,102.26,35.9238,105.47,0.5772763707,0.438125,0.097042,9.6517,5.9739,44.2013,0.16884,0.129046,23.375756,100,0.000252,68.8453,0.001953,0
65,2.7733,102.35,35.9472,105.47,0.4097071103,0.437194,0.096139,10.0861,5.9383,43.8458,0.169517,0.128962,23.43004,92,0.00028,56.7693,0.002075,0
66,2.816,102.42,36.1499,105.47,0.8491749268,0.433304,0.091811,10.0927,5.9653,43.9377,0.172851,0.128976,23.39705,90,0.00016,56.706,0.002075,0
67,2.8587,102.35,36.1455,105.47,-1.6138795426,0.412626,0.093387,10.093,5.9429,43.7839,0.171619,0.129021,23.451194,94,0.00022,62.1904,0.001953,0
68,2.9013,102.36,36.195,105.47,0.9962050209,0.401603,0.097786,9.66,5.9676,43.9845,0.168287,0.128972,23.465551,96,0.000254,68.3078,0.001953,0
69,2.944,102.46,36.2461,105.47,-0.9156397293,0.390474,0.102065,9.227,5.9913,44.0083,0.165187,0.12901,23.433945,93,0.000134,68.1971,0.002075,0
70,2.9867,102.42,36.2522,105.47,-1.050786236,0.386107,0.101559,9.231,6.0009,44.1545,0.165547,0.129017,23.502259,103,0.000122,68.1989,0.002075,0
71,3.0293,102.39,36.3461,105.47,0.4315552988,0.388578,0.09334,10.0921,5.9436,43.7187,0.171656,0.129042,23.467677,99,0.000187,57.7551,0.001953,0
72,3.072,102.5,36.414,105.47,-1.4116277883,0.389156,0.098816,9.6625,5.9616,43.6384,0.167529,0.128992,23.499993,94,0.000178,56.8778,0.002075,0
73,3.1147,102.48,36.2762,105.47,-3.5598217572,0.38186,0.110058,8.7957,6.0273,44.3457,0.15973,0.129018,23.500401,93,0.000118,56.7473,0.002075,0
74,3.1573,102.45,36.375,105.47,-0.5892628381,0.385139,0.098206,9.6641,5.9716,43.8911,0.167977,0.129014,23.525639,102,0.000168,67.6738,0.001953,0
75,3.2,102.46,36.5117,105.47,-0.4472969442,0.38121,0.104478,9.2266,5.965,43.7215,0.163496,0.129019,23.510394,95,0.000162,79.5106,0.001953,0
76,3.2427,102.49,36.5161,105.47,-0.9981262655,0.384809,0.101841,9.2322,5.9875,43.8714,0.165346,0.129026,23.511675,90,0.000128,68.2049,0.002075,0
77,3.2853,102.47,36.4492,105.47,-1.0159363273,0.379684,0.102141,9.2322,5.9876,43.9092,0.165133,0.129024,23.533608,99,8.7e-05,68.2414,0.002075,0
78,3.328,102.4,36.5508,105.47,0.7749390789,0.378619,0.098247,9.6609,5.9528,43.7047,0.167947,0.129081,23.503199,95,9.8e-05,68.9788,0.001953,0
79,3.3707,102.58,36.5648,105.47,-4.063461731,0.384972,0.104903,9.2298,5.989,43.8403,0.163202,0.129033,23.530778,104,0.000188,56.801,0.002075,0
80,3.4133,102.57,36.516,105.47,-3.9414645363,0.381125,0.10289,9.2334,5.994,43.8665,0.164605,0.129016,23.533155,97,0.000103,56.8822,0.002075,0
81,3.456,102.47,36.6354,105.47,0.7547903966,0.378979,0.093073,10.1001,5.9425,43.5228,0.171863,0.129053,23.555207,93,0.000135,57.0785,0.001953,0
82,3.4987,102.44,36.5612,105.47,-0.5477623319,0.37152,0.104837,9.2341,5.9679,43.7753,0.163248,0.12902,23.59413,97,0.000162,79.6007,0.001953,0
83,3.5413,102.52,36.6174,105.47,-0.7714918679,0.380203,0.101697,9.2369,5.9871,43.8349,0.165448,0.129027,23.566057,97,0.000139,68.3079,0.002075,0
84,3.584,102.46,36.7722,105.47,-1.1953375003,0.391682,0.099187,9.6669,5.9159,43.2152,0.167258,0.129042,23.569652,101,9.8e-05,73.8548,0.002075,0
85,3.6267,102.42,36.6939,105.47,0.6331298526,0.391653,0.0989,9.6642,5.9307,43.3983,0.167467,0.129092,23.565129,101,0.000124,69.2122,0.001953,0
86,3.6693,102.56,36.7816,105.47,-4.1801857652,0.396183,0.099168,9.6653,5.9226,43.1502,0.167271,0.129059,23.568879,101,0.00018,62.3582,0.002075,0
87,3.712,102.55,36.589,105.47,-3.490648253,0.395864,0.110799,8.7993,6.0044,43.9269,0.159244,0.129055,23.568319,99,0.000102,56.9251,0.002075,0
88,3.7547,102.5,36.8018,105.47,-1.3882937497,0.38213,0.095691,10.0955,5.8957,43.0372,0.169855,0.129068,23.561807,94,0.000183,63.4971,0.001953,0
89,3.7973,102.46,36.8045,105.47,0.715753609,0.393034,0.099525,9.6644,5.9126,43.081,0.167011,0.129054,23.577322,93,0.000219,69.3377,0.001953,0
90,3.84,102.53,36.6658,105.47,-0.979209178,0.388168,0.103155,9.234,5.9659,43.541,0.164418,0.129095,23.561695,97,0.000114,68.3124,0.002075,0
91,3.8827,102.51,36.9125,105.47,-0.8874864266,0.383243,0.098578,9.6711,5.9118,43.0494,0.167703,0.12903,23.631553,98,0.000234,73.8191,0.002075,0
92,3.9253,102.49,36.8962,105.47,0.4466140562,0.384354,0.093041,10.1076,5.8993,42.8679,0.171888,0.129106,23.652643,96,0.000259,58.5576,0.001953,0
93,3.968,102.61,36.9362,105.47,-1.2565131837,0.38544,0.09957,9.6757,5.9279,43.0174,0.166978,0.12906,23.689593,97,0.00025,56.9969,0.002075,0
94,4.0107,102.64,36.9307,105.47,-3.2485244256,0.384985,0.110055,8.8073,5.9654,43.2265,0.159732,0.129076,23.682346,100,0.000182,57.1808,0.002075,0
95,4.0533,102.58,37.1529,105.47,-1.4697444964,0.392779,0.09717,10.1062,5.8517,42.2815,0.168745,0.12908,23.723705,96,0.000208,62.7648,0.001953,0
96,4.096,102.58,37.1508,105.47,-0.552988805,0.379221,0.108367,9.2365,5.8871,42.5053,0.160851,0.129049,23.72312,92,0.000225,79.9128,0.001953,0
97,4.1387,102.66,37.05,105.47,-3.5501065095,0.387946,0.109577,8.808,5.9406,42.8675,0.160047,0.129079,23.706974,96,0.000136,68.3413,0.002075,0
98,4.1813,102.64,37.19,105.47,-0.9921192045,0.382181,0.104974,9.2399,5.9013,42.4927,0.163153,0.129059,23.718518,94,0.000101,68.4144,0.002075,0
99,4.224,102.62,37.2503,105.47,-0.0570669219,0.387628,0.087585,10.5447,5.8312,41.7247,0.176262,0.129153,23.688578,95,0.000198,57.7159,0.001953,0
100,4.2667,102.64,37.1158,105.47,-0.4596756095,0.387758,0.098687,9.6763,5.8847,42.4103,0.167623,0.129099,23.736326,95,0.000244,68.3111,0.002075,0
101,4.3093,102.65,36.9604,105.47,-3.27348151,0.391554,0.110254,8.8081,5.9539,43.0483,0.159601,0.12909,23.689267,96,0.000244,57.0815,0.002075,0
102,4.352,102.59,37.1568,105.47,-1.4625118092,0.386493,0.095516,10.1062,5.8453,42.1073,0.169987,0.129104,23.700083,94,0.000214,62.5277,0.001953,0
103,4.3947,102.58,37.1432,105.47,0.9499198329,0.3913,0.099009,9.6706,5.8716,42.3048,0.167388,0.129095,23.691119,97,0.000267,68.6324,0.001953,0
104,4.4373,102.66,37.0939,105.47,-0.7918100162,0.388213,0.103795,9.2386,5.9067,42.5467,0.163971,0.129076,23.682655,88,0.000169,68.4837,0.002075,0
105,4.48,102.64,37.2947,105.47,-1.0038568288,0.384239,0.099206,9.6678,5.8514,42.0356,0.167244,0.129079,23.652079,102,0.000133,73.8614,0.002075,0
106,4.5227,102.66,37.3944,105.47,0.2472243963,0.387735,0.093206,10.1005,5.8165,41.4681,0.171759,0.129171,23.649453,101,0.000179,68.7844,0.001953,0
107,4.5653,102.77,37.249,105.47,-3.9207611992,0.386854,0.106215,9.2355,5.8821,42.1005,0.162302,0.129127,23.722282,97,0.000327,57.1988,0.001953,0
108,4.608,102.75,37.2907,105.47,-3.3736163951,0.383294,0.112951,8.8056,5.8963,42.177,0.157852,0.129107,23.746054,96,0.000239,56.9661,0.002075,0
109,4.6507,102.73,37.3728,105.47,-1.293903608,0.387918,0.099406,9.6761,5.8501,41.7279,0.167098,0.129152,23.758855,96,0.000211,57.0718,0.001953,0
110,4.6933,102.74,37.5012,105.47,-0.5076457067,0.39373,0.099776,9.6766,5.8234,41.4043,0.166829,0.129125,23.798695,98,0.000243,68.4272,0.001953,0
111,4.736,102.76,37.4216,105.47,-3.71995871,0.393719,0.112898,8.8087,5.8626,41.7053,0.157886,0.129119,23.813858,96,0.000145,68.4731,0.002075,0
112,4.7787,102.74,37.4502,105.47,-0.6525769085,0.385965,0.102869,9.2492,5.8576,41.6969,0.164619,0.129109,23.828298,89,9.8e-05,68.5045,0.002075,0
113,4.8213,102.74,37.6903,105.47,-2.0383080235,0.390523,0.090007,10.5485,5.7405,40.4627,0.174288,0.129143,23.817136,97,0.000212,63.2637,0.001953,0
114,4.864,102.76,37.6242,105.47,0.0656390595,0.403864,0.089369,10.5536,5.7479,40.421,0.174802,0.129147,23.843111,90,0.000197,57.5246,0.001953,0
115,4.9067,102.79,37.4055,105.47,-3.2366915339,0.404946,0.111562,8.8107,5.8645,41.6501,0.158747,0.129172,23.815624,92,0.000217,57.0019,0.002075,0
116,4.9493,102.79,37.623,105.47,-1.5753746695,0.40834,0.099833,9.6813,5.7965,40.8511,0.166788,0.129167,23.845465,97,0.000205,57.012,0.002075,0
117,4.992,102.69,37.5195,105.47,-1.331304435,0.409338,0.094734,10.1187,5.7718,40.8727,0.170582,0.129152,23.882852,96,0.000243,62.8002,0.001953,0
118,5.0347,102.76,37.3743,105.47,-3.6233249634,0.417849,0.111828,8.815,5.8428,41.3799,0.158575,0.129128,23.868617,91,0.00018,68.3494,0.002075,0
119,5.0773,102.76,37.3644,105.47,-3.5796146314,0.41512,0.110794,8.8175,5.8488,41.4423,0.159247,0.129127,23.872796,92,5.2e-05,68.3732,0.002075,0
120,5.12,102.74,37.5719,105.47,-4.4661567691,0.417372,0.098634,9.6899,5.7713,40.6525,0.167662,0.129146,23.920394,89,0.000137,73.7567,0.001953,0
121,5.1627,102.66,37.4115,105.47,0.6253819804,0.417225,0.09518,10.1225,5.7818,40.9905,0.170242,0.129141,23.91272,95,0.000193,57.6526,0.001953,0
122,5.2053,102.81,37.485,105.47,-0.9816304696,0.418035,0.098884,9.6868,5.7966,40.8856,0.167479,0.129119,23.886249,90,0.000137,57.1692,0.002075,0
123,5.248,102.79,37.5329,105.47,-1.1916241689,0.427619,0.098681,9.6873,5.7955,40.861,0.167628,0.129121,23.885551,93,6e-05,57.1634,0.002075,0
124,5.2907,102.77,37.8013,105.47,-2.077836388,0.435217,0.091158,10.5507,5.7025,39.8949,0.173368,0.129183,23.884299,95,0.000208,63.0821,0.001953,0
125,5.3333,102.72,37.6141,105.47,-0.6055532608,0.436668,0.109924,9.242,5.7604,40.5527,0.159818,0.129121,23.901749,96,0.000259,79.9692,0.002075,0
126,5.376,102.78,37.5909,105.47,-0.9730522472,0.428627,0.104626,9.2512,5.7847,40.6235,0.163393,0.129168,23.876846,96,0.000199,68.427,0.002075,0
127,5.4187,102.87,37.7205,105.47,-3.3535880154,0.432057,0.102823,9.2506,5.7658,40.2361,0.164651,0.129196,23.898234,93,0.000226,79.6465,0.001953,0
128,5.4613,102.8,37.7561,105.47,0.0328723519,0.434985,0.091464,10.5533,5.7021,39.7844,0.173125,0.12914,23.904705,91,0.000217,57.203,0.001953,0
129,5.504,102.79,37.5136,105.47,-1.1699220349,0.433561,0.098231,9.6858,5.7854,40.6684,0.167958,0.129183,23.851066,94,0.0002,57.0519,0.002075,0
130,5.5467,102.86,37.5632,105.47,-4.0115801907,0.429531,0.103506,9.2557,5.7812,40.3737,0.164172,0.129194,23.915137,95,0.000183,57.1199,0.002075,0
131,5.5893,102.9,37.7993,105.47,-2.0727058552,0.431541,0.097691,10.1119,5.7035,39.6492,0.168358,0.129174,23.891365,94,0.00024,57.5486,0.001953,0
132,5.632,102.85,37.844,105.47,-0.9341617901,0.438137,0.098703,9.6834,5.7137,39.6612,0.167612,0.129184,23.885513,92,0.000255,79.5253,0.001953,0
133,5.6747,102.81,37.6587,105.47,-0.7821619517,0.434866,0.103036,9.2473,5.7667,40.3226,0.164502,0.129181,23.879608,92,0.000205,68.488,0.002075,0
134,5.7173,102.87,37.7074,105.47,-3.7879442841,0.433554,0.112696,8.8076,5.7687,40.2703,0.158015,0.129174,23.876682,99,0.000177,68.5467,0.002075,0
135,5.76,102.89,38.0042,105.47,-2.0503879922,0.437434,0.089498,10.5484,5.6555,39.0515,0.174698,0.129209,23.883209,97,0.000241,62.8436,0.001953,0
136,5.8027,102.9,37.7898,105.47,-0.2879626837,0.433049,0.099615,9.6768,5.726,39.8522,0.166946,0.129194,23.86711,99,0.000193,67.9758,0.002075,0
137,5.8453,102.87,37.6,105.47,-3.3507995951,0.436517,0.113214,8.8097,5.7849,40.4577,0.157683,0.129152,23.878406,89,0.000106,57.2767,0.002075,0
138,5.888,102.93,37.92,105.47,-0.4691293496,0.417381,0.092295,10.1126,5.6942,39.4152,0.17247,0.129215,23.831254,100,0.000238,68.1496,0.001953,0
139,5.9307,102.83,37.8478,105.47,-1.9678157721,0.426045,0.090158,10.5502,5.667,39.3137,0.174166,0.129215,23.888789,97,0.000274,63.086,0.001953,0
140,5.9733,102.87,37.6275,105.47,-3.5100900851,0.416379,0.111045,8.8141,5.7825,40.4063,0.159083,0.129169,23.903783,94,0.000277,68.4653,0.002075,0
141,6.016,102.82,37.654,105.47,-0.7731425366,0.420628,0.103565,9.2527,5.7686,40.3484,0.164131,0.129155,23.919756,94,0.000152,68.465,0.002075,0
142,6.0587,102.82,37.8767,105.47,-2.1261464113,0.414475,0.090528,10.5548,5.659,39.1983,0.173869,0.129204,23.918201,91,0.000216,63.1245,0.001953,0
143,6.1013,102.84,37.7824,105.47,0.2667032463,0.427496,0.088085,10.5622,5.6833,39.363,0.17585,0.129197,23.949422,93,0.000184,57.5704,0.001953,0
144,6.144,102.93,37.7574,105.47,-4.0202145857,0.428361,0.104897,9.2549,5.7512,39.9446,0.163206,0.129156,23.954585,95,0.000179,56.9587,0.002075,0
145,6.1867,102.86,37.8312,105.47,-1.3771302028,0.44027,0.097369,9.6933,5.7325,39.7389,0.168596,0.129216,23.959713,84,0.000118,57.3604,0.002075,0
146,6.2293,102.82,37.9784,105.47,-2.1751616237,0.44927,0.091595,10.5581,5.6453,39.0239,0.173021,0.129226,23.986828,95,0.000152,63.0035,0.001953,0
147,6.272,102.83,37.7128,105.47,0.0883456471,0.450899,0.102789,9.2549,5.7423,39.9883,0.164676,0.129206,23.941448,92,0.000229,79.0798,0.002075,0
148,6.3147,102.88,37.7088,105.47,-3.5222873378,0.462998,0.110334,8.821,5.7597,40.0233,0.159548,0.1292,23.975001,90,9.3e-05,68.4234,0.002075,0
149,6.3573,102.94,37.9126,105.47,-4.5124154227,0.46579,0.105158,9.2533,5.7025,39.2649,0.163027,0.129199,23.974558,91,0.000124,68.3251,0.001953,0
150,6.4,102.96,37.9499,105.47,-1.8825269278,0.476729,0.094745,10.1201,5.6458,38.6738,0.170574,0.129179,23.964719,91,0.000197,58.4978,0.001953,0
151,6.4427,102.96,37.8652,105.47,-4.1564720047,0.476928,0.104195,9.2584,5.7001,39.1587,0.163692,0.129196,24.015802,91,0.000216,57.0404,0.002075,0
152,6.4853,102.95,37.8012,105.47,-4.0327295204,0.481104,0.104892,9.2583,5.695,39.1277,0.16321,0.129176,24.03544,88,0.000157,57.0976,0.002075,0
153,6.528,102.89,38.0407,105.47,0.1081894685,0.477491,0.088847,10.5619,5.6159,38.3688,0.175226,0.129282,24.00969,101,0.000236,57.9706,0.001953,0
154,6.5707,102.9,37.9706,105.47,-1.0202756584,0.489768,0.10125,9.6864,5.6139,38.2995,0.165767,0.129239,24.038534,90,0.000253,80.0364,0.001953,0
155,6.6133,102.89,37.9115,105.47,-1.3267021176,0.514483,0.101933,9.2621,5.6527,38.5648,0.165281,0.129264,24.056211,97,0.000274,69.0942,0.002075,0
156,6.656,102.9,38.0053,105.47,-1.451921592,0.51045,0.093642,10.1289,5.6012,38.2032,0.171421,0.129278,24.043891,91,0.000181,73.7737,0.002075,0
157,6.6987,102.9,37.9743,105.47,0.2420751891,0.502226,0.088202,10.5673,5.5926,37.9892,0.175753,0.129287,24.045488,91,0.000261,57.6438,0.001953,0
158,6.7413,102.92,37.8633,105.47,-0.5718479959,0.506966,0.0984,9.6978,5.6241,38.2748,0.167834,0.129283,24.074908,92,0.00022,67.986,0.002075,0
159,6.784,102.97,37.916,105.47,-1.7416246483,0.494473,0.093268,10.1402,5.6141,38.1183,0.171711,0.129214,24.136915,86,0.000247,56.8937,0.002075,0
160,6.8267,102.89,37.9361,105.47,-1.8615585184,0.497837,0.089887,10.5717,5.5741,37.8608,0.174383,0.129237,24.127345,99,0.000192,62.5625,0.001953,0
161,6.8693,102.85,37.8596,105.47,0.1131142421,0.504339,0.088151,10.5765,5.5805,37.8605,0.175795,0.129238,24.132527,87,0.000186,58.0026,0.001953,0
162,6.912,102.92,37.6855,105.47,-4.4209469598,0.514433,0.102985,9.2715,5.6362,38.2607,0.164537,0.129231,24.153041,104,0.000194,68.0982,0.002075,0
163,6.9547,102.84,37.6561,105.47,-1.6852312708,0.509613,0.097646,9.706,5.6142,38.1203,0.168391,0.129243,24.143889,99,0.000172,68.0659,0.002075,0
164,6.9973,102.83,37.6626,105.47,-1.0749882386,0.512575,0.092021,10.1442,5.5865,37.8789,0.172686,0.129234,24.175057,90,0.000314,69.3697,0.001953,0
165,7.04,102.81,37.629,105.47,0.236114957,0.524861,0.087814,10.584,5.5698,37.7005,0.176073,0.129245,24.181326,86,0.000259,57.1772,0.001953,0
166,7.0827,102.95,37.6133,105.47,-4.6019968776,0.521338,0.097762,9.7102,5.5947,37.7252,0.168305,0.129225,24.172031,85,0.000215,56.4733,0.002075,0
167,7.1253,102.89,37.618,105.47,-1.7531085612,0.523017,0.09195,10.1491,5.569,37.4598,0.172741,0.129257,24.193085,92,0.000131,56.6564,0.002075,0
168,7.168,102.85,37.6222,105.47,-1.2563660255,0.530736,0.093592,10.1463,5.5474,37.3201,0.17146,0.129269,24.210306,89,0.000188,68.4519,0.001953,0
169,7.2107,102.84,37.5119,105.47,-1.6635032953,0.538142,0.095271,9.7165,5.559,37.2582,0.170173,0.129281,24.23,95,0.000224,67.8584,0.002075,0
170,7.2533,102.86,37.5048,105.47,-1.4555400266,0.547536,0.095088,9.7217,5.5576,37.2381,0.170313,0.129249,24.278999,93,0.000183,67.9729,0.002075,0
171,7.296,102.77,37.5537,105.47,-1.8589628988,0.552718,0.091336,10.1533,5.5091,36.8812,0.173226,0.129296,24.255039,88,0.000186,73.1467,0.001953,0
172,7.3387,102.72,37.3883,105.47,0.484081943,0.556648,0.091528,10.1582,5.5241,36.9757,0.173075,0.129295,24.294984,89,0.000236,57.0064,0.001953,0
173,7.3813,102.81,37.382,105.47,-0.5512544557,0.569504,0.095808,9.7191,5.5258,36.7961,0.169767,0.129343,24.273668,92,0.000174,67.4259,0.002075,0
174,7.424,102.77,37.6954,105.47,-0.2697229047,0.571882,0.092429,11.0136,5.3648,35.5423,0.172365,0.129209,24.355033,83,0.000446,52.4044,0.002075,0
175,7.4667,102.63,37.5751,105.47,-1.196173626,0.571634,0.097012,10.9916,5.2812,34.8457,0.168862,0.129238,24.268913,94,0.000635,53.6386,0.001953,0
176,7.5093,102.63,37.8401,105.47,-2.0167487481,0.543197,0.102616,10.107,5.2635,34.5185,0.164798,0.129693,24.173363,88,0.000539,75.9509,0.001953,0
177,7.552,102.76,37.703,105.47,-0.5865255713,0.566985,0.100962,10.1399,5.3414,35.0071,0.165974,0.12932,24.347248,87,0.000618,69.4724,0.002075,0
178,7.5947,102.66,37.4399,105.47,-0.6121916707,0.589249,0.095113,11.0056,5.3092,34.8739,0.170294,0.129252,24.324459,91,0.000516,50.5935,0.002075,0
179,7.6373,102.57,37.1651,105.47,0.0033993159,0.596953,0.098816,9.7093,5.4154,35.6049,0.167529,0.129482,24.275258,91,0.000375,68.7943,0.001953,0
180,7.68,102.73,37.5593,105.47,-1.021457927,0.600921,0.100206,10.5721,5.3009,34.5531,0.166518,0.12925,24.40225,90,0.000616,56.7221,0.001953,0
181,7.7227,102.6,37.3195,105.47,-1.1213369859,0.5787,0.110146,9.7089,5.3113,35.0046,0.159672,0.12904,24.402014,90,0.000734,75.6241,0.002075,0
182,7.7653,102.56,37.1909,105.47,0.0084805871,0.605741,0.095759,10.1524,5.3301,34.723,0.169803,0.12952,24.368802,90,0.000607,63.4773,0.002075,0
183,7.808,102.73,37.3138,105.47,-2.4853262927,0.600952,0.092695,10.596,5.3219,34.5021,0.172157,0.129418,24.465096,88,0.00041,63.0142,0.001953,0
184,7.8507,102.8,37.1313,105.47,-1.5919875775,0.61278,0.095074,10.1673,5.3395,34.4799,0.170323,0.129226,24.523111,84,0.000448,68.5551,0.002075,0
185,7.8933,102.69,37.0205,105.47,-0.0321422537,0.612526,0.091345,10.1695,5.3183,34.072,0.173219,0.129436,24.440476,84,0.000359,68.3604,0.002075,0
186,7.936,102.61,37.0979,105.47,-0.075706828,0.621015,0.1005,9.7273,5.305,34.0043,0.166306,0.129534,24.464588,90,0.000327,68.0286,0.001953,0
187,7.9787,102.71,37.1761,105.47,-0.6943810413,0.633853,0.09692,10.6012,5.2413,33.4384,0.168931,0.129194,24.63667,94,0.000545,56.1844,0.001953,0
188,8.0213,102.76,36.757,105.47,-2.1204323159,0.667613,0.092388,10.1748,5.2994,33.6242,0.172397,0.129352,24.526299,89,0.000271,56.4094,0.002075,0
189,8.064,102.86,37.2192,105.47,-2.8783174451,0.658483,0.086961,10.6224,5.2937,33.2931,0.176779,0.129379,24.613977,89,0.000205,66.5271,0.002075,0
190,8.1067,102.65,36.8356,105.47,-0.6052185103,0.663338,0.093383,10.6086,5.2089,32.9686,0.171622,0.129191,24.674664,86,0.00052,57.9557,0.001953,0
191,8.1493,102.64,37.1666,105.47,-1.6702569751,0.682992,0.090279,11.0319,5.1505,31.978,0.174069,0.129371,24.592277,84,0.000359,68.123,0.001953,0
192,8.192,102.65,37.0182,105.47,-2.7136815291,0.684797,0.099989,9.3024,5.275,32.911,0.166675,0.129471,24.616021,84,0.000402,78.6701,0.002075,0
193,8.2347,102.7,36.6171,105.47,-5.3157152116,0.689681,0.101972,9.3065,5.2783,33.1076,0.165253,0.129385,24.675359,96,0.000292,66.9498,0.002075,0
194,8.2773,102.78,37.1384,105.47,-3.1800296117,0.711794,0.083921,11.0596,5.1757,31.9581,0.179355,0.129382,24.641386,93,0.000239,72.3881,0.001953,0
195,8.32,102.73,37.0738,105.47,-0.6540546719,0.708497,0.086932,10.6229,5.2087,32.2095,0.176803,0.129433,24.644399,92,0.000236,66.8184,0.001953,0
196,8.3627,102.86,36.9656,105.47,-5.3292918774,0.702609,0.094299,9.7525,5.2664,32.5635,0.170916,0.129411,24.663279,93,0.000133,65.9962,0.002075,0
197,8.4053,102.91,37.1141,105.47,-2.7696559738,0.704646,0.086607,10.6284,5.2071,31.9638,0.177074,0.12933,24.689137,87,0.000164,66.4571,0.002075,0
198,8.448,102.77,36.9654,105.47,-1.848284772,0.715562,0.089351,10.1885,5.2224,32.1663,0.174817,0.129419,24.648944,90,0.000171,77.3363,0.001953,0
199,8.4907,102.75,37.1493,105.47,-2.9843288248,0.711723,0.085784,10.6263,5.1839,31.9172,0.177766,0.129413,24.667737,94,0.000189,82.684,0.001953,0
200,8.5333,102.87,36.9814,105.47,-5.5923732753,0.712601,0.092616,9.7551,5.2403,32.2003,0.172219,0.129338,24.696753,98,0.000112,77.3889,0.002075,0
201,8.576,102.82,36.9687,105.47,-2.6406139661,0.714645,0.08678,10.195,5.2254,32.1055,0.17693,0.129381,24.69448,85,9.5e-05,77.256,0.002075,0
202,8.6187,102.81,37.2797,105.47,-3.2964423345,0.697852,0.085654,11.0521,5.1404,31.5468,0.177875,0.129425,24.656019,93,0.000153,72.5979,0.001953,0
203,8.6613,102.77,37.0472,105.47,-2.1039512958,0.70687,0.090198,10.1865,5.2051,32.0323,0.174133,0.129458,24.678007,94,0.000238,78.1893,0.001953,0
204,8.704,102.91,37.2083,105.47,-3.1310537081,0.697276,0.089646,10.6203,5.1839,31.7953,0.174578,0.129345,24.717264,97,0.000211,66.2051,0.002075,0
205,8.7467,102.86,37.0691,105.47,-2.8668380743,0.702991,0.094318,9.7462,5.2265,32.172,0.170901,0.129395,24.653599,94,0.000256,76.8192,0.002075,0
206,8.7893,102.86,37.2298,105.47,-2.0991780964,0.71492,0.08563,10.6228,5.1856,31.7108,0.177896,0.129473,24.652062,94,0.000219,77.304,0.001953,0
207,8.832,102.85,37.3407,105.47,-3.0158393592,0.711279,0.082938,11.061,5.1432,31.4391,0.180207,0.129415,24.693761,93,0.000226,72.5367,0.001953,0
208,8.8747,102.95,37.1451,105.47,-5.2759007478,0.713843,0.092142,9.7544,5.2163,31.8745,0.17259,0.129352,24.719366,95,0.000298,77.4359,0.002075,0
209,8.9173,102.86,37.2027,105.47,-2.8196022599,0.720964,0.08727,10.1966,5.1885,31.5609,0.176522,0.12945,24.755209,96,0.000203,77.2139,0.002075,0
210,8.96,102.9,37.2604,105.47,-2.0442354508,0.717242,0.086061,10.6312,5.1599,31.3763,0.177532,0.129429,24.789921,95,0.000223,76.8108,0.001953,0
211,9.0027,102.87,37.056,105.47,-5.5510356618,0.730532,0.094873,9.7592,5.1997,31.5941,0.170477,0.129406,24.811039,95,0.000198,66.0495,0.001953,0
212,9.0453,102.95,37.0969,105.47,-8.775970407,0.726644,0.099169,9.32,5.2108,31.6376,0.167271,0.129433,24.790524,93,0.000122,66.1348,0.002075,0
213,9.088,102.91,37.2346,105.47,-3.0248846546,0.729449,0.087206,10.6361,5.1536,31.2038,0.176576,0.129381,24.819611,85,0.00022,66.3472,0.002075,0
214,9.1307,102.86,37.2659,105.47,-2.0594618171,0.737293,0.083783,11.0691,5.0894,30.6545,0.179474,0.129385,24.79229,85,0.000203,71.4631,0.001953,0
215,9.1733,102.82,37.239,105.47,-0.5948747349,0.742096,0.084653,10.6365,5.1283,30.9328,0.178726,0.129468,24.790282,99,0.000194,77.6879,0.001953,0
216,9.216,102.9,37.1922,105.47,-5.5680863185,0.729509,0.097033,9.3249,5.1829,31.262,0.168847,0.129478,24.823626,83,0.000155,77.1512,0.002075,0
217,9.2587,102.93,37.3047,105.47,-2.0160025645,0.743747,0.085722,10.6396,5.1181,30.7395,0.177818,0.129393,24.876214,92,0.000219,77.3409,0.002075,0
218,9.3013,102.86,37.4371,105.47,-3.2777883387,0.738374,0.084395,11.0675,5.0766,30.4753,0.178947,0.129538,24.795585,91,0.000213,71.8695,0.001953,0
219,9.344,102.88,37.3649,105.47,-1.9629702081,0.734181,0.091458,10.1966,5.1189,30.7351,0.17313,0.129505,24.875518,93,0.000271,77.4058,0.002075,0
220,9.3867,103.03,37.3426,105.47,-4.5511132116,0.742159,0.090101,10.1992,5.1137,30.5341,0.174212,0.129399,24.905365,95,0.000309,77.1455,0.002075,0
221,9.4293,102.93,37.2456,105.47,-5.6050907299,0.762314,0.093924,9.763,5.1479,30.8036,0.171204,0.129498,24.861553,92,0.000264,65.8744,0.001953,0
222,9.472,102.95,37.5336,105.47,-3.0069896127,0.749174,0.084158,11.0749,5.0672,30.2901,0.179151,0.129421,24.917041,93,0.000261,71.4763,0.001953,0
223,9.5147,102.88,37.4167,105.47,-0.5362264378,0.758843,0.083857,10.6416,5.0949,30.3827,0.17941,0.129532,24.850366,87,0.000169,77.1645,0.002075,0
224,9.5573,102.96,37.46,105.47,-1.8105530339,0.758452,0.089629,10.207,5.0971,30.3871,0.174592,0.129425,24.955379,94,0.00019,88.035,0.002075,0
225,9.6,102.9,37.5335,105.47,-3.0544749758,0.756363,0.084787,11.0802,5.0478,30.0857,0.178612,0.129447,24.948696,91,0.000186,72.0774,0.001953,0
226,9.6427,102.88,37.4598,105.47,-0.5216552044,0.767737,0.085377,10.6435,5.0793,30.1984,0.17811,0.129534,24.94439,85,0.000168,66.6274,0.001953,0
227,9.6853,103.0,37.3634,105.47,-5.4669582277,0.767766,0.095149,9.7654,5.1129,30.3304,0.170266,0.129479,24.953581,89,0.000158,65.9868,0.002075,0
228,9.728,103.0,37.4787,105.47,-2.2938329571,0.765233,0.088854,10.2099,5.1089,30.3579,0.175221,0.129468,24.962176,84,0.000171,66.255,0.002075,0
229,9.7707,102.98,37.5182,105.47,-2.5738804206,0.776609,0.088904,10.2105,5.0805,29.9757,0.17518,0.129517,25.016083,91,0.000174,66.081,0.001953,0
230,9.8133,103.03,37.6371,105.47,-3.0375111386,0.764117,0.085926,10.6462,5.0504,29.7128,0.177645,0.129527,25.032539,85,0.000244,66.6571,0.001953,0
231,9.856,103.03,37.7007,105.47,-2.5263075422,0.758712,0.087286,10.2145,5.0766,29.9101,0.176509,0.129514,25.036944,90,0.000261,77.0482,0.002075,0
232,9.8987,103.05,37.5861,105.47,-5.3299649362,0.760374,0.091255,9.7783,5.0902,29.9379,0.17329,0.129528,25.044064,87,0.000157,76.9418,0.002075,0
233,9.9413,103.02,37.8119,105.47,-2.8631760922,0.753693,0.083224,11.092,5.0098,29.4159,0.179958,0.129477,25.103803,88,0.000314,71.6351,0.001953,0
234,9.984,102.99,37.7828,105.47,-0.7412329673,0.756878,0.082861,11.0915,5.0168,29.3834,0.180275,0.129538,25.099468,87,0.000214,66.2729,0.001953,0
235,10.0267,103.01,37.6518,105.47,-2.3885809731,0.754928,0.089792,10.2213,5.0668,29.7994,0.17446,0.129496,25.163417,83,0.000229,66.0053,0.001953,0
236,10.0693,103.04,37.7367,105.47,-2.2641555533,0.742549,0.088685,10.2242,5.0673,29.7507,0.175359,0.129513,25.161056,86,0.00014,66.0653,0.002075,0
237,10.112,103.13,37.7836,105.47,-5.6494891744,0.745836,0.090031,10.2214,5.0458,29.4368,0.174268,0.129538,25.170329,91,0.000197,65.9069,0.002075,0
238,10.1547,102.99,37.8672,105.47,-2.1614158294,0.737938,0.09061,10.2212,5.0249,29.3967,0.173804,0.129547,25.204649,85,0.000205,87.9949,0.001953,0
239,10.1973,103.0,37.9903,105.47,-2.6804441179,0.726853,0.084714,10.6621,5.0052,29.2466,0.178674,0.129598,25.187927,86,0.00022,82.2072,0.001953,0
240,10.24,103.11,37.8975,105.47,-5.2070768401,0.72817,0.091681,9.7903,5.0578,29.5115,0.172954,0.129523,25.256818,89,0.000211,76.8829,0.002075,0
241,10.2827,103.14,37.9428,105.47,-5.7353796809,0.728989,0.087902,10.2256,5.031,29.2006,0.176,0.129597,25.213281,82,0.000173,66.3926,0.002075,0
242,10.3253,103.03,38.1152,105.47,-1.6636748013,0.711762,0.095567,9.7825,5.0361,29.459,0.169949,0.12965,25.227465,89,0.000222,87.7347,0.001953,0
243,10.368,103.1,38.2408,105.47,-0.8038719411,0.716767,0.085325,11.1033,4.9667,28.824,0.178154,0.129519,25.314092,85,0.000421,66.6935,0.001953,0
244,10.4107,103.15,38.1747,105.47,-2.9322655969,0.711131,0.094795,9.7896,5.0186,29.1416,0.170536,0.129606,25.326606,91,0.000224,77.479,0.002075,0
245,10.4533,103.21,38.3375,105.47,-2.8116121574,0.70777,0.087328,10.6748,4.9864,28.8062,0.176475,0.12956,25.421114,82,0.000372,66.0163,0.002075,0
246,10.496,103.19,38.37,105.47,-2.8368653799,0.705642,0.086486,10.6724,4.985,28.7683,0.177176,0.129598,25.400013,86,0.000167,66.2933,0.001953,0
247,10.5387,103.21,38.3467,105.47,-5.4592411668,0.704797,0.094665,9.7966,5.0085,28.8959,0.170635,0.129595,25.440748,83,0.000211,76.718,0.001953,0
248,10.5813,103.25,38.5377,105.47,-1.82490921,0.699287,0.086648,10.6778,4.9657,28.5816,0.17704,0.129559,25.45648,83,0.000191,77.2511,0.002075,0
249,10.624,103.18,38.3677,105.47,-4.9371399052,0.697013,0.097295,9.3628,5.0325,29.0824,0.168651,0.129615,25.463193,85,0.000176,76.7557,0.002075,0
250,10.6667,103.18,38.6487,105.47,-2.7898798914,0.690124,0.088177,10.6723,4.9377,28.4315,0.175774,0.129633,25.444475,81,0.000281,82.4222,0.001953,0
251,10.7093,103.16,38.6002,105.47,-0.3372090017,0.694405,0.086581,10.6756,4.9516,28.4028,0.177097,0.129745,25.456325,89,0.000238,66.0208,0.001953,0
252,10.752,103.39,38.7161,105.47,-5.1611463336,0.679031,0.090435,10.239,4.9702,28.437,0.173944,0.129639,25.52076,92,0.000269,65.8698,0.002075,0
253,10.7947,103.33,38.67,105.47,-4.9198735399,0.680591,0.094597,9.801,4.9933,28.6352,0.170687,0.129679,25.515189,91,0.000173,65.6373,0.002075,0
254,10.8373,103.24,38.9446,105.47,-2.8663244506,0.676989,0.085026,11.1149,4.8912,27.938,0.178408,0.129701,25.54555,85,0.000224,72.2491,0.001953,0
255,10.88,103.33,38.9641,105.47,-2.1347021842,0.671694,0.090842,10.6744,4.9135,28.0914,0.173619,0.129578,25.601614,84,0.000326,78.1884,0.001953,0
256,10.9227,103.33,38.861,105.47,-5.4401934329,0.673046,0.095194,9.7974,4.9721,28.436,0.170232,0.129691,25.53076,85,0.000174,76.869,0.002075,0
257,10.9653,103.37,38.82,105.47,-8.566878911,0.6834,0.103957,8.9235,4.9807,28.3488,0.163857,0.12969,25.609359,88,0.000201,76.6641,0.002075,0
258,11.008,103.32,38.9598,105.47,-0.4826751411,0.678663,0.084665,11.1193,4.8981,27.8341,0.178716,0.129647,25.62839,88,0.000266,66.2616,0.001953,0
259,11.0507,103.31,38.9205,105.47,-2.5927501657,0.668133,0.091602,10.2391,4.9359,28.1071,0.173016,0.129726,25.591124,92,0.000183,66.5309,0.001953,0
260,11.0933,103.34,38.9759,105.47,-2.3877163436,0.669587,0.091773,10.2454,4.9512,28.2884,0.172881,0.129698,25.642129,90,0.000142,66.1143,0.001953,0
261,11.136,103.41,38.9366,105.47,-4.9081077204,0.665372,0.096029,9.8043,4.9608,28.23,0.1696,0.129725,25.60537,90,9.1e-05,65.5325,0.002075,0
262,11.1787,103.38,39.133,105.47,-1.4084577243,0.663233,0.091504,10.2441,4.9377,28.135,0.173093,0.129741,25.633559,86,8.2e-05,76.5677,0.002075,0
263,11.2213,103.28,39.1371,105.47,-2.1840945829,0.670342,0.090481,10.242,4.9143,27.9357,0.173907,0.129782,25.614582,89,0.000151,81.9058,0.001953,0
264,11.264,103.37,39.2044,105.47,-2.4156754232,0.669466,0.094891,9.8048,4.9214,27.8246,0.170462,0.129756,25.690832,90,0.000131,76.7155,0.001953,0
265,11.3067,103.41,39.2682,105.47,-1.2912138758,0.648835,0.0934,9.8028,4.9307,27.9917,0.171609,0.129756,25.62842,83,0.000118,87.1723,0.002075,0
266,11.3493,103.35,39.3324,105.47,-0.1907443284,0.657931,0.091161,10.2453,4.8978,27.7329,0.173365,0.129747,25.691368,80,0.0002,77.6112,0.002075,0
267,11.392,103.39,39.4843,105.47,-0.6101018269,0.655348,0.084593,11.5555,4.827,27.2859,0.178778,0.12969,25.717057,78,0.000265,60.9482,0.001953,0
268,11.4347,103.42,39.381,105.47,-1.7289807336,0.665163,0.093023,10.2361,4.8769,27.4148,0.171901,0.129833,25.654962,90,0.000245,78.204,0.001953,0
269,11.4773,103.52,39.4613,105.47,-2.8642294655,0.660603,0.091099,10.6786,4.8625,27.2967,0.173415,0.129667,25.763685,82,0.000415,66.1781,0.002075,0
270,11.52,103.58,39.545,105.47,-4.619955497,0.663679,0.092395,10.245,4.8692,27.1221,0.172392,0.129676,25.737972,82,0.000176,77.027,0.002075,0
271,11.5627,103.4,39.3635,105.47,-1.3914887064,0.659355,0.096673,9.8026,4.904,27.6712,0.169116,0.12984,25.694347,85,0.000309,87.0132,0.001953,0
272,11.6053,103.46,39.393,105.47,-2.4676413982,0.665007,0.089324,10.2484,4.8899,27.4427,0.174839,0.129787,25.750857,81,0.000211,76.6102,0.001953,0
273,11.648,103.44,39.3194,105.47,-2.1439395906,0.676507,0.092374,9.8132,4.8968,27.4476,0.172409,0.129778,25.769387,80,0.000119,76.5412,0.002075,0
274,11.6907,103.41,39.342,105.47,-1.6824533236,0.659019,0.09748,9.3752,4.9323,27.8528,0.168514,0.129779,25.796767,81,0.000124,76.5182,0.002075,0
275,11.7333,103.49,39.5038,105.47,-1.6607958878,0.666521,0.091236,10.251,4.8669,27.2312,0.173305,0.12979,25.82014,81,0.000204,87.2521,0.001953,0
276,11.776,103.51,39.6484,105.47,-2.3559001074,0.660239,0.08454,11.1306,4.8337,27.0402,0.178823,0.129786,25.849939,81,0.000217,70.9704,0.001953,0
277,11.8187,103.51,39.506,105.47,-1.2539793762,0.66842,0.091375,10.2522,4.8757,27.3018,0.173195,0.129787,25.820965,88,0.000193,76.0562,0.001953,0
278,11.8613,103.61,39.6816,105.47,-2.5891128428,0.67813,0.085906,10.7019,4.8499,26.8548,0.177663,0.129732,25.880691,85,0.000193,66.1095,0.002075,0
279,11.904,103.5,39.4503,105.47,-2.1692631241,0.688347,0.089663,10.2592,4.8714,27.1403,0.174564,0.129783,25.849863,88,0.000136,65.8632,0.002075,0
280,11.9467,103.55,39.5829,105.47,-2.4882468419,0.677342,0.086693,10.701,4.8566,27.0567,0.177002,0.129733,25.928647,86,0.000166,66.0596,0.001953,0
281,11.9893,103.41,39.5563,105.47,-1.6333576061,0.669694,0.096733,9.8162,4.8672,27.2366,0.169071,0.129834,25.918961,82,0.000194,87.8019,0.001953,0
282,12.032,103.39,39.6656,105.47,-2.0278864424,0.669453,0.093697,9.8205,4.8628,27.1996,0.171379,0.129909,25.904615,91,0.000161,81.9429,0.002075,0
283,12.0747,103.54,39.6426,105.47,-1.2868329406,0.665012,0.08855,10.2658,4.8673,27.1857,0.175468,0.129776,25.950972,89,0.000195,86.831,0.002075,0
284,12.1173,103.51,39.6273,105.47,-1.3742443786,0.669955,0.091185,10.2641,4.8604,27.1121,0.173346,0.129771,25.990206,88,9.6e-05,76.2406,0.001953,0
285,12.16,103.42,39.7379,105.47,-2.3879853607,0.670469,0.090491,10.6933,4.8119,26.8651,0.173899,0.129842,25.92787,85,0.000149,71.5494,0.001953,0
286,12.2027,103.57,39.7297,105.47,-1.3644130182,0.66945,0.092146,10.2573,4.848,26.9872,0.172587,0.129831,25.934291,82,0.000116,76.4066,0.001953,0
287,12.2453,103.71,39.7946,105.47,-7.8794930935,0.657286,0.101644,9.3751,4.8882,27.2514,0.165487,0.129837,25.934863,92,9.2e-05,66.0856,0.002075,0
288,12.288,103.66,39.8315,105.47,-3.7877769565,0.6643,0.095783,9.8111,4.8511,26.8658,0.169785,0.12991,25.899868,88,0.000103,76.4548,0.002075,0
289,12.3307,103.56,40.0528,105.47,-2.3541476334,0.657055,0.09145,10.2498,4.808,26.6241,0.173136,0.129907,25.89392,85,0.000146,81.9403,0.001953,0
290,12.3733,103.66,40.0446,105.47,-1.4323269182,0.664387,0.091,10.2544,4.8251,26.6905,0.173493,0.129851,25.943451,89,0.00017,87.0781,0.001953,0
291,12.416,103.76,40.0719,105.47,-4.8945958037,0.659846,0.093842,9.813,4.8402,26.6825,0.171267,0.129858,25.924839,86,8.5e-05,76.7314,0.002075,0
292,12.4587,103.78,40.0889,105.47,-4.8499333623,0.662564,0.094382,9.8134,4.827,26.5221,0.170852,0.129832,25.965039,93,6.5e-05,76.5453,0.002075,0
293,12.5013,103.75,40.2802,105.47,-0.3140830666,0.656515,0.08466,11.1292,4.7793,26.2719,0.178721,0.129859,25.938259,82,0.000126,66.7618,0.001953,0
294,12.544,103.71,40.2361,105.47,-0.062018995,0.661867,0.08852,10.6864,4.7871,26.2948,0.175493,0.129945,25.942822,86,8.2e-05,66.4284,0.001953,0
295,12.5867,103.88,40.4813,105.47,-2.5090137149,0.653985,0.088102,10.691,4.7768,26.0173,0.175836,0.129859,26.023404,86,0.000173,66.9646,0.002075,0
296,12.6293,103.81,40.2775,105.47,-1.10044238,0.663541,0.092228,10.2459,4.7885,26.1718,0.172523,0.129954,25.924739,85,0.000168,76.0338,0.002075,0
297,12.672,103.77,40.368,105.47,-2.3343118662,0.661704,0.084785,11.1283,4.7584,26.0701,0.178613,0.129938,25.962242,85,0.000172,71.8998,0.001953,0
298,12.7147,103.68,40.1982,105.47,-1.4696707206,0.667953,0.098663,9.8006,4.7888,26.2744,0.167641,0.129898,25.930116,88,0.000185,87.6805,0.001953,0
299,12.7573,103.81,40.6172,105.47,-2.8674890969,0.652764,0.08641,10.6874,4.7422,25.7064,0.177239,0.129949,25.906027,82,0.000217,81.8202,0.001953,0
300,12.8,103.9,40.6715,105.47,-0.9942955874,0.656083,0.083737,11.5586,4.7107,25.4668,0.179513,0.12984,25.955242,89,0.000232,67.36,0.002075,0
301,12.8427,103.83,40.2678,105.47,-4.7704995389,0.666259,0.095723,9.8082,4.8043,26.2161,0.16983,0.12996,25.949113,88,0.000198,66.7636,0.002075,0
302,12.8853,104.0,40.7557,105.47,-1.9385660038,0.661134,0.085156,11.1222,4.7272,25.4647,0.178298,0.129941,25.968754,84,0.000174,76.2802,0.001953,0
303,12.928,103.78,40.4428,105.47,-2.227818659,0.666795,0.090496,10.6824,4.7424,25.8502,0.173895,0.129919,25.976625,86,0.000233,70.8355,0.001953,0
304,12.9707,103.9,40.3929,105.47,-2.3403689087,0.668544,0.09659,9.8055,4.7726,25.9026,0.169178,0.129997,25.968238,88,0.000232,76.1165,0.002075,0
305,13.0133,103.99,40.6454,105.47,-5.3285711233,0.672607,0.092462,10.2545,4.751,25.5437,0.172339,0.129889,26.075674,82,0.00029,65.9895,0.002075,0
306,13.056,103.86,40.4462,105.47,-2.2659222098,0.682553,0.091883,10.2509,4.7486,25.663,0.172794,0.129912,26.031685,86,0.000282,77.3896,0.001953,0
307,13.0987,103.86,40.7621,105.47,-2.7672473679,0.675176,0.08584,10.695,4.7006,25.1654,0.177718,0.129952,26.064912,90,0.000204,82.6113,0.001953,0
308,13.1413,103.75,40.3537,105.47,-1.7902411115,0.680566,0.100594,9.373,4.773,25.8418,0.166238,0.12997,26.054244,86,0.000191,76.8196,0.001953,0
309,13.184,103.88,40.3468,105.47,-4.8700041047,0.681401,0.094733,9.8205,4.7625,25.6822,0.170583,0.12994,26.121853,75,0.00022,76.3669,0.002075,0
310,13.2267,103.91,40.4408,105.47,-5.4869545621,0.690897,0.091095,10.2613,4.7369,25.322,0.173417,0.129951,26.1202,74,0.000208,65.6644,0.002075,0
311,13.2693,103.71,40.3104,105.47,-1.7792483528,0.684488,0.093752,10.2568,4.7354,25.5846,0.171337,0.129984,26.15,84,0.000208,77.207,0.001953,0
312,13.312,103.7,40.2741,105.47,-2.2959643223,0.681824,0.089311,10.7036,4.7118,25.4557,0.174849,0.129877,26.201395,78,0.00037,81.3329,0.001953,0
313,13.3547,103.9,40.4928,105.47,-4.252612483,0.685492,0.090796,10.2679,4.7379,25.3343,0.173655,0.129942,26.160857,83,0.000225,76.1917,0.002075,0
314,13.3973,103.82,40.3891,105.47,-2.4350822271,0.684637,0.090869,10.274,4.7376,25.3756,0.173597,0.12987,26.244509,79,0.000204,75.9848,0.002075,0
315,13.44,103.65,40.1099,105.47,-1.1501345346,0.679016,0.093744,9.8315,4.7694,25.8341,0.171343,0.129979,26.210622,83,0.000228,86.8891,0.001953,0
316,13.4827,103.56,40.1309,105.47,-2.3854983371,0.682373,0.091262,10.2701,4.7389,25.6799,0.173285,0.129973,26.245636,72,0.000201,81.0155,0.001953,0
317,13.5253,103.59,40.0518,105.47,-0.5187771162,0.685685,0.09689,9.3948,4.7806,25.933,0.168953,0.129976,26.218558,84,0.000185,86.5137,0.001953,0
318,13.568,103.63,40.0131,105.47,-1.998493429,0.693258,0.092648,9.838,4.7703,25.7681,0.172194,0.129963,26.23867,78,0.000194,75.9378,0.002075,0
319,13.6107,103.7,40.0707,105.47,-4.6244167654,0.684298,0.099158,9.3954,4.7845,25.8603,0.167279,0.129962,26.283772,84,0.000162,76.069,0.002075,0
320,13.6533,103.69,40.0939,105.47,-1.1902260851,0.696636,0.090454,10.2769,4.7432,25.533,0.173929,0.12997,26.311445,84,0.000213,75.3762,0.001953,0
321,13.696,103.68,40.1295,105.47,-1.362210484,0.695906,0.091092,10.2802,4.7415,25.5375,0.17342,0.129963,26.352576,78,0.000167,75.0407,0.001953,0
322,13.7387,103.8,40.2903,105.47,-2.6574116495,0.699109,0.08651,10.7258,4.7124,25.1048,0.177156,0.129867,26.368892,89,0.000282,65.2818,0.002075,0
323,13.7813,103.67,40.0278,105.47,-1.2427377443,0.717862,0.088615,10.2875,4.7377,25.3865,0.175415,0.12999,26.349052,80,0.000208,75.0679,0.002075,0
324,13.824,103.73,40.2622,105.47,-2.8590593845,0.728082,0.085181,10.7342,4.7062,24.9461,0.178276,0.129921,26.458815,78,0.000259,65.2268,0.001953,0
325,13.8667,103.76,40.2668,105.47,-2.9177143258,0.723768,0.081591,11.1807,4.7039,24.9623,0.181393,0.129869,26.478988,77,0.000268,65.145,0.001953,0
326,13.9093,103.59,40.0456,105.47,-1.9076748904,0.750936,0.087831,10.3011,4.7169,25.0635,0.176059,0.129908,26.488107,82,0.00025,85.6779,0.001953,0
327,13.952,103.5,39.4767,105.47,-4.6684961322,0.762151,0.095935,9.4193,4.7556,25.4346,0.16967,0.129885,26.485828,83,0.000209,65.0131,0.002075,0
328,13.9947,103.59,39.9275,105.47,-2.6558394204,0.771534,0.087393,10.3077,4.7338,25.2123,0.176421,0.129904,26.505671,76,0.000225,75.0117,0.002075,0
329,14.0373,103.29,38.7605,105.47,-1.0557040912,0.786364,0.09915,9.4162,4.6373,23.6394,0.167285,0.129953,26.485397,85,0.000196,75.1821,0.001953,0
330,14.08,103.18,38.6747,105.47,-1.363360338,0.799909,0.088121,10.3122,4.615,23.5938,0.17582,0.12994,26.560683,83,0.000184,69.617,0.001953,0
331,14.1227,103.38,38.7932,105.47,-4.7945282349,0.815869,0.092134,9.8718,4.6304,23.3842,0.172596,0.129926,26.59164,78,0.000192,64.2281,0.002075,0
332,14.1653,103.24,38.4332,105.47,-4.0483414241,0.828532,0.097318,9.4333,4.6759,23.9739,0.168635,0.129929,26.622123,77,0.000181,63.7405,0.002075,0
333,14.208,103.15,38.4818,105.47,-1.1138686437,0.828986,0.096233,9.4339,4.6625,23.8448,0.169446,0.129972,26.621084,69,0.000158,74.3403,0.001953,0
334,14.2507,103.04,38.2987,105.47,-1.4374456968,0.85873,0.096085,9.442,4.6725,24.0008,0.169557,0.129836,26.715889,71,0.000213,74.3144,0.001953,0
335,14.2933,103.03,38.2792,105.47,-0.469927098,0.851118,0.094862,9.4423,4.6799,24.1468,0.170485,0.129878,26.69077,76,0.000159,84.8538,0.001953,0
336,14.336,102.8,37.5614,105.47,0.2093760879,0.868975,0.107516,8.5581,4.7068,24.3514,0.161421,0.12989,26.719837,83,0.000182,64.2234,0.002075,0
337,14.3787,102.83,37.4326,105.47,-2.8327373495,0.869063,0.10807,8.5605,4.7191,24.4191,0.161049,0.129815,26.739022,81,0.000196,64.2177,0.002075,0
338,14.4213,102.8,37.4706,105.47,0.2667795381,0.880927,0.095512,9.4488,4.6817,24.1752,0.169991,0.129888,26.703276,83,0.000174,64.2005,0.001953,0
339,14.464,102.83,37.3485,105.47,-2.9019184267,0.881093,0.102235,9.0095,4.7116,24.3641,0.165067,0.129803,26.798508,74,0.00021,53.7508,0.001953,0
340,14.5067,102.71,37.2271,105.47,-0.365160867,0.88469,0.09553,9.4602,4.7138,24.4891,0.169977,0.129809,26.800891,76,0.000177,53.5607,0.001953,0
341,14.5493,102.75,37.1279,105.47,-3.1201472978,0.871625,0.101315,9.0184,4.7325,24.5853,0.165721,0.129768,26.836161,70,0.000155,53.881,0.002075,0
342,14.592,102.69,36.9937,105.47,-1.9019286185,0.888829,0.100229,9.0237,4.744,24.7512,0.166501,0.129726,26.87126,83,0.000207,63.61,0.002075,0
343,14.6347,102.41,36.9807,105.47,1.52315679,0.891935,0.088879,9.9182,4.6983,24.6902,0.1752,0.129802,26.855403,78,0.000177,58.7915,0.001953,0
344,14.6773,102.36,36.706,105.47,1.8945660946,0.891231,0.099351,9.0309,4.7591,25.1328,0.167138,0.129726,26.915624,75,0.000182,63.6325,0.001953,0
345,14.72,102.55,36.9796,105.47,-4.4547650795,0.869386,0.08837,9.9305,4.7155,24.6352,0.175616,0.129684,26.986137,82,0.000237,68.9801,0.001953,0
346,14.7627,102.34,36.5237,105.47,1.674330042,0.88896,0.092083,9.4884,4.777,25.3437,0.172637,0.129694,26.924239,77,0.000227,63.5581,0.002075,0
347,14.8053,102.36,36.2906,105.47,-2.9340590886,0.88619,0.102531,8.5962,4.8399,25.745,0.164857,0.129745,26.922351,80,0.000121,63.2182,0.002075,0
348,14.848,102.27,36.1488,105.47,0.14407367,0.880578,0.093223,9.4955,4.8085,25.6523,0.171746,0.129643,26.995198,79,0.000195,63.2921,0.001953,0
349,14.8907,102.13,36.0019,105.47,-0.9423443506,0.899899,0.090068,9.9367,4.7844,25.5997,0.174238,0.129714,26.906846,74,0.000161,58.0827,0.001953,0
350,14.9333,102.12,35.9604,105.47,-0.4273647314,0.871201,0.095867,9.4912,4.8171,25.8439,0.169722,0.129781,26.910551,77,0.000209,63.3474,0.001953,0
351,14.976,102.14,35.7338,105.47,-2.9524937295,0.879293,0.100104,9.0591,4.8467,26.0198,0.166591,0.129536,27.061548,76,0.000306,73.3806,0.002075,0
352,15.0187,102.06,35.5003,105.47,-1.4159044419,0.892777,0.098885,9.0603,4.8577,26.176,0.167478,0.129569,27.047453,70,0.000206,63.6273,0.002075,0
353,15.0613,101.7,35.5318,105.47,1.2370212965,0.877328,0.095444,9.5071,4.8164,26.387,0.170042,0.129701,27.060473,79,0.000211,57.9367,0.001953,0
354,15.104,101.82,35.3727,105.47,-0.0621221784,0.875932,0.086873,10.4151,4.8208,26.2856,0.176853,0.129368,27.194952,79,0.000332,54.0062,0.001953,0
355,15.1467,101.72,35.3235,105.47,-0.6849845434,0.883455,0.089243,10.4033,4.8235,26.2597,0.174904,0.12954,27.046209,75,0.000197,52.4417,0.001953,0
356,15.1893,101.67,34.9201,105.47,0.0665873626,0.878107,0.09831,9.066,4.9161,27.0896,0.1679,0.129682,27.018438,74,0.000199,73.8968,0.002075,0
357,15.232,101.64,34.6163,105.47,-4.2477086366,0.893201,0.106241,8.6238,4.9717,27.5648,0.162285,0.129505,27.116101,75,0.000267,62.9754,0.002075,0
358,15.2747,101.54,34.6622,105.47,-2.3768657223,0.877304,0.100286,9.0698,4.9059,27.3275,0.16646,0.129641,27.002387,67,0.00018,79.5289,0.001953,0
359,15.3173,101.45,34.495,105.47,-0.8610791189,0.865466,0.100772,9.0732,4.9594,27.8371,0.16611,0.129646,27.025341,70,0.000289,73.8874,0.001953,0
360,15.36,101.37,33.3317,105.47,1.6143756945,0.896536,0.098491,9.0883,4.7713,24.1477,0.167767,0.129389,27.176821,73,0.000253,52.9384,0.001953,0
361,15.4027,101.32,32.9932,105.47,-2.3591978415,0.878365,0.103518,8.6408,4.8464,24.7638,0.164164,0.129404,27.113602,73,0.00017,43.1497,0.002075,0
362,15.4453,101.19,32.9881,105.47,1.5679966074,0.895688,0.109238,8.1923,4.8643,24.9933,0.160271,0.129519,27.133123,78,0.000148,52.3288,0.002075,0
363,15.488,101.09,33.0415,105.47,0.4762775267,0.897887,0.095901,9.5457,4.7327,24.3653,0.169696,0.129233,27.307827,79,0.000416,58.8877,0.001953,0
364,15.5307,101.01,32.8852,105.47,2.0162627235,0.893065,0.098861,9.0901,4.8081,24.9501,0.167496,0.129532,27.132253,72,0.000233,54.1203,0.001953,0
365,15.5733,100.9,32.8529,105.47,2.1146027364,0.903854,0.092359,9.5544,4.7725,24.945,0.17242,0.129388,27.225993,83,0.000222,48.2182,0.001953,0
366,15.616,101.16,32.6793,105.47,2.1363183354,0.906138,0.084718,10.0106,4.8359,25.0216,0.178671,0.12932,27.234383,85,0.000237,42.3091,0.002075,0
367,15.6587,101.01,32.2927,105.47,-1.7297235377,0.897542,0.106613,8.2098,4.9715,26.1579,0.162031,0.129407,27.20448,80,0.000183,52.0338,0.002075,0
368,15.7013,100.9,32.3189,105.47,0.9042303947,0.902873,0.099542,9.1137,4.8821,25.7653,0.166999,0.129196,27.378367,71,0.000311,52.6719,0.001953,0
369,15.744,100.9,32.1635,105.47,0.9214428723,0.918799,0.102986,8.6621,4.9411,26.1553,0.164537,0.129373,27.30578,78,0.000241,53.6851,0.001953,0
370,15.7867,100.91,32.0058,105.47,-2.8663924626,0.915077,0.105467,8.6616,4.9617,26.3284,0.162814,0.129368,27.300046,88,0.000205,42.0574,0.001953,0
371,15.8293,100.84,31.9022,105.47,-0.4494242593,0.895532,0.09997,8.6719,4.9805,26.6316,0.166689,0.129356,27.29743,74,0.000199,52.4939,0.002075,0
372,15.872,100.72,31.9259,105.47,1.3309827326,0.921351,0.092752,9.5798,4.9001,26.2314,0.172112,0.129138,27.395987,70,0.000356,52.2443,0.002075,0
373,15.9147,100.61,31.6219,105.47,0.7793746626,0.943404,0.09009,9.5837,4.9442,26.874,0.17422,0.129215,27.358019,78,0.000206,47.9198,0.001953,0
374,15.9573,100.48,31.4107,105.47,1.5169673544,0.934234,0.111329,8.2194,5.0236,27.58,0.158899,0.129426,27.279287,74,0.000279,63.24,0.001953,0
375,16.0,100.39,31.3592,105.47,2.8080886227,0.951768,0.093176,9.1419,4.9902,27.5392,0.171782,0.129229,27.448747,74,0.000321,48.1094,0.001953,0
376,16.0427,100.56,31.1035,105.47,0.5895147476,0.918131,0.090012,9.1506,5.0893,28.0103,0.174283,0.1292,27.463704,74,0.000223,42.3804,0.002075,0
377,16.0853,100.45,30.9861,105.47,1.5577733816,0.939737,0.097521,8.701,5.1142,28.3885,0.168483,0.129194,27.484959,73,0.000231,61.5004,0.002075,0
378,16.128,100.37,30.7888,105.47,-1.7503484565,0.941523,0.093706,9.161,5.0876,28.4661,0.171372,0.128995,27.606856,70,0.000388,56.8958,0.001953,0
379,16.1707,100.27,30.5656,105.47,-2.2798900545,0.942636,0.098182,8.7036,5.1256,28.9555,0.167994,0.129202,27.496613,71,0.000278,58.8347,0.001953,0
380,16.2133,100.12,30.3757,105.47,2.2611157032,0.945151,0.094195,9.1643,5.1369,29.2932,0.170995,0.129125,27.567238,68,0.000408,52.0875,0.001953,0
381,16.256,100.04,30.1649,105.47,-0.4480394119,0.924482,0.107112,8.7104,5.1577,29.611,0.161693,0.129008,27.692731,66,0.000343,52.222,0.002075,0
382,16.2987,100.1,29.749,105.47,-5.9786347219,0.890743,0.103072,8.2684,5.283,30.6477,0.164476,0.129153,27.579272,60,0.000465,53.9552,0.002075,0
383,16.3413,99.85,29.5476,105.47,0.8439248976,0.910876,0.096179,8.7274,5.299,31.244,0.169486,0.129237,27.62491,75,0.00031,60.9072,0.001953,0
384,16.384,99.75,29.2538,105.47,1.8646756271,0.839001,0.10139,8.2826,5.3394,31.8652,0.165668,0.12913,27.737299,73,0.000369,61.2556,0.001953,0
385,16.4267,99.59,28.9913,105.47,0.9275936402,0.79928,0.105128,8.2789,5.3455,32.4432,0.163047,0.129283,27.640196,67,0.000291,62.4366,0.001953,0
386,16.4693,99.39,28.8331,105.47,1.965127262,0.830324,0.090381,9.2104,5.3003,32.6352,0.173987,0.129122,27.831993,70,0.000409,46.5957,0.002075,0
387,16.512,99.5,28.3185,105.47,0.6012177687,0.797007,0.086842,9.2285,5.4642,33.7435,0.176878,0.128871,27.985482,73,0.000497,50.5107,0.002075,0
388,16.5547,99.3,27.9894,105.47,-1.2379003532,0.766313,0.091972,8.7751,5.4683,34.487,0.172724,0.128942,27.953242,75,0.000483,67.1114,0.001953,0
389,16.5973,99.08,27.5922,105.47,1.6134787013,0.760955,0.090725,9.2339,5.5098,35.3165,0.173712,0.128964,28.039784,59,0.000506,50.0075,0.001953,0
390,16.64,98.86,27.1595,105.47,0.7662171366,0.73068,0.086343,9.6982,5.522,36.1338,0.177295,0.128899,28.137758,63,0.00049,40.1113,0.001953,0
391,16.6827,98.68,26.4753,105.47,0.4997914479,0.714544,0.085353,9.7111,5.5948,37.7598,0.17813,0.128955,28.12234,55,0.000514,41.9299,0.001953,0
392,16.7253,98.45,25.9098,105.47,0.821224054,0.712735,0.08642,9.2683,5.736,39.8653,0.177231,0.129001,28.190676,71,0.000567,50.3129,0.002075,0
393,16.768,98.3,25.1731,105.47,0.0816832722,0.729267,0.093664,8.3711,5.916,42.3192,0.171405,0.128864,28.296847,48,0.000669,60.1141,0.002075,0
394,16.8107,97.88,24.9044,105.47,-0.0119170391,0.695816,0.088624,9.2872,5.6713,42.2468,0.175408,0.129048,28.315462,50,0.000687,44.4198,0.001953,0
395,16.8533,97.78,25.5009,105.47,-2.068793681,0.657023,0.085405,9.3211,6.3749,58.4612,0.178086,0.128713,28.662852,52,0.000797,63.6038,0.001953,0
396,16.896,97.53,24.5739,105.47,-1.7341180195,0.613715,0.074727,10.2748,6.6036,64.4264,0.187753,0.128652,28.895395,51,0.000718,53.3274,0.001953,0
397,16.9387,97.25,21.9721,105.47,-0.2610393487,0.598852,0.078569,8.9105,6.1503,52.6338,0.184125,0.128803,28.962298,63,0.00068,52.1748,0.002075,0
398,16.9813,96.95,21.2935,105.47,-1.6349595134,0.607622,0.074168,9.398,6.0457,54.3406,0.188298,0.128586,29.214077,42,0.000757,52.0452,0.002075,0
399,17.024,96.87,20.1385,105.47,0.4775460625,0.55614,0.06286,9.9,6.4218,59.7492,0.200271,0.128679,29.432353,52,0.000767,41.4147,0.001953,0
400,17.0667,96.59,19.6446,105.47,-0.5248401691,0.470358,0.06483,9.9089,6.2533,60.899,0.198038,0.128664,29.600187,43,0.000719,42.0302,0.001953,0
401,17.1093,96.37,17.8742,105.47,-2.8254366426,0.427207,0.073419,8.5154,6.5545,67.6105,0.189032,0.128742,29.73308,44,0.00069,45.1113,0.001953,0
402,17.152,95.89,17.8436,105.47,-1.4828013533,0.398679,0.080353,8.5039,5.7206,65.2307,0.1825,0.128775,29.864862,58,0.000677,46.4134,0.001953,0
403,17.1947,95.77,16.3222,105.47,0.620913555,0.316563,0.067105,9.0231,5.5028,68.8682,0.195541,0.128517,30.23546,53,0.000657,39.9618,0.001953,0
404,17.2373,95.5,16.084,105.47,-0.0454953341,0.303335,0.076298,8.539,4.6828,64.7155,0.186248,0.128662,30.15718,54,0.000504,39.5454,0.002075,0
405,17.28,95.59,15.0195,105.47,-0.389405515,0.347141,0.070982,8.1043,5.255,72.418,0.191476,0.128436,30.399746,53,0.000519,48.0304,0.002075,0
406,17.3227,95.67,14.6597,105.47,0.4922770954,0.372507,0.064399,8.1074,5.7623,77.8674,0.19852,0.128643,30.339963,47,0.000327,47.2216,0.001953,0
407,17.3653,95.69,14.9866,105.47,1.0109882232,0.490612,0.066069,8.1111,6.0858,78.9409,0.196667,0.128553,30.536665,59,0.000324,43.5043,0.001953,0
408,17.408,95.42,15.4932,105.47,0.603380148,0.53631,0.074953,8.0843,4.9561,71.1768,0.187535,0.128653,30.281341,52,0.000262,39.7685,0.001953,0
409,17.4507,95.25,16.4864,105.47,-0.6188669941,0.538781,0.077834,8.533,4.0247,60.3963,0.184805,0.128726,30.485267,53,0.000234,39.4854,0.001953,0
410,17.4933,95.44,16.1979,105.47,-1.1501920107,0.467481,0.079554,8.0826,4.6789,65.3952,0.183223,0.12858,30.587053,48,0.000197,48.3691,0.001953,0
411,17.536,95.64,15.431,105.47,0.5877124813,0.555082,0.063366,8.5755,5.7879,76.3679,0.199691,0.128642,30.338425,44,0.000164,38.4616,0.002075,0
412,17.5787,95.69,15.0294,105.47,-0.0340740554,0.563368,0.072897,7.6326,6.167,79.5066,0.189548,0.128604,30.537483,45,0.000132,51.3695,0.002075,0
413,17.6213,95.64,15.0746,105.47,-0.3944107664,0.467422,0.063686,8.5751,5.738,75.8717,0.199326,0.128567,30.299786,51,0.000119,42.5611,0.001953,0
414,17.664,95.67,14.8998,105.47,-1.1185468522,0.548931,0.060456,8.5804,5.9007,78.7036,0.203093,0.128643,30.380084,55,0.000105,45.9752,0.001953,0
415,17.7067,95.53,15.2177,105.47,0.4492402938,0.56447,0.065765,8.5765,5.3475,73.6466,0.197001,0.12854,30.507074,44,0.000163,38.1592,0.001953,0
416,17.7493,95.3,15.7984,105.47,-0.6554117766,0.592349,0.073208,8.5554,4.3961,65.4526,0.18924,0.128577,30.634905,44,0.000121,37.9276,0.001953,0
417,17.792,95.24,15.7654,105.47,-1.9064759427,0.500836,0.077317,8.0858,4.1069,64.1739,0.185287,0.128489,30.462995,42,0.00013,46.5522,0.001953,0
418,17.8347,95.58,14.9926,105.47,0.0574239389,0.607625,0.066421,8.1109,5.5946,77.1323,0.196283,0.128547,30.610884,50,0.000105,47.312,0.002075,0
419,17.8773,95.63,14.9277,105.47,-0.7082019429,0.529578,0.073102,7.6352,5.893,78.3829,0.189345,0.128511,30.621957,46,0.000136,51.4207,0.002075,0
420,17.92,95.41,15.2654,105.47,-0.5845218585,0.569076,0.069275,8.5617,4.8427,69.6849,0.193237,0.128744,30.443004,49,0.000181,38.3233,0.001953,0
421,17.9627,94.97,16.3127,105.47,-1.6249140098,0.608793,0.088927,7.5855,3.3741,58.7326,0.175161,0.128737,30.616539,38,0.000232,47.2528,0.001953,0
422,18.0053,94.74,16.4478,105.47,-1.2682228112,0.474221,0.088174,8.0453,2.8159,53.6524,0.175777,0.12861,30.598631,42,0.000192,38.9848,0.001953,0
423,18.048,95.12,16.1792,105.47,-1.3959722606,0.556787,0.080119,8.5291,3.8108,59.7547,0.18271,0.128749,30.613905,44,0.000143,37.5031,0.001953,0
424,18.0907,95.29,14.9893,105.47,0.1870955594,0.610693,0.070442,8.1003,4.7183,72.2319,0.192028,0.12856,30.761481,45,0.000208,38.8289,0.001953,0
425,18.1333,95.41,14.4921,105.47,-0.1385447675,0.526469,0.078396,7.1556,5.3605,78.1528,0.184285,0.128638,30.510777,39,0.000174,51.2315,0.002075,0
426,18.176,95.27,14.7107,105.47,0.2044529379,0.607013,0.070833,8.0957,4.8996,74.7677,0.191628,0.128712,30.382254,33,0.000184,35.8706,0.002075,0
427,18.2187,95.18,14.5375,105.47,1.914447957,0.449284,0.077418,7.6266,4.5307,74.8407,0.185193,0.128644,30.506949,41,0.000195,27.555,0.001953,0
428,18.2613,95.39,14.8363,105.47,0.0892698448,0.607523,0.066697,8.5769,4.8788,71.694,0.195983,0.128659,30.533581,43,0.000162,36.5622,0.001953,0
429,18.304,95.03,14.6515,105.47,0.2213351117,0.478521,0.080517,7.614,3.9705,69.3683,0.182352,0.128716,30.41134,46,0.000195,28.4499,0.001953,0
430,18.3467,95.15,15.0979,105.47,-0.7205527359,0.654171,0.074234,8.0912,4.374,68.5615,0.188233,0.128616,30.513932,50,0.000194,37.4002,0.001953,0
431,18.3893,95.24,14.212,105.47,2.1800187389,0.529549,0.085004,6.6931,5.0673,80.7461,0.178427,0.128601,30.757552,35,0.000211,37.3179,0.001953,0
432,18.432,95.3,13.9901,105.47,1.969367728,0.611549,0.080046,6.7,5.3449,84.1909,0.182777,0.128579,30.807241,44,0.000187,36.9896,0.002075,0
433,18.4747,95.33,14.8499,105.47,-1.5383457328,0.633297,0.070194,8.1097,4.6529,70.1607,0.192283,0.128498,30.762828,54,0.000214,46.0329,0.002075,0
434,18.5173,95.02,14.7856,105.47,-0.6534040029,0.50119,0.076215,8.0927,3.7165,65.5967,0.186326,0.128634,30.76179,37,0.000192,36.0934,0.001953,0
435,18.56,95.26,14.0451,105.47,0.7658043231,0.39177,0.066397,8.1149,4.8728,76.4741,0.196308,0.128592,30.743525,33,0.000247,36.9355,0.001953,0
436,18.6027,95.45,13.2819,105.47,-2.4270087803,0.582223,0.073517,6.7106,5.9798,87.6077,0.188935,0.128549,31.046045,40,0.000232,48.1747,0.001953,0
437,18.6453,94.97,13.997,105.47,0.3906625557,0.474398,0.088669,6.6889,3.8391,71.5151,0.175371,0.128524,30.812381,38,0.000258,37.4011,0.001953,0
438,18.688,95.24,13.7093,105.47,0.9334165961,0.53023,0.074573,7.1742,4.9541,79.1041,0.187903,0.12857,30.788175,45,0.000224,40.0013,0.001953,0
439,18.7307,95.25,13.8117,105.47,-0.6867870508,0.611455,0.070447,7.6424,4.5531,74.8091,0.192023,0.128635,30.705935,33,0.000209,44.4396,0.002075,0
440,18.7733,94.58,14.8687,105.47,-0.9523959294,0.636964,0.085682,7.5979,2.2122,55.448,0.177851,0.128693,30.744897,38,0.000286,29.8061,0.002075,0
441,18.816,94.92,13.7397,105.47,-0.4214140067,0.456055,0.080752,7.1549,3.2809,66.176,0.182141,0.128727,30.812561,45,0.000225,32.7235,0.001953,0
442,18.8587,94.89,14.2183,105.47,0.2997468442,0.488445,0.077594,7.6322,3.2733,66.6329,0.185029,0.128672,30.779917,29,0.000224,28.2349,0.001953,0
443,18.9013,94.7,14.1388,105.47,-0.7536095182,0.497918,0.082698,7.6089,2.4687,58.6809,0.180418,0.128729,30.426248,53,0.000195,27.844,0.001953,0
444,18.944,95.0,13.5755,105.47,-0.9069505276,0.51891,0.077495,7.1664,3.2788,66.7074,0.185121,0.128636,30.723275,40,0.000228,42.6789,0.001953,0
445,18.9867,94.68,14.2017,105.47,-1.122605749,0.526535,0.08091,7.6042,2.1871,56.7321,0.182,0.128823,30.594131,42,0.000209,27.0958,0.001953,0
446,19.0293,94.8,13.3897,105.47,-1.5906253788,0.365059,0.077232,7.1605,2.0559,59.0341,0.185367,0.128695,30.886773,38,0.000233,35.2607,0.001953,0
447,19.072,94.64,14.3488,105.47,-0.7474764612,0.468825,0.082054,7.6128,2.051,56.4495,0.180984,0.128671,30.769406,32,0.000215,26.7417,0.002075,0
448,19.1147,94.79,13.1356,105.47,-2.0190951015,0.368237,0.076,7.157,1.9924,57.5059,0.186531,0.128703,30.722143,29,0.000175,35.694,0.002075,0
449,19.1573,94.66,13.394,105.47,0.0271771571,0.344524,0.084448,7.1535,1.7629,56.2211,0.178902,0.128657,31.030288,37,0.000187,26.0061,0.001953,0
450,19.2,94.76,13.6481,105.47,-1.8703203686,0.370196,0.082311,7.1554,2.1987,58.9505,0.180757,0.128621,31.169902,37,0.000183,35.2839,0.001953,0
451,19.2427,94.71,12.3799,105.47,0.9577570927,0.336076,0.077892,7.1648,0.7667,40.4696,0.184751,0.128554,30.953659,47,0.000237,34.2,0.001953,0
452,19.2853,94.52,13.6188,105.47,-1.987741818,0.331888,0.088384,7.1337,1.6234,51.141,0.175605,0.128729,30.662458,40,0.000212,29.5044,0.001953,0
453,19.328,94.57,12.3692,105.47,1.0364529818,0.329507,0.084415,7.1529,0.2115,36.5277,0.17893,0.128632,30.779739,35,0.000192,26.3,0.001953,0
454,19.3707,94.79,13.8169,105.47,-2.1673854984,0.40473,0.067567,8.5742,2.0493,52.562,0.195044,0.128577,30.70053,41,0.000143,33.6217,0.002075,0
455,19.4133,94.26,13.4792,105.47,-0.0584923746,0.269346,0.091693,7.1263,-1.0093,31.0756,0.172944,0.128666,30.242912,42,0.000178,32.4836,0.002075,0
456,19.456,94.54,13.1934,105.47,-1.7886511004,0.396326,0.078747,8.0787,0.3967,34.1158,0.183961,0.128638,30.611242,37,0.000212,30.7984,0.001953,0
457,19.4987,94.88,12.6404,105.47,-0.966328011,0.390554,0.083597,6.6825,3.662,68.2228,0.179635,0.128643,30.744567,34,0.000187,35.6154,0.001953,0
458,19.5413,94.51,11.4077,105.47,3.9442614163,0.302989,0.104091,6.2006,-1.7595,11.4465,0.163765,0.128644,30.448967,42,0.000171,20.9151,0.001953,0
459,19.584,94.78,11.7151,105.47,0.1370412683,0.252245,0.072147,7.1645,-0.271,21.6762,0.190297,0.128715,30.751168,34,0.000121,38.0919,0.001953,0
460,19.6267,94.89,11.8971,105.47,-0.4016264447,0.290585,0.073178,7.1691,0.888,40.4232,0.18927,0.12874,30.738169,28,0.000148,40.3721,0.001953,0
461,19.6693,94.52,11.5701,105.47,4.5236488704,0.243552,0.092258,6.6769,-1.9746,13.7366,0.1725,0.128738,30.388731,38,0.000172,17.5581,0.001953,0
462,19.712,94.85,12.4084,105.47,1.5984817872,0.322014,0.07318,7.1765,1.9543,53.8135,0.189268,0.128468,30.657308,34,0.000177,32.773,0.002075,0
463,19.7547,94.59,11.136,105.47,4.713717286,0.138143,0.096148,6.2141,-1.6165,11.0577,0.16951,0.128678,30.862459,37,0.000138,22.8675,0.002075,0
464,19.7973,94.29,13.8615,105.47,-1.6620622102,0.404001,0.079248,7.5983,-0.8634,26.5281,0.183502,0.128795,30.777572,37,0.000171,26.3752,0.001953,0
465,19.84,94.53,13.0807,105.47,-2.4427537484,0.367299,0.081686,7.13,-0.5919,26.6031,0.181309,0.128933,30.58107,42,0.000128,41.4144,0.001953,0
466,19.8827,94.6,12.8298,105.47,-1.9685133727,0.233246,0.074507,7.6266,-1.1079,22.1359,0.187967,0.128718,30.754452,21,0.000173,39.022,0.001953,0
467,19.9253,94.61,12.4037,105.47,-0.9970455403,0.273315,0.071735,8.1025,-1.0742,19.071,0.190712,0.128719,30.911093,31,0.000127,24.2685,0.001953,0
468,19.968,93.4,14.9557,105.47,1.8653916007,0.197293,0.120955,6.5987,-3.0982,16.0697,0.152896,0.128988,31.08001,31,0.000181,17.4874,0.001953,0
469,20.0107,93.63,15.0128,105.47,-0.5486968246,0.241299,0.08376,7.56,-2.969,17.1376,0.179494,0.128867,31.235219,27,0.000119,19.5531,0.002075,0
470,20.0533,94.06,12.9801,105.47,3.6572610782,0.121304,0.115356,6.6369,-2.5874,15.8868,0.156327,0.128677,30.345337,32,0.00016,16.5845,0.002075,0
471,20.096,94.55,11.3944,105.47,5.7465048975,0.121971,0.090728,6.6894,-1.898,13.7952,0.17371,0.128524,31.094517,31,0.00013,16.5369,0.001953,0
472,20.1387,94.01,13.3037,105.47,0.6959255625,0.280787,0.098558,7.1244,-2.6324,16.3177,0.167718,0.128666,30.734467,32,0.000138,16.4236,0.001953,0
473,20.1813,94.51,11.4227,105.47,4.6661385344,0.228517,0.087394,6.685,-1.8514,12.7243,0.176419,0.128657,30.658875,37,0.000128,19.4135,0.001953,0
474,20.224,94.09,14.5255,105.47,-2.5893146067,0.26332,0.092553,7.5672,-0.7377,26.6529,0.172268,0.128859,30.706832,41,0.000114,30.6103,0.001953,0
475,20.2667,93.57,14.1796,105.47,1.5488083671,0.174846,0.126703,6.5939,-2.7715,14.3981,0.149536,0.128903,30.371915,24,0.000115,18.2685,0.001953,0
476,20.3093,94.06,12.8334,105.47,2.4231853805,0.115666,0.108029,6.6373,-2.4848,14.4649,0.161076,0.128932,30.191635,35,0.000113,18.0714,0.002075,0
477,20.352,94.35,12.3032,105.47,1.0397943792,0.153685,0.086257,7.1433,-1.8836,14.846,0.177368,0.128615,30.543027,25,0.000143,25.5469,0.002075,0
478,20.3947,94.75,12.67,105.47,0.1917293817,0.147715,0.072039,7.6407,2.6249,80.9686,0.190405,0.128692,30.832733,38,0.000108,29.0819,0.001953,0
479,20.4373,94.27,13.5429,105.47,-1.4854095917,0.212537,0.087161,7.5835,-1.248,22.352,0.176613,0.128851,29.900556,28,0.000109,23.1126,0.001953,0
480,20.48,93.8,15.3047,105.47,-1.9330508796,0.246395,0.110294,7.0552,0.1587,47.2416,0.159575,0.129065,29.150089,36,0.000104,29.0204,0.001953,0
481,20.5227,94.51,13.4077,105.47,-1.8480102959,0.260281,0.080453,8.0579,-0.0441,27.711,0.182409,0.128814,30.280598,32,0.000133,24.5593,0.001953,0
482,20.5653,94.4,13.2763,105.47,-2.8639942825,0.15653,0.084556,7.5787,-0.4796,21.3793,0.178809,0.128956,29.910352,23,0.000132,34.5107,0.001953,0
483,20.608,94.2,14.2199,105.47,-1.4870992422,0.267495,0.083519,7.5865,-0.8008,26.1153,0.179702,0.128909,30.735918,28,0.000152,25.9024,0.001953,0
484,20.6507,94.01,15.0534,105.47,-3.2469962991,0.265236,0.090031,8.022,-0.8249,23.6851,0.174268,0.128981,31.055729,41,0.000113,29.7955,0.002075,0
485,20.6933,94.24,14.1171,105.47,-0.9886976886,0.178657,0.091709,7.1254,0.7739,57.7398,0.172931,0.128711,31.242748,32,0.000113,31.4852,0.002075,0
486,20.736,94.83,12.8227,105.47,0.3825079348,0.21708,0.072089,7.6308,2.5199,77.3754,0.190355,0.128755,30.419333,31,0.000116,36.923,0.001953,0
487,20.7787,94.32,14.8285,105.47,-3.5084791214,0.429322,0.08424,8.0303,1.8454,54.3134,0.17908,0.128859,29.820822,32,0.000168,30.0444,0.001953,0
488,20.8213,94.04,16.548,105.47,-5.8629269152,0.315783,0.078979,9.8321,1.1082,29.6284,0.183748,0.129019,29.486468,31,0.000167,29.0841,0.001953,0
489,20.864,94.02,14.5849,105.47,-2.1849271954,0.19292,0.09799,7.5499,0.8068,50.2817,0.168136,0.129008,30.094418,36,0.0001,29.4853,0.001953,0
490,20.9067,93.35,16.0797,105.47,-2.8457247522,0.176698,0.10603,7.5022,-1.8665,17.2639,0.162428,0.129047,29.128698,32,0.000149,24.8987,0.001953,0
491,20.9493,94.19,17.0141,105.47,-4.0569658157,0.301931,0.07279,9.4089,0.9052,40.914,0.189654,0.128927,30.71897,31,0.000119,38.9021,0.002075,0
492,20.992,93.36,17.2062,105.47,-4.3257089777,0.398735,0.107418,7.9407,0.028,34.0173,0.161487,0.129172,29.039821,29,0.000149,27.5358,0.002075,0
493,21.0347,94.77,15.0867,105.47,-4.0390532081,0.354531,0.075103,8.9961,1.3352,29.2988,0.18739,0.128756,30.890114,38,0.000151,29.1995,0.001953,0
494,21.0773,94.46,15.3311,105.47,-2.1180796855,0.319429,0.076734,8.5096,0.2181,29.6038,0.185836,0.12894,30.185545,36,0.000103,27.1544,0.001953,0
495,21.12,93.38,16.496,105.47,-2.6397373019,0.206654,0.105262,7.4832,-1.682,18.1075,0.162954,0.129585,30.549443,33,0.000104,24.5796,0.001953,0
496,21.1627,93.17,17.8864,105.47,-3.9403394937,0.230599,0.09279,7.9191,-0.5309,31.5177,0.172083,0.129958,30.829522,41,0.000106,36.7665,0.001953,0
497,21.2053,93.36,17.485,105.47,-4.9091547999,0.211486,0.0994,8.3614,0.5366,39.7902,0.167103,0.129689,28.342832,31,0.000168,32.9873,0.001953,0
498,21.248,93.88,17.2519,105.47,-4.1192653147,0.264513,0.085786,8.8923,1.3481,43.0277,0.177764,0.129216,28.898405,24,0.000141,43.2698,0.001953,0
499,21.2907,93.91,18.7086,105.47,-5.8513508025,0.224552,0.076697,9.355,2.5713,55.5538,0.18587,0.129121,28.746762,32,0.000119,47.4195,0.002075,0
500,21.3333,93.54,16.6928,105.47,-3.0922064668,0.177211,0.098057,7.4904,0.3001,42.5797,0.168087,0.129404,28.307245,30,0.000104,31.3417,0.002075,0
501,21.376,94.83,16.0901,105.47,-4.4257130191,0.265508,0.072449,9.8818,3.0235,53.8475,0.189994,0.129185,29.728839,38,0.000127,36.0229,0.001953,0
502,21.4187,94.69,17.9023,105.47,-4.1806565846,0.253787,0.076034,9.4305,3.7503,63.1179,0.186498,0.128942,31.204063,40,0.00015,39.6968,0.001953,0
503,21.4613,93.19,19.1756,105.47,-6.5152238036,0.223303,0.086578,9.2882,0.5195,28.28,0.177099,0.129435,27.882446,35,0.000168,36.1907,0.001953,0
504,21.504,93.34,19.1748,105.47,-5.5876260677,0.281899,0.093019,9.2821,0.1991,23.246,0.171905,0.129236,29.96508,25,0.000137,28.9218,0.001953,0
505,21.5467,93.54,21.0496,105.47,-6.8181085049,0.201787,0.074646,10.2269,2.064,40.5412,0.187832,0.129457,31.630348,25,0.000121,46.4127,0.001953,0
506,21.5893,94.17,22.1263,105.47,-7.0360396305,0.315595,0.076725,11.0914,3.7368,48.3718,0.185843,0.129729,27.8015,28,0.000128,44.0596,0.002075,0
507,21.632,91.33,20.0814,105.47,-5.5460015033,0.124997,0.126789,7.7221,-2.2091,9.0663,0.149486,0.130977,25.394329,25,0.000164,23.3145,0.002075,0
508,21.6747,92.56,23.9474,105.47,-7.109198854,0.209215,0.085825,10.0898,2.1117,43.1158,0.177731,0.130206,31.082803,34,0.000159,40.5151,0.001953,0
509,21.7173,93.18,22.3882,105.47,-7.1595787848,0.174686,0.083654,10.1512,3.2892,61.4378,0.179586,0.129745,30.609696,38,0.000111,34.2396,0.001953,0
510,21.76,92.84,25.7345,105.47,-7.2223624594,0.164058,0.094704,10.0216,3.5532,50.2951,0.170605,0.130602,30.411092,34,0.000102,34.1612,0.001953,0
511,21.8027,92.72,22.6953,105.47,-6.3805314023,0.248705,0.10637,9.5771,1.3909,37.2003,0.162197,0.130178,29.780536,36,0.000131,28.5415,0.001953,0
512,21.8453,92.74,24.6724,105.47,-8.4508730096,0.181044,0.081516,11.7587,2.2816,38.1493,0.181459,0.130831,29.073411,26,0.00011,47.4974,0.001953,0
513,21.888,92.77,26.4082,105.47,-8.3118934563,0.215508,0.082269,11.2672,3.3632,41.5323,0.180794,0.131562,24.500296,22,0.000131,39.8694,0.002075,0
514,21.9307,93.57,24.2946,105.47,-8.6182854335,0.210255,0.071252,12.3301,3.9813,51.38,0.1912,0.130287,26.381695,36,0.000113,47.3508,0.002075,0
515,21.9733,93.45,26.2897,105.47,-8.2165300961,0.323597,0.081028,11.7926,3.7683,44.1237,0.181894,0.130564,25.957876,37,5.9e-05,36.9872,0.001953,0
516,22.016,95.54,23.3779,105.47,-5.7665500998,0.231553,0.07597,12.0971,6.294,84.1714,0.186559,0.12961,29.073643,36,0.000106,48.5619,0.001953,0
517,22.0587,96.92,27.4023,105.47,-5.4486598551,0.19638,0.070167,13.5091,7.2756,75.6735,0.192312,0.129309,29.308555,35,8.6e-05,41.0311,0.001953,0
518,22.1013,94.85,24.3267,105.47,-6.7623382142,0.188041,0.074844,12.479,4.7361,58.394,0.18764,0.129588,30.36816,33,9.7e-05,34.9609,0.001953,0
519,22.144,93.81,28.5858,105.47,-7.7863311197,0.315703,0.083003,13.131,3.8363,43.9533,0.180151,0.130813,30.171009,44,7.1e-05,39.234,0.001953,0
520,22.1867,94.02,29.5649,105.47,-7.8851592387,0.196824,0.073695,13.1622,4.8607,52.5404,0.18876,0.131088,29.785129,27,0.000101,40.5201,0.001953,0
521,22.2293,94.98,23.8204,105.47,-5.9240700051,0.281076,0.077685,11.6094,4.5509,53.8635,0.184944,0.129397,30.380013,35,0.000115,45.8596,0.002075,0
522,22.272,94.59,21.5518,105.47,-5.6816299814,0.334518,0.088929,10.5712,4.489,52.3014,0.175159,0.129618,27.016478,38,0.000163,35.4598,0.002075,0
523,22.3147,94.09,25.3716,105.47,-7.1774715386,0.278111,0.088382,11.4353,4.8462,56.3822,0.175606,0.129752,26.6975,30,0.000162,36.0283,0.001953,0
524,22.3573,92.42,24.9566,105.47,-8.3388478227,0.197268,0.083563,10.9192,3.1377,49.1666,0.179664,0.130354,29.75052,29,0.000251,37.3693,0.001953,0
525,22.4,93.82,19.5864,105.47,-6.838248455,0.233721,0.079415,11.1397,0.9809,28.89,0.18335,0.129143,30.598394,32,0.000288,24.2315,0.001953,0
526,22.4427,94.43,15.4994,105.47,-3.9956826461,0.17517,0.080335,8.917,1.627,45.3842,0.182516,0.128989,29.093179,27,0.000365,38.4411,0.001953,0
527,22.4853,93.02,18.4529,105.47,-6.9161435786,0.227458,0.091001,8.7469,0.5828,32.5013,0.173492,0.130106,28.979415,33,0.00038,40.5595,0.001953,0
528,22.528,93.62,18.0835,105.47,-5.882293667,0.300635,0.078753,9.7805,-0.49,19.2418,0.183956,0.129479,30.804134,38,0.000367,26.7366,0.002075,0
529,22.5707,94.25,12.5817,105.47,1.5751961734,0.104201,0.080658,7.125,-2.3127,15.0813,0.182225,0.128923,29.89193,34,0.000455,23.0635,0.002075,0
530,22.6133,94.06,14.1604,105.47,-3.5722693361,0.252485,0.094383,7.5349,-0.9232,19.7536,0.170851,0.128964,29.525269,40,0.000479,40.4855,0.001953,0
531,22.656,94.18,14.9904,105.47,-2.8445195715,0.29993,0.094936,7.9989,-0.233,25.482,0.170428,0.129022,29.535081,35,0.000532,25.0436,0.001953,0
532,22.6987,94.21,12.5577,105.47,3.0976493869,0.241519,0.104318,6.6214,-2.2579,13.2209,0.163607,0.12911,29.474768,26,0.000569,20.3876,0.001953,0
533,22.7413,94.49,12.1192,105.47,0.9319525116,0.266509,0.097921,6.6511,-1.5235,14.2601,0.168187,0.128866,29.969481,26,0.000574,28.3774,0.001953,0
534,22.784,94.52,12.8682,105.47,0.2031729695,0.283746,0.089953,7.1147,0.2185,38.6684,0.174331,0.1289,29.733521,31,0.000667,32.5504,0.001953,0
535,22.8267,94.46,12.6756,105.47,0.164194044,0.363102,0.081218,7.5949,-1.5047,19.0656,0.181724,0.128888,30.010244,38,0.000751,33.1401,0.002075,0
536,22.8693,94.41,13.2402,105.47,-0.5873658141,0.399354,0.082892,7.5858,-1.3528,22.884,0.180248,0.128854,29.861516,44,0.000821,34.5355,0.002075,0
537,22.912,94.82,13.2207,105.47,-1.1724102594,0.367812,0.071485,8.0815,1.8507,52.5128,0.190965,0.128767,30.173521,47,0.000879,33.2868,0.001953,0
538,22.9547,94.93,10.4624,105.47,2.7025429946,0.47229,0.084581,6.2095,-0.5811,6.1635,0.178788,0.128671,30.261266,44,0.000922,22.5507,0.001953,0
539,22.9973,95.05,12.7169,105.47,1.0097237252,0.466575,0.068744,7.6339,3.0569,66.5794,0.193794,0.128721,30.350315,27,0.00098,25.6677,0.001953,0
540,23.04,95.3,12.4464,105.47,-0.6242366478,0.557964,0.068048,7.1667,4.2108,73.0524,0.19453,0.12866,30.407506,38,0.001027,47.943,0.001953,0
541,23.0827,95.41,13.2426,105.47,-1.6163611601,0.658027,0.069054,7.1585,4.8326,79.3368,0.193468,0.128622,30.079898,41,0.001111,44.9796,0.001953,0
542,23.1253,95.32,14.5571,105.47,-0.6206340123,0.587771,0.067572,8.5474,4.1173,67.8953,0.195039,0.128702,30.032784,53,0.001196,37.7058,0.002075,0
543,23.168,95.53,14.9804,105.47,-0.8249598409,0.698486,0.070369,8.0741,4.7152,70.3733,0.192103,0.128718,29.964824,49,0.001159,47.4165,0.002075,0
544,23.2107,95.89,14.8288,105.47,-4.1573597126,0.730741,0.068192,7.6137,6.3714,82.0338,0.194377,0.128601,29.864176,51,0.001181,47.2155,0.001953,0
545,23.2533,96.01,15.7127,105.47,-1.7778426239,0.545266,0.060272,9.0035,6.1167,75.0878,0.203314,0.128709,29.525917,39,0.001199,39.9571,0.001953,0
546,23.296,95.86,17.1212,105.47,-0.5587207312,0.678077,0.07499,8.9509,5.2856,64.3609,0.1875,0.128696,29.17972,50,0.001249,42.2054,0.001953,0
547,23.3387,96.21,17.6974,105.47,0.0761323108,0.683054,0.065761,9.4225,5.974,65.5678,0.197006,0.128603,29.055447,48,0.001231,43.6652,0.001953,0
548,23.3813,96.7,18.8519,105.47,-0.3871334674,0.665205,0.066853,9.41,6.5343,64.7101,0.195813,0.128597,28.84235,62,0.00131,46.1163,0.001953,0
549,23.424,97.05,19.471,105.47,-5.795589801,0.522273,0.073693,8.4603,6.7954,63.5694,0.188762,0.128621,28.607956,58,0.001255,46.9315,0.002075,0
550,23.4667,97.39,22.6721,105.47,-1.1968439355,0.472752,0.071312,9.818,7.4551,82.0335,0.19114,0.128601,28.417875,52,0.001128,57.9684,0.002075,0
551,23.5093,97.74,23.5289,105.47,-2.0329773895,0.459863,0.073477,9.3337,7.5028,79.5683,0.188975,0.128693,28.119883,51,0.001124,70.0157,0.001953,0
552,23.552,98.06,24.6485,105.47,-1.3592203746,0.492943,0.080164,8.8389,7.3261,73.3062,0.18267,0.128792,27.808395,53,0.000908,69.2765,0.001953,0
553,23.5947,98.31,25.6045,105.47,-1.3023549492,0.532474,0.076366,9.7321,6.8969,65.4185,0.186183,0.128662,27.625321,52,0.000743,65.0851,0.001953,0
554,23.6373,98.77,26.3354,105.47,-0.5697806842,0.653893,0.080997,9.2405,6.6138,57.3089,0.181922,0.128767,27.389986,47,0.000874,70.3272,0.002075,0
555,23.68,99.13,26.4042,105.47,0.3085922702,0.6883,0.086648,9.2057,5.6821,37.9567,0.17704,0.128781,27.280289,58,0.000888,51.4724,0.002075,0
556,23.7227,99.57,27.7382,105.47,-0.229495196,0.825182,0.090484,9.1742,5.5034,34.6513,0.173904,0.12891,27.187251,65,0.000876,41.9208,0.001953,0
557,23.7653,99.98,29.0285,105.47,-0.2259088224,0.8767,0.094444,9.1344,5.3185,31.7743,0.170805,0.129108,26.898446,73,0.000826,42.1474,0.001953,0
558,23.808,100.39,29.9823,105.47,-1.6343990735,0.911683,0.102255,8.6606,5.2028,29.8167,0.165052,0.129102,26.81575,77,0.000717,52.6421,0.001953,0
559,23.8507,100.44,30.8138,105.47,1.8167135947,0.853801,0.09115,9.9812,4.9689,28.0134,0.173374,0.12928,26.570165,82,0.000784,37.262,0.002075,0
560,23.8933,100.84,32.3042,105.47,-0.9003747399,0.804957,0.089615,9.5272,5.3471,33.7092,0.174603,0.129375,26.48814,81,0.000649,67.9027,0.002075,0
561,23.936,101.12,32.9944,105.47,-1.2998689212,0.792522,0.087213,9.9633,5.2591,32.6441,0.17657,0.129212,26.509072,77,0.0005,68.7216,0.001953,0
562,23.9787,101.21,33.5198,105.47,0.8977449891,0.768894,0.093084,9.5017,5.2338,32.16,0.171854,0.129228,26.456441,78,0.000515,64.8969,0.001953,0
563,24.0213,101.59,34.2033,105.47,-0.2203316175,0.780767,0.105337,8.5853,5.1854,30.9162,0.162903,0.129438,26.302722,81,0.00049,64.2423,0.002075,0
564,24.064,101.97,34.9957,105.47,-2.7934764957,0.767749,0.105466,8.5756,5.115,29.767,0.162815,0.129461,26.320303,79,0.000348,64.4624,0.002075,0
565,24.1067,102.38,36.5506,105.47,-1.1740421449,0.749755,0.086122,10.3444,5.14,31.0344,0.177481,0.129467,26.286481,79,0.000317,64.244,0.001953,0
566,24.1493,102.58,37.5771,105.47,-2.692231277,0.725489,0.084673,10.7693,5.0542,29.9099,0.17871,0.129616,26.228377,78,0.000336,69.6969,0.001953,0
567,24.192,102.79,37.8747,105.47,-1.3890900063,0.706786,0.08748,10.3222,5.0636,29.7707,0.176348,0.129589,26.252247,79,0.000174,74.3975,0.001953,0
568,24.2347,102.98,38.2415,105.47,-2.0477051952,0.690057,0.087503,10.315,5.0278,29.2351,0.176329,0.1296,26.239377,85,0.000166,65.1067,0.002075,0
569,24.2773,103.11,38.6894,105.47,-1.2454816073,0.683016,0.08824,10.3039,4.9818,28.634,0.175722,0.129715,26.151097,81,0.0002,74.962,0.002075,0
570,24.32,103.17,39.1204,105.47,-2.5585418554,0.685096,0.086213,10.7361,4.8853,27.6755,0.177404,0.129727,26.173105,79,0.000202,80.9842,0.001953,0
571,24.3627,103.32,39.2798,105.47,-0.2822586454,0.668584,0.080794,11.1725,4.8822,27.5276,0.182103,0.129737,26.152667,84,0.000225,65.6541,0.001953,0
572,24.4053,103.45,39.4999,105.47,-5.4367532729,0.669365,0.092041,9.8423,4.8932,27.2228,0.172669,0.129801,26.086283,85,0.000273,75.7972,0.002075,0
573,24.448,103.57,39.7841,105.47,-2.0960719436,0.65272,0.082852,11.1659,4.8399,26.8937,0.180283,0.129696,26.136071,80,0.000191,75.8023,0.002075,0
574,24.4907,103.5,39.6966,105.47,-2.5056334515,0.646859,0.092871,10.2672,4.8531,27.031,0.17202,0.129816,26.048536,77,0.00027,65.8554,0.001953,0
575,24.5333,103.52,39.8444,105.47,-0.1134574122,0.643034,0.087812,10.7036,4.824,26.7951,0.176074,0.12985,26.026349,78,0.00018,66.0049,0.001953,0
576,24.576,103.53,39.961,105.47,-2.336328235,0.649558,0.090136,10.6994,4.7852,26.4366,0.174184,0.129846,26.04046,71,0.0002,71.5188,0.001953,0
577,24.6187,103.73,39.931,105.47,-4.6636849728,0.649361,0.09614,9.8166,4.8419,26.7152,0.169516,0.129863,25.981442,86,0.000276,65.4596,0.002075,0
578,24.6613,103.68,39.9973,105.47,-1.2424792579,0.647749,0.092289,10.254,4.8223,26.6473,0.172475,0.129844,25.953411,81,0.000193,75.6901,0.002075,0
579,24.704,103.65,40.0108,105.47,-1.9127837663,0.648895,0.093851,9.8074,4.8399,26.7296,0.17126,0.129962,25.86423,77,0.000316,76.4751,0.001953,0
580,24.7467,103.71,40.4776,105.47,-2.9854206592,0.639412,0.089339,10.684,4.76,26.1019,0.174827,0.12987,25.902757,76,0.000216,82.3971,0.001953,0
581,24.7893,103.71,40.17,105.47,-1.351794097,0.646696,0.095354,9.8049,4.825,26.6693,0.17011,0.129871,25.853547,92,0.000252,87.2598,0.002075,0
582,24.832,103.72,40.1867,105.47,-0.9636149837,0.647162,0.094136,9.8046,4.8417,26.818,0.171041,0.129895,25.823284,90,0.000211,86.7942,0.002075,0
583,24.8747,103.72,40.1871,105.47,-2.3598995346,0.65661,0.084875,11.1195,4.7815,26.3849,0.178537,0.129828,25.824537,82,0.000235,71.2077,0.001953,0
584,24.9173,103.76,40.1084,105.47,-3.9520712621,0.654796,0.097685,9.7929,4.8363,26.7246,0.168362,0.129913,25.765686,90,0.000296,76.7046,0.001953,0
585,24.96,103.7,40.0502,105.47,-1.4914119832,0.649526,0.094362,10.2286,4.8266,26.7735,0.170867,0.129885,25.721818,80,0.000275,76.4361,0.001953,0
586,25.0027,103.78,40.0771,105.47,-4.8069707662,0.643121,0.097612,9.7929,4.8587,26.9581,0.168416,0.129844,25.742468,87,0.00023,66.1463,0.002075,0
587,25.0453,103.69,40.0614,105.47,-2.5671599985,0.643389,0.086613,11.11,4.8032,26.7435,0.177069,0.129752,25.748043,86,0.00024,72.3981,0.002075,0
588,25.088,103.7,39.9856,105.47,-2.9424362008,0.643214,0.097919,9.7849,4.8472,27.0163,0.168189,0.129834,25.659148,82,0.000418,78.0819,0.001953,0
589,25.1307,103.55,39.9509,105.47,-2.2890015513,0.637194,0.092407,10.2268,4.8456,27.2052,0.172383,0.12985,25.629083,87,0.000329,82.9392,0.001953,0
590,25.1733,103.7,39.7378,105.47,-4.9425996364,0.641528,0.095214,9.7927,4.8942,27.4347,0.170217,0.129751,25.608998,78,0.000261,76.9008,0.002075,0
591,25.216,103.57,39.5755,105.47,-3.573204901,0.648172,0.105777,8.9085,4.9207,27.6851,0.162601,0.129827,25.544549,81,0.000327,87.2538,0.002075,0
592,25.2587,103.52,39.602,105.47,-1.8489984267,0.646752,0.095704,10.2182,4.8772,27.5361,0.169845,0.12979,25.550674,89,0.000332,77.5231,0.001953,0
593,25.3013,103.49,39.5704,105.47,-5.0807480113,0.648167,0.096356,10.2192,4.8743,27.5985,0.169354,0.12976,25.534049,88,0.000303,71.6008,0.001953,0
594,25.344,103.6,39.6843,105.47,-1.0126598553,0.648553,0.08327,11.5412,4.8519,27.2635,0.179918,0.129656,25.519449,83,0.000367,66.6142,0.002075,0
595,25.3867,103.55,39.2731,105.47,-1.3182233913,0.644911,0.087248,10.6662,4.9259,28.0548,0.176541,0.129635,25.474786,88,0.000307,76.7973,0.002075,0
596,25.4293,103.39,39.124,105.47,-5.1309322181,0.642553,0.091685,10.2213,4.9517,28.4181,0.17295,0.129727,25.412039,89,0.000455,71.7998,0.001953,0
597,25.472,103.46,39.0577,105.47,-2.9556251014,0.632494,0.090916,10.2187,4.9637,28.5482,0.17356,0.12966,25.378652,92,0.000433,77.5587,0.001953,0
598,25.5147,103.28,38.8099,105.47,-1.9483204812,0.648501,0.099603,9.3383,5.0144,29.0124,0.166954,0.129677,25.259647,82,0.000499,77.2599,0.002075,0
599,25.5573,103.27,38.7812,105.47,-0.3778444211,0.648873,0.085471,10.655,4.9837,28.8903,0.17803,0.129679,25.194121,86,0.000396,77.179,0.002075,0
600,25.6,103.27,38.7781,105.47,-2.6234878933,0.647437,0.084063,11.0837,4.9748,28.9711,0.179233,0.129609,25.176718,91,0.000428,72.3705,0.001953,0
601,25.6427,103.22,38.5718,105.47,-1.8218088429,0.656518,0.094468,10.2,5.0243,29.4659,0.170786,0.129618,25.11901,82,0.000541,77.4392,0.001953,0
602,25.6853,103.27,38.5623,105.47,-2.7777771299,0.65826,0.085944,11.076,4.9934,29.3001,0.17763,0.129502,25.092441,89,0.000495,72.7105,0.002075,0
603,25.728,103.24,38.225,105.47,-5.0811076907,0.676248,0.095896,9.7637,5.089,29.9769,0.1697,0.129554,25.00711,85,0.000582,66.339,0.002075,0
604,25.7707,103.19,38.2271,105.47,-0.4342153001,0.678989,0.085408,11.0667,5.0447,29.9074,0.178084,0.129483,24.94741,84,0.000477,66.5775,0.001953,0
605,25.8133,102.97,37.9332,105.47,-0.4390599154,0.688465,0.090973,10.1906,5.0936,30.4405,0.173515,0.129551,24.855546,84,0.000535,77.7824,0.001953,0
606,25.856,103.0,37.7129,105.47,-2.7099433622,0.712326,0.094354,9.7529,5.1344,30.8041,0.170873,0.129537,24.797631,89,0.000491,77.3251,0.002075,0
607,25.8987,103.06,37.5672,105.47,-5.2202960567,0.703584,0.093442,9.7532,5.1813,31.3416,0.171576,0.129397,24.778378,86,0.000475,77.5428,0.002075,0
608,25.9413,102.96,37.4112,105.47,-3.015763516,0.703748,0.086452,10.6177,5.1663,31.3658,0.177204,0.129441,24.639793,84,0.000521,66.6458,0.001953,0
609,25.984,102.81,37.2633,105.47,-2.6058454818,0.694915,0.086833,10.6129,5.1652,31.668,0.176886,0.129435,24.605524,79,0.000526,72.6701,0.001953,0
610,26.0267,102.88,37.1109,105.47,-2.1617176294,0.700467,0.08647,10.6151,5.2138,32.1694,0.177189,0.129377,24.549177,88,0.000546,77.4109,0.002075,0
611,26.0693,102.93,37.0484,105.47,-2.8669775991,0.687466,0.087845,10.606,5.2407,32.5457,0.176047,0.129263,24.487442,87,0.000566,67.0857,0.002075,0
612,26.112,102.81,36.9187,105.47,-1.9537331443,0.682927,0.084913,10.6049,5.2862,33.1492,0.178505,0.12933,24.401944,90,0.00063,77.2032,0.001953,0
613,26.1547,102.62,36.394,105.47,-2.381382596,0.656799,0.086755,10.5946,5.2982,33.93,0.176951,0.129286,24.328331,96,0.000574,61.6631,0.001953,0
614,26.1973,102.69,36.2839,105.47,-4.9023639226,0.633681,0.099345,9.2814,5.4119,34.9764,0.167143,0.12925,24.227149,90,0.000558,67.2757,0.002075,0
615,26.24,102.69,36.3271,105.47,-4.7250691428,0.631493,0.09827,9.2767,5.4596,35.6607,0.16793,0.129282,24.160077,91,0.000469,67.3773,0.002075,0
616,26.2827,102.66,36.5652,105.47,-0.0352078234,0.609341,0.088567,10.5737,5.4161,35.6444,0.175455,0.129202,24.125941,90,0.000465,56.5385,0.001953,0
617,26.3253,102.62,36.5993,105.47,0.3897543329,0.576252,0.0906,10.1345,5.4934,36.6067,0.173812,0.129267,24.014489,97,0.000507,56.5047,0.001953,0
618,26.368,102.78,36.6897,105.47,-1.8474102875,0.55912,0.091685,10.1314,5.5322,37.0717,0.17295,0.129191,23.994626,91,0.000419,56.7747,0.002075,0
619,26.4107,102.76,36.827,105.47,-1.3386132283,0.550764,0.092888,10.1215,5.5365,37.2532,0.172007,0.129224,23.908285,91,0.000454,67.8887,0.002075,0
620,26.4533,102.67,37.025,105.47,-2.4055912275,0.54519,0.089723,10.5494,5.5378,37.6171,0.174516,0.129253,23.874266,93,0.000491,62.6244,0.001953,0
621,26.496,102.77,36.8664,105.47,-3.7696739171,0.530753,0.112143,8.8072,5.6918,39.2678,0.158371,0.129116,23.862365,88,0.00049,68.3065,0.002075,0
622,26.5387,102.73,36.9924,105.47,-0.9615150505,0.511289,0.103349,9.238,5.7034,39.5261,0.164282,0.129134,23.765997,94,0.000433,68.3194,0.002075,0
623,26.5813,102.74,37.2771,105.47,-0.0380351404,0.48931,0.088137,10.5368,5.661,39.2057,0.175807,0.129164,23.738575,97,0.000519,57.5353,0.001953,0
624,26.624,102.7,37.1748,105.47,-1.491970395,0.468987,0.09391,10.094,5.7129,40.0673,0.171215,0.129162,23.651624,90,0.000536,62.8945,0.001953,0
625,26.6667,102.74,37.0692,105.47,-0.589769447,0.457226,0.104129,9.2234,5.8041,40.9885,0.163738,0.129131,23.600398,90,0.000551,57.2359,0.002075,0
626,26.7093,102.72,37.0796,105.47,0.1824050381,0.448691,0.102965,9.2184,5.8262,41.3857,0.164552,0.129137,23.531872,97,0.000402,68.2054,0.002075,0
627,26.752,102.7,37.2204,105.47,0.6057119425,0.435175,0.095111,10.0771,5.7934,41.2153,0.170295,0.129145,23.498592,93,0.000443,57.4785,0.001953,0
628,26.7947,102.77,37.2174,105.47,-0.9984616069,0.395166,0.104848,9.2096,5.8494,41.7065,0.16324,0.129126,23.454104,94,0.00044,68.7355,0.002075,0
629,26.8373,102.78,37.0377,105.47,-3.6854727795,0.38539,0.110833,8.7757,5.8885,42.1294,0.159222,0.129096,23.428756,97,0.000326,68.8105,0.002075,0
630,26.88,102.76,37.1638,105.47,-0.720754538,0.373291,0.101411,9.6324,5.8421,41.8984,0.165652,0.129071,23.402639,90,0.000345,69.7976,0.001953,0
631,26.9227,102.75,37.2355,105.47,-1.4060315512,0.375281,0.097189,10.0582,5.8088,41.5894,0.16873,0.129081,23.332787,93,0.000407,62.9897,0.001953,0
632,26.9653,102.82,37.0716,105.47,-1.0649970278,0.381848,0.099888,9.6291,5.8702,42.1127,0.166748,0.129038,23.297404,96,0.000327,57.339,0.002075,0
633,27.008,102.71,36.9169,105.47,0.8275700477,0.376843,0.092949,10.0591,5.8569,42.1529,0.171959,0.129059,23.252515,99,0.000364,57.83,0.002075,0
634,27.0507,102.63,36.7842,105.47,0.5443747037,0.388945,0.094129,10.0555,5.8551,42.2429,0.171046,0.129062,23.239541,92,0.000268,58.3418,0.001953,0
635,27.0933,102.65,36.6045,105.47,-1.1864513511,0.395595,0.104571,9.1901,5.9041,42.6974,0.163432,0.129041,23.206234,87,0.000346,68.7857,0.002075,0
636,27.136,102.62,36.3346,105.47,-1.0002744574,0.404821,0.102852,9.1885,5.9099,42.7931,0.164631,0.129065,23.164335,92,0.000304,68.7617,0.002075,0
637,27.1787,102.59,36.3511,105.47,0.5371204847,0.417858,0.095746,10.0407,5.8392,42.2208,0.169813,0.12904,23.130113,94,0.000357,58.3523,0.001953,0
638,27.2213,102.55,36.1626,105.47,0.7477698598,0.434881,0.093082,10.0458,5.8752,42.6291,0.171856,0.129041,23.088327,83,0.000337,57.2621,0.002075,0
639,27.264,102.61,35.991,105.47,-1.415880037,0.468543,0.099177,9.6128,5.8801,42.5359,0.167265,0.128991,23.091703,90,0.000292,57.1586,0.002075,0
640,27.3067,102.52,35.9045,105.47,0.5910386328,0.494085,0.093782,10.0371,5.855,42.4469,0.171313,0.129013,23.016764,87,0.000334,57.4023,0.001953,0
641,27.3493,102.57,36.1967,105.47,0.0228211859,0.50019,0.092774,10.0346,5.8362,41.825,0.172096,0.129004,22.999654,90,0.000327,79.4506,0.001953,0
642,27.392,102.69,36.0683,105.47,-4.9874607277,0.504956,0.103601,9.1713,5.8723,41.9489,0.164106,0.128945,22.981696,97,0.00031,79.4773,0.002075,0
643,27.4347,102.59,35.887,105.47,-2.1933884281,0.532963,0.096786,9.6008,5.8567,41.8786,0.169031,0.128972,22.94088,96,0.000318,79.5024,0.002075,0
644,27.4773,102.52,35.866,105.47,-2.7449075197,0.55457,0.090364,10.4518,5.7733,41.2125,0.174,0.128977,22.900311,91,0.000322,74.1587,0.001953,0
645,27.52,102.55,35.6806,105.47,-0.0270877806,0.562327,0.085469,10.4583,5.8222,41.6107,0.178032,0.128977,22.870292,91,0.000391,68.3418,0.002075,0
646,27.5627,102.6,35.4193,105.47,-5.4752158213,0.575835,0.097945,9.5884,5.8471,41.7308,0.168169,0.128966,22.821521,86,0.000433,67.9182,0.002075,0
647,27.6053,102.47,35.4839,105.47,-0.5463878197,0.574325,0.088554,10.442,5.7857,41.2671,0.175465,0.128982,22.773636,94,0.000389,68.9472,0.001953,0
648,27.648,102.44,35.3195,105.47,-2.8075574887,0.569611,0.088553,10.4405,5.7627,41.0977,0.175466,0.128998,22.746557,96,0.000358,74.3766,0.002075,0
649,27.6907,102.59,35.255,105.47,-5.1582083785,0.538166,0.103318,9.146,5.847,41.665,0.164304,0.128918,22.710707,89,0.000351,79.8034,0.002075,0
650,27.7333,102.5,35.2355,105.47,-2.5205835327,0.545311,0.098603,9.5691,5.8169,41.4138,0.167685,0.128964,22.665287,90,0.000317,79.982,0.001953,0
651,27.776,102.44,35.0391,105.47,-0.3905305889,0.559241,0.087802,10.4297,5.7714,41.0452,0.176082,0.128949,22.660809,90,0.00032,68.8365,0.001953,0
652,27.8187,102.58,35.1034,105.47,-2.3638586235,0.568134,0.092563,9.9976,5.7881,40.9508,0.17226,0.128912,22.63589,88,0.000242,68.3437,0.002075,0
653,27.8613,102.54,35.0664,105.47,-2.6552947038,0.560828,0.092855,9.994,5.7831,40.9181,0.172032,0.128959,22.613384,86,0.000167,68.5214,0.002075,0
654,27.904,102.47,35.1197,105.47,-0.4678866039,0.562733,0.089197,10.4208,5.7466,40.7053,0.174942,0.128959,22.617119,87,0.000136,68.8732,0.001953,0
655,27.9467,102.7,35.6883,105.47,-2.8729757506,0.557726,0.091121,9.9948,5.7754,40.3561,0.173397,0.128929,22.599262,90,0.000185,80.0678,0.002075,0
656,27.9893,102.49,35.02,105.47,-1.425099919,0.56664,0.09641,9.568,5.7903,41.031,0.169313,0.128947,22.636237,88,0.000154,91.0125,0.002075,0
657,28.032,102.64,35.839,105.47,-3.4587046138,0.55633,0.086466,10.8481,5.7034,39.8384,0.177193,0.128946,22.639587,89,0.000252,74.3949,0.001953,0
658,28.0747,102.59,35.2236,105.47,-2.4573581527,0.552762,0.092849,9.9956,5.776,40.7267,0.172037,0.128942,22.618454,92,0.00017,68.5734,0.002075,0
659,28.1173,102.55,35.1255,105.47,-2.6020359557,0.563781,0.093157,10.0001,5.7782,40.8133,0.171797,0.128922,22.662311,96,0.000106,68.4137,0.002075,0
660,28.16,102.5,35.2508,105.47,-0.4288242746,0.549071,0.090021,10.4249,5.7376,40.5321,0.174276,0.128949,22.665093,92,0.00014,68.6605,0.001953,0
661,28.2027,102.66,35.8534,105.47,-0.6662452844,0.548734,0.087671,10.4285,5.7348,39.987,0.17619,0.128943,22.65636,93,0.000173,80.0896,0.002075,0
662,28.2453,102.69,35.7351,105.47,-2.8917843166,0.551657,0.090897,10.004,5.7665,40.1756,0.173575,0.128934,22.672341,86,8.5e-05,79.9748,0.002075,0
663,28.288,102.53,35.3326,105.47,-0.4200853285,0.547249,0.089132,10.4253,5.7266,40.3094,0.174994,0.128963,22.659213,95,0.000169,69.2165,0.001953,0
664,28.3307,102.68,35.8901,105.47,-0.9668741032,0.553316,0.084929,10.8555,5.709,39.6872,0.178491,0.128979,22.660126,95,0.000136,68.6784,0.002075,0
665,28.3733,102.6,35.1965,105.47,-2.3732054559,0.555866,0.091114,10.0025,5.7666,40.5526,0.173402,0.128945,22.68335,92,0.00018,68.2085,0.002075,0
666,28.416,102.6,35.3133,105.47,-2.697960157,0.544555,0.094577,9.9934,5.7552,40.5209,0.170703,0.128953,22.65264,92,0.00013,68.3612,0.001953,0
667,28.4587,102.55,35.4514,105.47,-0.439791704,0.540602,0.088629,10.424,5.732,40.3317,0.175404,0.128984,22.633696,88,0.000145,69.2042,0.001953,0
668,28.5013,102.59,35.2497,105.47,-5.1906619812,0.54763,0.101952,9.1435,5.8186,41.1066,0.165267,0.128944,22.692545,92,0.000248,79.9203,0.002075,0
669,28.544,102.6,35.4668,105.47,-2.2701790375,0.537589,0.097934,9.5698,5.775,40.6411,0.168178,0.128941,22.69316,94,0.000173,80.152,0.002075,0
670,28.5867,102.46,35.5107,105.47,-0.4505995229,0.552062,0.085376,10.8599,5.6925,40.1059,0.178111,0.128991,22.705365,95,0.000293,63.4801,0.001953,0
671,28.6293,102.61,35.2831,105.47,-5.3501222444,0.551572,0.095688,9.5808,5.8103,40.9668,0.169857,0.128951,22.732151,86,0.000256,68.4131,0.002075,0
672,28.672,102.57,35.3323,105.47,-2.5029379741,0.55468,0.091688,10.0113,5.7764,40.6585,0.172948,0.128942,22.735775,93,0.000159,68.3659,0.002075,0
673,28.7147,102.63,36.1476,105.47,-1.0482375326,0.559836,0.082228,11.2941,5.6707,39.3814,0.18083,0.128989,22.740304,96,0.000183,63.1329,0.001953,0
674,28.7573,102.56,35.4385,105.47,-2.345681943,0.560603,0.097594,9.58,5.7753,40.6012,0.16843,0.12896,22.757965,104,0.000184,79.9445,0.002075,0
675,28.8,102.77,36.0401,105.47,-5.8379476482,0.552055,0.096931,9.5803,5.7834,40.2161,0.168923,0.128958,22.739644,99,0.000129,79.981,0.002075,0
676,28.8427,102.64,36.0816,105.47,-0.8930981872,0.56361,0.088752,10.4367,5.7172,39.7255,0.175304,0.128978,22.7533,99,0.00014,80.0157,0.001953,0
677,28.8853,102.76,36.0827,105.47,-3.1175412457,0.566087,0.088117,10.4365,5.7336,39.7028,0.175823,0.128989,22.742075,98,0.000141,68.6743,0.002075,0
678,28.928,102.66,35.4491,105.47,-5.366793364,0.562789,0.097025,9.579,5.7842,40.5617,0.168853,0.128957,22.73733,95,0.000171,68.4777,0.002075,0
679,28.9707,102.69,36.0936,105.47,-0.8622592842,0.567083,0.084183,10.8679,5.7183,39.7051,0.179129,0.128972,22.734861,95,0.0002,68.5563,0.001953,0
680,29.0133,102.52,35.5291,105.47,-2.6313053976,0.573007,0.088171,10.4388,5.7266,40.2911,0.175779,0.128973,22.762346,89,0.00021,74.5047,0.001953,0
681,29.056,102.72,36.0263,105.47,-2.7895714111,0.555753,0.090497,10.0135,5.7696,40.1551,0.173894,0.128949,22.76224,92,0.000195,79.9584,0.002075,0
682,29.0987,102.53,35.4119,105.47,-1.371989643,0.570317,0.096398,9.5838,5.7723,40.6372,0.169322,0.12896,22.76933,92,0.000221,90.9447,0.002075,0
683,29.1413,102.56,35.6755,105.47,-2.7024884464,0.554905,0.089582,10.4364,5.7152,40.178,0.17463,0.128966,22.760444,95,0.000278,74.6076,0.001953,0
684,29.184,102.77,36.0561,105.47,-6.0129058426,0.56512,0.090773,10.0174,5.7893,40.3043,0.173674,0.128951,22.772756,92,0.000234,68.5256,0.002075,0
685,29.2267,102.61,35.5379,105.47,-2.4393835213,0.567732,0.092121,10.0146,5.7817,40.7105,0.172607,0.128946,22.780887,96,0.000132,68.2216,0.002075,0
686,29.2693,102.68,36.2134,105.47,-1.0743930822,0.566687,0.085359,10.8667,5.7152,39.7247,0.178125,0.128983,22.751274,94,0.000168,69.2889,0.001953,0
687,29.312,102.71,36.0664,105.47,-2.9541786509,0.561027,0.09127,10.0129,5.7649,40.0832,0.173279,0.128961,22.764559,93,0.000175,79.9309,0.002075,0
688,29.3547,102.77,36.0229,105.47,-5.9043866537,0.563297,0.096752,9.5813,5.7696,40.0258,0.169056,0.128935,22.761202,91,0.000136,79.9723,0.002075,0
689,29.3973,102.67,36.0098,105.47,-3.2461904456,0.571694,0.092179,10.0092,5.7567,40.018,0.172561,0.128982,22.740658,95,0.000145,79.9387,0.001953,0
690,29.44,102.52,35.4642,105.47,-0.2867950628,0.572283,0.086931,10.4412,5.7508,40.4996,0.176805,0.128965,22.741534,98,0.000238,68.5569,0.001953,0
691,29.4827,102.62,35.5276,105.47,-2.2752975548,0.565513,0.090322,10.0127,5.7926,40.777,0.174034,0.128945,22.723163,95,0.000179,68.3398,0.002075,0
692,29.5253,102.65,36.0329,105.47,-3.4304448774,0.569004,0.084052,10.8657,5.7199,39.8552,0.179242,0.129,22.703883,88,0.000248,73.8313,0.002075,0
693,29.568,102.54,35.5973,105.47,-0.5243702023,0.561142,0.089127,10.4301,5.7284,40.2676,0.174998,0.128968,22.711955,96,0.000184,69.1345,0.001953,0
694,29.6107,102.63,35.3221,105.47,-5.2875758288,0.568102,0.102095,9.1299,5.795,40.7442,0.165166,0.12913,22.592062,85,0.000282,79.6797,0.002075,0
695,29.6533,102.66,35.5798,105.47,-1.6845697783,0.588331,0.099527,9.5501,5.6599,39.2092,0.16701,0.129472,22.583001,81,0.001356,91.1385,0.002075,0
696,29.696,102.72,36.5984,105.47,-0.0817058215,0.572633,0.090093,10.9163,5.4014,36.2722,0.174218,0.129336,23.467715,75,0.003666,52.5846,0.001953,0
697,29.7387,106.01,54.4558,105.47,-4.074353006,0.295181,0.077184,15.2801,6.852,59.5859,0.185412,0.129295,24.189744,50,0.004561,113.9095,0.002075,0
698,29.7813,103.71,40.8998,105.47,-0.8543077164,0.667734,0.106476,10.5014,5.12,31.8779,0.162125,0.129936,24.135058,29,0.003658,58.6359,0.002075,0
699,29.824,104.16,42.423,105.47,-1.295035836,0.489063,0.09489,11.0308,5.0095,29.9991,0.170463,0.129605,25.184424,50,0.003627,63.3348,0.001953,0
700,29.8667,103.96,41.4286,105.47,-0.2587580788,0.534797,0.095681,10.9872,4.9119,28.9421,0.169862,0.130298,24.678963,59,0.002693,52.528,0.001953,0
701,29.9093,103.75,40.7676,105.47,-3.1973251997,0.561032,0.105642,9.7984,4.8932,28.2987,0.162694,0.129558,26.136929,61,0.003243,83.825,0.002075,0
702,29.952,103.41,39.4617,105.47,-1.3094826935,0.668815,0.099323,9.7845,4.8817,27.9221,0.167158,0.130082,25.529659,53,0.002622,77.1917,0.002075,0
703,29.9947,102.35,37.8284,105.47,-1.3560974548,0.742376,0.087578,11.2327,4.8398,28.092,0.176268,0.129439,26.88471,54,0.003015,58.672,0.001953,0
704,30.0373,101.45,33.6013,105.47,0.9950514717,0.870971,0.098348,9.4641,4.658,23.5925,0.167872,0.129775,26.268782,58,0.002422,47.8168,0.001953,0
705,30.08,100.82,32.9794,105.47,1.4767383331,0.891215,0.095485,9.9801,4.662,24.5158,0.170011,0.129326,27.181214,48,0.00243,37.6241,0.001953,0
706,30.1227,100.53,32.5971,105.47,-0.3812646682,0.94657,0.100293,9.5235,4.6848,25.2342,0.166455,0.12964,26.678667,54,0.002089,46.3366,0.002075,0
707,30.1653,100.33,32.7186,105.47,0.8206841769,1.05327,0.092727,10.0014,4.6467,25.0633,0.172132,0.129584,27.284239,51,0.002105,37.4576,0.002075,0
708,30.208,100.4,32.9648,105.47,-0.9986756682,1.210971,0.09562,9.5618,4.6745,24.9014,0.169909,0.129762,27.223881,48,0.002118,46.4316,0.001953,0
709,30.2507,100.51,33.5519,105.47,1.2725790392,1.141173,0.105688,9.1047,4.6481,24.1704,0.162662,0.129967,27.581124,43,0.001983,42.7277,0.001953,0
710,30.2933,100.58,33.6626,105.47,1.238964557,1.125868,0.090648,9.62,4.6926,24.1515,0.173774,0.129678,28.013798,46,0.002002,42.806,0.001953,0
711,30.336,100.41,34.1445,105.47,-0.0487407089,1.239528,0.098521,9.5734,4.5449,23.3029,0.167745,0.13013,27.955626,37,0.001583,39.9641,0.001953,0
712,30.3787,100.37,33.8614,105.47,1.067879239,1.442256,0.092664,9.6849,4.676,23.9004,0.172181,0.129376,29.427527,36,0.001592,41.6923,0.002075,0
713,30.4213,100.15,33.5572,105.47,-0.7510011343,1.263582,0.102305,9.1219,4.6603,24.2776,0.165017,0.130323,27.848916,38,0.001139,43.6145,0.002075,0
714,30.464,98.71,34.2539,105.47,-0.0128054431,1.128657,0.142703,8.2724,4.1418,22.5825,0.140928,0.12919,29.760233,33,0.001252,29.8235,0.001953,0
715,30.5067,98.44,33.2685,105.47,-1.9757583616,1.085342,0.121161,9.0414,4.099,23.4855,0.152773,0.130697,27.340817,27,0.000747,36.6614,0.001953,0
716,30.5493,98.59,31.5144,105.47,-0.6666098304,1.149312,0.112266,8.4024,4.6772,27.5778,0.158292,0.128498,30.956853,34,0.000925,45.1032,0.001953,0
717,30.592,98.75,30.7126,105.47,-2.5893479868,0.974881,0.088759,10.526,4.6706,28.1001,0.175298,0.130249,28.002048,27,0.000524,42.4672,0.001953,0
718,30.6347,98.21,30.1106,105.47,-2.1591944796,0.925173,0.095212,10.2438,4.9286,30.6417,0.170218,0.128395,30.637013,31,0.000668,44.1695,0.002075,0
719,30.6773,97.71,29.8552,105.47,-2.7619252792,0.892037,0.111349,9.0791,4.626,30.5039,0.158886,0.130717,26.7383,39,0.000416,34.8356,0.002075,0
720,30.72,97.43,29.8627,105.47,-4.260467226,0.797039,0.087075,11.5282,4.5476,29.674,0.176684,0.129139,29.743875,34,0.000574,41.7765,0.001953,0
721,30.7627,97.34,29.1817,105.47,-3.2715107411,0.800693,0.107519,9.5357,4.5956,31.255,0.161419,0.130664,26.840137,28,0.000374,47.0355,0.001953,0
722,30.8053,97.58,29.393,105.47,-3.9457643323,0.794801,0.085356,10.6867,4.9807,33.7912,0.178127,0.128597,29.660922,27,0.000442,43.0787,0.001953,0
723,30.848,96.26,30.0897,105.47,-6.3660748562,0.719256,0.103568,11.1557,3.9691,27.7415,0.164129,0.131075,25.374094,36,0.0003,40.3179,0.001953,0
724,30.8907,96.23,31.8805,105.47,-7.1183839282,0.619393,0.091649,12.9251,4.4584,32.0427,0.172979,0.130909,25.157636,36,0.00035,46.8687,0.001953,0
725,30.9333,95.24,29.1242,105.47,-7.1265717586,0.69391,0.103803,10.5967,3.6258,26.4505,0.163965,0.132039,24.272144,25,0.00029,48.1026,0.002075,0
726,30.976,96.64,30.6744,105.47,-5.9589677819,0.665143,0.099414,11.7851,4.0789,28.5536,0.167092,0.129486,28.398598,28,0.000348,52.0042,0.002075,0
727,31.0187,96.14,30.89,105.47,-7.0107259229,0.562225,0.090838,12.2026,3.7534,27.1232,0.173622,0.129995,26.652346,33,0.000212,46.1512,0.001953,0
728,31.0613,98.05,33.9351,105.47,-5.7549767632,0.46762,0.083936,15.459,4.7914,35.241,0.179342,0.128973,27.518973,31,0.000216,35.3271,0.001953,0
729,31.104,96.74,31.2561,105.47,-5.646898906,0.514198,0.097702,13.1326,3.922,28.3394,0.168349,0.129267,28.440871,52,0.000177,37.7127,0.001953,0
730,31.1467,0.0,0.0,0.0,0.0,0.0,0.0,0.0,0.0,0.0,0.0,0.0,0.0,0,0.0,0.0,0.0,1
731,31.1893,0.0,0.0,0.0,0.0,0.0,0.0,0.0,0.0,0.0,0.0,0.0,0.0,0,0.0,0.0,0.0,1
732,31.232,0.0,0.0,0.0,0.0,0.0,0.0,0.0,0.0,0.0,0.0,0.0,0.0,0,0.0,0.0,0.0,1
733,31.2747,0.0,0.0,0.0,0.0,0.0,0.0,0.0,0.0,0.0,0.0,0.0,0.0,0,0.0,0.0,0.0,1
734,31.3173,0.0,0.0,0.0,0.0,0.0,0.0,0.0,0.0,0.0,0.0,0.0,0.0,0,0.0,0.0,0.0,1
735,31.36,0.0,0.0,0.0,0.0,0.0,0.0,0.0,0.0,0.0,0.0,0.0,0.0,0,0.0,0.0,0.0,1
736,31.4027,0.0,0.0,0.0,0.0,0.0,0.0,0.0,0.0,0.0,0.0,0.0,0.0,0,0.0,0.0,0.0,1
737,31.4453,0.0,0.0,0.0,0.0,0.0,0.0,0.0,0.0,0.0,0.0,0.0,0.0,0,0.0,0.0,0.0,1
738,31.488,0.0,0.0,0.0,0.0,0.0,0.0,0.0,0.0,0.0,0.0,0.0,0.0,0,0.0,0.0,0.0,1
739,31.5307,0.0,0.0,0.0,0.0,0.0,0.0,0.0,0.0,0.0,0.0,0.0,0.0,0,0.0,0.0,0.0,1
740,31.5733,0.0,0.0,0.0,0.0,0.0,0.0,0.0,0.0,0.0,0.0,0.0,0.0,0,0.0,0.0,0.0,1
741,31.616,0.0,0.0,0.0,0.0,0.0,0.0,0.0,0.0,0.0,0.0,0.0,0.0,0,0.0,0.0,0.0,1
742,31.6587,0.0,0.0,0.0,0.0,0.0,0.0,0.0,0.0,0.0,0.0,0.0,0.0,0,0.0,0.0,0.0,1
743,31.7013,0.0,0.0,0.0,0.0,0.0,0.0,0.0,0.0,0.0,0.0,0.0,0.0,0,0.0,0.0,0.0,1
744,31.744,0.0,0.0,0.0,0.0,0.0,0.0,0.0,0.0,0.0,0.0,0.0,0.0,0,0.0,0.0,0.0,1
745,31.7867,0.0,0.0,0.0,0.0,0.0,0.0,0.0,0.0,0.0,0.0,0.0,0.0,0,0.0,0.0,0.0,1
746,31.8293,0.0,0.0,0.0,0.0,0.0,0.0,0.0,0.0,0.0,0.0,0.0,0.0,0,0.0,0.0,0.0,1
747,31.872,0.0,0.0,0.0,0.0,0.0,0.0,0.0,0.0,0.0,0.0,0.0,0.0,0,0.0,0.0,0.0,1
748,31.9147,0.0,0.0,0.0,0.0,0.0,0.0,0.0,0.0,0.0,0.0,0.0,0.0,0,0.0,0.0,0.0,1
749,31.9573,0.0,0.0,0.0,0.0,0.0,0.0,0.0,0.0,0.0,0.0,0.0,0.0,0,0.0,0.0,0.0,1
750,32.0,0.0,0.0,0.0,0.0,0.0,0.0,0.0,0.0,0.0,0.0,0.0,0.0,0,0.0,0.0,0.0,1
751,32.0427,0.0,0.0,0.0,0.0,0.0,0.0,0.0,0.0,0.0,0.0,0.0,0.0,0,0.0,0.0,0.0,1
752,32.0853,0.0,0.0,0.0,0.0,0.0,0.0,0.0,0.0,0.0,0.0,0.0,0.0,0,0.0,0.0,0.0,1
753,32.128,0.0,0.0,0.0,0.0,0.0,0.0,0.0,0.0,0.0,0.0,0.0,0.0,0,0.0,0.0,0.0,1
754,32.1707,0.0,0.0,0.0,0.0,0.0,0.0,0.0,0.0,0.0,0.0,0.0,0.0,0,0.0,0.0,0.0,1
755,32.2133,0.0,0.0,0.0,0.0,0.0,0.0,0.0,0.0,0.0,0.0,0.0,0.0,0,0.0,0.0,0.0,1
756,32.256,0.0,0.0,0.0,0.0,0.0,0.0,0.0,0.0,0.0,0.0,0.0,0.0,0,0.0,0.0,0.0,1
757,32.2987,0.0,0.0,0.0,0.0,0.0,0.0,0.0,0.0,0.0,0.0,0.0,0.0,0,0.0,0.0,0.0,1
758,32.3413,0.0,0.0,0.0,0.0,0.0,0.0,0.0,0.0,0.0,0.0,0.0,0.0,0,0.0,0.0,0.0,1
759,32.384,0.0,0.0,0.0,0.0,0.0,0.0,0.0,0.0,0.0,0.0,0.0,0.0,0,0.0,0.0,0.0,1
760,32.4267,0.0,0.0,0.0,0.0,0.0,0.0,0.0,0.0,0.0,0.0,0.0,0.0,0,0.0,0.0,0.0,1
761,32.4693,0.0,0.0,0.0,0.0,0.0,0.0,0.0,0.0,0.0,0.0,0.0,0.0,0,0.0,0.0,0.0,1
762,32.512,0.0,0.0,0.0,0.0,0.0,0.0,0.0,0.0,0.0,0.0,0.0,0.0,0,0.0,0.0,0.0,1
763,32.5547,0.0,0.0,0.0,0.0,0.0,0.0,0.0,0.0,0.0,0.0,0.0,0.0,0,0.0,0.0,0.0,1
764,32.5973,0.0,0.0,0.0,0.0,0.0,0.0,0.0,0.0,0.0,0.0,0.0,0.0,0,0.0,0.0,0.0,1
765,32.64,0.0,0.0,0.0,0.0,0.0,0.0,0.0,0.0,0.0,0.0,0.0,0.0,0,0.0,0.0,0.0,1
766,32.6827,0.0,0.0,0.0,0.0,0.0,0.0,0.0,0.0,0.0,0.0,0.0,0.0,0,0.0,0.0,0.0,1
767,32.7253,0.0,0.0,0.0,0.0,0.0,0.0,0.0,0.0,0.0,0.0,0.0,0.0,0,0.0,0.0,0.0,1
768,32.768,0.0,0.0,0.0,0.0,0.0,0.0,0.0,0.0,0.0,0.0,0.0,0.0,0,0.0,0.0,0.0,1
769,32.8107,0.0,0.0,0.0,0.0,0.0,0.0,0.0,0.0,0.0,0.0,0.0,0.0,0,0.0,0.0,0.0,1
770,32.8533,0.0,0.0,0.0,0.0,0.0,0.0,0.0,0.0,0.0,0.0,0.0,0.0,0,0.0,0.0,0.0,1
