frame,time,gated,centroid,spread,rolloff,slope,obsir_std,flatness,crest,skewness,kurtosis,tonality,entropy,tpr,n_peaks,flux,irregularity,zcr
0,0.000000,1,-2.875194,-0.544755,-1.825714,0.867419,-2.884398,-6.763524,-2.387610,-2.580875,-2.699720,-18.114349,-7.519766,-7.800060,-3.090477,-0.498050,-3.309919,-7.337065
1,0.042700,1,-2.875194,-0.544755,-1.825714,0.867419,-2.884398,-6.763524,-2.387610,-2.580875,-2.699720,-18.114349,-7.519766,-7.800060,-3.090477,-0.498050,-3.309919,-7.337065
2,0.085300,1,-2.875194,-0.544755,-1.825714,0.867419,-2.884398,-6.763524,-2.387610,-2.580875,-2.699720,-18.114349,-7.519766,-7.800060,-3.090477,-0.498050,-3.309919,-7.337065
3,0.128000,1,-2.875194,-0.544755,-1.825714,0.867419,-2.884398,-6.763524,-2.387610,-2.580875,-2.699720,-18.114349,-7.519766,-7.800060,-3.090477,-0.498050,-3.309919,-7.337065
4,0.170700,1,-2.875194,-0.544755,-1.825714,0.867419,-2.884398,-6.763524,-2.387610,-2.580875,-2.699720,-18.114349,-7.519766,-7.800060,-3.090477,-0.498050,-3.309919,-7.337065
5,0.213300,0,11.082919,17.687808,13.619071,-1.322751,-2.205327,10.249550,19.357729,-0.536565,-1.549200,-7.054321,2.502530,-12.660031,-2.043172,-0.498050,6.078740,12.582627
6,0.256000,0,23.488424,18.516937,21.830275,-3.127874,-0.638132,6.705877,2.218673,-0.842618,-1.858041,-5.285796,26.105572,-9.335111,-2.755339,3.209050,7.757231,22.321305
7,0.298700,1,-2.875194,-0.544755,-1.825714,0.867419,-2.884398,-6.763524,-2.387610,-2.580875,-2.699720,-18.114349,-7.519766,-7.800060,-3.090477,-0.498050,-3.309919,-7.337065
8,0.341300,0,4.734033,3.885242,6.581015,-2.537539,1.217747,8.095490,5.110929,-1.063464,-1.798147,-6.029255,5.633678,-3.928943,-1.917495,3.071448,3.513069,5.497975
9,0.384000,0,1.266488,1.752276,1.888922,-1.793718,-0.967019,5.710878,4.555843,-0.662370,-1.657000,-4.704692,0.917459,-1.260535,-1.582357,1.799209,2.488124,-0.256039
10,0.426700,0,0.582582,1.189113,0.129366,-2.357715,-1.538083,2.393285,5.345087,0.004563,-0.861215,-2.363640,0.775295,-1.568561,-3.006693,4.328527,2.423927,-0.256039
11,0.469300,0,3.959126,5.701098,3.452953,-2.087606,-2.550332,7.924537,14.352514,-0.737084,-1.886675,-5.941592,0.744505,-2.719232,-3.048585,7.781412,-0.725133,0.186299
12,0.512000,0,-0.167482,-0.186188,-0.066158,-1.149382,0.111243,-0.156048,0.291899,-0.377852,0.221174,0.107127,0.224139,-0.502557,-1.833711,14.951892,-0.386458,0.186299
13,0.554700,0,-0.169995,-0.279533,-0.066158,0.415096,-1.196200,-0.393637,-0.221548,-0.693025,0.087032,0.384342,0.085614,-0.626418,-1.163435,11.340414,-0.318643,-0.256039
14,0.597300,0,-0.121702,-0.146533,-0.066158,-0.871419,-1.045675,-0.550148,0.307866,0.993372,2.410762,0.572743,-0.053605,-0.431668,-1.582357,6.239799,0.504611,-0.256039
15,0.640000,0,-0.070898,-0.067023,-0.066158,0.061301,-0.916276,-0.115729,0.484802,0.667377,0.900192,0.060890,-0.065216,-0.580538,-1.582357,3.807270,-0.462737,-0.256039
16,0.682700,0,-0.029864,-0.018512,-0.066158,0.192575,-0.690827,-0.435715,0.477072,0.590520,0.352473,0.434554,-0.060132,-0.582090,-1.414788,3.137917,0.777029,0.186299
17,0.725300,0,-0.012557,0.012486,-0.066158,0.515557,-0.701210,-0.345034,0.462815,0.448453,0.048014,0.326807,-0.052796,-0.633108,0.260901,2.241169,0.739232,-0.256039
18,0.768000,0,-0.000553,0.030072,-0.066158,0.511458,-0.687715,-0.321576,0.453639,0.457683,0.020828,0.299190,-0.059613,-0.671859,-0.074237,1.605633,0.210708,-0.256039
19,0.810700,0,0.012287,0.039575,-0.066158,-1.578219,-0.612856,-0.271287,0.239832,0.523057,0.070159,0.240295,-0.050370,-0.767868,-0.032345,1.625457,0.177104,0.186299
20,0.853300,0,0.011171,0.023676,-0.066158,-0.097995,-0.456199,0.152355,0.129508,0.474823,-0.009538,-0.238398,-0.054298,-0.804055,0.009547,1.284950,-0.182382,0.186299
21,0.896000,0,-0.001670,0.009210,-0.066158,1.024904,-0.287500,0.540517,0.022315,0.524925,0.120378,-0.651813,-0.058862,-0.855199,0.344685,1.029569,-0.110324,-0.256039
22,0.938700,0,-0.014231,-0.013034,-0.066158,0.648510,-0.180048,-0.504624,0.134541,0.620186,0.287322,0.517405,-0.066256,-0.877180,0.847392,0.851153,0.970377,0.186299
23,0.981300,0,-0.031538,-0.049124,-0.066158,0.453670,-0.021162,0.299190,-0.073294,0.667926,0.472614,-0.397508,-0.074921,-0.907593,0.721715,0.713550,0.684644,0.186299
24,1.024000,0,-0.031538,-0.044213,-0.066158,-0.434950,-0.019876,0.014904,0.027806,0.694405,0.505609,-0.086400,-0.076076,-0.947219,0.470362,0.417355,1.312866,-0.256039
25,1.066700,0,-0.027351,-0.036847,-0.066158,0.596723,-0.228461,-0.357863,0.130881,0.753518,0.600210,0.341870,-0.077058,-0.955632,0.721715,0.154978,0.423035,-0.256039
26,1.109300,0,-0.016465,-0.025060,-0.066158,-0.902459,-0.345157,0.346620,-0.080037,0.768351,0.576518,-0.448139,-0.076481,-0.974175,1.098745,0.110666,0.980399,0.186299
27,1.152000,0,-0.012836,-0.011307,-0.066158,-0.182852,-0.424524,-0.155315,0.123174,0.685341,0.431390,0.106186,-0.073130,-0.984849,0.805500,-0.017608,0.718449,0.186299
28,1.194700,0,-0.013115,-0.009667,-0.066158,0.750806,-0.427641,-0.428824,0.225285,0.630514,0.338808,0.426185,-0.070126,-0.984521,0.805500,-0.192526,0.145684,-0.256039
29,1.237300,0,-0.013952,-0.022085,-0.066158,-1.487059,-0.225909,0.750030,-0.185568,0.687429,0.394055,-0.866053,-0.073650,-0.972294,1.224422,-0.140051,1.012449,0.186299
30,1.280000,0,-0.021768,-0.035111,-0.066158,0.079669,0.037766,0.254766,-0.079989,0.658257,0.373379,-0.349597,-0.075152,-0.962620,0.973068,-0.220513,1.624244,0.186299
31,1.322700,0,-0.022327,-0.034185,-0.066158,-0.829245,0.334771,-0.698595,0.230415,0.604364,0.268994,0.755809,-0.074054,-0.978328,0.931176,-0.100402,0.695074,-0.256039
32,1.365300,0,-0.024560,-0.045101,-0.066158,-0.410287,0.342235,-0.204064,0.024771,0.658092,0.367270,0.162256,-0.076423,-0.981432,0.596038,-0.306806,0.361065,0.186299
33,1.408000,0,-0.021768,-0.039572,-0.066158,-0.300771,0.121839,-0.149964,0.024097,0.671936,0.394764,0.100118,-0.077232,-0.979873,0.847392,-0.419920,0.375085,0.186299
34,1.450700,0,-0.017302,-0.020886,-0.066158,0.285839,-0.039705,-0.491722,0.228392,0.640293,0.328352,0.501818,-0.073477,-0.980773,0.931176,-0.295145,0.432596,-0.256039
35,1.493300,0,-0.019814,-0.026980,-0.066158,-0.219515,-0.102102,-0.012586,0.022749,0.659411,0.386184,-0.055540,-0.074343,-0.968617,0.679823,-0.175034,1.312143,0.186299
36,1.536000,0,-0.012557,-0.018457,-0.066158,-1.836307,-0.151348,0.364287,-0.080687,0.677100,0.354457,-0.466864,-0.075325,-0.969675,0.554146,-0.253164,1.015980,0.186299
37,1.578700,0,-0.020931,-0.027522,-0.066158,0.755578,-0.059383,-0.078709,0.023712,0.655950,0.374897,0.018941,-0.073765,-0.955144,0.931176,-0.120226,1.043771,-0.256039
38,1.621300,0,-0.018698,-0.029490,-0.066158,-0.350888,-0.025085,0.046500,0.024242,0.658861,0.365257,-0.121549,-0.074748,-0.950236,0.763607,-0.176200,0.389014,-0.256039
39,1.664000,0,-0.020093,-0.033926,-0.066158,-1.416883,-0.017798,0.588827,-0.181546,0.707535,0.435880,-0.701817,-0.074690,-0.956641,0.763607,-0.333627,0.385140,0.186299
40,1.706700,0,-0.023164,-0.032463,-0.066158,-0.448322,-0.013557,-0.245116,0.128496,0.645237,0.378936,0.209749,-0.074748,-0.955427,1.056853,-0.295145,0.675784,0.186299
41,1.749300,0,-0.018698,-0.021962,-0.066158,0.380589,-0.022427,-0.327514,0.128063,0.644852,0.329784,0.306094,-0.073765,-0.957239,0.973068,-0.234506,1.023287,-0.256039
42,1.792000,0,-0.020093,-0.031394,-0.066158,-0.185222,0.002425,0.179479,-0.077195,0.683473,0.406080,-0.268002,-0.075152,-0.941783,0.763607,-0.276487,0.998809,0.186299
43,1.834700,0,-0.019256,-0.029933,-0.066158,-0.186593,-0.020491,0.247288,-0.078255,0.676551,0.391627,-0.341542,-0.073592,-0.947165,1.014961,-0.412923,1.002378,0.186299
44,1.877300,0,-0.021210,-0.027764,-0.066158,-0.433005,-0.029619,-0.240058,0.128087,0.637656,0.356033,0.203995,-0.073477,-0.950652,0.973068,-0.267158,0.708176,-0.256039
45,1.920000,0,-0.019256,-0.029956,-0.066158,0.125039,-0.053205,-0.061848,0.026770,0.667212,0.385139,-0.000098,-0.075210,-0.938034,0.931176,-0.221679,0.973539,0.186299
46,1.962700,0,-0.018977,-0.030996,-0.066158,-0.267615,-0.055555,-0.100994,0.026650,0.675287,0.394463,0.044152,-0.074401,-0.943519,0.889284,-0.346454,0.369479,0.186299
47,2.005300,0,-0.021768,-0.029496,-0.066158,0.568747,-0.093509,-0.280597,0.128665,0.648368,0.369812,0.251174,-0.069953,-0.953121,0.931176,-0.260161,0.413095,-0.256039
48,2.048000,0,-0.023164,-0.030123,-0.066158,-0.340117,-0.003062,-0.098502,0.028673,0.656664,0.386113,0.041432,-0.070935,-0.921154,0.512254,0.140985,1.280886,0.186299
49,2.090700,0,-0.018698,-0.027860,-0.066158,-1.451926,0.049007,0.570500,-0.175791,0.695339,0.415247,-0.682882,-0.072552,-0.881476,0.973068,0.278587,0.982371,0.186299
50,2.133300,0,-0.021210,-0.021610,-0.066158,-0.275749,0.158779,-0.000050,0.034212,0.651280,0.370034,-0.069558,-0.073765,-0.841884,0.512254,0.244770,1.276894,-0.256039
51,2.176000,0,-0.022047,-0.020706,-0.066158,0.702626,0.326601,-0.737081,0.244624,0.641062,0.360953,0.804034,-0.071282,-0.833592,0.679823,0.060522,0.090770,-0.256039
52,2.218700,0,-0.023443,-0.030519,-0.066158,0.361205,0.156948,0.650038,-0.171022,0.720501,0.501813,-0.764582,-0.072090,-0.817656,0.763607,0.036034,-0.252881,0.186299
53,2.261300,0,-0.021210,-0.026290,-0.066158,0.106412,-0.021076,0.430556,-0.067394,0.697537,0.466254,-0.536952,-0.073939,-0.811826,0.889284,-0.012943,-0.229571,0.186299
54,2.304000,0,-0.024002,-0.024471,-0.066158,0.421301,-0.074467,0.948765,-0.172347,0.703415,0.486400,-1.063660,-0.071570,-0.813751,0.679823,-0.095738,1.024672,-0.256039
55,2.346700,0,-0.022606,-0.024852,-0.066158,0.266984,-0.145629,0.579957,-0.169457,0.723577,0.501526,-0.692611,-0.071166,-0.797675,0.973068,-0.121393,0.374102,0.186299
56,2.389300,0,-0.020652,-0.022133,-0.066158,0.383771,-0.230417,0.627973,-0.169601,0.722918,0.498325,-0.741987,-0.071455,-0.795574,0.931176,-0.253164,0.386542,0.186299
57,2.432000,0,-0.024002,-0.019899,-0.066158,0.119252,-0.322125,0.475494,-0.065828,0.688472,0.471862,-0.584131,-0.069144,-0.789970,0.847392,-0.182031,0.700930,-0.256039
58,2.474700,0,-0.020093,-0.019252,-0.066158,0.172043,-0.337577,0.208362,-0.064022,0.720281,0.492381,-0.299385,-0.068971,-0.781030,0.889284,-0.170370,-0.213742,0.186299
59,2.517300,0,-0.018419,-0.018105,-0.066158,-0.694151,-0.434756,1.109308,-0.272628,0.750551,0.530074,-1.219737,-0.070704,-0.776807,0.931176,-0.204187,-0.233406,0.186299
60,2.560000,0,-0.020373,-0.015086,-0.066158,0.144188,-0.487597,-0.004375,0.039968,0.695230,0.468489,-0.064851,-0.068509,-0.779808,1.014961,-0.231008,0.072274,-0.256039
61,2.602700,0,-0.020931,-0.014800,-0.066158,0.965227,-0.470012,0.051338,0.039896,0.692867,0.462401,-0.126989,-0.066776,-0.770958,1.014961,-0.242669,-0.194838,-0.256039
62,2.645300,0,-0.018419,-0.015363,-0.066158,0.418720,-0.498440,0.637943,-0.167458,0.725390,0.493641,-0.752238,-0.067700,-0.765360,0.931176,-0.234506,0.390545,0.186299
63,2.688000,0,-0.016744,-0.010341,-0.066158,0.348826,-0.561513,0.777813,-0.168229,0.714457,0.469398,-0.893984,-0.068624,-0.762857,0.847392,-0.263659,0.392713,0.186299
64,2.730700,0,-0.020652,-0.011255,-0.066158,1.127342,-0.674916,0.350358,-0.063203,0.700998,0.465925,-0.452114,-0.065158,-0.749763,1.098745,-0.204187,0.429885,-0.256039
65,2.773300,0,-0.018139,-0.010907,-0.066158,1.051893,-0.679611,0.284162,0.041413,0.681440,0.440464,-0.381294,-0.070011,-0.733390,0.763607,-0.171536,-0.226105,0.186299
66,2.816000,0,-0.016185,-0.007897,-0.066158,1.249767,-0.699229,-0.033112,0.043002,0.696273,0.447046,-0.032526,-0.069202,-0.743340,0.679823,-0.311470,-0.229544,0.186299
67,2.858700,0,-0.018139,-0.007962,-0.066158,0.140756,-0.803508,0.082420,0.043074,0.683967,0.436031,-0.161405,-0.066602,-0.727010,0.847392,-0.241503,0.068379,-0.256039
68,2.901300,0,-0.017860,-0.007227,-0.066158,1.315968,-0.859098,0.404899,-0.061204,0.697537,0.450398,-0.509963,-0.069433,-0.722680,0.931176,-0.201855,0.400687,-0.256039
69,2.944000,0,-0.015069,-0.006468,-0.066158,0.455144,-0.915222,0.718581,-0.165483,0.710557,0.452102,-0.834252,-0.067238,-0.732212,0.805500,-0.341790,0.394674,0.186299
70,2.986700,0,-0.016185,-0.006378,-0.066158,0.394294,-0.937245,0.681487,-0.164520,0.715831,0.462573,-0.796593,-0.066833,-0.711608,1.224422,-0.355783,0.394772,0.186299
71,3.029300,0,-0.017023,-0.004983,-0.066158,1.061730,-0.924783,0.078975,0.042858,0.684352,0.431361,-0.157535,-0.065389,-0.722039,1.056853,-0.279985,-0.172555,-0.256039
72,3.072000,0,-0.013952,-0.003975,-0.066158,0.231822,-0.921869,0.480405,-0.060602,0.694241,0.425610,-0.589257,-0.068278,-0.712292,0.847392,-0.290480,-0.220211,0.186299
73,3.114700,0,-0.014511,-0.006021,-0.066158,-0.735421,-0.958663,1.304526,-0.269353,0.730334,0.476266,-1.405105,-0.066776,-0.712169,0.805500,-0.360447,-0.227300,0.186299
74,3.157300,0,-0.015348,-0.004554,-0.066158,0.602098,-0.942127,0.435688,-0.060217,0.699734,0.443708,-0.542392,-0.067007,-0.704557,1.182530,-0.302141,0.366247,-0.256039
75,3.200000,0,-0.015069,-0.002524,-0.066158,0.666020,-0.961941,0.895471,-0.165580,0.696109,0.431562,-1.011146,-0.066718,-0.709155,0.889284,-0.309138,1.009244,-0.256039
76,3.242700,0,-0.014231,-0.002459,-0.066158,0.418004,-0.943791,0.702160,-0.164231,0.708469,0.442298,-0.817619,-0.066314,-0.708768,0.679823,-0.348786,0.395098,0.186299
77,3.285300,0,-0.014790,-0.003452,-0.066158,0.409985,-0.969636,0.724152,-0.164231,0.708524,0.445005,-0.839901,-0.066429,-0.702153,1.056853,-0.396597,0.397080,0.186299
78,3.328000,0,-0.016744,-0.001943,-0.066158,1.216342,-0.975007,0.438694,-0.060988,0.689406,0.430359,-0.545530,-0.063136,-0.711325,0.889284,-0.383770,0.437137,-0.256039
79,3.370700,0,-0.011719,-0.001735,-0.066158,-0.962189,-0.942969,0.926627,-0.164809,0.709293,0.440070,-1.041902,-0.065909,-0.703007,1.266314,-0.278819,-0.224383,0.186299
80,3.413300,0,-0.011998,-0.002460,-0.066158,-0.907258,-0.962369,0.779059,-0.163942,0.712040,0.441947,-0.895135,-0.066891,-0.702290,0.973068,-0.377939,-0.219972,0.186299
81,3.456000,0,-0.014790,-0.000687,-0.066158,1.207269,-0.973192,0.059402,0.044784,0.683748,0.417331,-0.135880,-0.064754,-0.695639,0.805500,-0.340623,-0.209309,-0.256039
82,3.498700,0,-0.015627,-0.001789,-0.066158,0.620784,-1.010808,0.921788,-0.163773,0.697702,0.435415,-1.037090,-0.066660,-0.683899,0.973068,-0.309138,1.014139,-0.256039
83,3.541300,0,-0.013394,-0.000954,-0.066158,0.520048,-0.967019,0.691604,-0.163099,0.708250,0.439683,-0.806949,-0.066256,-0.692366,0.973068,-0.335959,0.400693,0.186299
84,3.584000,0,-0.015069,0.001345,-0.066158,0.329208,-0.909130,0.507602,-0.059543,0.669135,0.395301,-0.617606,-0.065389,-0.691282,1.140637,-0.383770,0.702011,0.186299
85,3.626700,0,-0.016185,0.000182,-0.066158,1.152491,-0.909276,0.486563,-0.060193,0.677265,0.408415,-0.595743,-0.062501,-0.692646,1.140637,-0.353451,0.449816,-0.256039
86,3.669300,0,-0.012277,0.001484,-0.066158,-1.014745,-0.886431,0.506210,-0.059928,0.672815,0.390646,-0.616246,-0.064407,-0.691515,1.140637,-0.288148,0.077494,0.186299
87,3.712000,0,-0.012557,-0.001376,-0.066158,-0.704275,-0.888040,1.358846,-0.268486,0.717754,0.446272,-1.455945,-0.064638,-0.691684,1.056853,-0.379105,-0.217642,0.186299
88,3.754700,0,-0.013952,0.001784,-0.066158,0.242328,-0.957301,0.251320,0.043677,0.658037,0.382553,-0.345936,-0.063887,-0.693648,0.847392,-0.284650,0.139361,-0.256039
89,3.797300,0,-0.015069,0.001824,-0.066158,1.189693,-0.902312,0.532380,-0.060145,0.667322,0.385690,-0.643445,-0.064696,-0.688969,0.805500,-0.242669,0.456633,-0.256039
90,3.840000,0,-0.013115,-0.000235,-0.066158,0.426522,-0.926851,0.798486,-0.163797,0.696603,0.418635,-0.914697,-0.062328,-0.693682,0.973068,-0.365112,0.400937,0.186299
91,3.882700,0,-0.013673,0.003428,-0.066158,0.467821,-0.951688,0.462958,-0.058531,0.666882,0.383427,-0.571055,-0.066082,-0.672612,1.014961,-0.225177,0.700071,0.186299
92,3.925300,0,-0.014231,0.003186,-0.066158,1.068510,-0.946085,0.057056,0.046591,0.660015,0.370428,-0.133265,-0.061692,-0.666251,0.931176,-0.196024,-0.128962,-0.256039
93,3.968000,0,-0.010882,0.003780,-0.066158,0.301663,-0.940609,0.535679,-0.057423,0.675727,0.381135,-0.646897,-0.064349,-0.655107,0.973068,-0.206519,-0.213742,0.186299
94,4.010700,0,-0.010044,0.003699,-0.066158,-0.595256,-0.942903,1.304306,-0.266559,0.696328,0.396111,-1.404896,-0.063425,-0.657293,1.098745,-0.285816,-0.203752,0.186299
95,4.053300,0,-0.011719,0.006998,-0.066158,0.205654,-0.903598,0.359742,0.046253,0.633865,0.328431,-0.462052,-0.063194,-0.644819,0.931176,-0.255497,0.099581,-0.256039
96,4.096000,0,-0.011719,0.006967,-0.066158,0.618431,-0.971971,1.180563,-0.163195,0.653313,0.344459,-1.287838,-0.064985,-0.644995,0.763607,-0.235672,1.031093,-0.256039
97,4.138700,0,-0.009486,0.005470,-0.066158,-0.731046,-0.927971,1.269265,-0.266390,0.682704,0.370399,-1.371944,-0.063252,-0.649865,0.931176,-0.339457,0.402507,0.186299
98,4.181300,0,-0.010044,0.007549,-0.066158,0.420709,-0.957044,0.931832,-0.162376,0.661114,0.343557,-1.047027,-0.064407,-0.646383,0.847392,-0.380272,0.406478,0.186299
99,4.224000,0,-0.010603,0.008445,-0.066158,0.841724,-0.929574,-0.342908,0.151857,0.622603,0.288553,0.324296,-0.058977,-0.655413,0.889284,-0.267158,-0.174684,-0.256039
100,4.266700,0,-0.010044,0.006447,-0.066158,0.660446,-0.928919,0.470949,-0.057279,0.651994,0.337655,-0.579424,-0.062097,-0.641012,0.889284,-0.213516,0.400867,0.186299
101,4.309300,0,-0.009765,0.004140,-0.066158,-0.606494,-0.909775,1.318894,-0.266366,0.690011,0.383348,-1.418600,-0.062616,-0.655205,0.931176,-0.213516,-0.209146,0.186299
102,4.352000,0,-0.011440,0.007056,-0.066158,0.208911,-0.935298,0.238491,0.046253,0.630349,0.315955,-0.332127,-0.061808,-0.651943,0.847392,-0.248500,0.086702,-0.256039
103,4.394700,0,-0.011719,0.006854,-0.066158,1.295128,-0.911056,0.494554,-0.058652,0.644798,0.330099,-0.604007,-0.062328,-0.654647,0.973068,-0.186695,0.418320,-0.256039
104,4.437300,0,-0.009486,0.006122,-0.066158,0.510900,-0.926624,0.845402,-0.162690,0.664080,0.347424,-0.961457,-0.063425,-0.657200,0.596038,-0.300975,0.410243,0.186299
105,4.480000,0,-0.010044,0.009104,-0.066158,0.415424,-0.946665,0.508995,-0.059326,0.633700,0.310820,-0.619071,-0.063252,-0.666422,1.182530,-0.342956,0.702369,0.186299
106,4.522700,0,-0.009486,0.010585,-0.066158,0.978734,-0.929035,0.069152,0.044881,0.614527,0.270176,-0.146760,-0.057937,-0.667214,1.140637,-0.289314,0.426577,-0.256039
107,4.565300,0,-0.006415,0.008426,-0.066158,-0.897937,-0.933478,1.022806,-0.163436,0.650566,0.315468,-1.136050,-0.060479,-0.645248,0.973068,-0.116728,-0.202774,-0.256039
108,4.608000,0,-0.006974,0.009045,-0.066158,-0.651580,-0.951431,1.516603,-0.266968,0.658367,0.320947,-1.601561,-0.061634,-0.638078,0.931176,-0.219347,-0.215415,0.186299
109,4.650700,0,-0.007532,0.010264,-0.066158,0.284828,-0.928112,0.523657,-0.057327,0.632986,0.288783,-0.634344,-0.059035,-0.634217,0.931176,-0.251998,-0.209673,-0.256039
110,4.693300,0,-0.007253,0.012171,-0.066158,0.638847,-0.898802,0.550780,-0.057207,0.618318,0.265607,-0.662484,-0.060595,-0.622201,1.014961,-0.214682,0.407173,-0.256039
111,4.736000,0,-0.006694,0.010989,-0.066158,-0.807524,-0.898857,1.512718,-0.266222,0.639853,0.287164,-1.598005,-0.060941,-0.617628,0.931176,-0.328962,0.409667,0.186299
112,4.778700,0,-0.007253,0.011414,-0.066158,0.573591,-0.937961,0.777520,-0.160137,0.637106,0.286562,-0.893670,-0.061519,-0.613273,0.637931,-0.383770,0.411372,0.186299
113,4.821300,0,-0.007253,0.014979,-0.066158,-0.050346,-0.914975,-0.165358,0.152772,0.572775,0.198170,0.117797,-0.059555,-0.616639,0.973068,-0.250832,0.126682,-0.256039
114,4.864000,0,-0.006694,0.013998,-0.066158,0.896973,-0.847696,-0.212128,0.154000,0.576841,0.195184,0.171566,-0.059324,-0.608805,0.679823,-0.268324,-0.185076,-0.256039
115,4.906700,0,-0.005857,0.010750,-0.066158,-0.589929,-0.842239,1.414780,-0.265740,0.640897,0.283211,-1.507936,-0.057880,-0.617095,0.763607,-0.245001,-0.213470,0.186299
116,4.949300,0,-0.005857,0.013980,-0.066158,0.158093,-0.825123,0.554959,-0.056075,0.603540,0.225987,-0.666773,-0.058168,-0.608095,0.973068,-0.258995,-0.212921,0.186299
117,4.992000,0,-0.008648,0.012443,-0.066158,0.267988,-0.820090,0.181165,0.049264,0.589971,0.227534,-0.269885,-0.059035,-0.596819,0.931176,-0.214682,0.101504,-0.256039
118,5.034700,0,-0.006694,0.010286,-0.066158,-0.764013,-0.777169,1.434279,-0.264705,0.628976,0.263859,-1.525929,-0.060421,-0.601112,0.721715,-0.288148,0.402947,0.186299
119,5.077300,0,-0.006694,0.010139,-0.066158,-0.744333,-0.790931,1.358480,-0.264103,0.632272,0.268328,-1.455631,-0.060479,-0.599852,0.763607,-0.437411,0.404240,0.186299
120,5.120000,0,-0.007253,0.013221,-0.066158,-1.143506,-0.779574,0.467064,-0.054004,0.589696,0.211764,-0.575344,-0.059382,-0.585496,0.637931,-0.338291,0.696682,-0.256039
121,5.162700,0,-0.009486,0.010839,-0.066158,1.149002,-0.780316,0.213860,0.050179,0.595464,0.235971,-0.305452,-0.059670,-0.587810,0.889284,-0.272988,-0.178123,-0.256039
122,5.205300,0,-0.005299,0.011930,-0.066158,0.425431,-0.776231,0.485390,-0.054750,0.603595,0.228458,-0.594488,-0.060941,-0.595794,0.679823,-0.338291,-0.204382,0.186299
123,5.248000,0,-0.005857,0.012642,-0.066158,0.330880,-0.727898,0.470509,-0.054630,0.602991,0.226696,-0.578901,-0.060826,-0.596005,0.805500,-0.428083,-0.204697,0.186299
124,5.290700,0,-0.006415,0.016628,-0.066158,-0.068144,-0.689581,-0.080982,0.153302,0.551899,0.157505,0.021557,-0.057244,-0.596382,0.889284,-0.255497,0.116818,-0.256039
125,5.333300,0,-0.007811,0.013848,-0.066158,0.594763,-0.682264,1.294702,-0.161871,0.583708,0.204616,-1.395899,-0.060826,-0.591119,0.931176,-0.196024,1.034156,0.186299
126,5.376000,0,-0.006136,0.013503,-0.066158,0.429294,-0.722815,0.906321,-0.159655,0.597057,0.209687,-1.021921,-0.058111,-0.598630,0.931176,-0.265992,0.407163,0.186299
127,5.418700,0,-0.003624,0.015428,-0.066158,-0.642562,-0.705517,0.774148,-0.159800,0.586674,0.181942,-0.890323,-0.056493,-0.592179,0.805500,-0.234506,1.016627,-0.256039
128,5.461300,0,-0.005578,0.015957,-0.066158,0.882220,-0.690751,-0.058550,0.153928,0.551680,0.149591,-0.003863,-0.059728,-0.590228,0.721715,-0.245001,-0.202546,-0.256039
129,5.504000,0,-0.005857,0.012355,-0.066158,0.340652,-0.697932,0.437521,-0.054991,0.597442,0.212902,-0.544380,-0.057244,-0.606406,0.847392,-0.264826,-0.210754,0.186299
130,5.546700,0,-0.003903,0.013092,-0.066158,-0.938829,-0.718256,0.824216,-0.158571,0.595135,0.191796,-0.940431,-0.056609,-0.587081,0.889284,-0.284650,-0.207060,0.186299
131,5.589300,0,-0.002786,0.016598,-0.066158,-0.065834,-0.708119,0.397935,0.047626,0.552449,0.139909,-0.502536,-0.057764,-0.594251,0.847392,-0.218181,-0.183772,-0.256039
132,5.632000,0,-0.004182,0.017262,-0.066158,0.446805,-0.674855,0.472122,-0.055569,0.558052,0.140768,-0.580575,-0.057186,-0.596016,0.763607,-0.200689,1.010043,-0.256039
133,5.674700,0,-0.005299,0.014510,-0.066158,0.515244,-0.691351,0.789762,-0.160594,0.587169,0.188137,-0.905909,-0.057360,-0.597797,0.763607,-0.258995,0.410476,0.186299
134,5.717300,0,-0.003624,0.015233,-0.066158,-0.838135,-0.697968,1.497910,-0.266487,0.588267,0.184391,-1.584510,-0.057764,-0.598680,1.056853,-0.291646,0.413665,0.186299
135,5.760000,0,-0.003066,0.019641,-0.066158,-0.055786,-0.678401,-0.202672,0.152748,0.526079,0.097102,0.160687,-0.055742,-0.596711,0.973068,-0.217015,0.103862,-0.256039
136,5.802700,0,-0.002786,0.016457,-0.066158,0.737761,-0.700514,0.538978,-0.057158,0.564809,0.154447,-0.650244,-0.056609,-0.601567,1.056853,-0.272988,0.382653,0.186299
137,5.845300,0,-0.003624,0.013638,-0.066158,-0.641307,-0.683025,1.535883,-0.265981,0.597167,0.197812,-1.619240,-0.059035,-0.598160,0.637931,-0.374441,-0.198542,0.186299
138,5.888000,0,-0.001949,0.018391,-0.066158,0.656189,-0.779529,0.002369,0.047795,0.547340,0.123150,-0.072383,-0.055396,-0.612381,1.098745,-0.220513,0.392094,-0.256039
139,5.930700,0,-0.004740,0.017318,-0.066158,-0.018607,-0.735836,-0.154289,0.153181,0.532397,0.115880,0.105035,-0.055396,-0.595028,0.973068,-0.178533,0.117029,-0.256039
140,5.973300,0,-0.003624,0.014047,-0.066158,-0.713029,-0.784582,1.376880,-0.264921,0.595849,0.194131,-1.472787,-0.058053,-0.590506,0.847392,-0.175034,0.409243,0.186299
141,6.016000,0,-0.005020,0.014440,-0.066158,0.519305,-0.763154,0.828542,-0.159294,0.588213,0.189984,-0.944720,-0.058862,-0.585688,0.847392,-0.320799,0.409227,0.186299
142,6.058700,0,-0.005020,0.017748,-0.066158,-0.089896,-0.794184,-0.127165,0.154289,0.528002,0.107616,0.073966,-0.056031,-0.586157,0.721715,-0.246168,0.119121,-0.256039
143,6.101300,0,-0.004461,0.016347,-0.066158,0.987504,-0.728518,-0.306255,0.156071,0.541351,0.119411,0.281197,-0.056435,-0.576741,0.805500,-0.283483,-0.182588,-0.256039
144,6.144000,0,-0.001949,0.015976,-0.066158,-0.942716,-0.724156,0.926187,-0.158764,0.578654,0.161065,-1.041483,-0.058804,-0.575184,0.889284,-0.289314,-0.215817,0.186299
145,6.186700,0,-0.003903,0.017072,-0.066158,0.247354,-0.664099,0.374330,-0.053185,0.568380,0.146333,-0.477639,-0.055338,-0.573637,0.428469,-0.360447,-0.193996,0.186299
146,6.229300,0,-0.005020,0.019258,-0.066158,-0.111966,-0.618711,-0.048946,0.155084,0.520475,0.095125,-0.014743,-0.054760,-0.565459,0.889284,-0.320799,0.112548,-0.256039
147,6.272000,0,-0.004740,0.015313,-0.066158,0.907197,-0.610496,0.771655,-0.158764,0.573764,0.164195,-0.887707,-0.055915,-0.579146,0.763607,-0.231008,0.985842,0.186299
148,6.314700,0,-0.003345,0.015254,-0.066158,-0.718520,-0.549480,1.324758,-0.263260,0.583323,0.166701,-1.424144,-0.056262,-0.569026,0.679823,-0.389601,0.406967,0.186299
149,6.357300,0,-0.001670,0.018281,-0.066158,-1.164334,-0.535400,0.945320,-0.159149,0.551899,0.112385,-1.060208,-0.056320,-0.569160,0.721715,-0.353451,0.401627,-0.256039
150,6.400000,0,-0.001112,0.018835,-0.066158,0.019795,-0.480235,0.181972,0.049601,0.520750,0.070052,-0.270722,-0.057475,-0.572127,0.721715,-0.268324,-0.132210,-0.256039
151,6.442700,0,-0.001112,0.017577,-0.066158,-1.004067,-0.479231,0.874725,-0.157921,0.550581,0.104780,-0.990643,-0.056493,-0.556720,0.721715,-0.246168,-0.211379,0.186299
152,6.485300,0,-0.001391,0.016626,-0.066158,-0.948351,-0.458171,0.925820,-0.157945,0.547779,0.102559,-1.041065,-0.057648,-0.550797,0.596038,-0.314969,-0.208272,0.186299
153,6.528000,0,-0.003066,0.020183,-0.066158,0.916132,-0.476392,-0.250395,0.155999,0.504324,0.048208,0.215921,-0.051525,-0.558564,1.140637,-0.222845,-0.160849,-0.256039
154,6.570700,0,-0.002786,0.019142,-0.066158,0.408031,-0.414478,0.658835,-0.054846,0.503225,0.043245,-0.773579,-0.054009,-0.549864,0.679823,-0.203021,1.037807,-0.256039
155,6.613300,0,-0.003066,0.018264,-0.066158,0.270060,-0.289840,0.708904,-0.157030,0.524541,0.062245,-0.824419,-0.052565,-0.544532,0.973068,-0.178533,0.443406,0.186299
156,6.656000,0,-0.002786,0.019657,-0.066158,0.213679,-0.310178,0.101114,0.051720,0.496248,0.036348,-0.182118,-0.051756,-0.548248,0.721715,-0.286982,0.697605,0.186299
157,6.698700,0,-0.002786,0.019197,-0.066158,0.976415,-0.351652,-0.297678,0.157300,0.491524,0.021021,0.271050,-0.051236,-0.547767,0.721715,-0.193692,-0.178601,-0.256039
158,6.741300,0,-0.002228,0.017549,-0.066158,0.609939,-0.327748,0.449910,-0.052101,0.508829,0.041476,-0.557351,-0.051467,-0.538893,0.763607,-0.241503,0.383207,0.186299
159,6.784000,0,-0.000832,0.018331,-0.066158,0.083238,-0.390751,0.073697,0.054442,0.503335,0.030267,-0.151781,-0.055453,-0.520192,0.512254,-0.210018,-0.219348,0.186299
160,6.826700,0,-0.003066,0.018630,-0.066158,0.029237,-0.373786,-0.174155,0.158359,0.481360,0.011825,0.127735,-0.054125,-0.523078,1.056853,-0.274154,0.088592,-0.256039
161,6.869300,0,-0.004182,0.017494,-0.066158,0.918349,-0.340996,-0.301416,0.159515,0.484876,0.011804,0.275443,-0.054067,-0.521515,0.554146,-0.281151,-0.159110,-0.256039
162,6.912000,0,-0.002228,0.014908,-0.066158,-1.123149,-0.290092,0.786023,-0.154766,0.515476,0.040466,-0.902248,-0.054471,-0.515328,1.266314,-0.271822,0.389302,0.186299
163,6.954700,0,-0.004461,0.014471,-0.066158,0.108629,-0.314399,0.394636,-0.050126,0.503390,0.030411,-0.499084,-0.053778,-0.518088,1.056853,-0.297477,0.387547,0.186299
164,6.997300,0,-0.004740,0.014568,-0.066158,0.383396,-0.299462,-0.017717,0.055405,0.488173,0.013122,-0.049787,-0.054298,-0.508688,0.679823,-0.131888,0.458372,-0.256039
165,7.040000,0,-0.005299,0.014069,-0.066158,0.973731,-0.237503,-0.326121,0.161321,0.478998,0.000345,0.304525,-0.053663,-0.506797,0.512254,-0.196024,-0.203948,-0.256039
166,7.082700,0,-0.001391,0.013836,-0.066158,-1.204669,-0.255270,0.403140,-0.049115,0.492677,0.002114,-0.508080,-0.054818,-0.509600,0.470362,-0.247334,-0.242185,0.186299
167,7.125300,0,-0.003066,0.013906,-0.066158,0.078067,-0.246802,-0.022922,0.056585,0.478559,-0.016894,-0.044033,-0.052969,-0.503250,0.763607,-0.345288,-0.232238,0.186299
168,7.168000,0,-0.004182,0.013968,-0.066158,0.301729,-0.207875,0.097448,0.055911,0.466692,-0.026899,-0.178038,-0.052276,-0.498056,0.637931,-0.278819,0.408515,-0.256039
169,7.210700,0,-0.004461,0.012330,-0.066158,0.118413,-0.170526,0.220531,-0.047598,0.473065,-0.031332,-0.312670,-0.051583,-0.492116,0.889284,-0.236839,0.376275,0.186299
170,7.253300,0,-0.003903,0.012224,-0.066158,0.212050,-0.123152,0.207116,-0.046345,0.472296,-0.032772,-0.298025,-0.053431,-0.477338,0.805500,-0.284650,0.382495,0.186299
171,7.296000,0,-0.006415,0.012951,-0.066158,0.030405,-0.097019,-0.067933,0.057596,0.445651,-0.058332,0.006702,-0.050716,-0.484564,0.596038,-0.281151,0.663545,-0.256039
172,7.338700,0,-0.007811,0.010494,-0.066158,1.085381,-0.077200,-0.053858,0.058777,0.453892,-0.051564,-0.009094,-0.050774,-0.472517,0.637931,-0.222845,-0.213226,-0.256039
173,7.381300,0,-0.005299,0.010401,-0.066158,0.619212,-0.012367,0.259897,-0.046971,0.454826,-0.064427,-0.355141,-0.048001,-0.478946,0.763607,-0.295145,0.352781,0.186299
174,7.424000,0,-0.006415,0.015055,-0.066158,0.745974,-0.000374,0.012192,0.264781,0.366377,-0.154223,-0.083367,-0.055742,-0.454406,0.386577,0.022040,-0.463215,0.186299
175,7.466700,0,-0.010323,0.013268,-0.066158,0.328832,-0.001625,0.348159,0.259483,0.320450,-0.204112,-0.449813,-0.054067,-0.480380,0.847392,0.242437,-0.396171,-0.256039
176,7.509300,0,-0.010323,0.017204,-0.066158,-0.040639,-0.145034,0.758973,0.046446,0.310726,-0.227546,-0.874945,-0.027783,-0.509199,0.596038,0.130490,0.815875,-0.256039
177,7.552000,0,-0.006694,0.015168,-0.066158,0.603331,-0.025070,0.637723,0.054369,0.353522,-0.192553,-0.751925,-0.049330,-0.456754,0.554146,0.222613,0.463951,0.186299
178,7.594700,0,-0.009486,0.011261,-0.066158,0.591774,0.087208,0.208949,0.262855,0.335833,-0.202093,-0.300012,-0.053258,-0.463627,0.721715,0.103669,-0.561586,0.186299
179,7.637300,0,-0.011998,0.007180,-0.066158,0.868949,0.126060,0.480405,-0.049331,0.394176,-0.149739,-0.589257,-0.039972,-0.478466,0.721715,-0.060754,0.427115,-0.256039
180,7.680000,0,-0.007532,0.013034,-0.066158,0.407499,0.146071,0.582303,0.158456,0.331273,-0.225068,-0.695017,-0.053374,-0.440165,0.679823,0.220281,-0.228669,-0.256039
181,7.722700,0,-0.011161,0.009473,-0.066158,0.362527,0.034009,1.310977,-0.049428,0.336986,-0.192732,-1.411172,-0.065505,-0.440236,0.679823,0.357883,0.798122,0.186299
182,7.765300,0,-0.012277,0.007563,-0.066158,0.871237,0.170378,0.256305,0.057380,0.347314,-0.212900,-0.351376,-0.037777,-0.450253,0.679823,0.209786,0.138286,0.186299
183,7.808000,0,-0.007532,0.009388,-0.066158,-0.251620,0.146227,0.031692,0.164211,0.342810,-0.228721,-0.105125,-0.043669,-0.421210,0.596038,-0.019940,0.113129,-0.256039
184,7.850700,0,-0.005578,0.006678,-0.066158,0.150613,0.205876,0.206090,0.060968,0.352478,-0.230311,-0.296979,-0.054760,-0.403712,0.428469,0.024373,0.414121,0.186299
185,7.893300,0,-0.008648,0.005032,-0.066158,0.852946,0.204595,-0.067273,0.061498,0.340832,-0.259524,0.005970,-0.042629,-0.428635,0.428469,-0.079412,0.403545,0.186299
186,7.936000,0,-0.010882,0.006182,-0.066158,0.833331,0.247405,0.603855,-0.044997,0.333525,-0.264372,-0.717194,-0.036968,-0.421363,0.679823,-0.116728,0.385521,-0.256039
187,7.978700,0,-0.008090,0.007343,-0.066158,0.554768,0.312148,0.341415,0.165464,0.298530,-0.304902,-0.442595,-0.056609,-0.369462,0.847392,0.137486,-0.257878,-0.256039
188,8.021300,0,-0.006694,0.001119,-0.066158,-0.087324,0.482401,0.009186,0.062774,0.330449,-0.291595,-0.080019,-0.047481,-0.402751,0.637931,-0.182031,-0.245656,0.186299
189,8.064000,0,-0.003903,0.007983,-0.066158,-0.428568,0.436358,-0.388652,0.170569,0.327317,-0.315308,0.378379,-0.045922,-0.376306,0.637931,-0.258995,0.303956,0.186299
190,8.106700,0,-0.009765,0.002286,-0.066158,0.594914,0.460842,0.082127,0.167246,0.280731,-0.338548,-0.161091,-0.056782,-0.358003,0.512254,0.108333,-0.161658,-0.256039
191,8.149300,0,-0.010044,0.007202,-0.066158,0.115372,0.559958,-0.145419,0.269189,0.248648,-0.409494,0.094888,-0.046384,-0.382851,0.428469,-0.079412,0.390649,-0.256039
192,8.192000,0,-0.009765,0.004998,-0.066158,-0.354439,0.569061,0.566395,-0.147325,0.317044,-0.342673,-0.678593,-0.040607,-0.375690,0.428469,-0.029269,0.963587,0.186299
193,8.234700,0,-0.008369,-0.000959,-0.066158,-1.526026,0.593691,0.711763,-0.146337,0.318857,-0.328593,-0.827348,-0.045575,-0.357793,0.931176,-0.157542,0.326918,0.186299
194,8.277300,0,-0.006136,0.006783,-0.066158,-0.564416,0.705208,-0.611506,0.275860,0.262492,-0.410919,0.647852,-0.045748,-0.368039,0.805500,-0.219347,0.622337,-0.256039
195,8.320000,0,-0.007532,0.005824,-0.066158,0.572925,0.688581,-0.390778,0.170690,0.280621,-0.392914,0.380890,-0.042802,-0.367131,0.763607,-0.222845,0.319780,-0.256039
196,8.362700,0,-0.003903,0.004217,-0.066158,-1.532139,0.658887,0.149277,-0.038928,0.312320,-0.367561,-0.234945,-0.044073,-0.361436,0.805500,-0.342956,0.275117,0.186299
197,8.405300,0,-0.002507,0.006422,-0.066158,-0.379642,0.669160,-0.414603,0.172014,0.279742,-0.410511,0.409239,-0.048752,-0.353637,0.554146,-0.306806,0.300154,0.186299
198,8.448000,0,-0.006415,0.004214,-0.066158,0.035213,0.724210,-0.213448,0.066074,0.288147,-0.396008,0.173135,-0.043611,-0.365760,0.679823,-0.298643,0.891132,-0.256039
199,8.490700,0,-0.006974,0.006945,-0.066158,-0.476300,0.704850,-0.474935,0.171508,0.266997,-0.413848,0.481628,-0.043958,-0.360092,0.847392,-0.277653,1.181629,-0.256039
200,8.533300,0,-0.003624,0.004452,-0.066158,-1.650594,0.709277,0.025900,-0.038302,0.297981,-0.393573,-0.098639,-0.048290,-0.351340,1.014961,-0.367444,0.893990,0.186299
201,8.576000,0,-0.005020,0.004263,-0.066158,-0.321540,0.719585,-0.401921,0.067639,0.289796,-0.400362,0.394175,-0.045806,-0.352026,0.470362,-0.387268,0.886770,0.186299
202,8.618700,0,-0.005299,0.008882,-0.066158,-0.616832,0.634898,-0.484465,0.274053,0.243099,-0.440376,0.493031,-0.043264,-0.363626,0.805500,-0.319633,0.633734,-0.256039
203,8.661300,0,-0.006415,0.005429,-0.066158,-0.079903,0.680376,-0.151356,0.065592,0.278643,-0.405605,0.101583,-0.041358,-0.356994,0.847392,-0.220513,0.937469,-0.256039
204,8.704000,0,-0.002507,0.007821,-0.066158,-0.542364,0.631993,-0.191822,0.170063,0.266997,-0.422578,0.148134,-0.047886,-0.345154,0.973068,-0.251998,0.286465,0.186299
205,8.746700,0,-0.003903,0.005754,-0.066158,-0.423399,0.660814,0.150669,-0.040445,0.290400,-0.395600,-0.236515,-0.044998,-0.364356,0.847392,-0.199523,0.863042,0.186299
206,8.789300,0,-0.003903,0.008140,-0.066158,-0.077754,0.720972,-0.486224,0.170666,0.267931,-0.428630,0.495228,-0.040492,-0.364819,0.847392,-0.242669,0.889378,-0.256039
207,8.832000,0,-0.004182,0.009787,-0.066158,-0.490488,0.702610,-0.683567,0.276197,0.244637,-0.448089,0.736980,-0.043842,-0.352243,0.805500,-0.234506,0.630409,-0.256039
208,8.874700,0,-0.001391,0.006883,-0.066158,-1.508099,0.715541,-0.008847,-0.038470,0.284796,-0.416906,-0.059829,-0.047481,-0.344520,0.889284,-0.150546,0.896543,0.186299
209,8.917300,0,-0.003903,0.007738,-0.066158,-0.402131,0.751452,-0.366000,0.068024,0.269524,-0.439366,0.351494,-0.041820,-0.333710,0.931176,-0.261327,0.884483,0.186299
210,8.960000,0,-0.002786,0.008595,-0.066158,-0.053015,0.732682,-0.454629,0.172688,0.253812,-0.452587,0.457150,-0.043033,-0.323240,0.889284,-0.238005,0.862586,-0.256039
211,9.002700,0,-0.003624,0.005559,-0.066158,-1.631981,0.799704,0.191355,-0.037314,0.275677,-0.436988,-0.280869,-0.044362,-0.316871,0.889284,-0.267158,0.278012,-0.256039
212,9.045300,0,-0.001391,0.006167,-0.066158,-3.084035,0.780097,0.506283,-0.143086,0.281775,-0.433873,-0.616246,-0.042802,-0.323058,0.805500,-0.355783,0.282646,0.186299
213,9.088000,0,-0.002507,0.008212,-0.066158,-0.494561,0.794242,-0.370692,0.173869,0.250351,-0.464941,0.357143,-0.045806,-0.314285,0.470362,-0.241503,0.294184,0.186299
214,9.130700,0,-0.003903,0.008677,-0.066158,-0.059871,0.833800,-0.621623,0.278147,0.215081,-0.504281,0.660301,-0.045575,-0.322526,0.470362,-0.261327,0.572089,-0.256039
215,9.173300,0,-0.005020,0.008277,-0.066158,0.599571,0.858022,-0.557845,0.173965,0.236452,-0.484350,0.582053,-0.040781,-0.323131,1.056853,-0.271822,0.910232,-0.256039
216,9.216000,0,-0.002786,0.007582,-0.066158,-1.639658,0.794545,0.349699,-0.141906,0.266447,-0.460773,-0.451382,-0.040203,-0.313075,0.386577,-0.317301,0.881077,0.186299
217,9.258700,0,-0.001949,0.009253,-0.066158,-0.040303,0.866348,-0.479480,0.174711,0.230848,-0.498194,0.487068,-0.045113,-0.297214,0.763607,-0.242669,0.891382,0.186299
218,9.301300,0,-0.003903,0.011219,-0.066158,-0.608433,0.839252,-0.576758,0.277762,0.208049,-0.517115,0.605172,-0.036737,-0.321532,0.721715,-0.249666,0.594166,-0.256039
219,9.344000,0,-0.003345,0.010147,-0.066158,-0.016425,0.818106,-0.058989,0.068024,0.231288,-0.498509,-0.003340,-0.038643,-0.297424,0.805500,-0.182031,0.894908,0.186299
220,9.386700,0,0.000842,0.009816,-0.066158,-1.181758,0.858339,-0.158467,0.068650,0.228431,-0.512904,0.109847,-0.044766,-0.288421,0.889284,-0.137718,0.880768,0.186299
221,9.429300,0,-0.001949,0.008375,-0.066158,-1.656320,0.959982,0.121786,-0.036399,0.247219,-0.493603,-0.204818,-0.039047,-0.301635,0.763607,-0.190194,0.268501,-0.256039
222,9.472000,0,-0.001391,0.012652,-0.066158,-0.486503,0.893716,-0.594132,0.279544,0.202885,-0.530379,0.626512,-0.043496,-0.284900,0.805500,-0.193692,0.572806,-0.256039
223,9.514700,0,-0.003345,0.010916,-0.066158,0.625978,0.942478,-0.616198,0.175193,0.218103,-0.523747,0.653606,-0.037083,-0.305010,0.554146,-0.300975,0.881800,0.186299
224,9.557300,0,-0.001112,0.011559,-0.066158,0.052202,0.940506,-0.193068,0.070529,0.219312,-0.523432,0.149598,-0.043264,-0.273337,0.847392,-0.276487,1.472306,0.186299
225,9.600000,0,-0.002786,0.012651,-0.066158,-0.507884,0.929971,-0.548022,0.280821,0.192228,-0.545018,0.570128,-0.041994,-0.275353,0.721715,-0.281151,0.605459,-0.256039
226,9.642700,0,-0.003345,0.011556,-0.066158,0.632539,0.987330,-0.504771,0.175651,0.209533,-0.536946,0.517614,-0.036968,-0.276651,0.470362,-0.302141,0.309405,-0.256039
227,9.685300,0,0.000005,0.010125,-0.066158,-1.594125,0.987477,0.211588,-0.035821,0.227992,-0.527493,-0.302941,-0.040145,-0.273879,0.637931,-0.313803,0.274606,0.186299
228,9.728000,0,0.000005,0.011837,-0.066158,-0.165399,0.974703,-0.249881,0.071227,0.225794,-0.525523,0.215398,-0.040781,-0.271287,0.428469,-0.298643,0.289175,0.186299
229,9.770700,0,-0.000553,0.012423,-0.066158,-0.291492,1.032072,-0.246216,0.071372,0.210192,-0.552896,0.211109,-0.037950,-0.255028,0.721715,-0.295145,0.279723,-0.256039
230,9.813300,0,0.000842,0.014189,-0.066158,-0.500246,0.969075,-0.464525,0.176301,0.193656,-0.571725,0.468971,-0.037372,-0.250065,0.470362,-0.213516,0.311018,-0.256039
231,9.856000,0,0.000842,0.015134,-0.066158,-0.270072,0.941817,-0.364827,0.072335,0.208049,-0.557594,0.350134,-0.038123,-0.248736,0.679823,-0.193692,0.875482,0.186299
232,9.898700,0,0.001401,0.013432,-0.066158,-1.532442,0.950198,-0.073871,-0.032714,0.215521,-0.555603,0.013397,-0.037314,-0.246589,0.554146,-0.314969,0.869702,0.186299
233,9.941300,0,0.000563,0.016785,-0.066158,-0.421750,0.916506,-0.662601,0.283662,0.171352,-0.592988,0.710932,-0.040261,-0.228571,0.596038,-0.131888,0.581433,-0.256039
234,9.984000,0,-0.000274,0.016353,-0.066158,0.533672,0.932568,-0.689212,0.283542,0.175197,-0.595316,0.744093,-0.036737,-0.229879,0.554146,-0.248500,0.290148,-0.256039
235,10.026700,0,0.000284,0.014408,-0.066158,-0.208060,0.922734,-0.181119,0.073973,0.202666,-0.565522,0.135790,-0.039163,-0.210591,0.386577,-0.231008,0.275611,-0.256039
236,10.069300,0,0.001122,0.015668,-0.066158,-0.152036,0.860306,-0.262270,0.074671,0.202940,-0.569010,0.229834,-0.038181,-0.211303,0.512254,-0.334793,0.278871,0.186299
237,10.112000,0,0.003634,0.016365,-0.066158,-1.676311,0.876883,-0.163599,0.073997,0.191129,-0.591491,0.115705,-0.036737,-0.208506,0.721715,-0.268324,0.270266,0.186299
238,10.154700,0,-0.000274,0.017606,-0.066158,-0.105777,0.837053,-0.121154,0.073949,0.179647,-0.594363,0.067166,-0.036217,-0.198155,0.470362,-0.258995,1.470127,-0.256039
239,10.197300,0,0.000005,0.019435,-0.066158,-0.339474,0.781151,-0.553373,0.180130,0.168825,-0.605113,0.576614,-0.033271,-0.203199,0.512254,-0.241503,1.155729,-0.256039
240,10.240000,0,0.003076,0.018056,-0.066158,-1.477111,0.787792,-0.042642,-0.029824,0.197721,-0.586141,-0.021752,-0.037603,-0.182421,0.637931,-0.251998,0.866503,0.186299
241,10.282700,0,0.003913,0.018729,-0.066158,-1.714984,0.791923,-0.319670,0.075008,0.182998,-0.608408,0.296888,-0.033329,-0.195552,0.344685,-0.296311,0.296650,0.186299
242,10.325300,0,0.000842,0.021289,-0.066158,0.118335,0.705046,0.242230,-0.031703,0.185800,-0.589901,-0.336103,-0.030267,-0.191274,0.637931,-0.239171,1.455993,-0.256039
243,10.368000,0,0.002796,0.023155,-0.066158,0.505469,0.730287,-0.508583,0.286384,0.147674,-0.635379,0.522217,-0.037834,-0.165146,0.470362,-0.007113,0.312996,-0.256039
244,10.410700,0,0.004192,0.022173,-0.066158,-0.452858,0.701864,0.185637,-0.029993,0.176186,-0.612633,-0.274697,-0.032809,-0.161372,0.721715,-0.236839,0.898884,0.186299
245,10.453300,0,0.005867,0.024591,-0.066158,-0.398533,0.684914,-0.361748,0.183189,0.158496,-0.636654,0.346578,-0.035466,-0.132868,0.344685,-0.064253,0.276209,0.186299
246,10.496000,0,0.005309,0.025073,-0.066158,-0.409903,0.674183,-0.423473,0.182611,0.157727,-0.639369,0.419909,-0.033271,-0.139232,0.512254,-0.303308,0.291256,-0.256039
247,10.538700,0,0.005867,0.024727,-0.066158,-1.590650,0.669921,0.176107,-0.028307,0.170637,-0.630230,-0.264341,-0.033444,-0.126946,0.386577,-0.251998,0.857545,-0.256039
248,10.581300,0,0.006984,0.027564,-0.066158,0.045738,0.642134,-0.411597,0.183911,0.147124,-0.652740,0.405682,-0.035524,-0.122201,0.386577,-0.275321,0.886504,0.186299
249,10.624000,0,0.005030,0.025039,-0.066158,-1.355570,0.630666,0.368905,-0.132779,0.183822,-0.616873,-0.471885,-0.032289,-0.120176,0.470362,-0.292812,0.859593,0.186299
250,10.666700,0,0.005030,0.029212,-0.066158,-0.388748,0.595925,-0.299510,0.182587,0.131742,-0.663490,0.273247,-0.031249,-0.125822,0.302793,-0.170370,1.167408,-0.256039
251,10.709300,0,0.004471,0.028492,-0.066158,0.715588,0.617514,-0.416509,0.183381,0.139378,-0.665545,0.411645,-0.024779,-0.122248,0.637931,-0.220513,0.276453,-0.256039
252,10.752000,0,0.010892,0.030213,-0.066158,-1.456430,0.539982,-0.133983,0.078235,0.149597,-0.663096,0.081812,-0.030902,-0.102814,0.763607,-0.184363,0.268251,0.186299
253,10.794700,0,0.009217,0.029529,-0.066158,-1.347795,0.547850,0.171122,-0.027248,0.162287,-0.648901,-0.258901,-0.028592,-0.104494,0.721715,-0.296311,0.255621,0.186299
254,10.837300,0,0.006705,0.033607,-0.066158,-0.423168,0.529685,-0.530502,0.289177,0.106197,-0.698834,0.548787,-0.027321,-0.095337,0.470362,-0.236839,0.614786,-0.256039
255,10.880000,0,0.009217,0.033896,-0.066158,-0.093749,0.502982,-0.104147,0.183092,0.118447,-0.687847,0.047814,-0.034426,-0.078428,0.428469,-0.117894,0.937420,-0.256039
256,10.922700,0,0.009217,0.032365,-0.066158,-1.582074,0.509800,0.214887,-0.028114,0.150640,-0.663167,-0.306498,-0.027898,-0.099798,0.470362,-0.295145,0.865748,0.186299
257,10.965300,0,0.010333,0.031756,-0.066158,-2.989890,0.562015,0.857278,-0.238575,0.155365,-0.669413,-0.973382,-0.027956,-0.076092,0.596038,-0.263659,0.854617,0.186299
258,11.008000,0,0.008938,0.033832,-0.066158,0.650090,0.538127,-0.556966,0.290237,0.109987,-0.706275,0.581007,-0.030440,-0.070352,0.596038,-0.187862,0.289534,-0.256039
259,11.050700,0,0.008659,0.033249,-0.066158,-0.299989,0.485023,-0.048433,0.078260,0.130753,-0.686723,-0.015266,-0.025877,-0.081592,0.763607,-0.284650,0.304163,-0.256039
260,11.093300,0,0.009496,0.034072,-0.066158,-0.207670,0.492356,-0.035898,0.079777,0.139159,-0.673738,-0.029388,-0.027494,-0.066208,0.679823,-0.332461,0.281532,-0.256039
261,11.136000,0,0.011450,0.033488,-0.066158,-1.342498,0.471100,0.276098,-0.026453,0.144433,-0.677921,-0.372611,-0.025934,-0.077295,0.679823,-0.391933,0.249928,0.186299
262,11.178700,0,0.010613,0.036405,-0.066158,0.233249,0.460313,-0.055617,0.079464,0.131742,-0.684725,-0.007211,-0.025010,-0.068793,0.512254,-0.402428,0.849381,0.186299
263,11.221300,0,0.007821,0.036466,-0.066158,-0.115988,0.496163,-0.130611,0.078958,0.118887,-0.698998,0.077941,-0.022642,-0.074516,0.637931,-0.321965,1.139356,-0.256039
264,11.264000,0,0.010333,0.037465,-0.066158,-0.220259,0.491746,0.192674,-0.026332,0.122787,-0.706955,-0.282438,-0.024144,-0.051519,0.679823,-0.345288,0.857409,-0.256039
265,11.306700,0,0.011450,0.038413,-0.066158,0.286039,0.387703,0.083373,-0.026814,0.127897,-0.694988,-0.162451,-0.024144,-0.070343,0.386577,-0.360447,1.425442,0.186299
266,11.349300,0,0.009775,0.039366,-0.066158,0.781535,0.433574,-0.080762,0.079753,0.109822,-0.713523,0.021243,-0.024664,-0.051357,0.260901,-0.264826,0.906065,0.186299
267,11.392000,0,0.010892,0.041622,-0.066158,0.592715,0.420548,-0.562244,0.395286,0.070927,-0.745536,0.587493,-0.027956,-0.043609,0.177116,-0.189028,0.000900,-0.256039
268,11.434700,0,0.011729,0.040088,-0.066158,0.088931,0.470046,0.055736,0.077537,0.098341,-0.736305,-0.131905,-0.019696,-0.062338,0.679823,-0.212350,0.938267,-0.256039
269,11.477300,0,0.014521,0.041280,-0.066158,-0.422224,0.447049,-0.085307,0.184104,0.090430,-0.744763,0.026473,-0.029285,-0.029546,0.344685,-0.014109,0.284998,0.186299
270,11.520000,0,0.016195,0.042523,-0.066158,-1.212755,0.462562,0.009700,0.079680,0.094110,-0.757267,-0.080542,-0.028765,-0.037301,0.344685,-0.292812,0.874331,0.186299
271,11.562700,0,0.011171,0.039828,-0.066158,0.240889,0.440756,0.323308,-0.026862,0.113228,-0.717942,-0.423242,-0.019291,-0.050459,0.470362,-0.137718,1.416800,-0.256039
272,11.605300,0,0.012846,0.040266,-0.066158,-0.243657,0.469259,-0.215427,0.080499,0.105482,-0.734306,0.175437,-0.022353,-0.033415,0.302793,-0.251998,0.851689,-0.256039
273,11.648000,0,0.012287,0.039173,-0.066158,-0.097908,0.527254,0.008160,-0.024309,0.109273,-0.733955,-0.078764,-0.022873,-0.027826,0.260901,-0.359281,0.847941,0.186299
274,11.690700,0,0.011450,0.039509,-0.066158,0.109880,0.439061,0.382467,-0.129792,0.128776,-0.704936,-0.486217,-0.022815,-0.019568,0.302793,-0.353451,0.846692,0.186299
275,11.733300,0,0.013683,0.041911,-0.066158,0.119632,0.476894,-0.075264,0.081125,0.092847,-0.749454,0.014966,-0.022180,-0.012519,0.302793,-0.260161,1.429777,-0.256039
276,11.776000,0,0.014241,0.044059,-0.066158,-0.193345,0.445214,-0.566129,0.292958,0.074608,-0.763133,0.592200,-0.022411,-0.003531,0.302793,-0.245001,0.545325,-0.256039
277,11.818700,0,0.014241,0.041944,-0.066158,0.302804,0.486471,-0.065074,0.081414,0.097681,-0.744398,0.003459,-0.022353,-0.012270,0.596038,-0.272988,0.821595,-0.256039
278,11.861300,0,0.017033,0.044552,-0.066158,-0.298351,0.535439,-0.465991,0.189715,0.083508,-0.776411,0.470854,-0.025530,0.005744,0.470362,-0.272988,0.281272,0.186299
279,11.904000,0,0.013962,0.041117,-0.066158,-0.109310,0.586963,-0.190576,0.083100,0.095319,-0.755964,0.146669,-0.022584,-0.003554,0.596038,-0.339457,0.267892,0.186299
280,11.946700,0,0.015358,0.043086,-0.066158,-0.252935,0.531465,-0.408298,0.189498,0.087188,-0.761951,0.401707,-0.025472,0.020208,0.512254,-0.304474,0.278561,-0.256039
281,11.989300,0,0.011450,0.042691,-0.066158,0.131986,0.492896,0.327706,-0.023587,0.093012,-0.749067,-0.427950,-0.019638,0.017286,0.344685,-0.271822,1.459643,-0.256039
282,12.032000,0,0.010892,0.044314,-0.066158,-0.045654,0.491680,0.105146,-0.022551,0.090594,-0.751717,-0.186511,-0.015305,0.012960,0.721715,-0.310304,1.141371,0.186299
283,12.074700,0,0.015079,0.043973,-0.066158,0.288012,0.469284,-0.272167,0.084690,0.093067,-0.752712,0.241236,-0.022988,0.026941,0.637931,-0.270656,1.406902,0.186299
284,12.117300,0,0.014241,0.043745,-0.066158,0.248654,0.494212,-0.079002,0.084280,0.089276,-0.757984,0.019255,-0.023277,0.038774,0.596038,-0.386102,0.831612,-0.256039
285,12.160000,0,0.011729,0.045388,-0.066158,-0.207792,0.496804,-0.129877,0.187644,0.062632,-0.775673,0.077104,-0.019176,0.019973,0.470362,-0.324298,0.576777,-0.256039
286,12.202700,0,0.015916,0.045266,-0.066158,0.253080,0.491665,-0.008554,0.082643,0.082464,-0.766929,-0.060143,-0.019811,0.021910,0.344685,-0.362780,0.840629,-0.256039
287,12.245300,0,0.019824,0.046230,-0.066158,-2.680389,0.430322,0.687718,-0.129816,0.104548,-0.748007,-0.802869,-0.019464,0.022083,0.763607,-0.390767,0.279973,0.186299
288,12.288000,0,0.018429,0.046778,-0.066158,-0.838059,0.465693,0.258065,-0.024815,0.084167,-0.775623,-0.353259,-0.015247,0.011528,0.596038,-0.377939,0.843248,0.186299
289,12.330700,0,0.015637,0.050065,-0.066158,-0.192556,0.429157,-0.059576,0.080836,0.060489,-0.792934,-0.002713,-0.015421,0.009734,0.470362,-0.327796,1.141230,-0.256039
290,12.373300,0,0.018429,0.049943,-0.066158,0.222502,0.466132,-0.092564,0.081944,0.069883,-0.788178,0.034633,-0.018656,0.024673,0.637931,-0.299809,1.420325,-0.256039
291,12.416000,0,0.021220,0.050348,-0.066158,-1.336414,0.443232,0.115775,-0.024358,0.078179,-0.788751,-0.198228,-0.018251,0.019059,0.512254,-0.398929,0.858273,0.186299
292,12.458700,0,0.021778,0.050601,-0.066158,-1.316304,0.456939,0.155361,-0.024261,0.070927,-0.800239,-0.241640,-0.019753,0.031184,0.805500,-0.422252,0.848164,0.186299
293,12.501300,0,0.020941,0.053442,-0.066158,0.726000,0.426433,-0.557332,0.292621,0.044722,-0.818158,0.581530,-0.018194,0.023107,0.344685,-0.351119,0.316706,-0.256039
294,12.544000,0,0.019824,0.052787,-0.066158,0.839494,0.453424,-0.274366,0.185982,0.049007,-0.816518,0.243851,-0.013226,0.024483,0.512254,-0.402428,0.298595,-0.256039
295,12.586700,0,0.024570,0.056428,-0.066158,-0.262286,0.413674,-0.305009,0.187090,0.043349,-0.836392,0.279732,-0.018194,0.048787,0.512254,-0.296311,0.327722,0.186299
296,12.629300,0,0.022616,0.053401,-0.066158,0.371935,0.461866,-0.002543,0.079897,0.049776,-0.825327,-0.066838,-0.012706,0.019029,0.470362,-0.302141,0.820378,0.186299
297,12.672000,0,0.021499,0.054745,-0.066158,-0.183625,0.452602,-0.548169,0.292404,0.033240,-0.832610,0.570232,-0.013630,0.030340,0.470362,-0.297477,0.595812,-0.256039
298,12.714700,0,0.018987,0.052224,-0.066158,0.205687,0.484116,0.469189,-0.027344,0.049941,-0.817979,-0.577541,-0.015941,0.020651,0.596038,-0.282317,1.453049,-0.256039
299,12.757300,0,0.022616,0.058446,-0.066158,-0.423692,0.407517,-0.429044,0.186223,0.024341,-0.858658,0.426499,-0.012995,0.013385,0.344685,-0.245001,1.134706,-0.256039
300,12.800000,0,0.025128,0.059253,-0.066158,0.419729,0.424255,-0.624995,0.396033,0.007035,-0.875818,0.664381,-0.019291,0.028229,0.637931,-0.227510,0.349201,0.186299
301,12.842700,0,0.023174,0.053257,-0.066158,-1.280538,0.475573,0.253666,-0.025514,0.058456,-0.822154,-0.348551,-0.012359,0.026381,0.596038,-0.267158,0.316804,0.186299
302,12.885300,0,0.027920,0.060503,-0.066158,-0.005437,0.449727,-0.520972,0.290935,0.016100,-0.875968,0.537280,-0.013457,0.032304,0.428469,-0.295145,0.833763,-0.256039
303,12.928000,0,0.021778,0.055856,-0.066158,-0.135675,0.478276,-0.129511,0.185019,0.024450,-0.848359,0.076686,-0.014728,0.034678,0.512254,-0.226344,0.537997,-0.256039
304,12.970700,0,0.025128,0.055115,-0.066158,-0.186352,0.487096,0.317223,-0.026164,0.041041,-0.844607,-0.416756,-0.010222,0.032149,0.596038,-0.227510,0.824871,0.186299
305,13.013300,0,0.027640,0.058865,-0.066158,-1.531815,0.507586,0.014611,0.081968,0.029175,-0.870311,-0.086086,-0.016461,0.064552,0.344685,-0.159875,0.274753,0.186299
306,13.056000,0,0.024012,0.055907,-0.066158,-0.152832,0.557744,-0.027834,0.081101,0.027857,-0.861766,-0.038489,-0.015132,0.051285,0.512254,-0.169204,0.894028,-0.256039
307,13.098700,0,0.024012,0.060598,-0.066158,-0.378557,0.520542,-0.470830,0.188053,0.001487,-0.897404,0.476607,-0.012821,0.061306,0.679823,-0.260161,1.177680,-0.256039
308,13.141300,0,0.020941,0.054533,-0.066158,0.061348,0.547724,0.610746,-0.130322,0.041261,-0.848961,-0.724308,-0.011781,0.058089,0.512254,-0.275321,0.863064,-0.256039
309,13.184000,0,0.024570,0.054431,-0.066158,-1.325341,0.551934,0.181092,-0.022551,0.035493,-0.860391,-0.269780,-0.013514,0.078480,0.051439,-0.241503,0.838473,0.186299
310,13.226700,0,0.025407,0.055827,-0.066158,-1.603128,0.599823,-0.085600,0.083606,0.021429,-0.886188,0.026682,-0.012879,0.077982,0.009547,-0.255497,0.257093,0.186299
311,13.269300,0,0.019824,0.053890,-0.066158,0.066297,0.567502,0.109177,0.082522,0.020605,-0.867381,-0.190905,-0.010973,0.086969,0.428469,-0.255497,0.884108,-0.256039
312,13.312000,0,0.019545,0.053351,-0.066158,-0.166358,0.554068,-0.216380,0.190124,0.007640,-0.876613,0.176483,-0.017154,0.102471,0.177116,-0.066585,1.108235,-0.256039
313,13.354700,0,0.025128,0.056599,-0.066158,-1.047355,0.572566,-0.107519,0.085195,0.021978,-0.885308,0.051579,-0.013399,0.090244,0.386577,-0.235672,0.828956,0.186299
314,13.397300,0,0.022895,0.055059,-0.066158,-0.228997,0.568254,-0.102167,0.086664,0.021814,-0.882350,0.045512,-0.017558,0.115474,0.219008,-0.260161,0.817716,0.186299
315,13.440000,0,0.018149,0.050912,-0.066158,0.349561,0.539907,0.108591,-0.019902,0.039283,-0.849512,-0.190277,-0.011262,0.105254,0.386577,-0.232174,1.410058,-0.256039
316,13.482700,0,0.015637,0.051224,-0.066158,-0.206672,0.556836,-0.073358,0.085725,0.022528,-0.860556,0.012874,-0.011608,0.115814,-0.074237,-0.263659,1.090993,-0.256039
317,13.525300,0,0.016475,0.050050,-0.066158,0.633835,0.573539,0.339216,-0.125072,0.045436,-0.842429,-0.440293,-0.011435,0.107647,0.428469,-0.282317,1.389666,-0.256039
318,13.568000,0,0.017591,0.049475,-0.066158,-0.032420,0.611730,0.028246,-0.018337,0.039778,-0.854239,-0.101255,-0.012186,0.113713,0.177116,-0.271822,0.815163,0.186299
319,13.610700,0,0.019545,0.050330,-0.066158,-1.214763,0.566544,0.505477,-0.124928,0.047579,-0.847636,-0.615409,-0.012244,0.127316,0.428469,-0.309138,0.822290,0.186299
320,13.653300,0,0.019266,0.050675,-0.066158,0.331510,0.628765,-0.132590,0.087363,0.024890,-0.871077,0.080242,-0.011781,0.135662,0.428469,-0.249666,0.784656,-0.256039
321,13.696000,0,0.018987,0.051204,-0.066158,0.254072,0.625084,-0.085820,0.088158,0.023956,-0.870755,0.026996,-0.012186,0.148068,0.177116,-0.303308,0.766431,-0.256039
322,13.738700,0,0.022337,0.053592,-0.066158,-0.329103,0.641237,-0.421714,0.195471,0.007969,-0.901744,0.417817,-0.017731,0.152989,0.637931,-0.169204,0.236309,0.186299
323,13.781300,0,0.018708,0.049693,-0.066158,0.307866,0.735809,-0.267402,0.089916,0.021868,-0.881569,0.235692,-0.010626,0.147005,0.260901,-0.255497,0.767909,0.186299
324,13.824000,0,0.020383,0.053174,-0.066158,-0.419897,0.787349,-0.519139,0.197494,0.004563,-0.913110,0.534979,-0.014612,0.180110,0.177116,-0.196024,0.233322,-0.256039
325,13.866700,0,0.021220,0.053243,-0.066158,-0.446306,0.765593,-0.782312,0.305024,0.003300,-0.911950,0.861046,-0.017616,0.186195,0.135224,-0.185529,0.228878,-0.256039
326,13.909300,0,0.016475,0.049958,-0.066158,0.008472,0.902602,-0.324875,0.093191,0.010442,-0.904702,0.303060,-0.015363,0.188945,0.344685,-0.206519,1.344264,-0.256039
327,13.952000,0,0.013962,0.041509,-0.066158,-1.234610,0.959160,0.269207,-0.119172,0.031702,-0.878124,-0.365289,-0.016692,0.188258,0.386577,-0.254330,0.221713,0.186299
328,13.994700,0,0.016475,0.048204,-0.066158,-0.328395,1.006479,-0.356983,0.094780,0.019726,-0.894045,0.340929,-0.015594,0.194242,0.093332,-0.235672,0.764856,0.186299
329,14.037300,0,0.008100,0.030873,-0.066158,0.392079,1.081267,0.504890,-0.119918,-0.033288,-1.006694,-0.614782,-0.012763,0.188128,0.470362,-0.269490,0.774112,-0.256039
330,14.080000,0,0.005030,0.029599,-0.066158,0.253554,1.149575,-0.303616,0.095864,-0.045539,-1.009960,0.278059,-0.013514,0.210834,0.386577,-0.283483,0.471806,-0.256039
331,14.122700,0,0.010613,0.031358,-0.066158,-1.291357,1.230062,-0.009434,-0.010197,-0.037079,-1.024971,-0.059202,-0.014323,0.220171,0.177116,-0.274154,0.179070,0.186299
332,14.165300,0,0.006705,0.026012,-0.066158,-0.955381,1.293922,0.370591,-0.115800,-0.012083,-0.982738,-0.473559,-0.014150,0.229365,0.135224,-0.286982,0.152583,0.186299
333,14.208000,0,0.004192,0.026734,-0.066158,0.365890,1.296211,0.291053,-0.115656,-0.019444,-0.991984,-0.388721,-0.011666,0.229052,-0.199914,-0.313803,0.728384,-0.256039
334,14.250700,0,0.001122,0.024015,-0.066158,0.220197,1.446212,0.280203,-0.113705,-0.013950,-0.980811,-0.377109,-0.019522,0.257646,-0.116129,-0.249666,0.726977,-0.256039
335,14.293300,0,0.000842,0.023725,-0.066158,0.655830,1.407824,0.190549,-0.113633,-0.009885,-0.970355,-0.280032,-0.017096,0.250070,0.093332,-0.312636,1.299497,-0.256039
336,14.336000,0,-0.005578,0.013065,-0.066158,0.961692,1.497878,1.118179,-0.326574,0.004893,-0.955702,-1.228211,-0.016403,0.258836,0.386577,-0.285816,0.178815,0.186299
337,14.378700,0,-0.004740,0.011152,-0.066158,-0.408045,1.498321,1.158791,-0.325996,0.011650,-0.950853,-1.267125,-0.020735,0.264623,0.302793,-0.269490,0.178506,0.186299
338,14.421300,0,-0.005578,0.011717,-0.066158,0.987538,1.558152,0.238198,-0.112067,-0.008896,-0.968321,-0.331709,-0.016518,0.253842,0.386577,-0.295145,0.177571,-0.256039
339,14.464000,0,-0.004740,0.009903,-0.066158,-0.439194,1.558989,0.731043,-0.217863,0.007530,-0.954792,-0.846805,-0.021429,0.282564,0.009547,-0.253164,-0.390076,-0.256039
340,14.506700,0,-0.008090,0.008100,-0.066158,0.703002,1.577129,0.239518,-0.109322,0.008739,-0.945840,-0.333174,-0.021082,0.283283,0.093332,-0.291646,-0.400403,-0.256039
341,14.549300,0,-0.006974,0.006627,-0.066158,-0.537454,1.511242,0.663600,-0.215720,0.019012,-0.938950,-0.778391,-0.023450,0.293921,-0.158022,-0.317301,-0.383003,0.186299
342,14.592000,0,-0.008648,0.004634,-0.066158,0.011060,1.598002,0.583989,-0.214444,0.025329,-0.927068,-0.696795,-0.025877,0.304507,0.386577,-0.256663,0.145494,0.186299
343,14.634700,0,-0.016465,0.004441,-0.066158,1.553233,1.613666,-0.248049,0.000978,0.000223,-0.931437,0.213201,-0.021486,0.299724,0.177116,-0.291646,-0.116256,-0.256039
344,14.677300,0,-0.017860,0.000362,-0.066158,1.720463,1.610115,0.519625,-0.212710,0.033625,-0.899739,-0.630159,-0.025877,0.317887,0.051439,-0.285816,0.146716,-0.256039
345,14.720000,0,-0.012557,0.004425,-0.066158,-1.138376,1.499950,-0.285362,0.003940,0.009672,-0.935376,0.256718,-0.028303,0.339154,0.344685,-0.221679,0.437208,-0.256039
346,14.762700,0,-0.018419,-0.002346,-0.066158,1.621300,1.598663,-0.013172,-0.102531,0.043459,-0.884634,-0.054913,-0.027725,0.320486,0.135224,-0.233340,0.142675,0.186299
347,14.805300,0,-0.017860,-0.005807,-0.066158,-0.453666,1.584693,0.752742,-0.317398,0.078014,-0.855894,-0.868773,-0.024779,0.319916,0.260901,-0.356949,0.124211,0.186299
348,14.848000,0,-0.020373,-0.007913,-0.066158,0.932289,1.556392,0.070398,-0.100821,0.060764,-0.862533,-0.148120,-0.030671,0.341887,0.219008,-0.270656,0.128225,-0.256039
349,14.890700,0,-0.024281,-0.010095,-0.066158,0.443120,1.653829,-0.160886,0.005433,0.047524,-0.866300,0.112567,-0.026570,0.315240,0.009547,-0.310304,-0.154759,-0.256039
350,14.933300,0,-0.024560,-0.010711,-0.066158,0.674994,1.509103,0.264222,-0.101856,0.065488,-0.848811,-0.359849,-0.022699,0.316357,0.135224,-0.254330,0.131229,-0.256039
351,14.976000,0,-0.024002,-0.014076,-0.066158,-0.461966,1.549912,0.574825,-0.205918,0.081750,-0.836213,-0.687381,-0.036852,0.361899,0.093332,-0.141217,0.676251,0.186299
352,15.018700,0,-0.026235,-0.017544,-0.066158,0.229896,1.617912,0.485464,-0.205629,0.087793,-0.825026,-0.594592,-0.034946,0.357648,-0.158022,-0.257829,0.146434,0.186299
353,15.061300,0,-0.036284,-0.017076,-0.066158,1.424398,1.540002,0.233213,-0.098027,0.065104,-0.809914,-0.326374,-0.027321,0.361575,0.219008,-0.251998,-0.162690,-0.256039
354,15.104000,0,-0.032934,-0.019439,-0.066158,0.839448,1.532962,-0.395103,0.120645,0.067521,-0.817177,0.386120,-0.046557,0.402135,0.219008,-0.110897,-0.376202,-0.256039
355,15.146700,0,-0.035726,-0.020170,-0.066158,0.558999,1.570901,-0.221365,0.117804,0.069004,-0.819031,0.182236,-0.036621,0.357273,0.051439,-0.268324,-0.461189,-0.256039
356,15.189300,0,-0.037121,-0.026161,-0.066158,0.897400,1.543931,0.443312,-0.204257,0.119876,-0.759595,-0.550447,-0.028418,0.348897,0.009547,-0.265992,0.704292,0.186299
357,15.232000,0,-0.037959,-0.030672,-0.066158,-1.045147,1.620050,1.024712,-0.310751,0.150421,-0.725562,-1.137828,-0.038643,0.378353,0.051439,-0.186695,0.111021,0.186299
358,15.274700,0,-0.040750,-0.029991,-0.066158,-0.202785,1.539881,0.588167,-0.203341,0.114272,-0.742557,-0.701084,-0.030787,0.344056,-0.283698,-0.288148,1.010238,-0.256039
359,15.317300,0,-0.043263,-0.032474,-0.066158,0.479711,1.480182,0.623794,-0.202523,0.143663,-0.706060,-0.737698,-0.030498,0.350979,-0.158022,-0.161041,0.703782,-0.256039
360,15.360000,0,-0.045496,-0.049750,-0.066158,1.594305,1.636869,0.456581,-0.198886,0.040327,-0.970290,-0.564360,-0.045344,0.396666,-0.032345,-0.203021,-0.434207,-0.256039
361,15.402700,0,-0.046891,-0.054777,-0.066158,-0.194830,1.545232,0.825096,-0.306657,0.081585,-0.926166,-0.941267,-0.044478,0.377599,-0.032345,-0.299809,-0.965947,0.186299
362,15.445300,0,-0.050520,-0.054852,-0.066158,1.573422,1.632592,1.244414,-0.414669,0.091419,-0.909730,-1.348511,-0.037834,0.383486,0.177116,-0.325464,-0.467322,0.186299
363,15.488000,0,-0.053312,-0.054059,-0.066158,1.081867,1.643682,0.266715,-0.088731,0.019122,-0.954706,-0.362569,-0.054356,0.436178,0.219008,-0.012943,-0.111030,-0.256039
364,15.530700,0,-0.055545,-0.056381,-0.066158,1.775258,1.619364,0.483704,-0.198453,0.060544,-0.912823,-0.592709,-0.037083,0.383224,-0.074237,-0.226344,-0.370004,-0.256039
365,15.573300,0,-0.058616,-0.056860,-0.066158,1.819536,1.673774,0.007060,-0.086636,0.040986,-0.913189,-0.077613,-0.045402,0.411497,0.386577,-0.239171,-0.690617,-0.256039
366,15.616000,0,-0.051358,-0.059438,-0.066158,1.829314,1.685292,-0.553080,0.023230,0.075816,-0.907703,0.576300,-0.049330,0.414027,0.470362,-0.221679,-1.011610,0.186299
367,15.658700,0,-0.055545,-0.065180,-0.066158,0.088596,1.641942,1.051982,-0.410454,0.150311,-0.826322,-1.164399,-0.044304,0.405008,0.260901,-0.284650,-0.483347,0.186299
368,15.701300,0,-0.058616,-0.064791,-0.066158,1.274556,1.668827,0.533626,-0.192769,0.101197,-0.854440,-0.644700,-0.056493,0.457454,-0.116129,-0.135386,-0.448684,-0.256039
369,15.744000,0,-0.058616,-0.067098,-0.066158,1.282306,1.749142,0.786097,-0.301527,0.133610,-0.826508,-0.902248,-0.046268,0.435561,0.177116,-0.217015,-0.393645,-0.256039
370,15.786700,0,-0.058336,-0.069440,-0.066158,-0.423198,1.730372,0.967972,-0.301648,0.144927,-0.814111,-1.082490,-0.046557,0.433832,0.596038,-0.258995,-1.025283,-0.256039
371,15.829300,0,-0.060290,-0.070979,-0.066158,0.665062,1.631806,0.565002,-0.299167,0.155255,-0.792396,-0.677129,-0.047250,0.433043,0.009547,-0.265992,-0.458353,0.186299
372,15.872000,0,-0.063640,-0.070627,-0.066158,1.466705,1.762012,0.035870,-0.080519,0.111086,-0.821058,-0.109833,-0.059844,0.462768,-0.158022,-0.082911,-0.471912,0.186299
373,15.914700,0,-0.066711,-0.075142,-0.066158,1.218339,1.873226,-0.159274,-0.079580,0.135313,-0.775036,0.110684,-0.055396,0.451317,0.177116,-0.257829,-0.706827,-0.256039
374,15.957300,0,-0.070340,-0.078278,-0.066158,1.550446,1.826981,1.397699,-0.408142,0.178933,-0.724473,-1.492035,-0.043207,0.427571,0.009547,-0.172702,0.125395,-0.256039
375,16.000000,0,-0.072852,-0.079043,-0.066158,2.131784,1.915406,0.066953,-0.185978,0.160584,-0.727395,-0.144354,-0.054587,0.478681,0.009547,-0.123725,-0.696527,-0.256039
376,16.042700,0,-0.068106,-0.082840,-0.066158,1.132853,1.745773,-0.164992,-0.183882,0.215026,-0.693656,0.117274,-0.056262,0.483192,0.009547,-0.238005,-1.007737,0.186299
377,16.085300,0,-0.071177,-0.084584,-0.066158,1.568819,1.854733,0.385473,-0.292159,0.228706,-0.666569,-0.489460,-0.056609,0.489603,-0.032345,-0.228676,0.030897,0.186299
378,16.128000,0,-0.073410,-0.087514,-0.066158,0.079310,1.863740,0.105805,-0.181378,0.214093,-0.661012,-0.187244,-0.068104,0.526368,-0.158022,-0.045595,-0.219234,-0.256039
379,16.170700,0,-0.076202,-0.090829,-0.066158,-0.159121,1.869353,0.433929,-0.291533,0.234969,-0.625961,-0.540614,-0.056147,0.493118,-0.116129,-0.173868,-0.113909,-0.256039
380,16.213300,0,-0.080389,-0.093649,-0.066158,1.885505,1.882036,0.141653,-0.180583,0.241176,-0.601776,-0.226681,-0.060595,0.514419,-0.241806,-0.022272,-0.480429,-0.256039
381,16.256000,0,-0.082622,-0.096779,-0.066158,0.665685,1.777802,1.088562,-0.289895,0.252603,-0.579015,-1.199757,-0.067353,0.552268,-0.325591,-0.098070,-0.473123,0.186299
382,16.298700,0,-0.080947,-0.102956,-0.066158,-1.824511,1.607654,0.792401,-0.396342,0.321439,-0.504768,-0.908629,-0.058977,0.518048,-0.576944,0.044197,-0.378973,0.186299
383,16.341300,0,-0.087926,-0.105947,-0.066158,1.247403,1.709186,0.287094,-0.285801,0.330229,-0.462062,-0.384537,-0.054125,0.531813,0.051439,-0.136552,-0.001327,-0.256039
384,16.384000,0,-0.090717,-0.110310,-0.066158,1.707004,1.346717,0.669098,-0.392922,0.352424,-0.417572,-0.783935,-0.060306,0.565710,-0.032345,-0.067751,0.017599,-0.256039
385,16.426700,0,-0.095184,-0.114208,-0.066158,1.285076,1.146403,0.943121,-0.393813,0.355775,-0.376177,-1.058116,-0.051467,0.536423,-0.283698,-0.158708,0.081753,-0.256039
386,16.469300,0,-0.100767,-0.116558,-0.066158,1.752234,1.302959,-0.137941,-0.169481,0.330943,-0.362426,0.086310,-0.060768,0.594271,-0.158022,-0.021106,-0.778754,0.186299
387,16.512000,0,-0.097696,-0.124200,-0.066158,1.138122,1.134940,-0.397376,-0.165122,0.420985,-0.283051,0.388735,-0.075267,0.640564,-0.032345,0.081513,-0.566084,0.186299
388,16.554700,0,-0.103279,-0.129088,-0.066158,0.310044,0.980149,-0.021309,-0.274314,0.423237,-0.229802,-0.045812,-0.071166,0.630840,0.051439,0.065187,0.335697,-0.256039
389,16.597300,0,-0.109420,-0.134986,-0.066158,1.593901,0.953128,-0.112724,-0.163821,0.446036,-0.170394,0.057542,-0.069895,0.656942,-0.618836,0.092008,-0.593419,-0.256039
390,16.640000,0,-0.115561,-0.141412,-0.066158,1.212414,0.800450,-0.433956,-0.052005,0.452738,-0.111860,0.432357,-0.073650,0.686492,-0.451267,0.073350,-1.130999,-0.256039
391,16.682700,0,-0.120586,-0.151573,-0.066158,1.092454,0.719076,-0.506530,-0.048898,0.492732,0.004592,0.519706,-0.070415,0.681842,-0.786405,0.101337,-1.032209,-0.256039
392,16.725300,0,-0.127006,-0.159971,-0.066158,1.237182,0.709953,-0.428311,-0.155537,0.570303,0.155385,0.425662,-0.067758,0.702452,-0.116129,0.163141,-0.576829,0.186299
393,16.768000,0,-0.131193,-0.170912,-0.066158,0.904197,0.793325,0.102726,-0.371608,0.669189,0.331131,-0.183791,-0.075672,0.734474,-1.079651,0.282085,-0.044410,0.186299
394,16.810700,0,-0.142917,-0.174902,-0.066158,0.862053,0.624630,-0.266742,-0.150985,0.534759,0.325946,0.234960,-0.065043,0.740089,-0.995866,0.303076,-0.896953,-0.256039
395,16.853300,0,-0.145709,-0.166044,-0.066158,-0.064073,0.428995,-0.502718,-0.142821,0.921295,1.487202,0.515103,-0.084395,0.844864,-0.912082,0.431349,0.145157,-0.256039
396,16.896000,0,-0.152688,-0.179811,-0.066158,0.086618,0.210591,-1.285493,0.086857,1.046935,1.914422,1.526361,-0.087918,0.915001,-0.953974,0.339225,-0.413076,-0.256039
397,16.938700,0,-0.160504,-0.218450,-0.066158,0.749884,0.135637,-1.003847,-0.241705,0.797907,1.069850,1.146839,-0.079196,0.935179,-0.451267,0.294913,-0.475687,0.186299
398,16.981300,0,-0.168878,-0.228527,-0.066158,0.131265,0.179864,-1.326472,-0.124301,0.740443,1.192089,1.583373,-0.091731,1.011117,-1.331004,0.384704,-0.482727,0.186299
399,17.024000,0,-0.171111,-0.245680,-0.066158,1.082438,-0.079762,-2.155430,-0.003405,0.947060,1.579447,2.835861,-0.086359,1.076951,-0.912082,0.396365,-1.060196,-0.256039
400,17.066700,0,-0.178927,-0.253015,-0.066158,0.631105,-0.512364,-2.011015,-0.001262,0.854492,1.661794,2.602268,-0.087225,1.127571,-1.289112,0.340391,-1.026761,-0.256039
401,17.109300,0,-0.185068,-0.279307,-0.066158,-0.404758,-0.729976,-1.381379,-0.336857,1.019961,2.142464,1.660157,-0.082719,1.167652,-1.247219,0.306574,-0.859390,-0.256039
402,17.152000,0,-0.198467,-0.279762,-0.066158,0.199775,-0.873844,-0.873066,-0.339626,0.561843,1.972025,0.976849,-0.080813,1.207399,-0.660728,0.291414,-0.788657,-0.256039
403,17.194700,0,-0.201817,-0.302356,-0.066158,1.146990,-1.287958,-1.844241,-0.214588,0.442190,2.232539,2.341059,-0.095717,1.319174,-0.870189,0.268092,-1.139120,-0.256039
404,17.237300,0,-0.209354,-0.305893,-0.066158,0.846934,-1.354667,-1.170327,-0.331173,-0.008292,1.935127,1.368924,-0.087341,1.295564,-0.828297,0.089675,-1.161740,0.186299
405,17.280000,0,-0.206842,-0.321702,-0.066158,0.692086,-1.133752,-1.560029,-0.435862,0.306057,2.486771,1.915822,-0.100396,1.368724,-0.870189,0.107167,-0.700819,0.186299
406,17.322700,0,-0.204609,-0.327045,-0.066158,1.089071,-1.005830,-2.042610,-0.435115,0.584752,2.877051,2.652690,-0.088438,1.350693,-1.121543,-0.116728,-0.744754,-0.256039
407,17.365300,0,-0.204050,-0.322190,-0.066158,1.322625,-0.410222,-1.920187,-0.434224,0.762472,2.953933,2.458849,-0.093637,1.410019,-0.618836,-0.120226,-0.946685,-0.256039
408,17.408000,0,-0.211587,-0.314667,-0.066158,1.139096,-0.179765,-1.268926,-0.440678,0.141851,2.397878,1.503557,-0.087861,1.333012,-0.912082,-0.192526,-1.149620,-0.256039
409,17.450700,0,-0.216333,-0.299917,-0.066158,0.588769,-0.167304,-1.057727,-0.332618,-0.369831,1.625791,1.217973,-0.083644,1.394517,-0.870189,-0.225177,-1.164999,-0.256039
410,17.493300,0,-0.211029,-0.304202,-0.066158,0.349535,-0.526873,-0.931639,-0.441088,-0.010434,1.983806,1.052481,-0.092078,1.425217,-1.079651,-0.268324,-0.682420,-0.256039
411,17.536000,0,-0.205446,-0.315591,-0.066158,1.132041,-0.085097,-2.118337,-0.322383,0.598815,2.769658,2.775187,-0.088496,1.350229,-1.247219,-0.306806,-1.220614,0.186299
412,17.578700,0,-0.204050,-0.321555,-0.066158,0.852077,-0.043311,-1.419645,-0.549460,0.807081,2.994448,1.714135,-0.090691,1.410266,-1.205327,-0.344122,-0.519433,0.186299
413,17.621300,0,-0.205446,-0.320884,-0.066158,0.689832,-0.527170,-2.094878,-0.322479,0.571402,2.734121,2.737005,-0.092829,1.338575,-0.953974,-0.359281,-0.997921,-0.256039
414,17.664000,0,-0.204609,-0.323480,-0.066158,0.363784,-0.116117,-2.331661,-0.321203,0.660784,2.936938,3.131068,-0.088438,1.362793,-0.786405,-0.375607,-0.812461,-0.256039
415,17.706700,0,-0.208517,-0.318758,-0.066158,1.069693,-0.037753,-1.942473,-0.322142,0.356873,2.574762,2.493788,-0.094388,1.401095,-1.247219,-0.307972,-1.237041,-0.256039
416,17.749300,0,-0.214937,-0.310135,-0.066158,0.572314,0.102842,-1.396847,-0.327224,-0.165796,1.987917,1.681915,-0.092251,1.439649,-1.247219,-0.356949,-1.249622,-0.256039
417,17.792000,0,-0.216612,-0.310625,-0.066158,0.009012,-0.358662,-1.095627,-0.440317,-0.324673,1.896338,1.268395,-0.097334,1.387800,-1.331004,-0.346454,-0.781117,-0.256039
418,17.834700,0,-0.207121,-0.322101,-0.066158,0.893274,0.179879,-1.894383,-0.434272,0.492622,2.824404,2.418679,-0.093984,1.432404,-0.995866,-0.375607,-0.739844,0.186299
419,17.877300,0,-0.205725,-0.323065,-0.066158,0.548545,-0.213715,-1.404617,-0.548834,0.656554,2.913970,1.692899,-0.096064,1.435744,-1.163435,-0.339457,-0.516651,0.186299
420,17.920000,0,-0.211866,-0.318050,-0.066158,0.604233,-0.014525,-1.685164,-0.325707,0.079552,2.291030,2.100039,-0.082604,1.381771,-1.037758,-0.286982,-1.228126,-0.256039
421,17.962700,0,-0.224149,-0.302497,-0.066158,0.135788,0.185769,-0.244530,-0.560804,-0.727251,1.506639,0.209121,-0.083008,1.434110,-1.498573,-0.227510,-0.743059,-0.256039
422,18.005300,0,-0.230569,-0.300490,-0.066158,0.296391,-0.492882,-0.299730,-0.450070,-1.033908,1.142801,0.273560,-0.090345,1.428709,-1.331004,-0.274154,-1.192193,-0.256039
423,18.048000,0,-0.219962,-0.304479,-0.066158,0.238871,-0.076499,-0.890220,-0.333558,-0.487341,1.579841,0.998817,-0.082315,1.433316,-1.247219,-0.331294,-1.272681,-0.256039
424,18.090700,0,-0.215216,-0.322150,-0.066158,0.951660,0.195351,-1.599615,-0.436825,0.011211,2.473443,1.973566,-0.093233,1.477826,-1.205327,-0.255497,-1.200661,-0.256039
425,18.133300,0,-0.211866,-0.329534,-0.066158,0.805038,-0.229394,-1.016529,-0.664336,0.364015,2.897491,1.163576,-0.088727,1.402211,-1.456681,-0.295145,-0.526929,0.186299
426,18.176000,0,-0.215774,-0.326288,-0.066158,0.959475,0.176793,-1.570951,-0.437933,0.110811,2.655054,1.931722,-0.084452,1.363448,-1.708034,-0.283483,-1.361362,0.186299
427,18.218700,0,-0.218287,-0.328860,-0.066158,1.729415,-0.618641,-1.088223,-0.550905,-0.091851,2.660282,1.258562,-0.088381,1.401057,-1.372896,-0.270656,-1.813081,-0.256039
428,18.261300,0,-0.212425,-0.324423,-0.066158,0.907613,0.179365,-1.874150,-0.322046,0.099384,2.434919,2.387296,-0.087514,1.409089,-1.289112,-0.309138,-1.323793,-0.256039
429,18.304000,0,-0.222474,-0.327167,-0.066158,0.967077,-0.471197,-0.861044,-0.553940,-0.399607,2.268355,0.961367,-0.084221,1.372221,-1.163435,-0.270656,-1.764468,-0.256039
430,18.346700,0,-0.219124,-0.320538,-0.066158,0.542984,0.414612,-1.321634,-0.439016,-0.177937,2.210573,1.576574,-0.089998,1.403163,-0.995866,-0.271822,-1.278271,-0.256039
431,18.389300,0,-0.216612,-0.333694,-0.066158,1.848990,-0.213861,-0.532114,-0.775719,0.202940,3.083220,0.550775,-0.090865,1.476641,-1.624249,-0.251998,-1.282742,-0.256039
432,18.432000,0,-0.214937,-0.336989,-0.066158,1.754143,0.199668,-0.895572,-0.774057,0.355445,3.329932,1.005826,-0.092135,1.491627,-1.247219,-0.279985,-1.300576,0.186299
433,18.474700,0,-0.214100,-0.324221,-0.066158,0.174766,0.309344,-1.617795,-0.434561,-0.024718,2.325106,2.000242,-0.096815,1.478232,-0.828297,-0.248500,-0.809327,0.186299
434,18.517300,0,-0.222753,-0.325175,-0.066158,0.573218,-0.356877,-1.176412,-0.438655,-0.539147,1.998238,1.377084,-0.088958,1.477919,-1.540465,-0.274154,-1.349259,-0.256039
435,18.560000,0,-0.216054,-0.336173,-0.066158,1.212229,-0.908686,-1.896142,-0.433309,0.096088,2.777264,2.421294,-0.091384,1.472410,-1.708034,-0.210018,-1.303514,-0.256039
436,18.602700,0,-0.210750,-0.347507,-0.066158,-0.225362,0.051776,-1.374195,-0.771505,0.704239,3.574639,1.650010,-0.093868,1.563652,-1.414788,-0.227510,-0.692980,-0.256039
437,18.645300,0,-0.224149,-0.336887,-0.066158,1.043318,-0.491990,-0.263443,-0.776731,-0.471794,2.422106,0.231089,-0.095313,1.493177,-1.498573,-0.197190,-1.278222,-0.256039
438,18.688000,0,-0.216612,-0.341159,-0.066158,1.287697,-0.210427,-1.296782,-0.659856,0.140752,2.965622,1.542053,-0.092655,1.485877,-1.205327,-0.236839,-1.136974,-0.256039
439,18.730700,0,-0.216333,-0.339639,-0.066158,0.558187,0.199194,-1.599248,-0.547100,-0.079545,2.658019,1.973043,-0.088900,1.461072,-1.708034,-0.254330,-0.895878,0.186299
440,18.773300,0,-0.235035,-0.323941,-0.066158,0.438595,0.327837,-0.482412,-0.557817,-1.365562,1.271400,0.490520,-0.085550,1.472824,-1.498573,-0.164539,-1.690797,0.186299
441,18.816000,0,-0.225545,-0.340708,-0.066158,0.677674,-0.584494,-0.843817,-0.664504,-0.778452,2.039726,0.939294,-0.083586,1.493232,-1.205327,-0.235672,-1.532318,-0.256039
442,18.858700,0,-0.226382,-0.333600,-0.066158,1.002382,-0.421150,-1.075321,-0.549557,-0.782627,2.072449,1.241406,-0.086763,1.483386,-1.875603,-0.236839,-1.776147,-0.256039
443,18.901300,0,-0.231686,-0.334781,-0.066158,0.528100,-0.373378,-0.701161,-0.555168,-1.224649,1.502936,0.759052,-0.083470,1.376717,-0.870189,-0.270656,-1.797382,-0.256039
444,18.944000,0,-0.223311,-0.343147,-0.066158,0.459057,-0.267514,-1.082579,-0.661735,-0.779605,2.077785,1.251030,-0.088843,1.466302,-1.414788,-0.232174,-0.991522,-0.256039
445,18.986700,0,-0.232244,-0.333847,-0.066158,0.361956,-0.229061,-0.832234,-0.556300,-1.379351,1.363366,0.924544,-0.078040,1.427352,-1.331004,-0.254330,-1.838025,-0.256039
446,19.029300,0,-0.228894,-0.345906,-0.066158,0.151226,-1.043391,-1.101858,-0.663156,-1.451428,1.528232,1.276764,-0.085434,1.515615,-1.498573,-0.226344,-1.394493,-0.256039
447,19.072000,0,-0.233361,-0.331662,-0.066158,0.530861,-0.520095,-0.748371,-0.554229,-1.454120,1.343126,0.818261,-0.086821,1.480216,-1.749926,-0.247334,-1.857261,0.186299
448,19.114700,0,-0.229173,-0.349679,-0.066158,-0.041696,-1.027364,-1.192173,-0.663999,-1.486313,1.418784,1.398529,-0.084972,1.465961,-1.875603,-0.293979,-1.370955,0.186299
449,19.157300,0,-0.232802,-0.345842,-0.066158,0.879655,-1.146950,-0.572873,-0.664842,-1.612393,1.326768,0.600464,-0.087630,1.558900,-1.540465,-0.279985,-1.897220,-0.256039
450,19.200000,0,-0.230011,-0.342068,-0.066158,0.025291,-1.017485,-0.729531,-0.664384,-1.372978,1.522245,0.794515,-0.089709,1.601008,-1.540465,-0.284650,-1.393232,-0.256039
451,19.242700,0,-0.231407,-0.360902,-0.066158,1.298657,-1.189553,-1.053476,-0.662120,-2.159674,0.198665,1.212324,-0.093580,1.535788,-1.121543,-0.221679,-1.452112,-0.256039
452,19.285300,0,-0.236710,-0.342503,-0.066158,-0.027579,-1.210673,-0.284336,-0.669610,-1.689030,0.962938,0.255568,-0.083470,1.447960,-1.414788,-0.250832,-1.707186,-0.256039
453,19.328000,0,-0.235315,-0.361061,-0.066158,1.334090,-1.222681,-0.575292,-0.664986,-2.464684,-0.083650,0.603394,-0.089074,1.483332,-1.624249,-0.274154,-1.881254,-0.256039
454,19.370700,0,-0.229173,-0.339562,-0.066158,-0.108465,-0.843328,-1.810373,-0.322696,-1.455054,1.064708,2.289068,-0.092251,1.459442,-1.372896,-0.331294,-1.483526,0.186299
455,19.413300,0,-0.243968,-0.344577,-0.066158,0.841082,-1.526075,-0.041762,-0.671392,-3.135353,-0.474122,-0.022798,-0.087110,1.321421,-1.331004,-0.290480,-1.545350,0.186299
456,19.456000,0,-0.236152,-0.348821,-0.066158,0.062064,-0.885710,-0.990798,-0.442027,-2.362941,-0.256387,1.129683,-0.088727,1.432512,-1.540465,-0.250832,-1.636893,-0.256039
457,19.498700,0,-0.226661,-0.357034,-0.066158,0.432322,-0.914818,-0.635258,-0.778272,-0.569087,2.186316,0.677143,-0.088438,1.472724,-1.666142,-0.279985,-1.375225,-0.256039
458,19.541300,0,-0.236990,-0.375340,-0.066158,2.643355,-1.356412,0.867101,-0.894327,-3.547489,-1.879935,-0.983007,-0.088381,1.383569,-1.331004,-0.298643,-2.173772,-0.256039
459,19.584000,0,-0.229453,-0.370775,-0.066158,0.929123,-1.612316,-1.474626,-0.662192,-2.729754,-1.147296,1.792487,-0.084279,1.474715,-1.666142,-0.356949,-1.240697,-0.256039
460,19.626700,0,-0.226382,-0.368072,-0.066158,0.686583,-1.418966,-1.399046,-0.661085,-2.093036,0.195342,1.685054,-0.082835,1.470794,-1.917495,-0.325464,-1.116832,-0.256039
461,19.669300,0,-0.236710,-0.372928,-0.066158,2.904229,-1.656155,-0.000344,-0.779620,-3.665659,-1.715921,-0.069244,-0.082950,1.365401,-1.498573,-0.297477,-2.356131,-0.256039
462,19.712000,0,-0.227499,-0.360479,-0.066158,1.587148,-1.260468,-1.398899,-0.659302,-1.507244,1.154339,1.684844,-0.098548,1.446406,-1.666142,-0.291646,-1.529629,0.186299
463,19.754700,0,-0.234756,-0.379375,-0.066158,2.989809,-2.187737,0.284822,-0.891076,-3.468930,-1.907781,-0.382026,-0.086416,1.508281,-1.540465,-0.337125,-2.067714,0.186299
464,19.797300,0,-0.243131,-0.338899,-0.066158,0.119061,-0.847005,-0.954071,-0.557721,-3.055200,-0.799809,1.081667,-0.079658,1.482679,-1.540465,-0.298643,-1.877169,-0.256039
465,19.840000,0,-0.236431,-0.350495,-0.066158,-0.232451,-1.032094,-0.775348,-0.670501,-2.906047,-0.794438,0.852259,-0.071686,1.423412,-1.331004,-0.348786,-1.060212,-0.256039
466,19.882700,0,-0.234477,-0.354221,-0.066158,-0.018921,-1.708129,-1.301621,-0.550905,-3.189521,-1.114373,1.548748,-0.084106,1.475706,-2.210741,-0.296311,-1.190172,-0.256039
467,19.925300,0,-0.234198,-0.360549,-0.066158,0.418491,-1.506059,-1.504828,-0.436295,-3.171007,-1.333878,1.835900,-0.084048,1.522950,-1.791818,-0.349952,-1.991609,-0.256039
468,19.968000,0,-0.267975,-0.322649,-0.066158,1.707327,-1.889441,2.103355,-0.798453,-4.282929,-1.548827,-2.120005,-0.068509,1.573896,-1.791818,-0.286982,-2.359971,-0.256039
469,20.010700,0,-0.261554,-0.321801,-0.066158,0.620363,-1.667517,-0.623309,-0.566945,-4.211951,-1.472345,0.662393,-0.075499,1.620708,-1.959387,-0.359281,-2.247759,0.186299
470,20.053300,0,-0.249551,-0.351989,-0.066158,2.514131,-2.272657,1.692907,-0.789254,-4.002312,-1.561926,-1.761091,-0.086474,1.352314,-1.749926,-0.311470,-2.409019,0.186299
471,20.096000,0,-0.235873,-0.375538,-0.066158,3.454830,-2.269293,-0.112504,-0.776610,-3.623577,-1.711724,0.057333,-0.095313,1.578272,-1.791818,-0.346454,-2.411604,-0.256039
472,20.138700,0,-0.250947,-0.347183,-0.066158,1.180765,-1.468378,0.461492,-0.671850,-4.027033,-1.531066,-0.569486,-0.087110,1.469678,-1.749926,-0.337125,-2.417759,-0.256039
473,20.181300,0,-0.236990,-0.375117,-0.066158,2.968386,-1.731977,-0.356910,-0.777670,-3.597976,-1.788421,0.340720,-0.087630,1.446879,-1.540465,-0.348786,-2.255342,-0.256039
474,20.224000,0,-0.248714,-0.329038,-0.066158,-0.298442,-1.556465,0.021282,-0.565211,-2.986144,-0.790871,-0.093514,-0.075961,1.461343,-1.372896,-0.365112,-1.647111,-0.256039
475,20.266700,0,-0.263229,-0.334175,-0.066158,1.564783,-2.002642,2.524725,-0.799609,-4.103450,-1.668545,-2.471492,-0.073419,1.360330,-2.085064,-0.363946,-2.317541,-0.256039
476,20.309300,0,-0.249551,-0.354167,-0.066158,1.958478,-2.301089,1.155785,-0.789157,-3.945946,-1.663761,-1.264301,-0.071744,1.305956,-1.624249,-0.366278,-2.328247,0.186299
477,20.352000,0,-0.241456,-0.362041,-0.066158,1.335595,-2.109358,-0.440260,-0.667298,-3.615666,-1.636467,0.439994,-0.090056,1.411938,-2.043172,-0.331294,-1.922164,0.186299
478,20.394700,0,-0.230290,-0.356594,-0.066158,0.953746,-2.139465,-1.482543,-0.547510,-1.138838,3.099155,1.803785,-0.085608,1.499316,-1.498573,-0.372109,-1.730136,-0.256039
479,20.437300,0,-0.243689,-0.343631,-0.066158,0.198601,-1.812565,-0.373991,-0.561285,-3.266487,-1.098896,0.361014,-0.076423,1.218164,-1.917495,-0.370943,-2.054400,-0.256039
480,20.480000,0,-0.256809,-0.317466,-0.066158,-0.002953,-1.641818,1.321826,-0.688515,-2.493690,0.683667,-1.421319,-0.064061,0.991818,-1.582357,-0.376773,-1.733477,-0.256039
481,20.522700,0,-0.236990,-0.345639,-0.066158,0.035337,-1.571790,-0.865736,-0.447036,-2.605102,-0.715091,0.967329,-0.078560,1.332788,-1.749926,-0.342956,-1.975813,-0.256039
482,20.565300,0,-0.240060,-0.347590,-0.066158,-0.422119,-2.095011,-0.564956,-0.562441,-2.844352,-1.168560,0.590736,-0.070357,1.221119,-2.126956,-0.344122,-1.435234,-0.256039
483,20.608000,0,-0.245643,-0.333577,-0.066158,0.197840,-1.535410,-0.640976,-0.560563,-3.020810,-0.829373,0.684152,-0.073072,1.470116,-1.917495,-0.320799,-1.902853,-0.256039
484,20.650700,0,-0.250947,-0.321198,-0.066158,-0.594568,-1.546802,-0.163599,-0.455682,-3.034049,-1.003421,0.115705,-0.068913,1.566573,-1.372896,-0.366278,-1.691372,0.186299
485,20.693300,0,-0.244526,-0.335103,-0.066158,0.422249,-1.983423,-0.040589,-0.671609,-2.155719,1.435536,-0.024158,-0.084510,1.622979,-1.749926,-0.366278,-1.599585,0.186299
486,20.736000,0,-0.228057,-0.354326,-0.066158,1.039646,-1.789655,-1.478878,-0.549894,-1.196521,2.841814,1.798555,-0.081968,1.374631,-1.791818,-0.362780,-1.304193,-0.256039
487,20.778700,0,-0.242293,-0.324538,-0.066158,-0.712303,-0.719310,-0.588121,-0.453683,-1.567070,1.190141,0.619085,-0.075961,1.194116,-1.749926,-0.302141,-1.677852,-0.256039
488,20.821300,0,-0.250109,-0.299002,-0.066158,-1.772413,-1.291892,-0.973791,-0.019758,-1.972065,-0.577769,1.107401,-0.066718,1.093272,-1.791818,-0.303308,-1.730017,-0.256039
489,20.864000,0,-0.250668,-0.328156,-0.066158,-0.116363,-1.911495,0.419854,-0.569377,-2.137645,0.901396,-0.525759,-0.067353,1.276635,-1.582357,-0.381438,-1.708223,-0.256039
490,20.906700,0,-0.269370,-0.305957,-0.066158,-0.413893,-1.993303,1.009244,-0.580865,-3.606272,-1.463300,-1.122869,-0.065100,0.985366,-1.749926,-0.324298,-1.957376,-0.256039
491,20.949300,0,-0.245922,-0.292080,-0.066158,-0.959264,-1.361748,-1.427489,-0.121676,-2.083587,0.230492,1.725224,-0.072032,1.465004,-1.791818,-0.359281,-1.196685,0.186299
492,20.992000,0,-0.269091,-0.289227,-0.066158,-1.080268,-0.873561,1.110994,-0.475261,-2.565493,-0.263441,-1.221307,-0.057880,0.958560,-1.875603,-0.324298,-1.814124,0.186299
493,21.034700,0,-0.229732,-0.320704,-0.066158,-0.951199,-1.096484,-1.257930,-0.221091,-1.847358,-0.601375,1.488388,-0.081911,1.516622,-1.498573,-0.321965,-1.723748,-0.256039
494,21.077300,0,-0.238385,-0.317074,-0.066158,-0.086264,-1.273505,-1.138365,-0.338254,-2.461058,-0.579531,1.325825,-0.071282,1.304119,-1.582357,-0.377939,-1.834842,-0.256039
495,21.120000,0,-0.268533,-0.299775,-0.066158,-0.321145,-1.842233,0.952944,-0.585440,-3.504913,-1.402882,-1.067845,-0.034022,1.413873,-1.708034,-0.376773,-1.974710,-0.256039
496,21.162700,0,-0.274395,-0.279126,-0.066158,-0.906752,-1.721478,0.038656,-0.480463,-2.872535,-0.442460,-0.112866,-0.012475,1.498347,-1.372896,-0.374441,-1.312695,-0.256039
497,21.205300,0,-0.269091,-0.285087,-0.066158,-1.342969,-1.817865,0.523217,-0.373945,-2.286084,0.150007,-0.633821,-0.028014,0.748343,-1.791818,-0.302141,-1.517988,-0.256039
498,21.248000,0,-0.254576,-0.288549,-0.066158,-0.987315,-1.550448,-0.474788,-0.246089,-1.840271,0.381873,0.481419,-0.055338,0.915908,-2.085064,-0.333627,-0.959423,-0.256039
499,21.290700,0,-0.253738,-0.266916,-0.066158,-1.767201,-1.751973,-1.141078,-0.134657,-1.168284,1.278977,1.329382,-0.060826,0.870172,-1.749926,-0.359281,-0.734004,0.186299
500,21.333300,0,-0.264067,-0.296852,-0.066158,-0.524873,-1.990716,0.424765,-0.583706,-2.416010,0.349787,-0.530885,-0.044478,0.737610,-1.833711,-0.376773,-1.607380,0.186299
501,21.376000,0,-0.228057,-0.305803,-0.066158,-1.125295,-1.545430,-1.452487,-0.007789,-0.919859,1.156774,1.760791,-0.057129,1.166373,-1.498573,-0.349952,-1.353088,-0.256039
502,21.418700,0,-0.231965,-0.278890,-0.066158,-1.014957,-1.604540,-1.189680,-0.116475,-0.520578,1.820709,1.395077,-0.071166,1.611312,-1.414788,-0.323132,-1.153515,-0.256039
503,21.461300,0,-0.273837,-0.259980,-0.066158,-2.066115,-1.758272,-0.416729,-0.150744,-2.295478,-0.674340,0.411854,-0.042687,0.609488,-1.624249,-0.302141,-1.343973,-0.256039
504,21.504000,0,-0.269650,-0.259992,-0.066158,-1.648456,-1.462770,0.055443,-0.152214,-2.471496,-1.034869,-0.131487,-0.054182,1.237625,-2.043172,-0.338291,-1.738833,-0.256039
505,21.546700,0,-0.264067,-0.232150,-0.066158,-2.202491,-1.866778,-1.291431,0.075321,-1.446978,0.203793,1.534626,-0.041416,1.739882,-2.043172,-0.356949,-0.788695,-0.256039
506,21.589300,0,-0.246480,-0.216160,-0.066158,-2.300617,-1.292840,-1.139025,0.283518,-0.527995,0.764611,1.326558,-0.025703,0.585074,-1.917495,-0.348786,-0.916520,0.186299
507,21.632000,0,-0.325758,-0.246528,-0.066158,-1.629715,-2.254033,2.531029,-0.527906,-3.794485,-2.050402,-2.476723,0.046390,-0.140946,-2.043172,-0.306806,-2.043432,0.186299
508,21.674700,0,-0.291423,-0.189115,-0.066158,-2.333557,-1.829318,-0.471929,0.042304,-1.420774,0.388182,0.477967,0.001852,1.574739,-1.666142,-0.312636,-1.109064,-0.256039
509,21.717300,0,-0.274116,-0.212270,-0.066158,-2.356241,-2.003449,-0.631079,0.057091,-0.773892,1.700382,0.672017,-0.024779,1.432046,-1.498573,-0.368610,-1.449961,-0.256039
510,21.760000,0,-0.283607,-0.162575,-0.066158,-2.384510,-2.057047,0.178966,0.025879,-0.628859,0.902355,-0.267479,0.024727,1.372146,-1.666142,-0.379105,-1.454219,-0.256039
511,21.802700,0,-0.286957,-0.207710,-0.066158,-2.005469,-1.630169,1.034168,-0.081169,-1.816758,-0.035479,-1.147034,0.000234,1.181965,-1.582357,-0.345288,-1.759492,-0.256039
512,21.845300,0,-0.286398,-0.178348,-0.066158,-2.937657,-1.971386,-0.787810,0.444223,-1.327436,0.032488,0.867950,0.037956,0.968691,-2.001279,-0.369776,-0.729772,-0.256039
513,21.888000,0,-0.285561,-0.152570,-0.066158,-2.875080,-1.797582,-0.732610,0.325856,-0.733239,0.274774,0.798385,0.080184,-0.410593,-2.168848,-0.345288,-1.144139,0.186299
514,21.930700,0,-0.263229,-0.183959,-0.066158,-3.013036,-1.824073,-1.540236,0.581832,-0.393674,0.980055,1.886950,0.006531,0.156850,-1.582357,-0.366278,-0.737736,0.186299
515,21.973300,0,-0.266579,-0.154330,-0.066158,-2.832142,-1.252485,-0.823584,0.452387,-0.510690,0.460367,0.913456,0.022532,0.029023,-1.540465,-0.429249,-1.300706,-0.256039
516,22.016000,0,-0.208238,-0.197572,-0.066158,-1.729018,-1.716667,-1.194372,0.525719,0.876851,3.328536,1.401458,-0.032578,0.968761,-1.582357,-0.374441,-0.671947,-0.256039
517,22.058700,0,-0.169715,-0.137806,-0.066158,-1.585886,-1.894046,-1.619774,0.865769,1.416111,2.719926,2.003275,-0.049965,1.039613,-1.624249,-0.397763,-1.081034,-0.256039
518,22.101300,0,-0.227499,-0.183482,-0.066158,-2.177380,-1.936100,-1.276916,0.617692,0.020989,1.482389,1.514541,-0.033848,1.359197,-1.708034,-0.384936,-1.410778,-0.256039
519,22.144000,0,-0.256530,-0.120230,-0.066158,-2.638442,-1.292295,-0.678802,0.774712,-0.473332,0.448163,0.731121,0.036916,1.299735,-1.247219,-0.415255,-1.178656,-0.256039
520,22.186700,0,-0.250668,-0.105690,-0.066158,-2.682940,-1.891806,-1.361146,0.782226,0.089441,1.063161,1.631703,0.052802,1.183351,-1.959387,-0.380272,-1.108792,-0.256039
521,22.229300,0,-0.223870,-0.191001,-0.066158,-1.799943,-1.466920,-1.068650,0.408267,-0.080754,1.157920,1.232514,-0.044882,1.362772,-1.624249,-0.363946,-0.818741,0.186299
522,22.272000,0,-0.234756,-0.224692,-0.066158,-1.690782,-1.197410,-0.244383,0.158239,-0.114760,1.046044,0.208912,-0.032115,0.348306,-1.498573,-0.307972,-1.383677,0.186299
523,22.314700,0,-0.248714,-0.167964,-0.066158,-2.364298,-1.481873,-0.284482,0.366339,0.081475,1.338306,0.255672,-0.024375,0.252099,-1.833711,-0.309138,-1.352795,-0.256039
524,22.357300,0,-0.295331,-0.174127,-0.066158,-2.887217,-1.889567,-0.637750,0.242047,-0.857121,0.821533,0.680177,0.010401,1.172912,-1.875603,-0.205353,-1.279950,-0.256039
525,22.400000,0,-0.256251,-0.253879,-0.066158,-2.211560,-1.705733,-0.941829,0.295150,-2.042000,-0.630653,1.065767,-0.059555,1.428637,-1.749926,-0.162207,-1.993619,-0.256039
526,22.442700,0,-0.239223,-0.314575,-0.066158,-0.931671,-2.001008,-0.874386,-0.240140,-1.687053,0.550642,0.978522,-0.068451,0.974654,-1.959387,-0.072415,-1.221727,-0.256039
527,22.485300,0,-0.278582,-0.270713,-0.066158,-2.246632,-1.737318,-0.092491,-0.281105,-2.260703,-0.372016,0.034528,-0.003925,0.940342,-1.708034,-0.054924,-1.106652,-0.256039
528,22.528000,0,-0.261833,-0.276199,-0.066158,-1.781133,-1.368284,-0.990358,-0.032184,-2.850066,-1.321645,1.129160,-0.040145,1.490690,-1.498573,-0.070083,-1.857538,0.186299
529,22.570700,0,-0.244247,-0.357905,-0.066158,1.576664,-2.358908,-0.850708,-0.671705,-3.851400,-1.619615,0.948081,-0.072264,1.215563,-1.666142,0.032535,-2.057067,0.186299
530,22.613300,0,-0.249551,-0.334460,-0.066158,-0.741025,-1.611106,0.155434,-0.572989,-3.088052,-1.284991,-0.241745,-0.069895,1.104975,-1.414788,0.060522,-1.110672,-0.256039
531,22.656000,0,-0.246201,-0.322134,-0.066158,-0.413350,-1.371839,0.195973,-0.461245,-2.708878,-0.874729,-0.285995,-0.066545,1.107934,-1.624249,0.122327,-1.949504,-0.256039
532,22.698700,0,-0.245364,-0.358262,-0.066158,2.262161,-1.666408,0.883742,-0.792986,-3.821295,-1.752855,-0.999535,-0.061461,1.089744,-2.001279,0.165473,-2.202427,-0.256039
533,22.741300,0,-0.237548,-0.364774,-0.066158,1.287038,-1.540382,0.414795,-0.785834,-3.417838,-1.678429,-0.520424,-0.075556,1.238953,-2.001279,0.171304,-1.768406,-0.256039
534,22.784000,0,-0.236710,-0.353651,-0.066158,0.958899,-1.453455,-0.169317,-0.674186,-2.460838,0.069665,0.122295,-0.073592,1.167785,-1.791818,0.279753,-1.541721,-0.256039
535,22.826700,0,-0.238385,-0.356511,-0.066158,0.941348,-1.053260,-0.809656,-0.558540,-3.407510,-1.334264,0.895672,-0.074285,1.251247,-1.498573,0.377707,-1.509688,0.186299
536,22.869300,0,-0.239781,-0.348126,-0.066158,0.602952,-0.870440,-0.686939,-0.560731,-3.324061,-1.060795,0.741269,-0.076249,1.206390,-1.247219,0.459336,-1.433887,0.186299
537,22.912000,0,-0.228336,-0.348416,-0.066158,0.339531,-1.029507,-1.523155,-0.441352,-1.564159,1.061184,1.862366,-0.081275,1.300493,-1.121543,0.526971,-1.501719,-0.256039
538,22.954700,0,-0.225265,-0.389379,-0.066158,2.084261,-0.502621,-0.563123,-0.892184,-2.900113,-2.258297,0.588539,-0.086821,1.326957,-1.247219,0.577114,-2.084923,-0.256039
539,22.997300,0,-0.221916,-0.355897,-0.066158,1.322055,-0.531442,-1.724090,-0.549147,-0.901510,2.068617,2.158306,-0.083933,1.353815,-1.959387,0.644749,-1.915602,-0.256039
540,23.040000,0,-0.214937,-0.359915,-0.066158,0.586351,-0.070563,-1.775112,-0.661663,-0.267594,2.532206,2.235299,-0.087456,1.371064,-1.498573,0.699557,-0.705566,-0.256039
541,23.082700,0,-0.211866,-0.348090,-0.066158,0.139639,0.434058,-1.701365,-0.663637,0.074004,2.982287,2.124204,-0.089651,1.272255,-1.372896,0.797511,-0.866544,-0.256039
542,23.125300,0,-0.214379,-0.328569,-0.066158,0.587973,0.079755,-1.810006,-0.329150,-0.318960,2.162861,2.288545,-0.085030,1.258045,-0.870189,0.896631,-1.261670,0.186299
543,23.168000,0,-0.208517,-0.322283,-0.066158,0.495974,0.638095,-1.604966,-0.443135,0.009508,2.340332,1.981412,-0.084106,1.237548,-1.037758,0.853485,-0.734167,0.186299
544,23.210700,0,-0.198467,-0.324534,-0.066158,-1.004467,0.800758,-1.764556,-0.554012,0.919372,3.175443,2.219293,-0.090865,1.207192,-0.953974,0.879140,-0.745086,-0.256039
545,23.253300,0,-0.195118,-0.311407,-0.066158,0.066930,-0.134600,-2.345149,-0.219308,0.779448,2.677979,3.154187,-0.084626,1.105171,-1.456681,0.900130,-1.139375,-0.256039
546,23.296000,0,-0.199305,-0.290490,-0.066158,0.615850,0.535171,-1.266213,-0.231976,0.322868,1.909731,1.499895,-0.085377,1.000755,-0.995866,0.958436,-1.017244,-0.256039
547,23.338700,0,-0.189535,-0.281933,-0.066158,0.901698,0.560271,-1.942766,-0.118401,0.701053,1.996168,2.494311,-0.090749,0.963273,-1.079651,0.937446,-0.937945,-0.256039
548,23.381300,0,-0.175857,-0.264787,-0.066158,0.693109,0.470257,-1.862714,-0.121412,1.008864,1.934740,2.369512,-0.091096,0.899002,-0.493159,1.029569,-0.804796,-0.256039
549,23.424000,0,-0.166087,-0.255593,-0.066158,-1.742094,-0.250554,-1.361293,-0.350127,1.152304,1.853045,1.631912,-0.089709,0.828307,-0.660728,0.965433,-0.760513,0.186299
550,23.466700,0,-0.156596,-0.208054,-0.066158,0.328530,-0.500291,-1.535837,-0.023153,1.514723,3.175422,1.880673,-0.090865,0.770977,-0.912082,0.817335,-0.160968,0.186299
551,23.509300,0,-0.146826,-0.195330,-0.066158,-0.047946,-0.565290,-1.377127,-0.139787,1.540928,2.998867,1.654194,-0.085550,0.681100,-0.953974,0.812671,0.493464,-0.256039
552,23.552000,0,-0.137893,-0.178703,-0.066158,0.255418,-0.398467,-0.886921,-0.258949,1.443854,2.550383,0.994632,-0.079831,0.587153,-0.870189,0.560788,0.453309,-0.256039
553,23.594700,0,-0.130914,-0.164505,-0.066158,0.281023,-0.199110,-1.165342,-0.043841,1.208065,1.985475,1.362125,-0.087341,0.531937,-0.912082,0.368378,0.225624,-0.256039
554,23.637300,0,-0.118074,-0.153651,-0.066158,0.610870,0.413211,-0.825857,-0.162232,1.052539,1.404675,0.916385,-0.081275,0.460958,-1.121543,0.521140,0.510385,0.186299
555,23.680000,0,-0.108024,-0.152629,-0.066158,1.006365,0.586726,-0.411597,-0.170613,0.540692,0.018694,0.405682,-0.080466,0.427873,-0.660728,0.537466,-0.513843,0.186299
556,23.722700,0,-0.095742,-0.132818,-0.066158,0.764087,1.277028,-0.130391,-0.178199,0.442520,-0.218035,0.077627,-0.073015,0.399812,-0.367483,0.523473,-1.032704,-0.256039
557,23.765300,0,-0.084297,-0.113656,-0.066158,0.765701,1.536835,0.159906,-0.187784,0.340942,-0.424082,-0.246557,-0.061577,0.312706,-0.032345,0.465166,-1.020394,-0.256039
558,23.808000,0,-0.072852,-0.099491,-0.066158,0.131517,1.713256,0.732509,-0.301889,0.277380,-0.564283,-0.848374,-0.061923,0.287765,0.135224,0.338059,-0.450303,-0.256039
559,23.850700,0,-0.071456,-0.087143,-0.066158,1.685409,1.421354,-0.081568,0.016150,0.148882,-0.693434,0.022184,-0.051641,0.213694,0.344685,0.416189,-1.285778,0.186299
560,23.893300,0,-0.060290,-0.065009,-0.066158,0.462018,1.175032,-0.194095,-0.093186,0.356654,-0.285507,0.150749,-0.046153,0.188955,0.302793,0.258763,0.378682,0.186299
561,23.936000,0,-0.052474,-0.054759,-0.066158,0.282142,1.112322,-0.370179,0.011839,0.308309,-0.361788,0.356516,-0.055569,0.195268,0.135224,0.085011,0.423166,-0.256039
562,23.978700,0,-0.049962,-0.046956,-0.066158,1.271636,0.993165,0.060208,-0.099328,0.294410,-0.396459,-0.136822,-0.054645,0.179394,0.177116,0.102503,0.215401,-0.256039
563,24.021300,0,-0.039355,-0.036806,-0.066158,0.768213,1.053041,0.958442,-0.320023,0.267821,-0.485538,-1.073180,-0.042514,0.133032,0.302793,0.073350,0.179842,0.186299
564,24.064000,0,-0.028747,-0.025038,-0.066158,-0.390367,0.987391,0.967899,-0.322359,0.229145,-0.567843,-1.082385,-0.041185,0.138334,0.219008,-0.092240,0.191798,0.186299
565,24.106700,0,-0.017302,-0.001946,-0.066158,0.338797,0.896646,-0.450157,0.103619,0.242879,-0.477073,0.451815,-0.040838,0.128133,0.219008,-0.128389,0.179934,-0.256039
566,24.149300,0,-0.011719,0.013298,-0.066158,-0.344781,0.774272,-0.556379,0.205947,0.195744,-0.557609,0.580379,-0.032231,0.110609,0.177116,-0.106233,0.476146,-0.256039
567,24.192000,0,-0.005857,0.017718,-0.066158,0.241969,0.679952,-0.350606,0.098272,0.200908,-0.567578,0.333292,-0.033791,0.117808,0.219008,-0.295145,0.731491,-0.256039
568,24.234700,0,-0.000553,0.023165,-0.066158,-0.054578,0.595587,-0.348920,0.096538,0.181240,-0.605937,0.331305,-0.033155,0.113926,0.470362,-0.304474,0.226798,0.186299
569,24.277300,0,0.003076,0.029817,-0.066158,0.306630,0.560079,-0.294892,0.093865,0.155969,-0.648987,0.267807,-0.026512,0.087300,0.302793,-0.264826,0.762156,0.186299
570,24.320000,0,0.004750,0.036218,-0.066158,-0.284586,0.570568,-0.443486,0.197951,0.102955,-0.717634,0.443760,-0.025819,0.093938,0.219008,-0.262493,1.089293,-0.256039
571,24.362700,0,0.008938,0.038585,-0.066158,0.740329,0.487298,-0.840738,0.303049,0.101252,-0.728226,0.935319,-0.025241,0.087774,0.428469,-0.235672,0.256533,-0.256039
572,24.405300,0,0.012567,0.041853,-0.066158,-1.580525,0.491236,-0.016251,-0.017301,0.107295,-0.750055,-0.051565,-0.021544,0.067752,0.470362,-0.179699,0.807526,0.186299
573,24.448000,0,0.015916,0.046074,-0.066158,-0.076355,0.407295,-0.689872,0.301460,0.078014,-0.773625,0.744930,-0.027610,0.082768,0.260901,-0.275321,0.807803,0.186299
574,24.490700,0,0.013962,0.044775,-0.066158,-0.260764,0.377738,0.044594,0.085027,0.085266,-0.763792,-0.119457,-0.020678,0.056367,0.135224,-0.183197,0.267468,-0.256039
575,24.533300,0,0.014521,0.046970,-0.066158,0.816334,0.358448,-0.326268,0.190124,0.069279,-0.780687,0.304629,-0.018713,0.049675,0.177116,-0.288148,0.275590,-0.256039
576,24.576000,0,0.014800,0.048701,-0.066158,-0.184532,0.391349,-0.155902,0.189113,0.047963,-0.806362,0.106918,-0.018945,0.053931,-0.116129,-0.264826,0.575115,-0.256039
577,24.618700,0,0.020383,0.048256,-0.066158,-1.232444,0.390355,0.284235,-0.023491,0.079113,-0.786409,-0.381398,-0.017963,0.036131,0.512254,-0.176200,0.245968,0.186299
578,24.661300,0,0.018987,0.049240,-0.066158,0.307982,0.382226,0.001929,0.081848,0.068345,-0.791272,-0.071860,-0.019060,0.027677,0.302793,-0.272988,0.801708,0.186299
579,24.704000,0,0.018149,0.049441,-0.066158,0.006172,0.388005,0.116435,-0.025706,0.078014,-0.785378,-0.198960,-0.012244,0.000779,0.135224,-0.129555,0.844350,-0.256039
580,24.746700,0,0.019824,0.056373,-0.066158,-0.476792,0.340182,-0.214327,0.185404,0.034119,-0.830333,0.174182,-0.017558,0.012399,0.093332,-0.246168,1.166044,-0.256039
581,24.789300,0,0.019824,0.051805,-0.066158,0.258762,0.376916,0.226616,-0.026308,0.069828,-0.789696,-0.319261,-0.017500,-0.002443,0.763607,-0.204187,1.430195,0.186299
582,24.832000,0,0.020103,0.052053,-0.066158,0.433543,0.379266,0.137327,-0.026381,0.079003,-0.779047,-0.221869,-0.016114,-0.011570,0.679823,-0.251998,1.404903,0.186299
583,24.874700,0,0.020103,0.052059,-0.066158,-0.195146,0.426912,-0.541571,0.290285,0.045931,-0.810065,0.562282,-0.019984,-0.011193,0.344685,-0.224011,0.558215,-0.256039
584,24.917300,0,0.021220,0.050890,-0.066158,-0.912034,0.417764,0.397495,-0.029198,0.076036,-0.785736,-0.502118,-0.015074,-0.028942,0.679823,-0.152878,0.856817,-0.256039
585,24.960000,0,0.019545,0.050026,-0.066158,0.195898,0.391188,0.153895,0.075731,0.070707,-0.782234,-0.240071,-0.016692,-0.042173,0.260901,-0.177366,0.842232,-0.256039
586,25.002700,0,0.021778,0.050425,-0.066158,-1.296960,0.358887,0.392143,-0.029198,0.088342,-0.769013,-0.496469,-0.019060,-0.035945,0.554146,-0.229842,0.283271,0.186299
587,25.045300,0,0.019266,0.050192,-0.066158,-0.288466,0.360238,-0.414163,0.287997,0.057852,-0.784382,0.408716,-0.024375,-0.034264,0.512254,-0.218181,0.622880,0.186299
588,25.088000,0,0.019545,0.049067,-0.066158,-0.457438,0.359356,0.414649,-0.031125,0.082024,-0.764845,-0.520215,-0.019638,-0.061075,0.344685,-0.010611,0.931635,-0.256039
589,25.130700,0,0.015358,0.048551,-0.066158,-0.163223,0.328997,0.010579,0.075297,0.081145,-0.751316,-0.081484,-0.018713,-0.070143,0.554146,-0.114396,1.195492,-0.256039
590,25.173300,0,0.019545,0.045386,-0.066158,-1.358028,0.350853,0.216353,-0.029246,0.107845,-0.734879,-0.308067,-0.024432,-0.076201,0.177116,-0.193692,0.867475,0.186299
591,25.216000,0,0.015916,0.042976,-0.066158,-0.741446,0.384359,0.990697,-0.242187,0.122403,-0.716946,-1.104772,-0.020042,-0.095639,0.302793,-0.116728,1.429869,0.186299
592,25.258700,0,0.014521,0.043370,-0.066158,0.034892,0.377198,0.252273,0.073226,0.098505,-0.727617,-0.346982,-0.022180,-0.093792,0.637931,-0.110897,0.901280,-0.256039
593,25.301300,0,0.013683,0.042900,-0.066158,-1.420230,0.384334,0.300070,0.073467,0.096912,-0.723148,-0.398345,-0.023913,-0.098806,0.596038,-0.144715,0.579569,-0.256039
594,25.344000,0,0.016754,0.044592,-0.066158,0.411460,0.386281,-0.659229,0.391843,0.084606,-0.747141,0.706748,-0.029920,-0.103209,0.386577,-0.070083,0.308688,0.186299
595,25.386700,0,0.015358,0.038485,-0.066158,0.273878,0.367914,-0.367613,0.181117,0.125260,-0.690469,0.353482,-0.031133,-0.116680,0.596038,-0.140051,0.861853,0.186299
596,25.429300,0,0.010892,0.036271,-0.066158,-1.442826,0.356022,-0.042349,0.073973,0.139433,-0.664449,-0.022170,-0.025819,-0.135605,0.637931,0.032535,0.590379,-0.256039
597,25.472000,0,0.012846,0.035286,-0.066158,-0.463376,0.305295,-0.098722,0.073347,0.146026,-0.655132,0.041642,-0.029689,-0.145675,0.763607,0.006881,0.903213,-0.256039
598,25.514700,0,0.007821,0.031606,-0.066158,-0.009829,0.386018,0.538098,-0.138679,0.173879,-0.621886,-0.649407,-0.028707,-0.181567,0.344685,0.083845,0.886982,0.186299
599,25.557300,0,0.007542,0.031180,-0.066158,0.697291,0.387894,-0.497880,0.178420,0.157013,-0.630631,0.509245,-0.028592,-0.201331,0.512254,-0.036266,0.882587,0.186299
600,25.600000,0,0.007542,0.031134,-0.066158,-0.313829,0.380653,-0.601097,0.281663,0.152124,-0.624844,0.635090,-0.032635,-0.206579,0.721715,0.001050,0.621381,-0.256039
601,25.642700,0,0.006146,0.028070,-0.066158,0.047134,0.426449,0.161665,0.068843,0.179317,-0.589407,-0.248545,-0.032115,-0.223985,0.344685,0.132822,0.896722,-0.256039
602,25.685300,0,0.007542,0.027929,-0.066158,-0.383299,0.435233,-0.463206,0.279809,0.162342,-0.601282,0.467401,-0.038816,-0.231998,0.637931,0.079180,0.639850,0.186299
603,25.728000,0,0.006705,0.022920,-0.066158,-1.420392,0.525948,0.266348,-0.036230,0.214862,-0.552810,-0.362150,-0.035813,-0.257734,0.470362,0.180633,0.293739,0.186299
604,25.770700,0,0.005309,0.022951,-0.066158,0.671910,0.539771,-0.502498,0.277569,0.190525,-0.557788,0.514894,-0.039914,-0.275740,0.428469,0.058190,0.306694,-0.256039
605,25.813300,0,-0.000832,0.018587,-0.066158,0.669728,0.587558,-0.094543,0.066579,0.217389,-0.519608,0.036934,-0.035986,-0.303447,0.428469,0.125825,0.915365,-0.256039
606,25.856000,0,0.000005,0.015315,-0.066158,-0.352756,0.707890,0.153308,-0.038831,0.239803,-0.493567,-0.239444,-0.036795,-0.320915,0.637931,0.074516,0.890524,0.186299
607,25.898700,0,0.001680,0.013151,-0.066158,-1.483063,0.663804,0.086452,-0.038759,0.265568,-0.455072,-0.165903,-0.044882,-0.326722,0.512254,0.055858,0.902350,0.186299
608,25.941300,0,-0.001112,0.010834,-0.066158,-0.490454,0.664631,-0.425965,0.169437,0.257328,-0.453339,0.422838,-0.042340,-0.368520,0.428469,0.109499,0.310404,-0.256039
609,25.984000,0,-0.005299,0.008638,-0.066158,-0.305885,0.620086,-0.398035,0.168281,0.256724,-0.431695,0.389572,-0.042687,-0.378856,0.219008,0.115330,0.637656,-0.256039
610,26.026700,0,-0.003345,0.006375,-0.066158,-0.105913,0.648085,-0.424646,0.168811,0.283423,-0.395786,0.421269,-0.046037,-0.395850,0.596038,0.138652,0.895185,0.186299
611,26.069300,0,-0.001949,0.005447,-0.066158,-0.423462,0.582520,-0.323848,0.166620,0.298201,-0.368836,0.301805,-0.052623,-0.414470,0.554146,0.161975,0.334301,0.186299
612,26.112000,0,-0.005299,0.003520,-0.066158,-0.012266,0.559630,-0.538785,0.166355,0.323197,-0.325614,0.558935,-0.048752,-0.440257,0.679823,0.236607,0.883902,-0.256039
613,26.154700,0,-0.010603,-0.004272,-0.066158,-0.204819,0.427866,-0.403753,0.163874,0.329790,-0.269694,0.396372,-0.051294,-0.462459,0.931176,0.171304,0.039735,-0.256039
614,26.197300,0,-0.008648,-0.005907,-0.066158,-1.339911,0.311281,0.519185,-0.152382,0.392253,-0.194752,-0.629636,-0.053374,-0.492976,0.679823,0.152646,0.344622,0.186299
615,26.240000,0,-0.008648,-0.005265,-0.066158,-1.260083,0.300246,0.440380,-0.153514,0.418458,-0.145743,-0.547309,-0.051525,-0.513206,0.721715,0.048861,0.350141,0.186299
616,26.282700,0,-0.009486,-0.001729,-0.066158,0.851566,0.188533,-0.270921,0.158841,0.394560,-0.146910,0.239876,-0.056147,-0.523501,0.679823,0.044197,-0.238643,-0.256039
617,26.325300,0,-0.010603,-0.001223,-0.066158,1.042909,0.021664,-0.121887,0.053069,0.437026,-0.077992,0.068003,-0.052392,-0.557116,0.973068,0.093174,-0.240479,-0.256039
618,26.368000,0,-0.006136,0.000120,-0.066158,0.035607,-0.064733,-0.042349,0.052322,0.458342,-0.044689,-0.022170,-0.056782,-0.563107,0.721715,-0.009445,-0.225812,0.186299
619,26.410700,0,-0.006694,0.002159,-0.066158,0.264697,-0.106873,0.045840,0.049938,0.460704,-0.031690,-0.120817,-0.054876,-0.589148,0.721715,0.031369,0.377921,0.186299
620,26.453300,0,-0.009207,0.005099,-0.066158,-0.215719,-0.134983,-0.186177,0.152989,0.461418,-0.005628,0.141648,-0.053200,-0.599408,0.805500,0.074516,0.091955,-0.256039
621,26.496000,0,-0.006415,0.002744,-0.066158,-0.829908,-0.207789,1.457371,-0.266583,0.546021,0.112593,-1.547269,-0.061115,-0.602998,0.596038,0.073350,0.400617,0.186299
622,26.538700,0,-0.007532,0.004615,-0.066158,0.434489,-0.305947,0.812707,-0.162834,0.552394,0.131092,-0.928924,-0.060075,-0.632063,0.847392,0.006881,0.401318,0.186299
623,26.581300,0,-0.007253,0.008843,-0.066158,0.850293,-0.416788,-0.302443,0.149954,0.529100,0.108146,0.276699,-0.058342,-0.640334,0.973068,0.107167,-0.184495,-0.256039
624,26.624000,0,-0.008369,0.007324,-0.066158,0.195647,-0.519278,0.120760,0.043315,0.557613,0.169852,-0.203667,-0.058457,-0.666559,0.679823,0.126991,0.106627,-0.256039
625,26.666700,0,-0.007253,0.005755,-0.066158,0.601870,-0.578589,0.869887,-0.166350,0.607715,0.235828,-0.985831,-0.060248,-0.682009,0.679823,0.144483,-0.200759,0.186299
626,26.709300,0,-0.007811,0.005910,-0.066158,0.949548,-0.621631,0.784557,-0.167554,0.619856,0.264275,-0.900679,-0.059901,-0.702677,0.973068,-0.029269,0.395125,0.186299
627,26.752000,0,-0.008369,0.008001,-0.066158,1.140146,-0.689793,0.208802,0.039245,0.601837,0.252071,-0.299908,-0.059439,-0.712714,0.805500,0.018542,-0.187580,-0.256039
628,26.794700,0,-0.006415,0.007956,-0.066158,0.417853,-0.891560,0.922595,-0.169674,0.632602,0.287250,-1.037926,-0.060537,-0.726132,0.847392,0.015044,0.423921,0.186299
629,26.837300,0,-0.006136,0.005288,-0.066158,-0.791996,-0.940861,1.361339,-0.274169,0.654082,0.317538,-1.458247,-0.062270,-0.733777,0.973068,-0.117894,0.427995,0.186299
630,26.880000,0,-0.006694,0.007160,-0.066158,0.542893,-1.001876,0.670638,-0.067851,0.628591,0.300994,-0.785609,-0.063714,-0.741655,0.679823,-0.095738,0.481616,-0.256039
631,26.922700,0,-0.006974,0.008225,-0.066158,0.234341,-0.991841,0.361135,0.034694,0.610297,0.278863,-0.463621,-0.063136,-0.762722,0.805500,-0.023438,0.111798,-0.256039
632,26.965300,0,-0.005020,0.005791,-0.066158,0.387895,-0.958723,0.558991,-0.068646,0.644028,0.316342,-0.670957,-0.065620,-0.773394,0.931176,-0.116728,-0.195158,0.186299
633,27.008000,0,-0.008090,0.003494,-0.066158,1.240039,-0.983964,0.050312,0.034910,0.636722,0.319221,-0.125838,-0.064407,-0.786933,1.056853,-0.073582,-0.168486,0.186299
634,27.050700,0,-0.010323,0.001523,-0.066158,1.112528,-0.922933,0.136814,0.034043,0.635733,0.325666,-0.221346,-0.064234,-0.790846,0.763607,-0.185529,-0.140684,-0.256039
635,27.093300,0,-0.009765,-0.001146,-0.066158,0.333209,-0.889396,0.902289,-0.174370,0.662652,0.358217,-1.017841,-0.065447,-0.800892,0.554146,-0.094572,0.426648,0.186299
636,27.136000,0,-0.010603,-0.005154,-0.066158,0.417037,-0.842869,0.776274,-0.174755,0.665838,0.365071,-0.892415,-0.064061,-0.813529,0.763607,-0.143549,0.425344,0.186299
637,27.178700,0,-0.011440,-0.004909,-0.066158,1.109262,-0.777123,0.255352,0.030479,0.626998,0.324084,-0.350329,-0.065505,-0.823850,0.847392,-0.081744,-0.140114,-0.256039
638,27.221300,0,-0.012557,-0.007708,-0.066158,1.204108,-0.691276,0.060062,0.031707,0.646775,0.353325,-0.136613,-0.065447,-0.836453,0.386577,-0.105067,-0.199336,0.186299
639,27.264000,0,-0.010882,-0.010257,-0.066158,0.229907,-0.521517,0.506869,-0.072571,0.649467,0.346651,-0.616874,-0.068335,-0.835435,0.679823,-0.157542,-0.204958,0.186299
640,27.306700,0,-0.013394,-0.011541,-0.066158,1.133539,-0.392708,0.111377,0.029612,0.635678,0.340277,-0.193416,-0.067065,-0.858037,0.554146,-0.108565,-0.191720,-0.256039
641,27.349300,0,-0.011998,-0.007202,-0.066158,0.877694,-0.361920,0.037483,0.029010,0.625350,0.295737,-0.111506,-0.067584,-0.863198,0.679823,-0.116728,1.005985,-0.256039
642,27.392000,0,-0.008648,-0.009109,-0.066158,-1.378227,-0.337885,0.831181,-0.178897,0.645182,0.304610,-0.947335,-0.070993,-0.868614,0.973068,-0.136552,1.007435,0.186299
643,27.434700,0,-0.011440,-0.011801,-0.066158,-0.120173,-0.196644,0.331592,-0.075461,0.636612,0.299576,-0.432134,-0.069433,-0.880924,0.931176,-0.127223,1.008799,0.186299
644,27.477300,0,-0.013394,-0.012113,-0.066158,-0.368499,-0.087679,-0.139187,0.129484,0.590795,0.251870,0.087670,-0.069144,-0.893160,0.721715,-0.122559,0.718519,-0.256039
645,27.520000,0,-0.012557,-0.014866,-0.066158,0.855222,-0.048560,-0.498027,0.131049,0.617659,0.280389,0.509454,-0.069144,-0.902214,0.721715,-0.042096,0.402534,0.186299
646,27.562700,0,-0.011161,-0.018747,-0.066158,-1.597843,0.019561,0.416555,-0.078448,0.631338,0.288990,-0.522307,-0.069780,-0.916924,0.512254,0.006881,0.379524,0.186299
647,27.605300,0,-0.014790,-0.017788,-0.066158,0.621403,0.011946,-0.271874,0.127124,0.597607,0.255781,0.240922,-0.068855,-0.931366,0.847392,-0.044429,0.435421,-0.256039
648,27.648000,0,-0.015627,-0.020229,-0.066158,-0.396707,-0.011827,-0.271947,0.126762,0.584971,0.243648,0.241027,-0.067931,-0.939534,0.931176,-0.080578,0.730356,0.186299
649,27.690700,0,-0.011440,-0.021187,-0.066158,-1.455107,-0.170405,0.810435,-0.184990,0.631283,0.284278,-0.926622,-0.072552,-0.950346,0.637931,-0.088741,1.025150,0.186299
650,27.733300,0,-0.013952,-0.021477,-0.066158,-0.267495,-0.134373,0.464791,-0.083096,0.614747,0.266287,-0.572938,-0.069895,-0.964045,0.679823,-0.128389,1.034852,-0.256039
651,27.776000,0,-0.015627,-0.024393,-0.066158,0.691579,-0.064123,-0.327001,0.124162,0.589751,0.239888,0.305466,-0.070762,-0.965396,0.679823,-0.124891,0.429407,-0.256039
652,27.818700,0,-0.011719,-0.023438,-0.066158,-0.196928,-0.019275,0.022015,0.020099,0.598925,0.233128,-0.094351,-0.072899,-0.972912,0.596038,-0.215848,0.402638,0.186299
653,27.861300,0,-0.012836,-0.023988,-0.066158,-0.328150,-0.056120,0.043421,0.019232,0.596178,0.230786,-0.118201,-0.070184,-0.979700,0.512254,-0.303308,0.412291,0.186299
654,27.904000,0,-0.014790,-0.023196,-0.066158,0.656749,-0.046513,-0.224737,0.122018,0.576126,0.215545,0.186212,-0.070184,-0.978573,0.554146,-0.339457,0.431401,-0.256039
655,27.946700,0,-0.008369,-0.014752,-0.066158,-0.426162,-0.071763,-0.083694,0.019425,0.591948,0.190536,0.024590,-0.071917,-0.983959,0.679823,-0.282317,1.039512,0.186299
656,27.989300,0,-0.014231,-0.024677,-0.066158,0.225756,-0.026810,0.304028,-0.083361,0.600134,0.238871,-0.402634,-0.070877,-0.972807,0.596038,-0.318467,1.634049,0.186299
657,28.032000,0,-0.010044,-0.012514,-0.066158,-0.689892,-0.078804,-0.424939,0.224924,0.552394,0.153459,0.421687,-0.070935,-0.971797,0.637931,-0.204187,0.731350,-0.256039
658,28.074700,0,-0.011440,-0.021653,-0.066158,-0.239027,-0.096797,0.042981,0.019618,0.592278,0.217078,-0.117678,-0.071166,-0.978170,0.763607,-0.299809,0.415115,0.186299
659,28.117300,0,-0.012557,-0.023110,-0.066158,-0.304170,-0.041228,0.065560,0.020701,0.593486,0.223280,-0.142785,-0.072321,-0.964943,0.931176,-0.374441,0.406440,0.186299
660,28.160000,0,-0.013952,-0.021249,-0.066158,0.674337,-0.115411,-0.164332,0.123006,0.571182,0.203141,0.116542,-0.070762,-0.964104,0.763607,-0.334793,0.419847,-0.256039
661,28.202700,0,-0.009486,-0.012300,-0.066158,0.567436,-0.117110,-0.336604,0.123873,0.569644,0.164101,0.316764,-0.071108,-0.966738,0.805500,-0.296311,1.040697,0.186299
662,28.245300,0,-0.008648,-0.014057,-0.066158,-0.434631,-0.102370,-0.100115,0.021641,0.587059,0.177609,0.043211,-0.071628,-0.961918,0.512254,-0.398929,1.034461,0.186299
663,28.288000,0,-0.013115,-0.020035,-0.066158,0.678272,-0.124599,-0.229502,0.123102,0.565139,0.187191,0.191651,-0.069953,-0.965877,0.889284,-0.300975,0.450050,-0.256039
664,28.330700,0,-0.008928,-0.011755,-0.066158,0.432076,-0.094003,-0.537612,0.226706,0.555470,0.142630,0.557470,-0.069029,-0.965602,0.889284,-0.339457,0.420819,0.186299
665,28.373300,0,-0.011161,-0.022056,-0.066158,-0.201137,-0.081144,-0.084207,0.021279,0.587114,0.204609,0.025113,-0.070993,-0.958597,0.763607,-0.288148,0.395293,0.186299
666,28.416000,0,-0.011161,-0.020321,-0.066158,-0.347360,-0.138185,0.169656,0.019088,0.580851,0.202339,-0.257227,-0.070531,-0.967860,0.763607,-0.346454,0.403588,-0.256039
667,28.458700,0,-0.012557,-0.018270,-0.066158,0.669399,-0.158120,-0.266376,0.122789,0.568106,0.188788,0.234541,-0.068740,-0.973573,0.596038,-0.328962,0.449382,-0.256039
668,28.501300,0,-0.011440,-0.021266,-0.066158,-1.469720,-0.122678,0.710297,-0.185592,0.615681,0.244286,-0.825883,-0.071050,-0.955824,0.763607,-0.208852,1.031500,0.186299
669,28.544000,0,-0.011161,-0.018042,-0.066158,-0.154748,-0.173315,0.415748,-0.082927,0.591729,0.210947,-0.521366,-0.071224,-0.955639,0.847392,-0.296311,1.044086,0.186299
670,28.586700,0,-0.015069,-0.017390,-0.066158,0.664533,-0.100327,-0.504844,0.227766,0.546406,0.172617,0.517719,-0.068335,-0.951957,0.889284,-0.156376,0.138438,-0.256039
671,28.629300,0,-0.010882,-0.020770,-0.066158,-1.541518,-0.102798,0.251100,-0.080278,0.611121,0.234274,-0.345727,-0.070646,-0.943879,0.512254,-0.199523,0.406407,0.186299
672,28.672000,0,-0.011998,-0.020039,-0.066158,-0.259550,-0.087125,-0.042129,0.023399,0.592498,0.212193,-0.022379,-0.071166,-0.942786,0.805500,-0.312636,0.403843,0.186299
673,28.714700,0,-0.010323,-0.007931,-0.066158,0.395441,-0.061123,-0.735615,0.332334,0.534429,0.120729,0.802151,-0.068451,-0.941420,0.931176,-0.284650,0.119577,-0.256039
674,28.757300,0,-0.012277,-0.018462,-0.066158,-0.188744,-0.057255,0.390824,-0.080471,0.591893,0.208090,-0.495004,-0.070126,-0.936093,1.266314,-0.283483,1.032815,0.186299
675,28.800000,0,-0.006415,-0.009528,-0.066158,-1.761166,-0.100363,0.342221,-0.080398,0.596343,0.180509,-0.443432,-0.070242,-0.941619,1.056853,-0.347620,1.034797,0.186299
676,28.842700,0,-0.010044,-0.008911,-0.066158,0.465294,-0.042090,-0.257359,0.125847,0.559975,0.145373,0.224080,-0.069086,-0.937500,1.056853,-0.334793,1.036682,-0.256039
677,28.885300,0,-0.006694,-0.008895,-0.066158,-0.536280,-0.029599,-0.303909,0.125799,0.568985,0.143747,0.278372,-0.068451,-0.940885,1.014961,-0.333627,0.420596,0.186299
678,28.928000,0,-0.009486,-0.018304,-0.066158,-1.549025,-0.046231,0.349112,-0.080711,0.596783,0.205261,-0.450754,-0.070299,-0.942317,0.889284,-0.298643,0.409917,0.186299
679,28.970700,0,-0.008648,-0.008733,-0.066158,0.479179,-0.024576,-0.592300,0.229693,0.560579,0.143912,0.624211,-0.069433,-0.943061,0.889284,-0.264826,0.414186,-0.256039
680,29.013300,0,-0.013394,-0.017116,-0.066158,-0.317348,0.005299,-0.299950,0.126353,0.565139,0.185881,0.273770,-0.069375,-0.934772,0.637931,-0.253164,0.737315,-0.256039
681,29.056000,0,-0.007811,-0.009733,-0.066158,-0.388609,-0.081713,-0.129438,0.023929,0.588762,0.176141,0.076581,-0.070762,-0.934803,0.763607,-0.270656,1.033570,0.186299
682,29.098700,0,-0.013115,-0.018857,-0.066158,0.249669,-0.008267,0.303148,-0.079556,0.590245,0.210668,-0.401693,-0.070126,-0.932665,0.763607,-0.240337,1.630366,0.186299
683,29.141300,0,-0.012277,-0.014942,-0.066158,-0.349399,-0.085990,-0.196514,0.125775,0.558876,0.177781,0.153574,-0.069780,-0.935345,0.889284,-0.173868,0.742904,-0.256039
684,29.184000,0,-0.006415,-0.009290,-0.066158,-1.839942,-0.034475,-0.109205,0.024868,0.599584,0.186826,0.053567,-0.070646,-0.931632,0.763607,-0.225177,0.412519,0.186299
685,29.226700,0,-0.010882,-0.016986,-0.066158,-0.230934,-0.021303,-0.010387,0.024194,0.595409,0.215918,-0.058051,-0.070935,-0.929179,0.931176,-0.344122,0.396005,0.186299
686,29.269300,0,-0.008928,-0.006954,-0.066158,0.383664,-0.026573,-0.506090,0.229404,0.558876,0.145316,0.519183,-0.068798,-0.938111,0.847392,-0.302141,0.453983,-0.256039
687,29.312000,0,-0.008090,-0.009137,-0.066158,-0.462725,-0.055116,-0.072771,0.023784,0.586180,0.170991,0.012246,-0.070068,-0.934104,0.805500,-0.293979,1.032076,0.186299
688,29.354700,0,-0.006415,-0.009783,-0.066158,-1.791080,-0.043669,0.329099,-0.080158,0.588762,0.166880,-0.429519,-0.071570,-0.935117,0.721715,-0.339457,1.034325,0.186299
689,29.397300,0,-0.009207,-0.009978,-0.066158,-0.594206,-0.001322,-0.006135,0.022893,0.581675,0.166322,-0.062863,-0.068855,-0.941313,0.889284,-0.328962,1.032500,-0.256039
690,29.440000,0,-0.013394,-0.018080,-0.066158,0.738287,0.001648,-0.390851,0.126931,0.578434,0.200813,0.381099,-0.069837,-0.941049,1.014961,-0.220513,0.414219,-0.256039
691,29.482700,0,-0.010603,-0.017139,-0.066158,-0.157053,-0.032493,-0.142266,0.023736,0.601397,0.220680,0.091226,-0.070993,-0.946589,0.889284,-0.289314,0.402426,0.186299
692,29.525300,0,-0.009765,-0.009635,-0.066158,-0.677168,-0.014888,-0.601903,0.229163,0.561458,0.154662,0.636032,-0.067815,-0.952404,0.596038,-0.208852,0.700734,0.186299
693,29.568000,0,-0.012836,-0.016104,-0.066158,0.631317,-0.054536,-0.229869,0.124258,0.566128,0.184198,0.192070,-0.069664,-0.949970,0.931176,-0.283483,0.445595,-0.256039
694,29.610700,0,-0.010323,-0.020191,-0.066158,-1.513356,-0.019437,0.720780,-0.188868,0.602716,0.218331,-0.836449,-0.060306,-0.986130,0.470362,-0.169204,1.018430,0.186299
695,29.653300,0,-0.009486,-0.016363,-0.066158,0.108927,0.082579,0.532527,-0.087671,0.528496,0.108396,-0.643549,-0.040549,-0.988863,0.302793,1.083211,1.640893,0.186299
696,29.696000,0,-0.007811,-0.001236,-0.066158,0.830630,0.003413,-0.159054,0.241349,0.386484,-0.101948,0.110475,-0.048406,-0.722027,0.051439,3.776951,-0.453426,-0.256039
697,29.738700,0,0.084028,0.263962,-0.066158,-0.967093,-1.395788,-1.105377,1.292277,1.183399,1.567751,1.281471,-0.050774,-0.504258,-0.995866,4.820630,2.877857,0.186299
698,29.781300,0,0.019824,0.062643,-0.066158,0.482760,0.483011,1.041939,0.141429,0.231892,-0.416663,-1.154566,-0.013746,-0.520752,-1.875603,3.767622,-0.124708,0.186299
699,29.824000,0,0.032386,0.085264,-0.066158,0.284318,-0.418034,0.192601,0.268924,0.171187,-0.551220,-0.282333,-0.032866,-0.204255,-0.995866,3.731472,0.130545,-0.256039
700,29.866700,0,0.026803,0.070496,-0.066158,0.750911,-0.187395,0.250587,0.258424,0.117568,-0.626921,-0.345204,0.007166,-0.356706,-0.618836,2.642315,-0.456501,-0.256039
701,29.909300,0,0.020941,0.060680,-0.066158,-0.572204,-0.055091,0.980801,-0.027874,0.107295,-0.673001,-1.095043,-0.035581,0.083027,-0.535052,3.283682,1.243611,0.186299
702,29.952000,0,0.011450,0.041286,-0.066158,0.277813,0.488463,0.517572,-0.031221,0.100978,-0.699972,-0.628067,-0.005312,-0.100130,-0.870189,2.559520,0.883277,0.186299
703,29.994700,0,-0.018139,0.017030,-0.066158,0.256825,0.859434,-0.343422,0.317547,0.077959,-0.687804,0.324924,-0.042456,0.308563,-0.828297,3.017806,-0.122747,-0.256039
704,30.037300,0,-0.043263,-0.045746,-0.066158,1.315449,1.507943,0.446098,-0.108383,-0.021916,-1.010053,-0.553376,-0.023046,0.122795,-0.660728,2.326296,-0.712422,-0.256039
705,30.080000,0,-0.060849,-0.054982,-0.066158,1.532332,1.610035,0.236219,0.015885,-0.019719,-0.943928,-0.329617,-0.048983,0.397991,-1.079651,2.335625,-1.266108,-0.256039
706,30.122700,0,-0.068944,-0.060659,-0.066158,0.695751,1.889192,0.588680,-0.094077,-0.007193,-0.892477,-0.701608,-0.030845,0.246419,-0.828297,1.937978,-0.792829,0.186299
707,30.165300,0,-0.074527,-0.058855,-0.066158,1.236939,2.427285,0.034038,0.021015,-0.028124,-0.904716,-0.107741,-0.034080,0.429064,-0.953974,1.956636,-1.275153,0.186299
708,30.208000,0,-0.072573,-0.055198,-0.066158,0.417757,3.222577,0.246115,-0.084854,-0.012852,-0.916311,-0.340287,-0.023797,0.410860,-1.079651,1.971795,-0.787669,-0.256039
709,30.250700,0,-0.069502,-0.046480,-0.066158,1.440408,2.870583,0.984173,-0.194937,-0.027355,-0.968665,-1.098391,-0.011955,0.518607,-1.289112,1.814369,-0.988871,-0.256039
710,30.293300,0,-0.067548,-0.044836,-0.066158,1.425273,2.793399,-0.118368,-0.070838,-0.002908,-0.970018,0.064028,-0.028649,0.649104,-1.163435,1.836525,-0.984618,-0.256039
711,30.336000,0,-0.072294,-0.037679,-0.066158,0.845473,3.366591,0.458780,-0.082060,-0.084050,-1.030794,-0.566662,-0.002539,0.631559,-1.540465,1.347920,-1.138995,-0.256039
712,30.378700,0,-0.073410,-0.041883,-0.066158,1.348240,4.388956,0.029419,-0.055208,-0.012028,-0.988002,-0.102615,-0.046095,1.075495,-1.582357,1.358415,-1.045116,0.186299
713,30.421300,0,-0.079551,-0.046401,-0.066158,0.529274,3.487896,0.736174,-0.190794,-0.020653,-0.960987,-0.852036,0.008610,0.599375,-1.498573,0.830162,-0.940699,0.186299
714,30.464000,0,-0.119748,-0.036054,-0.066158,0.861653,2.807464,3.697641,-0.395378,-0.305500,-1.082388,-3.371969,-0.056840,1.175842,-1.708034,0.961934,-1.689851,-0.256039
715,30.506700,0,-0.127285,-0.050688,-0.066158,-0.022183,2.589025,2.118456,-0.210181,-0.329013,-1.017716,-2.132872,0.030215,0.446129,-1.959387,0.373043,-1.318404,-0.256039
716,30.549300,0,-0.123098,-0.076738,-0.066158,0.567272,2.911628,1.466388,-0.364071,-0.011368,-0.724631,-1.555533,-0.096815,1.536751,-1.666142,0.580612,-0.859830,-0.256039
717,30.592000,0,-0.118632,-0.088646,-0.066158,-0.298457,2.031966,-0.256846,0.147353,-0.014994,-0.687224,0.223453,0.004336,0.645561,-1.959387,0.112998,-1.003022,-0.256039
718,30.634700,0,-0.133706,-0.097586,-0.066158,-0.104777,1.781286,0.216206,0.079391,0.126743,-0.505198,-0.307963,-0.102765,1.440285,-1.791818,0.280919,-0.910550,0.186299
719,30.677300,0,-0.147663,-0.101379,-0.066158,-0.376161,1.614180,1.399165,-0.201102,-0.039496,-0.515067,-1.493395,0.031371,0.264405,-1.456681,-0.012943,-1.417585,0.186299
720,30.720000,0,-0.155479,-0.101267,-0.066158,-1.050892,1.135101,-0.380295,0.388712,-0.082567,-0.574503,0.368441,-0.059786,1.170908,-1.666142,0.171304,-1.040542,-0.256039
721,30.762700,0,-0.157991,-0.111381,-0.066158,-0.605606,1.153529,1.118398,-0.091139,-0.056197,-0.461274,-1.228420,0.028309,0.295120,-1.917495,-0.061920,-0.754864,-0.256039
722,30.805300,0,-0.151292,-0.108243,-0.066158,-0.909194,1.123815,-0.506310,0.186054,0.155365,-0.279634,0.519392,-0.091096,1.145889,-1.959387,0.017376,-0.969804,-0.256039
723,30.848000,0,-0.188139,-0.097896,-0.066158,-1.998959,0.742839,0.828762,0.299003,-0.400376,-0.712907,-0.944929,0.052051,-0.147049,-1.582357,-0.148213,-1.119776,-0.256039
724,30.890700,0,-0.188976,-0.071301,-0.066158,-2.337693,0.239226,-0.044988,0.725125,-0.131570,-0.404860,-0.019136,0.042462,-0.212335,-1.582357,-0.089907,-0.763924,-0.256039
725,30.933300,0,-0.216612,-0.112235,-0.066158,-2.341379,0.615018,0.845989,0.164380,-0.588975,-0.805367,-0.962085,0.107739,-0.479405,-2.043172,-0.159875,-0.696897,0.186299
726,30.976000,0,-0.177532,-0.089213,-0.066158,-1.815656,0.469945,0.524243,0.450581,-0.340056,-0.654745,-0.634971,-0.039741,0.765163,-1.917495,-0.092240,-0.484955,0.186299
727,31.018700,0,-0.191489,-0.086011,-0.066158,-2.289219,-0.049075,-0.104440,0.551127,-0.518875,-0.757189,0.048127,-0.010337,0.238481,-1.708034,-0.250832,-0.802900,-0.256039
728,31.061300,0,-0.138172,-0.040789,-0.066158,-1.723807,-0.526172,-0.610407,1.335361,0.051370,-0.175801,0.646493,-0.069375,0.499862,-1.791818,-0.246168,-1.390886,-0.256039
729,31.104000,0,-0.174740,-0.080574,-0.066158,-1.675144,-0.291277,0.398741,0.775097,-0.426252,-0.670086,-0.503477,-0.052392,0.777913,-0.912082,-0.291646,-1.261295,-0.256039
730,31.146700,1,-2.875194,-0.544755,-1.825714,0.867419,-2.884398,-6.763524,-2.387610,-2.580875,-2.699720,-18.114349,-7.519766,-7.800060,-3.090477,-0.498050,-3.309919,-7.337065
731,31.189300,1,-2.875194,-0.544755,-1.825714,0.867419,-2.884398,-6.763524,-2.387610,-2.580875,-2.699720,-18.114349,-7.519766,-7.800060,-3.090477,-0.498050,-3.309919,-7.337065
732,31.232000,1,-2.875194,-0.544755,-1.825714,0.867419,-2.884398,-6.763524,-2.387610,-2.580875,-2.699720,-18.114349,-7.519766,-7.800060,-3.090477,-0.498050,-3.309919,-7.337065
733,31.274700,1,-2.875194,-0.544755,-1.825714,0.867419,-2.884398,-6.763524,-2.387610,-2.580875,-2.699720,-18.114349,-7.519766,-7.800060,-3.090477,-0.498050,-3.309919,-7.337065
734,31.317300,1,-2.875194,-0.544755,-1.825714,0.867419,-2.884398,-6.763524,-2.387610,-2.580875,-2.699720,-18.114349,-7.519766,-7.800060,-3.090477,-0.498050,-3.309919,-7.337065
735,31.360000,1,-2.875194,-0.544755,-1.825714,0.867419,-2.884398,-6.763524,-2.387610,-2.580875,-2.699720,-18.114349,-7.519766,-7.800060,-3.090477,-0.498050,-3.309919,-7.337065
736,31.402700,1,-2.875194,-0.544755,-1.825714,0.867419,-2.884398,-6.763524,-2.387610,-2.580875,-2.699720,-18.114349,-7.519766,-7.800060,-3.090477,-0.498050,-3.309919,-7.337065
737,31.445300,1,-2.875194,-0.544755,-1.825714,0.867419,-2.884398,-6.763524,-2.387610,-2.580875,-2.699720,-18.114349,-7.519766,-7.800060,-3.090477,-0.498050,-3.309919,-7.337065
738,31.488000,1,-2.875194,-0.544755,-1.825714,0.867419,-2.884398,-6.763524,-2.387610,-2.580875,-2.699720,-18.114349,-7.519766,-7.800060,-3.090477,-0.498050,-3.309919,-7.337065
739,31.530700,1,-2.875194,-0.544755,-1.825714,0.867419,-2.884398,-6.763524,-2.387610,-2.580875,-2.699720,-18.114349,-7.519766,-7.800060,-3.090477,-0.498050,-3.309919,-7.337065
740,31.573300,1,-2.875194,-0.544755,-1.825714,0.867419,-2.884398,-6.763524,-2.387610,-2.580875,-2.699720,-18.114349,-7.519766,-7.800060,-3.090477,-0.498050,-3.309919,-7.337065
741,31.616000,1,-2.875194,-0.544755,-1.825714,0.867419,-2.884398,-6.763524,-2.387610,-2.580875,-2.699720,-18.114349,-7.519766,-7.800060,-3.090477,-0.498050,-3.309919,-7.337065
742,31.658700,1,-2.875194,-0.544755,-1.825714,0.867419,-2.884398,-6.763524,-2.387610,-2.580875,-2.699720,-18.114349,-7.519766,-7.800060,-3.090477,-0.498050,-3.309919,-7.337065
743,31.701300,1,-2.875194,-0.544755,-1.825714,0.867419,-2.884398,-6.763524,-2.387610,-2.580875,-2.699720,-18.114349,-7.519766,-7.800060,-3.090477,-0.498050,-3.309919,-7.337065
744,31.744000,1,-2.875194,-0.544755,-1.825714,0.867419,-2.884398,-6.763524,-2.387610,-2.580875,-2.699720,-18.114349,-7.519766,-7.800060,-3.090477,-0.498050,-3.309919,-7.337065
745,31.786700,1,-2.875194,-0.544755,-1.825714,0.867419,-2.884398,-6.763524,-2.387610,-2.580875,-2.699720,-18.114349,-7.519766,-7.800060,-3.090477,-0.498050,-3.309919,-7.337065
746,31.829300,1,-2.875194,-0.544755,-1.825714,0.867419,-2.884398,-6.763524,-2.387610,-2.580875,-2.699720,-18.114349,-7.519766,-7.800060,-3.090477,-0.498050,-3.309919,-7.337065
747,31.872000,1,-2.875194,-0.544755,-1.825714,0.867419,-2.884398,-6.763524,-2.387610,-2.580875,-2.699720,-18.114349,-7.519766,-7.800060,-3.090477,-0.498050,-3.309919,-7.337065
748,31.914700,1,-2.875194,-0.544755,-1.825714,0.867419,-2.884398,-6.763524,-2.387610,-2.580875,-2.699720,-18.114349,-7.519766,-7.800060,-3.090477,-0.498050,-3.309919,-7.337065
749,31.957300,1,-2.875194,-0.544755,-1.825714,0.867419,-2.884398,-6.763524,-2.387610,-2.580875,-2.699720,-18.114349,-7.519766,-7.800060,-3.090477,-0.498050,-3.309919,-7.337065
750,32.000000,1,-2.875194,-0.544755,-1.825714,0.867419,-2.884398,-6.763524,-2.387610,-2.580875,-2.699720,-18.114349,-7.519766,-7.800060,-3.090477,-0.498050,-3.309919,-7.337065
751,32.042700,1,-2.875194,-0.544755,-1.825714,0.867419,-2.884398,-6.763524,-2.387610,-2.580875,-2.699720,-18.114349,-7.519766,-7.800060,-3.090477,-0.498050,-3.309919,-7.337065
752,32.085300,1,-2.875194,-0.544755,-1.825714,0.867419,-2.884398,-6.763524,-2.387610,-2.580875,-2.699720,-18.114349,-7.519766,-7.800060,-3.090477,-0.498050,-3.309919,-7.337065
753,32.128000,1,-2.875194,-0.544755,-1.825714,0.867419,-2.884398,-6.763524,-2.387610,-2.580875,-2.699720,-18.114349,-7.519766,-7.800060,-3.090477,-0.498050,-3.309919,-7.337065
754,32.170700,1,-2.875194,-0.544755,-1.825714,0.867419,-2.884398,-6.763524,-2.387610,-2.580875,-2.699720,-18.114349,-7.519766,-7.800060,-3.090477,-0.498050,-3.309919,-7.337065
755,32.213300,1,-2.875194,-0.544755,-1.825714,0.867419,-2.884398,-6.763524,-2.387610,-2.580875,-2.699720,-18.114349,-7.519766,-7.800060,-3.090477,-0.498050,-3.309919,-7.337065
756,32.256000,1,-2.875194,-0.544755,-1.825714,0.867419,-2.884398,-6.763524,-2.387610,-2.580875,-2.699720,-18.114349,-7.519766,-7.800060,-3.090477,-0.498050,-3.309919,-7.337065
757,32.298700,1,-2.875194,-0.544755,-1.825714,0.867419,-2.884398,-6.763524,-2.387610,-2.580875,-2.699720,-18.114349,-7.519766,-7.800060,-3.090477,-0.498050,-3.309919,-7.337065
758,32.341300,1,-2.875194,-0.544755,-1.825714,0.867419,-2.884398,-6.763524,-2.387610,-2.580875,-2.699720,-18.114349,-7.519766,-7.800060,-3.090477,-0.498050,-3.309919,-7.337065
759,32.384000,1,-2.875194,-0.544755,-1.825714,0.867419,-2.884398,-6.763524,-2.387610,-2.580875,-2.699720,-18.114349,-7.519766,-7.800060,-3.090477,-0.498050,-3.309919,-7.337065
760,32.426700,1,-2.875194,-0.544755,-1.825714,0.867419,-2.884398,-6.763524,-2.387610,-2.580875,-2.699720,-18.114349,-7.519766,-7.800060,-3.090477,-0.498050,-3.309919,-7.337065
761,32.469300,1,-2.875194,-0.544755,-1.825714,0.867419,-2.884398,-6.763524,-2.387610,-2.580875,-2.699720,-18.114349,-7.519766,-7.800060,-3.090477,-0.498050,-3.309919,-7.337065
762,32.512000,1,-2.875194,-0.544755,-1.825714,0.867419,-2.884398,-6.763524,-2.387610,-2.580875,-2.699720,-18.114349,-7.519766,-7.800060,-3.090477,-0.498050,-3.309919,-7.337065
763,32.554700,1,-2.875194,-0.544755,-1.825714,0.867419,-2.884398,-6.763524,-2.387610,-2.580875,-2.699720,-18.114349,-7.519766,-7.800060,-3.090477,-0.498050,-3.309919,-7.337065
764,32.597300,1,-2.875194,-0.544755,-1.825714,0.867419,-2.884398,-6.763524,-2.387610,-2.580875,-2.699720,-18.114349,-7.519766,-7.800060,-3.090477,-0.498050,-3.309919,-7.337065
765,32.640000,1,-2.875194,-0.544755,-1.825714,0.867419,-2.884398,-6.763524,-2.387610,-2.580875,-2.699720,-18.114349,-7.519766,-7.800060,-3.090477,-0.498050,-3.309919,-7.337065
766,32.682700,1,-2.875194,-0.544755,-1.825714,0.867419,-2.884398,-6.763524,-2.387610,-2.580875,-2.699720,-18.114349,-7.519766,-7.800060,-3.090477,-0.498050,-3.309919,-7.337065
767,32.725300,1,-2.875194,-0.544755,-1.825714,0.867419,-2.884398,-6.763524,-2.387610,-2.580875,-2.699720,-18.114349,-7.519766,-7.800060,-3.090477,-0.498050,-3.309919,-7.337065
768,32.768000,1,-2.875194,-0.544755,-1.825714,0.867419,-2.884398,-6.763524,-2.387610,-2.580875,-2.699720,-18.114349,-7.519766,-7.800060,-3.090477,-0.498050,-3.309919,-7.337065
769,32.810700,1,-2.875194,-0.544755,-1.825714,0.867419,-2.884398,-6.763524,-2.387610,-2.580875,-2.699720,-18.114349,-7.519766,-7.800060,-3.090477,-0.498050,-3.309919,-7.337065
770,32.853300,1,-2.875194,-0.544755,-1.825714,0.867419,-2.884398,-6.763524,-2.387610,-2.580875,-2.699720,-18.114349,-7.519766,-7.800060,-3.090477,-0.498050,-3.309919,-7.337065
